case_id,lesion_id,fold,diam_mm,diam_bin,gt_vox,vol_mm3,tiny_flag,largest_in_case,n_lesions_in_case,slice_thickness_mm,tier,excluded,attenuation_v2,lesion_dice,detected_any,missed,in_sr_frac,peak_p_les,peak_logit_les,peak_raw_logit_les,mean_p_les,peak_p_dil2,peak_logit_dil2,peak_raw_logit_dil2,mean_p_dil2,peak_x_les,peak_y_les,peak_z_les,peak_x_dil2,peak_y_dil2,peak_z_dil2,sr_bg_frac_ge_les,sr_bg_frac_ge_dil2,case_sr_nonlesion_peak_p,case_sr_nonlesion_peak_logit,case_sr_nonlesion_p50,case_sr_nonlesion_p50_logit,case_sr_nonlesion_p99,case_sr_nonlesion_p99_logit,case_vol_peak_p,neg_sr_peak_frac_ge_les,neg_sr_peak_frac_ge_dil2,neg_vol_peak_frac_ge_les,neg_vol_peak_frac_ge_dil2,max_t_hit_peak,max_t_hit_touch
PanTS_00000003,1,3,27.0544,20-40,1055,5299.09,False,True,1,7.5,inside,False,hyperattenuating,0.480311,True,False,1,0.997686,6.06642,6.06641,0.92617,0.997686,6.06642,6.06641,0.829281,257,211,16,257,211,16,0,0,0.997518,5.99609,7.48462e-05,-9.5,0.995552,5.41078,0.997686,0.10443,0.10443,0.220183,0.220183,0.9,0.9
PanTS_00000026,1,1,55.0219,>=40,7244,14325.8,False,True,1,5,inside,False,isoattenuating,0,False,True,0.999586,0.141934,-1.79932,-1.79932,0.00799947,0.141934,-1.79932,-1.79932,0.00740072,182,209,58,182,209,58,0.0244083,0.0244083,0.996364,5.61328,1.9911e-05,-10.8242,0.993115,4.97148,0.997166,0.528481,0.528481,0.813456,0.813456,0.1,0.1
PanTS_00000029,1,4,20.9241,20-40,1613,2910.8,False,True,1,2.5,inside,False,hypoattenuating,0.839829,True,False,1,0.997981,6.20314,6.20313,0.958271,0.997981,6.20314,6.20313,0.746471,178,198,61,178,198,61,0,0,0.994584,5.21288,8.0135e-06,-11.7344,0.0158131,-4.13098,0.997981,0.0791139,0.0791139,0.183486,0.183486,0.9,0.9
PanTS_00000031,1,3,19.3172,10-20,337,1139.26,False,True,2,5,embedded,False,hypoattenuating,0,False,True,0.329377,0.0156636,-4.14062,-4.14062,0.0020768,0.0156636,-4.14062,-4.14062,0.00129973,140,180,28,140,180,28,0.0125675,0.0125675,0.997503,5.99025,2.84097e-05,-10.4687,0.0699431,-2.58756,0.997503,0.585443,0.585443,0.862385,0.862385,0.01,0.01
PanTS_00000031,2,3,17.3647,10-20,203,686.263,False,False,2,5,embedded,False,isoattenuating,0,False,True,0.901478,0.00569696,-5.16211,-5.16211,0.000962723,0.0101697,-4.57813,-4.57813,0.0011345,275,228,19,272,227,19,0.0165466,0.0140979,0.997503,5.99025,2.84097e-05,-10.4687,0.0699431,-2.58756,0.997503,0.598101,0.588608,0.88685,0.87156,,0.003
PanTS_00000035,1,1,25.4092,20-40,937,2635.31,False,True,1,5,inside,False,isoattenuating,0,False,True,1,1.48546e-05,-11.1172,-11.1172,4.50796e-06,1.48546e-05,-11.1172,-11.1172,4.40254e-06,153,218,76,153,218,76,0.275437,0.275437,0.00946738,-4.65039,6.26536e-06,-11.9805,0.000139179,-8.87961,0.99477,0.971519,0.971519,1,1,,
PanTS_00000036,1,3,14.151,10-20,82,276.75,False,True,1,1.5,inside,False,hypoattenuating,0,False,True,1,7.28275e-05,-9.52734,-9.52734,3.22424e-05,8.78454e-05,-9.33984,-9.33984,2.64009e-05,91,111,17,91,111,19,0.0383984,0.0229734,0.000184504,-8.59766,2.37807e-06,-12.9492,0.000113297,-9.08539,0.00957791,0.882911,0.863924,0.993884,0.993884,,
PanTS_00000040,1,2,31.8065,20-40,3459,2111.21,False,True,1,1,separated,True,isoattenuating,0,False,True,0,0.000245369,-8.3125,-8.3125,5.84369e-05,0.000245369,-8.3125,-8.3125,4.96712e-05,227,161,31,227,161,31,0,0,9.46126e-05,-9.26563,1.26793e-06,-13.5781,4.03779e-05,-10.1172,0.999946,0.75,0.75,0.984709,0.984709,,
PanTS_00000042,1,3,25.924,20-40,3263,6106.95,False,True,1,2.5,inside,False,isoattenuating,0.89335,True,False,1,0.998118,6.27343,6.27344,0.887538,0.998118,6.27343,6.27344,0.681582,219,152,27,219,152,27,0,0,0.936749,2.69531,9.08048e-06,-11.6094,0.00292651,-5.83101,0.998118,0.0727848,0.0727848,0.174312,0.174312,0.9,0.9
PanTS_00000047,1,1,44.0039,>=40,12539,6122.56,False,True,2,0.8,inside,False,isoattenuating,0.206058,True,False,0.98397,0.962072,3.2334,3.2334,0.129578,0.965544,3.33301,3.33301,0.101361,258,266,136,257,268,136,1.18106e-05,0,0.962778,3.25293,1.61245e-05,-11.0352,0.253881,-1.07802,0.965544,0.373418,0.373418,0.672783,0.669725,0.9,0.9
PanTS_00000047,2,1,15.4233,10-20,369,180.176,False,False,2,0.8,embedded,False,isoattenuating,0,False,True,1,1.47967e-05,-11.1211,-11.1211,5.13866e-06,2.29173e-05,-10.6836,-10.6836,5.56037e-06,308,305,124,311,301,122,0.510929,0.457226,0.962778,3.25293,1.61245e-05,-11.0352,0.253881,-1.07802,0.965544,0.971519,0.96519,1,1,,
PanTS_00000049,1,1,37.8622,20-40,7109,11959.3,False,True,1,2.5,inside,False,hypoattenuating,0,False,True,1,0.00102022,-6.88672,-6.88672,6.80913e-05,0.00102022,-6.88672,-6.88672,5.8401e-05,205,230,68,205,230,68,0.0201348,0.0201348,0.892563,2.11719,6.54044e-06,-11.9375,0.00287891,-5.84746,0.9961,0.655063,0.655063,0.920489,0.920489,0.001,0.001
PanTS_00000050,1,3,37.6316,20-40,3210,3826.61,False,True,2,1.25,abutting,False,hypoattenuating,0,False,True,0.755452,0.121634,-1.97705,-1.97705,0.00658217,0.121634,-1.97705,-1.97705,0.00577546,248,148,2,248,148,2,0.00772958,0.00772958,0.207616,-1.33936,8.09099e-07,-14.0273,0.111616,-2.07434,0.884639,0.531646,0.531646,0.813456,0.813456,0.1,0.1
PanTS_00000050,2,3,27.326,20-40,1768,2107.62,False,False,2,1.25,abutting,False,hyperattenuating,0,False,True,0.529412,0.458697,-0.165588,-0.165588,0.085372,0.458697,-0.165588,-0.165588,0.0681713,257,122,27,257,122,27,0,0,0.207616,-1.33936,8.09099e-07,-14.0273,0.111616,-2.07434,0.884639,0.481013,0.481013,0.782875,0.782875,0.3,0.3
PanTS_00000074,1,4,15.0452,10-20,320,1263.58,False,True,1,5,inside,False,hyperattenuating,0,False,True,1,8.44804e-05,-9.37891,-9.37891,4.18924e-05,8.44804e-05,-9.37891,-9.37891,3.14993e-05,219,124,80,219,124,80,0.00218419,0.00218419,0.0134542,-4.29492,1.08452e-06,-13.7344,2.23865e-05,-10.707,0.518043,0.867089,0.867089,0.993884,0.993884,,
PanTS_00000084,1,2,25.3033,20-40,2686,4098.51,False,True,1,2.5,inside,False,hypoattenuating,0.787524,True,False,1,0.999973,10.5218,10.5234,0.973279,0.999973,10.5218,10.5234,0.829757,246,228,19,246,228,19,0,0,0.999069,6.97849,4.99518e-06,-12.207,0.0286763,-3.52259,0.999973,0,0,0,0,0.9,0.9
PanTS_00000086,1,2,45.1329,>=40,6556,8058.02,False,True,1,2.5,inside,False,isoattenuating,0.415904,True,False,1,0.999972,10.4785,10.4805,0.478849,0.999972,10.4785,10.4805,0.40931,232,217,35,232,217,35,0,0,0.999823,8.64072,1.44539e-05,-11.1445,0.985976,4.25283,0.999972,0,0,0,0,0.9,0.9
PanTS_00000091,1,1,28.467,20-40,3361,1996.03,False,True,2,2,inside,False,isoattenuating,0,False,True,0.990479,0.00564191,-5.17187,-5.17187,0.000703111,0.00564191,-5.17187,-5.17187,0.000525045,256,207,154,254,205,154,0,0,0.00360762,-5.62109,9.74192e-06,-11.5391,0.00107572,-6.83369,0.970183,0.598101,0.598101,0.88685,0.88685,0.003,0.003
PanTS_00000091,2,1,23.305,20-40,1203,714.437,False,False,2,2,embedded,False,isoattenuating,0,False,True,0.507897,0.000267383,-8.22656,-8.22656,8.92611e-05,0.000445956,-7.71484,-7.71484,9.07525e-05,343,146,160,341,150,158,0.0944906,0.0630138,0.00360762,-5.62109,9.74192e-06,-11.5391,0.00107572,-6.83369,0.970183,0.737342,0.699367,0.978593,0.960245,,
PanTS_00000099,1,0,6.17562,5-10,220,67.042,False,False,2,0.8,embedded,False,isoattenuating,0,False,True,1,0.000283513,-8.16797,-8.16797,9.35261e-05,0.000671928,-7.30469,-7.30469,0.000116947,204,257,134,207,258,134,0.163618,0.10113,0.998542,6.52928,1.50885e-05,-11.1016,0.921226,2.45912,0.998542,0.727848,0.667722,0.978593,0.941896,,
PanTS_00000099,2,0,29.4811,20-40,14298,4357.12,False,True,2,0.8,embedded,False,hypoattenuating,0,False,True,0.377675,0.0774479,-2.47754,-2.47754,0.000172018,0.836354,1.63135,1.63135,0.0014413,247,291,138,247,294,138,0.022393,0.0115201,0.998542,6.52928,1.50885e-05,-11.1016,0.921226,2.45912,0.998542,0.544304,0.436709,0.819572,0.746177,,0.03
PanTS_00000100,1,4,18.2949,10-20,635,1862.95,False,True,2,5,inside,False,isoattenuating,0,False,True,1,1.35253e-05,-11.2109,-11.2109,4.8298e-06,1.46815e-05,-11.1289,-11.1289,4.63932e-06,23,119,202,23,121,203,0.016538,0.0109618,2.35526e-05,-10.6563,3.08949e-06,-12.6875,1.47967e-05,-11.1211,0.989632,0.974684,0.971519,1,1,,
PanTS_00000100,2,4,17.272,10-20,239,701.173,False,False,2,5,separated,True,hypoattenuating,0,False,True,0,0.000123395,-9,-9,5.35543e-05,0.000150006,-8.80469,-8.80469,5.72596e-05,35,127,43,35,127,44,0,0,2.35526e-05,-10.6563,3.08949e-06,-12.6875,1.47967e-05,-11.1211,0.989632,0.822785,0.800633,0.990826,0.990826,,
PanTS_00000113,1,2,15.7926,10-20,317,750.882,False,True,1,4,abutting,False,hypoattenuating,0,False,True,0,0.000106375,-9.14844,-9.14844,3.539e-05,0.000125338,-8.98438,-8.98437,3.20233e-05,239,219,91,237,218,91,0.0674907,0.0519118,0.739328,1.04248,2.35526e-05,-10.6563,0.00121367,-6.71289,0.999475,0.838608,0.822785,0.990826,0.990826,,
PanTS_00000117,1,3,32.3809,20-40,4744,7716.94,False,True,1,2.5,inside,False,hypoattenuating,0.810796,True,False,1,0.99777,6.1035,6.10352,0.897427,0.99777,6.1035,6.10352,0.776202,239,221,37,239,221,37,0,0,0.997155,5.85937,2.46829e-05,-10.6094,0.317991,-0.763018,0.99777,0.101266,0.101266,0.211009,0.211009,0.9,0.9
PanTS_00000128,1,0,81.3807,>=40,17232,43276.8,False,True,1,3.75,inside,False,isoattenuating,0.642835,True,False,0.940866,0.999021,6.92769,6.92773,0.712491,0.999021,6.92769,6.92773,0.611736,271,197,77,271,197,77,0,0,0.995189,5.33202,2.09046e-06,-13.0781,0.99084,4.68369,0.999021,0.0537975,0.0537975,0.107034,0.107034,0.9,0.9
PanTS_00000162,1,4,28.6879,20-40,1639,3768.27,False,True,1,2.5,inside,False,hyperattenuating,0.443632,True,False,1,0.997439,5.96485,5.96484,0.993762,0.997439,5.96485,5.96484,0.964883,221,169,38,221,169,38,0,0,0.996669,5.70118,8.69857e-06,-11.6523,0.993136,4.9746,0.997439,0.110759,0.110759,0.238532,0.238532,0.9,0.9
PanTS_00000164,1,4,25.0852,20-40,1772,4502.77,False,True,1,5,inside,False,isoattenuating,0,False,True,1,0.00737437,-4.90234,-4.90234,0.00138716,0.00737437,-4.90234,-4.90234,0.00109055,273,263,25,273,263,25,0,0,0.000998554,-6.9082,1.60616e-05,-11.0391,0.00059071,-7.43359,0.04154,0.594937,0.594937,0.877676,0.877676,0.003,0.003
PanTS_00000167,1,0,20.7565,20-40,1296,2169.87,False,True,1,2.5,inside,False,isoattenuating,0.421901,True,False,1,0.999926,9.50776,9.50781,0.987322,0.999926,9.50776,9.50781,0.929497,245,200,51,245,200,51,0,0,0.998475,6.4844,5.23491e-06,-12.1602,0.991522,4.76172,0.999926,0.00632911,0.00632911,0.00917431,0.00917431,0.9,0.9
PanTS_00000180,1,0,9.06219,5-10,93,305.499,False,True,1,5,inside,False,hypoattenuating,0,False,True,1,0.000230507,-8.375,-8.375,0.000158722,0.000230507,-8.375,-8.375,0.0001209,48,165,188,48,165,188,0.05588,0.05588,0.999589,7.79686,8.07635e-06,-11.7266,0.998063,6.24463,0.999966,0.753165,0.753165,0.984709,0.984709,,
PanTS_00000199,1,4,18.3429,10-20,779,1101.18,False,True,1,2.5,inside,False,isoattenuating,0.124088,True,False,1,0.8415,1.66943,1.66943,0.109931,0.8415,1.66943,1.66943,0.0837928,203,213,31,203,213,31,0.000578769,0.000578769,0.915432,2.38184,8.90484e-06,-11.6289,0.112927,-2.06119,0.915432,0.433544,0.433544,0.746177,0.746177,,0.7
PanTS_00000220,1,1,29.0086,20-40,784,2646,False,True,1,1.5,separated,True,hypoattenuating,0.357634,True,False,0,0.981979,3.99805,3.99805,0.356244,0.981979,3.99805,3.99805,0.288481,132,112,0,132,112,0,0,0,0.00112915,-6.78516,9.78005e-06,-11.5352,0.000164104,-8.71484,0.993487,0.325949,0.325949,0.608563,0.608563,0.9,0.9
PanTS_00000231,1,2,22.3147,20-40,1256,2534.58,False,True,1,2.5,inside,False,isoattenuating,0.0714667,True,False,1,0.984694,4.16406,4.16406,0.0551662,0.984694,4.16406,4.16406,0.0377471,200,166,49,200,166,49,0.00693967,0.00693967,0.999476,7.55284,1.39546e-05,-11.1797,0.930205,2.58984,0.999476,0.310127,0.310127,0.587156,0.587156,,0.9
PanTS_00000246,1,1,101.9,>=40,264178,261937,False,True,1,1.25,abutting,False,hypoattenuating,0,False,True,0.00244911,3.1324e-05,-10.3711,-10.3711,3.77849e-06,3.1324e-05,-10.3711,-10.3711,3.47809e-06,317,157,34,317,157,34,0.315288,0.315288,0.997389,5.94532,5.70468e-06,-12.0742,0.997237,5.88866,0.997389,0.958861,0.958861,1,1,,
PanTS_00000251,1,4,24.51,20-40,555,1577.24,False,True,1,5,inside,False,isoattenuating,0,False,True,1,0.364664,-0.555176,-0.555176,0.0225484,0.468479,-0.126251,-0.126251,0.0298296,190,220,69,191,218,69,0.017578,0.0148864,0.967869,3.40527,1.61245e-05,-11.0352,0.673892,0.72584,0.990821,0.490506,0.481013,0.792049,0.779817,,0.3
PanTS_00000252,1,1,32.6526,20-40,11873,5797.36,False,True,2,0.8,inside,False,isoattenuating,0,False,True,1,0.000166688,-8.69922,-8.69922,5.3841e-05,0.000166688,-8.69922,-8.69922,4.70866e-05,232,175,95,232,175,95,0.0154858,0.0154858,0.994719,5.23828,6.54044e-06,-11.9375,0.00205579,-6.18504,0.994719,0.78481,0.78481,0.990826,0.990826,,
PanTS_00000252,2,1,15.8911,10-20,997,486.816,False,False,2,0.8,inside,False,hypoattenuating,0,False,True,1,4.26475e-05,-10.0625,-10.0625,1.4454e-05,4.31502e-05,-10.0508,-10.0508,1.40037e-05,271,167,53,271,170,56,0.0562654,0.0548794,0.994719,5.23828,6.54044e-06,-11.9375,0.00205579,-6.18504,0.994719,0.927215,0.927215,1,1,,
PanTS_00000259,1,2,14.0223,10-20,474,634.471,False,False,2,3,inside,False,hyperattenuating,0,False,True,1,0.000661517,-7.32031,-7.32031,0.000146527,0.00116723,-6.75195,-6.75195,0.000129566,242,258,103,242,256,103,0.0716273,0.0565237,0.90657,2.27246,9.22347e-06,-11.5937,0.0828983,-2.4036,0.991985,0.670886,0.655063,0.941896,0.920489,,
PanTS_00000259,2,2,33.0809,20-40,5116,6848.01,False,True,2,3,inside,False,isoattenuating,0,False,True,1,0.0196814,-3.9082,-3.9082,0.00219214,0.0196814,-3.9082,-3.9082,0.00160508,325,195,107,325,195,107,0.0208973,0.0208973,0.90657,2.27246,9.22347e-06,-11.5937,0.0828983,-2.4036,0.991985,0.582278,0.582278,0.859327,0.859327,0.01,0.01
PanTS_00000270,1,4,41.2435,>=40,23437,16137.6,False,True,1,1.25,inside,False,unknown,0.233234,True,False,0.873149,0.996434,5.6328,5.63281,0.142877,0.996434,5.6328,5.63281,0.113211,211,155,90,211,155,90,0,0,0.0035936,-5.625,1.77415e-06,-13.2422,0.000522324,-7.5567,0.996434,0.158228,0.158228,0.363914,0.363914,0.9,0.9
PanTS_00000290,1,3,25.6759,20-40,1149,3877.88,False,True,1,1.5,inside,False,isoattenuating,0.689634,True,False,1,0.997766,6.10157,6.10156,0.950476,0.997766,6.10157,6.10156,0.856331,135,117,78,135,117,78,0,0,0.997001,5.80663,4.10137e-05,-10.1016,0.842418,1.67633,0.997766,0.101266,0.101266,0.211009,0.211009,0.9,0.9
PanTS_00000352,1,2,32.6429,20-40,5080,9680.08,False,True,1,2.5,inside,False,isoattenuating,0.563406,True,False,1,0.998556,6.53903,6.53906,0.396745,0.999219,7.15423,7.1543,0.298118,282,199,45,281,197,46,0.000738053,0.000169137,0.999344,7.32804,6.93511e-06,-11.8789,0.0112643,-4.47479,0.999344,0.0601266,0.0537975,0.143731,0.100917,0.9,0.9
PanTS_00000363,1,4,42.8091,>=40,17647,12150.9,False,True,1,1.25,inside,False,hypoattenuating,0.755289,True,False,0.86043,0.998047,6.23631,6.23633,0.613791,0.998047,6.23631,6.23633,0.430454,199,94,39,199,94,39,0,0,0.949576,2.93555,1.06577e-05,-11.4492,0.000628784,-7.37109,0.998047,0.0759494,0.0759494,0.17737,0.17737,0.9,0.9
PanTS_00000368,1,4,33.9059,20-40,5702,2131.64,False,True,1,0.8,abutting,False,hypoattenuating,0.0245594,True,False,0.454577,0.811228,1.45801,1.45801,0.0739495,0.901921,2.21875,2.21875,0.0737182,254,228,81,254,231,81,0.014325,0.0100829,0.980525,3.91894,1.61876e-05,-11.0313,0.902952,2.23047,0.980525,0.446203,0.411392,0.746177,0.712538,0.3,0.7
PanTS_00000371,1,4,15.7745,10-20,944,426.38,False,True,1,0.913607,inside,False,hyperattenuating,0,False,True,1,1.98334e-05,-10.8281,-10.8281,1.18762e-05,2.46829e-05,-10.6094,-10.6094,1.17407e-05,322,184,105,322,183,107,0.220906,0.182493,0.480921,-0.0763549,5.38002e-06,-12.1328,0.00499148,-5.29502,0.480921,0.96519,0.96519,1,1,,
PanTS_00000416,1,2,22.4738,20-40,6458,3153.32,False,True,1,0.8,inside,False,hypoattenuating,0,False,True,1,0.275958,-0.9646,-0.9646,0.0132667,0.275958,-0.9646,-0.9646,0.00738724,199,175,67,199,175,67,0,0,0.000611834,-7.39844,2.80205e-06,-12.7852,5.54052e-05,-9.80078,0.63307,0.503165,0.503165,0.807339,0.807339,0.1,0.1
PanTS_00000423,1,0,24.2943,20-40,1588,3416.94,False,True,1,2.5,inside,False,isoattenuating,0.823496,True,False,1,0.999847,8.78528,8.78516,0.88667,0.999847,8.78528,8.78516,0.706565,182,165,28,182,165,28,0,0,0.987204,4.34571,1.7299e-05,-10.9648,0.187088,-1.46905,0.999847,0.0189873,0.0189873,0.030581,0.030581,0.9,0.9
PanTS_00000449,1,1,64.1252,>=40,22847,69723.5,False,True,1,5,inside,False,hyperattenuating,0.46137,True,False,1,0.997379,5.94142,5.94141,0.300645,0.997379,5.94142,5.94141,0.259618,286,199,20,286,199,20,0,0,0.98394,4.11523,1.20296e-05,-11.3281,0.269706,-0.996116,0.997379,0.113924,0.113924,0.244648,0.244648,0.9,0.9
PanTS_00000451,1,1,15.0748,10-20,132,445.5,False,True,1,1.5,inside,False,hyperattenuating,0,False,True,1,0.172939,-1.56494,-1.56494,0.0383579,0.195902,-1.41211,-1.41211,0.0381327,128,115,85,128,115,86,0.0772869,0.0747529,0.996116,5.54689,1.77786e-05,-10.9375,0.987574,4.37544,0.996116,0.515823,0.509494,0.810398,0.810398,0.1,0.1
PanTS_00000463,1,0,10.7396,10-20,215,592.155,False,True,1,5,inside,False,isoattenuating,0,False,True,1,0.0633084,-2.69434,-2.69434,0.0177343,0.0643001,-2.67773,-2.67773,0.0149074,24,170,166,24,170,163,0.00187529,0.00180317,0.110375,-2.08691,1.98334e-05,-10.8281,0.0158149,-4.13086,0.998107,0.556962,0.556962,0.828746,0.828746,,0.03
PanTS_00000465,1,3,89.0518,>=40,54150,41089.3,False,True,2,1,inside,False,hypoattenuating,0.827225,True,False,0.90109,0.99687,5.76366,5.76367,0.723072,0.99687,5.76366,5.76367,0.536893,320,136,141,320,136,141,0,0,0.991032,4.70508,3.45373e-05,-10.2734,0.100383,-2.19298,0.997264,0.136076,0.136076,0.318043,0.318043,0.9,0.9
PanTS_00000465,2,3,49.6382,>=40,23814,18070.2,False,False,2,1,inside,False,isoattenuating,0,False,True,0.859746,0.0226508,-3.76465,-3.76465,0.00163572,0.0226508,-3.76465,-3.76465,0.00124789,355,121,118,355,121,118,0.0258743,0.0258743,0.991032,4.70508,3.45373e-05,-10.2734,0.100383,-2.19298,0.997264,0.579114,0.579114,0.850153,0.850153,0.01,0.01
PanTS_00000482,1,1,21.4872,20-40,616,404.731,False,True,1,0.8,embedded,False,isoattenuating,0,False,True,1,7.72219e-05,-9.46875,-9.46875,1.66372e-05,7.72219e-05,-9.46875,-9.46875,1.29399e-05,254,244,206,254,244,206,0.0127407,0.0127407,0.000453861,-7.69727,1.51751e-06,-13.3984,8.64836e-05,-9.35547,0.0965353,0.876582,0.876582,0.993884,0.993884,,
PanTS_00000485,1,3,20.6938,20-40,1272,2456.47,False,True,1,2.5,inside,False,hyperattenuating,0,False,True,1,1.88514e-05,-10.8789,-10.8789,2.96452e-06,2.12781e-05,-10.7578,-10.7578,3.46505e-06,248,227,29,253,231,32,0.00364692,0.00128386,3.5913e-05,-10.2344,1.66016e-06,-13.3086,1.59366e-05,-11.0469,0.0359145,0.96519,0.96519,1,1,,
PanTS_00000488,1,3,28.1923,20-40,477,1266.53,False,True,1,5,inside,False,isoattenuating,0,False,True,1,0.00164848,-6.40625,-6.40625,0.000389621,0.00164848,-6.40625,-6.40625,0.000324638,187,209,20,187,209,20,0.012506,0.012506,0.99663,5.68944,1.33677e-05,-11.2227,0.0108248,-4.51503,0.99663,0.64557,0.64557,0.917431,0.917431,0.001,0.001
PanTS_00000554,1,0,55.5241,>=40,23632,17404.3,False,True,1,1.25,embedded,False,hypoattenuating,0,False,True,0.327395,0.0281942,-3.54004,-3.54004,0.00129891,0.0281942,-3.54004,-3.54004,0.000959521,169,84,97,169,84,97,0.0134606,0.0134606,0.857171,1.79199,2.08665e-05,-10.7773,0.0756845,-2.50248,0.99989,0.56962,0.56962,0.847095,0.847095,0.01,0.01
PanTS_00000557,1,0,13.3774,10-20,690,215.625,False,True,2,0.8,embedded,False,hypoattenuating,0,False,True,0.905797,7.57284e-05,-9.48828,-9.48828,2.70147e-05,8.68221e-05,-9.35156,-9.35156,2.78618e-05,297,254,59,301,251,59,0.111186,0.100989,0.67077,0.71167,1.45105e-05,-11.1406,0.0291863,-3.50443,0.980072,0.876582,0.863924,0.993884,0.993884,,
PanTS_00000557,2,0,9.4576,5-10,229,71.5625,False,False,2,0.8,embedded,False,isoattenuating,0,False,True,1,2.21257e-05,-10.7188,-10.7188,1.35474e-05,2.85209e-05,-10.4648,-10.4648,1.39881e-05,300,224,55,302,226,54,0.346216,0.269956,0.67077,0.71167,1.45105e-05,-11.1406,0.0291863,-3.50443,0.980072,0.96519,0.962025,1,1,,
PanTS_00000564,1,0,16.478,10-20,1099,1442.6,False,True,1,2.5,inside,False,hypoattenuating,0.62069,True,False,1,0.999987,11.2884,11.2852,0.996896,0.999987,11.2884,11.2852,0.92986,210,208,52,210,208,52,0,0,0.999091,7.00203,6.33921e-06,-11.9687,0.978988,3.8414,0.999987,0,0,0,0,0.9,0.9
PanTS_00000574,1,3,32.515,20-40,2927,4830.69,False,True,1,2.5,inside,False,isoattenuating,0.0196211,True,False,0.999317,0.605537,0.428589,0.428589,0.116273,0.605537,0.428589,0.428589,0.0823365,225,247,117,225,247,117,0,0,0.0987726,-2.21094,3.90548e-06,-12.4531,0.0113537,-4.4668,0.997204,0.471519,0.471519,0.7737,0.7737,0.5,0.5
PanTS_00000592,1,2,13.2507,10-20,603,460.052,False,True,1,0.8,inside,False,isoattenuating,0,False,True,1,0.0302432,-3.46777,-3.46777,0.000374016,0.480951,-0.076233,-0.0762329,0.00288183,252,245,136,251,246,135,0.00431967,0.00292213,0.991812,4.79688,1.37096e-06,-13.5,0.000223539,-8.4057,0.998873,0.566456,0.477848,0.844037,0.779817,,0.03
PanTS_00000605,1,3,31.8242,20-40,3948,5161.69,False,True,1,3,inside,False,hypoattenuating,0.746939,True,False,1,0.998345,6.40231,6.40234,0.598255,0.998345,6.40231,6.40234,0.397373,267,217,93,267,217,93,0,0,0.537178,0.148987,8.9397e-06,-11.625,0.000237822,-8.34375,0.998345,0.0632911,0.0632911,0.152905,0.152905,0.9,0.9
PanTS_00000623,1,2,23.442,20-40,1937,1197.03,False,True,1,0.8,embedded,False,hypoattenuating,0,False,True,0.769231,0.000923581,-6.98633,-6.98633,0.000156701,0.0019839,-6.2207,-6.2207,0.00016827,195,261,165,192,264,165,0.00675663,0.00452858,0.0134024,-4.29883,4.44281e-06,-12.3242,0.000444114,-7.71898,0.919859,0.658228,0.642405,0.929664,0.908257,,
PanTS_00000626,1,3,30.4366,20-40,6204,4498.88,False,True,1,1,inside,False,isoattenuating,0,False,True,1,0.00128431,-6.65625,-6.65625,9.64331e-05,0.00147794,-6.51563,-6.51563,8.81844e-05,270,238,93,270,238,95,0.000208759,0.000117994,0.00174098,-6.35156,4.87947e-06,-12.2305,0.000196401,-8.53516,0.92756,0.655063,0.651899,0.920489,0.920489,,0.001
PanTS_00000654,1,2,25.9116,20-40,4462,2178.71,False,True,1,0.8,inside,False,hyperattenuating,0,False,True,1,0.00231864,-6.06445,-6.06445,0.000232279,0.00303374,-5.79492,-5.79492,0.000210302,244,155,97,242,155,97,4.05101e-06,0,0.00236887,-6.04297,1.3392e-06,-13.5234,0.00020825,-8.47656,0.0211656,0.642405,0.632911,0.905199,0.905199,0.003,0.001
PanTS_00000656,1,1,35.689,20-40,5075,9584.21,False,True,1,2.5,inside,False,hypoattenuating,0.810329,True,False,1,0.996864,5.76171,5.76172,0.74887,0.996864,5.76171,5.76172,0.595061,291,199,50,291,199,50,0,0,0.995363,5.36914,2.95955e-06,-12.7305,0.000583833,-7.44531,0.996864,0.136076,0.136076,0.321101,0.321101,0.9,0.9
PanTS_00000674,1,0,10.5885,10-20,273,337.418,False,True,1,2.5,inside,False,isoattenuating,0,False,True,1,0.227212,-1.22412,-1.22412,0.0328122,0.370055,-0.531983,-0.531982,0.0359345,205,235,12,206,237,12,0.00568961,0.00502381,0.995236,5.34181,1.44802e-06,-13.4453,0.00615527,-5.08427,0.995236,0.506329,0.484177,0.807339,0.788991,,0.1
PanTS_00000675,1,1,21.5287,20-40,3711,3371.25,False,True,1,1,inside,False,isoattenuating,0,False,True,1,0.00059418,-7.42773,-7.42773,0.000163988,0.00059418,-7.42773,-7.42773,0.000117006,165,152,118,165,152,118,0,0,0.000297115,-8.12109,3.01793e-06,-12.7109,0.000101108,-9.19922,0.991554,0.674051,0.674051,0.944954,0.944954,,
PanTS_00000693,1,3,32.1678,20-40,4912,8621.31,False,True,1,2.5,inside,False,isoattenuating,0.52884,True,False,1,0.998221,6.33005,6.33008,0.400996,0.998221,6.33005,6.33008,0.321233,233,228,52,233,228,52,0,0,0.996176,5.5625,5.23491e-06,-12.1602,0.300218,-0.846259,0.998221,0.0632911,0.0632911,0.159021,0.159021,0.9,0.9
PanTS_00000696,1,3,55.4963,>=40,23666,17164.2,False,True,1,1.25,inside,False,isoattenuating,0.495295,True,False,0.955971,0.993926,5.09766,5.09766,0.448462,0.993926,5.09766,5.09766,0.361179,193,141,43,193,141,43,0.000187901,0.000187901,0.99485,5.26366,3.34747e-05,-10.3047,0.924542,2.50572,0.994979,0.234177,0.234177,0.480122,0.480122,,0.9
PanTS_00000715,1,1,17.3496,10-20,514,1787.51,False,True,1,5,inside,False,isoattenuating,0.351893,True,False,1,0.997285,5.90625,5.90625,0.759927,0.997301,5.9121,5.91211,0.625327,196,209,15,194,208,16,0.000866518,0.00071582,0.997379,5.94142,1.64425e-05,-11.0156,0.996949,5.78908,0.997379,0.120253,0.120253,0.259939,0.256881,,0.9
PanTS_00000723,1,1,21.6633,20-40,1527,2102.84,False,True,1,2.5,inside,False,hypoattenuating,0.222769,True,False,1,0.997409,5.95313,5.95313,0.920693,0.997434,5.96292,5.96289,0.880388,263,222,42,262,225,42,0.00159891,0.000325443,0.997479,5.98049,2.38302e-05,-10.6445,0.997337,5.92579,0.997479,0.110759,0.110759,0.24159,0.238532,,0.9
PanTS_00000727,1,1,52.5596,>=40,7457,25690.5,False,True,1,5,inside,False,hypoattenuating,0.871114,True,False,0.999195,0.997327,5.92187,5.92188,0.936391,0.997327,5.92187,5.92188,0.824548,218,216,64,218,216,64,0,0,0.996966,5.79493,3.03603e-05,-10.4023,0.975153,3.66984,0.997327,0.117089,0.117089,0.247706,0.247706,0.9,0.9
PanTS_00000730,1,0,37.4445,20-40,2592,7214.26,False,True,1,5,inside,False,hypoattenuating,0.694025,True,False,1,0.992539,4.89062,4.89062,0.556717,0.992539,4.89062,4.89062,0.412417,145,198,21,145,198,21,0,0,0.943452,2.81445,8.49707e-06,-11.6758,0.00142435,-6.55262,0.992539,0.256329,0.256329,0.510703,0.510703,0.9,0.9
PanTS_00000750,1,4,20.6193,20-40,1106,1637.37,False,True,1,2.5,inside,False,hyperattenuating,0,False,True,1,3.89831e-05,-10.1523,-10.1523,1.08419e-05,4.72062e-05,-9.96094,-9.96094,8.72148e-06,233,223,56,234,223,55,0.0404633,0.0337985,0.979648,3.87402,1.5354e-06,-13.3867,0.00050865,-7.58324,0.996882,0.939873,0.917722,1,1,,
PanTS_00000761,1,1,19.5613,10-20,2229,1302.02,False,True,1,1.25,abutting,False,hypoattenuating,0.63528,True,False,0.234634,0.997399,5.94924,5.94922,0.968673,0.997399,5.94924,5.94922,0.674019,247,152,4,247,152,4,0,0,0.99715,5.85742,6.96226e-06,-11.875,9.20609e-05,-9.29297,0.997399,0.110759,0.110759,0.244648,0.244648,0.9,0.9
PanTS_00000766,1,2,18.1246,10-20,140,472.5,False,False,2,1.5,inside,False,isoattenuating,0,False,True,1,0.000200274,-8.51562,-8.51563,0.000102283,0.000271592,-8.21094,-8.21094,9.82946e-05,76,91,74,75,89,74,0.206901,0.178838,0.997155,5.85937,2.73214e-05,-10.5078,0.98068,3.92712,0.997155,0.768987,0.734177,0.987768,0.978593,,
PanTS_00000766,2,2,17.3638,10-20,228,769.5,False,True,2,1.5,inside,False,hyperattenuating,0.00663717,True,False,1,0.736211,1.02637,1.02637,0.0877851,0.921711,2.46582,2.46582,0.10557,138,106,70,138,107,70,0.0301216,0.0203764,0.997155,5.85937,2.73214e-05,-10.5078,0.98068,3.92712,0.997155,0.452532,0.405063,0.761468,0.706422,,0.7
PanTS_00000771,1,0,40.6902,>=40,5822,11748.7,False,True,1,2.5,inside,False,hypoattenuating,0.921069,True,False,1,0.999659,7.98452,7.98438,0.876296,0.999659,7.98452,7.98438,0.689528,235,191,26,235,191,26,0,0,0.768473,1.19971,9.25957e-06,-11.5898,0.000399771,-7.82422,0.999659,0.0316456,0.0316456,0.0672783,0.0672783,0.9,0.9
PanTS_00000797,1,0,23.376,20-40,1113,2017.64,False,True,1,3,inside,False,hypoattenuating,0,False,True,1,4.02946e-06,-12.4219,-12.4219,8.0208e-07,4.74786e-06,-12.2578,-12.2578,7.42273e-07,167,185,109,169,185,109,0.739112,0.71554,0.998708,6.65037,1.35253e-05,-11.2109,0.759988,1.15261,0.999549,0.996835,0.993671,1,1,,
PanTS_00000806,1,4,24.4113,20-40,1095,2610.68,False,True,1,2.5,inside,False,isoattenuating,0.504241,True,False,1,0.997985,6.20506,6.20508,0.892252,0.997985,6.20506,6.20508,0.796653,207,201,44,207,201,44,0,0,0.997269,5.90039,7.76695e-06,-11.7656,0.987104,4.33789,0.997985,0.0791139,0.0791139,0.183486,0.183486,0.9,0.9
PanTS_00000811,1,3,32.3597,20-40,11433,6667.67,False,True,1,1,inside,False,isoattenuating,0.459827,True,False,0.999825,0.997921,6.17381,6.17383,0.753798,0.997921,6.17381,6.17383,0.595285,255,150,34,255,150,34,0,0,0.995882,5.4883,8.9397e-06,-11.625,0.993056,4.96289,0.997921,0.0886076,0.0886076,0.192661,0.192661,0.9,0.9
PanTS_00000814,1,0,67.9123,>=40,25095,16154.4,False,True,2,1.2,inside,False,isoattenuating,0,False,True,0.966009,7.22608e-05,-9.53516,-9.53516,2.13281e-05,7.22608e-05,-9.53516,-9.53516,1.76308e-05,292,136,41,292,136,41,0.115763,0.115763,0.0332739,-3.36914,1.30071e-05,-11.25,0.00272558,-5.90234,0.0332739,0.886076,0.886076,0.993884,0.993884,,
PanTS_00000814,2,0,13.0493,10-20,1075,692.01,False,False,2,1.2,inside,False,isoattenuating,0,False,True,1,3.68322e-06,-12.5117,-12.5117,1.23999e-06,4.39105e-06,-12.3359,-12.3359,1.25432e-06,361,189,28,354,188,21,0.838248,0.807743,0.0332739,-3.36914,1.30071e-05,-11.25,0.00272558,-5.90234,0.0332739,0.996835,0.996835,1,1,,
PanTS_00000836,1,0,34.4585,20-40,27034,8554.06,False,True,1,0.8,abutting,False,isoattenuating,0.764596,True,False,0.167308,0.999735,8.23438,8.23438,0.844918,0.999735,8.23438,8.23438,0.682035,283,152,67,283,152,67,0,0,0.6973,0.834472,3.89831e-05,-10.1523,0.116933,-2.0218,0.999735,0.028481,0.028481,0.0550459,0.0550459,0.9,0.9
PanTS_00000839,1,4,18.5763,10-20,382,944.275,False,True,1,5,abutting,False,hypoattenuating,0,False,True,0.706806,0.000167341,-8.69531,-8.69531,7.84365e-05,0.000295957,-8.125,-8.125,7.12022e-05,116,163,74,116,155,73,0.141467,0.099677,0.996517,5.65625,2.33693e-05,-10.6641,0.993759,5.07032,0.998433,0.78481,0.724684,0.990826,0.972477,,
PanTS_00000849,1,2,17.5088,10-20,405,768.29,False,True,1,2.5,inside,False,hyperattenuating,0,False,True,1,0.0492221,-2.96094,-2.96094,0.00579968,0.0492221,-2.96094,-2.96094,0.0036116,233,221,44,233,221,44,0.00137994,0.00137994,0.191781,-1.43848,4.15736e-06,-12.3906,0.00152943,-6.48133,0.99607,0.556962,0.556962,0.831804,0.831804,0.03,0.03
PanTS_00000855,1,1,13.3841,10-20,263,536.391,False,False,2,5,inside,False,isoattenuating,0,False,True,1,0.0268612,-3.58984,-3.58984,0.00433497,0.0268612,-3.58984,-3.58984,0.00353657,177,200,17,177,200,17,0.0471198,0.0471198,0.996047,5.52928,3.69085e-05,-10.207,0.993562,5.03906,0.996482,0.575949,0.575949,0.850153,0.850153,,0.01
PanTS_00000855,2,1,17.3889,10-20,273,556.786,False,True,2,5,embedded,False,isoattenuating,0,False,True,0.421245,0.00357964,-5.62891,-5.62891,0.000477777,0.00357964,-5.62891,-5.62891,0.000280484,252,211,18,252,211,18,0.0687445,0.0687445,0.996047,5.52928,3.69085e-05,-10.207,0.993562,5.03906,0.996482,0.620253,0.620253,0.905199,0.905199,0.003,0.003
PanTS_00000860,1,4,48.02,>=40,11166,19598,False,True,1,2.5,inside,False,isoattenuating,0.810397,True,False,0.986208,0.996882,5.76758,5.76758,0.728515,0.996882,5.76758,5.76758,0.586436,295,187,28,295,187,28,0,0,0.99492,5.27734,0.000137118,-8.89453,0.825499,1.55406,0.996882,0.132911,0.132911,0.318043,0.318043,0.9,0.9
PanTS_00000862,1,3,21.9419,20-40,1580,3471.68,False,True,1,2.5,inside,False,hyperattenuating,0.427776,True,False,1,0.997766,6.10157,6.10156,0.993423,0.997766,6.10157,6.10156,0.974221,254,171,34,254,171,34,0,0,0.997677,6.06253,1.05335e-05,-11.4609,0.995977,5.51172,0.997766,0.101266,0.101266,0.211009,0.211009,0.9,0.9
PanTS_00000871,1,1,39.6429,20-40,15541,8769.33,False,True,4,0.8,inside,False,isoattenuating,0.619385,True,False,0.991957,0.996864,5.76171,5.76172,0.729638,0.99687,5.76366,5.76367,0.560257,207,215,205,205,216,205,0.000307649,0.000298601,0.997036,5.81836,3.10159e-06,-12.6836,0.99178,4.79297,0.997036,0.136076,0.136076,0.321101,0.318043,,0.9
PanTS_00000871,2,1,18.0351,10-20,835,471.166,False,False,4,0.8,embedded,False,isoattenuating,0.000337325,True,False,1,0.787359,1.30908,1.30908,0.0068933,0.908456,2.29492,2.29492,0.027938,211,207,190,211,209,191,0.0257113,0.0207935,0.997036,5.81836,3.10159e-06,-12.6836,0.99178,4.79297,0.997036,0.446203,0.411392,0.752294,0.70948,,0.7
PanTS_00000871,3,1,2.4,<5,4,2.25708,True,False,4,0.8,embedded,False,hyperattenuating,0,False,True,1,0.000382217,-7.86914,-7.86914,0.000270763,0.000498447,-7.60352,-7.60352,0.0002792,204,218,172,204,219,174,0.134515,0.125417,0.997036,5.81836,3.10159e-06,-12.6836,0.99178,4.79297,0.997036,0.708861,0.683544,0.966361,0.948012,,
PanTS_00000871,4,1,12.0787,10-20,264,148.967,False,False,4,0.8,embedded,False,isoattenuating,0,False,True,1,0.00618098,-5.08008,-5.08008,0.000566383,0.0341971,-3.34082,-3.34082,0.00128083,228,212,187,227,213,189,0.0823414,0.0612855,0.997036,5.81836,3.10159e-06,-12.6836,0.99178,4.79297,0.997036,0.598101,0.566456,0.88685,0.83792,,0.003
PanTS_00000878,1,2,35.5226,20-40,3593,6394.77,False,True,1,2.5,inside,False,isoattenuating,0.463248,True,False,1,0.997399,5.94924,5.94922,0.432463,0.997399,5.94924,5.94922,0.359782,219,195,51,219,195,51,9.95025e-05,9.95025e-05,0.997584,6.02341,9.47915e-06,-11.5664,0.97698,3.74809,0.999913,0.110759,0.110759,0.244648,0.244648,,0.9
PanTS_00000881,1,0,27.5136,20-40,4668,4668,False,True,1,1,separated,True,hypoattenuating,0.696569,True,False,0,0.999914,9.36305,9.36328,0.876863,0.999914,9.36305,9.36328,0.704957,258,249,40,258,249,40,0,0,0.988863,4.48633,8.36533e-06,-11.6914,0.00233223,-6.05859,0.999914,0.00632911,0.00632911,0.00917431,0.00917431,0.9,0.9
PanTS_00000911,1,4,36.1761,20-40,2368,2700.04,False,True,1,1.25,inside,False,isoattenuating,0,False,True,0.999578,0.0432848,-3.0957,-3.0957,0.00186447,0.0432848,-3.0957,-3.0957,0.00121586,160,78,2,160,78,2,0,0,0.00110088,-6.81055,5.31734e-06,-12.1445,0.000387476,-7.85547,0.0432848,0.563291,0.563291,0.831804,0.831804,0.03,0.03
PanTS_00000927,1,4,29.7975,20-40,11301,7604.59,False,True,1,1,inside,False,hyperattenuating,0.473919,True,False,0.997168,0.996771,5.7324,5.73242,0.374278,0.996771,5.7324,5.73242,0.28016,289,114,107,289,114,107,0,0,0.996322,5.60158,7.73667e-06,-11.7695,0.547749,0.19158,0.996771,0.139241,0.139241,0.327217,0.327217,0.9,0.9
PanTS_00000930,1,3,41.6031,>=40,1305,7261.21,False,True,2,7.5,abutting,False,hypoattenuating,0,False,True,0.284291,0.0013617,-6.59766,-6.59766,0.000225789,0.0013617,-6.59766,-6.59766,0.000185395,157,148,10,157,148,10,0.059409,0.059409,0.99665,5.69531,1.52068e-05,-11.0938,0.937792,2.71304,0.99665,0.651899,0.651899,0.920489,0.920489,,0.001
PanTS_00000930,2,3,45.8076,>=40,1018,5664.3,False,False,2,7.5,inside,False,isoattenuating,0.260299,True,False,0.904715,0.996293,5.59376,5.59375,0.216471,0.996293,5.59376,5.59375,0.199372,172,200,8,172,200,8,0.000178635,0.000178635,0.99665,5.69531,1.52068e-05,-11.0938,0.937792,2.71304,0.99665,0.167722,0.167722,0.385321,0.385321,0.9,0.9
PanTS_00000932,1,2,13.7353,10-20,172,673.217,False,True,2,5,abutting,False,hypoattenuating,0,False,True,0,0.000138193,-8.88672,-8.88672,7.19391e-05,0.000138193,-8.88672,-8.88672,5.6884e-05,21,164,165,21,164,165,0.0127572,0.0127572,0.00114916,-6.76758,4.89857e-06,-12.2266,0.000262305,-8.24574,0.979453,0.806962,0.806962,0.990826,0.990826,,
PanTS_00000932,2,2,12.0341,10-20,105,410.975,False,False,2,5,embedded,False,hypoattenuating,0,False,True,0,3.67646e-05,-10.2109,-10.2109,2.11938e-05,3.85289e-05,-10.1641,-10.1641,1.63817e-05,24,176,162,24,178,162,0.0373805,0.0355986,0.00114916,-6.76758,4.89857e-06,-12.2266,0.000262305,-8.24574,0.979453,0.946203,0.943038,1,1,,
PanTS_00000945,1,3,27.6907,20-40,3400,5450.63,False,True,1,2.5,inside,False,hyperattenuating,0.37191,True,False,1,0.996827,5.75,5.75,0.814141,0.996827,5.75,5.75,0.780985,251,185,47,251,185,47,0.000705492,0.000705492,0.997099,5.83985,7.9053e-05,-9.44531,0.996039,5.52733,0.997099,0.139241,0.139241,0.324159,0.324159,,0.9
PanTS_00000966,1,0,19.2034,10-20,787,1471.06,False,True,1,4,inside,False,hypoattenuating,0.336201,True,False,1,0.963882,3.28418,3.28418,0.370139,0.970964,3.50977,3.50977,0.28599,272,218,68,274,216,68,0.000185195,5.29129e-05,0.973241,3.59375,1.34725e-05,-11.2148,0.510672,0.0426956,0.973241,0.373418,0.35443,0.672783,0.64526,,0.9
PanTS_00001012,1,0,14.8421,10-20,433,866.201,False,True,1,2.5,inside,False,hypoattenuating,0.0738446,True,False,1,0.998306,6.37892,6.37891,0.970957,0.998531,6.52145,6.52148,0.876416,276,210,50,276,212,50,0.000975419,0.00021676,0.998614,6.58009,0.000123877,-8.99609,0.997296,5.91015,0.998614,0.0632911,0.0601266,0.155963,0.143731,,0.9
PanTS_00001016,1,0,47.3444,>=40,18965,22537.3,False,True,1,2.5,inside,False,hypoattenuating,0.816228,True,False,1,0.999406,7.4278,7.42773,0.966661,0.999406,7.4278,7.42773,0.885572,139,179,58,139,179,58,0,0,0.9978,6.11717,2.02245e-05,-10.8086,0.990788,4.67799,0.999406,0.0411392,0.0411392,0.088685,0.088685,0.9,0.9
PanTS_00001021,1,2,31.0867,20-40,3980,1574.12,False,True,1,0.8,embedded,False,hypoattenuating,0,False,True,0.573367,0.000805657,-7.12305,-7.12305,0.00024882,0.000971646,-6.93555,-6.93555,0.000182187,326,227,109,320,229,112,0.0261913,0.0239817,0.388705,-0.452759,1.58126e-05,-11.0547,0.0210946,-3.83742,0.607139,0.664557,0.655063,0.932722,0.926606,,
PanTS_00001030,1,4,35.0353,20-40,4867,6737.7,False,True,1,2.5,inside,False,isoattenuating,0.678937,True,False,1,0.996577,5.67383,5.67383,0.795156,0.996577,5.67383,5.67383,0.66163,221,138,92,221,138,92,0,0,0.989368,4.5332,1.24115e-05,-11.2969,0.838432,1.64661,0.996577,0.151899,0.151899,0.35474,0.35474,0.9,0.9
PanTS_00001048,1,4,19.083,10-20,735,1969.15,False,True,1,5,abutting,False,hypoattenuating,0,False,True,0.104762,0.000139277,-8.87891,-8.87891,7.40039e-05,0.000139277,-8.87891,-8.87891,6.47108e-05,259,216,50,259,216,50,0.0295389,0.0295389,0.997748,6.09377,6.66943e-06,-11.918,0.954226,3.03719,0.997941,0.806962,0.806962,0.990826,0.990826,,
PanTS_00001053,1,2,18.1669,10-20,914,2259.34,False,True,1,5,inside,False,isoattenuating,0,False,True,1,0.000457419,-7.68945,-7.68945,0.000103869,0.000611834,-7.39844,-7.39844,9.91873e-05,184,188,28,182,186,28,0.0567146,0.0513637,0.995575,5.41601,1.41743e-05,-11.1641,0.53246,0.130023,0.995575,0.693038,0.674051,0.957187,0.941896,,
PanTS_00001055,1,0,35.981,20-40,6734,14796.4,False,True,1,2.5,inside,False,isoattenuating,0.841282,True,False,1,0.99991,9.31956,9.32031,0.74122,0.99991,9.31956,9.32031,0.594829,227,195,27,227,195,27,0,0,0.97678,3.73926,1.19827e-05,-11.332,0.00329865,-5.71094,0.99991,0.00632911,0.00632911,0.00917431,0.00917431,0.9,0.9
PanTS_00001070,1,2,25.8916,20-40,8515,4721.33,False,True,1,1.25,inside,False,hypoattenuating,0.928959,True,False,1,0.999778,8.4141,8.41406,0.880432,0.999778,8.4141,8.41406,0.556187,178,134,34,178,134,34,0,0,0.00161036,-6.42969,1.3846e-05,-11.1875,0.000180936,-8.61719,0.999778,0.0221519,0.0221519,0.0428135,0.0428135,0.9,0.9
PanTS_00001077,1,3,39.0911,20-40,3609,7602.96,False,True,1,2.5,inside,False,hyperattenuating,0,False,True,1,3.54946e-05,-10.2461,-10.2461,7.78927e-06,4.94716e-05,-9.91406,-9.91406,7.15719e-06,229,218,50,233,209,52,0.124623,0.0995883,0.992739,4.91797,2.35037e-06,-12.9609,0.000336662,-7.99609,0.996727,0.946203,0.914557,1,0.996942,,
PanTS_00001079,1,3,13.4946,10-20,434,941.73,False,True,1,2.5,inside,False,hyperattenuating,0,False,True,1,6.25371e-05,-9.67969,-9.67969,3.53171e-05,6.25371e-05,-9.67969,-9.67969,3.11889e-05,204,170,69,204,170,69,0.0170927,0.0170927,0.996249,5.58204,2.8685e-06,-12.7617,0.000445713,-7.71539,0.996919,0.905063,0.905063,0.993884,0.993884,,
PanTS_00001081,1,2,34.9027,20-40,15437,8359.74,False,True,1,1.25,abutting,False,hypoattenuating,0.730548,True,False,0.651033,0.999141,7.05858,7.05859,0.642234,0.999141,7.05858,7.05859,0.463768,258,159,25,258,159,25,0,0,0.995123,5.31835,1.3212e-05,-11.2344,0.0224711,-3.7728,0.999141,0.0537975,0.0537975,0.103976,0.103976,0.9,0.9
PanTS_00001082,1,2,43.1384,>=40,15801,7224.67,False,True,1,0.8,embedded,False,isoattenuating,0.40217,True,False,0.495855,0.9988,6.72456,6.72461,0.323214,0.998862,6.77737,6.77734,0.227194,300,234,34,302,233,34,0,0,0.00117867,-6.74219,8.74845e-07,-13.9492,0.000271592,-8.21094,0.998862,0.056962,0.0537975,0.122324,0.116208,0.9,0.9
PanTS_00001085,1,1,25.0282,20-40,1920,4577.63,False,True,1,2.5,inside,False,hypoattenuating,0.452723,True,False,1,0.997498,5.98829,5.98828,0.99632,0.997498,5.98829,5.98828,0.975598,209,187,48,209,187,48,0,0,0.997394,5.94727,0.000201057,-8.51172,0.996482,5.64648,0.997498,0.10443,0.10443,0.2263,0.2263,0.9,0.9
PanTS_00001086,1,2,21.3821,20-40,1813,3286.78,False,True,1,2.5,inside,False,hyperattenuating,0,False,True,1,0.460668,-0.157654,-0.157654,0.0268514,0.460668,-0.157654,-0.157654,0.0181662,217,196,32,217,196,32,0,0,0.00156699,-6.45703,6.33921e-06,-11.9687,0.000280211,-8.17969,0.986442,0.481013,0.481013,0.782875,0.782875,0.3,0.3
PanTS_00001091,1,4,28.6689,20-40,3348,3204.67,False,True,1,1.5,inside,False,hyperattenuating,0.00512237,True,False,0.997909,0.553309,0.21405,0.21405,0.0277829,0.664812,0.684814,0.684814,0.0319829,271,202,54,273,203,55,0.00991283,0.00932,0.996701,5.71092,3.06545e-06,-12.6953,0.540093,0.160718,0.996701,0.471519,0.46519,0.7737,0.7737,,0.5
PanTS_00001111,1,1,13.1394,10-20,1367,667.48,False,True,1,0.8,inside,False,hypoattenuating,0,False,True,1,0.00262144,-5.94141,-5.94141,0.000587829,0.00262144,-5.94141,-5.94141,0.000368998,230,207,112,230,207,112,0.0324865,0.0324865,0.934694,2.66113,7.64654e-06,-11.7812,0.078369,-2.46472,0.934694,0.636076,0.636076,0.905199,0.905199,0.001,0.001
PanTS_00001121,1,0,23.2773,20-40,5404,2638.67,False,True,1,0.8,inside,False,isoattenuating,0,False,True,1,0.0037435,-5.58398,-5.58398,0.000117274,0.0106114,-4.53516,-4.53516,0.000149828,217,245,182,216,244,184,0.000664574,9.1792e-05,0.0159064,-4.125,1.47082e-06,-13.4297,0.000249233,-8.29688,0.0159064,0.620253,0.588608,0.899083,0.87156,,0.003
PanTS_00001145,1,2,21.4786,20-40,1192,2328.12,False,True,1,5,inside,False,hypoattenuating,0.584189,True,False,1,0.999912,9.33971,9.33984,0.487174,0.999912,9.33971,9.33984,0.372656,267,300,44,267,300,44,0,0,0.997353,5.93166,1.29059e-05,-11.2578,0.000165391,-8.70703,0.999912,0.00632911,0.00632911,0.00917431,0.00917431,0.9,0.9
PanTS_00001154,1,4,29.4409,20-40,3318,4962.12,False,True,1,2.5,inside,False,hyperattenuating,0.27684,True,False,0.896323,0.996213,5.57228,5.57227,0.367162,0.996213,5.57228,5.57227,0.309256,241,201,34,241,201,34,0.00258766,0.00258766,0.997127,5.8496,2.16977e-05,-10.7383,0.993242,4.99022,0.997127,0.170886,0.170886,0.394495,0.394495,0.9,0.9
PanTS_00001168,1,4,17.8264,10-20,808,1320.72,False,True,1,2.5,inside,False,isoattenuating,0,False,True,1,0.0019839,-6.2207,-6.2207,0.000149326,0.0181247,-3.99219,-3.99219,0.000190169,311,216,42,309,215,42,0.0276483,0.0171715,0.997459,5.97265,1.08679e-05,-11.4297,0.959535,3.16602,0.997459,0.642405,0.582278,0.908257,0.862385,,0.001
PanTS_00001182,1,0,72.6042,>=40,76733,91472.8,False,True,1,1.25,abutting,False,hypoattenuating,0.823831,True,False,0.0084579,0.99593,5.50001,5.5,0.673536,0.99593,5.50001,5.5,0.558707,90,129,112,90,129,112,0,0,0.927888,2.55469,4.51277e-06,-12.3086,0.000146143,-8.83078,0.99593,0.18038,0.18038,0.41896,0.41896,0.9,0.9
PanTS_00001183,1,4,83.151,>=40,64032,146211,False,True,1,5,abutting,False,hyperattenuating,0.132744,True,False,0.348841,0.994445,5.18751,5.1875,0.0732021,0.994445,5.18751,5.1875,0.0657327,134,225,67,134,225,67,0,0,0.988734,4.47462,7.9053e-05,-9.44531,0.273599,-0.97644,0.997296,0.221519,0.221519,0.461774,0.461774,0.9,0.9
PanTS_00001186,1,2,41.7541,>=40,7367,26102.1,False,True,1,5,inside,False,hypoattenuating,0.925488,True,False,1,0.999051,6.95894,6.95898,0.90447,0.999051,6.95894,6.95898,0.755296,305,186,21,305,186,21,0,0,0.987782,4.39258,1.63784e-05,-11.0195,0.00818902,-4.79674,0.999051,0.0537975,0.0537975,0.103976,0.103976,0.9,0.9
PanTS_00001193,1,2,31.2812,20-40,3637,7103.52,False,True,2,5,abutting,False,isoattenuating,0.279158,True,False,0.180368,0.904482,2.24805,2.24805,0.201593,0.904482,2.24805,2.24805,0.145315,181,253,56,181,253,56,0,0,0.502195,0.00877958,6.3145e-06,-11.9727,0.0866138,-2.3557,0.999784,0.411392,0.411392,0.70948,0.70948,0.9,0.9
PanTS_00001193,2,2,39.8875,20-40,3044,5945.31,False,False,2,5,inside,False,isoattenuating,0.420571,True,False,0.940867,0.999784,8.44136,8.44141,0.296437,0.999784,8.44136,8.44141,0.196306,248,257,56,248,257,56,0,0,0.502195,0.00877958,6.3145e-06,-11.9727,0.0866138,-2.3557,0.999784,0.0221519,0.0221519,0.0397554,0.0397554,0.9,0.9
PanTS_00001197,1,2,24.9379,20-40,1339,1021.58,False,True,1,0.8,embedded,False,isoattenuating,0.484224,True,False,0.787901,0.97857,3.82129,3.82129,0.740532,0.97857,3.82129,3.82129,0.585055,232,162,170,232,162,170,0,0,0.953188,3.01367,6.04892e-06,-12.0156,0.145084,-1.77369,0.97857,0.335443,0.335443,0.620795,0.620795,0.9,0.9
PanTS_00001215,1,4,13.1214,10-20,464,507.029,False,True,1,1.5,inside,False,isoattenuating,0,False,True,1,1.9756e-05,-10.832,-10.832,1.41085e-05,2.14449e-05,-10.75,-10.75,1.14967e-05,227,277,74,226,266,73,0.122375,0.103538,0.000165391,-8.70703,3.5979e-06,-12.5352,5.68345e-05,-9.77531,0.848596,0.96519,0.96519,1,1,,
PanTS_00001254,1,4,27.0465,20-40,1672,2344.22,False,True,1,1.5,inside,False,isoattenuating,0.413478,True,False,1,0.997527,6.00002,6,0.729936,0.997668,6.05858,6.05859,0.591938,252,227,79,252,225,78,0.000324905,5.68583e-05,0.997686,6.06642,2.54664e-05,-10.5781,0.996537,5.66211,0.997686,0.10443,0.10443,0.2263,0.223242,,0.9
PanTS_00001258,1,2,22.2372,20-40,1259,1802.84,False,True,1,5,embedded,False,isoattenuating,0,False,True,0.456712,0.00114692,-6.76953,-6.76953,9.10528e-05,0.0126249,-4.35938,-4.35937,0.000150202,312,283,70,315,285,70,0.0179819,0.0107761,0.993783,5.07422,5.86281e-06,-12.0469,0.0227112,-3.76192,0.99875,0.655063,0.585443,0.920489,0.865443,,0.001
PanTS_00001261,1,0,9.17246,5-10,115,272.402,False,True,1,4,inside,False,isoattenuating,0,False,True,1,8.41511e-05,-9.38281,-9.38281,5.03679e-05,8.41511e-05,-9.38281,-9.38281,4.55601e-05,270,150,84,270,150,84,0.0025965,0.0025965,0.899475,2.19141,5.42222e-06,-12.125,5.85194e-05,-9.74609,0.985328,0.867089,0.867089,0.993884,0.993884,,
PanTS_00001268,1,1,29.2424,20-40,10094,6425.15,False,True,1,0.8,inside,False,isoattenuating,0.800341,True,False,0.966317,0.993385,5.01173,5.01172,0.673187,0.993385,5.01173,5.01172,0.475578,228,168,6,228,168,6,0,0,0.970437,3.49121,2.14449e-05,-10.75,0.89534,2.14648,0.993385,0.237342,0.237342,0.486239,0.486239,0.9,0.9
PanTS_00001275,1,0,22.6601,20-40,4689,2876.27,False,True,2,1,inside,False,isoattenuating,0,False,True,1,0.456879,-0.172913,-0.172913,0.0718113,0.624437,0.508423,0.508423,0.0508195,251,276,56,249,275,58,0.0223258,0.0200614,0.999935,9.6397,8.10796e-06,-11.7227,0.992349,4.86524,0.999935,0.481013,0.471519,0.782875,0.7737,,0.3
PanTS_00001275,2,0,12.167,10-20,471,288.915,False,False,2,1,inside,False,hypoattenuating,0,False,True,1,0.000123395,-9,-9,5.33837e-05,0.000123395,-9,-9,3.96176e-05,366,225,118,366,225,118,0.0992557,0.0992557,0.999935,9.6397,8.10796e-06,-11.7227,0.992349,4.86524,0.999935,0.822785,0.822785,0.990826,0.990826,,
PanTS_00001277,1,1,20.4547,20-40,3366,2054.44,False,True,1,1,inside,False,isoattenuating,0,False,True,1,0.0116422,-4.44141,-4.44141,0.00117573,0.0116422,-4.44141,-4.44141,0.00063622,279,216,95,279,216,95,0.000899988,0.000899988,0.0211454,-3.83496,1.87779e-05,-10.8828,0.00271261,-5.90713,0.108756,0.585443,0.585443,0.87156,0.87156,0.01,0.01
PanTS_00001297,1,1,29.9895,20-40,3287,6347.82,False,True,1,2.5,inside,False,isoattenuating,0.397227,True,False,1,0.997561,6.01367,6.01367,0.990427,0.997561,6.01367,6.01367,0.920123,210,205,34,210,205,34,0,0,0.997379,5.94142,5.45463e-05,-9.81641,0.994748,5.24389,0.997561,0.10443,0.10443,0.223242,0.223242,0.9,0.9
PanTS_00001321,1,4,35.05,20-40,1974,6662.25,False,True,1,1.5,inside,False,isoattenuating,0,False,True,0.906788,0.000677194,-7.29688,-7.29687,0.00015469,0.000821534,-7.10352,-7.10352,0.000145611,111,107,117,111,106,117,0,0,0.000527478,-7.54687,1.15237e-05,-11.3711,0.000125823,-8.98051,0.996888,0.667722,0.664557,0.941896,0.932722,,
PanTS_00001326,1,0,28.9659,20-40,17685,6088.54,False,True,1,0.625,inside,False,hypoattenuating,0,False,True,0.995985,0.020469,-3.86816,-3.86816,0.00171235,0.020469,-3.86816,-3.86816,0.00112435,237,131,22,237,131,22,0,0,6.78831e-05,-9.59766,6.50129e-07,-14.2461,1.70975e-05,-10.9766,0.311479,0.582278,0.582278,0.856269,0.856269,0.01,0.01
PanTS_00001327,1,4,27.4401,20-40,5614,1583.32,False,True,2,0.8,embedded,False,isoattenuating,0,False,True,0.50285,0.107625,-2.11523,-2.11523,0.0278383,0.123207,-1.9624,-1.9624,0.0263578,214,286,142,211,285,144,0,0,0.0584532,-2.7793,9.97294e-06,-11.5156,0.0021998,-6.11719,0.947186,0.531646,0.531646,0.813456,0.813456,0.01,0.1
PanTS_00001327,2,4,13.2875,10-20,342,96.4547,False,False,2,0.8,abutting,False,hypoattenuating,0,False,True,0.763158,0.000188142,-8.57813,-8.57813,7.98536e-05,0.000235972,-8.35156,-8.35156,7.7953e-05,233,285,79,232,285,78,0.152357,0.121632,0.0584532,-2.7793,9.97294e-06,-11.5156,0.0021998,-6.11719,0.947186,0.772152,0.753165,0.987768,0.984709,,
PanTS_00001331,1,4,26.5552,20-40,3344,5733.21,False,True,1,2.5,inside,False,hypoattenuating,0.652023,True,False,1,0.997384,5.94336,5.94336,0.981119,0.997384,5.94336,5.94336,0.931827,257,219,44,257,219,44,0,0,0.99711,5.84373,0.000112793,-9.08984,0.995372,5.37109,0.997384,0.110759,0.110759,0.244648,0.244648,0.9,0.9
PanTS_00001347,1,4,38.6257,20-40,2733,4597.67,False,True,1,2.5,inside,False,isoattenuating,0.51574,True,False,1,0.998595,6.56644,6.56641,0.561033,0.998595,6.56644,6.56641,0.473539,251,222,41,251,222,41,0,0,0.998118,6.27343,1.54463e-05,-11.0781,0.0358319,-3.29243,0.998595,0.056962,0.056962,0.137615,0.137615,0.9,0.9
PanTS_00001351,1,2,28.7827,20-40,10725,2972.59,False,True,1,0.807299,abutting,False,hypoattenuating,0,False,True,0.670023,0.000254147,-8.27734,-8.27734,9.21558e-05,0.00025614,-8.26953,-8.26953,7.66985e-05,308,255,66,308,254,66,0.00666038,0.00649429,0.000845938,-7.07422,1.07833e-05,-11.4375,0.00020967,-8.46976,0.000862608,0.743671,0.743671,0.984709,0.981651,,
PanTS_00001352,1,1,53.7395,>=40,23658,11551.8,False,True,2,0.8,inside,False,isoattenuating,0,False,True,0.973751,0.000503336,-7.59375,-7.59375,6.78812e-05,0.00053998,-7.52344,-7.52344,5.73529e-05,246,219,141,244,216,145,0.00197338,0.00191149,0.0823277,-2.41113,1.94852e-06,-13.1484,0.00014768,-8.82031,0.0823277,0.683544,0.683544,0.944954,0.944954,,
PanTS_00001352,2,1,8.71296,5-10,140,68.3594,False,False,2,0.8,embedded,False,hypoattenuating,0,False,True,1,0.000148258,-8.81641,-8.81641,8.343e-05,0.000162193,-8.72656,-8.72656,6.61643e-05,231,215,130,233,216,129,0.00993908,0.00821323,0.0823277,-2.41113,1.94852e-06,-13.1484,0.00014768,-8.82031,0.0823277,0.800633,0.787975,0.990826,0.990826,,
PanTS_00001359,1,2,24.4921,20-40,535,2551.08,False,True,1,5,inside,False,isoattenuating,0.371728,True,False,1,0.98838,4.44336,4.44336,0.279773,0.98838,4.44336,4.44336,0.230964,217,221,21,217,221,21,0,0,0.946843,2.87988,4.89857e-06,-12.2266,0.0189491,-3.94687,0.998726,0.303797,0.303797,0.565749,0.565749,0.9,0.9
PanTS_00001361,1,2,24.9969,20-40,6749,3295.41,False,True,1,0.8,inside,False,isoattenuating,0,False,True,1,0.00171404,-6.36719,-6.36719,0.000177811,0.00171404,-6.36719,-6.36719,0.000153932,240,141,29,240,141,29,0,0,0.00079163,-7.14063,6.72174e-06,-11.9102,0.000211529,-8.46094,0.00259098,0.64557,0.64557,0.917431,0.917431,0.001,0.001
PanTS_00001387,1,2,26.1552,20-40,1507,4879.08,False,True,1,5,inside,False,hypoattenuating,0.0415854,True,False,1,0.627267,0.520508,0.520508,0.0329597,0.627267,0.520508,0.520508,0.0228753,263,205,61,263,205,61,0.00633163,0.00633163,0.974941,3.66113,2.41552e-06,-12.9336,0.289874,-0.895996,0.974941,0.471519,0.471519,0.7737,0.7737,0.5,0.5
PanTS_00001423,1,2,25.02,20-40,1251,1251,False,True,1,1,embedded,False,hypoattenuating,0.465066,True,False,0.649081,0.995842,5.47851,5.47852,0.661202,0.995842,5.47851,5.47852,0.475901,268,204,22,268,204,22,0.000780481,0.000780481,0.999738,8.24614,7.61673e-06,-11.7852,0.0383126,-3.22291,0.999939,0.189873,0.189873,0.428135,0.428135,0.9,0.9
PanTS_00001436,1,1,44.6418,>=40,18804,12947.6,False,True,2,1.25,abutting,False,hypoattenuating,0.620371,True,False,0.583706,0.99661,5.6836,5.68359,0.912204,0.99661,5.6836,5.68359,0.83324,201,130,111,201,130,111,0,0,0.993902,5.09375,8.5143e-05,-9.37109,0.975036,3.66504,0.99661,0.151899,0.151899,0.35474,0.35474,0.9,0.9
PanTS_00001436,2,1,27.4107,20-40,4554,3135.67,False,False,2,1.25,abutting,False,hypoattenuating,0,False,True,0.0285463,6.35219e-05,-9.66406,-9.66406,1.77751e-05,6.35219e-05,-9.66406,-9.66406,1.40737e-05,192,139,63,192,139,63,0.528539,0.528539,0.993902,5.09375,8.5143e-05,-9.37109,0.975036,3.66504,0.99661,0.901899,0.901899,0.993884,0.993884,,
PanTS_00001438,1,1,16.1903,10-20,413,984.668,False,False,4,2.5,inside,False,hypoattenuating,0,False,True,0.961259,0.015937,-4.12305,-4.12305,0.0054461,0.015937,-4.12305,-4.12305,0.00359247,104,172,29,104,172,29,0.194621,0.194621,0.996146,5.55468,0.000100321,-9.20703,0.993136,4.9746,0.996146,0.585443,0.585443,0.862385,0.862385,0.01,0.01
PanTS_00001438,2,1,45.129,>=40,2772,6608.96,False,False,4,2.5,abutting,False,hypoattenuating,0.0513687,True,False,0.0440115,0.658143,0.655029,0.655029,0.062236,0.658143,0.655029,0.655029,0.0665456,166,231,36,166,231,36,0.0968266,0.0968266,0.996146,5.55468,0.000100321,-9.20703,0.993136,4.9746,0.996146,0.471519,0.471519,0.7737,0.7737,0.5,0.5
PanTS_00001438,3,1,66.3801,>=40,10893,25970.9,False,True,4,2.5,abutting,False,hypoattenuating,0.393879,True,False,0.0257964,0.991472,4.75586,4.75586,0.318721,0.991472,4.75586,4.75586,0.277088,163,181,40,163,181,40,0.0159327,0.0159327,0.996146,5.55468,0.000100321,-9.20703,0.993136,4.9746,0.996146,0.281646,0.281646,0.535168,0.535168,0.9,0.9
PanTS_00001438,4,1,36.4594,20-40,1519,3621.57,False,False,4,2.5,embedded,False,isoattenuating,0.199933,True,False,0.614878,0.991422,4.75,4.75,0.735217,0.992123,4.83594,4.83594,0.661091,232,192,20,222,193,20,0.0161358,0.0137829,0.996146,5.55468,0.000100321,-9.20703,0.993136,4.9746,0.996146,0.281646,0.265823,0.535168,0.522936,,0.9
PanTS_00001450,1,4,22.4943,20-40,588,1022.43,False,True,1,2.5,inside,False,hypoattenuating,0.562696,True,False,1,0.983971,4.11719,4.11719,0.584253,0.983971,4.11719,4.11719,0.389187,185,176,29,185,176,29,0,0,0.947866,2.90039,8.73261e-06,-11.6484,0.165386,-1.61869,0.983971,0.310127,0.310127,0.587156,0.587156,0.9,0.9
PanTS_00001471,1,2,29.4953,20-40,2018,5269.32,False,True,2,5,embedded,False,hypoattenuating,0,False,True,0.634291,0.00427294,-5.45117,-5.45117,0.000409724,0.00427294,-5.45117,-5.45117,0.000305451,269,268,15,269,268,15,0.0118594,0.0118594,0.987993,4.41016,4.09291e-06,-12.4062,0.00817906,-4.79797,0.9982,0.610759,0.610759,0.892966,0.892966,0.003,0.003
PanTS_00001471,2,2,18.0664,10-20,153,399.507,False,False,2,5,separated,True,hypoattenuating,0,False,True,0,0.000537876,-7.52734,-7.52734,0.00011624,0.000900447,-7.01172,-7.01172,0.000136108,258,281,18,260,281,18,0.0165898,0.0153485,0.987993,4.41016,4.09291e-06,-12.4062,0.00817906,-4.79797,0.9982,0.683544,0.658228,0.944954,0.929664,,
PanTS_00001472,1,3,27.2711,20-40,6553,3960.14,False,True,1,0.8,embedded,False,isoattenuating,0,False,True,0.983366,0.000265302,-8.23438,-8.23438,7.08229e-05,0.000265302,-8.23438,-8.23438,6.26036e-05,271,269,111,271,269,111,0.0905577,0.0905577,0.940517,2.76074,1.02494e-05,-11.4883,0.0139826,-4.25586,0.971859,0.740506,0.740506,0.978593,0.978593,,
PanTS_00001477,1,0,49.1396,>=40,28334,11206.3,False,True,2,0.8,inside,False,isoattenuating,0.0234558,True,False,0.968765,0.986803,4.31445,4.31445,0.0246181,0.995977,5.51172,5.51172,0.0334297,208,225,111,209,224,113,0.00224511,0.000569248,0.998204,6.32033,6.93511e-06,-11.8789,0.749099,1.09381,0.999127,0.310127,0.18038,0.574924,0.415902,,0.9
PanTS_00001477,2,0,6.9404,5-10,88,34.8047,False,False,2,0.8,separated,True,isoattenuating,0,False,True,0,6.59173e-06,-11.9297,-11.9297,3.83592e-06,8.20353e-06,-11.7109,-11.7109,4.24543e-06,306,243,93,308,249,96,0.514391,0.445758,0.998204,6.32033,6.93511e-06,-11.8789,0.749099,1.09381,0.999127,0.993671,0.987342,1,1,,
PanTS_00001488,1,0,34.6306,20-40,2411,5408.55,False,True,1,2.5,inside,False,hypoattenuating,0.81329,True,False,0.85815,0.999943,9.77691,9.77734,0.826053,0.999943,9.77691,9.77734,0.649041,190,211,33,190,211,33,0,0,0.998937,6.84566,2.50716e-05,-10.5937,0.991992,4.81925,0.999943,0,0,0,0,0.9,0.9
PanTS_00001500,1,0,21.1807,20-40,1248,1981.23,False,True,1,2.5,inside,False,hypoattenuating,0.21727,True,False,1,0.753013,1.11475,1.11475,0.172528,0.753013,1.11475,1.11475,0.131356,262,186,21,262,186,21,0.00127195,0.00127195,0.995882,5.4883,5.70468e-06,-12.0742,0.000505571,-7.58932,0.995882,0.449367,0.449367,0.761468,0.761468,0.7,0.7
PanTS_00001502,1,2,24.5753,20-40,1497,605.306,False,True,1,0.8,embedded,False,isoattenuating,0,False,True,0.991984,0.000687851,-7.28125,-7.28125,0.000145333,0.000840999,-7.08008,-7.08008,0.000144464,200,195,177,203,187,172,0.0105201,0.00880085,0.911022,2.32617,4.74786e-06,-12.2578,0.000725071,-7.22852,0.996503,0.667722,0.661392,0.941896,0.932722,,
PanTS_00001515,1,2,24.7998,20-40,1601,3415.97,False,True,1,2.5,inside,False,hypoattenuating,0,False,True,1,0.0137159,-4.27539,-4.27539,0.00217736,0.0177804,-4.01172,-4.01172,0.00186282,214,169,172,212,167,172,0.0026659,0.00106299,0.024751,-3.67383,1.25088e-05,-11.2891,0.0055263,-5.19269,0.999783,0.585443,0.582278,0.865443,0.862385,,0.01
PanTS_00001517,1,3,12.0618,10-20,162,386.238,False,True,1,2.5,inside,False,isoattenuating,0,False,True,1,1.23631e-05,-11.3008,-11.3008,7.78986e-06,1.4064e-05,-11.1719,-11.1719,6.49954e-06,200,217,50,199,217,50,0.0420984,0.0343497,0.000293655,-8.13281,1.5535e-06,-13.375,2.34608e-05,-10.6602,0.996264,0.974684,0.974684,1,1,,
PanTS_00001519,1,1,15.3098,10-20,1130,660.062,False,True,1,1.25,abutting,False,hypoattenuating,0.477641,True,False,0.2,0.888372,2.07422,2.07422,0.412268,0.888372,2.07422,2.07422,0.267891,249,160,18,249,160,18,0,0,0.320343,-0.752197,1.66016e-06,-13.3086,7.45545e-05,-9.50391,0.888372,0.417722,0.417722,0.721713,0.721713,0.7,0.7
PanTS_00001536,1,3,37.4715,20-40,3543,1729.98,False,True,1,0.8,abutting,False,isoattenuating,0,False,True,0.182331,0.000112353,-9.09375,-9.09375,3.3971e-05,0.000219096,-8.42578,-8.42578,3.29243e-05,216,171,123,199,180,106,0.0366844,0.0207694,0.908942,2.30078,5.93192e-06,-12.0352,0.00166039,-6.39904,0.978198,0.825949,0.756329,0.990826,0.987768,,
PanTS_00001541,1,1,33.9839,20-40,6964,8607.24,False,True,1,2.5,inside,False,hypoattenuating,0.431398,True,False,1,0.993747,5.06836,5.06836,0.291273,0.993747,5.06836,5.06836,0.232016,120,162,58,120,162,58,0,0,0.989306,4.52735,6.77446e-06,-11.9023,0.000159056,-8.74609,0.993747,0.234177,0.234177,0.480122,0.480122,0.9,0.9
PanTS_00001542,1,3,40.8324,>=40,9672,21252,False,True,1,2.5,inside,False,hyperattenuating,0.901122,True,False,1,0.997001,5.80663,5.80664,0.904402,0.997001,5.80663,5.80664,0.790227,274,191,36,274,191,36,0,0,0.992988,4.95312,7.0719e-06,-11.8594,0.789697,1.3231,0.997001,0.132911,0.132911,0.296636,0.296636,0.9,0.9
PanTS_00001568,1,3,50.337,>=40,9660,32501.6,False,True,1,5,inside,False,isoattenuating,0.814238,True,False,1,0.997099,5.83985,5.83984,0.72189,0.997099,5.83985,5.83984,0.597059,257,227,13,257,227,13,0,0,0.991796,4.79491,2.58674e-05,-10.5625,0.0944128,-2.26091,0.997099,0.126582,0.126582,0.284404,0.284404,0.9,0.9
PanTS_00001582,1,4,37.623,20-40,9299,15494.9,False,True,1,2.5,inside,False,hyperattenuating,0.736895,True,False,1,0.997622,6.03904,6.03906,0.627314,0.997622,6.03904,6.03906,0.526459,287,189,24,287,189,24,0,0,0.996503,5.65235,2.24273e-06,-13.0078,0.00187329,-6.27818,0.997622,0.10443,0.10443,0.223242,0.223242,0.9,0.9
PanTS_00001583,1,3,35.0451,20-40,4216,3248.8,False,False,2,1.25,inside,False,isoattenuating,0.437916,True,False,0.922913,0.996864,5.76171,5.76172,0.744016,0.996864,5.76171,5.76172,0.596362,302,183,38,302,183,38,0,0,0.99492,5.27734,3.26316e-06,-12.6328,0.950297,2.9507,0.998136,0.136076,0.136076,0.321101,0.321101,0.9,0.9
PanTS_00001583,2,3,36.187,20-40,15662,12068.9,False,True,2,1.25,inside,False,isoattenuating,0.275063,True,False,0.998659,0.998136,6.28319,6.2832,0.171561,0.998136,6.28319,6.2832,0.151644,377,225,49,377,225,49,0,0,0.99492,5.27734,3.26316e-06,-12.6328,0.950297,2.9507,0.998136,0.0727848,0.0727848,0.171254,0.171254,0.9,0.9
PanTS_00001592,1,1,24.8864,20-40,1375,4382.06,False,True,1,3.75,inside,False,hypoattenuating,0.883136,True,False,1,0.997498,5.98829,5.98828,0.860923,0.997498,5.98829,5.98828,0.664942,194,123,90,194,123,90,0,0,0.997025,5.81444,4.09291e-06,-12.4062,0.00223436,-6.10156,0.997498,0.10443,0.10443,0.2263,0.2263,0.9,0.9
PanTS_00001601,1,1,38.9398,20-40,5067,7654.51,False,True,1,2.5,inside,False,hyperattenuating,0,False,True,1,0.308659,-0.806397,-0.806396,0.0080779,0.308659,-0.806397,-0.806396,0.00827994,247,223,45,247,223,45,0.00165855,0.00165855,0.813757,1.47461,2.72149e-05,-10.5117,0.013822,-4.26758,0.889816,0.5,0.5,0.801223,0.801223,0.03,0.3
PanTS_00001612,1,1,35.4703,20-40,3163,5220.19,False,True,1,2.5,abutting,False,hypoattenuating,0.304367,True,False,0.042681,0.996796,5.74024,5.74023,0.743352,0.996888,5.76952,5.76953,0.655062,277,201,50,275,202,51,0,0,0.99674,5.72267,8.20353e-06,-11.7109,0.110101,-2.08971,0.997082,0.139241,0.132911,0.324159,0.318043,,0.9
PanTS_00001618,1,0,25.5933,20-40,1946,2665.76,False,True,1,2.5,inside,False,hyperattenuating,0.235672,True,False,1,0.997941,6.18357,6.18359,0.627791,0.998595,6.56644,6.56641,0.544508,256,233,30,256,235,30,0.0131381,0.00658338,0.999303,7.26749,3.14466e-05,-10.3672,0.998269,6.35706,0.999303,0.0822785,0.056962,0.189602,0.137615,,0.9
PanTS_00001645,1,2,49.8701,>=40,38363,18731.9,False,True,1,0.8,abutting,False,isoattenuating,0.0205872,True,False,0.365039,0.770206,1.20947,1.20947,0.0443686,0.770206,1.20947,1.20947,0.0303439,207,188,165,207,188,165,0.00799093,0.00799093,0.998289,6.36913,9.15169e-06,-11.6016,0.537341,0.149643,0.998289,0.446203,0.446203,0.755352,0.755352,0.7,0.7
PanTS_00001649,1,4,21.1187,20-40,2154,2154,False,True,1,1,inside,False,hypoattenuating,0,False,True,1,0.000137655,-8.89062,-8.89062,4.6935e-05,0.000137655,-8.89062,-8.89062,4.03151e-05,224,183,339,224,183,335,0.00349902,0.00349902,0.0251549,-3.65723,2.17373e-06,-13.0391,6.22933e-05,-9.68359,0.997804,0.806962,0.806962,0.990826,0.990826,,
PanTS_00001650,1,4,8.33634,5-10,128,316.406,False,False,2,5,inside,False,hypoattenuating,0,False,True,1,7.69209e-05,-9.47266,-9.47266,2.74107e-05,0.000120536,-9.02344,-9.02344,3.00847e-05,256,131,68,254,133,68,0.170686,0.123837,0.00677121,-4.98828,1.28556e-05,-11.2617,0.00216999,-6.13086,0.997253,0.876582,0.822785,0.993884,0.990826,,
PanTS_00001650,2,4,42.9947,>=40,8264,20428,False,True,2,5,inside,False,hypoattenuating,0.855724,True,False,0.881292,0.996925,5.78123,5.78125,0.746923,0.996925,5.78123,5.78125,0.586165,327,183,69,327,183,69,0,0,0.00677121,-4.98828,1.28556e-05,-11.2617,0.00216999,-6.13086,0.997253,0.132911,0.132911,0.311927,0.311927,0.9,0.9
PanTS_00001655,1,0,67.5475,>=40,95351,90441,False,True,1,1.25,inside,False,isoattenuating,0.820711,True,False,0.965517,0.999441,7.48832,7.48828,0.732064,0.999441,7.48832,7.48828,0.629238,263,137,93,263,137,93,0,0,0.995961,5.5078,3.44658e-06,-12.5781,0.943988,2.82454,0.999441,0.0411392,0.0411392,0.0825688,0.0825688,0.9,0.9
PanTS_00001669,1,0,16.6358,10-20,102,344.25,False,True,1,1.5,inside,False,isoattenuating,0.0492721,True,False,1,0.888952,2.08008,2.08008,0.246351,0.957596,3.11719,3.11719,0.25941,136,101,43,136,101,44,0.0115473,0.00443851,0.988668,4.46875,1.71286e-06,-13.2773,0.905369,2.25836,0.988668,0.417722,0.373418,0.718654,0.675841,,0.7
PanTS_00001670,1,4,19.1773,10-20,1499,592.866,False,True,1,0.8,inside,False,isoattenuating,0,False,True,1,0.00281734,-5.86914,-5.86914,0.000532871,0.00523028,-5.24805,-5.24805,0.00048249,235,170,17,231,171,12,0.0222185,0.0173562,0.939137,2.73633,5.727e-06,-12.0703,0.0269008,-3.58833,0.939137,0.632911,0.601266,0.905199,0.889908,0.003,0.001
PanTS_00001672,1,4,50.3717,>=40,29864,12476.7,False,True,1,0.8,abutting,False,isoattenuating,0.60298,True,False,0.724853,0.997622,6.03904,6.03906,0.547172,0.997622,6.03904,6.03906,0.432767,282,227,147,282,227,147,0,0,0.939248,2.73828,1.33156e-05,-11.2266,0.419054,-0.326659,0.997622,0.10443,0.10443,0.223242,0.223242,0.9,0.9
PanTS_00001678,1,1,20.4022,20-40,206,695.25,False,True,1,1.5,inside,False,hypoattenuating,0,False,True,1,2.98277e-06,-12.7227,-12.7227,1.15354e-06,3.80014e-06,-12.4805,-12.4805,1.29018e-06,78,72,98,78,73,99,0.720119,0.665356,0.996564,5.66993,7.64654e-06,-11.7812,0.99117,4.72071,0.996564,0.996835,0.996835,1,1,,
PanTS_00001683,1,2,22.506,20-40,2399,3303.68,False,True,1,2.5,inside,False,hypoattenuating,0.686092,True,False,1,0.999973,10.5307,10.5313,0.99365,0.999973,10.5307,10.5313,0.949394,262,230,32,262,230,32,0,0,0.998667,6.61917,1.88514e-05,-10.8789,0.930996,2.60209,0.999973,0,0,0,0,0.9,0.9
PanTS_00001727,1,3,17.621,10-20,984,1660.5,False,False,2,3,inside,False,isoattenuating,0,False,True,1,0.00508004,-5.27734,-5.27734,0.00145449,0.00690384,-4.96875,-4.96875,0.00110739,235,220,110,239,222,110,0.160611,0.149517,0.996978,5.79882,7.9673e-05,-9.4375,0.99438,5.17582,0.997007,0.60443,0.594937,0.889908,0.877676,,0.003
PanTS_00001727,2,3,63.9306,>=40,11973,20204.4,False,True,2,3,inside,False,isoattenuating,0.767739,True,False,0.79838,0.997007,5.80859,5.80859,0.853973,0.997007,5.80859,5.80859,0.751165,269,207,108,269,207,108,0,0,0.996978,5.79882,7.9673e-05,-9.4375,0.99438,5.17582,0.997007,0.132911,0.132911,0.296636,0.296636,0.9,0.9
PanTS_00001732,1,2,52.9095,>=40,27046,39432.7,False,True,1,2.5,inside,False,hypoattenuating,0.802085,True,False,1,0.998545,6.53125,6.53125,0.672241,0.998545,6.53125,6.53125,0.568387,261,222,59,261,222,59,0,0,0.976513,3.72754,1.01696e-05,-11.4961,0.00248228,-5.99609,0.998545,0.0601266,0.0601266,0.143731,0.143731,0.9,0.9
PanTS_00001736,1,0,32.1403,20-40,3740,3740,False,True,1,1,inside,False,hypoattenuating,0.543898,True,False,1,0.999619,7.8711,7.87109,0.951791,0.999619,7.8711,7.87109,0.824166,236,178,320,236,178,320,0,0,0.996695,5.70898,5.42222e-06,-12.125,0.920576,2.45019,0.999619,0.0348101,0.0348101,0.0703364,0.0703364,0.9,0.9
PanTS_00001749,1,0,50.1517,>=40,4721,16883.6,False,True,2,3.75,abutting,False,isoattenuating,0.82704,True,False,0.00910824,0.999865,8.90963,8.91016,0.703738,0.999865,8.90963,8.91016,0.525091,223,130,78,223,130,78,0,0,0.000510261,-7.58008,1.26793e-06,-13.5781,0.000240625,-8.33203,0.999865,0.0189873,0.0189873,0.0244648,0.0244648,0.9,0.9
PanTS_00001749,2,0,10.6969,10-20,105,375.509,False,False,2,3.75,separated,True,hypoattenuating,0,False,True,0,1.03298e-05,-11.4805,-11.4805,6.22027e-06,1.03298e-05,-11.4805,-11.4805,5.33538e-06,212,106,89,212,106,89,0.202862,0.202862,0.000510261,-7.58008,1.26793e-06,-13.5781,0.000240625,-8.33203,0.999865,0.977848,0.977848,1,1,,
PanTS_00001751,1,4,24.8294,20-40,558,1883.25,False,False,2,1.5,inside,False,isoattenuating,0,False,True,1,0.000154767,-8.77344,-8.77344,5.523e-05,0.000193357,-8.55078,-8.55078,5.18698e-05,146,87,104,146,86,104,0.361143,0.341432,0.935817,2.67969,3.67646e-05,-10.2109,0.780099,1.26625,0.969382,0.794304,0.768987,0.990826,0.987768,,
PanTS_00001751,2,4,38.5065,20-40,1106,3732.75,False,True,2,1.5,inside,False,hypoattenuating,0.0892001,True,False,1,0.742515,1.05908,1.05908,0.252747,0.794305,1.35107,1.35107,0.247265,175,99,77,177,98,77,0.0132024,0.00873211,0.935817,2.67969,3.67646e-05,-10.2109,0.780099,1.26625,0.969382,0.449367,0.446203,0.761468,0.752294,,0.7
PanTS_00001771,1,2,15.1873,10-20,192,915.527,False,True,1,5,inside,False,isoattenuating,0.19696,True,False,1,0.99846,6.47462,6.47461,0.850169,0.99846,6.47462,6.47461,0.795416,217,144,81,217,144,81,9.08554e-05,9.08554e-05,0.998508,6.50585,3.68322e-06,-12.5117,0.994398,5.17898,0.998897,0.0601266,0.0601266,0.146789,0.146789,,0.9
PanTS_00001787,1,1,19.4476,10-20,267,1054.3,False,True,1,5,inside,False,isoattenuating,0,False,True,1,0.000336005,-7.99805,-7.99805,0.000125845,0.000336005,-7.99805,-7.99805,9.10465e-05,304,220,36,304,220,36,0.000586548,0.000586548,0.000421409,-7.77148,2.891e-06,-12.7539,0.000156401,-8.76293,0.996008,0.712025,0.712025,0.966361,0.966361,,
PanTS_00001802,1,4,18.8384,10-20,3150,2034.12,False,True,1,0.8,inside,False,hyperattenuating,0,False,True,1,2.60703e-05,-10.5547,-10.5547,8.85826e-06,2.60703e-05,-10.5547,-10.5547,7.33351e-06,247,231,178,247,231,178,0.00152219,0.00152219,6.8952e-05,-9.58203,1.07608e-06,-13.7422,1.54463e-05,-11.0781,0.998225,0.96519,0.96519,1,1,,
PanTS_00001816,1,3,57.4192,>=40,17746,28588,False,True,1,2.5,inside,False,hypoattenuating,0.525259,True,False,0.892032,0.990496,4.64648,4.64648,0.390165,0.990496,4.64648,4.64648,0.316659,280,171,27,280,171,27,0,0,0.977349,3.76465,1.18431e-05,-11.3438,0.788043,1.31317,0.997258,0.28481,0.28481,0.541284,0.541284,0.9,0.9
PanTS_00001823,1,4,11.5217,10-20,154,519.75,False,True,1,1.5,inside,False,hypoattenuating,0,False,True,1,9.79977e-05,-9.23047,-9.23047,5.07907e-05,9.79977e-05,-9.23047,-9.23047,4.24502e-05,128,89,44,128,89,44,0.00235741,0.00235741,0.00889888,-4.71289,8.20353e-06,-11.7109,4.68389e-05,-9.96875,0.991907,0.848101,0.848101,0.990826,0.990826,,
PanTS_00001826,1,4,63.2024,>=40,56922,24077.1,False,True,1,0.7,inside,False,hypoattenuating,0,False,True,0.705878,0.0451838,-3.05078,-3.05078,0.00216744,0.0451838,-3.05078,-3.05078,0.00177215,310,205,112,310,205,112,0.00170638,0.00170638,0.940735,2.76465,1.19827e-05,-11.332,0.00303374,-5.79492,0.996669,0.560127,0.560127,0.831804,0.831804,0.03,0.03
PanTS_00001829,1,2,13.2507,10-20,596,454.711,False,True,1,0.8,inside,False,isoattenuating,0,False,True,1,0.0308797,-3.44629,-3.44629,0.000378706,0.484552,-0.0618134,-0.0618133,0.00292547,252,245,136,251,246,135,0.00430958,0.00291237,0.99178,4.79297,1.37096e-06,-13.5,0.000225168,-8.39844,0.998882,0.566456,0.477848,0.844037,0.779817,,0.03
PanTS_00001840,1,3,37.0396,20-40,10990,19425.1,False,True,1,3,inside,False,hypoattenuating,0.897133,True,False,0.884531,0.997054,5.82423,5.82422,0.898894,0.997054,5.82423,5.82422,0.76782,38,118,159,38,118,159,0,0,0.99494,5.28125,1.51159e-06,-13.4023,0.394815,-0.427118,0.997054,0.129747,0.129747,0.29052,0.29052,0.9,0.9
PanTS_00001850,1,1,46.4407,>=40,13322,15881,False,True,1,1.25,abutting,False,isoattenuating,0.800807,True,False,0.693665,0.997444,5.96681,5.9668,0.665466,0.997444,5.96681,5.9668,0.470637,223,131,11,223,131,11,0,0,0.0380708,-3.22949,1.43675e-06,-13.4531,0.00650618,-5.02847,0.997444,0.110759,0.110759,0.238532,0.238532,0.9,0.9
PanTS_00001856,1,1,26.6273,20-40,1750,2643.65,False,True,1,2.5,inside,False,hyperattenuating,0.204286,True,False,1,0.952309,2.99414,2.99414,0.137323,0.952309,2.99414,2.99414,0.1052,267,232,36,267,232,36,0.0219775,0.0219775,0.994456,5.18946,2.16131e-05,-10.7422,0.991554,4.76563,0.994456,0.379747,0.379747,0.678899,0.678899,,0.9
PanTS_00001870,1,2,23.8411,20-40,879,1971.84,False,True,1,2.5,inside,False,hyperattenuating,0,False,True,1,0.00108383,-6.82617,-6.82617,0.000187574,0.00120189,-6.72266,-6.72266,0.000162762,211,227,138,210,227,138,0.00710268,0.00697951,0.663723,0.679932,3.02974e-06,-12.707,0.000503336,-7.59375,0.999702,0.655063,0.655063,0.920489,0.920489,0.001,0.001
PanTS_00001873,1,4,53.4574,>=40,4094,11275.7,False,True,1,5,inside,False,isoattenuating,0.186233,True,False,0.701514,0.995497,5.39844,5.39844,0.130879,0.99589,5.49023,5.49023,0.135964,236,143,57,238,145,57,0.00118906,5.16983e-05,0.99589,5.49023,1.63784e-05,-11.0195,0.99368,5.05777,0.996972,0.193038,0.189873,0.431193,0.425076,0.9,0.9
PanTS_00001874,1,2,13.7834,10-20,964,415.994,False,True,1,0.7,abutting,False,isoattenuating,0,False,True,0.930498,0.0393056,-3.19629,-3.19629,0.0056875,0.0450155,-3.05469,-3.05469,0.00430461,251,142,4,250,144,4,0,0,0.00881317,-4.72266,1.18646e-06,-13.6445,1.43976e-05,-11.1484,0.0450155,0.566456,0.560127,0.831804,0.831804,0.03,0.03
PanTS_00001876,1,1,11.2746,10-20,491,160.26,False,False,2,0.625,embedded,False,hypoattenuating,0,False,True,1,0.0012595,-6.67578,-6.67578,0.00024214,0.00338978,-5.68359,-5.68359,0.000281017,250,257,164,251,255,168,0.0776443,0.0683011,0.996669,5.70118,6.54044e-06,-11.9375,0.993163,4.97853,0.997133,0.655063,0.629747,0.920489,0.905199,,0.001
PanTS_00001876,2,1,39.4021,20-40,27967,9128.28,False,True,2,0.625,abutting,False,isoattenuating,0.630572,True,False,0.712304,0.997133,5.85154,5.85156,0.893503,0.997133,5.85154,5.85156,0.779526,276,225,181,276,225,181,0,0,0.996669,5.70118,6.54044e-06,-11.9375,0.993163,4.97853,0.997133,0.123418,0.123418,0.278287,0.278287,0.9,0.9
PanTS_00001878,1,4,135.095,>=40,24854,86644.1,False,True,2,5,abutting,False,isoattenuating,0.591607,True,False,0.144967,0.995189,5.33202,5.33203,0.585963,0.995189,5.33202,5.33203,0.518236,191,163,62,191,163,62,0.000530814,0.000530814,0.997424,5.95899,3.07745e-06,-12.6914,0.906211,2.26822,0.998024,0.202532,0.202532,0.443425,0.443425,0.9,0.9
PanTS_00001878,2,4,62.0637,>=40,1969,6864.18,False,False,2,5,abutting,False,isoattenuating,0.073823,True,False,0.575927,0.997547,6.00783,6.00781,0.0505175,0.997817,6.125,6.125,0.0512506,277,147,74,277,149,74,0,0,0.997424,5.95899,3.07745e-06,-12.6914,0.906211,2.26822,0.998024,0.10443,0.101266,0.2263,0.211009,,0.9
PanTS_00001913,1,1,46.8974,>=40,5069,12760,False,True,1,3,inside,False,hyperattenuating,0,False,True,1,3.45373e-05,-10.2734,-10.2734,1.01346e-05,3.45373e-05,-10.2734,-10.2734,8.85272e-06,147,178,122,147,178,122,0.292029,0.292029,0.0523276,-2.89648,7.29638e-06,-11.8281,0.0175096,-4.02734,0.0891369,0.949367,0.949367,1,1,,
PanTS_00001922,1,2,21.2137,20-40,1339,1843.95,False,True,1,2.5,inside,False,hyperattenuating,0.390139,True,False,1,0.999967,10.3292,10.3281,0.937585,0.999967,10.3292,10.3281,0.893402,229,213,27,229,213,27,0,0,0.998798,6.72268,5.22523e-05,-9.85937,0.996427,5.63087,0.999967,0,0,0,0,0.9,0.9
PanTS_00001923,1,2,48.6504,>=40,22105,23716.1,False,True,1,2,inside,False,hypoattenuating,0.879061,True,False,0.991948,0.99876,6.69139,6.69141,0.873887,0.99876,6.69139,6.69141,0.711958,356,214,53,356,214,53,0.000810962,0.000810962,0.999801,8.52371,1.26563e-05,-11.2773,0.84556,1.70019,0.999801,0.056962,0.056962,0.125382,0.125382,0.9,0.9
PanTS_00001941,1,0,22.1718,20-40,1779,3481.55,False,True,1,2.5,inside,False,isoattenuating,0.299636,True,False,1,0.998283,6.36527,6.36523,0.801155,0.998283,6.36527,6.36523,0.68345,261,201,38,261,201,38,0.0132797,0.0132797,0.999852,8.81615,1.86317e-05,-10.8906,0.998753,6.68554,0.999852,0.0632911,0.0632911,0.159021,0.159021,,0.9
PanTS_00001946,1,0,87.8829,>=40,114710,78984,False,True,1,1.25,abutting,False,hypoattenuating,0.304128,True,False,0.449246,0.985072,4.18945,4.18945,0.268639,0.985072,4.18945,4.18945,0.242762,220,138,83,220,138,83,0.000246588,0.000246588,0.994008,5.11133,7.41128e-06,-11.8125,0.225123,-1.23605,0.999177,0.310127,0.310127,0.587156,0.587156,0.9,0.9
PanTS_00001964,1,4,27.647,20-40,2543,3860.93,False,True,1,2.5,inside,False,hyperattenuating,0.677845,True,False,1,0.998066,6.24611,6.24609,0.912931,0.998066,6.24611,6.24609,0.78732,294,213,39,294,213,39,0,0,0.99653,5.66016,7.85851e-06,-11.7539,0.970657,3.49892,0.998066,0.0759494,0.0759494,0.17737,0.17737,0.9,0.9
PanTS_00001968,1,2,24.641,20-40,2236,927.009,False,True,1,0.625,inside,False,hypoattenuating,0,False,True,1,0.0302146,-3.46875,-3.46875,0.00178361,0.056444,-2.81641,-2.81641,0.00236509,250,206,15,252,207,12,0.019207,0.0151084,0.931025,2.60254,1.36313e-05,-11.2031,0.1585,-1.66943,0.931025,0.566456,0.556962,0.844037,0.828746,,0.03
PanTS_00001973,1,4,45.4974,>=40,43715,30100.1,False,True,1,1.25,abutting,False,hypoattenuating,0,False,True,0.176141,0.00024633,-8.30859,-8.30859,3.58214e-05,0.00024633,-8.30859,-8.30859,3.06573e-05,261,135,48,261,135,48,0.00811715,0.00811715,0.0189054,-3.94922,2.82403e-06,-12.7773,0.000207438,-8.48047,0.0189054,0.75,0.75,0.984709,0.984709,,
PanTS_00001996,1,2,22.2091,20-40,1139,2597.42,False,True,3,2.5,separated,True,isoattenuating,0.313519,True,False,0,0.996293,5.59376,5.59375,0.835811,0.996784,5.73631,5.73633,0.76616,234,196,27,235,195,27,5.65846e-05,1.88615e-05,0.99679,5.73827,7.46941e-06,-11.8047,0.187193,-1.46835,0.998728,0.167722,0.139241,0.385321,0.327217,,0.9
PanTS_00001996,2,2,19.4954,10-20,351,800.433,False,False,3,2.5,abutting,False,isoattenuating,0.124138,True,False,0.680912,0.998726,6.66409,6.66406,0.986387,0.998728,6.66597,6.66602,0.973357,240,190,27,241,190,27,0,0,0.99679,5.73827,7.46941e-06,-11.8047,0.187193,-1.46835,0.998728,0.056962,0.056962,0.131498,0.131498,0.9,0.9
PanTS_00001996,3,2,12.1436,10-20,126,287.335,False,False,3,2.5,inside,False,hypoattenuating,0,False,True,1,0.305594,-0.820801,-0.820801,0.0567419,0.305594,-0.820801,-0.820801,0.0569035,315,175,33,315,175,33,0.00643178,0.00643178,0.99679,5.73827,7.46941e-06,-11.8047,0.187193,-1.46835,0.998728,0.5,0.5,0.804281,0.804281,0.3,0.3
PanTS_00002012,1,2,26.7191,20-40,4758,5718.48,False,True,1,2.5,inside,False,isoattenuating,0.702438,True,False,0.989281,0.999986,11.1632,11.1602,0.537394,0.999986,11.1632,11.1602,0.377956,280,213,34,280,213,34,0,0,0.00337661,-5.6875,6.74805e-06,-11.9063,0.000183068,-8.60547,0.999986,0,0,0,0,0.9,0.9
PanTS_00002014,1,1,36.4678,20-40,2626,11830.3,False,True,1,5,inside,False,hyperattenuating,0.57748,True,False,1,0.989632,4.55859,4.55859,0.575872,0.989632,4.55859,4.55859,0.478339,256,253,33,256,253,33,0.0211464,0.0211464,0.995954,5.50586,7.1419e-05,-9.54687,0.994303,5.16212,0.995954,0.300633,0.300633,0.547401,0.547401,,0.9
PanTS_00002028,1,1,25.623,20-40,2212,5273.81,False,True,1,2.5,inside,False,hypoattenuating,0.606899,True,False,1,0.997556,6.01171,6.01172,0.896757,0.997556,6.01171,6.01172,0.844712,153,148,56,153,148,56,0,0,0.997479,5.98049,1.46815e-05,-11.1289,0.996123,5.54881,0.997556,0.10443,0.10443,0.223242,0.223242,0.9,0.9
PanTS_00002071,1,4,43.13,>=40,26736,18409.2,False,True,1,1.25,inside,False,hypoattenuating,0.816191,True,False,0.993492,0.996943,5.78712,5.78711,0.695493,0.996943,5.78712,5.78711,0.5168,197,113,23,197,113,23,0,0,0.767167,1.19238,1.92984e-05,-10.8555,0.104295,-2.15039,0.996943,0.132911,0.132911,0.302752,0.302752,0.9,0.9
PanTS_00002081,1,1,36.9047,20-40,1022,8594.43,False,True,1,1.29688,inside,False,isoattenuating,0,False,True,0.802348,7.9053e-05,-9.44531,-9.44531,2.63122e-05,9.64785e-05,-9.24609,-9.24609,2.63657e-05,161,34,101,169,35,97,0.0325588,0.0287085,0.994157,5.13673,7.01686e-06,-11.8672,0.160036,-1.65796,0.994157,0.876582,0.848101,0.993884,0.993884,,
PanTS_00002091,1,0,46.6586,>=40,33877,16541.5,False,True,1,0.8,inside,False,isoattenuating,0.678952,True,False,0.857484,0.999017,6.9238,6.92383,0.547112,0.999017,6.9238,6.92383,0.384961,231,232,72,231,232,72,0,0,0.977778,3.78418,9.74192e-06,-11.5391,0.0199469,-3.89453,0.999017,0.0537975,0.0537975,0.107034,0.107034,0.9,0.9
PanTS_00002094,1,2,42.746,>=40,18610,10746.7,False,True,1,1.25,inside,False,hypoattenuating,0.617042,True,False,0.912789,0.999832,8.69158,8.69141,0.768686,0.999832,8.69158,8.69141,0.615413,213,96,68,213,96,68,0,0,0.994646,5.22461,2.48248e-06,-12.9062,0.00600453,-5.10922,0.999832,0.0189873,0.0189873,0.030581,0.030581,0.9,0.9
PanTS_00002095,1,0,30.6163,20-40,4833,2479.33,False,True,2,0.8,inside,False,isoattenuating,0.148823,True,False,1,0.990121,4.60743,4.60742,0.162228,0.994531,5.20313,5.20313,0.133312,236,249,168,237,247,167,0.00363492,0.00174378,0.998051,6.23827,4.67425e-06,-12.2734,0.865824,1.86453,0.998051,0.291139,0.221519,0.544343,0.455657,0.01,0.9
PanTS_00002095,2,0,3.39577,<5,24,12.312,False,False,2,0.8,inside,False,hyperattenuating,0.00702885,True,False,1,0.990803,4.67969,4.67969,0.978273,0.996108,5.54493,5.54492,0.862982,229,244,165,231,243,168,0.00338932,0.000875984,0.998051,6.23827,4.67425e-06,-12.2734,0.865824,1.86453,0.998051,0.28481,0.174051,0.541284,0.406728,,0.9
PanTS_00002098,1,1,18.1017,10-20,1209,1225.18,False,True,1,1.25,inside,False,hypoattenuating,0,False,True,1,2.09482e-05,-10.7734,-10.7734,5.7611e-06,2.49738e-05,-10.5977,-10.5977,5.8211e-06,279,99,51,280,98,52,0.183666,0.162715,0.00366422,-5.60547,2.01037e-06,-13.1172,0.000336662,-7.99609,0.986879,0.96519,0.96519,1,1,,
PanTS_00002102,1,4,28.6531,20-40,2055,2055,False,True,6,1,inside,False,isoattenuating,0,False,True,1,0.000542093,-7.51953,-7.51953,0.000176591,0.000852567,-7.06641,-7.06641,0.000168375,247,222,329,238,219,327,0.0289195,0.0118797,0.0518455,-2.90625,1.12129e-05,-11.3984,0.000949159,-6.95898,0.998165,0.68038,0.661392,0.944954,0.932722,,
PanTS_00002102,2,4,2.82843,<5,9,9,False,False,6,1,inside,False,isoattenuating,0,False,True,1,0.000106791,-9.14453,-9.14453,8.02991e-05,0.000711057,-7.24805,-7.24805,8.36237e-05,251,217,314,251,219,310,0.180037,0.017169,0.0518455,-2.90625,1.12129e-05,-11.3984,0.000949159,-6.95898,0.998165,0.835443,0.667722,0.990826,0.938838,,
PanTS_00002102,3,4,2,<5,3,3,True,False,6,1,inside,False,hypoattenuating,0,False,True,1,0.000166038,-8.70312,-8.70312,0.000137211,0.00033732,-7.99414,-7.99414,0.000166864,252,196,321,252,198,321,0.137888,0.0673872,0.0518455,-2.90625,1.12129e-05,-11.3984,0.000949159,-6.95898,0.998165,0.78481,0.712025,0.990826,0.966361,,
PanTS_00002102,4,4,2,<5,3,3,True,False,6,1,inside,False,isoattenuating,0,False,True,1,6.37705e-05,-9.66016,-9.66016,4.1251e-05,0.00146075,-6.52734,-6.52734,9.31256e-05,252,221,312,252,221,310,0.232022,0.00578878,0.0518455,-2.90625,1.12129e-05,-11.3984,0.000949159,-6.95898,0.998165,0.901899,0.651899,0.993884,0.920489,,
PanTS_00002102,5,4,22.561,20-40,588,588,False,False,6,1,inside,False,isoattenuating,0,False,True,1,0.000960337,-6.94727,-6.94727,0.000301873,0.00103829,-6.86914,-6.86914,0.000283861,255,214,331,254,214,331,0.00983313,0.00881474,0.0518455,-2.90625,1.12129e-05,-11.3984,0.000949159,-6.95898,0.998165,0.655063,0.655063,0.926606,0.920489,0.001,
PanTS_00002102,6,4,2,<5,3,3,True,False,6,1,inside,False,hypoattenuating,0,False,True,1,0.000316271,-8.05859,-8.05859,0.000301639,0.000407653,-7.80469,-7.80469,0.00029241,257,200,329,256,201,327,0.0739093,0.0494288,0.0518455,-2.90625,1.12129e-05,-11.3984,0.000949159,-6.95898,0.998165,0.71519,0.705696,0.969419,0.963303,,
PanTS_00002107,1,0,24.5753,20-40,1514,612.179,False,True,1,0.8,embedded,False,isoattenuating,0,False,True,0.992074,0.000934458,-6.97461,-6.97461,0.000217972,0.00128682,-6.6543,-6.6543,0.000194752,200,198,173,201,199,172,0.00632414,0.00528781,0.547373,0.190064,4.56597e-06,-12.2969,0.000525423,-7.55078,0.963916,0.655063,0.655063,0.929664,0.920489,0.001,
PanTS_00002123,1,3,25.0974,20-40,1501,811.886,False,False,2,0.8,inside,False,isoattenuating,0,False,True,1,0.000114122,-9.07812,-9.07812,1.88931e-05,0.00013342,-8.92187,-8.92187,1.79392e-05,196,232,199,198,233,194,0.000803222,0.000394524,0.000315039,-8.0625,4.53044e-06,-12.3047,6.65702e-05,-9.61719,0.990551,0.825949,0.810127,0.990826,0.990826,,
PanTS_00002123,2,3,32.5166,20-40,5905,3193.99,False,True,2,0.8,inside,False,isoattenuating,0,False,True,1,0.000140919,-8.86719,-8.86719,4.27406e-05,0.000140919,-8.86719,-8.86719,3.4249e-05,215,255,205,215,255,205,0.000311839,0.000311839,0.000315039,-8.0625,4.53044e-06,-12.3047,6.65702e-05,-9.61719,0.990551,0.803797,0.803797,0.990826,0.990826,,
PanTS_00002126,1,4,13.5,10-20,94,317.25,False,True,1,1.5,embedded,False,hypoattenuating,0,False,True,0.946809,0.00020825,-8.47656,-8.47656,8.29186e-05,0.000214022,-8.44922,-8.44922,7.71789e-05,160,100,51,162,100,52,0.03159,0.03125,0.998147,6.2891,1.31605e-05,-11.2383,0.472247,-0.111125,0.998147,0.762658,0.762658,0.987768,0.987768,,
PanTS_00002142,1,3,30.3272,20-40,7751,3784.67,False,True,2,0.8,inside,False,hypoattenuating,0.492192,True,False,1,0.997872,6.15038,6.15039,0.659666,0.997872,6.15038,6.15039,0.491743,192,233,145,192,233,145,0,0,0.997133,5.85154,7.12736e-06,-11.8516,0.988663,4.46826,0.997872,0.101266,0.101266,0.204893,0.204893,0.9,0.9
PanTS_00002142,2,3,26.1673,20-40,3642,1778.32,False,False,2,0.8,inside,False,isoattenuating,0,False,True,1,0.000114122,-9.07812,-9.07812,1.71237e-05,0.000144824,-8.83984,-8.83984,1.97639e-05,196,237,117,197,239,128,0.0824712,0.073807,0.997133,5.85154,7.12736e-06,-11.8516,0.988663,4.46826,0.997872,0.825949,0.800633,0.990826,0.990826,,
PanTS_00002177,1,2,29.4404,20-40,8595,3867.75,False,True,1,0.8,abutting,False,isoattenuating,0,False,True,0.818034,7.22608e-05,-9.53516,-9.53516,1.81184e-05,7.22608e-05,-9.53516,-9.53516,1.62895e-05,211,230,123,211,230,123,0.00534037,0.00534037,0.000152964,-8.78516,1.79506e-06,-13.2305,5.73876e-05,-9.76563,0.997713,0.886076,0.886076,0.993884,0.993884,,
PanTS_00002186,1,4,12.5614,10-20,669,326.66,False,True,1,0.8,inside,False,isoattenuating,0,False,True,1,2.49738e-05,-10.5977,-10.5977,1.10891e-05,2.49738e-05,-10.5977,-10.5977,8.88307e-06,225,160,67,225,160,67,0.0242906,0.0242906,0.00139667,-6.57227,2.78024e-06,-12.793,3.54946e-05,-10.2461,0.994688,0.96519,0.96519,1,1,,
PanTS_00002187,1,0,35.076,20-40,631,7530.3,False,True,2,1.54492,inside,False,isoattenuating,0,False,True,0.667195,0.000310156,-8.07813,-8.07813,6.27536e-05,0.000401335,-7.82031,-7.82031,6.29372e-05,148,36,85,148,37,84,0.033479,0.0267832,0.0681644,-2.61523,6.00185e-06,-12.0234,0.0011095,-6.80273,0.0681644,0.71519,0.705696,0.969419,0.963303,,
PanTS_00002187,2,0,5.5703,5-10,8,95.4713,False,False,2,1.54492,inside,False,hyperattenuating,0,False,True,1,8.5143e-05,-9.37109,-9.37109,4.50499e-05,0.000160931,-8.73438,-8.73438,5.39129e-05,151,36,79,150,36,80,0.0888124,0.0551474,0.0681644,-2.61523,6.00185e-06,-12.0234,0.0011095,-6.80273,0.0681644,0.867089,0.787975,0.993884,0.990826,,
PanTS_00002196,1,4,13.6578,10-20,250,857.239,False,False,2,5,inside,False,hypoattenuating,0,False,True,1,0.00117867,-6.74219,-6.74219,0.000352287,0.00117867,-6.74219,-6.74219,0.000245093,254,206,78,254,206,78,0.00114899,0.00114899,0.0204494,-3.86914,5.31734e-06,-12.1445,0.00010805,-9.13281,0.984032,0.655063,0.655063,0.920489,0.920489,0.001,0.001
PanTS_00002196,2,4,17.5831,10-20,486,1666.47,False,True,2,5,inside,False,isoattenuating,0,False,True,1,2.66885e-05,-10.5313,-10.5313,1.37327e-05,2.68978e-05,-10.5234,-10.5234,1.22258e-05,251,222,69,250,222,69,0.179071,0.17771,0.0204494,-3.86914,5.31734e-06,-12.1445,0.00010805,-9.13281,0.984032,0.96519,0.96519,1,1,,
PanTS_00002205,1,3,30.7409,20-40,1554,1554,False,True,6,1,inside,False,hypoattenuating,0,False,True,1,9.09884e-05,-9.30469,-9.30469,1.55443e-05,9.09884e-05,-9.30469,-9.30469,1.51998e-05,340,208,470,340,208,470,0.0483444,0.0483444,0.998242,6.34183,4.39105e-06,-12.3359,0.000196401,-8.53516,0.998706,0.857595,0.857595,0.993884,0.993884,,
PanTS_00002205,2,3,3.74166,<5,21,21,False,False,6,1,inside,False,isoattenuating,0,False,True,1,1.02094e-05,-11.4922,-11.4922,6.59279e-06,1.75029e-05,-10.9531,-10.9531,6.55793e-06,329,160,456,329,160,454,0.343983,0.263683,0.998242,6.34183,4.39105e-06,-12.3359,0.000196401,-8.53516,0.998706,0.977848,0.968354,1,1,,
PanTS_00002205,3,3,1.41421,<5,4,4,True,False,6,1,inside,False,hypoattenuating,0,False,True,1,1.30818e-06,-13.5469,-13.5469,1.22085e-06,1.94093e-06,-13.1523,-13.1523,1.23277e-06,330,249,454,330,251,454,0.764622,0.685705,0.998242,6.34183,4.39105e-06,-12.3359,0.000196401,-8.53516,0.998706,1,0.996835,1,1,,
PanTS_00002205,4,3,16.2481,10-20,489,489,False,False,6,1,inside,False,hypoattenuating,0.391195,True,False,1,0.998348,6.40433,6.4043,0.630797,0.998436,6.45897,6.45898,0.423668,341,170,430,341,169,428,0,0,0.998242,6.34183,4.39105e-06,-12.3359,0.000196401,-8.53516,0.998706,0.0632911,0.0601266,0.152905,0.149847,0.9,0.9
PanTS_00002205,5,3,2.23607,<5,6,6,True,False,6,1,inside,False,hypoattenuating,0,False,True,1,0.000191104,-8.5625,-8.5625,0.00016748,0.000376293,-7.88477,-7.88477,0.000162862,352,158,432,350,158,432,0.0107654,0.00278748,0.998242,6.34183,4.39105e-06,-12.3359,0.000196401,-8.53516,0.998706,0.772152,0.708861,0.987768,0.966361,,
PanTS_00002205,6,3,12.2474,10-20,93,93,False,False,6,1,inside,False,hypoattenuating,0,False,True,1,4.62932e-05,-9.98047,-9.98047,1.93606e-05,9.46126e-05,-9.26563,-9.26562,1.84867e-05,358,137,409,358,139,409,0.116782,0.0454848,0.998242,6.34183,4.39105e-06,-12.3359,0.000196401,-8.53516,0.998706,0.920886,0.85443,1,0.993884,,
PanTS_00002211,1,2,37.8699,20-40,18174,10832.5,False,True,1,0.625,inside,False,isoattenuating,0.77668,True,False,0.95356,0.999723,8.19128,8.19141,0.703992,0.999723,8.19128,8.19141,0.523352,245,243,149,245,243,149,0,0,0.996676,5.70314,4.47766e-06,-12.3164,0.593991,0.380488,0.999723,0.028481,0.028481,0.0550459,0.0550459,0.9,0.9
PanTS_00002213,1,2,28.8301,20-40,3395,3701.89,False,True,2,2.51689,inside,False,hypoattenuating,0.370802,True,False,0.779971,0.998436,6.45897,6.45898,0.442407,0.99912,7.03518,7.03516,0.349012,257,149,102,257,152,102,0.00500437,0.0030672,0.999889,9.10494,1.47967e-05,-11.1211,0.995909,5.49477,0.999889,0.0601266,0.0537975,0.149847,0.103976,,0.9
PanTS_00002213,2,2,19.0032,10-20,985,1074.04,False,False,2,2.51689,inside,False,isoattenuating,0,False,True,1,0.00025614,-8.26953,-8.26953,8.95083e-05,0.00025614,-8.26953,-8.26953,7.91307e-05,303,131,118,303,131,118,0.0882895,0.0882895,0.999889,9.10494,1.47967e-05,-11.1211,0.995909,5.49477,0.999889,0.743671,0.743671,0.981651,0.981651,,
PanTS_00002232,1,2,26.1627,20-40,3867,6505.37,False,True,1,2.5,inside,False,hypoattenuating,0.840493,True,False,1,0.999946,9.83308,9.83203,0.744764,0.999946,9.83308,9.83203,0.564678,193,198,55,193,198,55,0,0,0.941115,2.77148,1.07413e-05,-11.4414,0.000181644,-8.61328,0.999966,0,0,0,0,0.9,0.9
PanTS_00002235,1,0,18.3799,10-20,572,1600.38,False,False,3,5,inside,False,isoattenuating,0,False,True,1,0.00273622,-5.89844,-5.89844,0.00075119,0.00273622,-5.89844,-5.89844,0.000609374,166,185,31,166,185,31,0,0,0.00201901,-6.20313,5.88576e-06,-12.043,0.000210499,-8.46582,0.195057,0.632911,0.632911,0.905199,0.905199,0.001,0.001
PanTS_00002235,2,0,31.3259,20-40,833,2330.63,False,True,3,5,separated,True,isoattenuating,0,False,True,0,0.00013342,-8.92187,-8.92187,3.83998e-05,0.000148258,-8.81641,-8.81641,3.72119e-05,250,234,27,251,232,27,0.0235408,0.0191618,0.00201901,-6.20313,5.88576e-06,-12.043,0.000210499,-8.46582,0.195057,0.810127,0.800633,0.990826,0.990826,,
PanTS_00002235,3,0,15.7921,10-20,366,1024.02,False,False,3,5,abutting,False,isoattenuating,0,False,True,0.54918,0.000312588,-8.07031,-8.07031,0.000128815,0.000312588,-8.07031,-8.07031,0.000112737,271,188,27,271,188,27,0.00728854,0.00728854,0.00201901,-6.20313,5.88576e-06,-12.043,0.000210499,-8.46582,0.195057,0.71519,0.71519,0.969419,0.969419,,
PanTS_00002243,1,3,41.3677,>=40,2666,7734.27,False,True,1,5,inside,False,isoattenuating,0,False,True,0.98162,0.0319192,-3.41211,-3.41211,0.00196783,0.0319192,-3.41211,-3.41211,0.00194497,182,159,71,182,159,71,0.000398573,0.000398573,0.589864,0.363403,1.1345e-05,-11.3867,0.00872827,-4.73242,0.997226,0.566456,0.566456,0.840979,0.840979,0.03,0.03
PanTS_00002249,1,0,77.4629,>=40,51940,63403.3,False,True,1,2,inside,False,hyperattenuating,0.682864,True,False,0.734501,0.997556,6.01171,6.01172,0.542671,0.997556,6.01171,6.01172,0.445541,325,203,39,325,203,39,0,0,0.882326,2.01465,3.02974e-06,-12.707,0.391961,-0.439075,0.997556,0.10443,0.10443,0.223242,0.223242,0.9,0.9
PanTS_00002262,1,4,20.3314,20-40,1589,745.154,False,True,1,0.8,abutting,False,unknown,0,False,True,0.681561,6.32743e-05,-9.66797,-9.66797,1.79692e-05,6.32743e-05,-9.66797,-9.66797,1.57346e-05,224,313,142,224,313,142,0.010256,0.010256,0.000127809,-8.96484,5.68243e-06,-12.0781,6.37705e-05,-9.66016,0.997626,0.901899,0.901899,0.993884,0.993884,,
PanTS_00002269,1,4,42.0432,>=40,19466,14703.2,False,True,1,1.25,inside,False,isoattenuating,0.742353,True,False,0.978732,0.99711,5.84373,5.84375,0.731308,0.99711,5.84373,5.84375,0.566311,200,102,60,200,102,60,0,0,0.99635,5.60939,6.80098e-06,-11.8984,0.991135,4.71679,0.99711,0.126582,0.126582,0.281346,0.281346,0.9,0.9
PanTS_00002275,1,0,27.9327,20-40,6800,4848.53,False,True,1,1.5,abutting,False,isoattenuating,0.166361,True,False,0.246324,0.922343,2.47461,2.47461,0.154992,0.922343,2.47461,2.47461,0.120999,244,131,17,244,131,17,0,0,0.0555151,-2.83398,4.71091e-06,-12.2656,0.0140636,-4.25,0.922343,0.405063,0.405063,0.706422,0.706422,0.9,0.9
PanTS_00002276,1,1,21.1069,20-40,554,1869.75,False,True,1,1.5,inside,False,isoattenuating,0,False,True,1,3.18173e-05,-10.3555,-10.3555,1.3326e-05,3.53563e-05,-10.25,-10.25,1.11896e-05,87,96,95,86,94,96,0.165002,0.152236,0.992452,4.87891,4.67425e-06,-12.2734,0.948994,2.92346,0.992452,0.955696,0.946203,1,1,,
PanTS_00002279,1,1,35.8786,20-40,4643,7013.99,False,True,1,2.5,inside,False,isoattenuating,0.455629,True,False,1,0.997464,5.9746,5.97461,0.886706,0.997464,5.9746,5.97461,0.832763,261,217,48,261,217,48,0,0,0.997379,5.94142,3.50811e-05,-10.2578,0.99684,5.7539,0.997464,0.107595,0.107595,0.232416,0.232416,0.9,0.9
PanTS_00002287,1,2,26.0816,20-40,883,1360.86,False,True,1,2.5,inside,False,isoattenuating,0.109208,True,False,1,0.803174,1.40625,1.40625,0.15461,0.803174,1.40625,1.40625,0.11221,240,247,50,240,247,50,0,0,0.211824,-1.31396,1.44539e-05,-11.1445,0.0171665,-4.04748,0.999933,0.446203,0.446203,0.746177,0.746177,0.7,0.7
PanTS_00002304,1,3,37.4854,20-40,13420,9240.39,False,True,1,1.25,inside,False,isoattenuating,0.741241,True,False,1,0.996727,5.71873,5.71875,0.799935,0.996727,5.71873,5.71875,0.641754,196,141,112,196,141,112,0,0,0.995618,5.42577,8.59723e-06,-11.6641,0.979315,3.85742,0.997843,0.142405,0.142405,0.336391,0.336391,0.9,0.9
PanTS_00002323,1,1,17.2006,10-20,205,908.401,False,True,1,5,inside,False,hypoattenuating,0,False,True,0.97561,0.101056,-2.18555,-2.18555,0.0251287,0.103749,-2.15625,-2.15625,0.0182684,174,152,25,178,151,24,0.0497394,0.0495006,0.996336,5.60546,1.66363e-05,-11.0039,0.993996,5.10937,0.996336,0.53481,0.53481,0.813456,0.813456,0.1,0.1
PanTS_00002329,1,1,27.3492,20-40,11885,7182.38,False,True,1,1.25,inside,False,isoattenuating,0.446304,True,False,1,0.978508,3.81836,3.81836,0.290448,0.978508,3.81836,3.81836,0.185709,159,217,71,159,217,71,0.118229,0.118229,0.997523,5.99804,2.95414e-05,-10.4297,0.997306,5.91407,0.997523,0.335443,0.335443,0.620795,0.620795,0.9,0.9
PanTS_00002340,1,1,14.0461,10-20,789,752.449,False,True,1,1,inside,False,isoattenuating,0,False,True,1,0.00586534,-5.13281,-5.13281,0.000697039,0.014337,-4.23047,-4.23047,0.000875983,284,149,19,284,151,19,0.0861556,0.0671956,0.669691,0.706787,2.45867e-05,-10.6133,0.269614,-0.996582,0.669691,0.598101,0.585443,0.88685,0.865443,,0.003
PanTS_00002345,1,4,25.6495,20-40,932,4444.12,False,True,1,5,inside,False,isoattenuating,0.588117,True,False,1,0.997389,5.94532,5.94531,0.930108,0.997389,5.94532,5.94531,0.842983,225,218,12,225,218,12,0,0,0.997054,5.82423,1.02094e-05,-11.4922,0.989152,4.51285,0.997389,0.110759,0.110759,0.244648,0.244648,0.9,0.9
PanTS_00002353,1,0,29.0086,20-40,894,3017.25,False,True,1,1.5,inside,False,isoattenuating,0,False,True,0.991051,0.000239687,-8.33594,-8.33594,0.000109764,0.000255141,-8.27344,-8.27344,9.58064e-05,105,81,12,107,80,12,0.0669992,0.063068,0.476245,-0.0950928,2.40171e-05,-10.6367,0.00170844,-6.37046,0.995677,0.753165,0.743671,0.984709,0.981651,,
PanTS_00002362,1,2,53.1526,>=40,16358,5735.04,False,True,2,0.8,abutting,False,isoattenuating,0,False,True,0.667135,0.00059418,-7.42773,-7.42773,0.000130948,0.00059418,-7.42773,-7.42773,0.000105578,221,133,76,221,133,76,0,0,0.000397436,-7.83008,5.46475e-06,-12.1172,0.000190359,-8.56641,0.00405433,0.674051,0.674051,0.944954,0.944954,,
PanTS_00002362,2,2,22.3687,20-40,1260,441.75,False,False,2,0.8,separated,True,hypoattenuating,0,False,True,0,0.000300616,-8.10938,-8.10938,8.56598e-05,0.000340629,-7.98438,-7.98438,7.44807e-05,252,121,82,253,120,84,0.0011664,0.0002268,0.000397436,-7.83008,5.46475e-06,-12.1172,0.000190359,-8.56641,0.00405433,0.724684,0.712025,0.972477,0.966361,,
PanTS_00002388,1,1,58.0039,>=40,33662,24539.4,False,True,1,1.25,inside,False,hypoattenuating,0.739834,True,False,0.974511,0.997493,5.98631,5.98633,0.651763,0.997493,5.98631,5.98633,0.522318,242,138,82,242,138,82,0,0,0.996752,5.72658,1.29059e-05,-11.2578,0.779322,1.26172,0.997493,0.10443,0.10443,0.229358,0.229358,0.9,0.9
PanTS_00002396,1,3,23.7962,20-40,758,1216.41,False,True,1,2.59024,inside,False,isoattenuating,0,False,True,1,0.000289103,-8.14844,-8.14844,7.06352e-05,0.000374096,-7.89062,-7.89062,6.75821e-05,305,179,130,307,179,130,0.0488295,0.0418985,0.99619,5.56639,1.34725e-05,-11.2148,0.0658123,-2.65287,0.997498,0.724684,0.708861,0.975535,0.966361,,
PanTS_00002417,1,4,18.1132,10-20,361,968.278,False,True,2,5,inside,False,isoattenuating,0,False,True,0.839335,6.50282e-05,-9.64063,-9.64063,3.56245e-05,6.60521e-05,-9.625,-9.625,3.44707e-05,215,195,68,217,197,68,0.0551922,0.0532094,0.996978,5.79882,1.84868e-05,-10.8984,0.004231,-5.46108,0.996978,0.898734,0.898734,0.993884,0.993884,,
PanTS_00002417,2,4,16.3842,10-20,284,761.748,False,False,2,5,abutting,False,isoattenuating,0,False,True,0.285211,0.000160931,-8.73438,-8.73438,8.25013e-05,0.000164747,-8.71094,-8.71094,8.07846e-05,283,244,66,282,249,65,0.0196206,0.0193543,0.996978,5.79882,1.84868e-05,-10.8984,0.004231,-5.46108,0.996978,0.787975,0.787975,0.990826,0.990826,,
PanTS_00002435,1,3,45.1244,>=40,14171,9757.5,False,True,1,1.25,inside,False,hypoattenuating,0.173487,True,False,0.978759,0.996925,5.78123,5.78125,0.0964141,0.996925,5.78123,5.78125,0.0612915,166,132,89,166,132,89,0,0,0.047869,-2.99023,2.17373e-06,-13.0391,0.000106375,-9.14844,0.996925,0.132911,0.132911,0.311927,0.311927,0.9,0.9
PanTS_00002445,1,1,51.7465,>=40,19667,9695.44,False,True,1,0.8,inside,False,isoattenuating,0.159866,True,False,0.979153,0.89275,2.11914,2.11914,0.0928499,0.89275,2.11914,2.11914,0.0524925,231,133,45,231,133,45,0,0,0.319281,-0.75708,1.33156e-05,-11.2266,0.00168751,-6.38281,0.89275,0.414557,0.414557,0.715596,0.715596,0.7,0.7
PanTS_00002451,1,1,29.0485,20-40,2107,5925.94,False,True,1,5,inside,False,isoattenuating,0,False,True,1,2.26504e-05,-10.6953,-10.6953,7.11933e-06,2.73214e-05,-10.5078,-10.5078,6.85202e-06,28,143,191,28,143,193,0.205132,0.183641,0.00263681,-5.93555,3.96699e-06,-12.4375,0.00119488,-6.72852,0.00268344,0.96519,0.962025,1,1,,
PanTS_00002464,1,3,18.516,10-20,829,1381.36,False,False,2,2.5,inside,False,isoattenuating,0,False,True,0.989144,0.00645061,-5.03711,-5.03711,0.000929858,0.00645061,-5.03711,-5.03711,0.000611655,168,182,58,168,182,58,0.00296542,0.00296542,0.130396,-1.89746,1.21714e-05,-11.3164,0.00333091,-5.70117,0.971725,0.598101,0.598101,0.88685,0.88685,0.003,0.003
PanTS_00002464,2,3,31.8019,20-40,2684,4472.34,False,True,2,2.5,inside,False,hyperattenuating,0.250326,True,False,1,0.971725,3.53711,3.53711,0.13838,0.971725,3.53711,3.53711,0.0908551,262,245,42,262,245,42,0,0,0.130396,-1.89746,1.21714e-05,-11.3164,0.00333091,-5.70117,0.971725,0.351266,0.351266,0.639144,0.639144,0.9,0.9
PanTS_00002466,1,3,50.1203,>=40,38417,18758.3,False,True,1,0.8,abutting,False,hypoattenuating,0.401406,True,False,0.355285,0.996708,5.7129,5.71289,0.250384,0.996708,5.7129,5.71289,0.169766,212,170,29,212,170,29,0,0,0.994949,5.2832,1.49127e-05,-11.1133,0.681046,0.758584,0.996708,0.14557,0.14557,0.336391,0.336391,0.9,0.9
PanTS_00002468,1,1,22.5416,20-40,6568,3207.03,False,True,1,0.8,inside,False,hypoattenuating,0,False,True,0.999848,0.094594,-2.25879,-2.25879,0.0044501,0.094594,-2.25879,-2.25879,0.00247884,202,195,144,202,195,144,0,0,0.000115467,-9.06641,2.43446e-06,-12.9258,4.02205e-05,-10.1211,0.094594,0.541139,0.541139,0.816514,0.816514,0.03,0.03
PanTS_00002479,1,4,9.03649,5-10,289,135.525,False,False,5,0.8,embedded,False,isoattenuating,0,False,True,1,4.50446e-05,-10.0078,-10.0078,1.34008e-05,7.60248e-05,-9.48438,-9.48437,1.24011e-05,249,310,222,248,309,220,0.0317124,0.00860143,0.0217188,-3.80762,3.66886e-06,-12.5156,7.16985e-05,-9.54297,0.996796,0.920886,0.876582,1,0.993884,,
PanTS_00002479,2,4,3.62095,<5,36,16.882,False,False,5,0.8,embedded,False,hypoattenuating,0,False,True,1,2.42497e-06,-12.9297,-12.9297,1.36704e-06,1.23631e-05,-11.3008,-11.3008,2.09833e-06,265,296,194,266,297,196,0.609016,0.198885,0.0217188,-3.80762,3.66886e-06,-12.5156,7.16985e-05,-9.54297,0.996796,0.996835,0.974684,1,1,,
PanTS_00002479,3,4,2.84688,<5,12,5.62734,True,False,5,0.8,embedded,False,hypoattenuating,0,False,True,1,3.25043e-06,-12.6367,-12.6367,1.59704e-06,8.73261e-06,-11.6484,-11.6484,2.38119e-06,266,290,198,264,291,200,0.533866,0.273195,0.0217188,-3.80762,3.66886e-06,-12.5156,7.16985e-05,-9.54297,0.996796,0.996835,0.984177,1,1,,
PanTS_00002479,4,4,20.3314,20-40,1625,762.036,False,True,5,0.8,embedded,False,isoattenuating,0,False,True,0.96,8.7503e-05,-9.34375,-9.34375,2.30841e-05,8.7503e-05,-9.34375,-9.34375,2.04394e-05,284,302,186,284,302,186,0.00609673,0.00609673,0.0217188,-3.80762,3.66886e-06,-12.5156,7.16985e-05,-9.54297,0.996796,0.863924,0.863924,0.993884,0.993884,,
PanTS_00002479,5,4,7.59856,5-10,156,73.1555,False,False,5,0.8,embedded,False,isoattenuating,0,False,True,1,3.7053e-05,-10.2031,-10.2031,1.21862e-05,0.000114122,-9.07812,-9.07812,1.40971e-05,293,306,195,291,307,194,0.0458183,0.00349774,0.0217188,-3.80762,3.66886e-06,-12.5156,7.16985e-05,-9.54297,0.996796,0.946203,0.825949,1,0.990826,,
PanTS_00002483,1,1,16.5233,10-20,1749,1080.85,False,True,1,0.8,inside,False,isoattenuating,0,False,True,1,0.000461906,-7.67969,-7.67969,0.000120208,0.000461906,-7.67969,-7.67969,0.000101324,230,139,53,230,139,53,0.041699,0.041699,0.995254,5.3457,5.03436e-06,-12.1992,0.943308,2.81177,0.995254,0.693038,0.693038,0.957187,0.957187,,
PanTS_00002495,1,2,31.8181,20-40,2688,8218.88,False,True,1,5,abutting,False,hypoattenuating,0.824424,True,False,0.24442,0.999789,8.46485,8.46484,0.737834,0.999789,8.46485,8.46484,0.586029,293,158,69,293,158,69,0,0,0.992289,4.85741,5.48613e-06,-12.1133,0.00253605,-5.97461,0.999789,0.0221519,0.0221519,0.0397554,0.0397554,0.9,0.9
PanTS_00002497,1,1,16.7955,10-20,577,1141.08,False,False,2,5,inside,False,isoattenuating,0,False,True,1,2.43002e-05,-10.625,-10.625,9.58407e-06,2.44908e-05,-10.6172,-10.6172,9.28237e-06,207,242,42,208,243,42,0.221487,0.220224,0.00257588,-5.95898,5.00496e-06,-12.2051,0.000694597,-7.27148,0.995702,0.96519,0.96519,1,1,,
PanTS_00002497,2,1,32.3472,20-40,1574,3112.76,False,True,2,5,inside,False,isoattenuating,0,False,True,0.994282,0.00287275,-5.84961,-5.84961,0.000213003,0.00287275,-5.84961,-5.84961,0.000190247,284,274,39,284,274,39,0,0,0.00257588,-5.95898,5.00496e-06,-12.2051,0.000694597,-7.27148,0.995702,0.632911,0.632911,0.905199,0.905199,0.001,0.001
PanTS_00002498,1,2,32.45,20-40,4599,4599,False,True,1,1,inside,False,isoattenuating,0.506442,True,False,1,0.998536,6.52536,6.52539,0.981157,0.998536,6.52536,6.52539,0.895272,231,183,289,231,183,289,0.00550155,0.00550155,0.999953,9.96092,1.4739e-05,-11.125,0.995981,5.51278,0.999953,0.0601266,0.0601266,0.143731,0.143731,0.9,0.9
PanTS_00002514,1,2,25.4903,20-40,1880,4011.25,False,True,1,2.5,inside,False,hyperattenuating,0,False,True,1,0.000154163,-8.77734,-8.77734,3.07242e-05,0.000154163,-8.77734,-8.77734,2.65521e-05,215,188,35,215,188,35,0.16966,0.16966,0.99589,5.49023,7.95114e-06,-11.7422,0.935726,2.67817,0.99589,0.794304,0.794304,0.990826,0.990826,,
PanTS_00002541,1,1,21.9983,20-40,1726,4125.29,False,True,1,3,inside,False,hyperattenuating,0,False,True,1,0.000111044,-9.10547,-9.10547,2.54659e-05,0.000137655,-8.89062,-8.89062,2.33062e-05,196,197,61,194,197,61,0.0322336,0.0250035,0.995785,5.46484,6.74805e-06,-11.9063,0.350553,-0.616611,0.995785,0.825949,0.806962,0.990826,0.990826,,
PanTS_00002567,1,1,27.776,20-40,2983,5507.55,False,True,1,2.5,inside,False,isoattenuating,0.574584,True,False,1,0.997542,6.00586,6.00586,0.912308,0.997542,6.00586,6.00586,0.843977,202,209,26,202,209,26,0,0,0.997459,5.97265,4.20637e-06,-12.3789,0.996949,5.78908,0.997542,0.10443,0.10443,0.2263,0.2263,0.9,0.9
PanTS_00002572,1,0,26.5109,20-40,743,2428.96,False,True,1,5,inside,False,isoattenuating,0,False,True,1,0.000108897,-9.125,-9.125,4.40806e-05,0.000108897,-9.125,-9.125,3.61888e-05,176,137,66,176,137,66,0.0817732,0.0817732,0.998309,6.38082,1.50885e-05,-11.1016,0.96125,3.21111,0.999662,0.829114,0.829114,0.990826,0.990826,,
PanTS_00002585,1,3,35.1243,20-40,5724,9906.46,False,True,1,2.5,inside,False,hypoattenuating,0.751111,True,False,0.938679,0.998047,6.23631,6.23633,0.804204,0.998047,6.23631,6.23633,0.673457,244,231,60,244,231,60,0,0,0.996205,5.57031,4.66563e-05,-9.97266,0.951729,2.98145,0.998047,0.0759494,0.0759494,0.17737,0.17737,0.9,0.9
PanTS_00002592,1,1,18.4427,10-20,461,1330.55,False,True,1,5,inside,False,isoattenuating,0.097561,True,False,1,0.630401,0.533936,0.533936,0.0855499,0.630401,0.533936,0.533936,0.0784696,211,201,22,211,201,22,0,0,0.423249,-0.309448,1.89992e-05,-10.8711,0.0449173,-3.05698,0.630401,0.471519,0.471519,0.7737,0.7737,0.5,0.5
PanTS_00002593,1,3,23.0687,20-40,2585,3983.94,False,True,1,2.5,inside,False,hypoattenuating,0.779372,True,False,0.998839,0.998377,6.42183,6.42187,0.896399,0.998377,6.42183,6.42187,0.717966,239,203,42,239,203,42,0,0,0.997925,6.1758,1.342e-05,-11.2188,0.958599,3.14216,0.998377,0.0632911,0.0632911,0.152905,0.152905,0.9,0.9
PanTS_00002597,1,4,41.9146,>=40,3666,11633.9,False,True,1,3.75,inside,False,isoattenuating,0.224972,True,False,0.879433,0.997242,5.89061,5.89063,0.307864,0.997527,6.00002,6,0.289942,199,132,17,197,134,17,0.00338287,0.000483267,0.997649,6.05077,7.88926e-06,-11.75,0.996821,5.74806,0.997649,0.120253,0.10443,0.266055,0.2263,,0.9
PanTS_00002609,1,4,29.5093,20-40,3810,5755.61,False,True,1,2.5,inside,False,hyperattenuating,0.719789,True,False,1,0.997589,6.0254,6.02539,0.960772,0.997589,6.0254,6.02539,0.905549,245,231,44,245,231,44,0,0,0.997166,5.86326,1.05747e-05,-11.457,0.970364,3.48867,0.997589,0.10443,0.10443,0.223242,0.223242,0.9,0.9
PanTS_00002616,1,1,25.5554,20-40,3364,4487.45,False,True,1,2.5,inside,False,isoattenuating,0,False,True,1,0.270577,-0.991699,-0.991699,0.00891701,0.317109,-0.76709,-0.76709,0.00905657,233,227,28,231,226,28,0.00848758,0.0067819,0.9803,3.90723,2.11125e-05,-10.7656,0.238495,-1.16095,0.9803,0.503165,0.5,0.807339,0.801223,0.1,0.1
PanTS_00002628,1,2,34.998,20-40,4809,11465.5,False,True,1,2.5,inside,False,isoattenuating,0.811182,True,False,0.881264,0.998345,6.40231,6.40234,0.686189,0.998345,6.40231,6.40234,0.53895,191,171,49,191,171,49,0,0,0.997561,6.01367,1.26069e-05,-11.2812,0.870685,1.90703,0.998345,0.0632911,0.0632911,0.152905,0.152905,0.9,0.9
PanTS_00002643,1,3,11.4914,10-20,179,351.856,False,True,1,2.5,inside,False,hypoattenuating,0,False,True,1,4.57539e-05,-9.99219,-9.99219,3.12208e-05,4.62932e-05,-9.98047,-9.98047,2.62295e-05,225,175,14,223,177,15,0.0354095,0.0349456,0.000740806,-7.20703,3.16276e-06,-12.6641,0.000109537,-9.11914,0.990587,0.920886,0.920886,1,1,,
PanTS_00002652,1,2,40.3548,>=40,4219,7165.3,False,True,2,2.5,abutting,False,hypoattenuating,0.140129,True,False,0.194359,0.858363,1.80176,1.80176,0.266775,0.906736,2.27441,2.27441,0.239369,139,193,41,146,191,43,0.00163885,0.00125117,0.98987,4.58203,4.01375e-06,-12.4258,0.112068,-2.06978,0.999142,0.427215,0.411392,0.737003,0.70948,,0.7
PanTS_00002652,2,2,24.392,20-40,1379,2342.01,False,False,2,2.5,inside,False,isoattenuating,0.273987,True,False,1,0.992554,4.89257,4.89258,0.196286,0.992554,4.89257,4.89258,0.150759,189,195,48,189,195,48,0,0,0.98987,4.58203,4.01375e-06,-12.4258,0.112068,-2.06978,0.999142,0.256329,0.256329,0.510703,0.510703,0.9,0.9
PanTS_00002677,1,2,15.5312,10-20,2635,1173.43,False,True,1,0.8,inside,False,hypoattenuating,0.556831,True,False,1,0.985608,4.22656,4.22656,0.395138,0.985608,4.22656,4.22656,0.194769,247,221,50,247,221,50,0,0,0.0390117,-3.2041,8.66465e-06,-11.6562,0.000354194,-7.94531,0.985608,0.310127,0.310127,0.584098,0.584098,0.9,0.9
PanTS_00002686,1,2,22.1721,20-40,732,1642.08,False,True,2,2.5,inside,False,hypoattenuating,0,False,True,0.886612,0.00162931,-6.41797,-6.41797,0.000126081,0.00183508,-6.29883,-6.29883,0.000139196,291,180,47,290,180,47,0.0506608,0.0499266,0.999879,9.01962,1.30071e-05,-11.25,0.996308,5.59786,0.999943,0.64557,0.642405,0.917431,0.911315,0.001,0.001
PanTS_00002686,2,2,13.6842,10-20,372,834.5,False,False,2,2.5,inside,False,hypoattenuating,0,False,True,1,1.39546e-05,-11.1797,-11.1797,7.70547e-06,1.39546e-05,-11.1797,-11.1797,6.83982e-06,326,161,53,326,161,53,0.483516,0.483516,0.999879,9.01962,1.30071e-05,-11.25,0.996308,5.59786,0.999943,0.974684,0.974684,1,1,,
PanTS_00002720,1,0,147.43,>=40,189621,732388,False,True,1,5,abutting,False,isoattenuating,0,False,True,0.00653936,0.359477,-0.577637,-0.577637,5.76866e-05,0.359477,-0.577637,-0.577637,5.27575e-05,179,212,37,179,212,37,0,0,0.000157819,-8.75391,6.00185e-06,-12.0234,5.58398e-05,-9.79297,0.38122,0.490506,0.490506,0.795107,0.795107,0.3,0.3
PanTS_00002729,1,4,40.1558,>=40,17954,13835.1,False,True,2,1.25,inside,False,isoattenuating,0.859197,True,False,0.962125,0.996727,5.71873,5.71875,0.911545,0.996727,5.71873,5.71875,0.757714,298,182,25,298,182,25,0,0,0.995417,5.38086,3.81501e-06,-12.4766,0.898697,2.18283,0.997439,0.142405,0.142405,0.336391,0.336391,0.9,0.9
PanTS_00002729,2,4,35.3565,20-40,10941,8431,False,False,2,1.25,inside,False,isoattenuating,0.572121,True,False,1,0.997439,5.96485,5.96484,0.532001,0.997439,5.96485,5.96484,0.444682,373,228,34,373,228,34,0,0,0.995417,5.38086,3.81501e-06,-12.4766,0.898697,2.18283,0.997439,0.110759,0.110759,0.238532,0.238532,0.9,0.9
PanTS_00002734,1,3,55.0738,>=40,16911,27945.9,False,True,1,3,inside,False,hypoattenuating,0.882608,True,False,1,0.99696,5.79297,5.79297,0.786513,0.99696,5.79297,5.79297,0.652413,356,163,110,356,163,110,0,0,0.988885,4.48828,2.78603e-05,-10.4883,0.0988595,-2.20996,0.99696,0.132911,0.132911,0.302752,0.302752,0.9,0.9
PanTS_00002741,1,4,33.4234,20-40,7232,9088.06,False,True,1,2.5,inside,False,hypoattenuating,0.349437,True,False,1,0.993973,5.10547,5.10547,0.627276,0.993973,5.10547,5.10547,0.568858,256,215,49,256,215,49,0.000184042,0.000184042,0.994292,5.16017,0.00111819,-6.79492,0.989389,4.53515,0.994292,0.234177,0.234177,0.474006,0.474006,,0.9
PanTS_00002750,1,4,39.4828,20-40,6286,2626.2,False,True,2,0.8,inside,False,isoattenuating,0.181181,True,False,0.999523,0.980692,3.92773,3.92773,0.124104,0.982823,4.04687,4.04687,0.104914,209,235,116,209,236,118,0.00314417,0.00245355,0.989672,4.5625,2.86326e-05,-10.4609,0.921539,2.46344,0.989672,0.332278,0.31962,0.617737,0.602446,,0.9
PanTS_00002750,2,4,21.5522,20-40,2076,867.322,False,False,2,0.8,inside,False,isoattenuating,0,False,True,0.998555,0.000280211,-8.17969,-8.17969,0.00011736,0.000280211,-8.17969,-8.17969,0.00010361,266,246,76,266,246,76,0.0948523,0.0948523,0.989672,4.5625,2.86326e-05,-10.4609,0.921539,2.46344,0.989672,0.727848,0.727848,0.978593,0.978593,,
PanTS_00002759,1,2,66.6038,>=40,23909,72964.5,False,True,1,5,abutting,False,isoattenuating,0.0379944,True,False,0.0150989,0.693888,0.818359,0.818359,0.0419384,0.693888,0.818359,0.818359,0.0355984,152,261,54,152,261,54,0,0,0.00532254,-5.23047,7.14027e-07,-14.1523,0.000459047,-7.6859,0.961642,0.458861,0.458861,0.7737,0.7737,0.5,0.5
PanTS_00002779,1,1,46.6586,>=40,33984,16593.8,False,True,1,0.8,inside,False,isoattenuating,0.606501,True,False,0.85808,0.994979,5.28906,5.28906,0.456365,0.994979,5.28906,5.28906,0.318104,226,229,72,226,229,72,0,0,0.957596,3.11719,8.33272e-06,-11.6953,0.067398,-2.62736,0.994979,0.208861,0.208861,0.446483,0.446483,0.9,0.9
PanTS_00002829,1,4,22.5215,20-40,1688,1313.73,False,True,1,1.25,inside,False,hypoattenuating,0.777341,True,False,1,0.986828,4.31641,4.31641,0.660518,0.986828,4.31641,4.31641,0.380214,178,109,78,178,109,78,0,0,0.507818,0.0312728,3.40642e-06,-12.5898,0.000258148,-8.26172,0.986828,0.310127,0.310127,0.574924,0.574924,0.9,0.9
PanTS_00002849,1,0,49.4408,>=40,28507,18145.6,False,True,1,0.8,inside,False,hyperattenuating,0.796114,True,False,1,0.998943,6.85163,6.85156,0.667498,0.998943,6.85163,6.85156,0.472677,230,168,15,230,168,15,0,0,0.993423,5.01758,8.63087e-06,-11.6602,0.963057,3.26074,0.998943,0.0537975,0.0537975,0.110092,0.110092,0.9,0.9
PanTS_00002855,1,3,35.9609,20-40,23969,7212.06,False,True,1,0.8,inside,False,unknown,0,False,True,0.912512,0.000559291,-7.48828,-7.48828,9.159e-05,0.000559291,-7.48828,-7.48828,9.19137e-05,224,212,145,224,212,145,0.0315319,0.0315319,0.00426463,-5.45313,2.52682e-05,-10.5859,0.00105052,-6.85742,0.0532554,0.68038,0.68038,0.944954,0.944954,,
PanTS_00002859,1,3,11.535,10-20,196,279.07,False,True,1,2,abutting,False,hypoattenuating,0,False,True,0.887755,0.000160304,-8.73828,-8.73828,9.91695e-05,0.000160304,-8.73828,-8.73828,8.29478e-05,241,87,152,241,87,152,0.0839497,0.0839497,0.0995577,-2.20215,1.3846e-05,-11.1875,0.00100442,-6.90234,0.762954,0.791139,0.791139,0.990826,0.990826,,
PanTS_00002866,1,2,20.406,20-40,332,820.679,False,True,1,5,embedded,False,hypoattenuating,0,False,True,0.512048,0.0268867,-3.58887,-3.58887,0.00487186,0.0268867,-3.58887,-3.58887,0.00301829,259,253,18,259,253,18,0,0,0.00083936,-7.08203,3.68322e-06,-12.5117,8.22019e-05,-9.40625,0.998415,0.575949,0.575949,0.850153,0.850153,0.01,0.01
PanTS_00002875,1,0,70.2386,>=40,56519,44205.4,False,True,2,1.25,inside,False,isoattenuating,0.778905,True,False,0.952989,0.99857,6.54879,6.54883,0.78591,0.99857,6.54879,6.54883,0.701113,192,84,80,192,84,80,0,0,0.995744,5.45509,6.08504e-05,-9.70703,0.986416,4.28516,0.99857,0.0601266,0.0601266,0.140673,0.140673,0.9,0.9
PanTS_00002875,2,0,5.53711,5-10,22,17.2069,False,False,2,1.25,inside,False,isoattenuating,0,False,True,1,6.81487e-05,-9.59375,-9.59375,3.50938e-05,0.000108472,-9.12891,-9.12891,3.58293e-05,175,123,61,176,121,61,0.485752,0.42832,0.995744,5.45509,6.08504e-05,-9.70703,0.986416,4.28516,0.99857,0.89557,0.829114,0.993884,0.990826,,
PanTS_00002888,1,2,39.7292,20-40,5030,6286.15,False,True,1,2.5,inside,False,hypoattenuating,0,False,True,1,0.00228723,-6.07813,-6.07813,0.000159437,0.0821066,-2.41406,-2.41406,0.00018688,219,233,52,217,235,52,0.0234612,0.0134694,0.99863,6.59178,1.18431e-05,-11.3438,0.284682,-0.921353,0.99863,0.642405,0.541139,0.905199,0.816514,0.001,0.001
PanTS_00002889,1,3,23.8824,20-40,1997,870.786,False,True,2,0.8,embedded,False,isoattenuating,0,False,True,1,0.0046546,-5.36523,-5.36523,0.00148323,0.00677121,-4.98828,-4.98828,0.00137745,245,268,179,242,263,184,0.00482154,0.00250185,0.0316786,-3.41992,1.07413e-05,-11.4414,0.00324136,-5.72852,0.0624453,0.60443,0.594937,0.892966,0.877676,0.003,0.003
PanTS_00002889,2,3,14.9151,10-20,1602,698.547,False,False,2,0.8,embedded,False,isoattenuating,0,False,True,1,0.000211529,-8.46094,-8.46094,6.32571e-05,0.000339302,-7.98828,-7.98828,5.84147e-05,257,271,206,257,272,204,0.0977468,0.072431,0.0316786,-3.41992,1.07413e-05,-11.4414,0.00324136,-5.72852,0.0624453,0.762658,0.712025,0.987768,0.966361,,
PanTS_00002893,1,2,30.061,20-40,3685,6258.39,False,True,1,2.5,inside,False,isoattenuating,0.830971,True,False,1,0.999813,8.58624,8.58594,0.733979,0.999813,8.58624,8.58594,0.527632,247,216,49,247,216,49,0,0,0.534202,0.137024,1.93739e-05,-10.8516,0.0727249,-2.54557,0.999813,0.0221519,0.0221519,0.0366972,0.0366972,0.9,0.9
PanTS_00002898,1,1,26.3515,20-40,1110,390.338,False,False,2,0.800002,embedded,False,hypoattenuating,0,False,True,1,0.000171979,-8.66797,-8.66797,6.58261e-05,0.000471932,-7.6582,-7.6582,7.27855e-05,236,195,93,236,198,93,0.175532,0.0903327,0.96225,3.23828,2.55661e-05,-10.5742,0.253636,-1.07931,0.978405,0.778481,0.689873,0.987768,0.957187,,
PanTS_00002898,2,1,28.2105,20-40,11520,4051.08,False,True,2,0.800002,inside,False,isoattenuating,0.705419,True,False,0.96849,0.978405,3.81347,3.81348,0.788764,0.978405,3.81347,3.81348,0.628049,260,203,67,260,203,67,0,0,0.96225,3.23828,2.55661e-05,-10.5742,0.253636,-1.07931,0.978405,0.335443,0.335443,0.620795,0.620795,0.9,0.9
PanTS_00002905,1,2,18.3804,10-20,227,853.537,False,True,1,5,inside,False,hypoattenuating,0,False,True,1,5.56221e-05,-9.79688,-9.79687,2.51892e-05,6.97647e-05,-9.57031,-9.57031,2.35494e-05,315,120,65,321,128,67,0.0677499,0.0428537,0.000284622,-8.16406,1.01696e-05,-11.4961,0.000118205,-9.04297,0.999825,0.911392,0.889241,0.993884,0.993884,,
PanTS_00002906,1,3,18.6968,10-20,932,455.078,False,True,1,0.8,inside,False,isoattenuating,0,False,True,0.997854,0.134833,-1.85889,-1.85889,0.00417945,0.530769,0.12323,0.12323,0.00872476,275,220,31,274,218,31,0.000480575,1.36012e-05,0.60212,0.414307,1.26563e-05,-11.2773,0.00291218,-5.83594,0.60212,0.531646,0.474684,0.813456,0.7737,,0.1
PanTS_00002913,1,2,20.0361,20-40,1823,2753.93,False,True,1,2.5,inside,False,hyperattenuating,0,False,True,1,8.99285e-05,-9.31641,-9.31641,3.1609e-05,8.99285e-05,-9.31641,-9.31641,2.94398e-05,219,199,30,219,199,30,0.0370697,0.0370697,0.998204,6.32033,6.74805e-06,-11.9063,0.847112,1.71213,0.998204,0.857595,0.857595,0.993884,0.993884,,
PanTS_00002915,1,0,27.5318,20-40,1554,1554,False,True,1,1,inside,False,hypoattenuating,0,False,True,1,0.000298278,-8.11719,-8.11719,0.000106451,0.000341295,-7.98242,-7.98242,0.000107552,225,186,314,223,182,312,0.0311814,0.0276925,0.989909,4.58594,2.14003e-06,-13.0547,0.000967862,-6.93945,0.989909,0.724684,0.712025,0.972477,0.966361,,
PanTS_00002916,1,3,9.73774,5-10,175,86.3058,False,True,1,0.8,embedded,False,isoattenuating,0,False,True,1,0.000153562,-8.78125,-8.78125,5.67684e-05,0.000257142,-8.26563,-8.26562,5.95753e-05,252,167,143,254,166,142,0.123561,0.102603,0.389488,-0.449463,4.97571e-06,-12.2109,0.073231,-2.53809,0.997498,0.797468,0.740506,0.990826,0.978593,,
PanTS_00002927,1,3,28.9768,20-40,9279,8183.68,False,True,1,2,inside,False,hypoattenuating,0.86385,True,False,1,0.998114,6.27147,6.27148,0.79633,0.998114,6.27147,6.27148,0.560256,261,107,172,261,107,172,0,0,0.854763,1.77246,1.07413e-05,-11.4414,0.000336005,-7.99805,0.998114,0.0727848,0.0727848,0.174312,0.174312,0.9,0.9
PanTS_00002930,1,2,16.6289,10-20,588,1186.57,False,True,1,2.5,inside,False,hypoattenuating,0,False,True,1,0.01606,-4.11523,-4.11523,0.0019352,0.01606,-4.11523,-4.11523,0.00124205,260,232,49,260,232,49,0.0177548,0.0177548,0.992753,4.91992,1.90338e-06,-13.1719,0.168808,-1.5941,0.999569,0.585443,0.585443,0.862385,0.862385,0.01,0.01
PanTS_00002935,1,1,17.3638,10-20,94,317.25,False,False,2,1.5,embedded,False,isoattenuating,0,False,True,0.968085,0.000104726,-9.16406,-9.16406,6.42157e-05,0.000116828,-9.05469,-9.05469,6.10564e-05,86,92,92,86,93,92,0.189493,0.163955,0.00350382,-5.65039,4.34886e-05,-10.043,0.0011396,-6.77594,0.993914,0.838608,0.822785,0.990826,0.990826,,
PanTS_00002935,2,1,43.2926,>=40,5194,17529.8,False,True,2,1.5,inside,False,isoattenuating,0,False,True,0.764921,0.000998554,-6.9082,-6.9082,0.000203285,0.000998554,-6.9082,-6.9082,0.000183793,110,89,46,110,89,46,0.0123037,0.0123037,0.00350382,-5.65039,4.34886e-05,-10.043,0.0011396,-6.77594,0.993914,0.655063,0.655063,0.926606,0.926606,,
PanTS_00002936,1,4,79.415,>=40,18112,61128,False,True,1,1.5,abutting,False,hypoattenuating,0.572205,True,False,0.645925,0.99655,5.66602,5.66602,0.428626,0.99655,5.66602,5.66602,0.368535,105,107,92,105,107,92,0,0,0.995018,5.29687,4.72062e-05,-9.96094,0.90227,2.22271,0.997327,0.151899,0.151899,0.357798,0.357798,0.9,0.9
PanTS_00002960,1,4,15.8742,10-20,2102,1126.23,False,True,1,1.5,inside,False,isoattenuating,0,False,True,1,1.47967e-05,-11.1211,-11.1211,5.66585e-06,1.69644e-05,-10.9844,-10.9844,6.03813e-06,284,257,17,281,258,17,0.121583,0.0951501,6.81487e-05,-9.59375,3.90548e-06,-12.4531,3.94426e-05,-10.1406,0.210848,0.971519,0.971519,1,1,,
PanTS_00002963,1,3,20.0992,20-40,1861,820.094,False,True,6,0.8,embedded,False,isoattenuating,0,False,True,0.793659,0.000235052,-8.35547,-8.35547,7.28816e-05,0.000285736,-8.16016,-8.16016,6.9788e-05,211,256,122,219,264,108,0.020972,0.0129565,0.957517,3.11523,1.00512e-05,-11.5078,0.000313811,-8.06641,0.966632,0.753165,0.727848,0.984709,0.975535,,
PanTS_00002963,2,3,15.5475,10-20,1100,484.741,False,False,6,0.8,embedded,False,isoattenuating,0.0576102,True,False,0.859091,0.822046,1.53027,1.53027,0.0750963,0.937038,2.70019,2.7002,0.0849648,218,291,113,217,293,113,9.6273e-05,3.7267e-05,0.957517,3.11523,1.00512e-05,-11.5078,0.000313811,-8.06641,0.966632,0.443038,0.392405,0.746177,0.681957,,0.7
PanTS_00002963,3,3,1.6,<5,3,1.32202,True,False,6,0.8,embedded,False,hyperattenuating,0,False,True,1,0.00013084,-8.94141,-8.94141,0.000106463,0.000180231,-8.62109,-8.62109,0.00010964,212,252,130,214,253,130,0.0801426,0.0396676,0.957517,3.11523,1.00512e-05,-11.5078,0.000313811,-8.06641,0.966632,0.813291,0.775316,0.990826,0.987768,,
PanTS_00002963,4,3,2.51214,<5,8,3.52539,True,False,6,0.8,embedded,False,hyperattenuating,0,False,True,1,0.000222546,-8.41016,-8.41016,0.000194318,0.000354194,-7.94531,-7.94531,0.000184892,222,269,108,220,270,108,0.0238788,0.00741613,0.957517,3.11523,1.00512e-05,-11.5078,0.000313811,-8.06641,0.966632,0.753165,0.708861,0.984709,0.966361,,
PanTS_00002963,5,3,6.73948,5-10,88,38.7793,False,False,6,0.8,embedded,False,hypoattenuating,0,False,True,1,0.000140919,-8.86719,-8.86719,7.3223e-05,0.000203427,-8.5,-8.5,7.49235e-05,231,254,104,231,254,106,0.0686395,0.029562,0.957517,3.11523,1.00512e-05,-11.5078,0.000313811,-8.06641,0.966632,0.803797,0.765823,0.990826,0.987768,,
PanTS_00002963,6,3,4.61396,<5,30,13.2202,False,False,6,0.8,abutting,False,isoattenuating,0,False,True,0.833333,0.000117745,-9.04688,-9.04687,8.93991e-05,0.000150593,-8.80078,-8.80078,7.93181e-05,245,248,100,246,247,102,0.0975152,0.0594284,0.957517,3.11523,1.00512e-05,-11.5078,0.000313811,-8.06641,0.966632,0.822785,0.800633,0.990826,0.990826,,
PanTS_00002993,1,1,37.9795,20-40,17294,14270.9,False,True,1,1.25,inside,False,hypoattenuating,0.762045,True,False,0.999075,0.997537,6.00392,6.00391,0.93632,0.997537,6.00392,6.00391,0.80689,180,135,82,180,135,82,0,0,0.997199,5.87499,1.12568e-05,-11.3945,0.992475,4.88199,0.997537,0.10443,0.10443,0.2263,0.2263,0.9,0.9
PanTS_00003012,1,0,26.3595,20-40,632,2146.7,False,False,6,5,embedded,False,isoattenuating,0,False,True,0.593354,0.000134466,-8.91406,-8.91406,5.2785e-05,0.000135521,-8.90625,-8.90625,4.76543e-05,17,157,181,17,158,181,0.0387585,0.0383646,0.991907,4.8086,8.9397e-06,-11.625,0.00295515,-5.82125,0.99251,0.810127,0.806962,0.990826,0.990826,,
PanTS_00003012,2,0,48.3825,>=40,2298,7805.58,False,True,6,5,abutting,False,isoattenuating,0,False,True,0.0113142,0.0110082,-4.49805,-4.49805,0.00105728,0.0110082,-4.49805,-4.49805,0.000968923,27,172,189,27,172,189,0.00748385,0.00748385,0.991907,4.8086,8.9397e-06,-11.625,0.00295515,-5.82125,0.99251,0.588608,0.588608,0.87156,0.87156,0.01,0.01
PanTS_00003012,3,0,11.4504,10-20,109,370.238,False,False,6,5,abutting,False,hypoattenuating,0,False,True,0,0.00108807,-6.82227,-6.82227,0.000481062,0.00128431,-6.65625,-6.65625,0.00046585,23,142,199,23,139,191,0.0126438,0.0122105,0.991907,4.8086,8.9397e-06,-11.625,0.00295515,-5.82125,0.99251,0.655063,0.655063,0.920489,0.920489,0.001,0.001
PanTS_00003012,4,0,11.824,10-20,128,434.775,False,False,6,5,separated,True,hypoattenuating,0,False,True,0,0.000646203,-7.34375,-7.34375,0.000350299,0.000656373,-7.32813,-7.32812,0.000342373,30,155,192,30,157,197,0.0149677,0.0149283,0.991907,4.8086,8.9397e-06,-11.625,0.00295515,-5.82125,0.99251,0.670886,0.670886,0.941896,0.941896,,
PanTS_00003012,5,0,42.4917,>=40,1583,5376.95,False,False,6,5,separated,True,isoattenuating,0,False,True,0,2.16131e-05,-10.7422,-10.7422,6.60994e-06,5.18457e-05,-9.86719,-9.86719,7.11924e-06,39,147,159,39,145,158,0.337679,0.151725,0.991907,4.8086,8.9397e-06,-11.625,0.00295515,-5.82125,0.99251,0.96519,0.911392,1,0.996942,,
PanTS_00003012,6,0,19.3437,10-20,471,1599.84,False,False,6,5,separated,True,hypoattenuating,0,False,True,0,0.000129822,-8.94922,-8.94922,3.5676e-05,0.000129822,-8.94922,-8.94922,3.55898e-05,39,102,178,39,102,178,0.0402946,0.0402946,0.991907,4.8086,8.9397e-06,-11.625,0.00295515,-5.82125,0.99251,0.816456,0.816456,0.990826,0.990826,,
PanTS_00003024,1,1,7.34847,5-10,105,105,False,False,4,1,inside,False,isoattenuating,0,False,True,1,0.000260172,-8.25391,-8.25391,9.65104e-05,0.000824747,-7.09961,-7.09961,9.28466e-05,248,174,232,248,176,232,0.0216386,0.0026102,0.60013,0.406006,5.5508e-06,-12.1016,0.000412456,-7.79297,0.9879,0.740506,0.664557,0.978593,0.932722,,
PanTS_00003024,2,1,17.8326,10-20,243,243,False,True,4,1,inside,False,hypoattenuating,0,False,True,1,0.000673241,-7.30273,-7.30273,0.000233055,0.000818334,-7.10742,-7.10742,0.000224618,339,149,185,337,150,185,0.00392163,0.00263552,0.60013,0.406006,5.5508e-06,-12.1016,0.000412456,-7.79297,0.9879,0.667722,0.664557,0.941896,0.932722,,
PanTS_00003024,3,1,2,<5,3,3,True,False,4,1,inside,False,hypoattenuating,0,False,True,1,0.000189617,-8.57031,-8.57031,0.000146542,0.000297115,-8.12109,-8.12109,0.000162997,332,143,185,332,144,184,0.0348035,0.0175676,0.60013,0.406006,5.5508e-06,-12.1016,0.000412456,-7.79297,0.9879,0.772152,0.724684,0.987768,0.972477,,
PanTS_00003024,4,1,2.23607,<5,6,6,True,False,4,1,inside,False,hypoattenuating,0,False,True,1,0.000195635,-8.53906,-8.53906,0.000151229,0.000375559,-7.88672,-7.88672,0.000169888,334,144,185,334,146,185,0.0333275,0.0118231,0.60013,0.406006,5.5508e-06,-12.1016,0.000412456,-7.79297,0.9879,0.768987,0.708861,0.987768,0.966361,,
PanTS_00003029,1,3,13.2476,10-20,90,303.75,False,True,1,1.5,inside,False,isoattenuating,0.0445434,True,False,1,0.997542,6.00586,6.00586,0.996293,0.997649,6.05077,6.05078,0.986123,136,110,42,135,113,40,0.00252389,0.00147463,0.997893,6.16017,4.5933e-05,-9.98828,0.997007,5.80859,0.997893,0.10443,0.10443,0.2263,0.223242,,0.9
PanTS_00003033,1,0,17.1118,10-20,2167,1166.57,False,True,1,0.7,inside,False,isoattenuating,0,False,True,1,0.00423159,-5.46094,-5.46094,0.00107121,0.00423159,-5.46094,-5.46094,0.000640477,263,259,153,263,259,153,0,0,0.0010005,-6.90625,3.77057e-06,-12.4883,0.000134466,-8.91406,0.991272,0.610759,0.610759,0.892966,0.892966,0.003,0.003
PanTS_00003038,1,2,25.0004,20-40,1748,3761.22,False,True,1,2.5,inside,False,isoattenuating,0.589227,True,False,1,0.999814,8.59008,8.58984,0.908992,0.999814,8.59008,8.58984,0.801458,239,202,34,239,202,34,0,0,0.999193,7.1211,1.28055e-05,-11.2656,0.992199,4.8457,0.999814,0.0221519,0.0221519,0.0366972,0.0366972,0.9,0.9
PanTS_00003051,1,2,24.1564,20-40,5239,2153.43,False,True,1,0.8,abutting,False,isoattenuating,0,False,True,0.599924,0.000139277,-8.87891,-8.87891,3.70224e-05,0.000223416,-8.40625,-8.40625,3.82803e-05,220,248,130,219,248,132,0.0629473,0.0514823,0.999231,7.16994,1.45673e-05,-11.1367,0.973452,3.6019,0.999231,0.806962,0.753165,0.990826,0.984709,,
PanTS_00003072,1,2,12.2319,10-20,768,303.75,False,True,2,0.8,inside,False,hypoattenuating,0.000673401,True,False,1,0.688364,0.792481,0.79248,0.00671408,0.929568,2.58008,2.58008,0.0300907,218,213,115,217,212,117,0.0103593,0.0054793,0.992934,4.94532,1.24601e-05,-11.293,0.714126,0.915508,0.992934,0.462025,0.39557,0.7737,0.69419,,0.5
PanTS_00003072,2,2,10.5376,10-20,173,68.4229,False,False,2,0.8,embedded,False,isoattenuating,0,False,True,1,8.92287e-05,-9.32422,-9.32422,6.2964e-05,9.61024e-05,-9.25,-9.25,6.01047e-05,243,209,81,250,218,82,0.123273,0.115796,0.992934,4.94532,1.24601e-05,-11.293,0.714126,0.915508,0.992934,0.863924,0.848101,0.993884,0.993884,,
PanTS_00003079,1,0,46.1751,>=40,11028,19195.8,False,True,1,3,inside,False,hypoattenuating,0.528948,True,False,0.995738,0.9917,4.78319,4.7832,0.363401,0.9917,4.78319,4.7832,0.289806,367,202,97,367,202,97,0.00101891,0.00101891,0.998062,6.24414,2.53671e-05,-10.582,0.894421,2.13672,0.999856,0.278481,0.278481,0.535168,0.535168,0.9,0.9
PanTS_00003082,1,2,31.0758,20-40,5039,7384.42,False,True,1,2.5,inside,False,hypoattenuating,0.586576,True,False,1,0.999714,8.15992,8.16016,0.899419,0.999714,8.15992,8.16016,0.833291,164,201,37,164,201,37,0,0,0.998004,6.21486,1.36313e-05,-11.2031,0.99088,4.68811,0.999714,0.028481,0.028481,0.0550459,0.0550459,0.9,0.9
PanTS_00003084,1,2,16.8858,10-20,743,1618.25,False,True,1,5,inside,False,isoattenuating,0,False,True,0.994616,0.000401335,-7.82031,-7.82031,0.00012065,0.000401335,-7.82031,-7.82031,0.000101437,288,266,54,288,266,54,0.0110481,0.0110481,0.994979,5.28906,9.25957e-06,-11.5898,0.000462718,-7.67793,0.994979,0.705696,0.705696,0.963303,0.963303,,
PanTS_00003113,1,0,31.0898,20-40,2467,4939.56,False,True,1,5,inside,False,hypoattenuating,0.565062,True,False,1,0.998622,6.58596,6.58594,0.795939,0.998622,6.58596,6.58594,0.657362,252,270,21,252,270,21,0,0,0.997901,6.16406,1.68983e-05,-10.9883,0.987448,4.36524,0.998622,0.056962,0.056962,0.137615,0.137615,0.9,0.9
PanTS_00003127,1,2,13.8182,10-20,298,909.424,False,False,2,5,inside,False,isoattenuating,0,False,True,1,4.35688e-06,-12.3438,-12.3437,2.36077e-06,4.35688e-06,-12.3438,-12.3437,2.04221e-06,151,149,35,151,149,35,0.68431,0.68431,0.998625,6.58787,1.013e-05,-11.5,0.973933,3.62068,0.998625,0.996835,0.996835,1,1,,
PanTS_00003127,2,2,21.6219,20-40,1221,3726.2,False,True,2,5,inside,False,isoattenuating,0.273951,True,False,1,0.995444,5.38673,5.38672,0.290912,0.996008,5.51953,5.51953,0.270925,198,188,29,200,188,29,0.00172356,0.00147337,0.998625,6.58787,1.013e-05,-11.5,0.973933,3.62068,0.998625,0.196203,0.18038,0.434251,0.412844,,0.9
PanTS_00003128,1,2,55.5668,>=40,16016,26466.9,False,True,1,3,inside,False,hypoattenuating,0.494867,True,False,1,0.995497,5.39844,5.39844,0.3432,0.995497,5.39844,5.39844,0.290532,355,170,110,355,170,110,0,0,0.990404,4.63672,1.07833e-05,-11.4375,0.257952,-1.05664,0.995497,0.193038,0.193038,0.431193,0.431193,0.9,0.9
PanTS_00003130,1,4,32.2019,20-40,1456,4443.36,False,False,2,5,inside,False,isoattenuating,0,False,True,1,0.00084759,-7.07227,-7.07227,0.000152075,0.000859248,-7.05859,-7.05859,0.00014511,190,164,74,185,166,74,0.22571,0.224674,0.988154,4.42383,8.5143e-05,-9.37109,0.957474,3.11417,0.997188,0.661392,0.661392,0.932722,0.929664,,
PanTS_00003130,2,4,36.3848,20-40,2976,9082.03,False,True,2,5,inside,False,hypoattenuating,0.0782918,True,False,0.953965,0.940953,2.76856,2.76855,0.102883,0.949342,2.93066,2.93066,0.102453,290,194,63,291,192,63,0.0129966,0.011389,0.988154,4.42383,8.5143e-05,-9.37109,0.957474,3.11417,0.997188,0.386076,0.386076,0.681957,0.678899,,0.9
PanTS_00003147,1,2,24.8014,20-40,6002,5643.58,False,True,1,2.5,inside,False,hypoattenuating,0.893817,True,False,1,0.999863,8.89473,8.89453,0.973614,0.999863,8.89473,8.89453,0.798572,247,211,40,247,211,40,0,0,0.991067,4.70899,1.01696e-05,-11.4961,0.00122894,-6.70037,0.999863,0.0189873,0.0189873,0.0275229,0.0275229,0.9,0.9
PanTS_00003148,1,1,18.4633,10-20,1617,789.551,False,True,1,0.8,inside,False,hyperattenuating,0,False,True,1,0.0191057,-3.93848,-3.93848,0.00171539,0.0361179,-3.28418,-3.28418,0.00182058,240,261,126,239,262,127,0.0555615,0.0498357,0.995095,5.31251,2.0543e-05,-10.793,0.989948,4.58984,0.995095,0.582278,0.566456,0.859327,0.831804,,0.01
PanTS_00003151,1,0,103.487,>=40,14115,55003.1,False,True,1,5,abutting,False,hypoattenuating,0.468136,True,False,0.00453418,0.997695,6.07033,6.07031,0.377648,0.998103,6.26559,6.26562,0.350679,105,161,21,105,159,21,0.00169205,0.00126004,0.999504,7.60934,2.43953e-05,-10.6211,0.846276,1.70568,0.999504,0.10443,0.0759494,0.220183,0.17737,0.9,0.9
PanTS_00003153,1,2,18.2681,10-20,136,389.099,False,False,3,3,abutting,False,hypoattenuating,0,False,True,0.338235,0.00379483,-5.57031,-5.57031,0.000329659,0.00379483,-5.57031,-5.57031,0.00022381,172,64,118,172,64,118,0.00775615,0.00775615,0.988492,4.45313,1.23631e-05,-11.3008,0.00250658,-5.98633,0.999646,0.620253,0.620253,0.896024,0.896024,,0.003
PanTS_00003153,2,2,34.7252,20-40,1586,4537.58,False,True,3,3,abutting,False,hypoattenuating,0,False,True,0.0157629,0.000949159,-6.95898,-6.95898,0.000132533,0.000949159,-6.95898,-6.95898,0.000100713,199,82,120,199,82,120,0.0189261,0.0189261,0.988492,4.45313,1.23631e-05,-11.3008,0.00250658,-5.98633,0.999646,0.655063,0.655063,0.929664,0.929664,,
PanTS_00003153,3,2,22.7441,20-40,600,1716.61,False,False,3,3,abutting,False,hypoattenuating,0,False,True,0.04,6.68307e-05,-9.61328,-9.61328,1.32731e-05,9.35105e-05,-9.27734,-9.27734,1.42713e-05,225,75,114,226,76,114,0.133854,0.0958163,0.988492,4.45313,1.23631e-05,-11.3008,0.00250658,-5.98633,0.999646,0.89557,0.85443,0.993884,0.993884,,
PanTS_00003160,1,0,25.9374,20-40,762,2571.75,False,True,1,1.5,inside,False,isoattenuating,0,False,True,0.993438,0.000869367,-7.04688,-7.04688,0.000177089,0.00241078,-6.02539,-6.02539,0.00017783,118,122,84,118,123,84,0.0218841,0.0171445,0.979295,3.85644,5.97845e-06,-12.0273,0.0415598,-3.13817,0.998556,0.661392,0.642405,0.929664,0.905199,,
PanTS_00003161,1,2,13.555,10-20,471,215.355,False,False,3,0.8,inside,False,isoattenuating,0,False,True,1,4.21506e-05,-10.0742,-10.0742,1.69566e-05,7.33987e-05,-9.51953,-9.51953,1.83394e-05,178,157,2,179,157,4,0.166563,0.133241,0.999228,7.16606,1.11024e-06,-13.7109,0.991969,4.8164,0.999861,0.927215,0.882911,1,0.993884,,
PanTS_00003161,2,2,6.81711,5-10,69,31.5488,False,False,3,0.8,inside,False,hyperattenuating,0,False,True,1,7.18326e-06,-11.8437,-11.8438,3.3473e-06,1.75029e-05,-10.9531,-10.9531,4.63681e-06,178,129,6,181,130,3,0.315895,0.244855,0.999228,7.16606,1.11024e-06,-13.7109,0.991969,4.8164,0.999861,0.987342,0.968354,1,1,,
PanTS_00003161,3,2,48.383,>=40,20043,9164.24,False,True,3,0.8,inside,False,hypoattenuating,0.497876,True,False,0.998553,0.999861,8.87834,8.87891,0.478115,0.999861,8.87834,8.87891,0.341978,207,151,12,207,151,12,0,0,0.999228,7.16606,1.11024e-06,-13.7109,0.991969,4.8164,0.999861,0.0189873,0.0189873,0.0275229,0.0275229,0.9,0.9
PanTS_00003162,1,0,23.4341,20-40,497,1860.35,False,True,1,5,inside,False,isoattenuating,0.409171,True,False,1,0.992654,4.90625,4.90625,0.641512,0.992654,4.90625,4.90625,0.503394,203,187,80,203,187,80,0,0,0.990786,4.67773,9.5535e-06,-11.5586,0.820236,1.51795,0.992654,0.25,0.25,0.504587,0.504587,0.9,0.9
PanTS_00003187,1,2,40.7489,>=40,6269,2176.82,False,True,5,0.801501,embedded,False,isoattenuating,0,False,True,0.525762,0.00243438,-6.01563,-6.01563,7.87614e-05,0.00694413,-4.96289,-4.96289,0.000106816,237,244,128,240,244,128,0.00257916,0.00139444,0.397909,-0.414185,1.15688e-05,-11.3672,0.000248261,-8.30078,0.975484,0.639241,0.594937,0.905199,0.877676,,0.001
PanTS_00003187,2,2,21.2736,20-40,2470,857.671,False,False,5,0.801501,abutting,False,hypoattenuating,0,False,True,0.404049,2.60703e-05,-10.5547,-10.5547,7.49881e-06,3.73436e-05,-10.1953,-10.1953,8.61496e-06,240,269,143,237,266,145,0.213559,0.135761,0.397909,-0.414185,1.15688e-05,-11.3672,0.000248261,-8.30078,0.975484,0.96519,0.946203,1,1,,
PanTS_00003187,3,2,8.91328,5-10,236,81.9475,False,False,5,0.801501,inside,False,isoattenuating,0,False,True,1,5.51892e-05,-9.80469,-9.80469,3.93312e-05,8.5143e-05,-9.37109,-9.37109,3.66185e-05,237,247,162,233,249,164,0.0956607,0.0561307,0.397909,-0.414185,1.15688e-05,-11.3672,0.000248261,-8.30078,0.975484,0.911392,0.867089,0.993884,0.993884,,
PanTS_00003187,4,2,2.81918,<5,12,4.16682,True,False,5,0.801501,inside,False,isoattenuating,0,False,True,1,9.27828e-05,-9.28516,-9.28516,8.3167e-05,0.000136584,-8.89844,-8.89844,8.2542e-05,238,259,137,238,256,136,0.0502071,0.0273369,0.397909,-0.414185,1.15688e-05,-11.3672,0.000248261,-8.30078,0.975484,0.85443,0.806962,0.993884,0.990826,,
PanTS_00003187,5,2,10.0768,10-20,293,101.74,False,False,5,0.801501,inside,False,hypoattenuating,0,False,True,1,0.000123877,-8.99609,-8.99609,6.06229e-05,0.000297115,-8.12109,-8.12109,6.37683e-05,244,246,139,246,245,137,0.0330324,0.00867569,0.397909,-0.414185,1.15688e-05,-11.3672,0.000248261,-8.30078,0.975484,0.822785,0.724684,0.990826,0.972477,,
PanTS_00003188,1,1,44.5688,>=40,9503,8456.65,False,True,1,1.25,inside,False,hypoattenuating,0.112882,True,False,1,0.93784,2.71387,2.71387,0.140445,0.976758,3.73828,3.73828,0.110958,268,150,99,267,149,98,0.0771216,0.0604445,0.996235,5.57813,9.76157e-05,-9.23438,0.994314,5.16406,0.996235,0.392405,0.338608,0.681957,0.626911,0.7,0.9
PanTS_00003192,1,4,37.0508,20-40,3733,7209.13,False,True,1,2.5,inside,False,hyperattenuating,0.531564,True,False,1,0.997783,6.10938,6.10937,0.59786,0.997783,6.10938,6.10937,0.496232,274,190,17,274,190,17,0,0,0.997599,6.02929,1.48546e-05,-11.1172,0.996682,5.70496,0.997783,0.101266,0.101266,0.211009,0.211009,0.9,0.9
PanTS_00003202,1,1,33.4173,20-40,1898,5620.96,False,True,1,3.75,inside,False,isoattenuating,0,False,True,1,0.00029251,-8.13672,-8.13672,0.000112684,0.00029251,-8.13672,-8.13672,9.81464e-05,306,206,103,306,206,103,0.00156334,0.00156334,0.00291218,-5.83594,1.17052e-05,-11.3555,0.000129316,-8.95313,0.996008,0.724684,0.724684,0.972477,0.972477,,
PanTS_00003205,1,4,34.4585,20-40,26927,8520.2,False,True,1,0.8,abutting,False,isoattenuating,0.602016,True,False,0.134809,0.997332,5.92384,5.92383,0.489492,0.997332,5.92384,5.92383,0.371226,281,214,101,281,214,101,0,0,0.514461,0.0578613,4.23156e-05,-10.0703,0.0070627,-4.94584,0.997332,0.117089,0.117089,0.244648,0.244648,0.9,0.9
PanTS_00003229,1,2,45.7644,>=40,18616,13990.6,False,True,1,1.25,inside,False,isoattenuating,0,False,True,1,5.94409e-05,-9.73047,-9.73047,4.93524e-06,5.94409e-05,-9.73047,-9.73047,3.94829e-06,176,98,32,176,98,32,0.0332485,0.0332485,0.0179517,-4.00195,1.98695e-06,-13.1289,0.000155372,-8.76953,0.990496,0.908228,0.908228,0.993884,0.993884,,
PanTS_00003246,1,2,34.6171,20-40,4020,9584.42,False,True,1,2.5,inside,False,isoattenuating,0.804405,True,False,1,0.997459,5.97265,5.97266,0.769286,0.997459,5.97265,5.97266,0.656913,235,208,121,235,208,121,0,0,0.975739,3.69434,4.01375e-06,-12.4258,0.592252,0.373284,0.998844,0.107595,0.107595,0.232416,0.232416,0.9,0.9
PanTS_00003258,1,2,19.63,10-20,243,1032.57,False,False,3,5,inside,False,hypoattenuating,0.316802,True,False,1,0.998342,6.40036,6.40039,0.849026,0.998505,6.50389,6.50391,0.722933,25,137,153,25,138,154,9.72763e-05,0,0.998383,6.42581,1.43115e-06,-13.457,0.984528,4.15315,0.998505,0.0632911,0.0601266,0.152905,0.146789,0.9,0.9
PanTS_00003258,2,2,26.2276,20-40,366,1555.23,False,True,3,5,separated,True,hypoattenuating,0.100233,True,False,0,0.996293,5.59376,5.59375,0.991629,0.996385,5.61914,5.61914,0.987253,33,133,159,37,136,154,0.00228599,0.00218872,0.998383,6.42581,1.43115e-06,-13.457,0.984528,4.15315,0.998505,0.167722,0.161392,0.385321,0.373089,,0.9
PanTS_00003258,3,2,17.3552,10-20,288,1223.79,False,False,3,5,separated,True,hypoattenuating,0.0752941,True,False,0,0.992753,4.91992,4.91992,0.863306,0.994488,5.19531,5.19531,0.789184,39,147,150,39,147,148,0.00476654,0.00364786,0.998383,6.42581,1.43115e-06,-13.457,0.984528,4.15315,0.998505,0.25,0.221519,0.501529,0.458716,,0.9
PanTS_00003260,1,3,44.1537,>=40,4689,1752.94,False,True,1,0.8,abutting,False,hypoattenuating,0,False,True,0.277245,0.0009164,-6.99414,-6.99414,0.000134753,0.00123758,-6.69336,-6.69336,0.000136043,222,169,57,228,170,63,0.139292,0.124472,0.962391,3.24219,0.0001023,-9.1875,0.0508254,-2.9272,0.993346,0.658228,0.655063,0.929664,0.920489,,
PanTS_00003265,1,3,11.0728,10-20,272,132.813,False,True,1,0.8,inside,False,isoattenuating,0,False,True,1,0.000975445,-6.93164,-6.93164,0.00018419,0.0280874,-3.54395,-3.54395,0.000424785,210,282,161,209,281,163,0.0771134,0.0435731,0.99729,5.90823,6.90808e-06,-11.8828,0.953579,3.02246,0.99729,0.655063,0.572785,0.926606,0.847095,,
PanTS_00003270,1,0,32.6738,20-40,15893,6858.29,False,True,1,0.7,inside,False,hyperattenuating,0.780945,True,False,1,0.99997,10.4249,10.4258,0.71001,0.99997,10.4249,10.4258,0.47239,224,135,83,224,135,83,0,0,0.997099,5.83985,1.36029e-06,-13.5078,0.00225536,-6.09219,0.99997,0,0,0,0,0.9,0.9
PanTS_00003276,1,3,33.724,20-40,2757,6573.19,False,True,1,2.5,inside,False,isoattenuating,0.680997,True,False,1,0.99802,6.22264,6.22266,0.816496,0.99802,6.22264,6.22266,0.718644,271,224,40,271,224,40,0,0,0.997622,6.03904,1.05335e-05,-11.4609,0.992003,4.8207,0.99802,0.0759494,0.0759494,0.17737,0.17737,0.9,0.9
PanTS_00003280,1,1,39.1008,20-40,535,2963.33,False,True,1,7.5,inside,False,hypoattenuating,0,False,True,0.95514,5.76122e-05,-9.76172,-9.76172,2.77952e-05,7.63223e-05,-9.48047,-9.48047,2.59867e-05,182,192,16,199,204,17,0.0159086,0.0054933,0.144089,-1.78174,8.33272e-06,-11.6953,6.50282e-05,-9.64063,0.994157,0.911392,0.876582,0.993884,0.993884,,
PanTS_00003287,1,0,24.9535,20-40,1812,3062.83,False,True,1,2.5,inside,False,hyperattenuating,0,False,True,1,0.0279809,-3.54785,-3.54785,0.00245991,0.0279809,-3.54785,-3.54785,0.0017045,231,176,31,231,176,31,0,0,0.00285601,-5.85547,1.90338e-06,-13.1719,0.000228713,-8.38281,0.964556,0.572785,0.572785,0.847095,0.847095,0.01,0.01
PanTS_00003292,1,3,32.3297,20-40,4341,10349.7,False,True,1,2.5,inside,False,hypoattenuating,0.759818,True,False,1,0.997796,6.11525,6.11523,0.782493,0.997796,6.11525,6.11523,0.64228,131,171,53,131,171,53,0,0,0.996378,5.6172,1.68983e-05,-10.9883,0.604226,0.423107,0.997796,0.101266,0.101266,0.211009,0.211009,0.9,0.9
PanTS_00003300,1,2,21.5335,20-40,1601,2274.92,False,True,1,2.5,inside,False,hyperattenuating,0.307452,True,False,1,0.860604,1.82031,1.82031,0.200937,0.860604,1.82031,1.82031,0.148216,306,190,30,306,190,30,0.0468223,0.0468223,0.999945,9.80029,2.3007e-05,-10.6797,0.998998,6.90426,0.999945,0.427215,0.427215,0.737003,0.737003,0.7,0.7
PanTS_00003303,1,2,41.7735,>=40,3401,12558.6,False,True,1,5,inside,False,isoattenuating,0,False,True,0.988239,0.000245369,-8.3125,-8.3125,6.2378e-05,0.000245369,-8.3125,-8.3125,5.57682e-05,312,207,63,312,207,63,0.00854169,0.00854169,0.262369,-1.03369,2.32782e-05,-10.668,0.000223416,-8.40625,0.988268,0.75,0.75,0.984709,0.984709,,
PanTS_00003318,1,1,35.0749,20-40,5261,8475.23,False,True,1,2.5,inside,False,hypoattenuating,0,False,True,1,0.0313211,-3.43164,-3.43164,0.00124814,0.0313211,-3.43164,-3.43164,0.00093465,252,240,29,252,240,29,0.0555202,0.0555202,0.997343,5.92772,7.67647e-06,-11.7773,0.997065,5.82811,0.997343,0.566456,0.566456,0.840979,0.840979,0.03,0.03
PanTS_00003339,1,2,31.762,20-40,4698,7978.81,False,True,1,2.5,inside,False,isoattenuating,0,False,True,0.976373,0.000237822,-8.34375,-8.34375,4.62952e-05,0.000237822,-8.34375,-8.34375,3.80709e-05,234,185,10,234,185,10,0,0,0.00013033,-8.94531,3.77057e-06,-12.4883,3.85289e-05,-10.1641,0.993189,0.753165,0.753165,0.984709,0.984709,,
PanTS_00003343,1,4,35.9653,20-40,2393,3930.42,False,True,1,2.5,abutting,False,hyperattenuating,0.434213,True,False,0.178855,0.997264,5.89844,5.89844,0.796069,0.997301,5.9121,5.91211,0.663061,186,148,59,188,145,59,0,0,0.994456,5.18946,2.66331e-06,-12.8359,0.000159679,-8.74219,0.997311,0.120253,0.120253,0.262997,0.256881,,0.9
PanTS_00003355,1,3,40.4675,>=40,11416,11287.8,False,True,1,2,inside,False,hypoattenuating,0.901966,True,False,1,0.997917,6.17186,6.17188,0.845957,0.997917,6.17186,6.17188,0.612273,243,138,173,243,138,173,0,0,0.99585,5.48048,2.48765e-05,-10.6016,0.984858,4.17504,0.997917,0.0917722,0.0917722,0.195719,0.195719,0.9,0.9
PanTS_00003356,1,2,27.27,20-40,2369,3471.66,False,True,1,2.5,inside,False,hypoattenuating,0,False,True,1,0.000231409,-8.37109,-8.37109,3.00724e-05,0.000231409,-8.37109,-8.37109,2.05212e-05,189,265,42,189,265,42,0.000862973,0.000862973,0.000442487,-7.72266,2.23399e-06,-13.0117,9.27828e-05,-9.28516,0.951097,0.753165,0.753165,0.984709,0.984709,,
PanTS_00003360,1,2,80.9113,>=40,6891,13845.5,False,True,1,2.5,abutting,False,isoattenuating,0.13024,True,False,0.609055,0.96793,3.40723,3.40723,0.0858958,0.96793,3.40723,3.40723,0.0618461,258,151,105,258,151,105,0,0,0.223038,-1.24805,3.83787e-05,-10.168,0.00808306,-4.80987,0.999648,0.363924,0.363924,0.657492,0.657492,0.9,0.9
PanTS_00003370,1,0,11.2245,10-20,414,315.857,False,True,1,0.8,embedded,False,hypoattenuating,0,False,True,0.94686,0.000952871,-6.95508,-6.95508,0.000149536,0.0230652,-3.74609,-3.74609,0.00028237,224,266,138,225,265,137,0.0601809,0.0319413,0.997649,6.05077,4.56597e-06,-12.2969,0.623958,0.506384,0.999731,0.655063,0.579114,0.926606,0.850153,,
PanTS_00003391,1,0,18.52,10-20,621,1059.67,False,False,2,2.5,abutting,False,hypoattenuating,0.679726,True,False,0.0676329,0.963506,3.27344,3.27344,0.523258,0.963506,3.27344,3.27344,0.340256,241,207,40,241,207,40,0,0,0.0434063,-3.09277,3.48721e-06,-12.5664,0.000700943,-7.26238,0.992879,0.373418,0.373418,0.672783,0.672783,0.9,0.9
PanTS_00003391,2,0,45.3664,>=40,2330,3975.91,False,True,2,2.5,inside,False,hypoattenuating,0.0948487,True,False,0.956652,0.833189,1.6084,1.6084,0.0735826,0.833189,1.6084,1.6084,0.0412624,279,188,56,279,188,56,0,0,0.0434063,-3.09277,3.48721e-06,-12.5664,0.000700943,-7.26238,0.992879,0.439873,0.439873,0.746177,0.746177,0.7,0.7
PanTS_00003398,1,4,20.813,20-40,2274,1160.88,False,True,1,0.8,inside,False,hyperattenuating,0,False,True,1,0.00197618,-6.22461,-6.22461,9.26017e-05,0.00312365,-5.76562,-5.76562,0.0001135,232,258,208,233,260,208,4.25054e-05,1.21444e-05,0.00864418,-4.74219,3.75587e-06,-12.4922,0.000353503,-7.94727,0.987993,0.642405,0.632911,0.908257,0.905199,0.003,0.001
PanTS_00003405,1,4,24.0936,20-40,424,1431,False,True,1,1.5,inside,False,hyperattenuating,0.0143885,True,False,1,0.983085,4.0625,4.0625,0.0753094,0.995047,5.30274,5.30273,0.105317,127,106,81,127,105,81,0.0337649,0.0217625,0.997188,5.8711,1.56895e-05,-11.0625,0.996213,5.57228,0.997343,0.316456,0.205696,0.59633,0.446483,,0.9
PanTS_00003416,1,2,17.9563,10-20,119,400.383,False,False,3,5,abutting,False,hypoattenuating,0,False,True,0.0504202,0.000139822,-8.875,-8.875,5.2878e-05,0.000161561,-8.73047,-8.73047,4.62065e-05,210,190,38,213,190,38,0.116453,0.106695,0.924347,2.50293,1.18895e-05,-11.3398,0.00100697,-6.8998,0.995793,0.803797,0.787975,0.990826,0.990826,,
PanTS_00003416,2,2,68.7101,>=40,6352,21371.7,False,True,3,5,abutting,False,isoattenuating,0.554635,True,False,0,0.995793,5.46679,5.4668,0.603681,0.995793,5.46679,5.4668,0.493865,262,210,31,262,210,31,0,0,0.924347,2.50293,1.18895e-05,-11.3398,0.00100697,-6.8998,0.995793,0.189873,0.189873,0.428135,0.428135,0.9,0.9
PanTS_00003416,3,2,11.8918,10-20,116,390.289,False,False,3,5,separated,True,isoattenuating,0,False,True,0,6.88114e-06,-11.8867,-11.8867,3.58955e-06,2.19535e-05,-10.7266,-10.7266,3.98537e-06,263,242,35,262,240,35,0.628075,0.341352,0.924347,2.50293,1.18895e-05,-11.3398,0.00100697,-6.8998,0.995793,0.990506,0.96519,1,1,,
PanTS_00003431,1,1,30.6174,20-40,3369,5885.58,False,True,1,2.5,inside,False,isoattenuating,0,False,True,0.997922,0.00459168,-5.37891,-5.37891,0.00107189,0.00459168,-5.37891,-5.37891,0.000900929,236,176,109,236,176,109,0.0711151,0.0711151,0.99585,5.48048,4.36588e-05,-10.0391,0.993019,4.95749,0.99585,0.607595,0.607595,0.892966,0.892966,0.003,0.003
PanTS_00003434,1,2,38.9077,20-40,7672,13781.2,False,True,1,2.5,inside,False,isoattenuating,0.712546,True,False,1,0.999936,9.65261,9.65234,0.56276,0.999936,9.65261,9.65234,0.435355,222,121,131,222,121,131,0,0,0.991272,4.73242,7.85851e-06,-11.7539,0.00241681,-6.02289,0.999936,0.00316456,0.00316456,0.00611621,0.00611621,0.9,0.9
PanTS_00003437,1,2,33.9845,20-40,3657,7188.48,False,True,1,2.5,inside,False,hypoattenuating,0.725222,True,False,0.979765,0.999906,9.27279,9.27344,0.820435,0.999906,9.27279,9.27344,0.656472,275,192,48,275,192,48,0,0,0.99711,5.84373,4.51277e-06,-12.3086,0.916506,2.39579,0.999906,0.00632911,0.00632911,0.00917431,0.00917431,0.9,0.9
PanTS_00003441,1,4,47.4778,>=40,22893,21641,False,True,1,2,inside,False,isoattenuating,0.860948,True,False,0.997423,0.99661,5.6836,5.68359,0.789744,0.99661,5.6836,5.68359,0.616869,236,239,128,236,239,128,0,0,0.991187,4.72265,8.30023e-06,-11.6992,0.0268648,-3.58971,0.99728,0.151899,0.151899,0.35474,0.35474,0.9,0.9
PanTS_00003457,1,4,24.9782,20-40,551,1346.94,False,True,1,5,inside,False,hypoattenuating,0.0260573,True,False,0.829401,0.990997,4.70118,4.70117,0.351243,0.991828,4.79883,4.79883,0.37515,107,175,11,109,173,11,0.000525606,0,0.99178,4.79297,7.49864e-06,-11.8008,0.823876,1.54283,0.993649,0.28481,0.272152,0.541284,0.522936,,0.9
PanTS_00003473,1,0,31.5815,20-40,1535,3794.4,False,True,3,5,abutting,False,isoattenuating,0.416287,True,False,0.748534,0.992016,4.82226,4.82227,0.479763,0.994402,5.17969,5.17969,0.402551,210,213,67,210,211,66,0.000674389,0.00015868,0.9948,5.2539,5.37007e-05,-9.83203,0.946624,2.87554,0.9948,0.265823,0.224684,0.522936,0.464832,,0.9
PanTS_00003473,2,0,19.7001,10-20,303,748.993,False,False,3,5,embedded,False,hypoattenuating,0,False,True,0.633663,0.00367851,-5.60156,-5.60156,0.000568552,0.00380222,-5.56836,-5.56836,0.000467718,211,200,73,211,201,73,0.0732902,0.0724373,0.9948,5.2539,5.37007e-05,-9.83203,0.946624,2.87554,0.9948,0.620253,0.620253,0.902141,0.896024,,0.003
PanTS_00003473,3,0,23.2681,20-40,1258,3109.68,False,False,3,5,inside,False,hypoattenuating,0,False,True,0.841812,0.00104439,-6.86328,-6.86328,0.000424571,0.00104439,-6.86328,-6.86328,0.000342255,274,225,59,274,225,59,0.126825,0.126825,0.9948,5.2539,5.37007e-05,-9.83203,0.946624,2.87554,0.9948,0.655063,0.655063,0.920489,0.920489,0.001,0.001
PanTS_00003485,1,1,11.7362,10-20,1018,402.627,False,True,2,0.8,inside,False,hyperattenuating,0.229988,True,False,1,0.962532,3.24609,3.24609,0.634085,0.965706,3.33789,3.33789,0.493943,232,281,178,232,282,178,3.00235e-06,0,0.963057,3.26074,5.727e-06,-12.0703,0.528405,0.113744,0.965706,0.373418,0.373418,0.672783,0.669725,0.9,0.9
PanTS_00003485,2,1,3.76358,<5,36,14.2383,False,False,2,0.8,embedded,False,hyperattenuating,0,False,True,1,4.57539e-05,-9.99219,-9.99219,3.24774e-05,5.30751e-05,-9.84375,-9.84375,2.56053e-05,256,277,153,255,277,155,0.235216,0.223276,0.963057,3.26074,5.727e-06,-12.0703,0.528405,0.113744,0.965706,0.920886,0.911392,1,0.996942,,
PanTS_00003493,1,0,43.8399,>=40,5250,12336.8,False,True,3,5,inside,False,hypoattenuating,0.314797,True,False,1,0.986675,4.30469,4.30469,0.188748,0.986675,4.30469,4.30469,0.140795,219,261,23,219,261,23,0,0,0.537284,0.149414,1.07833e-05,-11.4375,0.0222473,-3.78304,0.986675,0.310127,0.310127,0.577982,0.577982,0.9,0.9
PanTS_00003493,2,0,10.2419,10-20,171,401.828,False,False,3,5,inside,False,hypoattenuating,0,False,True,1,0.000139822,-8.875,-8.875,4.65969e-05,0.000162828,-8.72266,-8.72266,4.57598e-05,337,237,18,335,238,18,0.079064,0.0680377,0.537284,0.149414,1.07833e-05,-11.4375,0.0222473,-3.78304,0.986675,0.803797,0.787975,0.990826,0.990826,,
PanTS_00003493,3,0,5.22097,5-10,38,89.2952,False,False,3,5,inside,False,hypoattenuating,0,False,True,1,0.000123395,-9,-9,6.77759e-05,0.000187409,-8.58203,-8.58203,7.37947e-05,360,209,18,358,207,18,0.0898098,0.0596347,0.537284,0.149414,1.07833e-05,-11.4375,0.0222473,-3.78304,0.986675,0.822785,0.772152,0.990826,0.987768,,
PanTS_00003495,1,4,21.5305,20-40,1278,2088.97,False,True,1,2.5,abutting,False,hyperattenuating,0.800702,True,False,0.0289515,0.998306,6.37892,6.37891,0.712496,0.998306,6.37892,6.37891,0.463373,232,214,49,232,214,49,0,0,0.995882,5.4883,4.49518e-06,-12.3125,0.229727,-1.20985,0.998306,0.0632911,0.0632911,0.155963,0.155963,0.9,0.9
PanTS_00003496,1,1,34.4842,20-40,5592,10418.7,False,True,2,2.5,inside,False,isoattenuating,0.672206,True,False,1,0.997479,5.98049,5.98047,0.526279,0.997479,5.98049,5.98047,0.388094,217,186,31,217,186,31,0,0,0.933005,2.63379,1.70308e-05,-10.9805,0.00608467,-5.09588,0.997479,0.10443,0.10443,0.229358,0.229358,0.9,0.9
PanTS_00003496,2,1,12.8336,10-20,108,201.219,False,False,2,2.5,inside,False,hypoattenuating,0,False,True,1,0.000105135,-9.16016,-9.16016,4.2491e-05,0.000105135,-9.16016,-9.16016,3.69071e-05,220,192,24,220,192,24,0.146486,0.146486,0.933005,2.63379,1.70308e-05,-10.9805,0.00608467,-5.09588,0.997479,0.838608,0.838608,0.990826,0.990826,,
PanTS_00003513,1,0,9.43398,5-10,102,102,False,True,1,1,inside,False,hypoattenuating,0,False,True,1,0.0960255,-2.24219,-2.24219,0.0288318,0.182936,-1.49658,-1.49658,0.0301339,242,171,308,241,170,309,0.0015674,0.000575091,0.314998,-0.776855,3.11373e-06,-12.6797,0.0120538,-4.40625,0.674533,0.541139,0.512658,0.816514,0.810398,,0.03
PanTS_00003521,1,0,19.0232,10-20,1301,1459.71,False,True,1,2.5,abutting,False,isoattenuating,0,False,True,0.245196,0.000265302,-8.23438,-8.23438,6.16831e-05,0.000265302,-8.23438,-8.23438,4.81571e-05,269,146,90,269,146,90,0.00158033,0.00158033,0.000382217,-7.86914,5.11364e-06,-12.1836,8.71619e-05,-9.34766,0.999248,0.740506,0.740506,0.978593,0.978593,,
PanTS_00003527,1,0,25.02,20-40,1248,1248,False,True,1,1,embedded,False,hypoattenuating,0.290155,True,False,0.704327,0.997708,6.07618,6.07617,0.749235,0.998039,6.23243,6.23242,0.565858,170,202,20,170,201,20,0,0,0.99494,5.28125,5.86281e-06,-12.0469,0.251585,-1.09017,0.999893,0.10443,0.0759494,0.217125,0.17737,0.9,0.9
PanTS_00003558,1,0,62.1729,>=40,19114,26460.7,False,True,1,2.5,inside,False,isoattenuating,0.639767,True,False,0.797164,0.99883,6.75001,6.75,0.705521,0.99883,6.75001,6.75,0.625967,271,136,41,271,136,41,0,0,0.998077,6.25196,4.05359e-05,-10.1133,0.995318,5.35936,0.99883,0.0537975,0.0537975,0.116208,0.116208,0.9,0.9
PanTS_00003570,1,2,15.7014,10-20,160,269.165,False,True,1,2.5,abutting,False,hypoattenuating,0,False,True,0.11875,0.150465,-1.73096,-1.73096,0.0134345,0.574723,0.301147,0.301147,0.0297169,254,195,30,256,196,30,0.0121092,0.00982443,0.999568,7.74621,5.17392e-06,-12.1719,0.519903,0.0796546,0.999568,0.528481,0.471519,0.813456,0.7737,,0.1
PanTS_00003578,1,4,15.1771,10-20,681,987.817,False,True,1,2.5,inside,False,hypoattenuating,0.116216,True,False,1,0.59355,0.378662,0.378662,0.21437,0.59355,0.378662,0.378662,0.158501,162,193,66,162,193,66,3.56574e-05,3.56574e-05,0.776369,1.24463,6.41393e-06,-11.957,0.000223416,-8.40625,0.996399,0.471519,0.471519,0.7737,0.7737,0.5,0.5
PanTS_00003586,1,2,44.5995,>=40,13725,18900.8,False,True,1,2.5,inside,False,hyperattenuating,0.0111803,True,False,1,0.964187,3.29297,3.29297,0.0156657,0.9867,4.30664,4.30664,0.0216258,241,242,63,240,242,64,0.00297923,0.00102145,0.995669,5.43751,7.67647e-06,-11.7773,0.778812,1.25876,0.999691,0.373418,0.310127,0.672783,0.577982,,0.9
PanTS_00003587,1,0,32.1975,20-40,3447,2103.88,False,True,1,1,embedded,False,isoattenuating,0,False,True,0.861039,0.00114916,-6.76758,-6.76758,7.22241e-05,0.00160722,-6.43164,-6.43164,7.00701e-05,215,220,149,213,220,149,0.00864706,0.00732298,0.99757,6.01757,2.84618e-06,-12.7695,0.000915811,-6.99478,0.99978,0.655063,0.64557,0.920489,0.917431,,0.001
PanTS_00003588,1,3,39.0998,20-40,6090,6171.48,False,True,1,1.25,inside,False,hypoattenuating,0.638711,True,False,1,0.997242,5.89061,5.89063,0.715863,0.997242,5.89061,5.89063,0.558369,195,86,41,195,86,41,0,0,0.997071,5.83009,2.58674e-05,-10.5625,0.991748,4.78907,0.997242,0.120253,0.120253,0.266055,0.266055,0.9,0.9
PanTS_00003595,1,1,40.6062,>=40,16328,12582.2,False,False,2,1.25,inside,False,isoattenuating,0.793537,True,False,0.9823,0.99663,5.68944,5.68945,0.78236,0.99663,5.68944,5.68945,0.62488,292,184,30,292,184,30,0,0,0.984782,4.16992,8.73261e-06,-11.6484,0.640453,0.577329,0.997311,0.148734,0.148734,0.345566,0.345566,0.9,0.9
PanTS_00003595,2,1,40.0548,>=40,19452,14989.5,False,True,2,1.25,inside,False,isoattenuating,0.75489,True,False,0.95584,0.997311,5.91603,5.91602,0.608403,0.997311,5.91603,5.91602,0.439295,375,228,32,375,228,32,0,0,0.984782,4.16992,8.73261e-06,-11.6484,0.640453,0.577329,0.997311,0.120253,0.120253,0.253823,0.253823,0.9,0.9
PanTS_00003602,1,0,21.3872,20-40,1190,1638.76,False,True,1,2.5,inside,False,hyperattenuating,0.331068,True,False,1,0.99788,6.15432,6.1543,0.719128,0.99788,6.15432,6.1543,0.590741,278,237,46,278,237,46,0.00397176,0.00397176,0.999603,7.83021,1.64425e-05,-11.0156,0.99622,5.57423,0.999696,0.0981013,0.0981013,0.201835,0.201835,,0.9
PanTS_00003615,1,3,58.5797,>=40,58501,40281.1,False,True,1,1.25,inside,False,hypoattenuating,0.464903,True,False,0.930531,0.99764,6.04689,6.04688,0.30495,0.99764,6.04689,6.04688,0.232749,205,78,71,205,78,71,0,0,0.71597,0.92456,1.33156e-05,-11.2266,0.00345641,-5.66406,0.99764,0.10443,0.10443,0.223242,0.223242,0.9,0.9
PanTS_00003624,1,2,25.2893,20-40,2625,4005.43,False,True,1,2.5,inside,False,hyperattenuating,0,False,True,1,0.484109,-0.0635834,-0.0635834,0.080623,0.484109,-0.0635834,-0.0635834,0.0549407,253,201,41,253,201,41,0.00843351,0.00843351,0.999915,9.36722,3.44658e-06,-12.5781,0.208778,-1.33231,0.999915,0.477848,0.477848,0.779817,0.779817,0.3,0.3
PanTS_00003631,1,2,19.6987,10-20,880,2039.75,False,True,1,2.5,inside,False,hypoattenuating,0.449365,True,False,1,0.999832,8.69158,8.69141,0.936878,0.999832,8.69158,8.69141,0.805421,264,177,51,264,177,51,0,0,0.997872,6.15038,2.16131e-05,-10.7422,0.909429,2.30668,0.999832,0.0189873,0.0189873,0.030581,0.030581,0.9,0.9
PanTS_00003639,1,0,64.5034,>=40,95197,27381,False,True,1,0.8,abutting,False,hypoattenuating,0.293017,True,False,0.261762,0.998696,6.64067,6.64063,0.176195,0.998696,6.64067,6.64063,0.133737,259,305,110,259,305,110,0,0,0.982117,4.00586,4.04523e-06,-12.418,0.00309339,-5.77539,0.998696,0.056962,0.056962,0.131498,0.131498,0.9,0.9
PanTS_00003642,1,2,42.6654,>=40,12022,16555.6,False,True,1,2.5,inside,False,isoattenuating,0.726885,True,False,0.992264,0.999793,8.48082,8.48047,0.579323,0.999793,8.48082,8.48047,0.44547,288,211,42,288,211,42,0,0,0.999233,7.17196,8.33272e-06,-11.6953,0.0682916,-2.61323,0.999793,0.0221519,0.0221519,0.0397554,0.0397554,0.9,0.9
PanTS_00003654,1,0,89.8447,>=40,174218,85230.8,False,True,1,0.8,abutting,False,hypoattenuating,0.843613,True,False,0.638407,0.998871,6.78511,6.78516,0.861804,0.998871,6.78511,6.78516,0.721128,305,211,73,305,211,73,0,0,0.993855,5.08592,5.33816e-06,-12.1406,0.989223,4.51953,0.998871,0.0537975,0.0537975,0.116208,0.116208,0.9,0.9
PanTS_00003672,1,4,12.6437,10-20,293,370.229,False,True,1,2.5,inside,False,hypoattenuating,0,False,True,1,0.000485956,-7.62891,-7.62891,0.000275827,0.000542093,-7.51953,-7.51953,0.000252948,253,155,130,252,158,130,0.000219138,0,0.000523376,-7.55469,3.04791e-05,-10.3984,0.000317509,-8.05469,0.997551,0.686709,0.68038,0.948012,0.944954,,
PanTS_00003679,1,1,48.0009,>=40,15405,16983.2,False,True,1,2.5,inside,False,isoattenuating,0.787525,True,False,0.993638,0.997285,5.90625,5.90625,0.919889,0.997285,5.90625,5.90625,0.783749,227,177,33,227,177,33,0,0,0.996846,5.75586,2.60703e-05,-10.5547,0.984898,4.17774,0.997285,0.120253,0.120253,0.259939,0.259939,0.9,0.9
PanTS_00003684,1,1,21.8914,20-40,2834,2078.34,False,True,1,1.5,inside,False,isoattenuating,0.650125,True,False,1,0.997368,5.9375,5.9375,0.818464,0.997368,5.9375,5.9375,0.648622,280,192,74,280,192,74,0,0,0.996996,5.8047,1.1345e-05,-11.3867,0.93993,2.75029,0.997368,0.113924,0.113924,0.244648,0.244648,0.9,0.9
PanTS_00003700,1,4,31.8798,20-40,3750,5300.94,False,True,1,2.5,inside,False,hypoattenuating,0.361088,True,False,1,0.997969,6.19724,6.19727,0.225506,0.997969,6.19724,6.19727,0.167385,257,176,19,257,176,19,0,0,0.986284,4.27539,3.87509e-06,-12.4609,0.000570316,-7.46875,0.997969,0.0791139,0.0791139,0.183486,0.183486,0.9,0.9
PanTS_00003706,1,4,18.935,10-20,3871,1890.14,False,True,1,0.8,inside,False,hypoattenuating,0,False,True,1,0.0273505,-3.57129,-3.57129,0.00172131,0.0273505,-3.57129,-3.57129,0.000927872,206,213,137,206,213,137,0,0,0.0151307,-4.17578,2.80205e-06,-12.7852,0.000114569,-9.07422,0.345271,0.575949,0.575949,0.850153,0.850153,0.01,0.01
PanTS_00003711,1,3,84.8359,>=40,36828,50983.4,False,True,1,2.5,inside,False,hyperattenuating,0.0848544,True,False,0.958944,0.96862,3.42969,3.42969,0.0467576,0.96862,3.42969,3.42969,0.040283,244,142,93,244,142,93,0,0,0.914977,2.37598,1.84147e-05,-10.9023,0.0825767,-2.40784,0.991764,0.363924,0.363924,0.657492,0.657492,0.9,0.9
PanTS_00003730,1,4,33.7139,20-40,1901,4532.33,False,True,1,2.5,inside,False,hyperattenuating,0.4559,True,False,1,0.997872,6.15038,6.15039,0.594123,0.997872,6.15038,6.15039,0.510206,245,178,51,245,178,51,0,0,0.997817,6.125,8.26787e-06,-11.7031,0.997093,5.83787,0.997872,0.101266,0.101266,0.204893,0.204893,0.9,0.9
PanTS_00003736,1,0,20.427,20-40,2655,2025.6,False,True,1,0.8,inside,False,isoattenuating,0,False,True,1,0.00063868,-7.35547,-7.35547,5.1071e-05,0.00063868,-7.35547,-7.35547,3.86888e-05,242,208,195,242,208,195,0.00899852,0.00899852,0.0469429,-3.01074,4.10893e-06,-12.4023,0.000452976,-7.69922,0.772874,0.670886,0.670886,0.941896,0.941896,,
PanTS_00003746,1,0,14.7733,10-20,178,600.75,False,False,2,1.5,abutting,False,hypoattenuating,0,False,True,0.348315,0.00801527,-4.81836,-4.81836,0.000663819,0.0155436,-4.14844,-4.14844,0.000899157,104,142,60,103,144,64,0.0719251,0.0624332,0.997847,6.13866,3.73436e-05,-10.1953,0.986578,4.29734,0.997847,0.591772,0.585443,0.877676,0.862385,,0.003
PanTS_00003746,2,0,33.2378,20-40,896,3024,False,True,2,1.5,inside,False,isoattenuating,0.40699,True,False,1,0.996746,5.72459,5.72461,0.386914,0.997358,5.93358,5.93359,0.335974,113,143,47,112,143,49,0.000635027,0.000167112,0.997847,6.13866,3.73436e-05,-10.1953,0.986578,4.29734,0.997847,0.142405,0.113924,0.330275,0.244648,,0.9
PanTS_00003750,1,3,14.3064,10-20,1005,525.582,False,False,2,1.2,embedded,False,hypoattenuating,0,False,True,0.8,0.00173083,-6.35742,-6.35742,0.000566763,0.00218697,-6.12305,-6.12305,0.000393291,256,233,82,257,234,83,0.0279645,0.0242211,0.993512,5.03125,4.02946e-06,-12.4219,0.00577493,-5.14844,0.996271,0.64557,0.642405,0.917431,0.905199,,0.001
PanTS_00003750,2,3,34.8424,20-40,3479,1819.4,False,True,2,1.2,abutting,False,hypoattenuating,0.0689715,True,False,0.109514,0.995037,5.30077,5.30078,0.664919,0.995801,5.46874,5.46875,0.522945,273,261,92,269,266,96,0,0,0.993512,5.03125,4.02946e-06,-12.4219,0.00577493,-5.14844,0.996271,0.208861,0.189873,0.446483,0.428135,,0.9
PanTS_00003768,1,2,36.0502,20-40,4829,13815.9,False,True,1,3,abutting,False,hypoattenuating,0.823635,True,False,0.429489,0.999013,6.91992,6.91992,0.944882,0.999013,6.91992,6.91992,0.837933,238,114,141,238,114,141,0,0,0.990642,4.66211,6.56604e-06,-11.9336,0.00187121,-6.2793,0.999013,0.0537975,0.0537975,0.107034,0.107034,0.9,0.9
PanTS_00003776,1,0,19.8098,10-20,973,1291.01,False,True,1,2.5,inside,False,hypoattenuating,0,False,True,1,6.25371e-05,-9.67969,-9.67969,2.36909e-05,6.25371e-05,-9.67969,-9.67969,2.29404e-05,214,209,40,214,209,40,0.0530904,0.0530904,0.982658,4.03711,1.06161e-05,-11.4531,0.000325036,-8.03125,0.998844,0.905063,0.905063,0.993884,0.993884,,
PanTS_00003777,1,2,24.2939,20-40,819,588.469,False,True,1,1,inside,False,hypoattenuating,0,False,True,0.998779,0.000250208,-8.29297,-8.29297,6.91373e-05,0.000284622,-8.16406,-8.16406,6.47032e-05,311,152,20,310,154,19,0.0249603,0.0226626,0.333883,-0.690674,4.60178e-06,-12.2891,0.00158234,-6.44727,0.984063,0.75,0.727848,0.984709,0.975535,,
PanTS_00003782,1,1,34.5688,20-40,8754,8754,False,True,1,1,inside,False,isoattenuating,0.12241,True,False,1,0.994031,5.11523,5.11523,0.122609,0.99554,5.40821,5.4082,0.118595,230,182,282,231,183,281,0.0120416,0.00837735,0.996858,5.75975,7.98226e-06,-11.7383,0.994949,5.2832,0.996858,0.234177,0.193038,0.474006,0.431193,,0.9
PanTS_00003784,1,1,15.6472,10-20,344,784.47,False,True,1,2.5,inside,False,isoattenuating,0,False,True,1,0.0890577,-2.3252,-2.3252,0.0222166,0.0890577,-2.3252,-2.3252,0.0135127,307,172,178,307,172,178,0,0,0.0807915,-2.43164,1.02895e-05,-11.4844,0.00127726,-6.66176,0.996455,0.541139,0.541139,0.816514,0.816514,0.03,0.03
PanTS_00003812,1,0,29.0478,20-40,3728,7300.8,False,True,1,3.75,inside,False,hyperattenuating,0,False,True,1,0.340869,-0.659424,-0.659424,0.00102486,0.645679,0.600098,0.600098,0.00255321,294,237,77,295,239,77,0.0418564,0.0360405,0.99984,8.73808,5.2554e-06,-12.1563,0.99582,5.47334,0.99984,0.493671,0.471519,0.798165,0.7737,,0.3
PanTS_00003824,1,4,13.8429,10-20,297,938.373,False,False,2,5,inside,False,isoattenuating,0,False,True,1,7.9053e-05,-9.44531,-9.44531,3.66719e-05,7.9053e-05,-9.44531,-9.44531,3.70703e-05,244,181,77,244,181,77,0.000217399,0.000217399,8.68221e-05,-9.35156,3.0416e-06,-12.7031,5.32828e-05,-9.83984,0.996205,0.876582,0.876582,0.993884,0.993884,,
PanTS_00003824,2,4,14.5766,10-20,301,951.011,False,True,2,5,separated,True,hypoattenuating,0,False,True,0,0.000105547,-9.15625,-9.15625,5.79871e-05,0.000106375,-9.14844,-9.14844,4.69776e-05,252,241,35,252,228,36,0,0,8.68221e-05,-9.35156,3.0416e-06,-12.7031,5.32828e-05,-9.83984,0.996205,0.838608,0.838608,0.990826,0.990826,,
PanTS_00003841,1,4,52.7162,>=40,11371,11371,False,True,3,1,inside,False,hypoattenuating,0.0328261,True,False,1,0.996153,5.55662,5.55664,0.0336888,0.997248,5.89258,5.89258,0.0360888,249,212,284,250,211,281,0.00371674,0.00242611,0.998348,6.40433,3.84494e-06,-12.4687,0.0617708,-2.72056,0.998348,0.170886,0.120253,0.397554,0.262997,0.1,0.9
PanTS_00003841,2,4,2,<5,3,3,True,False,3,1,inside,False,hypoattenuating,0,False,True,1,0.000101108,-9.19922,-9.19922,9.68086e-05,0.000125338,-8.98438,-8.98437,9.52385e-05,247,213,324,248,212,323,0.115593,0.106541,0.998348,6.40433,3.84494e-06,-12.4687,0.0617708,-2.72056,0.998348,0.844937,0.822785,0.990826,0.990826,,
PanTS_00003841,3,4,11.5758,10-20,201,201,False,False,3,1,inside,False,hypoattenuating,0,False,True,1,0.000350753,-7.95508,-7.95508,0.000190048,0.000354194,-7.94531,-7.94531,0.000148559,255,210,319,255,209,319,0.0718945,0.0715737,0.998348,6.40433,3.84494e-06,-12.4687,0.0617708,-2.72056,0.998348,0.708861,0.708861,0.966361,0.966361,,
PanTS_00003849,1,0,16.6015,10-20,2868,1194.9,False,True,1,0.7,abutting,False,hyperattenuating,0.81091,True,False,0.996165,0.999931,9.58621,9.58594,0.911518,0.999931,9.58621,9.58594,0.547927,299,199,61,299,199,61,0,0,0.994979,5.28906,1.47082e-06,-13.4297,6.84154e-05,-9.58984,0.999931,0.00632911,0.00632911,0.00917431,0.00917431,0.9,0.9
PanTS_00003889,1,0,37.7961,20-40,4825,6644.54,False,True,1,2.5,inside,False,isoattenuating,0,False,True,1,0.183813,-1.49072,-1.49072,0.0120559,0.183813,-1.49072,-1.49072,0.00941432,34,153,149,34,153,149,0.00120099,0.00120099,0.375792,-0.507446,2.6793e-05,-10.5273,0.0237614,-3.71564,0.375792,0.512658,0.512658,0.810398,0.810398,0.1,0.1
PanTS_00003894,1,3,27.3434,20-40,2443,5824.56,False,True,1,2.5,inside,False,hyperattenuating,0,False,True,1,0.00172746,-6.35938,-6.35938,1.97681e-05,0.0296475,-3.48828,-3.48828,6.9136e-05,251,192,38,249,192,38,0.0251353,0.0177706,0.996978,5.79882,2.30491e-06,-12.9805,0.76716,1.19234,0.997735,0.64557,0.566456,0.917431,0.844037,,0.001
PanTS_00003900,1,3,19.615,10-20,126,425.25,False,False,3,1.5,separated,True,hypoattenuating,0,False,True,0,2.72149e-05,-10.5117,-10.5117,1.30035e-05,3.24448e-05,-10.3359,-10.3359,1.13622e-05,100,123,10,99,123,9,0.14488,0.129778,0.000454748,-7.69531,1.36029e-06,-13.5078,0.000213872,-8.44992,0.960657,0.962025,0.955696,1,1,,
PanTS_00003900,2,3,16.7705,10-20,80,270,False,False,3,1.5,separated,True,hypoattenuating,0,False,True,0,0.000116373,-9.05859,-9.05859,4.99322e-05,0.000177437,-8.63672,-8.63672,4.78224e-05,103,132,1,103,132,2,0.0391694,0.0207645,0.000454748,-7.69531,1.36029e-06,-13.5078,0.000213872,-8.44992,0.960657,0.822785,0.775316,0.990826,0.987768,,
PanTS_00003900,3,3,22.2991,20-40,164,553.5,False,True,3,1.5,separated,True,hypoattenuating,0,False,True,0,6.43904e-06,-11.9531,-11.9531,2.3069e-06,1.16141e-05,-11.3633,-11.3633,2.46722e-06,110,112,10,111,114,9,0.250118,0.21614,0.000454748,-7.69531,1.36029e-06,-13.5078,0.000213872,-8.44992,0.960657,0.993671,0.974684,1,1,,
PanTS_00003916,1,1,11.7815,10-20,957,467.884,False,True,1,1,abutting,False,hypoattenuating,0,False,True,0.0574713,0.00157926,-6.44922,-6.44922,0.000435855,0.00158234,-6.44727,-6.44727,0.000338747,280,201,126,280,202,126,0.0220599,0.0220406,0.992481,4.88282,1.63145e-05,-11.0234,0.193919,-1.42474,0.992481,0.64557,0.64557,0.920489,0.917431,0.001,0.001
PanTS_00003919,1,0,33.1976,20-40,4359,10775.1,False,True,1,5,inside,False,hypoattenuating,0.79486,True,False,1,0.99988,9.02753,9.02734,0.821368,0.99988,9.02753,9.02734,0.707046,275,193,52,275,193,52,0,0,0.992906,4.9414,1.67668e-05,-10.9961,0.339576,-0.665183,0.99988,0.0126582,0.0126582,0.0152905,0.0152905,0.9,0.9
PanTS_00003921,1,4,20.8164,20-40,1562,1380.44,False,True,1,1.5,inside,False,hypoattenuating,0,False,True,0.99936,6.42706e-05,-9.65234,-9.65234,2.6173e-05,7.84379e-05,-9.45313,-9.45313,2.26282e-05,275,237,37,277,237,37,0.0200989,0.00734193,0.0151307,-4.17578,4.01375e-06,-12.4258,7.42638e-05,-9.50781,0.941439,0.901899,0.876582,0.993884,0.993884,,
PanTS_00003923,1,1,29.0235,20-40,1731,3677.74,False,True,1,2.5,inside,False,hyperattenuating,0.693456,True,False,1,0.997088,5.83596,5.83594,0.684039,0.997088,5.83596,5.83594,0.537084,209,207,31,209,207,31,0,0,0.996708,5.7129,4.80382e-06,-12.2461,0.768936,1.20231,0.997088,0.126582,0.126582,0.284404,0.284404,0.9,0.9
PanTS_00003937,1,0,31.9651,20-40,21333,8437.37,False,True,1,0.8,inside,False,isoattenuating,0.787397,True,False,0.977453,0.992739,4.91797,4.91797,0.754764,0.992739,4.91797,4.91797,0.583061,228,202,40,228,202,40,0,0,0.921711,2.46582,6.66943e-06,-11.918,0.225109,-1.23614,0.992739,0.25,0.25,0.501529,0.501529,0.9,0.9
PanTS_00003942,1,4,12.8676,10-20,1316,579.927,False,True,1,0.8,inside,False,isoattenuating,0,False,True,1,0.000248261,-8.30078,-8.30078,4.66629e-05,0.000975445,-6.93164,-6.93164,5.63038e-05,219,187,56,218,189,56,0.0521036,0.0298947,0.983909,4.11328,3.0535e-06,-12.6992,0.00789198,-4.83398,0.983909,0.75,0.655063,0.984709,0.926606,,
PanTS_00003950,1,1,38.198,20-40,541,2191.05,False,False,2,5,inside,False,isoattenuating,0,False,True,0.968577,4.43463e-05,-10.0234,-10.0234,1.17122e-05,4.85148e-05,-9.93359,-9.93359,1.03907e-05,64,147,199,64,146,198,0.328255,0.321971,0.99715,5.85742,9.08048e-06,-11.6094,0.997042,5.82032,0.997199,0.927215,0.917722,1,1,,
PanTS_00003950,2,1,57.4896,>=40,10126,41010.3,False,True,2,5,embedded,False,isoattenuating,0.729019,True,False,0.603891,0.997199,5.87499,5.875,0.81967,0.997199,5.87499,5.875,0.723678,67,142,141,67,142,141,0,0,0.99715,5.85742,9.08048e-06,-11.6094,0.997042,5.82032,0.997199,0.123418,0.123418,0.269113,0.269113,0.9,0.9
PanTS_00003953,1,4,86.9698,>=40,31040,24517.8,False,True,1,1.25,inside,False,hypoattenuating,0.769446,True,False,0.984762,0.996894,5.77146,5.77148,0.643378,0.996894,5.77146,5.77148,0.487299,245,94,13,245,94,13,0,0,0.984155,4.1289,1.06994e-05,-11.4453,0.00406366,-5.5016,0.996894,0.132911,0.132911,0.318043,0.318043,0.9,0.9
PanTS_00003968,1,4,30.297,20-40,7670,3745.12,False,True,2,0.8,inside,False,hypoattenuating,0,False,True,1,0.0216567,-3.81055,-3.81055,0.000533343,0.131842,-1.88477,-1.88477,0.000799852,189,223,80,191,224,79,0.0168758,0.014396,0.997779,6.10745,3.85998e-06,-12.4648,0.892281,2.11426,0.997779,0.582278,0.531646,0.856269,0.813456,0.001,0.01
PanTS_00003968,2,4,26.1673,20-40,3622,1768.55,False,False,2,0.8,inside,False,isoattenuating,0,False,True,1,9.99303e-05,-9.21094,-9.21094,1.51078e-05,0.000106375,-9.14844,-9.14844,1.47043e-05,197,212,109,198,213,109,0.0814347,0.0781607,0.997779,6.10745,3.85998e-06,-12.4648,0.892281,2.11426,0.997779,0.844937,0.838608,0.990826,0.990826,,
PanTS_00003969,1,1,32.7737,20-40,1760,3551.64,False,True,1,2.5,inside,False,hypoattenuating,0,False,True,1,0.231093,-1.20215,-1.20215,0.0134338,0.231093,-1.20215,-1.20215,0.00928105,196,174,12,196,174,12,0,0,0.0222862,-3.78125,7.21138e-06,-11.8398,0.000455637,-7.69336,0.355383,0.506329,0.506329,0.807339,0.807339,0.1,0.1
PanTS_00003974,1,3,29.5359,20-40,3037,6128.6,False,True,1,2.5,inside,False,hypoattenuating,0.803607,True,False,1,0.997884,6.15627,6.15625,0.993149,0.997884,6.15627,6.15625,0.920162,266,207,53,266,207,53,0,0,0.99661,5.6836,3.35361e-06,-12.6055,0.428034,-0.289878,0.997884,0.0981013,0.0981013,0.201835,0.201835,0.9,0.9
PanTS_00003978,1,1,40.8144,>=40,3423,2406.8,False,True,2,1.25,separated,True,hypoattenuating,0.0504124,True,False,0,0.996286,5.59181,5.5918,0.980537,0.996314,5.59962,5.59961,0.973625,322,243,34,321,243,34,0,0,0.993549,5.03711,5.17392e-06,-12.1719,0.681472,0.760547,0.996597,0.170886,0.167722,0.388379,0.385321,,0.9
PanTS_00003978,2,1,24.2113,20-40,698,490.781,False,False,2,1.25,inside,False,isoattenuating,0,False,True,1,9.36872e-06,-11.5781,-11.5781,2.88483e-06,1.9911e-05,-10.8242,-10.8242,3.6541e-06,360,195,45,359,197,45,0.394635,0.259977,0.993549,5.03711,5.17392e-06,-12.1719,0.681472,0.760547,0.996597,0.977848,0.96519,1,1,,
PanTS_00003993,1,3,20.8406,20-40,445,1332.94,False,True,1,5,inside,False,isoattenuating,0,False,True,1,0.000186678,-8.58594,-8.58594,0.000121179,0.000186678,-8.58594,-8.58594,0.000111389,26,182,188,26,182,188,0,0,0.000180936,-8.61719,4.00592e-06,-12.4277,0.000107628,-9.13672,0.928797,0.772152,0.772152,0.987768,0.987768,,
PanTS_00004029,1,0,46.148,>=40,15437,26968.1,False,True,1,2.5,inside,False,isoattenuating,0.84694,True,False,0.994235,0.999835,8.7066,8.70703,0.747322,0.999835,8.7066,8.70703,0.603688,184,153,46,184,153,46,0,0,0.992568,4.89454,8.59723e-06,-11.6641,0.238675,-1.15996,0.999971,0.0189873,0.0189873,0.030581,0.030581,0.9,0.9
PanTS_00004033,1,3,34.8473,20-40,5419,7941.3,False,True,1,2.5,inside,False,hyperattenuating,0.847971,True,False,1,0.997945,6.18554,6.18555,0.981087,0.997945,6.18554,6.18555,0.887413,291,212,11,291,212,11,0,0,0.997204,5.87694,7.52799e-06,-11.7969,0.293364,-0.8791,0.997945,0.0822785,0.0822785,0.189602,0.189602,0.9,0.9
PanTS_00004046,1,1,22.3801,20-40,943,1829.22,False,True,1,2.5,inside,False,hypoattenuating,0.457224,True,False,0.996819,0.947137,2.88574,2.88574,0.459149,0.947137,2.88574,2.88574,0.342263,297,184,52,297,184,52,0.00182591,0.00182591,0.995985,5.51367,2.29173e-05,-10.6836,0.456025,-0.176357,0.996271,0.386076,0.386076,0.678899,0.678899,0.9,0.9
PanTS_00004055,1,3,24.9047,20-40,1576,3138.98,False,True,2,2.5,inside,False,isoattenuating,0,False,True,1,0.383035,-0.476685,-0.476685,0.0721425,0.383035,-0.476685,-0.476685,0.0456353,240,188,26,240,188,26,0.0024374,0.0024374,0.957358,3.11133,6.36402e-06,-11.9648,0.00826776,-4.78709,0.996434,0.484177,0.484177,0.788991,0.788991,0.3,0.3
PanTS_00004055,2,3,27.9063,20-40,1563,3113.09,False,False,2,2.5,inside,False,hyperattenuating,0.73439,True,False,1,0.995558,5.41211,5.41211,0.70369,0.995558,5.41211,5.41211,0.514043,251,194,40,251,194,40,0,0,0.957358,3.11133,6.36402e-06,-11.9648,0.00826776,-4.78709,0.996434,0.193038,0.193038,0.431193,0.431193,0.9,0.9
PanTS_00004058,1,0,37.3828,20-40,2511,11358.9,False,True,1,5,inside,False,isoattenuating,0.523852,True,False,1,0.998445,6.46486,6.46484,0.918531,0.998445,6.46486,6.46484,0.865842,261,169,66,261,169,66,0,0,0.997188,5.8711,3.10803e-05,-10.3789,0.995059,5.30519,0.998445,0.0601266,0.0601266,0.146789,0.146789,0.9,0.9
PanTS_00004064,1,1,30.2105,20-40,4201,5192.28,False,True,1,2.5,inside,False,hyperattenuating,0,False,True,1,0.0122886,-4.38672,-4.38672,0.00020356,0.0122886,-4.38672,-4.38672,0.000174143,260,232,36,260,232,36,0.00882363,0.00882363,0.873647,1.93359,4.4602e-06,-12.3203,0.00519534,-5.25478,0.873647,0.585443,0.585443,0.87156,0.87156,0.01,0.01
PanTS_00004069,1,4,43.6518,>=40,5178,12167.6,False,True,3,5,inside,False,hypoattenuating,0.084705,True,False,1,0.861596,1.82861,1.82861,0.0581871,0.861596,1.82861,1.82861,0.0412933,218,262,23,218,262,23,0.011666,0.011666,0.99859,6.56245,1.05335e-05,-11.4609,0.951232,2.97067,0.99859,0.427215,0.427215,0.737003,0.737003,0.7,0.7
PanTS_00004069,2,4,10.2419,10-20,167,392.429,False,False,3,5,inside,False,hypoattenuating,0,False,True,1,2.01457e-05,-10.8125,-10.8125,1.17551e-05,2.01457e-05,-10.8125,-10.8125,9.89778e-06,339,238,18,339,238,18,0.384278,0.384278,0.99859,6.56245,1.05335e-05,-11.4609,0.951232,2.97067,0.99859,0.96519,0.96519,1,1,,
PanTS_00004069,3,4,5.22097,5-10,36,84.5954,False,False,3,5,inside,False,hypoattenuating,0,False,True,1,6.52827e-05,-9.63672,-9.63672,4.30242e-05,7.36859e-05,-9.51563,-9.51563,3.79317e-05,363,210,18,364,209,18,0.181054,0.160621,0.99859,6.56245,1.05335e-05,-11.4609,0.951232,2.97067,0.99859,0.898734,0.882911,0.993884,0.993884,,
PanTS_00004078,1,1,42.806,>=40,6211,2737.03,False,True,1,0.8,embedded,False,isoattenuating,0,False,True,0.659636,0.00112695,-6.78711,-6.78711,0.000193262,0.00112695,-6.78711,-6.78711,0.000182196,260,247,161,260,247,161,0.00335037,0.00335037,0.00237349,-6.04102,6.41393e-06,-11.957,0.000743021,-7.20404,0.00237349,0.655063,0.655063,0.920489,0.920489,0.001,0.001
PanTS_00004085,1,2,15.0055,10-20,644,921.248,False,True,1,1.5,inside,False,isoattenuating,0.0395738,True,False,1,0.605041,0.426514,0.426514,0.114199,0.605041,0.426514,0.426514,0.0588796,207,183,70,207,183,70,0.0355633,0.0355633,0.999671,8.01943,1.77092e-05,-10.9414,0.991538,4.76368,0.999671,0.471519,0.471519,0.7737,0.7737,0.5,0.5
PanTS_00004117,1,0,26.2975,20-40,2668,5383.96,False,True,1,2.5,inside,False,hyperattenuating,0,False,True,1,0.0344885,-3.33203,-3.33203,0.000538911,0.0533047,-2.87695,-2.87695,0.000861718,266,182,30,264,182,30,0.00313055,0.0023828,0.993015,4.95702,8.9397e-06,-11.625,0.00183856,-6.29693,0.998402,0.566456,0.556962,0.834862,0.831804,0.03,0.03
PanTS_00004121,1,1,28.0041,20-40,1028,2541.14,False,True,1,5,inside,False,isoattenuating,0,False,True,0.959144,0.0137159,-4.27539,-4.27539,0.00109687,0.0232641,-3.7373,-3.7373,0.00162708,184,206,15,188,205,15,0.0480745,0.0398403,0.638272,0.567871,2.18679e-05,-10.7305,0.27725,-0.958142,0.638272,0.585443,0.579114,0.865443,0.850153,,0.01
PanTS_00004122,1,2,23.6634,20-40,1585,3629.29,False,True,1,2.5,inside,False,isoattenuating,0.779462,True,False,1,0.999634,7.91193,7.91211,0.701343,0.999634,7.91193,7.91211,0.536694,232,208,47,232,208,47,0,0,0.972019,3.54785,7.09957e-06,-11.8555,0.00249197,-5.99219,0.999634,0.0316456,0.0316456,0.0703364,0.0703364,0.9,0.9
PanTS_00004123,1,0,27.2489,20-40,1700,5737.5,False,True,1,1.5,inside,False,hyperattenuating,0.317665,True,False,1,0.930268,2.59082,2.59082,0.18403,0.930268,2.59082,2.59082,0.129686,167,92,75,167,92,75,0.00730223,0.00730223,0.995523,5.40431,7.01686e-06,-11.8672,0.466221,-0.135321,0.995523,0.39557,0.39557,0.69419,0.69419,0.9,0.9
PanTS_00004124,1,3,11.3951,10-20,141,288.258,False,True,1,2.5,inside,False,hypoattenuating,0,False,True,1,0.00180669,-6.31445,-6.31445,0.000457713,0.00180669,-6.31445,-6.31445,0.000351956,217,191,169,217,191,169,0,0,0.000860926,-7.05664,2.14003e-06,-13.0547,0.000147105,-8.82422,0.996663,0.642405,0.642405,0.917431,0.917431,0.001,0.001
PanTS_00004155,1,0,104.573,>=40,84858,41952.5,False,True,2,1,abutting,False,hypoattenuating,0.0021895,True,False,0.0375333,0.578954,0.318481,0.318481,0.0194433,0.578954,0.318481,0.318481,0.0131976,303,106,34,303,106,34,0,0,0.0190144,-3.94336,5.88576e-06,-12.043,0.00052645,-7.54883,0.752831,0.471519,0.471519,0.7737,0.7737,0.5,0.5
PanTS_00004155,2,0,13.5203,10-20,645,318.878,False,False,2,1,separated,True,hypoattenuating,0,False,True,0,6.72174e-06,-11.9102,-11.9102,4.59809e-06,6.72174e-06,-11.9102,-11.9102,4.17191e-06,380,106,73,380,106,73,0.468363,0.468363,0.0190144,-3.94336,5.88576e-06,-12.043,0.00052645,-7.54883,0.752831,0.993671,0.993671,1,1,,
PanTS_00004157,1,1,27.228,20-40,3918,8395.01,False,True,1,2.5,inside,False,isoattenuating,0.86362,True,False,1,0.997474,5.9785,5.97852,0.902052,0.997474,5.9785,5.97852,0.771899,184,184,58,184,184,58,0,0,0.996996,5.8047,1.27058e-05,-11.2734,0.0190627,-3.94078,0.997474,0.10443,0.10443,0.229358,0.229358,0.9,0.9
PanTS_00004190,1,2,48.335,>=40,9042,18088.2,False,True,1,2.5,inside,False,hyperattenuating,0.689287,True,False,1,0.999713,8.15617,8.15625,0.550014,0.999713,8.15617,8.15625,0.448867,235,184,23,235,184,23,0,0,0.989076,4.50585,1.35499e-06,-13.5117,0.000352077,-7.95131,0.999713,0.028481,0.028481,0.0550459,0.0550459,0.9,0.9
PanTS_00004208,1,3,31.6878,20-40,6214,3671.36,False,True,1,0.8,inside,False,isoattenuating,0.0566641,True,False,0.936595,0.789477,1.32178,1.32178,0.072901,0.789477,1.32178,1.32178,0.0573194,236,218,123,236,218,123,0.000462496,0.000462496,0.92462,2.50684,2.13613e-05,-10.7539,0.0802853,-2.43848,0.92462,0.446203,0.446203,0.752294,0.752294,0.7,0.7
PanTS_00004225,1,2,37.2721,20-40,2227,5474.43,False,True,3,5,separated,True,hypoattenuating,0.0311314,True,False,0,0.944074,2.82617,2.82617,0.0948532,0.952397,2.99609,2.99609,0.099372,122,111,21,123,115,21,0.0222744,0.0216797,0.99874,6.67578,1.10822e-05,-11.4102,0.990533,4.65039,0.99874,0.386076,0.379747,0.678899,0.678899,,0.9
PanTS_00004225,2,2,35.1444,20-40,1999,4913.96,False,False,3,5,inside,False,isoattenuating,0,False,True,0.804902,7.31125e-05,-9.52344,-9.52344,2.52132e-05,7.31125e-05,-9.52344,-9.52344,2.08168e-05,200,222,25,200,222,25,0.158003,0.158003,0.99874,6.67578,1.10822e-05,-11.4102,0.990533,4.65039,0.99874,0.882911,0.882911,0.993884,0.993884,,
PanTS_00004225,3,2,23.9797,20-40,1480,3638.15,False,False,3,5,inside,False,hyperattenuating,0.343847,True,False,0.922297,0.998085,6.25588,6.25586,0.774543,0.998096,6.26173,6.26172,0.650514,250,218,19,249,218,19,0.00121929,0.00118956,0.99874,6.67578,1.10822e-05,-11.4102,0.990533,4.65039,0.99874,0.0759494,0.0759494,0.17737,0.17737,,0.9
PanTS_00004231,1,2,35.4982,20-40,8857,12197,False,True,1,2.5,inside,False,hypoattenuating,0.847877,True,False,1,0.999697,8.10177,8.10156,0.967902,0.999697,8.10177,8.10156,0.878864,211,221,44,211,221,44,0,0,0.995866,5.48438,1.49711e-05,-11.1094,0.938502,2.72527,0.999697,0.028481,0.028481,0.0550459,0.0550459,0.9,0.9
PanTS_00004243,1,4,63.189,>=40,19947,15755.7,False,True,1,1.25,inside,False,isoattenuating,0.790334,True,False,0.99604,0.997204,5.87694,5.87695,0.747877,0.997204,5.87694,5.87695,0.605363,227,107,32,227,107,32,0,0,0.994169,5.13868,4.65603e-06,-12.2773,0.213553,-1.30364,0.997204,0.123418,0.123418,0.269113,0.269113,0.9,0.9
PanTS_00004262,1,4,30.4366,20-40,6132,4446.67,False,True,1,1,inside,False,isoattenuating,0,False,True,1,0.0001329,-8.92578,-8.92578,1.38376e-05,0.0001329,-8.92578,-8.92578,1.23816e-05,230,246,107,230,246,107,0.00207743,0.00207743,0.00060471,-7.41016,2.30491e-06,-12.9805,3.89831e-05,-10.1523,0.998335,0.810127,0.810127,0.990826,0.990826,,
PanTS_00004267,1,3,13.5747,10-20,500,322.876,False,False,2,0.8,inside,False,hyperattenuating,0,False,True,1,0.0010754,-6.83398,-6.83398,0.000265308,0.00203482,-6.19531,-6.19531,0.000285861,233,243,184,235,243,183,0.00489313,0.00106746,0.00324768,-5.72656,1.82333e-06,-13.2148,0.000639927,-7.35352,0.0129205,0.655063,0.642405,0.920489,0.908257,,0.001
PanTS_00004267,2,3,13.8979,10-20,981,633.483,False,True,2,0.8,inside,False,hyperattenuating,0,False,True,1,0.00146932,-6.52148,-6.52148,0.000355542,0.00146932,-6.52148,-6.52148,0.000294723,249,230,170,249,230,170,0.00279761,0.00279761,0.00324768,-5.72656,1.82333e-06,-13.2148,0.000639927,-7.35352,0.0129205,0.651899,0.651899,0.920489,0.920489,0.001,0.001
PanTS_00004268,1,4,28.3601,20-40,3262,5968.05,False,True,1,2.5,inside,False,hypoattenuating,0.664084,True,False,1,0.996882,5.76758,5.76758,0.991359,0.996882,5.76758,5.76758,0.944028,262,161,26,262,161,26,0,0,0.99661,5.6836,1.61245e-05,-11.0352,0.989158,4.51344,0.996882,0.132911,0.132911,0.318043,0.318043,0.9,0.9
PanTS_00004301,1,1,75.9945,>=40,66867,60889.9,False,True,1,1.25,abutting,False,isoattenuating,0.508806,True,False,0.499963,0.997503,5.99025,5.99023,0.34899,0.997503,5.99025,5.99023,0.269745,250,126,83,250,126,83,0,0,0.328637,-0.714355,3.37992e-06,-12.5977,0.00028199,-8.17336,0.997503,0.10443,0.10443,0.2263,0.2263,0.9,0.9
PanTS_00004313,1,4,21.09,20-40,2830,1756.67,False,True,2,0.8,inside,False,isoattenuating,0,False,True,1,0.000190359,-8.56641,-8.56641,2.08167e-05,0.00024633,-8.30859,-8.30859,2.1136e-05,237,277,202,240,277,200,0.048115,0.0394087,0.99663,5.68944,1.42557e-06,-13.4609,0.00221503,-6.11027,0.99663,0.772152,0.75,0.987768,0.984709,,
PanTS_00004313,2,4,2.55654,<5,8,4.96584,True,False,2,0.8,inside,False,isoattenuating,0,False,True,1,0.000101901,-9.19141,-9.19141,6.48187e-05,0.00017537,-8.64844,-8.64844,7.41095e-05,240,281,195,240,279,194,0.0772935,0.0515419,0.99663,5.68944,1.42557e-06,-13.4609,0.00221503,-6.11027,0.99663,0.841772,0.778481,0.990826,0.987768,,
PanTS_00004323,1,2,27.3019,20-40,847,1687,False,True,1,2.5,inside,False,hypoattenuating,0,False,True,1,0.0159064,-4.125,-4.125,0.00166426,0.0802133,-2.43945,-2.43945,0.00164178,264,183,42,263,185,42,0.049398,0.0402004,0.999552,7.71096,1.06161e-05,-11.4531,0.995708,5.44681,0.999552,0.585443,0.544304,0.862385,0.819572,,0.01
PanTS_00004329,1,1,39.2099,20-40,8363,4083.5,False,True,3,0.8,inside,False,isoattenuating,0,False,True,0.986369,0.0118234,-4.42578,-4.42578,0.000882566,0.0118234,-4.42578,-4.42578,0.000941658,218,245,151,218,245,151,0,0,0.0109869,-4.5,1.73667e-05,-10.9609,0.00272028,-5.9043,0.0118234,0.585443,0.585443,0.87156,0.87156,0.01,0.01
PanTS_00004329,2,1,17.7703,10-20,1276,623.047,False,False,3,0.8,embedded,False,isoattenuating,0,False,True,0.876959,0.000522355,-7.55664,-7.55664,0.000108755,0.000762813,-7.17773,-7.17773,0.000121555,219,231,127,218,232,129,0.0532634,0.039478,0.0109869,-4.5,1.73667e-05,-10.9609,0.00272028,-5.9043,0.0118234,0.683544,0.664557,0.944954,0.93578,,
PanTS_00004329,3,1,1.78055,<5,6,2.92969,True,False,3,0.8,abutting,False,hypoattenuating,0,False,True,1,1.48546e-05,-11.1172,-11.1172,1.30067e-05,2.44908e-05,-10.6172,-10.6172,1.29623e-05,241,236,119,239,235,120,0.536227,0.425896,0.0109869,-4.5,1.73667e-05,-10.9609,0.00272028,-5.9043,0.0118234,0.971519,0.96519,1,1,,
PanTS_00004360,1,1,93.3867,>=40,30824,80922,False,True,2,5,abutting,False,hypoattenuating,0,False,True,0.0085972,0.441613,-0.234619,-0.234619,0.0134041,0.441613,-0.234619,-0.234619,0.0121048,282,266,30,282,266,30,0.0316382,0.0316382,0.995027,5.29882,7.21138e-06,-11.8398,0.990569,4.65427,0.995027,0.481013,0.481013,0.782875,0.782875,0.3,0.3
PanTS_00004360,2,1,23.3731,20-40,1088,2856.32,False,False,2,5,inside,False,isoattenuating,0.353953,True,False,0.998162,0.989327,4.5293,4.5293,0.549681,0.991153,4.71876,4.71875,0.454296,307,227,22,304,226,22,0.0118211,0.00901606,0.995027,5.29882,7.21138e-06,-11.8398,0.990569,4.65427,0.995027,0.300633,0.28481,0.550459,0.541284,,0.9
PanTS_00004366,1,0,12.5499,10-20,90,303.75,False,True,1,1.5,separated,True,hypoattenuating,0.516746,True,False,0,0.829146,1.57959,1.57959,0.488431,0.829146,1.57959,1.57959,0.394899,105,97,86,105,97,86,0.0108468,0.0108468,0.997059,5.82618,2.63776e-05,-10.543,0.867017,1.87484,0.998897,0.439873,0.439873,0.746177,0.746177,0.7,0.7
PanTS_00004408,1,2,23.7262,20-40,1476,3175.95,False,True,1,2.5,inside,False,hypoattenuating,0.380265,True,False,1,0.999863,8.89822,8.89844,0.99817,0.999863,8.89822,8.89844,0.991427,251,151,38,251,151,38,0,0,0.997269,5.90039,4.16596e-05,-10.0859,0.991859,4.80273,0.999863,0.0189873,0.0189873,0.0275229,0.0275229,0.9,0.9
PanTS_00004420,1,3,35.2374,20-40,3521,7386.05,False,True,1,2.5,inside,False,hypoattenuating,0.765281,True,False,1,0.997488,5.98436,5.98438,0.935557,0.997488,5.98436,5.98438,0.838499,229,188,44,229,188,44,0,0,0.996689,5.70705,4.01375e-06,-12.4258,0.967987,3.40909,0.997488,0.10443,0.10443,0.229358,0.229358,0.9,0.9
PanTS_00004426,1,0,15.7163,10-20,348,640.397,False,True,1,3,inside,False,isoattenuating,0,False,True,1,0.0211252,-3.83594,-3.83594,0.000496957,0.902781,2.22852,2.22852,0.00779314,219,131,98,217,132,98,0.0837684,0.0394296,0.99978,8.42166,1.7918e-05,-10.9297,0.997771,6.10385,0.99978,0.582278,0.411392,0.856269,0.712538,0.001,0.01
PanTS_00004438,1,0,20.8179,20-40,703,2011.3,False,True,1,3,abutting,False,hypoattenuating,0,False,True,0.0753912,0.0461627,-3.02832,-3.02832,0.00639688,0.0461627,-3.02832,-3.02832,0.00416992,197,93,184,197,93,184,0.00130817,0.00130817,0.489492,-0.042038,4.53044e-06,-12.3047,0.000788546,-7.14453,0.864882,0.556962,0.556962,0.831804,0.831804,0.03,0.03
PanTS_00004448,1,0,33.8146,20-40,8787,11973.6,False,True,1,2.5,inside,False,hyperattenuating,0.885115,True,False,1,0.999901,9.21845,9.21875,0.827575,0.999901,9.21845,9.21875,0.677584,231,212,33,231,212,33,0,0,0.851953,1.75,4.28933e-06,-12.3594,0.00128286,-6.65738,0.999901,0.00949367,0.00949367,0.0122324,0.0122324,0.9,0.9
PanTS_00004449,1,1,16.6015,10-20,2805,1168.65,False,True,1,0.7,abutting,False,hyperattenuating,0.806705,True,False,0.996435,0.997001,5.80663,5.80664,0.941564,0.997001,5.80663,5.80664,0.58056,212,154,61,212,154,61,0,0,0.99554,5.40821,1.76034e-06,-13.25,5.47598e-05,-9.8125,0.997001,0.132911,0.132911,0.296636,0.296636,0.9,0.9
PanTS_00004454,1,1,13.501,10-20,584,283.002,False,False,4,0.7,abutting,False,hypoattenuating,0.000125142,True,False,0.919521,0.755907,1.13037,1.13037,0.0258943,0.945551,2.85449,2.85449,0.073167,254,236,105,255,235,103,0.137811,0.0931011,0.995669,5.43751,7.61673e-06,-11.7852,0.992467,4.88085,0.996227,0.446203,0.386076,0.755352,0.678899,,0.7
PanTS_00004454,2,1,15.3677,10-20,645,312.563,False,False,4,0.7,abutting,False,isoattenuating,3.57353e-05,True,False,0.0232558,0.562657,0.251953,0.251953,0.0205082,0.957596,3.11719,3.11719,0.0800157,270,258,88,273,259,78,0.157077,0.0840115,0.995669,5.43751,7.61673e-06,-11.7852,0.992467,4.88085,0.996227,0.471519,0.373418,0.7737,0.675841,,0.5
PanTS_00004454,3,1,17.1916,10-20,921,446.31,False,True,4,0.7,inside,False,isoattenuating,0,False,True,1,0.000294804,-8.12891,-8.12891,9.7393e-06,0.0107144,-4.52539,-4.52539,6.7242e-05,279,229,23,278,230,25,0.311619,0.236676,0.995669,5.43751,7.61673e-06,-11.7852,0.992467,4.88085,0.996227,0.724684,0.588608,0.972477,0.87156,,
PanTS_00004454,4,1,17.1916,10-20,561,271.857,False,False,4,0.7,separated,True,hypoattenuating,0.000107287,True,False,0,0.776199,1.24365,1.24365,0.0443905,0.948585,2.91504,2.91504,0.0834568,280,234,101,280,234,99,0.135126,0.0911245,0.995669,5.43751,7.61673e-06,-11.7852,0.992467,4.88085,0.996227,0.446203,0.386076,0.755352,0.678899,,0.7
PanTS_00004475,1,1,37.3653,20-40,2175,2810.08,False,True,1,3,inside,False,hypoattenuating,0,False,True,1,1.43976e-05,-11.1484,-11.1484,3.04874e-06,1.7918e-05,-10.9297,-10.9297,3.35023e-06,203,188,105,200,190,105,0.166838,0.118733,0.000109323,-9.12109,4.47766e-06,-12.3164,5.94409e-05,-9.73047,0.952175,0.974684,0.96519,1,1,,
PanTS_00004483,1,1,38.1286,20-40,3280,11035.8,False,True,1,5,inside,False,isoattenuating,0.413049,True,False,0.999085,0.982557,4.03125,4.03125,0.259851,0.982557,4.03125,4.03125,0.19307,252,212,61,252,212,61,0.016372,0.016372,0.995282,5.35156,2.53671e-05,-10.582,0.990235,4.61915,0.996733,0.31962,0.31962,0.605505,0.605505,0.9,0.9
PanTS_00004497,1,1,33.1902,20-40,5220,9558.11,False,True,1,3,inside,False,isoattenuating,0,False,True,0.928161,0.298287,-0.855469,-0.855469,0.00346532,0.298287,-0.855469,-0.855469,0.00256,201,167,94,201,167,94,0,0,0.000388992,-7.85156,1.57181e-06,-13.3633,5.28682e-05,-9.84766,0.958069,0.503165,0.503165,0.804281,0.804281,0.1,0.1
PanTS_00004503,1,4,56.7139,>=40,16675,6595.09,False,True,2,0.8,abutting,False,hypoattenuating,0.000836179,True,False,0.381229,0.623262,0.503418,0.503418,0.00359039,0.823825,1.54248,1.54248,0.00830789,207,242,186,208,243,190,0.0345873,0.0283672,0.996213,5.57228,1.11256e-05,-11.4062,0.990942,4.69504,0.996213,0.471519,0.443038,0.7737,0.746177,,0.5
PanTS_00004503,2,4,2.78164,<5,12,4.74609,True,False,2,0.8,separated,True,hyperattenuating,0,False,True,0,3.74897e-05,-10.1914,-10.1914,2.43002e-05,8.31708e-05,-9.39453,-9.39453,3.1338e-05,228,286,182,225,284,183,0.400397,0.347511,0.996213,5.57228,1.11256e-05,-11.4062,0.990942,4.69504,0.996213,0.946203,0.867089,1,0.993884,,
PanTS_00004506,1,1,16.1204,10-20,473,1268.69,False,True,1,5,inside,False,isoattenuating,0,False,True,1,1.04108e-05,-11.4727,-11.4727,4.65857e-06,1.31091e-05,-11.2422,-11.2422,4.3005e-06,149,206,69,149,202,69,0.167873,0.123524,9.24211e-05,-9.28906,2.29592e-06,-12.9844,5.02506e-05,-9.89844,0.993735,0.977848,0.974684,1,1,,
PanTS_00004513,1,0,34.5096,20-40,7011,4717.79,False,True,1,1,inside,False,hyperattenuating,0.651757,True,False,0.935958,0.999448,7.50185,7.50195,0.803449,0.999448,7.50185,7.50195,0.604106,277,118,96,277,118,96,0,0,0.99919,7.11712,2.31875e-05,-10.6719,0.944626,2.83668,0.999448,0.0411392,0.0411392,0.0825688,0.0825688,0.9,0.9
PanTS_00004517,1,2,44.8612,>=40,27148,18692.9,False,True,1,1.25,abutting,False,isoattenuating,0.357361,True,False,0.199094,0.998283,6.36527,6.36523,0.255102,0.998283,6.36527,6.36523,0.184888,220,129,87,220,129,87,0,0,0.997872,6.15038,1.14101e-06,-13.6836,0.707058,0.88114,0.998283,0.0632911,0.0632911,0.159021,0.159021,0.9,0.9
PanTS_00004521,1,1,35.5168,20-40,3658,4086.06,False,True,1,5,abutting,False,hypoattenuating,0.165816,True,False,0.0511208,0.979957,3.88965,3.88965,0.141392,0.983785,4.10547,4.10547,0.123255,471,218,64,477,218,64,0,0,0.961134,3.20801,1.30071e-05,-11.25,0.0742401,-2.52331,0.987055,0.332278,0.310127,0.620795,0.587156,,0.9
PanTS_00004523,1,4,45.4254,>=40,22977,15820.9,False,True,1,1.25,inside,False,isoattenuating,0.633368,True,False,1,0.995977,5.51172,5.51172,0.953729,0.995977,5.51172,5.51172,0.882814,188,142,85,188,142,85,0,0,0.995685,5.44141,4.19863e-05,-10.0781,0.994456,5.18946,0.995977,0.18038,0.18038,0.415902,0.415902,0.9,0.9
PanTS_00004538,1,4,45.1498,>=40,1478,4988.25,False,True,1,1.5,inside,False,isoattenuating,0.0787315,True,False,0.988498,0.988799,4.48047,4.48047,0.0489761,0.988799,4.48047,4.48047,0.0507755,155,114,63,155,114,63,4.77076e-05,4.77076e-05,0.989286,4.52539,7.38239e-06,-11.8164,0.568012,0.273744,0.989286,0.303797,0.303797,0.559633,0.559633,,0.9
PanTS_00004539,1,4,40.1159,>=40,5089,9871.55,False,True,1,2.5,inside,False,hyperattenuating,0.726281,True,False,1,0.997093,5.83787,5.83789,0.905428,0.997093,5.83787,5.83789,0.828784,166,198,53,166,198,53,0,0,0.996584,5.67578,4.42549e-06,-12.3281,0.994303,5.16212,0.997093,0.126582,0.126582,0.284404,0.284404,0.9,0.9
PanTS_00004540,1,3,38.1286,20-40,3280,11035.8,False,True,1,5,inside,False,isoattenuating,0.625,True,False,0.973476,0.996901,5.77343,5.77344,0.699082,0.996901,5.77343,5.77344,0.562237,30,158,178,30,158,178,0,0,0.989811,4.57618,3.32142e-05,-10.3125,0.930339,2.59191,0.997631,0.132911,0.132911,0.318043,0.318043,0.9,0.9
PanTS_00004542,1,0,35.4849,20-40,5235,7058.18,False,True,1,2.5,inside,False,hypoattenuating,0,False,True,1,0.000538927,-7.52539,-7.52539,5.16279e-05,0.000538927,-7.52539,-7.52539,4.495e-05,196,175,36,196,175,36,0,0,0.000465527,-7.67188,2.09864e-06,-13.0742,0.000107209,-9.14062,0.740831,0.683544,0.683544,0.944954,0.944954,,
PanTS_00004571,1,0,32.8297,20-40,15908,7767.58,False,True,1,0.8,embedded,False,hyperattenuating,0.752932,True,False,0.97957,0.999734,8.23035,8.23047,0.86806,0.999734,8.23035,8.23047,0.686334,263,297,122,263,297,122,0,0,0.997116,5.84572,5.27596e-06,-12.1523,0.891934,2.11064,0.999734,0.028481,0.028481,0.0550459,0.0550459,0.9,0.9
PanTS_00004597,1,0,35.0989,20-40,4516,7064.22,False,True,1,2.5,inside,False,isoattenuating,0.669683,True,False,1,0.999835,8.7066,8.70703,0.827065,0.999835,8.7066,8.70703,0.755339,240,242,41,240,242,41,0,0,0.997584,6.02341,3.05984e-05,-10.3945,0.977934,3.79141,0.999835,0.0189873,0.0189873,0.030581,0.030581,0.9,0.9
PanTS_00004602,1,1,20.7135,20-40,1139,2196.89,False,True,1,5,embedded,False,hypoattenuating,0,False,True,0.582968,0.00114245,-6.77344,-6.77344,0.000359406,0.00114245,-6.77344,-6.77344,0.000279832,311,238,72,311,238,72,0,0,0.000262212,-8.24609,5.88576e-06,-12.043,0.000171932,-8.66824,0.119305,0.655063,0.655063,0.920489,0.920489,0.001,0.001
PanTS_00004669,1,3,24.4507,20-40,1989,1896.86,False,False,3,1,separated,True,hypoattenuating,0,False,True,0,0.154376,-1.70068,-1.70068,0.00622571,0.497989,-0.00804512,-0.00804518,0.0101571,226,125,73,228,125,74,0.024921,0.0200724,0.997042,5.82032,6.74805e-06,-11.9063,0.896342,2.15723,0.997042,0.522152,0.477848,0.813456,0.776758,,0.1
PanTS_00004669,2,3,44.1929,>=40,12534,11953.4,False,True,3,1,separated,True,hypoattenuating,0,False,True,0.000478698,0.00183867,-6.29687,-6.29688,0.000245511,0.00183867,-6.29687,-6.29688,0.000197083,315,192,67,315,192,67,0.0438548,0.0438548,0.997042,5.82032,6.74805e-06,-11.9063,0.896342,2.15723,0.997042,0.642405,0.642405,0.911315,0.911315,0.001,0.001
PanTS_00004669,3,3,22.6065,20-40,483,460.625,False,False,3,1,separated,True,hypoattenuating,0,False,True,0,0.000216544,-8.4375,-8.4375,5.52121e-05,0.000223416,-8.40625,-8.40625,5.30297e-05,304,180,142,305,180,141,0.0943621,0.0929101,0.997042,5.82032,6.74805e-06,-11.9063,0.896342,2.15723,0.997042,0.762658,0.753165,0.987768,0.984709,,
PanTS_00004671,1,0,25.0724,20-40,716,991.204,False,False,2,2.5,abutting,False,hypoattenuating,0,False,True,0,5.92092e-05,-9.73438,-9.73437,2.29286e-05,6.97647e-05,-9.57031,-9.57031,2.29725e-05,248,220,37,251,219,37,0.158074,0.14033,0.0103481,-4.56055,3.15043e-06,-12.668,0.00149826,-6.50195,0.999833,0.908228,0.889241,0.993884,0.993884,,
PanTS_00004671,2,0,34.8163,20-40,3620,5011.39,False,True,2,2.5,abutting,False,hypoattenuating,0.497681,True,False,0.164088,0.997822,6.12697,6.12695,0.332553,0.997822,6.12697,6.12695,0.243687,266,194,42,266,194,42,0,0,0.0103481,-4.56055,3.15043e-06,-12.668,0.00149826,-6.50195,0.999833,0.101266,0.101266,0.211009,0.211009,0.9,0.9
PanTS_00004673,1,4,34.582,20-40,1803,5837.42,False,True,1,5,inside,False,isoattenuating,0.422209,True,False,1,0.982955,4.05469,4.05469,0.362917,0.983214,4.07031,4.07031,0.32793,256,237,20,256,236,20,0.00679492,0.00675079,0.995444,5.38673,9.95408e-05,-9.21484,0.968267,3.41816,0.995444,0.31962,0.316456,0.599388,0.593272,0.9,0.9
PanTS_00004677,1,3,41.5794,>=40,15510,10679.5,False,True,1,1.25,inside,False,isoattenuating,0.719363,True,False,0.956609,0.997677,6.06253,6.0625,0.676503,0.997677,6.06253,6.0625,0.527178,225,108,18,225,108,18,0,0,0.997353,5.93166,3.99075e-05,-10.1289,0.984969,4.18252,0.997677,0.10443,0.10443,0.223242,0.223242,0.9,0.9
PanTS_00004681,1,1,12.2041,10-20,492,205.55,False,True,1,0.8,embedded,False,hyperattenuating,0,False,True,0.99187,5.16435e-05,-9.87109,-9.87109,3.0341e-05,6.40201e-05,-9.65625,-9.65625,3.01308e-05,229,198,114,231,199,114,0.101408,0.0784724,0.000566986,-7.47461,4.20637e-06,-12.3789,0.00013033,-8.94531,0.460319,0.911392,0.901899,0.996942,0.993884,,
PanTS_00004703,1,4,18.9222,10-20,1378,948.827,False,True,1,1.25,inside,False,hypoattenuating,0,False,True,0.985486,0.0110936,-4.49023,-4.49023,0.000621077,0.0248928,-3.66797,-3.66797,0.000978205,188,148,0,186,149,1,0.0409829,0.0343389,0.980803,3.93359,1.3212e-05,-11.2344,0.794729,1.35367,0.980803,0.588608,0.579114,0.87156,0.850153,,0.01
PanTS_00004707,1,0,40.0748,>=40,9060,14595.3,False,True,1,2.5,inside,False,hypoattenuating,0.780408,True,False,1,0.99884,6.75779,6.75781,0.989958,0.99884,6.75779,6.75781,0.932194,158,167,44,158,167,44,0,0,0.99486,5.26562,4.64744e-05,-9.97656,0.990013,4.5964,0.99884,0.0537975,0.0537975,0.116208,0.116208,0.9,0.9
PanTS_00004724,1,4,24.9379,20-40,1363,1039.89,False,True,1,0.8,embedded,False,isoattenuating,0.560128,True,False,0.787234,0.926901,2.54004,2.54004,0.648284,0.932821,2.63086,2.63086,0.46827,233,167,167,233,166,167,0,0,0.866189,1.86768,2.11125e-05,-10.7656,0.0587809,-2.77336,0.932821,0.401899,0.39557,0.700306,0.685015,0.9,0.9
PanTS_00004735,1,0,17.1988,10-20,1302,2058.76,False,True,1,3,inside,False,hyperattenuating,0,False,True,1,4.92787e-05,-9.91797,-9.91797,1.33564e-05,7.60248e-05,-9.48438,-9.48437,1.62141e-05,184,205,104,183,203,104,0.035001,0.0164947,0.000191852,-8.55859,7.55745e-06,-11.793,9.38874e-05,-9.27332,0.996264,0.914557,0.876582,0.996942,0.993884,,
PanTS_00004748,1,3,17.6735,10-20,225,760.637,False,True,1,5,inside,False,hypoattenuating,0.141315,True,False,1,0.997429,5.96091,5.96094,0.939726,0.997513,5.99416,5.99414,0.766441,184,229,21,186,228,21,0.00477126,0.00230143,0.997622,6.03904,4.22331e-05,-10.0723,0.997274,5.90236,0.997622,0.110759,0.10443,0.24159,0.2263,,0.9
PanTS_00004753,1,2,32.0532,20-40,2450,6157.56,False,True,1,5,inside,False,hypoattenuating,0.800455,True,False,1,0.999196,7.12495,7.125,0.701181,0.999196,7.12495,7.125,0.566858,213,190,16,213,190,16,0,0,0.980949,3.94141,7.26793e-06,-11.832,0.181558,-1.50582,0.999196,0.0537975,0.0537975,0.103976,0.103976,0.9,0.9
PanTS_00004769,1,2,42.0252,>=40,7572,15280.1,False,True,1,2.5,inside,False,hypoattenuating,0,False,True,1,0.378028,-0.497925,-0.497925,0.0248589,0.378028,-0.497925,-0.497925,0.0216239,181,213,43,181,213,43,0.00513699,0.00513699,0.996882,5.76758,5.81719e-06,-12.0547,0.0201652,-3.88343,0.996882,0.484177,0.484177,0.788991,0.788991,0.3,0.3
PanTS_00004788,1,3,27.2711,20-40,6611,3995.19,False,True,1,0.8,embedded,False,isoattenuating,0,False,True,0.983512,0.000264268,-8.23828,-8.23828,7.06578e-05,0.000264268,-8.23828,-8.23828,6.25039e-05,271,269,111,271,269,111,0.090768,0.090768,0.940353,2.75781,1.02895e-05,-11.4844,0.0140954,-4.24771,0.971752,0.740506,0.740506,0.978593,0.978593,,
PanTS_00004796,1,0,21.2838,20-40,633,633,False,True,1,1,inside,False,hypoattenuating,0.0608264,True,False,1,0.998579,6.55465,6.55469,0.947269,0.998698,6.64255,6.64258,0.863842,222,188,257,224,188,258,8.24965e-05,3.74984e-06,0.998708,6.65037,8.17155e-06,-11.7148,0.993783,5.07422,0.999423,0.056962,0.056962,0.137615,0.131498,,0.9
PanTS_00004800,1,0,29.7211,20-40,3915,1548.41,False,True,1,0.8,separated,True,hypoattenuating,0,False,True,0,7.1419e-05,-9.54687,-9.54687,2.25046e-05,7.1419e-05,-9.54687,-9.54687,1.89788e-05,323,169,114,323,169,114,0.053546,0.053546,0.000377765,-7.88086,1.26069e-05,-11.2812,0.000140369,-8.87109,0.00450327,0.886076,0.886076,0.993884,0.993884,,
PanTS_00004825,1,1,27.8367,20-40,3168,4339.74,False,True,1,2.5,inside,False,hypoattenuating,0.783419,True,False,0.960227,0.996907,5.77538,5.77539,0.640388,0.996907,5.77538,5.77539,0.422183,195,219,27,195,219,27,0,0,0.577346,0.31189,2.62748e-05,-10.5469,0.00246993,-6.00109,0.996907,0.132911,0.132911,0.318043,0.318043,0.9,0.9
PanTS_00004828,1,2,42.9127,>=40,19961,10687.5,False,True,1,1.2,inside,False,hypoattenuating,0.666957,True,False,1,0.999894,9.15218,9.15234,0.606375,0.999894,9.15218,9.15234,0.471653,219,154,34,219,154,34,0,0,0.997327,5.92187,1.41743e-05,-11.1641,0.950607,2.95729,0.999894,0.00949367,0.00949367,0.0122324,0.0122324,0.9,0.9
PanTS_00004842,1,3,21.8348,20-40,1384,3041.02,False,True,1,2.5,inside,False,isoattenuating,0.584182,True,False,1,0.995497,5.39844,5.39844,0.436762,0.995497,5.39844,5.39844,0.310433,242,151,12,242,151,12,0,0,0.768125,1.19775,5.19417e-06,-12.168,0.00139999,-6.56989,0.996888,0.193038,0.193038,0.431193,0.431193,0.9,0.9
PanTS_00004856,1,0,9.3464,5-10,328,144.541,False,True,1,0.8,inside,False,hypoattenuating,0,False,True,1,0.0245397,-3.68262,-3.68262,0.00606201,0.0255896,-3.63965,-3.63965,0.00326315,229,232,189,227,233,186,0.0151378,0.0150529,0.999876,8.99625,5.88576e-06,-12.043,0.418868,-0.327421,0.999876,0.579114,0.575949,0.850153,0.850153,0.01,0.01
PanTS_00004857,1,4,66.7877,>=40,53193,76093.1,False,True,1,1.5,inside,False,hyperattenuating,0.261679,True,False,1,0.997488,5.98436,5.98438,0.155104,0.997488,5.98436,5.98438,0.127111,232,226,43,232,226,43,0,0,0.996597,5.67969,1.91083e-06,-13.168,0.0137075,-4.27601,0.997488,0.10443,0.10443,0.229358,0.229358,0.9,0.9
PanTS_00004937,1,1,29.5688,20-40,2182,4102.24,False,True,1,2.5,inside,False,isoattenuating,0,False,True,1,0.0831429,-2.40039,-2.40039,0.0136077,0.0831429,-2.40039,-2.40039,0.0118318,195,152,28,195,152,28,0.00839271,0.00839271,0.877161,1.96582,2.07041e-05,-10.7852,0.0634476,-2.69199,0.961316,0.541139,0.541139,0.816514,0.816514,0.03,0.03
PanTS_00004963,1,0,47.1855,>=40,12719,16140.7,False,True,1,3,inside,False,isoattenuating,0.830699,True,False,1,0.999722,8.18741,8.1875,0.72053,0.999722,8.18741,8.1875,0.548881,140,171,102,140,171,102,0,0,0.985043,4.1875,1.85591e-05,-10.8945,0.00408616,-5.49605,0.999722,0.028481,0.028481,0.0550459,0.0550459,0.9,0.9
PanTS_00004964,1,0,23.0715,20-40,1940,3094.91,False,True,1,2.5,inside,False,hyperattenuating,0.696152,True,False,1,0.999983,10.9656,10.9648,0.902302,0.999983,10.9656,10.9648,0.811098,267,235,34,267,235,34,0,0,0.998332,6.39451,4.04523e-06,-12.418,0.617522,0.479043,0.999983,0,0,0,0,0.9,0.9
PanTS_00005011,1,1,18.9204,10-20,1307,2251.4,False,True,1,2.5,inside,False,isoattenuating,0.29418,True,False,1,0.997556,6.01171,6.01172,0.956276,0.997556,6.01171,6.01172,0.854807,276,188,47,276,188,47,0,0,0.997493,5.98631,3.66886e-06,-12.5156,0.996708,5.7129,0.997556,0.10443,0.10443,0.223242,0.223242,0.9,0.9
PanTS_00005017,1,2,39.3782,20-40,21888,8996.8,False,True,1,0.8,inside,False,isoattenuating,0.00163733,True,False,0.951435,0.647241,0.606934,0.606934,0.00826595,0.683102,0.768066,0.768066,0.00813873,220,294,159,219,293,159,2.76334e-06,0,0.653459,0.634277,2.32298e-06,-12.9727,7.22608e-05,-9.53516,0.994203,0.471519,0.462025,0.7737,0.7737,0.5,0.5
PanTS_00005027,1,1,26.9666,20-40,2086,3851.41,False,True,1,2.5,inside,False,hypoattenuating,0.62015,True,False,1,0.997584,6.02341,6.02344,0.985126,0.997584,6.02341,6.02344,0.931548,269,192,32,269,192,32,0,0,0.997317,5.91796,2.11951e-05,-10.7617,0.996378,5.6172,0.997584,0.10443,0.10443,0.223242,0.223242,0.9,0.9
PanTS_00005041,1,2,32.6526,20-40,11999,5858.89,False,True,2,0.8,inside,False,isoattenuating,0.19997,True,False,1,0.842151,1.67432,1.67432,0.176659,0.842151,1.67432,1.67432,0.110287,239,212,128,239,212,128,0.00130257,0.00130257,0.997042,5.82032,6.74805e-06,-11.9063,0.00655394,-5.02111,0.997042,0.433544,0.433544,0.743119,0.743119,0.7,0.7
PanTS_00005041,2,2,15.6394,10-20,956,466.797,False,False,2,0.8,inside,False,hypoattenuating,0,False,True,1,4.02205e-05,-10.1211,-10.1211,1.96816e-05,4.02205e-05,-10.1211,-10.1211,1.62015e-05,265,212,169,265,212,169,0.116099,0.116099,0.997042,5.82032,6.74805e-06,-11.9063,0.00655394,-5.02111,0.997042,0.939873,0.939873,1,1,,
PanTS_00005054,1,3,21.7499,20-40,2550,2431.87,False,True,1,1,inside,False,hyperattenuating,0.122076,True,False,1,0.755637,1.12891,1.12891,0.124457,0.755637,1.12891,1.12891,0.07851,333,148,56,333,148,56,0.0387978,0.0387978,0.997686,6.06642,4.44281e-06,-12.3242,0.993512,5.03125,0.997686,0.446203,0.446203,0.755352,0.755352,0.7,0.7
PanTS_00005056,1,0,59.244,>=40,12574,35974.5,False,True,1,3,abutting,False,hyperattenuating,0.822732,True,False,0.148799,0.999442,7.49024,7.49023,0.837338,0.999442,7.49024,7.49023,0.711203,177,85,142,177,85,142,0,0,0.985963,4.25195,7.41128e-06,-11.8125,0.0356383,-3.29805,0.999442,0.0411392,0.0411392,0.0825688,0.0825688,0.9,0.9
PanTS_00005062,1,0,44.1769,>=40,9978,17431.4,False,True,1,2.5,inside,False,isoattenuating,0.872077,True,False,0.985167,0.999813,8.58241,8.58203,0.824988,0.999813,8.58241,8.58203,0.660427,260,205,35,260,205,35,0,0,0.992626,4.90235,1.05335e-05,-11.4609,0.0187611,-3.95703,0.999813,0.0221519,0.0221519,0.0366972,0.0366972,0.9,0.9
PanTS_00005085,1,4,15.4179,10-20,762,524.678,False,True,1,1.25,inside,False,hypoattenuating,0,False,True,1,3.93611e-06,-12.4453,-12.4453,1.29377e-06,3.93611e-06,-12.4453,-12.4453,9.39758e-07,266,134,101,266,134,101,0.443586,0.443586,0.995826,5.47461,2.44399e-06,-12.9219,0.903033,2.23139,0.997116,0.996835,0.996835,1,1,,
PanTS_00005095,1,3,35.49,20-40,4920,9928.45,False,True,1,2.5,inside,False,hyperattenuating,0.672244,True,False,0.957724,0.997645,6.04884,6.04883,0.77605,0.997645,6.04884,6.04883,0.677984,262,182,51,262,182,51,0,0,0.996031,5.52538,1.93336e-06,-13.1562,0.991652,4.77734,0.997645,0.10443,0.10443,0.223242,0.223242,0.9,0.9
PanTS_00005114,1,4,27.1209,20-40,1334,2418.4,False,True,1,2.5,inside,False,hyperattenuating,0,False,True,1,0.00263167,-5.9375,-5.9375,0.000151449,0.00387693,-5.54883,-5.54883,0.000145604,251,188,47,252,187,47,0.000164834,0,0.0036571,-5.60742,5.38002e-06,-12.1328,0.000117286,-9.05078,0.997872,0.636076,0.617089,0.905199,0.896024,0.003,0.001
PanTS_00005137,1,0,21.6268,20-40,1347,1914,False,False,2,2.5,inside,False,isoattenuating,0.496472,True,False,1,0.9953,5.35547,5.35547,0.679659,0.9953,5.35547,5.35547,0.615453,132,180,51,132,180,51,2.31329e-05,2.31329e-05,0.995444,5.38673,1.79881e-05,-10.9258,0.955976,3.07801,0.999231,0.196203,0.196203,0.437309,0.437309,0.9,0.9
PanTS_00005137,2,0,43.4842,>=40,15691,22295.9,False,True,2,2.5,inside,False,isoattenuating,0.904275,True,False,0.992607,0.999231,7.16994,7.16992,0.91087,0.999231,7.16994,7.16992,0.785262,197,247,49,197,247,49,0,0,0.995444,5.38673,1.79881e-05,-10.9258,0.955976,3.07801,0.999231,0.0537975,0.0537975,0.100917,0.100917,0.9,0.9
PanTS_00005162,1,4,42.4507,>=40,13204,4951.85,False,True,2,0.476969,separated,True,isoattenuating,0,False,True,0,3.05984e-05,-10.3945,-10.3945,7.94831e-06,3.20668e-05,-10.3477,-10.3477,6.60201e-06,287,188,71,303,186,71,0,0,3.44658e-06,-12.5781,6.8133e-07,-14.1992,2.64259e-06,-12.8437,8.88808e-05,0.958861,0.955696,1,1,,
PanTS_00005162,2,4,23.049,20-40,761,285.395,False,False,2,0.476969,separated,True,isoattenuating,0,False,True,0,1.10822e-05,-11.4102,-11.4102,2.51694e-06,1.25088e-05,-11.2891,-11.2891,2.30624e-06,290,179,49,290,179,53,0,0,3.44658e-06,-12.5781,6.8133e-07,-14.1992,2.64259e-06,-12.8437,8.88808e-05,0.974684,0.974684,1,1,,
PanTS_00005172,1,2,47.6184,>=40,26957,17159,False,True,1,0.800002,inside,False,hyperattenuating,0.791215,True,False,0.995103,0.997804,6.11913,6.11914,0.658619,0.997804,6.11913,6.11914,0.479969,234,166,7,234,166,7,0,0,0.991828,4.79883,7.26793e-06,-11.832,0.934887,2.6643,0.997804,0.101266,0.101266,0.211009,0.211009,0.9,0.9
PanTS_00005180,1,0,26.6899,20-40,991,3030.1,False,True,1,5,abutting,False,isoattenuating,0,False,True,0.577195,0.0906549,-2.30566,-2.30566,0.000486301,0.675444,0.73291,0.73291,0.00272382,310,162,56,312,161,56,0.017247,0.0112459,0.998567,6.54687,4.09291e-06,-12.4062,0.811187,1.45774,0.998567,0.541139,0.46519,0.816514,0.7737,,0.03
PanTS_00005186,1,4,35.757,20-40,3737,11518.7,False,True,1,5,inside,False,hyperattenuating,0.462788,True,False,1,0.996482,5.64648,5.64648,0.315559,0.996482,5.64648,5.64648,0.2717,261,138,67,261,138,67,0,0,0.992539,4.89062,3.47361e-06,-12.5703,0.0651072,-2.6644,0.998114,0.158228,0.158228,0.363914,0.363914,0.9,0.9
PanTS_00005188,1,0,57.5232,>=40,23203,28678,False,True,1,2.5,inside,False,isoattenuating,0.77667,True,False,1,0.998929,6.83783,6.83789,0.981814,0.998929,6.83783,6.83789,0.939709,172,175,40,172,175,40,0,0,0.997613,6.03516,3.41349e-05,-10.2852,0.991938,4.81249,0.998929,0.0537975,0.0537975,0.11315,0.11315,0.9,0.9
PanTS_00005207,1,0,56.8343,>=40,44958,33278.9,False,True,1,1.25,inside,False,hypoattenuating,0.790779,True,False,0.879777,0.99951,7.6212,7.62109,0.820503,0.99951,7.6212,7.62109,0.705199,190,119,98,190,119,98,0,0,0.992767,4.92187,4.87046e-05,-9.92969,0.975815,3.69755,0.99951,0.0411392,0.0411392,0.0825688,0.0825688,0.9,0.9
PanTS_00005210,1,0,43.0955,>=40,12701,20460.7,False,True,1,2.5,inside,False,isoattenuating,0.732459,True,False,0.97701,0.999836,8.71456,8.71484,0.583539,0.999836,8.71456,8.71484,0.453767,262,205,42,262,205,42,0,0,0.994552,5.20704,1.58745e-05,-11.0508,0.00179615,-6.32031,0.999836,0.0189873,0.0189873,0.030581,0.030581,0.9,0.9
PanTS_00005221,1,2,37.242,20-40,6141,7590.04,False,True,2,2.5,inside,False,hyperattenuating,0.0373444,True,False,1,0.79158,1.33447,1.33447,0.0273977,0.79158,1.33447,1.33447,0.0204676,301,198,58,301,198,58,0,0,0.345492,-0.638916,6.33921e-06,-11.9687,0.000247293,-8.30469,0.79158,0.446203,0.446203,0.752294,0.752294,0.7,0.7
PanTS_00005221,2,2,22.5634,20-40,905,1118.55,False,False,2,2.5,inside,False,hyperattenuating,0,False,True,1,3.09591e-05,-10.3828,-10.3828,1.11612e-05,4.03779e-05,-10.1172,-10.1172,1.08297e-05,309,190,44,309,188,43,0.0875529,0.0630808,0.345492,-0.638916,6.33921e-06,-11.9687,0.000247293,-8.30469,0.79158,0.958861,0.939873,1,1,,
PanTS_00005230,1,4,17.2474,10-20,2528,1080.08,False,True,1,0.7,inside,False,hypoattenuating,0.67042,True,False,1,0.950503,2.95508,2.95508,0.58028,0.950503,2.95508,2.95508,0.374499,252,145,17,252,145,17,0,0,0.844345,1.69092,7.09957e-06,-11.8555,0.00176835,-6.33594,0.950503,0.382911,0.382911,0.678899,0.678899,0.9,0.9
PanTS_00005242,1,0,25.8215,20-40,2641,4131.23,False,True,1,2.5,inside,False,hypoattenuating,0.669885,True,False,1,0.999963,10.1993,10.1992,0.969233,0.999963,10.1993,10.1992,0.88024,218,209,39,218,209,39,0,0,0.999473,7.54695,3.78532e-06,-12.4844,0.994106,5.12797,0.999963,0,0,0,0,0.9,0.9
PanTS_00005250,1,1,19.2671,10-20,1290,1776.02,False,True,1,5,inside,False,isoattenuating,0,False,True,1,8.5143e-05,-9.37109,-9.37109,3.10553e-05,0.000105547,-9.15625,-9.15625,2.95785e-05,367,273,65,366,272,66,0.0191391,0.0144509,0.0717862,-2.55957,6.04892e-06,-12.0156,0.00013342,-8.92187,0.423756,0.867089,0.838608,0.993884,0.990826,,
PanTS_00005257,1,4,27.4703,20-40,2778,3208.42,False,True,1,2.5,inside,False,hyperattenuating,0,False,True,1,4.11743e-05,-10.0977,-10.0977,2.1408e-05,0.000195635,-8.53906,-8.53906,1.99395e-05,236,268,52,236,253,54,0.0336255,0.00937425,0.303732,-0.82959,3.75587e-06,-12.4922,0.000176056,-8.64453,0.997817,0.933544,0.768987,1,0.987768,,
PanTS_00005266,1,4,30.4675,20-40,5356,2615.23,False,True,1,0.8,separated,True,hypoattenuating,0,False,True,0,0.000348024,-7.96289,-7.96289,9.39172e-05,0.000348024,-7.96289,-7.96289,8.85614e-05,233,230,131,233,230,131,0,0,0.000129822,-8.94922,8.83555e-06,-11.6367,6.35219e-05,-9.66406,0.994391,0.708861,0.708861,0.966361,0.966361,,
PanTS_00005268,1,3,49.8264,>=40,11282,15618.4,False,True,1,2.5,inside,False,isoattenuating,0.616456,True,False,0.961886,0.996846,5.75586,5.75586,0.925641,0.996846,5.75586,5.75586,0.856622,268,144,111,268,144,111,0,0,0.995977,5.51172,0.000393576,-7.83984,0.993795,5.07618,0.997122,0.136076,0.136076,0.321101,0.321101,0.9,0.9
PanTS_00005275,1,2,29.7335,20-40,11351,5595.82,False,True,1,0.8,inside,False,hypoattenuating,0.781627,True,False,0.987666,0.999817,8.60559,8.60547,0.79463,0.999817,8.60559,8.60547,0.568861,250,116,48,250,116,48,0,0,0.993229,4.98828,1.61876e-05,-11.0313,0.0587096,-2.77465,0.999817,0.0221519,0.0221519,0.0366972,0.0366972,0.9,0.9
PanTS_00005290,1,4,25.4473,20-40,2569,3822.59,False,True,1,2.5,inside,False,isoattenuating,0.677352,True,False,1,0.998096,6.26173,6.26172,0.877864,0.998096,6.26173,6.26172,0.750745,240,194,38,240,194,38,0,0,0.997088,5.83596,1.08255e-05,-11.4336,0.98851,4.45472,0.998528,0.0759494,0.0759494,0.17737,0.17737,0.9,0.9
PanTS_00005309,1,4,44.1541,>=40,8410,15386.7,False,True,1,2.5,inside,False,hypoattenuating,0.702543,True,False,1,0.995858,5.48243,5.48242,0.603334,0.995858,5.48243,5.48242,0.500399,241,170,33,241,170,33,0,0,0.994477,5.19336,1.342e-05,-11.2188,0.0958653,-2.24403,0.997859,0.189873,0.189873,0.425076,0.425076,0.9,0.9
PanTS_00005316,1,2,19.112,10-20,825,1626.25,False,True,1,4,inside,False,hypoattenuating,0,False,True,0.962424,0.000115017,-9.07031,-9.07031,4.47724e-05,0.000115017,-9.07031,-9.07031,3.79688e-05,355,234,80,355,234,80,0.143101,0.143101,0.998633,6.59374,1.87047e-05,-10.8867,0.98131,3.9609,0.998633,0.822785,0.822785,0.990826,0.990826,,
PanTS_00005362,1,4,23.2277,20-40,2326,3426.06,False,True,1,2.5,inside,False,hypoattenuating,0.453323,True,False,1,0.997071,5.83009,5.83008,0.995577,0.997071,5.83009,5.83008,0.979882,159,174,55,159,174,55,0,0,0.996802,5.74217,5.58398e-05,-9.79297,0.995327,5.36132,0.997071,0.126582,0.126582,0.284404,0.284404,0.9,0.9
PanTS_00005370,1,4,17.5016,10-20,671,1658.66,False,True,1,5,inside,False,isoattenuating,0,False,True,1,0.00308136,-5.7793,-5.7793,0.00158032,0.00308136,-5.7793,-5.7793,0.00124208,235,239,72,235,239,72,0.0218935,0.0218935,0.99593,5.50001,1.47967e-05,-11.1211,0.253333,-1.08091,0.998085,0.632911,0.632911,0.905199,0.905199,0.003,0.003
PanTS_00005390,1,2,28.2105,20-40,11712,4118.6,False,True,4,0.800002,embedded,False,isoattenuating,0.740204,True,False,0.658897,0.999858,8.86306,8.86328,0.889098,0.999858,8.86306,8.86328,0.697821,234,203,147,234,203,147,0,0,0.986044,4.25781,4.44281e-06,-12.3242,0.0225217,-3.7705,0.999858,0.0189873,0.0189873,0.0275229,0.0275229,0.9,0.9
PanTS_00005390,2,2,2.40001,<5,4,1.40662,True,False,4,0.800002,abutting,False,hypoattenuating,0,False,True,1,7.08633e-05,-9.55469,-9.55469,6.18454e-05,8.85344e-05,-9.33203,-9.33203,5.55942e-05,244,222,106,244,225,105,0.12971,0.10909,0.986044,4.25781,4.44281e-06,-12.3242,0.0225217,-3.7705,0.999858,0.886076,0.863924,0.993884,0.993884,,
PanTS_00005390,3,2,26.8227,20-40,1247,438.515,False,False,4,0.800002,abutting,False,hypoattenuating,0,False,True,0.34162,8.95779e-05,-9.32031,-9.32031,3.81386e-05,0.000218242,-8.42969,-8.42969,3.8838e-05,252,210,127,251,209,129,0.108221,0.0612964,0.986044,4.25781,4.44281e-06,-12.3242,0.0225217,-3.7705,0.999858,0.860759,0.762658,0.993884,0.987768,,
PanTS_00005390,4,2,7.17462,5-10,124,43.6053,False,False,4,0.800002,embedded,False,isoattenuating,0,False,True,1,4.94716e-05,-9.91406,-9.91406,3.51604e-05,7.84379e-05,-9.45313,-9.45313,3.0836e-05,270,207,97,272,208,99,0.165341,0.120184,0.986044,4.25781,4.44281e-06,-12.3242,0.0225217,-3.7705,0.999858,0.914557,0.876582,0.996942,0.993884,,
PanTS_00005391,1,4,16.5084,10-20,973,886.025,False,True,1,1.25,inside,False,hypoattenuating,0,False,True,1,1.98334e-05,-10.8281,-10.8281,6.46952e-06,4.02205e-05,-10.1211,-10.1211,7.99705e-06,211,90,131,202,87,128,0.173428,0.105782,0.99371,5.06249,2.35956e-06,-12.957,0.000411627,-7.79498,0.9941,0.96519,0.939873,1,1,,
PanTS_00005392,1,0,72.2934,>=40,17839,30895.5,False,True,2,5,abutting,False,isoattenuating,0.555982,True,False,0.375526,0.999009,6.91594,6.91602,0.398633,0.999009,6.91594,6.91602,0.329111,266,256,70,266,256,70,0,0,0.854582,1.771,5.81719e-06,-12.0547,0.045534,-3.04269,0.999009,0.0537975,0.0537975,0.107034,0.107034,0.9,0.9
PanTS_00005392,2,0,18.0894,10-20,1225,2121.59,False,False,2,5,separated,True,isoattenuating,0.405986,True,False,0,0.937897,2.71484,2.71484,0.322378,0.937897,2.71484,2.71484,0.200958,304,239,58,304,239,58,0,0,0.854582,1.771,5.81719e-06,-12.0547,0.045534,-3.04269,0.999009,0.392405,0.392405,0.681957,0.681957,0.9,0.9
PanTS_00005420,1,2,119.328,>=40,436365,300461,False,True,1,1.25,abutting,False,hypoattenuating,0.718666,True,False,0.0238172,0.997787,6.1113,6.11133,0.546966,0.997787,6.1113,6.11133,0.475195,200,156,50,200,156,50,0,0,0.0136631,-4.2793,3.95867e-07,-14.7422,4.11743e-05,-10.0977,0.997787,0.101266,0.101266,0.211009,0.211009,0.9,0.9
PanTS_00005422,1,1,11.216,10-20,374,147.92,False,False,2,0.8,inside,False,isoattenuating,0.0131444,True,False,1,0.786705,1.30518,1.30518,0.182097,0.788339,1.31494,1.31494,0.153437,227,221,201,226,221,201,0.0169273,0.0168918,0.996008,5.51953,5.81719e-06,-12.0547,0.955642,3.07009,0.996008,0.446203,0.446203,0.752294,0.752294,,0.7
PanTS_00005422,2,1,18.9177,10-20,1469,581.001,False,True,2,0.8,inside,False,hyperattenuating,0.094526,True,False,1,0.91267,2.34668,2.34668,0.369853,0.961389,3.21484,3.21484,0.27332,234,212,216,233,214,217,0.0127,0.00944789,0.996008,5.51953,5.81719e-06,-12.0547,0.955642,3.07009,0.996008,0.411392,0.373418,0.70948,0.672783,,0.9
PanTS_00005428,1,3,20.6188,20-40,558,1701.79,False,True,1,5,inside,False,isoattenuating,0,False,True,1,0.175679,-1.5459,-1.5459,0.0165949,0.175679,-1.5459,-1.5459,0.0125118,299,246,68,299,246,68,0.0168273,0.0168273,0.997617,6.03709,4.4869e-05,-10.0117,0.9134,2.35587,0.997617,0.515823,0.515823,0.810398,0.810398,0.1,0.1
PanTS_00005437,1,4,31.758,20-40,2534,7728.21,False,True,1,5,inside,False,isoattenuating,0,False,True,0.851618,0.000180936,-8.61719,-8.61719,6.39574e-05,0.00866093,-4.74023,-4.74023,5.93205e-05,213,176,56,211,176,57,0.0780565,0.0481289,0.997599,6.02929,3.31454e-06,-12.6172,0.996226,5.57592,0.997599,0.775316,0.591772,0.987768,0.877676,,
PanTS_00005466,1,3,28.1477,20-40,4829,5015.16,False,True,1,2.5,inside,False,isoattenuating,0.724405,True,False,0.998343,0.998587,6.56055,6.56055,0.588701,0.998587,6.56055,6.56055,0.405515,239,237,43,239,237,43,0,0,0.994146,5.13476,5.01474e-06,-12.2031,0.00529171,-5.23631,0.998587,0.056962,0.056962,0.137615,0.137615,0.9,0.9
PanTS_00005514,1,0,11.5694,10-20,138,421.952,False,False,2,5,inside,False,isoattenuating,0,False,True,1,4.21506e-05,-10.0742,-10.0742,1.63149e-05,4.34886e-05,-10.043,-10.043,1.61906e-05,216,196,67,216,195,67,0.143381,0.138822,0.0014579,-6.5293,9.22347e-06,-11.5937,0.000202634,-8.50391,0.9982,0.927215,0.927215,1,1,,
PanTS_00005514,2,0,12.2034,10-20,179,547.314,False,True,2,5,inside,False,hypoattenuating,0,False,True,0.972067,8.28466e-05,-9.39844,-9.39844,4.83552e-05,8.28466e-05,-9.39844,-9.39844,3.92122e-05,256,182,58,256,182,58,0.0605557,0.0605557,0.0014579,-6.5293,9.22347e-06,-11.5937,0.000202634,-8.50391,0.9982,0.867089,0.867089,0.993884,0.993884,,
PanTS_00005525,1,3,36.82,20-40,4832,12481.1,False,True,1,5,inside,False,hypoattenuating,0.89088,True,False,1,0.99476,5.24608,5.24609,0.853271,0.99476,5.24608,5.24609,0.693351,278,212,25,278,212,25,0,0,0.985524,4.22071,1.65715e-05,-11.0078,0.0016732,-6.39134,0.99476,0.21519,0.21519,0.452599,0.452599,0.9,0.9
PanTS_00005538,1,3,18.6476,10-20,1195,2107.2,False,True,1,2.5,inside,False,hyperattenuating,0,False,True,1,0.00322248,-5.73438,-5.73438,0.000986787,0.0035588,-5.63477,-5.63477,0.000929398,232,174,31,235,172,30,0.0451353,0.0437446,0.995906,5.49413,4.74786e-06,-12.2578,0.990943,4.69508,0.996235,0.632911,0.623418,0.905199,0.905199,,0.003
PanTS_00005558,1,1,20.2361,20-40,288,972,False,True,2,1.5,inside,False,hypoattenuating,0.0188679,True,False,0.993056,0.510054,0.0402221,0.0402222,0.0977291,0.57072,0.28479,0.28479,0.0909844,200,112,91,201,112,91,0.00225782,0.0019222,0.881411,2.00586,1.18895e-05,-11.3398,0.0575346,-2.79611,0.993771,0.477848,0.471519,0.776758,0.7737,,0.5
PanTS_00005558,2,1,14.8492,10-20,114,384.75,False,False,2,1.5,inside,False,isoattenuating,0,False,True,1,0.00159785,-6.4375,-6.4375,0.000858161,0.00172746,-6.35938,-6.35938,0.000766313,209,102,62,209,102,61,0.0406102,0.0393288,0.881411,2.00586,1.18895e-05,-11.3398,0.0575346,-2.79611,0.993771,0.64557,0.64557,0.917431,0.917431,,0.001
PanTS_00005571,1,0,32.0492,20-40,4567,6124.83,False,True,1,2.5,inside,False,isoattenuating,0.572231,True,False,1,0.999824,8.64478,8.64453,0.932235,0.999824,8.64478,8.64453,0.854381,264,209,24,264,209,24,0,0,0.999303,7.26749,7.01686e-06,-11.8672,0.993542,5.0359,0.999824,0.0221519,0.0221519,0.0336391,0.0336391,0.9,0.9
PanTS_00005583,1,1,40.4842,>=40,19964,13746.3,False,True,1,1.25,inside,False,hypoattenuating,0.808812,True,False,0.773492,0.997399,5.94924,5.94922,0.965775,0.997399,5.94924,5.94922,0.846973,194,113,57,194,113,57,0,0,0.997007,5.80859,1.82714e-05,-10.9102,0.648823,0.613872,0.997399,0.110759,0.110759,0.244648,0.244648,0.9,0.9
PanTS_00005623,1,2,32.9489,20-40,2713,1460.49,False,True,1,0.8,embedded,False,isoattenuating,0,False,True,0.71397,0.00147219,-6.51953,-6.51953,2.9959e-05,0.0633084,-2.69434,-2.69434,9.72015e-05,199,269,115,200,270,117,0.0288369,0.0173901,0.997264,5.89844,6.3145e-06,-11.9727,0.787768,1.31152,0.997264,0.651899,0.556962,0.920489,0.828746,,0.001
PanTS_00005641,1,2,57.3559,>=40,47190,19186.1,False,True,1,0.8,inside,False,hypoattenuating,0,False,True,1,0.00381705,-5.56445,-5.56445,4.16252e-05,0.0321311,-3.40527,-3.40527,4.94058e-05,217,272,150,218,270,150,0.00655732,0.00261168,0.466709,-0.133362,3.06545e-06,-12.6953,0.00110637,-6.80557,0.485901,0.620253,0.566456,0.896024,0.840979,,0.003
PanTS_00005643,1,2,11.7362,10-20,1026,405.791,False,True,2,0.8,inside,False,hyperattenuating,0.336216,True,False,1,0.979472,3.86523,3.86523,0.567662,0.979957,3.88965,3.88965,0.426592,230,278,173,230,278,172,0,0,0.97151,3.5293,1.87388e-06,-13.1875,0.0281825,-3.54047,0.979957,0.335443,0.332278,0.620795,0.620795,0.9,0.9
PanTS_00005643,2,2,3.76358,<5,36,14.2383,False,False,2,0.8,embedded,False,hyperattenuating,0,False,True,1,5.48613e-06,-12.1133,-12.1133,3.70904e-06,6.61753e-06,-11.9258,-11.9258,3.51812e-06,256,277,153,254,276,153,0.347844,0.325776,0.97151,3.5293,1.87388e-06,-13.1875,0.0281825,-3.54047,0.979957,0.993671,0.993671,1,1,,
PanTS_00005661,1,3,27.433,20-40,2571,6129.74,False,True,1,2.5,inside,False,hyperattenuating,0.840979,True,False,1,0.998147,6.2891,6.28906,0.743393,0.998147,6.2891,6.28906,0.546654,269,193,46,269,193,46,0,0,0.82963,1.58301,3.39314e-06,-12.5937,0.000115467,-9.06641,0.998147,0.0727848,0.0727848,0.171254,0.171254,0.9,0.9
PanTS_00005665,1,2,12.9962,10-20,500,197.754,False,True,3,0.8,embedded,False,isoattenuating,0,False,True,0.98,0.000140369,-8.87109,-8.87109,4.96138e-05,0.000176056,-8.64453,-8.64453,4.65597e-05,212,233,108,210,233,109,0.00123234,0.000594713,0.0396017,-3.18848,3.62612e-06,-12.5273,7.42436e-05,-9.50809,0.993673,0.803797,0.778481,0.990826,0.987768,,
PanTS_00005665,2,2,3.52813,<5,18,7.11914,True,False,3,0.8,embedded,False,hypoattenuating,0,False,True,1,1.68324e-05,-10.9922,-10.9922,1.37011e-05,1.88514e-05,-10.8789,-10.8789,1.14366e-05,249,254,114,248,253,114,0.151483,0.130625,0.0396017,-3.18848,3.62612e-06,-12.5273,7.42436e-05,-9.50809,0.993673,0.971519,0.96519,1,1,,
PanTS_00005665,3,2,6.9125,5-10,64,25.3125,False,False,3,0.8,inside,False,isoattenuating,0,False,True,1,1.48546e-05,-11.1172,-11.1172,8.51661e-06,2.2828e-05,-10.6875,-10.6875,9.2401e-06,249,257,119,247,256,120,0.177289,0.100381,0.0396017,-3.18848,3.62612e-06,-12.5273,7.42436e-05,-9.50809,0.993673,0.971519,0.96519,1,1,,
PanTS_00005677,1,3,16.6008,10-20,1805,674.782,False,True,1,0.8,embedded,False,hypoattenuating,0.0498482,True,False,0.992798,0.942242,2.79199,2.79199,0.208512,0.988799,4.48047,4.48047,0.163024,239,179,85,242,179,84,0.0129244,0.00641884,0.996476,5.64452,4.97571e-06,-12.2109,0.973437,3.60131,0.996476,0.386076,0.303797,0.681957,0.559633,,0.9
PanTS_00005731,1,1,28.401,20-40,146,892.395,False,True,1,3.27,inside,False,isoattenuating,0,False,True,0.972603,0.000879606,-7.03516,-7.03516,0.000335772,0.000879606,-7.03516,-7.03516,0.000299126,216,139,122,216,139,122,0.0230247,0.0230247,0.772788,1.22412,1.05541e-05,-11.459,0.0243819,-3.68923,0.99489,0.661392,0.661392,0.929664,0.929664,,
PanTS_00005732,1,1,41.3039,>=40,3505,10027.9,False,True,1,3,abutting,False,hypoattenuating,0,False,True,0.347789,0.00407014,-5.5,-5.5,0.000352656,0.00407014,-5.5,-5.5,0.00030221,202,81,57,202,81,57,0.000100929,0.000100929,0.0703038,-2.58203,9.78005e-06,-11.5352,0.000486687,-7.6274,0.996852,0.610759,0.610759,0.892966,0.892966,0.003,0.003
PanTS_00005739,1,1,26.4551,20-40,843,1891.09,False,True,1,2.5,inside,False,hyperattenuating,0.25828,True,False,1,0.992961,4.94922,4.94922,0.702411,0.993461,5.02343,5.02344,0.652164,241,110,130,242,111,129,0.000288404,0,0.993359,5.00782,1.3058e-05,-11.2461,0.98606,4.25895,0.993461,0.246835,0.234177,0.498471,0.480122,0.9,0.9
PanTS_00005742,1,0,20.1998,20-40,529,1613.35,False,True,1,5,inside,False,isoattenuating,0,False,True,1,0.000893446,-7.01953,-7.01953,0.000296243,0.000893446,-7.01953,-7.01953,0.000260318,300,243,67,300,243,67,0.020233,0.020233,0.999636,7.91781,1.3846e-05,-11.1875,0.359316,-0.578335,0.999636,0.658228,0.658228,0.929664,0.929664,,
PanTS_00005757,1,2,28.7666,20-40,7777,6022.71,False,True,1,1.25,inside,False,isoattenuating,0.827278,True,False,0.999871,0.999871,8.95661,8.95703,0.867165,0.999871,8.95661,8.95703,0.6976,184,129,4,184,129,4,0,0,0.996689,5.70705,5.08429e-05,-9.88672,0.956173,3.0827,0.999871,0.0189873,0.0189873,0.0244648,0.0244648,0.9,0.9
PanTS_00005759,1,3,23.4378,20-40,1787,3732.64,False,True,1,2.5,inside,False,isoattenuating,0.57469,True,False,1,0.998371,6.41798,6.41797,0.813414,0.998371,6.41798,6.41797,0.673868,256,180,48,256,180,48,0,0,0.997556,6.01171,8.07635e-06,-11.7266,0.994697,5.23413,0.998371,0.0632911,0.0632911,0.152905,0.152905,0.9,0.9
PanTS_00005766,1,2,33.7781,20-40,5860,9671.29,False,True,1,2.5,inside,False,isoattenuating,0.834515,True,False,0.927645,0.99994,9.72572,9.72656,0.759294,0.99994,9.72572,9.72656,0.581646,218,201,43,218,201,43,0,0,0.970743,3.50195,4.72935e-06,-12.2617,0.00493409,-5.30664,0.99994,0,0,0.0030581,0.0030581,0.9,0.9
PanTS_00005774,1,1,32.9352,20-40,2715,3703.67,False,True,1,4,inside,False,isoattenuating,0,False,True,1,0.000507281,-7.58594,-7.58594,0.000119915,0.00052032,-7.56055,-7.56055,0.000108056,202,225,77,202,224,77,0.0134538,0.0127835,0.00122318,-6.70508,3.74897e-05,-10.1914,0.000576382,-7.45816,0.992199,0.683544,0.683544,0.944954,0.944954,,
PanTS_00005780,1,1,32.1648,20-40,2431,8573.38,False,True,1,5,inside,False,isoattenuating,0.68577,True,False,0.996709,0.99251,4.88671,4.88672,0.545527,0.99251,4.88671,4.88672,0.431227,272,235,82,272,235,82,0,0,0.945349,2.85059,1.31605e-05,-11.2383,0.058783,-2.77332,0.99251,0.256329,0.256329,0.513761,0.513761,0.9,0.9
PanTS_00005782,1,0,8.77496,5-10,126,126,False,True,1,1,inside,False,isoattenuating,0,False,True,1,4.67425e-06,-12.2734,-12.2734,2.31463e-06,6.02534e-06,-12.0195,-12.0195,2.4051e-06,382,127,265,380,128,265,0.347246,0.294175,0.00296944,-5.81641,2.38738e-06,-12.9453,0.000110612,-9.10938,0.999765,0.993671,0.993671,1,1,,
PanTS_00005785,1,1,27.0415,20-40,2118,1247.82,False,True,1,0.801379,embedded,False,isoattenuating,0,False,True,0.956563,0.00158234,-6.44727,-6.44727,0.000195643,0.00170737,-6.37109,-6.37109,0.000147095,222,270,114,225,272,117,0.00103274,0.000762422,0.00393009,-5.53516,1.69953e-06,-13.2852,0.000562576,-7.48242,0.00393009,0.64557,0.64557,0.917431,0.917431,0.001,0.001
PanTS_00005803,1,3,21.6219,20-40,387,1845.36,False,True,1,5,inside,False,isoattenuating,0.528986,True,False,1,0.994979,5.28906,5.28906,0.717614,0.994979,5.28906,5.28906,0.548182,162,154,20,162,154,20,0.00816482,0.00816482,0.996264,5.58594,2.25621e-05,-10.6992,0.994605,5.21681,0.996264,0.208861,0.208861,0.446483,0.446483,0.9,0.9
PanTS_00005806,1,3,44.0702,>=40,11697,8396.68,False,True,1,1.25,inside,False,hypoattenuating,0.475564,True,False,0.949047,0.993661,5.05468,5.05469,0.30398,0.993661,5.05468,5.05469,0.216052,190,143,2,190,143,2,0,0,0.0029579,-5.82031,1.30818e-06,-13.5469,0.000131393,-8.93719,0.993661,0.234177,0.234177,0.480122,0.480122,0.9,0.9
PanTS_00005821,1,2,30.6174,20-40,3399,5937.99,False,True,1,2.5,inside,False,isoattenuating,0,False,True,1,0.00117408,-6.74609,-6.74609,0.000180698,0.00117408,-6.74609,-6.74609,0.000152319,269,172,109,269,172,109,0.0893554,0.0893554,0.999875,8.98381,2.97731e-05,-10.4219,0.997329,5.92245,0.999875,0.655063,0.655063,0.920489,0.920489,0.001,0.001
PanTS_00005832,1,4,15.188,10-20,1405,373.139,False,True,1,0.8,inside,False,isoattenuating,0,False,True,1,0.000135521,-8.90625,-8.90625,6.07282e-05,0.000188142,-8.57813,-8.57813,6.48998e-05,225,312,97,223,308,113,0.0388246,0.0209701,0.81309,1.47022,1.342e-05,-11.2188,0.000267383,-8.22656,0.93744,0.806962,0.772152,0.990826,0.987768,,
PanTS_00005855,1,1,43.7704,>=40,12282,17724.3,False,True,1,2.5,inside,False,hyperattenuating,0.867946,True,False,0.999023,0.997589,6.0254,6.02539,0.930814,0.997589,6.0254,6.02539,0.801179,263,213,30,263,213,30,0,0,0.995505,5.40039,3.53563e-05,-10.25,0.831192,1.5941,0.997589,0.10443,0.10443,0.223242,0.223242,0.9,0.9
PanTS_00005864,1,1,19.7843,10-20,1729,683.833,False,True,1,0.8,inside,False,hypoattenuating,0.0480635,True,False,1,0.944893,2.8418,2.8418,0.137713,0.980167,3.90039,3.90039,0.133942,226,225,114,223,224,117,0.0135885,0.00799972,0.991422,4.75,3.01241e-05,-10.4102,0.973317,3.59668,0.991422,0.386076,0.332278,0.678899,0.617737,,0.9
PanTS_00005876,1,3,31.9999,20-40,2922,5769.03,False,True,1,2.5,abutting,False,hypoattenuating,0.5589,True,False,0.632101,0.997744,6.09178,6.0918,0.813542,0.997744,6.09178,6.0918,0.667974,277,193,45,277,193,45,0,0,0.997631,6.04295,1.26069e-05,-11.2812,0.995866,5.48438,0.997744,0.101266,0.101266,0.214067,0.214067,0.9,0.9
PanTS_00005881,1,3,32.2667,20-40,3159,9164.51,False,True,1,5,inside,False,isoattenuating,0.790578,True,False,0.981007,0.997969,6.19724,6.19727,0.676003,0.997969,6.19724,6.19727,0.518848,219,227,26,219,227,26,0,0,0.990803,4.67969,1.02094e-05,-11.4922,0.00045546,-7.69375,0.997969,0.0791139,0.0791139,0.183486,0.183486,0.9,0.9
PanTS_00005905,1,0,47.4556,>=40,2975,4916.27,False,True,1,3,inside,False,hypoattenuating,0,False,True,0.997647,0.000840999,-7.08008,-7.08008,9.52346e-05,0.000895191,-7.01758,-7.01758,9.46117e-05,312,141,127,312,142,127,0.0422672,0.040462,0.998927,6.83594,2.89701e-05,-10.4492,0.0582049,-2.78382,0.998927,0.661392,0.658228,0.932722,0.929664,,
PanTS_00005921,1,2,33.8478,20-40,4040,5740.58,False,True,1,2.5,inside,False,hypoattenuating,0.743762,True,False,1,0.999686,8.06657,8.06641,0.865842,0.999686,8.06657,8.06641,0.745398,255,240,49,255,240,49,0,0,0.992154,4.83984,1.89992e-05,-10.8711,0.643007,0.58844,0.999686,0.0316456,0.0316456,0.0611621,0.0611621,0.9,0.9
PanTS_00005924,1,4,27.9327,20-40,6906,4924.11,False,True,1,1.5,abutting,False,isoattenuating,0,False,True,0.174196,0.0166891,-4.07617,-4.07617,0.00450536,0.0166891,-4.07617,-4.07617,0.00382403,278,250,15,278,250,15,0,0,0.00415008,-5.48047,6.51494e-06,-11.9414,0.00104728,-6.86051,0.0166891,0.582278,0.582278,0.862385,0.862385,0.01,0.01
PanTS_00005931,1,4,23.7603,20-40,469,1431.27,False,True,1,5,inside,False,hypoattenuating,0.292911,True,False,1,0.996978,5.79882,5.79883,0.856239,0.997404,5.95115,5.95117,0.681522,198,164,12,201,164,12,0.00753551,0.00390825,0.997876,6.15235,1.24358e-05,-11.2949,0.99674,5.72267,0.997876,0.132911,0.110759,0.302752,0.24159,,0.9
PanTS_00005960,1,2,27.8963,20-40,1102,2724.06,False,True,1,5,inside,False,hypoattenuating,0,False,True,1,1.62509e-05,-11.0273,-11.0273,7.99583e-06,1.69644e-05,-10.9844,-10.9844,7.84138e-06,285,200,1,302,192,1,0.156559,0.146926,0.00014147,-8.86328,5.31734e-06,-12.1445,8.28466e-05,-9.39844,0.9963,0.971519,0.971519,1,1,,
PanTS_00005985,1,2,30.4675,20-40,5532,2701.17,False,True,4,0.8,abutting,False,hypoattenuating,0,False,True,0.383948,0.000162828,-8.72266,-8.72266,2.65268e-05,0.000162828,-8.72266,-8.72266,2.10196e-05,240,231,120,240,231,120,0.0546985,0.0546985,0.999632,7.90609,9.04507e-06,-11.6133,0.854511,1.77043,0.999632,0.787975,0.787975,0.990826,0.990826,,
PanTS_00005985,2,2,3.35457,<5,16,7.8125,True,False,4,0.8,embedded,False,hypoattenuating,0,False,True,1,0.00010596,-9.15234,-9.15234,8.27585e-05,0.000188142,-8.57813,-8.57813,8.43753e-05,258,206,128,260,205,128,0.0737385,0.0501079,0.999632,7.90609,9.04507e-06,-11.6133,0.854511,1.77043,0.999632,0.838608,0.772152,0.990826,0.987768,,
PanTS_00005985,3,2,4.92552,<5,11,5.37109,True,False,4,0.8,embedded,False,hypoattenuating,0,False,True,1,2.14449e-05,-10.75,-10.75,1.55114e-05,3.48081e-05,-10.2656,-10.2656,1.57871e-05,263,205,165,264,207,164,0.335473,0.245436,0.999632,7.90609,9.04507e-06,-11.6133,0.854511,1.77043,0.999632,0.96519,0.949367,1,1,,
PanTS_00005985,4,2,2.4,<5,4,1.95313,True,False,4,0.8,embedded,False,hypoattenuating,0,False,True,1,1.80585e-05,-10.9219,-10.9219,1.47842e-05,2.9657e-05,-10.4258,-10.4258,1.67983e-05,266,204,168,267,205,166,0.366871,0.276545,0.999632,7.90609,9.04507e-06,-11.6133,0.854511,1.77043,0.999632,0.96519,0.962025,1,1,,
PanTS_00005992,1,2,29.7181,20-40,4530,7226.78,False,True,1,2.5,inside,False,isoattenuating,0.552404,True,False,1,0.999795,8.49239,8.49219,0.963579,0.999795,8.49239,8.49219,0.9263,230,214,33,230,214,33,0,0,0.998974,6.88091,2.41111e-05,-10.6328,0.99571,5.44726,0.999795,0.0221519,0.0221519,0.0397554,0.0397554,0.9,0.9
PanTS_00005994,1,4,22.866,20-40,946,1432.44,False,True,1,2.42,inside,False,isoattenuating,0,False,True,1,8.68221e-05,-9.35156,-9.35156,2.59891e-05,9.91527e-05,-9.21875,-9.21875,2.58308e-05,226,127,119,227,126,118,0.316708,0.300845,0.998161,6.2969,2.48765e-05,-10.6016,0.997398,5.94883,0.998161,0.863924,0.848101,0.993884,0.990826,,
PanTS_00005995,1,3,32.3427,20-40,5798,2831.05,False,True,1,0.8,abutting,False,isoattenuating,0,False,True,0.553984,5.22523e-05,-9.85937,-9.85937,1.20375e-05,7.00377e-05,-9.56641,-9.56641,1.06807e-05,242,212,182,243,210,183,0.000855722,1.61457e-05,7.03118e-05,-9.5625,1.03485e-06,-13.7813,3.45373e-05,-10.2734,0.995801,0.911392,0.889241,0.996942,0.993884,,
PanTS_00006000,1,1,41.5264,>=40,20181,13895.7,False,True,1,1.25,inside,False,hypoattenuating,0.668911,True,False,0.971954,0.997454,5.97072,5.9707,0.923904,0.997454,5.97072,5.9707,0.848124,214,110,82,214,110,82,0,0,0.997183,5.86916,3.04791e-05,-10.3984,0.993474,5.02539,0.997454,0.110759,0.110759,0.235474,0.235474,0.9,0.9
PanTS_00006011,1,2,23.2863,20-40,841,2838.38,False,True,1,1.5,inside,False,isoattenuating,0.621967,True,False,1,0.988177,4.42577,4.42578,0.537868,0.988177,4.42577,4.42578,0.426028,127,123,73,127,123,73,0,0,0.970576,3.4961,3.65456e-06,-12.5195,0.0278699,-3.55194,0.988177,0.303797,0.303797,0.565749,0.565749,0.9,0.9
PanTS_00006039,1,4,18.4545,10-20,643,1886.42,False,True,2,5,inside,False,isoattenuating,0,False,True,1,2.49738e-05,-10.5977,-10.5977,1.49684e-05,2.72149e-05,-10.5117,-10.5117,1.48581e-05,216,237,66,218,237,65,0.0182233,0.0157276,0.0270919,-3.58105,5.07385e-06,-12.1914,4.14972e-05,-10.0898,0.994729,0.96519,0.962025,1,1,,
PanTS_00006039,2,4,17.272,10-20,238,698.24,False,False,2,5,separated,True,hypoattenuating,0,False,True,0,0.000327584,-8.02344,-8.02344,0.000186062,0.000398213,-7.82813,-7.82813,0.000193897,378,221,56,378,219,56,0.00237798,0.00218963,0.0270919,-3.58105,5.07385e-06,-12.1914,4.14972e-05,-10.0898,0.994729,0.712025,0.705696,0.969419,0.963303,,
PanTS_00006054,1,4,50.8853,>=40,17339,6857.71,False,True,1,0.8,separated,True,hypoattenuating,0,False,True,0,0.000228713,-8.38281,-8.38281,6.06973e-05,0.000302973,-8.10156,-8.10156,5.5203e-05,283,258,111,279,252,114,0.1054,0.0985979,0.99684,5.7539,2.53671e-05,-10.582,0.995096,5.31285,0.99684,0.753165,0.724684,0.984709,0.972477,,
PanTS_00006056,1,0,40.6639,>=40,2478,1364.99,False,True,2,1,separated,True,hypoattenuating,0.118549,True,False,0,0.997766,6.10157,6.10156,0.927683,0.998225,6.33206,6.33203,0.868037,289,163,110,291,164,111,0,0,0.986904,4.32227,1.10822e-05,-11.4102,0.432374,-0.27217,0.998312,0.101266,0.0632911,0.211009,0.159021,,0.9
PanTS_00006056,2,0,24.4152,20-40,1758,968.381,False,False,2,1,abutting,False,hypoattenuating,0.088221,True,False,0.231513,0.995961,5.5078,5.50781,0.961437,0.996343,5.6074,5.60742,0.816235,291,179,123,291,177,122,0,0,0.986904,4.32227,1.10822e-05,-11.4102,0.432374,-0.27217,0.998312,0.18038,0.161392,0.415902,0.376147,,0.9
PanTS_00006064,1,0,21.5243,20-40,1611,1991.13,False,True,1,2.5,inside,False,hypoattenuating,0.373777,True,False,1,0.999941,9.74588,9.74609,0.979284,0.999941,9.74588,9.74609,0.911891,261,195,33,261,195,33,0,0,0.998728,6.66597,1.00905e-05,-11.5039,0.992753,4.91992,0.999941,0,0,0.0030581,0.0030581,0.9,0.9
PanTS_00006079,1,0,25.7714,20-40,2232,4543.37,False,True,1,2.5,inside,False,hypoattenuating,0.720195,True,False,1,0.999943,9.78112,9.78125,0.984734,0.999943,9.78112,9.78125,0.937235,234,217,28,234,217,28,0,0,0.998762,6.69341,7.38239e-06,-11.8164,0.963448,3.27178,0.999943,0,0,0,0,0.9,0.9
PanTS_00006135,1,1,20.8926,20-40,396,1336.5,False,True,1,1.5,separated,True,hypoattenuating,0,False,True,0,6.63106e-05,-9.62109,-9.62109,2.17919e-05,7.93624e-05,-9.44141,-9.44141,2.22921e-05,122,102,87,122,102,86,0.279948,0.251249,0.00392245,-5.53711,1.82714e-05,-10.9102,0.00129374,-6.64893,0.588948,0.898734,0.873418,0.993884,0.993884,,
PanTS_00006142,1,1,35.303,20-40,1777,4236.7,False,True,1,2.5,inside,False,isoattenuating,0.526848,True,False,0.998875,0.982591,4.0332,4.0332,0.360276,0.982591,4.0332,4.0332,0.266131,259,174,27,259,174,27,0,0,0.841891,1.67236,1.77415e-06,-13.2422,0.000460538,-7.68265,0.996637,0.31962,0.31962,0.602446,0.602446,0.9,0.9
PanTS_00006157,1,3,98.4386,>=40,75815,58131.8,False,True,1,1.25,inside,False,isoattenuating,0.619253,True,False,0.875394,0.996544,5.66406,5.66406,0.47865,0.996544,5.66406,5.66406,0.381405,222,143,96,222,143,96,0,0,0.991032,4.70508,2.8299e-05,-10.4727,0.869438,1.896,0.996544,0.151899,0.151899,0.357798,0.357798,0.9,0.9
PanTS_00006178,1,0,17.6847,10-20,358,1208.25,False,True,1,1.5,inside,False,isoattenuating,0,False,True,1,0.00102621,-6.88086,-6.88086,0.000182191,0.00119488,-6.72852,-6.72852,0.000167035,137,99,95,137,99,94,0.0700555,0.068011,0.999694,8.09003,4.35688e-06,-12.3438,0.369285,-0.535283,0.999694,0.655063,0.655063,0.920489,0.920489,,0.001
PanTS_00006183,1,3,25.665,20-40,2599,3693.01,False,True,1,2.5,inside,False,hypoattenuating,0,False,True,1,0.270095,-0.994141,-0.994141,0.0400456,0.270095,-0.994141,-0.994141,0.0275551,202,236,42,202,236,42,0.00620551,0.00620551,0.996972,5.79689,2.14841e-06,-13.0508,0.000831781,-7.09111,0.996972,0.503165,0.503165,0.807339,0.807339,0.1,0.1
PanTS_00006193,1,3,18.623,10-20,3164,2043.16,False,True,1,0.8,inside,False,hyperattenuating,0,False,True,1,0.119305,-1.99902,-1.99902,0.0159047,0.119305,-1.99902,-1.99902,0.00948279,240,237,183,240,237,183,0,0,0.0187971,-3.95508,1.5057e-06,-13.4063,0.00281734,-5.86914,0.119305,0.531646,0.531646,0.813456,0.813456,0.1,0.1
PanTS_00006201,1,4,31.1452,20-40,2629,5946.33,False,True,1,2.5,inside,False,isoattenuating,0.377905,True,False,1,0.992583,4.89649,4.89648,0.749409,0.992583,4.89649,4.89648,0.693263,217,223,29,217,223,29,0.0124436,0.0124436,0.995151,5.32421,1.28055e-05,-11.2656,0.992809,4.92773,0.995151,0.256329,0.256329,0.510703,0.510703,,0.9
PanTS_00006218,1,3,20.1982,20-40,1780,2323.93,False,True,1,2.5,inside,False,hypoattenuating,0.085049,True,False,0.978652,0.980337,3.90918,3.90918,0.210386,0.992934,4.94532,4.94531,0.171305,216,216,50,217,217,49,0.00209825,0.000678845,0.995291,5.35351,4.09291e-06,-12.4062,0.000334043,-8.00391,0.996949,0.332278,0.246835,0.617737,0.498471,0.9,0.9
PanTS_00006222,1,3,50.3717,>=40,29747,12427.9,False,True,1,0.8,abutting,False,isoattenuating,0.70987,True,False,0.725317,0.996656,5.69726,5.69727,0.795841,0.996656,5.69726,5.69727,0.634735,275,222,142,275,222,142,0,0,0.996264,5.58594,8.83555e-06,-11.6367,0.966119,3.35043,0.996656,0.148734,0.148734,0.342508,0.342508,0.9,0.9
PanTS_00006238,1,4,38.4332,20-40,7412,4580.47,False,True,1,1.25,inside,False,hypoattenuating,0,False,True,0.921749,0.00313584,-5.76172,-5.76172,0.000273881,0.491513,-0.0339507,-0.0339508,0.000886178,275,157,3,278,155,2,0.00367987,0.00128459,0.980967,3.94238,7.2396e-06,-11.8359,0.000257142,-8.26563,0.995453,0.632911,0.477848,0.905199,0.776758,0.001,0.003
PanTS_00006256,1,1,24.8844,20-40,2782,5778.5,False,True,1,5,inside,False,hypoattenuating,0.687632,True,False,1,0.997311,5.91603,5.91602,0.995229,0.997311,5.91603,5.91602,0.943178,199,250,26,199,250,26,0,0,0.997077,5.83205,1.7918e-05,-10.9297,0.990006,4.5957,0.997311,0.120253,0.120253,0.253823,0.253823,0.9,0.9
PanTS_00006257,1,0,32.1267,20-40,2197,761.447,False,True,2,0.8,abutting,False,isoattenuating,0,False,True,0.736914,0.000537876,-7.52734,-7.52734,0.000102862,0.000739361,-7.20898,-7.20898,0.00010463,217,239,131,218,242,132,0.0256819,0.00886085,0.00222567,-6.10547,1.36313e-05,-11.2031,0.000715232,-7.24219,0.975901,0.683544,0.664557,0.944954,0.938838,,
PanTS_00006257,2,0,10.4844,10-20,542,187.849,False,False,2,0.8,abutting,False,hypoattenuating,0,False,True,0.182657,0.000198716,-8.52344,-8.52344,6.55757e-05,0.000287976,-8.15234,-8.15234,6.5681e-05,223,273,143,223,270,143,0.120566,0.081972,0.00222567,-6.10547,1.36313e-05,-11.2031,0.000715232,-7.24219,0.975901,0.768987,0.724684,0.987768,0.975535,,
PanTS_00006263,1,1,37.2502,20-40,4784,11405.9,False,True,1,2.5,inside,False,hyperattenuating,0.65212,True,False,1,0.996954,5.79102,5.79102,0.90805,0.996954,5.79102,5.79102,0.813367,219,188,26,219,188,26,0,0,0.996746,5.72459,3.64785e-05,-10.2188,0.99373,5.06567,0.996954,0.132911,0.132911,0.302752,0.302752,0.9,0.9
PanTS_00006268,1,2,52.6846,>=40,14604,12130.3,False,True,1,1.5,abutting,False,hypoattenuating,0.622212,True,False,0.50178,0.999674,8.02744,8.02734,0.459829,0.999674,8.02744,8.02734,0.30766,243,212,25,243,212,25,0,0,0.517007,0.0680542,2.91367e-06,-12.7461,0.000125338,-8.98438,0.999674,0.0316456,0.0316456,0.0611621,0.0611621,0.9,0.9
PanTS_00006272,1,4,30.7912,20-40,5422,8273.32,False,True,1,2.5,inside,False,hypoattenuating,0.869236,True,False,1,0.997826,6.12892,6.12891,0.800578,0.997826,6.12892,6.12891,0.611783,218,223,47,218,223,47,0,0,0.996564,5.66993,1.74347e-05,-10.957,0.000849196,-7.07037,0.997826,0.101266,0.101266,0.211009,0.211009,0.9,0.9
PanTS_00006275,1,2,23.4307,20-40,1953,1953,False,False,8,1,inside,False,hypoattenuating,0,False,True,1,0.000152964,-8.78516,-8.78516,5.8648e-05,0.000200274,-8.51562,-8.51563,5.34546e-05,231,224,348,232,225,349,0.10441,0.0933165,0.997766,6.10157,8.39807e-06,-11.6875,0.894144,2.13379,0.999376,0.800633,0.768987,0.990826,0.987768,,
PanTS_00006275,2,2,35.5668,20-40,1845,1845,False,False,8,1,inside,False,hypoattenuating,0,False,True,1,7.11406e-05,-9.55078,-9.55078,1.71015e-05,8.22019e-05,-9.40625,-9.40625,1.88242e-05,252,229,389,251,230,388,0.158241,0.144892,0.997766,6.10157,8.39807e-06,-11.6875,0.894144,2.13379,0.999376,0.886076,0.867089,0.993884,0.993884,,
PanTS_00006275,3,2,5.74456,5-10,39,39,False,False,8,1,inside,False,isoattenuating,0,False,True,1,0.000826358,-7.09766,-7.09766,0.000295765,0.00183867,-6.29687,-6.29688,0.00035909,246,220,334,247,221,335,0.0575376,0.0464149,0.997766,6.10157,8.39807e-06,-11.6875,0.894144,2.13379,0.999376,0.664557,0.642405,0.932722,0.911315,,
PanTS_00006275,4,2,2,<5,3,3,True,False,8,1,inside,False,hyperattenuating,0,False,True,1,0.000383712,-7.86523,-7.86523,0.000326358,0.00124,-6.69141,-6.69141,0.000389963,247,218,335,247,220,335,0.0737646,0.0514007,0.997766,6.10157,8.39807e-06,-11.6875,0.894144,2.13379,0.999376,0.708861,0.655063,0.966361,0.920489,,
PanTS_00006275,5,2,34.4529,20-40,2610,2610,False,True,8,1,inside,False,hypoattenuating,0.201539,True,False,1,0.997498,5.98829,5.98828,0.48558,0.997804,6.11913,6.11914,0.419547,263,244,332,261,244,333,4.27544e-05,0,0.997766,6.10157,8.39807e-06,-11.6875,0.894144,2.13379,0.999376,0.10443,0.101266,0.2263,0.211009,0.9,0.9
PanTS_00006275,6,2,2,<5,3,3,True,False,8,1,inside,False,hypoattenuating,0,False,True,1,0.142649,-1.79346,-1.79346,0.119736,0.324985,-0.730957,-0.730957,0.108704,256,224,337,257,225,338,0.022479,0.0194368,0.997766,6.10157,8.39807e-06,-11.6875,0.894144,2.13379,0.999376,0.528481,0.5,0.813456,0.801223,,0.1
PanTS_00006275,7,2,14.4914,10-20,690,690,False,False,8,1,inside,False,hypoattenuating,0,False,True,1,2.57666e-05,-10.5664,-10.5664,8.95258e-06,3.23183e-05,-10.3398,-10.3398,8.37333e-06,333,232,297,336,233,300,0.299541,0.264374,0.997766,6.10157,8.39807e-06,-11.6875,0.894144,2.13379,0.999376,0.96519,0.955696,1,1,,
PanTS_00006275,8,2,12.8062,10-20,87,87,False,False,8,1,inside,False,hypoattenuating,0,False,True,1,6.94927e-05,-9.57422,-9.57422,3.1909e-05,0.000105135,-9.16016,-9.16016,2.98697e-05,345,201,292,346,201,291,0.160678,0.125846,0.997766,6.10157,8.39807e-06,-11.6875,0.894144,2.13379,0.999376,0.889241,0.838608,0.993884,0.990826,,
PanTS_00006282,1,3,12.1016,10-20,1031,469.605,False,True,1,0.853631,inside,False,isoattenuating,0,False,True,1,0.00070967,-7.25,-7.25,0.000173505,0.00106913,-6.83984,-6.83984,0.000164257,249,253,136,250,247,141,0.0309486,0.0225525,0.613381,0.461548,9.11601e-06,-11.6055,0.00533258,-5.22857,0.613381,0.667722,0.655063,0.938838,0.920489,,
PanTS_00006287,1,0,52.7457,>=40,7091,20361.1,False,True,2,5,inside,False,isoattenuating,0,False,True,0.989564,0.406214,-0.379639,-0.379639,0.00897535,0.406214,-0.379639,-0.379639,0.00723415,145,196,22,145,196,22,0.0228403,0.0228403,0.996307,5.59765,2.47795e-05,-10.6055,0.897564,2.17045,0.996307,0.481013,0.481013,0.782875,0.782875,0.3,0.3
PanTS_00006287,2,0,36.9326,20-40,1558,4473.63,False,False,2,5,inside,False,isoattenuating,0.0478036,True,False,1,0.9803,3.90723,3.90723,0.0627087,0.985608,4.22656,4.22656,0.0758368,298,234,19,298,232,19,0.00533044,0.00404432,0.996307,5.59765,2.47795e-05,-10.6055,0.897564,2.17045,0.996307,0.332278,0.310127,0.617737,0.584098,,0.9
PanTS_00006300,1,0,78.9633,>=40,7840,29214,False,True,4,5,abutting,False,hypoattenuating,0,False,True,0,0.0145876,-4.21289,-4.21289,0.000250743,0.127056,-1.92725,-1.92725,0.00032133,185,192,23,187,191,23,0.00820326,0.00448141,0.894881,2.1416,1.17264e-06,-13.6562,0.00909038,-4.69141,0.994605,0.585443,0.531646,0.862385,0.813456,0.001,0.01
PanTS_00006300,2,0,31.3019,20-40,1311,4885.14,False,False,4,5,separated,True,hypoattenuating,0,False,True,0,0.00991722,-4.60352,-4.60352,0.000932953,0.0521343,-2.90039,-2.90039,0.00138538,191,178,35,193,180,35,0.00960845,0.00558277,0.894881,2.1416,1.17264e-06,-13.6562,0.00909038,-4.69141,0.994605,0.591772,0.556962,0.874618,0.831804,,0.003
PanTS_00006300,3,0,12.01,10-20,159,592.477,False,False,4,5,separated,True,hypoattenuating,0.00683554,True,False,0,0.843509,1.68457,1.68457,0.236223,0.913677,2.35938,2.35937,0.266329,203,202,24,204,200,24,0.000113934,0,0.894881,2.1416,1.17264e-06,-13.6562,0.00909038,-4.69141,0.994605,0.433544,0.408228,0.737003,0.70948,,0.7
PanTS_00006300,4,0,34.7776,20-40,786,2928.85,False,False,4,5,abutting,False,hypoattenuating,0.0264775,True,False,0.197201,0.967808,3.40332,3.40332,0.248326,0.973968,3.62207,3.62207,0.216477,232,190,20,231,188,20,0,0,0.894881,2.1416,1.17264e-06,-13.6562,0.00909038,-4.69141,0.994605,0.367089,0.348101,0.657492,0.633028,,0.9
PanTS_00006304,1,1,23.7981,20-40,1849,3051.57,False,True,1,2.5,inside,False,hypoattenuating,0.636818,True,False,1,0.997608,6.03321,6.0332,0.861764,0.997608,6.03321,6.0332,0.773466,222,227,46,222,227,46,0,0,0.997116,5.84572,1.26069e-05,-11.2812,0.793742,1.34763,0.997608,0.10443,0.10443,0.223242,0.223242,0.9,0.9
PanTS_00006311,1,2,14.1594,10-20,109,370.042,False,True,1,5,inside,False,isoattenuating,0,False,True,1,8.15622e-05,-9.41406,-9.41406,5.59935e-05,8.34963e-05,-9.39063,-9.39063,5.22021e-05,207,149,70,202,152,70,0.0170468,0.0167311,0.000509266,-7.58203,5.95514e-06,-12.0312,0.000122914,-9.00391,0.993795,0.870253,0.867089,0.993884,0.993884,,
PanTS_00006315,1,4,37.0666,20-40,2706,5970.6,False,True,1,2.5,inside,False,hyperattenuating,0.481047,True,False,1,0.997133,5.85154,5.85156,0.845284,0.997133,5.85154,5.85156,0.802734,282,242,22,282,242,22,0,0,0.997048,5.82226,1.5057e-06,-13.4063,0.996023,5.52329,0.997133,0.123418,0.123418,0.278287,0.278287,0.9,0.9
PanTS_00006319,1,3,48.8418,>=40,47289,18129.6,False,True,1,0.625,abutting,False,hypoattenuating,0.613566,True,False,0.473852,0.996455,5.63869,5.63867,0.446584,0.996455,5.63869,5.63867,0.334024,250,139,29,250,139,29,0,0,0.952618,3.00098,1.78109e-06,-13.2383,0.00747599,-4.88855,0.996455,0.158228,0.158228,0.363914,0.363914,0.9,0.9
PanTS_00006331,1,4,31.0938,20-40,5243,4733.55,False,False,3,2,abutting,False,hypoattenuating,0,False,True,0.0230784,4.98596e-05,-9.90625,-9.90625,1.81471e-05,4.98596e-05,-9.90625,-9.90625,1.63105e-05,249,242,13,249,242,13,0.604964,0.604964,0.996846,5.75586,8.12443e-05,-9.41797,0.0406548,-3.16113,0.996846,0.911392,0.911392,0.996942,0.996942,,
PanTS_00006331,2,4,99.7207,>=40,44715,40370.1,False,True,3,2,abutting,False,hypoattenuating,0,False,True,0.146908,0.00444239,-5.41211,-5.41211,9.65724e-05,0.317903,-0.763428,-0.763428,0.00012469,267,188,28,265,188,28,0.0471718,0.00501494,0.996846,5.75586,8.12443e-05,-9.41797,0.0406548,-3.16113,0.996846,0.607595,0.5,0.892966,0.801223,0.001,0.003
PanTS_00006331,3,4,11.5355,10-20,399,360.23,False,False,3,2,abutting,False,hypoattenuating,0,False,True,0.383459,0.383786,-0.473511,-0.473511,0.00729954,0.926835,2.53906,2.53906,0.0288975,382,170,30,383,172,30,0.00484255,0.00310299,0.996846,5.75586,8.12443e-05,-9.41797,0.0406548,-3.16113,0.996846,0.484177,0.401899,0.788991,0.700306,,0.3
PanTS_00006333,1,1,35.3614,20-40,6564,12139.5,False,True,1,3,inside,False,isoattenuating,0.841782,True,False,1,0.997479,5.98049,5.98047,0.727107,0.997479,5.98049,5.98047,0.550333,215,145,105,215,145,105,0,0,0.492739,-0.029045,4.56597e-06,-12.2969,0.000265302,-8.23438,0.997479,0.10443,0.10443,0.229358,0.229358,0.9,0.9
PanTS_00006340,1,2,16.7939,10-20,1550,1000.92,False,True,1,0.8,embedded,False,isoattenuating,0,False,True,0.857419,7.36859e-05,-9.51563,-9.51563,3.35041e-05,8.88808e-05,-9.32813,-9.32812,2.782e-05,209,184,175,197,183,178,0.038107,0.0281347,0.985608,4.22656,8.26787e-06,-11.7031,0.000282408,-8.17187,0.985608,0.882911,0.863924,0.993884,0.993884,,
PanTS_00006350,1,0,48.3037,>=40,4818,16260.8,False,True,1,1.5,inside,False,hypoattenuating,0.574734,True,False,0.946451,0.999791,8.47281,8.47266,0.518578,0.999791,8.47281,8.47266,0.450034,133,120,71,133,120,71,0,0,0.999114,7.02734,8.97469e-06,-11.6211,0.980681,3.92718,0.999791,0.0221519,0.0221519,0.0397554,0.0397554,0.9,0.9
PanTS_00006351,1,3,31.2624,20-40,15887,4964.69,False,True,1,0.8,inside,False,isoattenuating,0.544695,True,False,1,0.998193,6.31446,6.31445,0.451138,0.998193,6.31446,6.31445,0.301634,263,153,62,263,153,62,0,0,0.99729,5.90823,5.9088e-06,-12.0391,0.0157542,-4.13477,0.998193,0.0696203,0.0696203,0.165138,0.165138,0.9,0.9
PanTS_00006353,1,3,45.9136,>=40,25319,13630,False,True,2,0.8,embedded,False,isoattenuating,0.490078,True,False,0.612228,0.996441,5.63476,5.63477,0.475128,0.996584,5.67578,5.67578,0.383839,237,221,150,234,222,145,0,0,0.996264,5.58594,3.26993e-05,-10.3281,0.990606,4.65821,0.996584,0.158228,0.151899,0.363914,0.35474,0.9,0.9
PanTS_00006353,2,3,14.8816,10-20,1035,557.171,False,False,2,0.8,inside,False,isoattenuating,0,False,True,1,0.296705,-0.863037,-0.863037,0.0604851,0.425217,-0.301392,-0.301392,0.0452605,258,220,138,256,219,139,0.0739922,0.0674666,0.996264,5.58594,3.26993e-05,-10.3281,0.990606,4.65821,0.996584,0.503165,0.481013,0.804281,0.782875,,0.1
PanTS_00006384,1,3,42.0323,>=40,5995,14122.2,False,True,1,2.5,inside,False,hypoattenuating,0.814047,True,False,1,0.997444,5.96681,5.9668,0.852614,0.997444,5.96681,5.9668,0.725697,274,198,52,274,198,52,0,0,0.996925,5.78123,3.82995e-06,-12.4727,0.899971,2.1969,0.997444,0.110759,0.110759,0.238532,0.238532,0.9,0.9
PanTS_00006394,1,4,15.5312,10-20,2650,1180.11,False,True,1,0.8,inside,False,hypoattenuating,0,False,True,1,0.00120189,-6.72266,-6.72266,0.000433911,0.00120189,-6.72266,-6.72266,0.000266554,266,220,160,266,220,160,0,0,0.000217391,-8.43359,5.03436e-06,-12.1992,0.000101901,-9.19141,0.00120189,0.655063,0.655063,0.920489,0.920489,0.001,0.001
PanTS_00006413,1,3,19.7053,10-20,2695,1855.65,False,True,1,1.25,inside,False,hypoattenuating,0,False,True,0.981076,0.000334043,-8.00391,-8.00391,7.17393e-05,0.000545277,-7.51367,-7.51367,5.87583e-05,217,112,77,211,121,73,0.346375,0.305559,0.977436,3.76856,4.88953e-05,-9.92578,0.929504,2.5791,0.99788,0.712025,0.68038,0.966361,0.944954,,
PanTS_00006422,1,1,27.1717,20-40,5285,3412.8,False,True,1,0.8,inside,False,hyperattenuating,0,False,True,1,0.000430557,-7.75,-7.75,5.54938e-05,0.000712446,-7.24609,-7.24609,5.13313e-05,225,225,192,223,225,192,0.0179721,0.00946184,0.00384687,-5.55664,3.32752e-06,-12.6133,0.000685171,-7.28516,0.979176,0.702532,0.667722,0.960245,0.938838,,
PanTS_00006430,1,1,53.6613,>=40,49599,34151.6,False,True,1,1.25,inside,False,hyperattenuating,0.222385,True,False,0.995202,0.914367,2.36816,2.36816,0.172773,0.914367,2.36816,2.36816,0.133274,160,153,103,160,153,103,0,0,0.0420484,-3.12598,1.73983e-06,-13.2617,0.00254739,-5.97014,0.914367,0.408228,0.408228,0.70948,0.70948,0.9,0.9
PanTS_00006432,1,0,35.2134,20-40,7913,9244.38,False,True,1,2.5,inside,False,hypoattenuating,0.863051,True,False,1,0.999781,8.426,8.42578,0.864954,0.999781,8.426,8.42578,0.709225,212,217,26,212,217,26,0,0,0.992244,4.85156,9.40539e-06,-11.5742,0.0088669,-4.71652,0.999781,0.0221519,0.0221519,0.0397554,0.0397554,0.9,0.9
PanTS_00006447,1,0,31.9677,20-40,979,5983.97,False,True,1,3.27002,inside,False,isoattenuating,0,False,True,0.972421,0.000840999,-7.08008,-7.08008,0.000162096,0.00101624,-6.89063,-6.89063,0.000151642,135,90,38,133,89,38,0.00674663,0.00524738,0.0018603,-6.28516,1.5751e-05,-11.0586,0.000670959,-7.30613,0.940953,0.661392,0.655063,0.932722,0.920489,,
PanTS_00006466,1,4,29.9318,20-40,1856,4425.04,False,True,1,2.5,abutting,False,hypoattenuating,0.564187,True,False,0.0721983,0.910863,2.32422,2.32422,0.44258,0.910863,2.32422,2.32422,0.325912,197,188,82,197,188,82,0.0265181,0.0265181,0.991322,4.73828,4.16596e-05,-10.0859,0.981029,3.94568,0.998096,0.411392,0.411392,0.70948,0.70948,0.9,0.9
PanTS_00006467,1,3,29.176,20-40,4645,6196.26,False,True,1,2.5,inside,False,hyperattenuating,0,False,True,1,0.0286799,-3.52246,-3.52246,0.00113292,0.0286799,-3.52246,-3.52246,0.000868372,255,221,36,255,221,36,0.00600619,0.00600619,0.861713,1.82959,4.02946e-06,-12.4219,0.00916777,-4.68285,0.998299,0.566456,0.566456,0.844037,0.844037,0.01,0.01
PanTS_00006483,1,0,81.9064,>=40,61036,42026.6,False,True,1,1.25,inside,False,isoattenuating,0.766384,True,False,0.939216,0.999729,8.2148,8.21484,0.641125,0.999729,8.2148,8.21484,0.496172,219,82,98,219,82,98,0,0,0.966315,3.35645,3.5773e-05,-10.2383,0.199097,-1.39195,0.999729,0.028481,0.028481,0.0550459,0.0550459,0.9,0.9
PanTS_00006513,1,4,52.8263,>=40,14728,12233.3,False,True,1,1.5,abutting,False,hypoattenuating,0.669546,True,False,0.501562,0.993624,5.04883,5.04883,0.537348,0.993624,5.04883,5.04883,0.384588,263,214,25,263,214,25,0,0,0.964085,3.29004,3.85998e-06,-12.4648,0.00363432,-5.61369,0.993624,0.234177,0.234177,0.480122,0.480122,0.9,0.9
PanTS_00006519,1,4,62.9664,>=40,12934,48195.6,False,True,1,5,inside,False,hyperattenuating,0.0287821,True,False,1,0.99593,5.50001,5.5,0.0332832,0.996176,5.5625,5.5625,0.0355734,207,180,22,205,180,22,0.00158942,0.000890076,0.996482,5.64648,7.99848e-05,-9.43359,0.991406,4.74804,0.996482,0.18038,0.170886,0.41896,0.397554,0.5,0.9
PanTS_00006523,1,0,12.9286,10-20,796,388.672,False,True,1,0.8,inside,False,isoattenuating,0.122107,True,False,1,0.999698,8.10571,8.10547,0.422145,0.999749,8.28888,8.28906,0.353757,204,150,37,203,151,36,4.06304e-06,0,0.999703,8.12105,1.30308e-06,-13.5508,0.969607,3.46269,0.999749,0.028481,0.028481,0.0550459,0.0489297,0.9,0.9
PanTS_00006525,1,2,60.6945,>=40,12154,22662.7,False,True,1,5,abutting,False,hypoattenuating,0,False,True,0.164555,0.064124,-2.68066,-2.68066,0.00646736,0.064124,-2.68066,-2.68066,0.00501054,384,196,75,384,196,75,0.012962,0.012962,0.998408,6.44141,1.00512e-05,-11.5078,0.392889,-0.435186,0.999697,0.556962,0.556962,0.828746,0.828746,0.03,0.03
PanTS_00006536,1,3,23.0229,20-40,363,652.058,False,False,2,2.5,abutting,False,hypoattenuating,0,False,True,0.0964187,0.000157819,-8.75391,-8.75391,9.8345e-05,0.000163465,-8.71875,-8.71875,8.41112e-05,274,115,60,273,115,60,4.28082e-05,2.85388e-05,0.00056588,-7.47656,3.77057e-06,-12.4883,5.82913e-05,-9.75,0.997594,0.791139,0.787975,0.990826,0.990826,,
PanTS_00006536,2,3,16.3992,10-20,384,689.78,False,True,2,2.5,abutting,False,hypoattenuating,0.325926,True,False,0.210938,0.997594,6.02736,6.02734,0.513517,0.997594,6.02736,6.02734,0.424236,313,141,65,313,141,65,0,0,0.00056588,-7.47656,3.77057e-06,-12.4883,5.82913e-05,-9.75,0.997594,0.10443,0.10443,0.223242,0.223242,0.9,0.9
PanTS_00006559,1,1,17.4253,10-20,688,1276.04,False,True,1,2.5,inside,False,hyperattenuating,0,False,True,1,0.000120536,-9.02344,-9.02344,2.99704e-05,0.000129316,-8.95313,-8.95312,2.76922e-05,223,172,39,224,171,40,0.0668891,0.063474,0.773473,1.22803,4.32297e-06,-12.3516,0.00070967,-7.25,0.995618,0.822785,0.81962,0.990826,0.990826,,
PanTS_00006576,1,0,32.6526,20-40,11981,5850.1,False,True,2,0.8,inside,False,isoattenuating,0.209857,True,False,1,0.992452,4.87891,4.87891,0.135059,0.992452,4.87891,4.87891,0.100953,231,207,130,231,207,130,0,0,0.968501,3.42578,4.60178e-06,-12.2891,0.00530189,-5.23438,0.992452,0.259494,0.259494,0.513761,0.513761,0.9,0.9
PanTS_00006576,2,0,15.6394,10-20,956,466.797,False,False,2,0.8,inside,False,hypoattenuating,0,False,True,1,3.48081e-05,-10.2656,-10.2656,1.29224e-05,3.48081e-05,-10.2656,-10.2656,1.12267e-05,263,212,169,263,212,169,0.107099,0.107099,0.968501,3.42578,4.60178e-06,-12.2891,0.00530189,-5.23438,0.992452,0.949367,0.949367,1,1,,
PanTS_00006616,1,4,26.9199,20-40,2205,5064.04,False,True,1,5,inside,False,hyperattenuating,0.718301,True,False,1,0.997285,5.90625,5.90625,0.788509,0.997285,5.90625,5.90625,0.64695,278,215,58,278,215,58,0,0,0.992753,4.91992,1.44539e-05,-11.1445,0.512819,0.0512853,0.997285,0.120253,0.120253,0.259939,0.259939,0.9,0.9
PanTS_00006650,1,2,35.2738,20-40,2270,3377.69,False,True,1,2.5,inside,False,isoattenuating,0,False,True,0.993392,0.0243998,-3.68848,-3.68848,0.00399294,0.0243998,-3.68848,-3.68848,0.00278043,305,179,42,305,179,42,0,0,0.00487689,-5.31836,1.33156e-05,-11.2266,0.000388233,-7.85352,0.0243998,0.579114,0.579114,0.850153,0.850153,0.01,0.01
PanTS_00006654,1,3,105.198,>=40,68489,44950.9,False,True,1,1.25,inside,False,hypoattenuating,0.658057,True,False,0.997474,0.996249,5.58204,5.58203,0.559977,0.996249,5.58204,5.58203,0.466834,268,116,176,268,116,176,0,0,0.995735,5.45311,7.76695e-06,-11.7656,0.978094,3.79883,0.997523,0.170886,0.170886,0.391437,0.391437,0.9,0.9
PanTS_00006661,1,3,20.3585,20-40,919,1885.79,False,True,1,5,inside,False,isoattenuating,0,False,True,0.815016,0.000425543,-7.76172,-7.76172,0.00022721,0.000425543,-7.76172,-7.76172,0.000193495,289,238,70,289,238,70,0.0199165,0.0199165,0.422773,-0.311401,1.24601e-05,-11.293,0.0011105,-6.80184,0.995263,0.702532,0.702532,0.960245,0.960245,,
PanTS_00006665,1,2,35.2128,20-40,6777,14398.6,False,True,1,2.5,inside,False,hyperattenuating,0.879654,True,False,1,0.999376,7.37893,7.37891,0.874746,0.999376,7.37893,7.37891,0.734614,210,192,164,210,192,164,0,0,0.99315,4.97657,4.85148e-05,-9.93359,0.958744,3.14582,0.999376,0.0411392,0.0411392,0.0917431,0.0917431,0.9,0.9
PanTS_00006707,1,2,24.298,20-40,1013,4396.19,False,True,1,5,inside,False,isoattenuating,0,False,True,0.989141,0.000181644,-8.61328,-8.61328,5.93209e-05,0.000181644,-8.61328,-8.61328,5.05108e-05,212,208,62,212,208,62,0.0291512,0.0291512,0.000356971,-7.9375,4.10137e-05,-10.1016,0.000224379,-8.40195,0.999112,0.775316,0.775316,0.987768,0.987768,,
PanTS_00006710,1,2,24.4001,20-40,4192,3166.34,False,True,1,1.25,inside,False,hypoattenuating,0.389241,True,False,1,0.998221,6.33005,6.33008,0.236427,0.998221,6.33005,6.33008,0.1321,214,138,34,214,138,34,0,0,0.000166688,-8.69922,2.33207e-06,-12.9688,3.97519e-05,-10.1328,0.998221,0.0632911,0.0632911,0.159021,0.159021,0.9,0.9
PanTS_00006734,1,4,13.3251,10-20,388,506.565,False,True,1,2.5,inside,False,isoattenuating,0,False,True,1,0.481774,-0.072937,-0.0729371,0.254288,0.481774,-0.072937,-0.0729371,0.183202,277,265,36,277,265,36,0,0,0.378172,-0.497314,1.0996e-05,-11.418,0.011938,-4.41602,0.481774,0.477848,0.477848,0.779817,0.779817,0.3,0.3
PanTS_00006741,1,0,25.517,20-40,321,1019.19,False,True,1,5,inside,False,hypoattenuating,0,False,True,1,0.000404482,-7.8125,-7.8125,9.2909e-05,0.00153075,-6.48047,-6.48047,0.0001123,121,177,19,107,166,18,0.101982,0.0601949,0.999731,8.21877,2.77516e-05,-10.4922,0.990508,4.64777,0.999731,0.705696,0.648734,0.963303,0.920489,,
PanTS_00006746,1,2,40.9182,>=40,27558,13542.5,False,True,1,0.625,embedded,False,hypoattenuating,0.843351,True,False,0.522171,0.999786,8.44913,8.44922,0.735793,0.999786,8.44913,8.44922,0.55374,217,89,12,217,89,12,0,0,0.80456,1.41504,8.13969e-06,-11.7187,0.000617835,-7.38867,0.999786,0.0221519,0.0221519,0.0397554,0.0397554,0.9,0.9
PanTS_00006754,1,1,25.0025,20-40,2343,6797.23,False,True,1,5,inside,False,hypoattenuating,0.934151,True,False,0.847204,0.997575,6.01954,6.01953,0.96514,0.997575,6.01954,6.01953,0.768793,152,193,22,152,193,22,0,0,0.987302,4.35352,1.76402e-05,-10.9453,0.00159592,-6.43871,0.997575,0.10443,0.10443,0.223242,0.223242,0.9,0.9
PanTS_00006755,1,1,14.8235,10-20,1563,681.542,False,False,2,0.8,abutting,False,hypoattenuating,0,False,True,0.71785,2.35526e-05,-10.6563,-10.6563,6.28594e-06,2.81887e-05,-10.4766,-10.4766,6.61065e-06,253,272,43,255,272,45,0.602503,0.552077,0.000586116,-7.44141,3.32142e-05,-10.3125,0.000232314,-8.36719,0.00884735,0.96519,0.962025,1,1,,
PanTS_00006755,2,1,23.8824,20-40,1952,851.164,False,True,2,0.8,inside,False,hypoattenuating,0,False,True,0.849898,0.000280211,-8.17969,-8.17969,0.000117639,0.000318751,-8.05078,-8.05078,0.000114466,270,280,65,274,281,59,0.00246358,0.00152508,0.000586116,-7.44141,3.32142e-05,-10.3125,0.000232314,-8.36719,0.00884735,0.727848,0.71519,0.978593,0.969419,,
PanTS_00006772,1,2,89.8447,>=40,174254,85248.4,False,True,1,0.8,abutting,False,hypoattenuating,0.84519,True,False,0.638551,0.998454,6.47068,6.4707,0.839401,0.998454,6.47068,6.4707,0.693948,204,220,73,204,220,73,0,0,0.996617,5.68554,4.76644e-06,-12.2539,0.98847,4.45118,0.998454,0.0601266,0.0601266,0.146789,0.146789,0.9,0.9
PanTS_00006786,1,4,60.4872,>=40,20737,39338.3,False,True,1,2.5,inside,False,hypoattenuating,0.917377,True,False,1,0.99547,5.39258,5.39258,0.936381,0.99547,5.39258,5.39258,0.815081,258,180,50,258,180,50,0,0,0.990892,4.68945,1.23149e-05,-11.3047,0.382316,-0.479731,0.99547,0.196203,0.196203,0.434251,0.434251,0.9,0.9
PanTS_00006795,1,0,91.0432,>=40,41646,28675.5,False,True,1,1.25,inside,False,hypoattenuating,0.134991,True,False,0.99952,0.997317,5.91796,5.91797,0.0697157,0.997317,5.91796,5.91797,0.0500244,206,82,106,206,82,106,0,0,0.831417,1.5957,5.95514e-06,-12.0312,0.000318341,-8.05207,0.997317,0.120253,0.120253,0.253823,0.253823,0.9,0.9
PanTS_00006802,1,0,15.5019,10-20,491,1170.63,False,True,1,2.5,inside,False,isoattenuating,0,False,True,1,0.401394,-0.399658,-0.399658,0.0414609,0.401394,-0.399658,-0.399658,0.028982,265,203,34,265,203,34,0.000716131,0.000716131,0.554862,0.220337,1.07833e-05,-11.4375,0.024174,-3.69801,0.997358,0.484177,0.484177,0.782875,0.782875,,0.3
PanTS_00006816,1,1,30.1314,20-40,3547,6254.58,False,True,1,2.5,inside,False,hypoattenuating,0.689439,True,False,1,0.99758,6.02151,6.02148,0.989578,0.99758,6.02151,6.02148,0.900972,251,189,24,251,189,24,0,0,0.997007,5.80859,2.22123e-05,-10.7148,0.990589,4.65643,0.99758,0.10443,0.10443,0.223242,0.223242,0.9,0.9
PanTS_00006837,1,3,47.4638,>=40,26446,18209.5,False,True,1,1.25,abutting,False,hypoattenuating,0.573249,True,False,0.200673,0.967101,3.38086,3.38086,0.397177,0.967101,3.38086,3.38086,0.303785,206,138,113,206,138,113,0,0,0.453504,-0.186523,4.91774e-06,-12.2227,0.000429717,-7.75195,0.988602,0.367089,0.367089,0.657492,0.657492,0.9,0.9
PanTS_00006879,1,0,29.4829,20-40,8289,8608.55,False,True,1,2.5,inside,False,isoattenuating,0.720751,True,False,1,0.99996,10.1372,10.1367,0.583821,0.99996,10.1372,10.1367,0.43157,259,251,26,259,251,26,0,0,0.994112,5.12891,7.55745e-06,-11.793,0.000824927,-7.09939,0.99996,0,0,0,0,0.9,0.9
PanTS_00006903,1,0,33.3167,20-40,6333,6333,False,True,1,1,inside,False,hypoattenuating,0.515626,True,False,1,0.998276,6.36131,6.36133,0.919987,0.998276,6.36131,6.36133,0.80756,209,168,255,209,168,255,0,0,0.997389,5.94532,2.37807e-06,-12.9492,0.973037,3.58594,0.998276,0.0632911,0.0632911,0.159021,0.159021,0.9,0.9
PanTS_00006917,1,3,39.6429,20-40,15383,8680.17,False,True,4,0.8,inside,False,isoattenuating,0.428345,True,False,0.992004,0.996617,5.68554,5.68555,0.313599,0.996617,5.68554,5.68555,0.231906,212,210,210,212,210,210,0,0,0.93276,2.62988,6.59173e-06,-11.9297,0.288128,-0.904492,0.996617,0.151899,0.151899,0.351682,0.351682,0.9,0.9
PanTS_00006917,2,3,18.0351,10-20,810,457.059,False,False,4,0.8,embedded,False,isoattenuating,0,False,True,1,0.19095,-1.44385,-1.44385,0.0303615,0.364551,-0.555664,-0.555664,0.0245462,206,209,175,212,208,191,0.0135267,0.00820542,0.93276,2.62988,6.59173e-06,-11.9297,0.288128,-0.904492,0.996617,0.509494,0.490506,0.810398,0.792049,,0.1
PanTS_00006917,3,3,2.4,<5,4,2.25708,True,False,4,0.8,embedded,False,hyperattenuating,0,False,True,1,0.00149534,-6.50391,-6.50391,0.000829196,0.00460957,-5.375,-5.375,0.0011311,204,218,172,203,217,174,0.0828305,0.0653093,0.93276,2.62988,6.59173e-06,-11.9297,0.288128,-0.904492,0.996617,0.651899,0.60443,0.920489,0.892966,,0.001
PanTS_00006917,4,3,12.0787,10-20,244,137.682,False,False,4,0.8,embedded,False,isoattenuating,0,False,True,1,0.00686378,-4.97461,-4.97461,0.00119326,0.0352111,-3.31055,-3.31055,0.00232784,229,211,187,227,211,188,0.0593245,0.0359585,0.93276,2.62988,6.59173e-06,-11.9297,0.288128,-0.904492,0.996617,0.594937,0.566456,0.877676,0.834862,,0.003
PanTS_00006921,1,3,47.2206,>=40,9006,19788.6,False,True,1,2.5,inside,False,hypoattenuating,0.842768,True,False,1,0.996597,5.67969,5.67969,0.951334,0.996637,5.69141,5.69141,0.863803,232,241,46,231,243,46,0,0,0.996557,5.66796,8.20353e-06,-11.7109,0.968572,3.42811,0.996637,0.151899,0.148734,0.35474,0.345566,0.9,0.9
PanTS_00006927,1,4,17.736,10-20,166,300.923,False,True,1,3,abutting,False,hyperattenuating,0,False,True,0.23494,0.0240077,-3.70508,-3.70508,0.00248996,0.0530098,-2.88281,-2.88281,0.00306236,217,258,43,217,256,43,0.00578188,0.00435403,0.991603,4.77149,4.09291e-06,-12.4062,0.00345641,-5.66406,0.991603,0.579114,0.556962,0.850153,0.831804,,0.01
PanTS_00006945,1,3,32.3691,20-40,4020,7763.38,False,True,1,2.5,inside,False,hypoattenuating,0.85707,True,False,1,0.996978,5.79882,5.79883,0.803219,0.996978,5.79882,5.79883,0.612558,217,208,24,217,208,24,0,0,0.989098,4.50781,4.69254e-06,-12.2695,0.001104,-6.80771,0.997757,0.132911,0.132911,0.302752,0.302752,0.9,0.9
PanTS_00006959,1,4,23.6981,20-40,2044,2122.8,False,True,1,2.5,embedded,False,hyperattenuating,0.230769,True,False,0.946673,0.800926,1.39209,1.39209,0.155404,0.800926,1.39209,1.39209,0.0952078,275,214,30,275,214,30,0.000922434,0.000922434,0.975693,3.69238,1.48236e-06,-13.4219,0.0013568,-6.60127,0.975693,0.446203,0.446203,0.749235,0.749235,0.7,0.7
PanTS_00006960,1,1,36.5776,20-40,9006,12402.2,False,True,1,2.5,inside,False,hyperattenuating,0.837027,True,False,1,0.997594,6.02736,6.02734,0.728007,0.997594,6.02736,6.02734,0.565147,252,178,112,252,178,112,0,0,0.944587,2.83594,2.29173e-05,-10.6836,0.000838133,-7.0835,0.997594,0.10443,0.10443,0.223242,0.223242,0.9,0.9
PanTS_00006975,1,3,28.2893,20-40,3862,5096.8,False,True,1,2.5,inside,False,isoattenuating,0.800998,True,False,0.841533,0.998402,6.43751,6.4375,0.826138,0.998402,6.43751,6.4375,0.638767,267,231,34,267,231,34,0,0,0.997537,6.00392,6.80098e-06,-11.8984,0.00211777,-6.15527,0.998402,0.0601266,0.0601266,0.149847,0.149847,0.9,0.9
PanTS_00006982,1,3,77.7952,>=40,156720,107910,False,True,1,1.25,abutting,False,hypoattenuating,0.311772,True,False,0.0678344,0.984276,4.13671,4.13672,0.188033,0.984276,4.13671,4.13672,0.155958,237,84,48,237,84,48,0,0,0.0745676,-2.51855,3.00616e-06,-12.7148,0.00188219,-6.27344,0.984276,0.310127,0.310127,0.587156,0.587156,0.9,0.9
PanTS_00006987,1,3,37.1842,20-40,10608,7138.26,False,True,2,1,inside,False,hyperattenuating,0.737711,True,False,0.922511,0.997774,6.10546,6.10547,0.840979,0.997774,6.10546,6.10547,0.613323,287,120,94,287,120,94,0,0,0.99764,6.04689,3.37372e-05,-10.2969,0.973027,3.58558,0.997774,0.101266,0.101266,0.211009,0.211009,0.9,0.9
PanTS_00006987,2,3,21.5397,20-40,4548,3060.41,False,False,2,1,inside,False,hyperattenuating,0,False,True,1,0.0144479,-4.22266,-4.22266,0.00256366,0.0144479,-4.22266,-4.22266,0.00195351,330,132,98,330,132,98,0.0408752,0.0408752,0.99764,6.04689,3.37372e-05,-10.2969,0.973027,3.58558,0.997774,0.585443,0.585443,0.862385,0.862385,0.01,0.01
PanTS_00006998,1,3,35.0775,20-40,3028,6848.79,False,True,1,2.5,inside,False,hypoattenuating,0.60805,True,False,1,0.997603,6.03124,6.03125,0.95544,0.997603,6.03124,6.03125,0.886004,225,187,39,225,187,39,0,0,0.997547,6.00783,3.21923e-05,-10.3438,0.995842,5.47851,0.997603,0.10443,0.10443,0.223242,0.223242,0.9,0.9
PanTS_00007001,1,4,23.9579,20-40,1092,674.835,False,False,2,1.25,inside,False,hypoattenuating,0,False,True,1,0.00737437,-4.90234,-4.90234,0.00095419,0.00869453,-4.73633,-4.73633,0.000890984,201,184,27,200,182,27,9.01359e-05,0,0.0083967,-4.77148,2.29592e-06,-12.9844,0.000855283,-7.06322,0.995523,0.594937,0.591772,0.877676,0.877676,0.003,0.003
PanTS_00007001,2,4,22.4166,20-40,4344,2684.51,False,True,2,1.25,inside,False,isoattenuating,0,False,True,1,8.09276e-05,-9.42187,-9.42187,1.86411e-05,0.000131352,-8.9375,-8.9375,1.69677e-05,208,207,27,206,205,27,0.0628575,0.0473131,0.0083967,-4.77148,2.29592e-06,-12.9844,0.000855283,-7.06322,0.995523,0.870253,0.810127,0.993884,0.990826,,
PanTS_00007002,1,2,14.2161,10-20,1535,528.855,False,True,1,0.8,inside,False,isoattenuating,0.094442,True,False,1,0.993612,5.04687,5.04688,0.293168,0.997893,6.16017,6.16016,0.244279,249,258,116,250,259,114,0.00344241,0.00166345,0.999797,8.49998,7.49864e-06,-11.8008,0.911101,2.32715,0.999797,0.234177,0.0981013,0.480122,0.201835,,0.9
PanTS_00007014,1,3,37.3577,20-40,1832,4183.19,False,True,1,5,embedded,False,isoattenuating,0.312656,True,False,0.449782,0.995817,5.47265,5.47266,0.713515,0.99589,5.49023,5.49023,0.65248,171,202,28,170,201,28,0,0,0.995793,5.46679,8.06121e-05,-9.42578,0.983052,4.06051,0.996821,0.189873,0.189873,0.428135,0.425076,0.9,0.9
PanTS_00007044,1,3,28.2105,20-40,11655,4098.55,False,True,4,0.800002,embedded,False,isoattenuating,0.707072,True,False,0.660575,0.997599,6.02929,6.0293,0.62946,0.997599,6.02929,6.0293,0.431663,234,201,145,234,201,145,0,0,0.89974,2.19434,4.32297e-06,-12.3516,0.00128933,-6.65234,0.997599,0.10443,0.10443,0.223242,0.223242,0.9,0.9
PanTS_00007044,2,3,2.40001,<5,4,1.40662,True,False,4,0.800002,abutting,False,hypoattenuating,0,False,True,1,6.32743e-05,-9.66797,-9.66797,4.80925e-05,0.000121482,-9.01562,-9.01562,5.1825e-05,244,222,108,243,224,109,0.150441,0.0886581,0.89974,2.19434,4.32297e-06,-12.3516,0.00128933,-6.65234,0.997599,0.901899,0.822785,0.993884,0.990826,,
PanTS_00007044,3,3,26.8227,20-40,1251,439.922,False,False,4,0.800002,abutting,False,hypoattenuating,0,False,True,0.343725,7.9673e-05,-9.4375,-9.4375,3.03647e-05,0.000105135,-9.16016,-9.16016,3.0392e-05,257,209,125,252,207,129,0.126925,0.100964,0.89974,2.19434,4.32297e-06,-12.3516,0.00128933,-6.65234,0.997599,0.873418,0.838608,0.993884,0.990826,,
PanTS_00007044,4,3,7.32619,5-10,128,45.012,False,False,4,0.800002,abutting,False,isoattenuating,0,False,True,1,2.3007e-05,-10.6797,-10.6797,1.14992e-05,4.26475e-05,-10.0625,-10.0625,1.16358e-05,270,209,97,274,209,99,0.25926,0.191823,0.89974,2.19434,4.32297e-06,-12.3516,0.00128933,-6.65234,0.997599,0.96519,0.927215,1,1,,
PanTS_00007048,1,0,19.1178,10-20,2225,1122.5,False,True,1,0.625,inside,False,hypoattenuating,0,False,True,1,0.000108472,-9.12891,-9.12891,2.23656e-05,0.000145391,-8.83594,-8.83594,2.32247e-05,245,164,33,246,164,33,0.041853,0.0331956,0.999424,7.459,3.11373e-06,-12.6797,0.689716,0.798793,0.999424,0.829114,0.800633,0.990826,0.990826,,
PanTS_00007053,1,0,40.1834,>=40,3267,6592.73,False,True,1,2.5,inside,False,hypoattenuating,0.455336,True,False,1,0.999732,8.22276,8.22266,0.8732,0.999732,8.22276,8.22266,0.779606,192,175,25,192,175,25,0,0,0.998276,6.36131,8.17155e-06,-11.7148,0.991289,4.73437,0.999732,0.028481,0.028481,0.0550459,0.0550459,0.9,0.9
PanTS_00007054,1,4,46.7975,>=40,6198,11391.5,False,True,1,2.5,abutting,False,hypoattenuating,0.270406,True,False,0.00564698,0.992611,4.90039,4.90039,0.162756,0.992611,4.90039,4.90039,0.103205,261,213,48,261,213,48,0,0,0.624236,0.507568,5.63821e-06,-12.0859,0.000416829,-7.78242,0.992611,0.256329,0.256329,0.510703,0.510703,0.9,0.9
PanTS_00007060,1,3,41.4405,>=40,9042,15944.2,False,True,1,2.5,inside,False,hypoattenuating,0.787837,True,False,1,0.992597,4.89844,4.89844,0.645233,0.992597,4.89844,4.89844,0.53553,129,170,59,129,170,59,0,0,0.932883,2.63184,1.76723e-06,-13.2461,0.00834036,-4.77827,0.995993,0.256329,0.256329,0.510703,0.510703,0.9,0.9
PanTS_00007065,1,0,39.9018,20-40,8475,13126.5,False,True,1,2.5,inside,False,hyperattenuating,0.779617,True,False,1,0.99991,9.31956,9.32031,0.705113,0.99991,9.31956,9.32031,0.578709,287,191,39,287,191,39,0,0,0.995462,5.39062,8.36533e-06,-11.6914,0.206905,-1.34368,0.99991,0.00632911,0.00632911,0.00917431,0.00917431,0.9,0.9
PanTS_00007067,1,0,43.1384,>=40,15788,7218.73,False,True,1,0.8,abutting,False,isoattenuating,0.516378,True,False,0.475741,0.999281,7.23642,7.23633,0.564489,0.999297,7.25982,7.25977,0.404781,212,159,31,208,160,34,0,0,0.92373,2.49414,6.94768e-07,-14.1797,0.471363,-0.114674,0.999297,0.0506329,0.0506329,0.0978593,0.0978593,0.9,0.9
PanTS_00007071,1,1,34.5634,20-40,7766,6878.95,False,True,1,1.25,inside,False,hypoattenuating,0.000399162,True,False,0.777492,0.910067,2.31445,2.31445,0.0163938,0.991422,4.75,4.75,0.0173106,215,149,122,213,148,122,0.00554697,0.00255623,0.996721,5.71681,9.40539e-06,-11.5742,0.0536681,-2.86977,0.997093,0.411392,0.281646,0.70948,0.535168,0.1,0.9
PanTS_00007093,1,4,10.247,10-20,225,225,False,True,1,1,inside,False,hypoattenuating,0,False,True,1,1.63145e-05,-11.0234,-11.0234,7.1114e-06,1.63145e-05,-11.0234,-11.0234,5.37587e-06,270,174,292,270,174,292,0.276427,0.276427,0.995635,5.42967,3.66886e-06,-12.5156,0.000237822,-8.34375,0.995635,0.971519,0.971519,1,1,,
PanTS_00007094,1,3,41.9762,>=40,4587,4587,False,True,1,1,abutting,False,isoattenuating,0,False,True,0.059516,0.0110936,-4.49023,-4.49023,0.000668783,0.0190692,-3.94043,-3.94043,0.00056622,237,285,47,237,283,47,0.0490176,0.0390938,0.965479,3.33105,2.43002e-05,-10.625,0.143273,-1.78836,0.996777,0.588608,0.582278,0.87156,0.859327,,0.01
PanTS_00007095,1,2,52.9652,>=40,59835,17717.5,False,True,1,0.7,abutting,False,hyperattenuating,0.604569,True,False,0.608607,0.991373,4.74415,4.74414,0.469373,0.991373,4.74415,4.74414,0.368666,199,118,13,199,118,13,0,0,0.976669,3.73437,6.37705e-05,-9.66016,0.884579,2.03652,0.993096,0.28481,0.28481,0.541284,0.541284,0.9,0.9
PanTS_00007099,1,1,45.5205,>=40,28880,14101.6,False,True,1,0.8,inside,False,isoattenuating,0.523997,True,False,0.984799,0.914977,2.37598,2.37598,0.355049,0.914977,2.37598,2.37598,0.26634,240,232,166,240,232,166,0,0,0.865622,1.86279,2.03037e-05,-10.8047,0.270239,-0.993408,0.914977,0.408228,0.408228,0.70948,0.70948,0.9,0.9
PanTS_00007100,1,2,20.277,20-40,687,2096.56,False,False,4,5,inside,False,hypoattenuating,0.620811,True,False,1,0.887692,2.06738,2.06738,0.491436,0.887692,2.06738,2.06738,0.369471,120,141,24,120,141,24,0.00284018,0.00284018,0.949295,2.92969,6.8276e-06,-11.8945,0.647101,0.60632,0.949295,0.417722,0.417722,0.721713,0.721713,0.7,0.7
PanTS_00007100,2,2,21.9163,20-40,393,1199.34,False,False,4,5,abutting,False,hyperattenuating,0,False,True,0.323155,0.000620251,-7.38477,-7.38477,0.000248768,0.000884771,-7.0293,-7.0293,0.000218211,229,189,20,229,189,19,0.132778,0.121643,0.949295,2.92969,6.8276e-06,-11.8945,0.647101,0.60632,0.949295,0.670886,0.661392,0.941896,0.929664,,
PanTS_00007100,3,2,33.0442,20-40,1846,5633.54,False,True,4,5,separated,True,hypoattenuating,0,False,True,0,0.00587674,-5.13086,-5.13086,0.000422389,0.00587674,-5.13086,-5.13086,0.000488392,238,190,18,238,190,18,0.0795895,0.0795895,0.949295,2.92969,6.8276e-06,-11.8945,0.647101,0.60632,0.949295,0.598101,0.598101,0.88685,0.88685,0.003,0.003
PanTS_00007100,4,2,27.4369,20-40,936,2856.45,False,False,4,5,separated,True,hyperattenuating,0,False,True,0,0.000374096,-7.89062,-7.89062,3.25341e-05,0.00139667,-6.57227,-6.57227,4.28941e-05,250,180,15,258,182,16,0.149077,0.10783,0.949295,2.92969,6.8276e-06,-11.8945,0.647101,0.60632,0.949295,0.708861,0.651899,0.966361,0.920489,,
PanTS_00007102,1,1,16.6163,10-20,316,1114.43,False,True,2,5,embedded,False,hypoattenuating,0,False,True,0.607595,0.000142579,-8.85547,-8.85547,4.35591e-05,0.000205824,-8.48828,-8.48828,4.48937e-05,188,144,71,190,145,71,0.0322626,0.0183855,0.00921437,-4.67773,1.69644e-05,-10.9844,0.00048881,-7.62305,0.995985,0.803797,0.765823,0.990826,0.987768,,
PanTS_00007102,2,1,15.6395,10-20,118,416.149,False,False,2,5,embedded,False,hypoattenuating,0,False,True,0.686441,0.000280211,-8.17969,-8.17969,0.000124317,0.000293655,-8.13281,-8.13281,0.000113321,191,148,71,191,147,71,0.0145464,0.0139124,0.00921437,-4.67773,1.69644e-05,-10.9844,0.00048881,-7.62305,0.995985,0.727848,0.724684,0.978593,0.972477,,
PanTS_00007105,1,1,27.7633,20-40,6987,5015.61,False,True,1,1.25,inside,False,isoattenuating,0.534427,True,False,0.997853,0.996721,5.71681,5.7168,0.827683,0.996721,5.71681,5.7168,0.690487,236,103,71,236,103,71,0,0,0.995189,5.33202,0.000675874,-7.29883,0.992892,4.93946,0.996721,0.142405,0.142405,0.336391,0.336391,0.9,0.9
PanTS_00007114,1,2,35.8454,20-40,10445,11245.7,False,True,1,2.5,inside,False,hypoattenuating,0.76594,True,False,1,0.99994,9.72174,9.72266,0.619631,0.99994,9.72174,9.72266,0.448332,246,233,25,246,233,25,0,0,0.331715,-0.700439,9.4422e-06,-11.5703,0.000340629,-7.98438,0.99994,0,0,0.0030581,0.0030581,0.9,0.9
PanTS_00007115,1,4,39.7498,20-40,11004,11428.2,False,True,1,2.5,inside,False,hyperattenuating,0.537302,True,False,0.987732,0.997965,6.19533,6.19531,0.455685,0.997965,6.19533,6.19531,0.322478,246,201,11,246,201,11,0,0,0.993029,4.95899,2.55661e-05,-10.5742,0.984057,4.12269,0.997965,0.0791139,0.0791139,0.183486,0.183486,0.9,0.9
PanTS_00007122,1,2,72.5331,>=40,80625,55514.6,False,True,1,1.25,abutting,False,hypoattenuating,0.839086,True,False,0.118338,0.999632,7.90803,7.9082,0.7474,0.999632,7.90803,7.9082,0.606863,221,96,89,221,96,89,0,0,0.637708,0.56543,1.92984e-05,-10.8555,0.00439941,-5.42187,0.999632,0.0316456,0.0316456,0.0703364,0.0703364,0.9,0.9
PanTS_00007130,1,3,62.2274,>=40,11144,37611,False,True,1,1.5,inside,False,isoattenuating,0.735484,True,False,0.751167,0.99657,5.67186,5.67187,0.692687,0.99657,5.67186,5.67187,0.591546,128,112,53,128,112,53,0,0,0.995858,5.48243,5.54052e-05,-9.80078,0.993831,5.08202,0.99657,0.151899,0.151899,0.35474,0.35474,0.9,0.9
PanTS_00007135,1,2,15.1493,10-20,330,1113.75,False,True,1,1.5,inside,False,isoattenuating,0,False,True,1,4.13354e-05,-10.0938,-10.0938,1.23659e-05,4.13354e-05,-10.0938,-10.0938,1.19807e-05,147,117,82,147,117,82,0.00827049,0.00827049,0.000204223,-8.49609,1.5057e-06,-13.4063,3.82291e-05,-10.1719,0.0638316,0.933544,0.933544,1,1,,
PanTS_00007147,1,1,19.0103,10-20,2162,1583.5,False,True,1,1.2,inside,False,isoattenuating,0.524046,True,False,0.99815,0.996062,5.53319,5.5332,0.501806,0.996062,5.53319,5.5332,0.379603,203,160,4,203,160,4,0,0,0.993722,5.06445,3.18757e-06,-12.6563,0.0166596,-4.07797,0.996062,0.174051,0.174051,0.406728,0.406728,0.9,0.9
PanTS_00007151,1,3,20.7437,20-40,548,900.825,False,True,2,3,inside,False,isoattenuating,0,False,True,1,0.317056,-0.767334,-0.767334,0.00987141,0.327292,-0.720459,-0.720459,0.0082981,211,234,102,212,233,102,0,0,0.244183,-1.12988,9.18751e-06,-11.5977,0.0046137,-5.3741,0.952618,0.5,0.5,0.801223,0.801223,0.3,0.3
PanTS_00007151,2,3,20.2017,20-40,342,562.194,False,False,2,3,inside,False,isoattenuating,0,False,True,1,5.6941e-05,-9.77344,-9.77344,2.92885e-05,6.32743e-05,-9.66797,-9.66797,2.68309e-05,310,240,110,312,237,110,0.185242,0.173328,0.244183,-1.12988,9.18751e-06,-11.5977,0.0046137,-5.3741,0.952618,0.911392,0.901899,0.993884,0.993884,,
PanTS_00007152,1,2,27.7669,20-40,4842,4842,False,True,1,1,inside,False,hypoattenuating,0.740366,True,False,0.950434,0.999916,9.38269,9.38281,0.853686,0.999916,9.38269,9.38281,0.658198,244,249,40,244,249,40,0,0,0.996503,5.65235,3.84494e-06,-12.4687,0.00376916,-5.57713,0.999916,0.00632911,0.00632911,0.00917431,0.00917431,0.9,0.9
PanTS_00007157,1,2,20.3448,20-40,1266,2092.1,False,False,2,3,inside,False,hypoattenuating,0,False,True,0.976303,0.00762143,-4.86914,-4.86914,0.00251756,0.00762143,-4.86914,-4.86914,0.00210936,310,139,128,310,139,128,0.0228444,0.0228444,0.99487,5.26759,1.90736e-05,-10.8672,0.0448814,-3.05781,0.99487,0.594937,0.594937,0.877676,0.877676,,0.003
PanTS_00007157,2,2,32.2354,20-40,3121,5157.54,False,True,2,3,inside,False,hypoattenuating,0,False,True,1,0.00126936,-6.66797,-6.66797,0.000275739,0.00126936,-6.66797,-6.66797,0.000230073,345,155,128,345,155,128,0.0561351,0.0561351,0.99487,5.26759,1.90736e-05,-10.8672,0.0448814,-3.05781,0.99487,0.655063,0.655063,0.920489,0.920489,0.001,0.001
PanTS_00007166,1,1,20.4337,20-40,1024,1780.56,False,True,1,2.5,inside,False,hypoattenuating,0.502145,True,False,1,0.997488,5.98436,5.98438,0.964507,0.997488,5.98436,5.98438,0.849512,233,164,27,233,164,27,0,0,0.997019,5.81253,1.50297e-05,-11.1055,0.992776,4.92312,0.997488,0.10443,0.10443,0.229358,0.229358,0.9,0.9
PanTS_00007167,1,3,41.2135,>=40,26465,18222.6,False,True,1,1.25,inside,False,isoattenuating,0.787979,True,False,0.969016,0.997608,6.03321,6.0332,0.73151,0.997608,6.03321,6.0332,0.578418,236,140,66,236,140,66,0,0,0.996663,5.69921,1.75029e-05,-10.9531,0.468279,-0.127055,0.997608,0.10443,0.10443,0.223242,0.223242,0.9,0.9
PanTS_00007184,1,4,23.7276,20-40,2889,2889,False,True,1,1,inside,False,hypoattenuating,0.494524,True,False,1,0.998088,6.25779,6.25781,0.568515,0.998088,6.25779,6.25781,0.376862,248,188,275,248,188,275,0,0,0.995085,5.31055,1.58414e-06,-13.3555,0.000139277,-8.87891,0.998088,0.0759494,0.0759494,0.17737,0.17737,0.9,0.9
PanTS_00007190,1,1,53.9824,>=40,25636,17651.8,False,True,1,1.25,inside,False,hypoattenuating,0.636683,True,False,0.946364,0.997177,5.86717,5.86719,0.692208,0.997177,5.86717,5.86719,0.607562,223,110,96,223,110,96,0,0,0.996937,5.78515,1.89251e-05,-10.875,0.958862,3.14883,0.997177,0.123418,0.123418,0.269113,0.269113,0.9,0.9
PanTS_00007194,1,0,27.5692,20-40,1280,3662.11,False,True,1,3,inside,False,hyperattenuating,0.331865,True,False,1,0.991439,4.75195,4.75195,0.679571,0.991439,4.75195,4.75195,0.595456,49,185,89,49,185,89,0.000393391,0.000393391,0.99482,5.2578,5.19417e-06,-12.168,0.969676,3.46503,0.99482,0.281646,0.281646,0.535168,0.535168,,0.9
PanTS_00007201,1,0,12.5351,10-20,196,344.531,False,True,1,2,abutting,False,isoattenuating,0,False,True,0.433673,7.69209e-05,-9.47266,-9.47266,2.89811e-05,0.000107628,-9.13672,-9.13672,2.63343e-05,213,168,82,215,168,82,0.0332227,0.0168574,0.0904941,-2.30762,2.52157e-06,-12.8906,0.000132382,-8.92969,0.998819,0.876582,0.832278,0.993884,0.990826,,
PanTS_00007211,1,4,81.5024,>=40,13492,21000.9,False,True,6,2.5,abutting,False,hypoattenuating,0,False,True,0.175067,0.0829199,-2.40332,-2.40332,0.00151944,0.0829199,-2.40332,-2.40332,0.00134404,141,144,71,141,144,71,0.0256681,0.0256681,0.993549,5.03711,0.000273722,-8.20313,0.963764,3.28078,0.99477,0.541139,0.541139,0.816514,0.816514,0.03,0.03
PanTS_00007211,2,4,13.1808,10-20,180,280.178,False,False,6,2.5,separated,True,hypoattenuating,0,False,True,0,0.000190359,-8.56641,-8.56641,7.38189e-05,0.000190359,-8.56641,-8.56641,6.72375e-05,144,196,53,144,196,53,0.567967,0.567967,0.993549,5.03711,0.000273722,-8.20313,0.963764,3.28078,0.99477,0.772152,0.772152,0.987768,0.987768,,
PanTS_00007211,3,4,38.8019,20-40,8725,13580.9,False,False,6,2.5,abutting,False,hypoattenuating,0.890173,True,False,0.0034384,0.99264,4.90429,4.9043,0.932007,0.99264,4.90429,4.9043,0.808583,177,230,50,177,230,50,0.00102631,0.00102631,0.993549,5.03711,0.000273722,-8.20313,0.963764,3.28078,0.99477,0.25,0.25,0.504587,0.504587,0.9,0.9
PanTS_00007211,4,4,25.8665,20-40,611,951.05,False,False,6,2.5,abutting,False,hypoattenuating,0,False,True,0.0196399,0.000506292,-7.58789,-7.58789,0.000173062,0.000681171,-7.29102,-7.29102,0.000185215,200,162,77,203,163,77,0.366318,0.304729,0.993549,5.03711,0.000273722,-8.20313,0.963764,3.28078,0.99477,0.683544,0.667722,0.944954,0.941896,,
PanTS_00007211,5,4,20.0856,20-40,1247,1941.01,False,False,6,2.5,abutting,False,hypoattenuating,0,False,True,0.338412,0.00491495,-5.31055,-5.31055,0.00142488,0.00491495,-5.31055,-5.31055,0.00102359,237,205,52,237,205,52,0.0577141,0.0577141,0.993549,5.03711,0.000273722,-8.20313,0.963764,3.28078,0.99477,0.60443,0.60443,0.889908,0.889908,0.003,0.003
PanTS_00007211,6,4,25.3416,20-40,2712,4221.36,False,False,6,2.5,inside,False,hypoattenuating,0.647511,True,False,0.97972,0.992739,4.91797,4.91797,0.558757,0.992739,4.91797,4.91797,0.449011,284,206,45,284,206,45,0.000848274,0.000848274,0.993549,5.03711,0.000273722,-8.20313,0.963764,3.28078,0.99477,0.25,0.25,0.501529,0.501529,0.9,0.9
PanTS_00007217,1,3,23.2933,20-40,1124,2763.03,False,True,1,5,inside,False,isoattenuating,0,False,True,0.953737,0.0956869,-2.24609,-2.24609,0.00290681,0.0956869,-2.24609,-2.24609,0.00185859,25,156,199,25,156,199,0,0,0.000297115,-8.12109,8.13969e-06,-11.7187,0.000110612,-9.10938,0.851891,0.541139,0.541139,0.816514,0.816514,0.03,0.03
PanTS_00007227,1,3,27.0415,20-40,2109,1242.52,False,True,1,0.801379,embedded,False,isoattenuating,0,False,True,0.956377,0.0318287,-3.41504,-3.41504,0.00139461,0.0318287,-3.41504,-3.41504,0.00101835,221,270,112,221,270,112,0,0,0.0185466,-3.96875,7.63053e-07,-14.0859,0.000185951,-8.58984,0.0318287,0.566456,0.566456,0.840979,0.840979,0.03,0.03
PanTS_00007228,1,4,27.3714,20-40,2362,4943.77,False,True,1,5,inside,False,isoattenuating,0,False,True,1,8.22019e-05,-9.40625,-9.40625,2.99562e-05,8.22019e-05,-9.40625,-9.40625,2.68555e-05,199,212,32,199,212,32,0.00915429,0.00915429,0.00970848,-4.625,5.97845e-06,-12.0273,7.9053e-05,-9.44531,0.126677,0.867089,0.867089,0.993884,0.993884,,
PanTS_00007242,1,0,50.4697,>=40,28322,19501.2,False,True,1,1.25,inside,False,hypoattenuating,0.74718,True,False,0.926206,0.999522,7.64461,7.64453,0.61861,0.999522,7.64461,7.64453,0.462865,205,105,28,205,105,28,0,0,0.858837,1.80566,9.4422e-06,-11.5703,0.053354,-2.87598,0.999522,0.0411392,0.0411392,0.0795107,0.0795107,0.9,0.9
PanTS_00007248,1,4,44.0875,>=40,4295,5821.65,False,True,1,2.5,inside,False,isoattenuating,0.00288369,True,False,1,0.969699,3.46582,3.46582,0.00195076,0.989909,4.58594,4.58594,0.00516824,201,149,59,202,151,59,0.0180579,0.0109948,0.995566,5.41405,1.24601e-05,-11.293,0.990642,4.66211,0.995566,0.363924,0.297468,0.651376,0.544343,,0.9
PanTS_00007260,1,1,39.8875,20-40,2948,5757.81,False,True,1,5,inside,False,isoattenuating,0,False,True,0.967096,0.0125279,-4.36719,-4.36719,0.000560898,0.0125279,-4.36719,-4.36719,0.000372642,25,178,202,25,178,202,0,0,0.00110088,-6.81055,3.71211e-06,-12.5039,0.00025837,-8.26086,0.996055,0.585443,0.585443,0.868502,0.868502,0.01,0.01
PanTS_00007278,1,0,22.5936,20-40,1662,2677.41,False,True,1,2.5,inside,False,isoattenuating,0.503626,True,False,1,0.999948,9.86699,9.86719,0.88978,0.999948,9.86699,9.86719,0.770835,243,205,47,243,205,47,0,0,0.999783,8.4375,4.23156e-05,-10.0703,0.984477,4.14977,0.999948,0,0,0,0,0.9,0.9
PanTS_00007284,1,3,16.8375,10-20,220,742.5,False,True,1,1.5,inside,False,isoattenuating,0.0107914,True,False,1,0.576125,0.306885,0.306885,0.0471049,0.668069,0.699463,0.699463,0.0631788,69,102,112,70,102,112,0.00559808,0.00391687,0.997166,5.86326,1.41743e-05,-11.1641,0.337246,-0.675591,0.998035,0.471519,0.46519,0.7737,0.7737,,0.5
PanTS_00007298,1,3,17.9165,10-20,1389,1389,False,True,1,1,inside,False,isoattenuating,0,False,True,1,0.00736008,-4.9043,-4.9043,0.00213475,0.00736008,-4.9043,-4.9043,0.00149831,198,175,332,198,175,332,0,0,0.00630212,-5.06055,3.47361e-06,-12.5703,0.000707292,-7.25336,0.996517,0.594937,0.594937,0.877676,0.877676,0.003,0.003
PanTS_00007299,1,2,43.9121,>=40,16665,25301.8,False,True,1,2.5,inside,False,hypoattenuating,0.912224,True,False,0.99856,0.99903,6.93748,6.9375,0.86201,0.99903,6.93748,6.9375,0.710906,225,199,33,225,199,33,0,0,0.981004,3.94433,2.22123e-05,-10.7148,0.00534201,-5.2268,0.99903,0.0537975,0.0537975,0.107034,0.107034,0.9,0.9
PanTS_00007308,1,2,50.654,>=40,24430,16821.4,False,True,1,1.25,inside,False,hypoattenuating,0.338717,True,False,0.959394,0.991101,4.71289,4.71289,0.207896,0.991101,4.71289,4.71289,0.143789,167,110,62,167,110,62,0.00145075,0.00145075,0.999421,7.45322,5.57253e-06,-12.0977,0.37375,-0.516162,0.999421,0.28481,0.28481,0.541284,0.541284,0.9,0.9
PanTS_00007309,1,0,33.2004,20-40,4550,5376.46,False,True,1,2.5,inside,False,hypoattenuating,0.666754,True,False,1,0.995652,5.4336,5.43359,0.541174,0.995652,5.4336,5.43359,0.431322,306,215,45,306,215,45,0,0,0.96707,3.37988,3.04791e-05,-10.3984,0.00910799,-4.68945,0.995652,0.193038,0.193038,0.431193,0.431193,0.9,0.9
PanTS_00007315,1,0,29.1295,20-40,3489,6038.37,False,True,1,2.5,inside,False,hypoattenuating,0.775096,True,False,1,0.99991,9.3169,9.31641,0.980594,0.99991,9.3169,9.31641,0.887776,191,183,45,191,183,45,0,0,0.996055,5.53123,3.89026e-06,-12.457,0.968876,3.43814,0.99991,0.00632911,0.00632911,0.00917431,0.00917431,0.9,0.9
PanTS_00007319,1,3,17.6094,10-20,1220,1533.11,False,True,1,2.5,inside,False,hypoattenuating,0.254649,True,False,1,0.875734,1.95264,1.95264,0.171905,0.875734,1.95264,1.95264,0.114377,234,231,49,234,231,49,0.00267377,0.00267377,0.974653,3.64941,2.52157e-06,-12.8906,0.000664963,-7.31511,0.974653,0.420886,0.420886,0.730887,0.730887,0.7,0.7
PanTS_00007329,1,2,39.3782,20-40,21834,8974.61,False,True,1,0.8,inside,False,isoattenuating,0.00173231,True,False,0.951635,0.65274,0.631104,0.631103,0.00840734,0.686895,0.785645,0.785645,0.0082772,220,294,159,219,293,159,2.76384e-06,0,0.656438,0.647461,2.33207e-06,-12.9688,7.25436e-05,-9.53125,0.994203,0.471519,0.462025,0.7737,0.7737,0.5,0.5
PanTS_00007334,1,2,52.9941,>=40,9093,30593.9,False,True,1,5,inside,False,isoattenuating,0.793882,True,False,0.986363,0.998931,6.83984,6.83984,0.707826,0.998931,6.83984,6.83984,0.599287,244,127,24,244,127,24,0,0,0.983407,4.08203,2.46829e-05,-10.6094,0.641618,0.582393,0.998931,0.0537975,0.0537975,0.11315,0.11315,0.9,0.9
PanTS_00007361,1,3,30.3333,20-40,6198,3026.37,False,True,1,0.8,inside,False,isoattenuating,0,False,True,0.972894,0.195287,-1.41602,-1.41602,0.00797697,0.195287,-1.41602,-1.41602,0.00551144,260,199,131,260,199,131,0,0,0.072374,-2.55078,2.48248e-06,-12.9062,0.00480594,-5.33309,0.195287,0.509494,0.509494,0.810398,0.810398,0.1,0.1
PanTS_00007364,1,0,12.2378,10-20,307,561.677,False,True,1,2.5,inside,False,isoattenuating,0.354034,True,False,1,0.999971,10.433,10.4336,0.991419,0.999971,10.433,10.4336,0.90809,206,247,43,206,247,43,0,0,0.999657,7.97858,1.25088e-05,-11.2891,0.993333,5.0039,0.999971,0,0,0,0,0.9,0.9
PanTS_00007414,1,1,59.4313,>=40,101364,26019.9,False,True,1,0.418478,abutting,False,hypoattenuating,0.719405,True,False,0.404355,0.99703,5.81639,5.81641,0.669833,0.99703,5.81639,5.81641,0.538737,241,132,44,241,132,44,0,0,0.996925,5.78123,1.52068e-05,-11.0938,0.990273,4.62304,0.99703,0.132911,0.132911,0.293578,0.293578,0.9,0.9
PanTS_00007422,1,4,50.6434,>=40,16192,27239.5,False,True,1,2.5,inside,False,hypoattenuating,0.888338,True,False,0.998888,0.9963,5.59569,5.5957,0.819156,0.9963,5.59569,5.5957,0.669057,229,186,27,229,186,27,0,0,0.994688,5.23242,1.98334e-05,-10.8281,0.0565524,-2.81437,0.9963,0.167722,0.167722,0.385321,0.385321,0.9,0.9
PanTS_00007426,1,3,47.0281,>=40,2289,10143.1,False,True,1,5,inside,False,isoattenuating,0.461974,True,False,0.983836,0.997399,5.94924,5.94922,0.776136,0.997399,5.94924,5.94922,0.626599,241,210,22,241,210,22,0,0,0.996984,5.80079,2.52682e-05,-10.5859,0.995226,5.33984,0.997399,0.110759,0.110759,0.244648,0.244648,0.9,0.9
PanTS_00007435,1,3,24.8748,20-40,1748,3496.81,False,True,1,2.5,inside,False,hyperattenuating,0.471511,True,False,1,0.95877,3.14648,3.14648,0.324492,0.95877,3.14648,3.14648,0.227245,249,202,40,249,202,40,0,0,0.819316,1.51172,8.10796e-06,-11.7227,0.0238681,-3.71105,0.995272,0.373418,0.373418,0.675841,0.675841,0.9,0.9
PanTS_00007437,1,2,27.5692,20-40,1280,3662.11,False,True,1,3,abutting,False,hyperattenuating,0.138727,True,False,0.457813,0.99875,6.68362,6.68359,0.361428,0.999015,6.92186,6.92188,0.361452,282,210,37,279,210,37,0.00051283,0.000132956,0.999091,7.00203,1.61876e-05,-11.0313,0.997293,5.90922,0.999091,0.056962,0.0537975,0.125382,0.107034,,0.9
PanTS_00007451,1,1,34.1385,20-40,7542,3591.13,False,True,1,1.25,inside,False,isoattenuating,0.000209842,True,False,1,0.570331,0.283203,0.283203,0.000479609,0.860428,1.81885,1.81885,0.00381116,254,105,90,255,103,91,0.00742632,0.00503411,0.987253,4.34961,1.51476e-05,-11.0977,0.162131,-1.64246,0.987253,0.471519,0.427215,0.7737,0.737003,,0.5
PanTS_00007463,1,4,32.9831,20-40,2621,4883.28,False,True,1,2.5,abutting,False,hypoattenuating,0,False,True,0.090805,0.00423159,-5.46094,-5.46094,0.00026859,0.00423159,-5.46094,-5.46094,0.000177652,230,201,46,230,201,46,0.00141219,0.00141219,0.0153653,-4.16016,1.89596e-06,-13.1758,0.000461906,-7.67969,0.0153653,0.610759,0.610759,0.892966,0.892966,0.003,0.003
PanTS_00007468,1,3,23.3827,20-40,794,2679.75,False,True,1,1.5,inside,False,isoattenuating,0,False,True,1,0.0237573,-3.71582,-3.71582,0.00462691,0.0237573,-3.71582,-3.71582,0.00338697,91,107,98,91,107,98,0.0785025,0.0785025,0.997957,6.1914,2.21257e-05,-10.7188,0.996106,5.54438,0.997957,0.579114,0.579114,0.850153,0.850153,0.01,0.01
PanTS_00007472,1,2,12.9286,10-20,809,395.02,False,True,1,0.8,inside,False,isoattenuating,0.175049,True,False,1,0.996161,5.5586,5.55859,0.320296,0.99651,5.65428,5.6543,0.277604,204,217,182,203,217,182,0,0,0.995309,5.35742,1.45938e-06,-13.4375,0.0283627,-3.53391,0.99651,0.170886,0.155063,0.397554,0.360856,0.9,0.9
PanTS_00007485,1,3,40.2542,>=40,16942,9071.06,False,True,1,1.2,inside,False,isoattenuating,0.674406,True,False,1,0.998256,6.34957,6.34961,0.55003,0.998256,6.34957,6.34961,0.38712,218,149,33,218,149,33,0,0,0.991587,4.76953,1.51476e-05,-11.0977,0.0190692,-3.94043,0.998256,0.0632911,0.0632911,0.159021,0.159021,0.9,0.9
PanTS_00007494,1,1,31.844,20-40,2871,1895.31,False,True,1,1,inside,False,hyperattenuating,0,False,True,0.866945,0.153422,-1.70801,-1.70801,0.00626791,0.220426,-1.26318,-1.26318,0.00590377,230,151,3,230,148,3,0.180459,0.169647,0.996476,5.64452,0.000197941,-8.52734,0.995056,5.30468,0.996476,0.525316,0.506329,0.813456,0.810398,,0.1
PanTS_00007501,1,4,19.4721,10-20,1032,711.079,False,True,1,1,inside,False,isoattenuating,0,False,True,1,8.71619e-05,-9.34766,-9.34766,3.12021e-05,8.71619e-05,-9.34766,-9.34766,2.39893e-05,332,235,122,332,235,122,0.00129757,0.00129757,0.0178145,-4.00977,1.01881e-06,-13.7969,3.19418e-05,-10.3516,0.998469,0.863924,0.863924,0.993884,0.993884,,
PanTS_00007516,1,0,46.0256,>=40,33825,23290.3,False,True,1,1.25,abutting,False,isoattenuating,0.696745,True,False,0.656674,0.999318,7.2891,7.28906,0.533976,0.999318,7.2891,7.28906,0.388166,227,133,71,227,133,71,0.000423233,0.000423233,0.999543,7.69144,9.47915e-06,-11.5664,0.99703,5.81639,0.999543,0.0506329,0.0506329,0.0978593,0.0978593,0.9,0.9
PanTS_00007525,1,2,38.4461,20-40,11123,18093.5,False,True,1,2.5,inside,False,hypoattenuating,0.893958,True,False,1,0.999207,7.13869,7.13867,0.871924,0.999207,7.13869,7.13867,0.73406,291,216,34,291,216,34,0,0,0.992554,4.89257,8.90484e-06,-11.6289,0.00329801,-5.71113,0.999207,0.0537975,0.0537975,0.103976,0.103976,0.9,0.9
PanTS_00007532,1,4,34.5138,20-40,5822,2176.5,False,True,2,0.8,abutting,False,hypoattenuating,0.0205629,True,False,0.453624,0.797241,1.36914,1.36914,0.0683849,0.896704,2.16113,2.16113,0.0691818,254,228,81,254,231,81,0.0142902,0.00996814,0.980337,3.90918,1.60616e-05,-11.0391,0.895962,2.15314,0.980337,0.446203,0.414557,0.752294,0.715596,0.003,0.7
PanTS_00007532,2,4,1.6,<5,3,1.12152,True,False,2,0.8,embedded,False,isoattenuating,0,False,True,1,0.0027097,-5.9082,-5.9082,0.00257595,0.00756257,-4.87695,-4.87695,0.00258513,239,247,84,241,245,83,0.0750187,0.0613008,0.980337,3.90918,1.60616e-05,-11.0391,0.895962,2.15314,0.980337,0.632911,0.594937,0.905199,0.877676,,0.001
PanTS_00007533,1,0,22.3825,20-40,509,2236.82,False,True,1,5,inside,False,hypoattenuating,0.0232558,True,False,1,0.529864,0.119598,0.119598,0.1282,0.529864,0.119598,0.119598,0.0983605,26,146,181,26,146,181,0,0,0.466967,-0.132324,9.18751e-06,-11.5977,0.00492673,-5.30814,0.988971,0.474684,0.474684,0.7737,0.7737,0.5,0.5
PanTS_00007536,1,3,58.7678,>=40,39894,27469.2,False,True,1,1.25,inside,False,hypoattenuating,0.660482,True,False,0.818594,0.996406,5.62499,5.625,0.489561,0.996406,5.62499,5.625,0.3722,204,79,77,204,79,77,0,0,0.807461,1.43359,2.99444e-06,-12.7187,0.00156668,-6.45723,0.996406,0.161392,0.161392,0.366972,0.366972,0.9,0.9
PanTS_00007539,1,4,12.5194,10-20,211,409.294,False,True,1,2.5,inside,False,hypoattenuating,0,False,True,1,0.000310156,-8.07813,-8.07813,0.000213829,0.000310156,-8.07813,-8.07813,0.000190795,279,208,40,279,208,40,0.0321724,0.0321724,0.0529118,-2.88477,8.39807e-06,-11.6875,0.00174496,-6.34928,0.622631,0.71519,0.71519,0.969419,0.969419,,
PanTS_00007555,1,0,24.3942,20-40,425,1013.28,False,True,2,2.5,abutting,False,isoattenuating,0.402741,True,False,0.188235,0.999122,7.03708,7.03711,0.869414,0.999122,7.03708,7.03711,0.742089,261,208,51,261,208,51,0,0,0.964221,3.29395,7.67647e-06,-11.7773,0.000732261,-7.21864,0.999122,0.0537975,0.0537975,0.103976,0.103976,0.9,0.9
PanTS_00007555,2,0,20.3896,20-40,334,796.318,False,False,2,2.5,inside,False,isoattenuating,0,False,True,1,0.000279119,-8.18359,-8.18359,8.41756e-05,0.000304159,-8.09766,-8.09766,8.18657e-05,269,228,47,269,226,47,0.0216603,0.0201854,0.964221,3.29395,7.67647e-06,-11.7773,0.000732261,-7.21864,0.999122,0.727848,0.721519,0.978593,0.969419,,
PanTS_00007558,1,1,51.1102,>=40,5938,20040.8,False,True,1,1.5,inside,False,hypoattenuating,0,False,True,1,0.00156089,-6.46094,-6.46094,3.04285e-05,0.00231413,-6.06641,-6.06641,3.26106e-05,166,139,128,165,139,128,0.000650979,0.000153172,0.00296367,-5.81836,2.62202e-06,-12.8516,9.41409e-05,-9.27062,0.993229,0.64557,0.642405,0.920489,0.905199,,0.001
PanTS_00007564,1,4,24.7276,20-40,3631,4973.98,False,True,1,2.5,inside,False,hyperattenuating,0.840867,True,False,0.960342,0.998299,6.37501,6.375,0.811955,0.998299,6.37501,6.375,0.650339,252,261,51,252,261,51,0,0,0.994626,5.2207,1.19111e-06,-13.6406,0.00029251,-8.13672,0.999069,0.0632911,0.0632911,0.159021,0.159021,0.9,0.9
PanTS_00007575,1,0,13.2461,10-20,241,574.588,False,True,1,2.5,inside,False,isoattenuating,0.0569433,True,False,1,0.998606,6.5742,6.57422,0.845193,0.999494,7.58791,7.58789,0.651527,202,187,40,204,187,40,0.00393047,0.00104002,0.999765,8.3556,4.43463e-05,-10.0234,0.99688,5.76687,0.999765,0.056962,0.0411392,0.137615,0.0825688,,0.9
PanTS_00007577,1,4,48.3497,>=40,18760,12917.3,False,True,1,1.25,inside,False,isoattenuating,0.420264,True,False,0.817324,0.997093,5.83787,5.83789,0.286534,0.997093,5.83787,5.83789,0.23023,218,138,2,218,138,2,0,0,0.97567,3.69141,3.07745e-06,-12.6914,0.296695,-0.863086,0.997093,0.126582,0.126582,0.284404,0.284404,0.9,0.9
PanTS_00007578,1,2,21.0379,20-40,78,313.437,False,False,5,5,separated,True,isoattenuating,0,False,True,0,0.000127311,-8.96875,-8.96875,6.10918e-05,0.000236895,-8.34766,-8.34766,6.3666e-05,294,145,71,296,145,71,0.0114769,0.00245525,0.000336005,-7.99805,7.98226e-06,-11.7383,0.000134993,-8.91016,0.999613,0.822785,0.753165,0.990826,0.984709,,
PanTS_00007578,2,2,25.3564,20-40,100,401.842,False,False,5,5,separated,True,isoattenuating,0,False,True,0,2.17827e-05,-10.7344,-10.7344,7.01647e-06,5.12417e-05,-9.87891,-9.87891,8.75902e-06,307,151,76,308,152,76,0.202758,0.0807092,0.000336005,-7.99805,7.98226e-06,-11.7383,0.000134993,-8.91016,0.999613,0.96519,0.911392,1,0.996942,,
PanTS_00007578,3,2,22.6788,20-40,499,2005.19,False,True,5,5,inside,False,isoattenuating,0,False,True,1,0.000295957,-8.125,-8.125,0.000103967,0.000295957,-8.125,-8.125,8.52111e-05,298,200,82,298,200,82,0.000371142,0.000371142,0.000336005,-7.99805,7.98226e-06,-11.7383,0.000134993,-8.91016,0.999613,0.724684,0.724684,0.972477,0.972477,,
PanTS_00007578,4,2,14.2343,10-20,103,413.897,False,False,5,5,separated,True,hypoattenuating,0.00975333,True,False,0,0.977328,3.76367,3.76367,0.899831,0.980747,3.93066,3.93066,0.881822,311,178,67,313,178,67,0,0,0.000336005,-7.99805,7.98226e-06,-11.7383,0.000134993,-8.91016,0.999613,0.335443,0.332278,0.620795,0.617737,,0.9
PanTS_00007578,5,2,16.4817,10-20,153,614.818,False,False,5,5,separated,True,isoattenuating,0,False,True,0,5.49741e-05,-9.80859,-9.80859,9.11997e-06,8.5143e-05,-9.37109,-9.37109,1.15767e-05,306,169,78,308,169,78,0.072544,0.0297485,0.000336005,-7.99805,7.98226e-06,-11.7383,0.000134993,-8.91016,0.999613,0.911392,0.867089,0.993884,0.993884,,
PanTS_00007583,1,1,29.1215,20-40,9021,7125.47,False,True,1,1.25,inside,False,isoattenuating,0.795659,True,False,1,0.997479,5.98049,5.98047,0.857276,0.997479,5.98049,5.98047,0.710175,230,80,15,230,80,15,0,0,0.99684,5.7539,1.89992e-05,-10.8711,0.557385,0.230554,0.997479,0.10443,0.10443,0.229358,0.229358,0.9,0.9
PanTS_00007588,1,2,33.8567,20-40,7954,11127.1,False,True,1,2.5,inside,False,isoattenuating,0.902428,True,False,1,0.999791,8.47281,8.47266,0.873327,0.999791,8.47281,8.47266,0.701201,267,222,40,267,222,40,0,0,0.994077,5.12305,2.48248e-06,-12.9062,0.0962895,-2.23915,0.999791,0.0221519,0.0221519,0.0397554,0.0397554,0.9,0.9
PanTS_00007594,1,1,41.7638,>=40,21717,24651.2,False,True,1,2.5,inside,False,hypoattenuating,0.878768,True,False,1,0.997488,5.98436,5.98438,0.816436,0.997488,5.98436,5.98438,0.680553,256,203,32,256,203,32,0,0,0.990329,4.62891,1.29564e-05,-11.2539,0.0449719,-3.0557,0.997488,0.10443,0.10443,0.229358,0.229358,0.9,0.9
PanTS_00007602,1,0,18.4633,10-20,1596,779.297,False,True,1,0.8,inside,False,hyperattenuating,0,False,True,1,0.000388992,-7.85156,-7.85156,0.000130328,0.000388992,-7.85156,-7.85156,0.000112407,246,254,127,246,254,127,0.078909,0.078909,0.999871,8.95292,1.37383e-05,-11.1953,0.993524,5.0332,0.999871,0.708861,0.708861,0.966361,0.966361,,
PanTS_00007615,1,0,15.2971,10-20,378,378,False,True,1,1,inside,False,hypoattenuating,0.284822,True,False,1,0.999711,8.1483,8.14844,0.943568,0.999711,8.1483,8.14844,0.820246,254,201,287,254,201,287,0,0,0.999513,7.62707,3.28875e-06,-12.625,0.992334,4.86328,0.999711,0.028481,0.028481,0.0550459,0.0550459,0.9,0.9
PanTS_00007622,1,0,41.1895,>=40,5257,12533.7,False,True,1,2.5,inside,False,hyperattenuating,0.819523,True,False,1,0.99964,7.92769,7.92773,0.868503,0.99964,7.92769,7.92773,0.718433,246,181,58,246,181,58,0,0,0.999592,7.80473,3.55598e-06,-12.5469,0.65086,0.622822,0.99964,0.0316456,0.0316456,0.0703364,0.0703364,0.9,0.9
PanTS_00007627,1,2,18.472,10-20,743,293.862,False,True,1,0.8,inside,False,isoattenuating,0,False,True,1,0.000671928,-7.30469,-7.30469,0.00038483,0.000727907,-7.22461,-7.22461,0.00031954,215,190,111,212,193,114,0.00655328,0.00611922,0.00577493,-5.14844,7.49864e-06,-11.8008,0.000459209,-7.68555,0.928733,0.667722,0.667722,0.941896,0.938838,,
PanTS_00007630,1,1,22.0879,20-40,2382,2414.22,False,True,1,2.5,inside,False,hypoattenuating,0.0968726,True,False,1,0.743913,1.06641,1.06641,0.113172,0.743913,1.06641,1.06641,0.0949061,224,150,111,224,150,111,0,0,0.666931,0.694336,2.21257e-05,-10.7188,0.0369018,-3.26189,0.743913,0.449367,0.449367,0.761468,0.761468,0.7,0.7
PanTS_00007636,1,0,30.9847,20-40,3822,7545.94,False,True,2,2.5,inside,False,hyperattenuating,0.70049,True,False,1,0.999729,8.2148,8.21484,0.796084,0.999729,8.2148,8.21484,0.67618,202,210,40,202,210,40,0,0,0.999289,7.24801,6.54044e-06,-11.9375,0.988213,4.42887,0.999729,0.028481,0.028481,0.0550459,0.0550459,0.9,0.9
PanTS_00007636,2,0,10.9284,10-20,150,296.152,False,False,2,2.5,inside,False,hyperattenuating,0,False,True,1,0.0130205,-4.32813,-4.32813,0.00156556,0.125333,-1.94287,-1.94287,0.00297372,220,211,39,218,211,39,0.0390744,0.0264332,0.999289,7.24801,6.54044e-06,-11.9375,0.988213,4.42887,0.999729,0.585443,0.531646,0.865443,0.813456,,0.01
PanTS_00007641,1,3,36.69,20-40,6623,8646.85,False,True,1,2.5,inside,False,hypoattenuating,0.657942,True,False,1,0.997221,5.88279,5.88281,0.889795,0.997221,5.88279,5.88281,0.791135,282,211,23,282,211,23,0,0,0.997007,5.80859,1.45673e-05,-11.1367,0.968081,3.41211,0.997221,0.120253,0.120253,0.266055,0.266055,0.9,0.9
PanTS_00007643,1,2,34.1154,20-40,3601,5914.52,False,True,1,2.5,inside,False,isoattenuating,0,False,True,1,6.06132e-05,-9.71094,-9.71094,7.9085e-06,6.60521e-05,-9.625,-9.625,7.46313e-06,144,148,49,149,144,50,0.179126,0.165808,0.999178,7.10352,1.55068e-05,-11.0742,0.735788,1.02419,0.999178,0.908228,0.898734,0.993884,0.993884,,
PanTS_00007651,1,4,32.5951,20-40,5012,10410.4,False,True,1,5,inside,False,hypoattenuating,0,False,True,1,3.92888e-05,-10.1445,-10.1445,1.66028e-05,4.3319e-05,-10.0469,-10.0469,1.59787e-05,225,250,60,234,253,61,0.104397,0.0957578,0.99642,5.62891,4.54817e-06,-12.3008,0.0308062,-3.44875,0.99642,0.939873,0.927215,1,1,,
PanTS_00007660,1,1,61.0561,>=40,72826,50144.6,False,True,1,1.25,abutting,False,hypoattenuating,0.845509,True,False,0.599484,0.997449,5.96875,5.96875,0.789326,0.997449,5.96875,5.96875,0.657912,240,108,57,240,108,57,0,0,0.994146,5.13476,3.33442e-05,-10.3086,0.492189,-0.0312483,0.997449,0.110759,0.110759,0.238532,0.238532,0.9,0.9
PanTS_00007661,1,4,16.7508,10-20,364,753.83,False,False,3,2.5,inside,False,hypoattenuating,0,False,True,1,0.000651268,-7.33594,-7.33594,0.000152321,0.000651268,-7.33594,-7.33594,0.000121924,254,197,55,254,197,55,0.0025928,0.0025928,0.00366422,-5.60547,2.14841e-06,-13.0508,0.000337182,-7.99455,0.00366422,0.670886,0.670886,0.941896,0.941896,,
PanTS_00007661,2,4,31.5368,20-40,452,936.074,False,False,3,2.5,separated,True,hypoattenuating,0,False,True,0,3.24448e-05,-10.3359,-10.3359,1.58243e-05,3.61947e-05,-10.2266,-10.2266,1.48941e-05,275,222,20,276,223,20,0.156266,0.146219,0.00366422,-5.60547,2.14841e-06,-13.0508,0.000337182,-7.99455,0.00366422,0.955696,0.946203,1,1,,
PanTS_00007661,3,4,66.3272,>=40,12430,25742,False,True,3,2.5,separated,True,hypoattenuating,0,False,True,0,0.00122318,-6.70508,-6.70508,0.000172889,0.00122318,-6.70508,-6.70508,0.000163425,306,228,69,306,228,69,0.00114682,0.00114682,0.00366422,-5.60547,2.14841e-06,-13.0508,0.000337182,-7.99455,0.00366422,0.655063,0.655063,0.920489,0.920489,0.001,0.001
PanTS_00007668,1,4,48.4412,>=40,13376,12687.2,False,True,1,1.25,inside,False,hyperattenuating,0.184449,True,False,0.876645,0.997337,5.92579,5.92578,0.249967,0.997708,6.07618,6.07617,0.242107,209,143,53,207,142,53,0.00300163,0,0.997704,6.07422,2.97114e-06,-12.7266,0.9967,5.71061,0.997708,0.117089,0.10443,0.244648,0.217125,0.9,0.9
PanTS_00007690,1,2,20.4443,20-40,1202,1364.4,False,True,1,2.5,inside,False,hyperattenuating,0,False,True,0.918469,0.357287,-0.587158,-0.587158,0.0103013,0.417479,-0.33313,-0.33313,0.0117114,262,221,39,262,219,39,0.074305,0.0714985,0.999852,8.81615,1.58745e-05,-11.0508,0.998808,6.73065,0.999852,0.493671,0.481013,0.798165,0.782875,,0.3
PanTS_00007691,1,4,38.91,20-40,3480,12445.4,False,True,3,3.75,inside,False,hypoattenuating,0.631848,True,False,0.972701,0.993123,4.97265,4.97266,0.577852,0.993123,4.97265,4.97266,0.496671,245,149,70,245,149,70,0,0,0.990874,4.68751,1.45369e-06,-13.4414,0.97959,3.8711,0.997575,0.237342,0.237342,0.495413,0.495413,0.9,0.9
PanTS_00007691,2,4,41.576,>=40,1841,6583.92,False,False,3,3.75,abutting,False,hyperattenuating,0,False,True,0.45736,0.0103282,-4.5625,-4.5625,0.00097431,0.0103282,-4.5625,-4.5625,0.000677407,259,118,80,259,118,80,0.0516648,0.0516648,0.990874,4.68751,1.45369e-06,-13.4414,0.97959,3.8711,0.997575,0.588608,0.588608,0.87156,0.87156,0.01,0.01
PanTS_00007691,3,4,11.4304,10-20,90,321.865,False,False,3,3.75,separated,True,hyperattenuating,0,False,True,0,2.33207e-06,-12.9688,-12.9687,1.76603e-06,2.33207e-06,-12.9688,-12.9687,1.51026e-06,293,99,79,293,99,79,0.452067,0.452067,0.990874,4.68751,1.45369e-06,-13.4414,0.97959,3.8711,0.997575,0.996835,0.996835,1,1,,
PanTS_00007702,1,1,39.7573,20-40,6532,16146.6,False,True,1,5,inside,False,hyperattenuating,0.737187,True,False,0.988212,0.997459,5.97265,5.97266,0.768681,0.997459,5.97265,5.97266,0.667339,285,247,15,285,247,15,0,0,0.997172,5.86525,8.9397e-06,-11.625,0.993316,5.00132,0.997459,0.107595,0.107595,0.232416,0.232416,0.9,0.9
PanTS_00007713,1,4,42.5615,>=40,11645,12093.9,False,True,1,2.5,inside,False,hyperattenuating,0.790492,True,False,1,0.997575,6.01954,6.01953,0.691333,0.997575,6.01954,6.01953,0.516567,262,252,43,262,252,43,0,0,0.996329,5.60352,7.03118e-05,-9.5625,0.310676,-0.79696,0.997575,0.10443,0.10443,0.223242,0.223242,0.9,0.9
PanTS_00007728,1,0,46.3832,>=40,14171,12943.2,False,True,1,2,inside,False,isoattenuating,0.517782,True,False,0.999929,0.999494,7.58791,7.58789,0.887024,0.999494,7.58791,7.58789,0.772163,245,163,128,245,163,128,0,0,0.999393,7.40616,1.91482e-05,-10.8633,0.99653,5.66016,0.999494,0.0411392,0.0411392,0.0825688,0.0825688,0.9,0.9
PanTS_00007735,1,1,28.5,20-40,518,1748.25,False,True,1,1.5,separated,True,hypoattenuating,0,False,True,0,0.0980793,-2.21875,-2.21875,0.00666397,0.116563,-2.02539,-2.02539,0.00954786,121,91,3,116,91,6,0,0,4.8415e-06,-12.2383,8.44623e-07,-13.9844,2.37807e-06,-12.9492,0.270818,0.541139,0.531646,0.816514,0.813456,,0.03
PanTS_00007757,1,1,128.292,>=40,38371,129502,False,True,1,1.5,abutting,False,hypoattenuating,0.405528,True,False,0.172292,0.99481,5.25586,5.25586,0.294567,0.99481,5.25586,5.25586,0.251859,108,75,89,108,75,89,0,0,0.993985,5.10743,0.00351749,-5.64648,0.991958,4.81501,0.99481,0.212025,0.212025,0.449541,0.449541,0.9,0.9
PanTS_00007765,1,0,42.1248,>=40,13503,21122.3,False,True,1,2.5,inside,False,isoattenuating,0.882261,True,False,1,0.999695,8.09393,8.09375,0.794102,0.999695,8.09393,8.09375,0.636712,246,241,30,246,241,30,0,0,0.928149,2.55859,2.08231e-06,-13.082,0.00270464,-5.91008,0.999695,0.028481,0.028481,0.0550459,0.0550459,0.9,0.9
PanTS_00007779,1,1,21.7715,20-40,1155,1155,False,True,1,1,inside,False,hypoattenuating,0,False,True,1,0.00043478,-7.74023,-7.74023,0.000225537,0.00052645,-7.54883,-7.54883,0.000201367,241,178,302,240,177,301,7.6531e-06,0,0.000454748,-7.69531,3.89026e-06,-12.457,0.00011018,-9.11328,0.994677,0.702532,0.683544,0.960245,0.944954,,
PanTS_00007786,1,0,27.8387,20-40,3237,6674.96,False,True,1,2.5,inside,False,isoattenuating,0.835504,True,False,0.998764,0.999969,10.3817,10.3828,0.854509,0.999969,10.3817,10.3828,0.681284,222,186,48,222,186,48,0,0,0.999351,7.33993,6.90808e-06,-11.8828,0.969144,3.44708,0.999969,0,0,0,0,0.9,0.9
PanTS_00007792,1,1,23.1409,20-40,1160,3915,False,True,1,1.5,inside,False,isoattenuating,0,False,True,1,0.00912564,-4.6875,-4.6875,0.0013175,0.00912564,-4.6875,-4.6875,0.00096728,112,115,78,112,115,78,0,0,0.00326035,-5.72266,2.03832e-05,-10.8008,0.000663861,-7.31677,0.9949,0.591772,0.591772,0.877676,0.877676,0.003,0.003
PanTS_00007802,1,4,11.5763,10-20,303,412.882,False,True,1,2.5,inside,False,hyperattenuating,0,False,True,1,8.5143e-05,-9.37109,-9.37109,2.66899e-05,9.64785e-05,-9.24609,-9.24609,2.68875e-05,261,179,32,263,180,32,0.0272879,0.0198361,0.000431398,-7.74805,4.91774e-06,-12.2227,0.000126375,-8.97613,0.963746,0.867089,0.848101,0.993884,0.993884,,
PanTS_00007831,1,4,29.6785,20-40,5412,3344.51,False,True,1,0.8,embedded,False,isoattenuating,0,False,True,0.976164,8.09276e-05,-9.42187,-9.42187,3.57297e-05,8.58107e-05,-9.36328,-9.36328,3.30683e-05,216,172,109,213,172,103,0.000195146,4.13946e-05,8.81892e-05,-9.33594,1.342e-05,-11.2188,5.82913e-05,-9.75,0.000216544,0.870253,0.863924,0.993884,0.993884,,
PanTS_00007846,1,3,23.9465,20-40,2834,2597.31,False,True,1,2.5,inside,False,hypoattenuating,0.606446,True,False,1,0.998427,6.45314,6.45312,0.938685,0.998427,6.45314,6.45312,0.846092,264,226,34,264,226,34,0,0,0.99819,6.31248,9.15169e-06,-11.6016,0.99317,4.9796,0.998427,0.0601266,0.0601266,0.149847,0.149847,0.9,0.9
PanTS_00007851,1,4,40.3848,>=40,6115,8200.86,False,True,1,2.5,inside,False,hyperattenuating,0.564367,True,False,1,0.997631,6.04295,6.04297,0.641954,0.997631,6.04295,6.04297,0.52994,247,236,34,247,236,34,0.00012288,0.00012288,0.997717,6.08009,2.78603e-05,-10.4883,0.995592,5.41993,0.997717,0.10443,0.10443,0.223242,0.223242,,0.9
PanTS_00007858,1,0,27.6516,20-40,2487,4845.65,False,True,1,2.5,inside,False,hypoattenuating,0.0802779,True,False,1,0.908374,2.29394,2.29395,0.0450595,0.908374,2.29394,2.29395,0.0311073,107,146,63,107,146,63,0,0,0.876634,1.96094,5.57253e-06,-12.0977,0.00290924,-5.83695,0.908374,0.411392,0.411392,0.70948,0.70948,0.9,0.9
PanTS_00007862,1,0,31.0069,20-40,16328,7195.32,False,True,1,0.8,inside,False,isoattenuating,0.0351384,True,False,1,0.733261,1.01123,1.01123,0.0405051,0.733261,1.01123,1.01123,0.0257964,242,309,109,242,309,109,0.00250516,0.00250516,0.96128,3.21192,7.32494e-06,-11.8242,0.138384,-1.82878,0.997488,0.452532,0.452532,0.761468,0.761468,0.7,0.7
PanTS_00007863,1,3,39.8679,20-40,16075,8653.65,False,True,1,0.8,embedded,False,isoattenuating,0.44106,True,False,0.63633,0.996996,5.8047,5.80469,0.371121,0.997183,5.86916,5.86914,0.281333,240,241,190,238,246,188,0,0,0.996984,5.80079,9.5535e-06,-11.5586,0.884908,2.03976,0.997183,0.132911,0.123418,0.302752,0.269113,0.9,0.9
PanTS_00007868,1,3,20.0243,20-40,1218,786.526,False,True,1,0.8,inside,False,isoattenuating,0,False,True,1,0.000178131,-8.63281,-8.63281,6.7114e-05,0.000178131,-8.63281,-8.63281,5.77421e-05,225,175,125,225,175,125,0.0036383,0.0036383,0.405831,-0.381226,3.93611e-06,-12.4453,6.60521e-05,-9.625,0.990121,0.775316,0.775316,0.987768,0.987768,,
PanTS_00007890,1,4,42.8843,>=40,16439,23117.3,False,True,1,2.5,inside,False,isoattenuating,0.891689,True,False,1,0.996564,5.66993,5.66992,0.815092,0.996564,5.66993,5.66992,0.662937,240,223,46,240,223,46,0,0,0.987448,4.36524,4.72062e-05,-9.96094,0.00522013,-5.25,0.997997,0.151899,0.151899,0.35474,0.35474,0.9,0.9
PanTS_00007905,1,3,34.8223,20-40,4070,10627.4,False,True,1,5,inside,False,hypoattenuating,0.836351,True,False,1,0.994552,5.20704,5.20703,0.868651,0.994552,5.20704,5.20703,0.758872,214,223,38,214,223,38,0,0,0.992496,4.88477,9.47915e-06,-11.5664,0.351968,-0.6104,0.996937,0.221519,0.221519,0.455657,0.455657,0.9,0.9
PanTS_00007921,1,2,121.217,>=40,14994,25510.6,False,True,1,5,abutting,False,hypoattenuating,0,False,True,0.192544,0.000356971,-7.9375,-7.9375,4.43495e-05,0.000356971,-7.9375,-7.9375,3.97802e-05,359,255,71,359,255,71,0.00538087,0.00538087,0.000615427,-7.39258,2.03832e-05,-10.8008,0.000308947,-8.08203,0.283137,0.708861,0.708861,0.966361,0.966361,,
PanTS_00007938,1,1,30.6691,20-40,4682,6346.2,False,True,1,2.5,inside,False,hypoattenuating,0.748726,True,False,1,0.997469,5.97659,5.97656,0.765528,0.997469,5.97659,5.97656,0.659016,216,200,16,216,200,16,0,0,0.996949,5.78908,1.28055e-05,-11.2656,0.792392,1.3394,0.997469,0.10443,0.10443,0.229358,0.229358,0.9,0.9
PanTS_00007946,1,1,11.1261,10-20,635,347.959,False,True,1,0.7,inside,False,hyperattenuating,0.237386,True,False,1,0.996078,5.53712,5.53711,0.397262,0.996153,5.55662,5.55664,0.296476,251,184,102,252,184,102,0,0,0.995906,5.49413,7.21138e-06,-11.8398,0.0115465,-4.44976,0.996153,0.174051,0.170886,0.406728,0.397554,0.9,0.9
PanTS_00007960,1,4,75.8829,>=40,70274,48387.4,False,True,1,1.25,inside,False,hypoattenuating,0.762261,True,False,0.891966,0.996227,5.57618,5.57617,0.683595,0.996227,5.57618,5.57617,0.568974,233,123,89,233,123,89,0,0,0.991716,4.78515,1.93739e-05,-10.8516,0.0124429,-4.37408,0.996227,0.170886,0.170886,0.391437,0.391437,0.9,0.9
PanTS_00007989,1,0,28.3683,20-40,805,1373.65,False,True,1,2.5,inside,False,hypoattenuating,0.247423,True,False,0.981366,0.998625,6.58787,6.58789,0.966219,0.998906,6.8164,6.81641,0.916696,191,220,47,193,220,47,0.00265502,0.00183016,0.999599,7.82035,4.38296e-05,-10.0352,0.994698,5.23436,0.999599,0.056962,0.0537975,0.137615,0.11315,,0.9
PanTS_00007995,1,1,21.5287,20-40,3711,3371.25,False,True,1,1,inside,False,isoattenuating,0.202035,True,False,1,0.964522,3.30273,3.30273,0.133709,0.964522,3.30273,3.30273,0.0763596,271,222,37,271,222,37,0,0,0.0131466,-4.31836,4.60178e-06,-12.2891,0.000887036,-7.02674,0.964522,0.373418,0.373418,0.672783,0.672783,0.9,0.9
PanTS_00007997,1,4,36.3744,20-40,1442,5921.49,False,True,2,5,abutting,False,hypoattenuating,0.0145985,True,False,0.0214979,0.879095,1.98389,1.98389,0.0122854,0.938237,2.7207,2.7207,0.0149955,340,192,67,338,192,67,0.000561108,0,0.938181,2.71973,6.90808e-06,-11.8828,0.000348024,-7.96289,0.998204,0.420886,0.392405,0.730887,0.681957,0.9,0.7
PanTS_00007997,2,4,12.9362,10-20,164,673.457,False,False,2,5,separated,True,hypoattenuating,0,False,True,0,0.298287,-0.855469,-0.855469,0.132924,0.298287,-0.855469,-0.855469,0.102431,386,172,67,386,172,67,0.00154305,0.00154305,0.938181,2.71973,6.90808e-06,-11.8828,0.000348024,-7.96289,0.998204,0.503165,0.503165,0.804281,0.804281,0.1,0.1
PanTS_00008001,1,1,32.1648,20-40,2431,8573.38,False,True,1,5,inside,False,isoattenuating,0,False,True,0.996709,0.00244389,-6.01172,-6.01172,0.000440826,0.00244389,-6.01172,-6.01172,0.000376453,64,161,116,64,161,116,3.33289e-05,3.33289e-05,0.00253111,-5.97656,5.63821e-06,-12.0859,0.000535749,-7.53131,0.981524,0.639241,0.639241,0.905199,0.905199,,0.001
PanTS_00008010,1,1,54.5389,>=40,12496,38901.2,False,True,1,5,inside,False,hypoattenuating,0.844136,True,False,1,0.997204,5.87694,5.87695,0.885515,0.997204,5.87694,5.87695,0.783267,296,194,61,296,194,61,0,0,0.997172,5.86525,9.89533e-06,-11.5234,0.992851,4.93359,0.997204,0.123418,0.123418,0.269113,0.269113,0.9,0.9
PanTS_00008045,1,0,11.7655,10-20,654,319.745,False,True,1,1,abutting,False,isoattenuating,0,False,True,0.69419,0.00106496,-6.84375,-6.84375,0.000324325,0.00106496,-6.84375,-6.84375,0.000257745,270,268,76,270,268,76,0.0767758,0.0767758,0.999883,9.05064,1.52664e-05,-11.0898,0.992184,4.84375,0.999883,0.655063,0.655063,0.920489,0.920489,0.001,0.001
PanTS_00008048,1,1,15.5017,10-20,1473,391.198,False,True,1,0.8,inside,False,isoattenuating,0,False,True,1,9.91527e-05,-9.21875,-9.21875,4.60348e-05,0.000138734,-8.88281,-8.88281,4.81876e-05,221,308,111,223,308,113,0.0404274,0.0292144,0.822973,1.53662,1.1345e-05,-11.3867,0.000262212,-8.24609,0.980205,0.848101,0.806962,0.990826,0.990826,,
PanTS_00008059,1,3,57.6275,>=40,88298,34226.2,False,True,1,0.7,inside,False,hyperattenuating,0.465157,True,False,0.942966,0.99402,5.11329,5.11328,0.295987,0.99402,5.11329,5.11328,0.228996,221,140,30,221,140,30,0,0,0.162979,-1.63623,8.13969e-06,-11.7187,0.000932218,-6.97701,0.99402,0.234177,0.234177,0.474006,0.474006,0.9,0.9
PanTS_00008063,1,0,21.1206,20-40,1186,1882.8,False,True,1,2.5,abutting,False,hypoattenuating,0,False,True,0.277403,0.00060471,-7.41016,-7.41016,0.000202138,0.00159785,-6.4375,-6.4375,0.000202544,280,236,165,283,234,164,0.0254714,0.0188563,0.999797,8.49998,1.45673e-05,-11.1367,0.478196,-0.0872696,0.999804,0.674051,0.64557,0.941896,0.917431,,
PanTS_00008072,1,1,56.8815,>=40,2248,7587,False,True,1,1.5,separated,True,hypoattenuating,0.105795,True,False,0,0.983785,4.10547,4.10547,0.0602361,0.983785,4.10547,4.10547,0.0543317,118,83,144,118,83,144,0.00153022,0.00153022,0.996286,5.59181,2.2739e-05,-10.6914,0.0173231,-4.03824,0.996708,0.310127,0.310127,0.587156,0.587156,0.9,0.9
PanTS_00008073,1,4,17.9412,10-20,1161,1684.08,False,True,1,2.5,inside,False,hyperattenuating,0,False,True,1,7.42638e-05,-9.50781,-9.50781,1.46987e-05,0.000127311,-8.96875,-8.96875,1.69714e-05,149,200,39,149,200,40,0.421182,0.329752,0.993686,5.0586,4.45198e-05,-10.0195,0.987179,4.34375,0.997708,0.882911,0.822785,0.993884,0.990826,,
PanTS_00008086,1,0,42.7292,>=40,8611,11609.9,False,True,1,2.5,inside,False,hypoattenuating,0.657192,True,False,0.965045,0.99998,10.8007,10.8008,0.485973,0.99998,10.8007,10.8008,0.3542,268,258,24,268,258,24,0,0,0.125601,-1.94043,2.94802e-06,-12.7344,0.000694597,-7.27148,0.99998,0,0,0,0,0.9,0.9
PanTS_00008091,1,3,19.7231,10-20,954,954,False,True,1,1,inside,False,isoattenuating,0,False,True,1,0.000350069,-7.95703,-7.95703,0.000168874,0.000350069,-7.95703,-7.95703,0.000149716,235,188,322,235,188,322,0.148567,0.148567,0.996476,5.64452,4.33989e-06,-12.3477,0.996146,5.55468,0.996476,0.708861,0.708861,0.966361,0.966361,,
PanTS_00008123,1,4,45.1202,>=40,8527,20329.9,False,True,1,2.5,inside,False,isoattenuating,0.798066,True,False,0.941715,0.997373,5.93946,5.93945,0.661736,0.997373,5.93946,5.93945,0.504708,234,205,46,234,205,46,0,0,0.483199,-0.0672303,9.59089e-06,-11.5547,0.00712148,-4.93749,0.997373,0.113924,0.113924,0.244648,0.244648,0.9,0.9
PanTS_00008131,1,4,24.2164,20-40,667,2045.71,False,False,2,5,inside,False,hypoattenuating,0,False,True,1,3.83787e-05,-10.168,-10.168,1.36492e-05,3.83787e-05,-10.168,-10.168,1.16409e-05,233,230,62,233,230,62,0.0660084,0.0660084,0.981683,3.98145,4.02946e-06,-12.4219,0.000241803,-8.32715,0.997296,0.943038,0.943038,1,1,,
PanTS_00008131,2,4,46.9413,>=40,4036,12378.6,False,True,2,5,inside,False,isoattenuating,0,False,True,0.999504,0.000178131,-8.63281,-8.63281,2.42554e-05,0.000269479,-8.21875,-8.21875,2.28351e-05,286,201,59,288,199,59,0.0166392,0.0090053,0.981683,3.98145,4.02946e-06,-12.4219,0.000241803,-8.32715,0.997296,0.775316,0.737342,0.987768,0.978593,,
PanTS_00008132,1,3,13.7989,10-20,289,671.396,False,False,4,5,separated,True,hypoattenuating,0,False,True,0,0.00122318,-6.70508,-6.70508,0.000596553,0.00122318,-6.70508,-6.70508,0.000515164,123,204,28,123,204,28,0.0426688,0.0426688,0.997973,6.19924,2.02614e-06,-13.1094,0.996331,5.60422,0.997973,0.655063,0.655063,0.920489,0.920489,,0.001
PanTS_00008132,2,3,34.2671,20-40,2340,5436.22,False,True,4,5,separated,True,hypoattenuating,0.221164,True,False,0,0.992169,4.8418,4.8418,0.630756,0.992711,4.91407,4.91406,0.576864,147,233,30,145,235,30,0.0192698,0.0186632,0.997973,6.19924,2.02614e-06,-13.1094,0.996331,5.60422,0.997973,0.265823,0.25,0.519878,0.504587,,0.9
PanTS_00008132,3,3,24.5506,20-40,268,622.609,False,False,4,5,separated,True,hypoattenuating,0,False,True,0,0.00560913,-5.17773,-5.17773,0.000265825,0.00592256,-5.12305,-5.12305,0.00061918,134,185,26,135,184,26,0.0391462,0.0390762,0.997973,6.19924,2.02614e-06,-13.1094,0.996331,5.60422,0.997973,0.598101,0.598101,0.88685,0.88685,,0.003
PanTS_00008132,4,3,34.3213,20-40,832,1932.88,False,False,4,5,separated,True,isoattenuating,0,False,True,0,0.000364009,-7.91797,-7.91797,0.000136571,0.00041407,-7.78906,-7.78906,0.000143703,146,210,24,164,222,23,0.0479179,0.047288,0.997973,6.19924,2.02614e-06,-13.1094,0.996331,5.60422,0.997973,0.708861,0.702532,0.966361,0.963303,,
PanTS_00008180,1,4,34.1048,20-40,5105,13292.7,False,True,1,3,inside,False,hypoattenuating,0.931766,True,False,1,0.99674,5.72267,5.72266,0.936116,0.99674,5.72267,5.72266,0.788021,217,180,74,217,180,74,0,0,0.992781,4.92382,1.55675e-05,-11.0703,0.515225,0.0609174,0.996901,0.142405,0.142405,0.330275,0.330275,0.9,0.9
PanTS_00008184,1,4,30.1612,20-40,2536,827.737,False,True,1,0.625,embedded,False,isoattenuating,0,False,True,1,0.000226049,-8.39453,-8.39453,7.18169e-05,0.000262212,-8.24609,-8.24609,7.08889e-05,242,225,143,234,229,143,0.000474903,0.000145591,0.00207891,-6.17383,7.18326e-06,-11.8437,0.000142579,-8.85547,0.989632,0.753165,0.740506,0.984709,0.978593,,
PanTS_00008205,1,1,26.2956,20-40,3103,1814.81,False,False,3,0.7,separated,True,isoattenuating,0.465457,True,False,0,0.997503,5.99025,5.99023,0.854445,0.997503,5.99025,5.99023,0.625038,238,197,172,238,197,172,0,0,0.997013,5.81053,7.92014e-06,-11.7461,0.992823,4.92969,0.997503,0.10443,0.10443,0.2263,0.2263,0.9,0.9
PanTS_00008205,2,1,21.0707,20-40,1367,799.5,False,False,3,0.7,abutting,False,hypoattenuating,0,False,True,0.610827,0.000810387,-7.11719,-7.11719,0.000327143,0.000810387,-7.11719,-7.11719,0.000247297,283,183,188,283,183,188,0.085417,0.085417,0.997013,5.81053,7.92014e-06,-11.7461,0.992823,4.92969,0.997503,0.664557,0.664557,0.932722,0.932722,,
PanTS_00008205,3,1,25.8558,20-40,3924,2294.98,False,True,3,0.7,inside,False,hypoattenuating,0.237077,True,False,0.823649,0.994719,5.23828,5.23828,0.569471,0.994998,5.29297,5.29297,0.402241,308,189,234,310,189,235,0.00401408,0.00294255,0.997013,5.81053,7.92014e-06,-11.7461,0.992823,4.92969,0.997503,0.21519,0.208861,0.452599,0.446483,,0.9
PanTS_00008231,1,2,42.8233,>=40,1557,4751.59,False,True,2,5,inside,False,isoattenuating,0.413508,True,False,0.987797,0.996462,5.64063,5.64063,0.343473,0.996462,5.64063,5.64063,0.261425,226,118,65,226,118,65,0,0,0.991668,4.7793,2.0543e-05,-10.793,0.72592,0.974018,0.996462,0.158228,0.158228,0.363914,0.363914,0.9,0.9
PanTS_00008231,2,2,32.0693,20-40,1044,3186.04,False,False,2,5,inside,False,isoattenuating,0,False,True,0.989464,9.31459e-05,-9.28125,-9.28125,3.5021e-05,9.31459e-05,-9.28125,-9.28125,2.94724e-05,330,173,71,330,173,71,0.260471,0.260471,0.991668,4.7793,2.0543e-05,-10.793,0.72592,0.974018,0.996462,0.85443,0.85443,0.993884,0.993884,,
PanTS_00008234,1,3,1.6,<5,3,1.80484,True,False,6,0.8,embedded,False,hyperattenuating,0,False,True,1,6.86832e-05,-9.58594,-9.58594,6.76239e-05,0.000194873,-8.54297,-8.54297,7.0817e-05,203,199,166,202,201,166,0.210895,0.144144,0.998559,6.54102,8.83555e-06,-11.6367,0.909462,2.30708,0.998559,0.892405,0.768987,0.993884,0.987768,,
PanTS_00008234,2,3,1.81989,<5,6,3.60967,True,False,6,0.8,embedded,False,hypoattenuating,0,False,True,1,2.80788e-05,-10.4805,-10.4805,2.38051e-05,3.48081e-05,-10.2656,-10.2656,2.27216e-05,205,197,180,204,199,180,0.331163,0.292817,0.998559,6.54102,8.83555e-06,-11.6367,0.909462,2.30708,0.998559,0.962025,0.949367,1,1,,
PanTS_00008234,3,3,2.4,<5,4,2.40645,True,False,6,0.8,inside,False,hypoattenuating,0,False,True,1,1.83429e-05,-10.9063,-10.9063,1.35915e-05,2.21257e-05,-10.7188,-10.7188,1.47038e-05,208,196,183,208,197,181,0.410554,0.377105,0.998559,6.54102,8.83555e-06,-11.6367,0.909462,2.30708,0.998559,0.96519,0.96519,1,1,,
PanTS_00008234,4,3,22.2752,20-40,893,537.24,False,False,6,0.8,abutting,False,hypoattenuating,0,False,True,0.771557,0.000371911,-7.89648,-7.89648,3.32969e-05,0.0112446,-4.47656,-4.47656,6.18179e-05,209,200,150,208,202,152,0.115911,0.0420876,0.998559,6.54102,8.83555e-06,-11.6367,0.909462,2.30708,0.998559,0.708861,0.585443,0.966361,0.87156,,
PanTS_00008234,5,3,17.94,10-20,1092,656.96,False,True,6,0.8,inside,False,isoattenuating,0,False,True,1,5.85194e-05,-9.74609,-9.74609,1.66963e-05,6.10886e-05,-9.70312,-9.70312,1.5749e-05,223,197,183,222,196,183,0.225485,0.221317,0.998559,6.54102,8.83555e-06,-11.6367,0.909462,2.30708,0.998559,0.908228,0.908228,0.993884,0.993884,,
PanTS_00008234,6,3,9.08279,5-10,112,67.3805,False,False,6,0.8,inside,False,hypoattenuating,0,False,True,1,0.241937,-1.14209,-1.14209,0.0959964,0.308972,-0.804932,-0.804932,0.0887492,233,224,145,233,224,147,0.0140569,0.0133632,0.998559,6.54102,8.83555e-06,-11.6367,0.909462,2.30708,0.998559,0.503165,0.5,0.807339,0.801223,0.3,0.1
PanTS_00008238,1,3,85.4888,>=40,127591,87853.3,False,True,1,1.25,abutting,False,hypoattenuating,0.343314,True,False,0.455252,0.997348,5.92968,5.92969,0.221058,0.997348,5.92968,5.92969,0.182652,222,159,100,222,159,100,0,0,0.014227,-4.23828,5.68243e-06,-12.0781,0.000380727,-7.87305,0.997348,0.113924,0.113924,0.244648,0.244648,0.9,0.9
PanTS_00008242,1,1,25.6992,20-40,4450,1408.06,False,False,2,0.8,separated,True,hypoattenuating,0,False,True,0,0.000143137,-8.85156,-8.85156,7.11539e-05,0.000149421,-8.80859,-8.80859,6.13369e-05,191,221,95,192,224,100,0.278521,0.266761,0.278208,-0.953369,5.85194e-05,-9.74609,0.171096,-1.57788,0.997042,0.803797,0.800633,0.990826,0.990826,,
PanTS_00008242,2,1,46.4931,>=40,38046,12038.5,False,True,2,0.8,abutting,False,isoattenuating,0.708667,True,False,0.0921516,0.997042,5.82032,5.82031,0.664556,0.997042,5.82032,5.82031,0.513597,233,248,75,233,248,75,0,0,0.278208,-0.953369,5.85194e-05,-9.74609,0.171096,-1.57788,0.997042,0.132911,0.132911,0.293578,0.293578,0.9,0.9
PanTS_00008266,1,1,20.7608,20-40,1009,2677.56,False,True,1,5,inside,False,hypoattenuating,0.699723,True,False,1,0.996752,5.72658,5.72656,0.994857,0.996752,5.72658,5.72656,0.943393,132,159,67,132,159,67,0,0,0.992626,4.90235,2.02245e-05,-10.8086,0.380818,-0.486076,0.996752,0.142405,0.142405,0.330275,0.330275,0.9,0.9
PanTS_00008273,1,2,53.0687,>=40,7372,29366.2,False,True,1,5,inside,False,hypoattenuating,0,False,True,1,0.00048881,-7.62305,-7.62305,4.75991e-05,0.00048881,-7.62305,-7.62305,3.91329e-05,167,152,28,167,152,28,0.139616,0.139616,0.991015,4.70312,1.45105e-05,-11.1406,0.981464,3.96932,0.991015,0.686709,0.686709,0.948012,0.948012,,
PanTS_00008292,1,3,92.5681,>=40,66601,59817.7,False,True,2,1.25,inside,False,isoattenuating,0.831252,True,False,0.768487,0.996116,5.54689,5.54687,0.787918,0.996116,5.54689,5.54687,0.63936,217,122,66,217,122,66,0,0,0.993574,5.04101,3.74897e-05,-10.1914,0.881506,2.00677,0.996116,0.174051,0.174051,0.40367,0.40367,0.9,0.9
PanTS_00008292,2,3,8.84979,5-10,78,70.0558,False,False,2,1.25,separated,True,hypoattenuating,0,False,True,0,0.0110082,-4.49805,-4.49805,0.00269746,0.264263,-1.02393,-1.02393,0.0126906,230,112,44,231,113,45,0.074445,0.025418,0.993574,5.04101,3.74897e-05,-10.1914,0.881506,2.00677,0.996116,0.588608,0.503165,0.87156,0.807339,,0.01
PanTS_00008298,1,4,35.5446,20-40,6897,11328.1,False,True,1,2.5,inside,False,isoattenuating,0.833008,True,False,1,0.997949,6.18752,6.1875,0.734418,0.997949,6.18752,6.1875,0.568726,238,224,39,238,224,39,0,0,0.93511,2.66797,2.25621e-05,-10.6992,0.00507313,-5.27871,0.997949,0.0822785,0.0822785,0.189602,0.189602,0.9,0.9
PanTS_00008301,1,3,112.918,>=40,213824,147229,False,True,1,1.25,abutting,False,hypoattenuating,0.741717,True,False,0.0796356,0.995198,5.334,5.33398,0.592879,0.995198,5.334,5.33398,0.501354,212,125,58,212,125,58,0,0,0.710277,0.896728,1.67318e-06,-13.3008,0.000595341,-7.42578,0.995198,0.202532,0.202532,0.443425,0.443425,0.9,0.9
PanTS_00008302,1,0,38.8133,20-40,21969,15126.8,False,True,1,1.25,embedded,False,isoattenuating,0.670594,True,False,0.546907,0.999584,7.78331,7.7832,0.748295,0.999584,7.78331,7.7832,0.602047,162,98,126,162,98,126,0,0,0.991828,4.79883,3.91357e-05,-10.1484,0.890485,2.0957,0.999584,0.0379747,0.0379747,0.0733945,0.0733945,0.9,0.9
PanTS_00008303,1,1,33.4942,20-40,4261,10159,False,True,1,2.5,inside,False,hypoattenuating,0.868101,True,False,0.946961,0.997479,5.98049,5.98047,0.796052,0.997479,5.98049,5.98047,0.623033,257,182,45,257,182,45,0,0,0.0764077,-2.49219,9.85675e-06,-11.5273,0.00033217,-8.00953,0.997479,0.10443,0.10443,0.229358,0.229358,0.9,0.9
PanTS_00008317,1,2,32.6157,20-40,10583,2907.33,False,True,1,0.8,embedded,False,isoattenuating,0,False,True,0.842011,0.00238276,-6.03711,-6.03711,0.000577727,0.00268344,-5.91797,-5.91797,0.000455127,265,287,26,259,270,43,0.00279475,0.00238585,0.0150147,-4.18359,4.97571e-06,-12.2109,0.00080974,-7.11799,0.0150147,0.642405,0.632911,0.905199,0.905199,,0.001
PanTS_00008330,1,1,31.1761,20-40,5998,11175.1,False,True,1,2.5,inside,False,hypoattenuating,0,False,True,1,0.00430631,-5.44336,-5.44336,0.00028333,0.00430631,-5.44336,-5.44336,0.00022062,162,175,59,162,175,59,0.0433287,0.0433287,0.995826,5.47461,8.73261e-06,-11.6484,0.984215,4.13281,0.995826,0.607595,0.607595,0.892966,0.892966,0.003,0.003
PanTS_00008339,1,0,9.61224,5-10,304,148.438,False,True,1,0.8,embedded,False,hypoattenuating,0,False,True,0.976974,2.57666e-05,-10.5664,-10.5664,8.81095e-06,4.03779e-05,-10.1172,-10.1172,8.96046e-06,221,276,181,220,274,181,0.0706396,0.041902,0.00124,-6.69141,2.05805e-06,-13.0937,0.000129316,-8.95313,0.178956,0.96519,0.939873,1,1,,
PanTS_00008354,1,3,60.8963,>=40,65133,47968.5,False,True,1,1.25,abutting,False,hypoattenuating,0.553596,True,False,0.65053,0.997099,5.83985,5.83984,0.382696,0.997099,5.83985,5.83984,0.297058,228,141,99,228,141,99,0,0,0.00426463,-5.45313,7.12736e-06,-11.8516,0.000546342,-7.51172,0.997099,0.126582,0.126582,0.284404,0.284404,0.9,0.9
PanTS_00008384,1,4,23.7645,20-40,548,1849.5,False,True,2,1.5,abutting,False,isoattenuating,0.318382,True,False,0.270073,0.995993,5.51563,5.51563,0.651349,0.995993,5.51563,5.51563,0.567446,93,119,39,93,119,39,0,0,0.994456,5.18946,2.25621e-05,-10.6992,0.98943,4.53906,0.995993,0.18038,0.18038,0.412844,0.412844,0.9,0.9
PanTS_00008384,2,4,13.5,10-20,166,560.25,False,False,2,1.5,separated,True,hypoattenuating,0,False,True,0.0301205,0.00139395,-6.57422,-6.57422,9.66613e-05,0.0210647,-3.83887,-3.83887,0.000262207,101,114,69,101,114,68,0.0710366,0.0512383,0.994456,5.18946,2.25621e-05,-10.6992,0.98943,4.53906,0.995993,0.651899,0.582278,0.920489,0.856269,,0.001
PanTS_00008385,1,3,34.5224,20-40,911,2501.06,False,True,1,5,inside,False,isoattenuating,0,False,True,1,0.0220323,-3.79297,-3.79297,0.00107983,0.0470742,-3.00781,-3.00781,0.00155429,214,190,75,213,188,75,0.197508,0.176897,0.995601,5.42187,0.000245369,-8.3125,0.991716,4.78515,0.997663,0.582278,0.556962,0.853211,0.831804,,0.01
PanTS_00008392,1,0,27.4135,20-40,1470,4961.25,False,True,1,1.5,inside,False,hypoattenuating,0.768485,True,False,1,0.998807,6.73045,6.73047,0.623773,0.998807,6.73045,6.73047,0.452678,196,110,81,196,110,81,0,0,0.538498,0.154297,4.09291e-06,-12.4062,0.000625653,-7.37609,0.999468,0.056962,0.056962,0.122324,0.122324,0.9,0.9
PanTS_00008407,1,2,28.4865,20-40,8585,3118.38,False,True,3,0.8,inside,False,isoattenuating,0,False,True,1,0.000560384,-7.48633,-7.48633,0.000193754,0.000560384,-7.48633,-7.48633,0.000160379,206,187,112,206,187,112,0.0520501,0.0520501,0.998172,6.30273,1.95259e-05,-10.8438,0.857828,1.79736,0.998172,0.68038,0.68038,0.944954,0.944954,,
PanTS_00008407,2,2,25.0336,20-40,7180,2608.03,False,False,3,0.8,inside,False,isoattenuating,0,False,True,1,0.00303965,-5.79297,-5.79297,0.00043276,0.00320372,-5.74023,-5.74023,0.000352543,231,233,98,233,236,96,0.0326046,0.032336,0.998172,6.30273,1.95259e-05,-10.8438,0.857828,1.79736,0.998172,0.632911,0.632911,0.905199,0.905199,0.003,0.003
PanTS_00008407,3,2,2.83376,<5,24,8.71765,False,False,3,0.8,embedded,False,hypoattenuating,0,False,True,1,0.000105547,-9.15625,-9.15625,8.66622e-05,0.000118668,-9.03906,-9.03906,7.7042e-05,227,191,95,225,193,96,0.158284,0.139745,0.998172,6.30273,1.95259e-05,-10.8438,0.857828,1.79736,0.998172,0.838608,0.822785,0.990826,0.990826,,
PanTS_00008408,1,0,51.1636,>=40,2433,5782.58,False,True,2,5,inside,False,hypoattenuating,0,False,True,0.977394,0.307774,-0.810547,-0.810547,0.0391226,0.307774,-0.810547,-0.810547,0.0264383,171,195,68,171,195,68,0.000875274,0.000875274,0.949856,2.9414,1.53861e-05,-11.082,0.00537042,-5.22146,0.997668,0.5,0.5,0.801223,0.801223,0.3,0.3
PanTS_00008408,2,0,26.4394,20-40,381,905.533,False,False,2,5,inside,False,hypoattenuating,0,False,True,0.598425,0.0014579,-6.5293,-6.5293,0.0003321,0.00160722,-6.43164,-6.43164,0.000323749,195,187,72,193,186,72,0.0274799,0.0254559,0.949856,2.9414,1.53861e-05,-11.082,0.00537042,-5.22146,0.997668,0.651899,0.64557,0.920489,0.917431,,0.001
PanTS_00008428,1,4,36.2367,20-40,2723,4301.67,False,True,1,2.5,inside,False,isoattenuating,0.510125,True,False,1,0.998335,6.39652,6.39648,0.624919,0.998335,6.39652,6.39648,0.483891,289,201,52,289,201,52,0,0,0.997088,5.83596,5.74942e-06,-12.0664,0.95671,3.09558,0.998335,0.0632911,0.0632911,0.152905,0.152905,0.9,0.9
PanTS_00008434,1,1,40.8894,>=40,2988,9210.07,False,True,1,5,inside,False,isoattenuating,0.168557,True,False,0.993976,0.980876,3.9375,3.9375,0.0982917,0.980876,3.9375,3.9375,0.0681939,270,132,65,270,132,65,0,0,0.503307,0.0132277,9.33219e-06,-11.582,0.0161002,-4.11269,0.992154,0.332278,0.332278,0.617737,0.617737,0.9,0.9
PanTS_00008445,1,0,20.7438,20-40,760,944.557,False,True,1,2.5,inside,False,isoattenuating,0.375675,True,False,1,0.999739,8.24978,8.25,0.677764,0.999739,8.24978,8.25,0.554331,210,242,46,210,242,46,0.000419275,0.000419275,0.999823,8.63668,1.76723e-06,-13.2461,0.986803,4.31445,0.999823,0.028481,0.028481,0.0519878,0.0519878,,0.9
PanTS_00008451,1,0,4.58463,<5,56,27.3438,False,False,10,0.8,embedded,False,hypoattenuating,0,False,True,1,0.000495536,-7.60938,-7.60938,0.000368114,0.000620251,-7.38477,-7.38477,0.000321427,214,216,159,213,214,159,0.0425206,0.0363658,0.856692,1.78809,2.58674e-05,-10.5625,0.0253472,-3.64941,0.927953,0.683544,0.670886,0.948012,0.941896,,
PanTS_00008451,2,0,2.94339,<5,12,5.85938,True,False,10,0.8,embedded,False,hypoattenuating,0,False,True,1,9.91527e-05,-9.21875,-9.21875,7.71733e-05,0.000183068,-8.60547,-8.60547,7.40325e-05,220,218,141,222,217,142,0.23048,0.115855,0.856692,1.78809,2.58674e-05,-10.5625,0.0253472,-3.64941,0.927953,0.848101,0.775316,0.990826,0.987768,,
PanTS_00008451,3,0,2.52396,<5,8,3.90625,True,False,10,0.8,embedded,False,isoattenuating,0,False,True,1,0.00324136,-5.72852,-5.72852,0.00189435,0.0111796,-4.48242,-4.48242,0.0022332,236,231,130,238,232,131,0.0191302,0.0131027,0.856692,1.78809,2.58674e-05,-10.5625,0.0253472,-3.64941,0.927953,0.632911,0.585443,0.905199,0.87156,,0.003
PanTS_00008451,4,0,18.0879,10-20,1146,559.57,False,True,10,0.8,embedded,False,isoattenuating,0.26188,True,False,1,0.826432,1.56055,1.56055,0.260852,0.826432,1.56055,1.56055,0.16828,252,236,131,252,236,131,2.45745e-05,2.45745e-05,0.856692,1.78809,2.58674e-05,-10.5625,0.0253472,-3.64941,0.927953,0.439873,0.439873,0.746177,0.746177,0.7,0.7
PanTS_00008451,5,0,3.26233,<5,20,9.76563,False,False,10,0.8,separated,True,hypoattenuating,0,False,True,0,3.89831e-05,-10.1523,-10.1523,2.15738e-05,6.78831e-05,-9.59766,-9.59766,2.19123e-05,300,146,172,303,146,171,0.418343,0.305942,0.856692,1.78809,2.58674e-05,-10.5625,0.0253472,-3.64941,0.927953,0.939873,0.89557,1,0.993884,,
PanTS_00008451,6,0,23.7961,20-40,746,364.258,False,False,10,0.8,embedded,False,isoattenuating,0,False,True,0.987936,0.000276947,-8.19141,-8.19141,0.000118237,0.000316271,-8.05859,-8.05859,0.000112936,328,171,139,328,169,139,0.0741436,0.0648343,0.856692,1.78809,2.58674e-05,-10.5625,0.0253472,-3.64941,0.927953,0.727848,0.71519,0.978593,0.969419,,
PanTS_00008451,7,0,3.26233,<5,12,5.85938,True,False,10,0.8,embedded,False,isoattenuating,0,False,True,1,7.22608e-05,-9.53516,-9.53516,6.79548e-05,0.000127809,-8.96484,-8.96484,6.22071e-05,317,195,142,317,192,142,0.293132,0.179479,0.856692,1.78809,2.58674e-05,-10.5625,0.0253472,-3.64941,0.927953,0.886076,0.822785,0.993884,0.990826,,
PanTS_00008451,8,0,2.4,<5,4,1.95313,True,False,10,0.8,embedded,False,hypoattenuating,0,False,True,1,7.19791e-05,-9.53906,-9.53906,5.92973e-05,0.000113678,-9.08203,-9.08203,6.20294e-05,322,189,145,321,187,145,0.29375,0.203202,0.856692,1.78809,2.58674e-05,-10.5625,0.0253472,-3.64941,0.927953,0.886076,0.825949,0.993884,0.990826,,
PanTS_00008451,9,0,2.4,<5,4,1.95313,True,False,10,0.8,embedded,False,hypoattenuating,0,False,True,1,7.60248e-05,-9.48438,-9.48437,6.77321e-05,0.000104726,-9.16406,-9.16406,6.39021e-05,324,186,145,323,184,145,0.282453,0.219987,0.856692,1.78809,2.58674e-05,-10.5625,0.0253472,-3.64941,0.927953,0.876582,0.838608,0.993884,0.990826,,
PanTS_00008451,10,0,4.09223,<5,16,7.8125,True,False,10,0.8,embedded,False,isoattenuating,0,False,True,1,7.81321e-05,-9.45703,-9.45703,6.63104e-05,0.00010596,-9.15234,-9.15234,6.73054e-05,326,183,145,328,178,142,0.277241,0.217764,0.856692,1.78809,2.58674e-05,-10.5625,0.0253472,-3.64941,0.927953,0.876582,0.838608,0.993884,0.990826,,
PanTS_00008473,1,3,36.9658,20-40,9221,10105.9,False,True,1,2.5,inside,False,hypoattenuating,0.732938,True,False,1,0.997713,6.07811,6.07813,0.618042,0.997713,6.07811,6.07813,0.488018,233,217,36,233,217,36,0,0,0.996815,5.74608,3.74123e-06,-12.4961,0.00571913,-5.1582,0.997713,0.10443,0.10443,0.217125,0.217125,0.9,0.9
PanTS_00008475,1,2,22.3825,20-40,509,2236.82,False,True,1,5,inside,False,hypoattenuating,0.736927,True,False,1,0.999182,7.10745,7.10742,0.894941,0.999182,7.10745,7.10742,0.756968,189,230,73,189,230,73,0,0,0.982691,4.03906,1.03298e-05,-11.4805,0.0011778,-6.74293,0.999182,0.0537975,0.0537975,0.103976,0.103976,0.9,0.9
PanTS_00008476,1,3,32.1799,20-40,3263,4422.82,False,True,1,2.5,inside,False,hypoattenuating,0.610925,True,False,1,0.998143,6.2871,6.28711,0.883971,0.998143,6.2871,6.28711,0.769388,261,217,49,261,217,49,0,0,0.997493,5.98631,3.5773e-05,-10.2383,0.992364,4.86719,0.998143,0.0727848,0.0727848,0.171254,0.171254,0.9,0.9
PanTS_00008480,1,3,22.7454,20-40,907,2432.76,False,True,1,5,inside,False,isoattenuating,0,False,True,0.871003,0.000193357,-8.55078,-8.55078,6.50542e-05,0.000193357,-8.55078,-8.55078,5.79226e-05,230,241,36,230,241,36,0.169954,0.169954,0.997116,5.84572,1.9756e-05,-10.832,0.886255,2.05304,0.997285,0.768987,0.768987,0.987768,0.987768,,
PanTS_00008512,1,1,56.2721,>=40,14869,37990.4,False,True,2,5,inside,False,isoattenuating,0.844527,True,False,1,0.997363,5.93553,5.93555,0.858496,0.997363,5.93553,5.93555,0.744681,217,146,67,217,146,67,0,0,0.997274,5.90236,4.45198e-05,-10.0195,0.995248,5.34434,0.997363,0.113924,0.113924,0.244648,0.244648,0.9,0.9
PanTS_00008512,2,1,12.0239,10-20,131,334.706,False,False,2,5,inside,False,isoattenuating,0,False,True,1,0.000254147,-8.27734,-8.27734,0.00014215,0.00029137,-8.14063,-8.14062,0.000142081,303,138,73,305,138,73,0.308085,0.296969,0.997274,5.90236,4.45198e-05,-10.0195,0.995248,5.34434,0.997363,0.743671,0.724684,0.984709,0.972477,,
PanTS_00008540,1,3,28.6916,20-40,2856,2966.1,False,True,1,2.5,inside,False,hypoattenuating,0,False,True,1,0.000364009,-7.91797,-7.91797,5.00542e-05,0.000364009,-7.91797,-7.91797,4.65943e-05,281,193,44,281,193,44,0.0244688,0.0244688,0.997429,5.96091,3.62612e-06,-12.5273,0.600763,0.408645,0.997429,0.708861,0.708861,0.966361,0.966361,,
PanTS_00008546,1,3,43.4182,>=40,8293,15311.5,False,True,1,2.5,inside,False,hyperattenuating,0.824336,True,False,1,0.997133,5.85154,5.85156,0.871699,0.997133,5.85154,5.85156,0.732231,212,193,19,212,193,19,0,0,0.996937,5.78515,4.7391e-05,-9.95703,0.976929,3.74584,0.997133,0.123418,0.123418,0.278287,0.278287,0.9,0.9
PanTS_00008574,1,0,31.4369,20-40,15839,4949.69,False,True,1,0.8,inside,False,isoattenuating,0.513598,True,False,1,0.999944,9.78535,9.78516,0.408864,0.999944,9.78535,9.78516,0.269314,260,239,134,260,239,134,0,0,0.998866,6.78126,5.88576e-06,-12.043,0.00970117,-4.62576,0.999944,0,0,0,0,0.9,0.9
PanTS_00008577,1,2,11.7655,10-20,681,332.946,False,True,1,1,embedded,False,isoattenuating,0,False,True,1,6.70922e-05,-9.60937,-9.60937,2.23256e-05,0.0001329,-8.92578,-8.92578,2.13688e-05,240,268,93,237,266,95,0.145104,0.10569,0.999886,9.08161,6.46424e-06,-11.9492,0.881957,2.01109,0.999886,0.89557,0.810127,0.993884,0.990826,,
PanTS_00008581,1,3,18.0129,10-20,2679,1144.59,False,True,1,0.7,inside,False,hypoattenuating,0.680804,True,False,1,0.998355,6.40821,6.4082,0.901064,0.998355,6.40821,6.4082,0.663281,238,225,17,238,225,17,0,0,0.995777,5.46291,5.33816e-06,-12.1406,0.00395809,-5.52803,0.998355,0.0632911,0.0632911,0.152905,0.152905,0.9,0.9
PanTS_00008601,1,1,38.1787,20-40,2923,9741.17,False,True,1,5,inside,False,hypoattenuating,0,False,True,1,0.367951,-0.541016,-0.541016,0.0366746,0.367951,-0.541016,-0.541016,0.0258224,156,155,22,156,155,22,0,0,0.00344969,-5.66602,8.33272e-06,-11.6953,0.000376183,-7.88506,0.367951,0.487342,0.487342,0.788991,0.788991,0.3,0.3
PanTS_00008628,1,1,32.23,20-40,8951,3365.39,False,True,2,0.8,inside,False,hypoattenuating,0.000486796,True,False,1,0.551981,0.208679,0.208679,0.0396191,0.863507,1.84473,1.84473,0.0394741,233,264,143,233,267,142,0.0198974,0.0150277,0.99589,5.49023,7.95114e-06,-11.7422,0.955191,3.05951,0.99589,0.471519,0.427215,0.7737,0.737003,,0.5
PanTS_00008628,2,1,5.57042,5-10,59,22.1828,False,False,2,0.8,inside,False,isoattenuating,0,False,True,1,1.17052e-05,-11.3555,-11.3555,8.04994e-06,1.17052e-05,-11.3555,-11.3555,7.5007e-06,354,217,84,354,217,84,0.432046,0.432046,0.99589,5.49023,7.95114e-06,-11.7422,0.955191,3.05951,0.99589,0.974684,0.974684,1,1,,
PanTS_00008633,1,3,29.0218,20-40,10148,6987.44,False,True,1,1.25,inside,False,hypoattenuating,0.684001,True,False,0.999901,0.996888,5.76952,5.76953,0.512743,0.996888,5.76952,5.76953,0.341017,263,142,68,263,142,68,0,0,0.236516,-1.17188,3.34054e-06,-12.6094,0.000219953,-8.42188,0.996888,0.132911,0.132911,0.318043,0.318043,0.9,0.9
PanTS_00008636,1,1,19.12,10-20,265,523.201,False,False,3,2.5,separated,True,hypoattenuating,0,False,True,0,2.00254e-06,-13.1211,-13.1211,9.52246e-07,2.07419e-06,-13.0859,-13.0859,1.02818e-06,245,239,30,245,242,29,0.891803,0.888999,0.996972,5.79689,3.41349e-05,-10.2852,0.979168,3.8502,0.996972,0.996835,0.996835,1,1,,
PanTS_00008636,2,1,25.6309,20-40,1426,2815.41,False,True,3,2.5,abutting,False,isoattenuating,0.032134,True,False,0.743338,0.728555,0.987305,0.987305,0.0670341,0.753648,1.11816,1.11816,0.0671666,263,204,25,266,205,25,0.0130707,0.0129879,0.996972,5.79689,3.41349e-05,-10.2852,0.979168,3.8502,0.996972,0.452532,0.449367,0.764526,0.75841,,0.7
PanTS_00008636,3,1,14.7269,10-20,406,801.584,False,False,3,2.5,inside,False,hypoattenuating,0,False,True,0.891626,0.0107144,-4.52539,-4.52539,0.00287387,0.0107144,-4.52539,-4.52539,0.00190883,269,200,48,269,200,48,0.0486988,0.0486988,0.996972,5.79689,3.41349e-05,-10.2852,0.979168,3.8502,0.996972,0.588608,0.588608,0.87156,0.87156,0.01,0.01
PanTS_00008646,1,0,32.4846,20-40,1663,5612.62,False,True,1,1.5,separated,True,hypoattenuating,0.326833,True,False,0,0.997713,6.07811,6.07813,0.253944,0.998654,6.60937,6.60937,0.204528,102,108,72,102,107,72,0.00310104,0.00193815,0.999703,8.12105,6.74805e-06,-11.9063,0.979814,3.88236,0.999703,0.10443,0.056962,0.217125,0.134557,,0.9
PanTS_00008650,1,3,36.7337,20-40,7482,8492.9,False,True,1,2.5,inside,False,hyperattenuating,0.60436,True,False,1,0.996406,5.62499,5.625,0.537929,0.996406,5.62499,5.625,0.446413,246,223,37,246,223,37,0,0,0.99482,5.2578,1.88514e-05,-10.8789,0.917229,2.40527,0.996406,0.161392,0.161392,0.366972,0.366972,0.9,0.9
PanTS_00008658,1,4,58.5708,>=40,17294,6839.91,False,True,7,0.8,embedded,False,isoattenuating,0.0664465,True,False,0.645773,0.992259,4.85351,4.85352,0.0817218,0.99251,4.88671,4.88672,0.0934895,221,216,150,218,219,150,0.000253542,3.55848e-05,0.992626,4.90235,1.77092e-05,-10.9414,0.989389,4.53515,0.992626,0.265823,0.256329,0.519878,0.513761,0.03,0.9
PanTS_00008658,2,4,12.1527,10-20,502,198.545,False,False,7,0.8,inside,False,isoattenuating,0.0390521,True,False,1,0.990551,4.65234,4.65234,0.910148,0.991652,4.77734,4.77734,0.78755,217,225,158,218,223,157,0.00530214,0.00145898,0.992626,4.90235,1.77092e-05,-10.9414,0.989389,4.53515,0.992626,0.28481,0.278481,0.541284,0.535168,,0.9
PanTS_00008658,3,4,5.05093,5-10,14,5.53711,True,False,7,0.8,abutting,False,hypoattenuating,0,False,True,1,0.00381705,-5.56445,-5.56445,0.00302424,0.00881317,-4.72266,-4.72266,0.00302453,233,206,134,232,208,135,0.132104,0.104304,0.992626,4.90235,1.77092e-05,-10.9414,0.989389,4.53515,0.992626,0.620253,0.591772,0.896024,0.877676,,0.003
PanTS_00008658,4,4,2.78164,<5,12,4.74609,True,False,7,0.8,abutting,False,isoattenuating,0,False,True,1,0.00329865,-5.71094,-5.71094,0.00215664,0.00560913,-5.17773,-5.17773,0.00217635,238,210,131,237,211,133,0.137348,0.11868,0.992626,4.90235,1.77092e-05,-10.9414,0.989389,4.53515,0.992626,0.632911,0.598101,0.905199,0.88685,,0.003
PanTS_00008658,5,4,8.88288,5-10,77,30.4541,False,False,7,0.8,abutting,False,isoattenuating,0,False,True,1,0.00239673,-6.03125,-6.03125,0.00116045,0.0047552,-5.34375,-5.34375,0.00134694,243,212,134,241,213,135,0.150257,0.124142,0.992626,4.90235,1.77092e-05,-10.9414,0.989389,4.53515,0.992626,0.642405,0.60443,0.905199,0.889908,,0.001
PanTS_00008658,6,4,2.4,<5,4,1.58203,True,False,7,0.8,abutting,False,hyperattenuating,0,False,True,1,0.000327584,-8.02344,-8.02344,0.000269131,0.000416502,-7.7832,-7.7832,0.000251823,259,226,168,257,226,169,0.282374,0.266601,0.992626,4.90235,1.77092e-05,-10.9414,0.989389,4.53515,0.992626,0.712025,0.702532,0.969419,0.963303,,
PanTS_00008658,7,4,2.59784,<5,8,3.16406,True,False,7,0.8,separated,True,hyperattenuating,0,False,True,1,0.000209883,-8.46875,-8.46875,0.000156134,0.000366863,-7.91016,-7.91016,0.000162038,261,225,168,259,226,169,0.309059,0.275146,0.992626,4.90235,1.77092e-05,-10.9414,0.989389,4.53515,0.992626,0.762658,0.708861,0.987768,0.966361,,
PanTS_00008662,1,4,32.313,20-40,5093,7732.5,False,True,1,2.5,inside,False,isoattenuating,0.846072,True,False,1,0.997449,5.96875,5.96875,0.92518,0.997449,5.96875,5.96875,0.781839,205,226,49,205,226,49,0,0,0.996168,5.56055,6.60521e-05,-9.625,0.708614,0.888661,0.997449,0.110759,0.110759,0.238532,0.238532,0.9,0.9
PanTS_00008673,1,0,39.5738,20-40,2828,9613.62,False,True,1,4.00003,inside,False,isoattenuating,0.630549,True,False,1,0.999699,8.10928,8.10938,0.6098,0.999699,8.10928,8.10938,0.514422,248,175,74,248,175,74,0,0,0.998598,6.5684,3.54946e-05,-10.2461,0.977918,3.79066,0.999699,0.028481,0.028481,0.0550459,0.0550459,0.9,0.9
PanTS_00008691,1,0,87.5837,>=40,18293,40084,False,True,2,5,abutting,False,isoattenuating,0,False,True,0.434155,4.66563e-05,-9.97266,-9.97266,8.72801e-06,6.50282e-05,-9.64063,-9.64063,8.48981e-06,167,175,58,213,216,58,0.296289,0.229213,0.999305,7.27143,1.89992e-05,-10.8711,0.984032,4.12109,0.999305,0.920886,0.898734,1,0.993884,,
PanTS_00008691,2,0,31.0377,20-40,1414,3098.39,False,False,2,5,inside,False,hypoattenuating,0,False,True,1,0.0064381,-5.03906,-5.03906,0.00030629,0.0139021,-4.26172,-4.26172,0.000376822,266,180,55,265,178,55,0.0445092,0.0422869,0.999305,7.27143,1.89992e-05,-10.8711,0.984032,4.12109,0.999305,0.598101,0.585443,0.88685,0.865443,,0.003
PanTS_00008699,1,0,19.8242,10-20,549,549,False,True,1,1,inside,False,hypoattenuating,0,False,True,1,0.000478426,-7.64453,-7.64453,0.000170493,0.00048881,-7.62305,-7.62305,0.000149534,218,159,227,217,159,226,0.0558072,0.0549751,0.995327,5.36132,5.33816e-06,-12.1406,0.0198206,-3.90102,0.995327,0.689873,0.686709,0.95107,0.948012,,
PanTS_00008701,1,2,22.935,20-40,1527,2440.73,False,True,1,3.5,inside,False,isoattenuating,0,False,True,1,0.000158436,-8.75,-8.75,6.69211e-05,0.000158436,-8.75,-8.75,5.23367e-05,322,178,80,322,178,80,0.0147582,0.0147582,0.539271,0.15741,1.22191e-05,-11.3125,0.000191852,-8.55859,0.999017,0.791139,0.791139,0.990826,0.990826,,
PanTS_00008711,1,3,37.1754,20-40,4812,11108.5,False,True,1,2.5,inside,False,hyperattenuating,0.139362,True,False,1,0.996406,5.62499,5.625,0.311562,0.996669,5.70118,5.70117,0.305187,237,196,31,235,196,31,0.00547759,0.000521676,0.996864,5.76171,0.000115919,-9.0625,0.996278,5.58983,0.996864,0.161392,0.148734,0.366972,0.342508,,0.9
PanTS_00008721,1,2,23.6785,20-40,1186,1995.18,False,True,1,2.5,inside,False,hypoattenuating,0.179894,True,False,1,0.992199,4.8457,4.8457,0.109301,0.993867,5.0879,5.08789,0.0969973,274,186,50,275,188,50,0.000170579,1.31215e-05,0.994146,5.13476,2.35956e-06,-12.957,5.18457e-05,-9.86719,0.994146,0.265823,0.234177,0.519878,0.480122,,0.9
PanTS_00008722,1,0,22.5557,20-40,1211,2592.17,False,True,1,5,inside,False,isoattenuating,0,False,True,1,0.000196401,-8.53516,-8.53516,7.27169e-05,0.000196401,-8.53516,-8.53516,6.19627e-05,181,230,77,181,230,77,0.014351,0.014351,0.0509881,-2.92383,2.20394e-05,-10.7227,0.000212357,-8.45703,0.988624,0.768987,0.768987,0.987768,0.987768,,
PanTS_00008724,1,2,63.9445,>=40,4509,9028.17,False,True,1,5,inside,False,isoattenuating,0,False,True,0.843646,0.00155481,-6.46484,-6.46484,0.000149726,0.0026678,-5.92383,-5.92383,0.000145782,231,267,74,239,273,74,0.044208,0.0390927,0.999896,9.17149,7.95114e-06,-11.7422,0.991619,4.77342,0.999896,0.64557,0.632911,0.920489,0.905199,,0.001
PanTS_00008726,1,3,22.5426,20-40,1823,2497.27,False,True,1,2.5,inside,False,isoattenuating,0,False,True,1,0.048496,-2.97656,-2.97656,0.00628134,0.048496,-2.97656,-2.97656,0.00436571,253,105,101,253,105,101,0.0788221,0.0788221,0.998125,6.27734,4.88953e-05,-9.92578,0.997013,5.81053,0.998125,0.556962,0.556962,0.831804,0.831804,0.03,0.03
PanTS_00008727,1,3,46.6079,>=40,15064,22188.4,False,True,1,2.5,inside,False,hyperattenuating,0.83392,True,False,1,0.997761,6.0996,6.09961,0.756441,0.997761,6.0996,6.09961,0.605147,253,218,40,253,218,40,0,0,0.99593,5.50001,1.80585e-05,-10.9219,0.206294,-1.34741,0.997761,0.101266,0.101266,0.211009,0.211009,0.9,0.9
PanTS_00008743,1,4,27.9825,20-40,3584,5359.93,False,True,1,2.5,inside,False,hypoattenuating,0,False,True,1,0.299617,-0.849121,-0.849121,0.0206023,0.299617,-0.849121,-0.849121,0.0155861,169,166,40,169,166,40,0,0,0.0558746,-2.82715,4.25595e-06,-12.3672,0.000149421,-8.80859,0.299617,0.503165,0.503165,0.804281,0.804281,0.1,0.1
PanTS_00008763,1,4,35.2555,20-40,7806,12821.1,False,True,1,2.5,inside,False,isoattenuating,0.875764,True,False,1,0.997343,5.92772,5.92773,0.810166,0.997343,5.92772,5.92773,0.627321,239,198,43,239,198,43,0,0,0.993549,5.03711,1.73667e-05,-10.9609,0.0112012,-4.48047,0.997343,0.117089,0.117089,0.244648,0.244648,0.9,0.9
PanTS_00008769,1,4,20.427,20-40,2655,2025.6,False,True,1,0.8,inside,False,isoattenuating,0,False,True,1,0.000134466,-8.91406,-8.91406,3.8648e-05,0.000134466,-8.91406,-8.91406,3.30611e-05,240,141,70,240,141,70,1.08114e-05,1.08114e-05,0.000250208,-8.29297,3.92077e-06,-12.4492,5.54052e-05,-9.80078,0.997513,0.810127,0.810127,0.990826,0.990826,,
PanTS_00008789,1,3,18.2931,10-20,791,1596.22,False,True,1,2.5,inside,False,isoattenuating,0.512068,True,False,1,0.998454,6.47068,6.4707,0.98841,0.998454,6.47068,6.4707,0.932284,209,171,43,209,171,43,0,0,0.997905,6.166,1.9679e-05,-10.8359,0.973826,3.61648,0.998454,0.0601266,0.0601266,0.146789,0.146789,0.9,0.9
PanTS_00008811,1,3,15.1746,10-20,632,959.54,False,True,1,2.5,inside,False,isoattenuating,0.156676,True,False,1,0.992961,4.94922,4.94922,0.743543,0.992961,4.94922,4.94922,0.608239,216,195,26,216,195,26,0,0,0.991422,4.75,2.06234e-05,-10.7891,0.983723,4.10156,0.99494,0.246835,0.246835,0.498471,0.498471,0.9,0.9
PanTS_00008818,1,2,57.458,>=40,4590,18124.5,False,True,1,5,inside,False,hyperattenuating,0.254263,True,False,1,0.998592,6.5644,6.56445,0.157961,0.998592,6.5644,6.56445,0.117484,264,193,23,264,193,23,0,0,0.103749,-2.15625,1.22669e-05,-11.3086,0.0210044,-3.8418,0.999881,0.056962,0.056962,0.137615,0.137615,0.9,0.9
PanTS_00008837,1,4,15.1087,10-20,1022,404.209,False,True,1,0.8,abutting,False,isoattenuating,0,False,True,0.497065,0.00024633,-8.30859,-8.30859,8.53975e-05,0.000369739,-7.90234,-7.90234,9.17581e-05,209,105,62,207,104,62,0.00848308,0.00351874,0.0867867,-2.35352,7.76695e-06,-11.7656,0.000223416,-8.40625,0.369998,0.75,0.708861,0.984709,0.966361,,
PanTS_00008839,1,1,31.9651,20-40,21308,8427.48,False,True,1,0.8,inside,False,isoattenuating,0.105213,True,False,0.977379,0.733833,1.01416,1.01416,0.115726,0.733833,1.01416,1.01416,0.0888528,223,183,40,223,183,40,0,0,0.640186,0.576172,2.28697e-06,-12.9883,0.00577493,-5.14844,0.733833,0.452532,0.452532,0.761468,0.761468,0.7,0.7
PanTS_00008854,1,4,27.7232,20-40,6668,4068.27,False,True,1,0.7,abutting,False,hypoattenuating,0,False,True,0.556539,0.000103506,-9.17578,-9.17578,3.3425e-05,0.000108897,-9.125,-9.125,2.85253e-05,212,215,516,212,214,516,0.00245008,0.00206855,0.00036758,-7.9082,3.13815e-06,-12.6719,6.50282e-05,-9.64063,0.998358,0.838608,0.829114,0.990826,0.990826,,
PanTS_00008885,1,1,21.1714,20-40,1146,1918.73,False,True,2,2.5,separated,True,isoattenuating,0,False,True,0,0.000249233,-8.29688,-8.29688,0.000135307,0.000304159,-8.09766,-8.09766,0.000127241,249,204,45,249,206,45,0.0686208,0.0620849,0.997199,5.87499,1.09104e-05,-11.4258,0.995669,5.43751,0.997242,0.75,0.721519,0.984709,0.969419,,
PanTS_00008885,2,1,21.4861,20-40,497,832.117,False,False,2,2.5,inside,False,hypoattenuating,0.178473,True,False,1,0.997221,5.88279,5.88281,0.971619,0.997221,5.88279,5.88281,0.881873,303,200,46,303,200,46,0,0,0.997199,5.87499,1.09104e-05,-11.4258,0.995669,5.43751,0.997242,0.120253,0.120253,0.266055,0.266055,0.9,0.9
PanTS_00008892,1,1,124.955,>=40,141079,129057,False,True,1,1.25,inside,False,hypoattenuating,0.615074,True,False,0.642647,0.99721,5.87891,5.87891,0.454499,0.99721,5.87891,5.87891,0.387841,286,139,24,286,139,24,0,0,0.994998,5.29297,2.26917e-06,-12.9961,0.785979,1.30086,0.99721,0.120253,0.120253,0.266055,0.266055,0.9,0.9
PanTS_00008913,1,0,18.6465,10-20,1035,1749.46,False,True,1,2.5,inside,False,hypoattenuating,0,False,True,1,2.64808e-05,-10.5391,-10.5391,6.55707e-06,3.21923e-05,-10.3438,-10.3438,6.26809e-06,262,244,50,262,242,50,0.159382,0.134755,0.999873,8.96871,1.71957e-06,-13.2734,0.692395,0.81134,0.999873,0.96519,0.955696,1,1,,
PanTS_00008922,1,3,36.4005,20-40,4218,4218,False,True,2,1,abutting,False,isoattenuating,0,False,True,0.0602181,0.0141451,-4.24414,-4.24414,0.000823598,0.0288435,-3.5166,-3.5166,0.000735229,266,284,48,267,283,47,0.0389298,0.029886,0.991067,4.70899,3.15697e-05,-10.3633,0.170351,-1.58314,0.996733,0.585443,0.566456,0.865443,0.844037,,0.01
PanTS_00008922,2,3,15.4272,10-20,408,408,False,False,2,1,separated,True,isoattenuating,0,False,True,0,0.000218242,-8.42969,-8.42969,3.34924e-05,0.000597669,-7.42188,-7.42188,4.22993e-05,264,293,32,264,293,34,0.208458,0.124028,0.991067,4.70899,3.15697e-05,-10.3633,0.170351,-1.58314,0.996733,0.762658,0.674051,0.987768,0.944954,,
PanTS_00008931,1,2,42.2754,>=40,10165,19024.6,False,True,1,2.5,inside,False,hypoattenuating,0.710076,True,False,0.968224,0.999719,8.1759,8.17578,0.602515,0.999719,8.1759,8.17578,0.490351,244,186,43,244,186,43,0,0,0.998228,6.33402,1.1797e-05,-11.3477,0.975121,3.66855,0.999719,0.028481,0.028481,0.0550459,0.0550459,0.9,0.9
PanTS_00008942,1,3,40.6048,>=40,6922,16503.3,False,True,1,2.5,inside,False,hyperattenuating,0.79176,True,False,1,0.997537,6.00392,6.00391,0.732368,0.997537,6.00392,6.00391,0.595735,262,210,40,262,210,40,0,0,0.996116,5.54689,7.3536e-06,-11.8203,0.44797,-0.208878,0.997537,0.10443,0.10443,0.2263,0.2263,0.9,0.9
PanTS_00008954,1,4,58.6229,>=40,23651,32741.6,False,True,1,2.5,inside,False,isoattenuating,0.65264,True,False,0.909518,0.996153,5.55662,5.55664,0.613263,0.996153,5.55662,5.55664,0.554436,261,144,111,261,144,111,0,0,0.9953,5.35547,2.95955e-06,-12.7305,0.986419,4.28542,0.99699,0.170886,0.170886,0.397554,0.397554,0.9,0.9
PanTS_00008974,1,0,30.0596,20-40,4725,5839.92,False,True,1,2.5,inside,False,hyperattenuating,0.737448,True,False,1,0.999329,7.30674,7.30664,0.659473,0.999329,7.30674,7.30664,0.486896,235,239,19,235,239,19,0,0,0.990292,4.625,4.04523e-06,-12.418,0.299313,-0.850573,0.999329,0.0474684,0.0474684,0.0978593,0.0978593,0.9,0.9
PanTS_00008989,1,0,36.7417,20-40,14262,9597.08,False,True,2,1,inside,False,isoattenuating,0.765677,True,False,0.914178,0.999775,8.39862,8.39844,0.827785,0.999775,8.39862,8.39844,0.611422,282,117,96,282,117,96,0,0,0.999283,7.24024,1.99889e-05,-10.8203,0.96495,3.3153,0.999775,0.0221519,0.0221519,0.0428135,0.0428135,0.9,0.9
PanTS_00008989,2,0,20.87,20-40,3900,2624.36,False,False,2,1,inside,False,isoattenuating,0.636167,True,False,1,0.914749,2.37305,2.37305,0.553273,0.920218,2.44531,2.44531,0.387298,324,134,93,324,135,94,0.0129028,0.0126398,0.999283,7.24024,1.99889e-05,-10.8203,0.96495,3.3153,0.999775,0.408228,0.408228,0.70948,0.706422,0.9,0.9
PanTS_00008994,1,1,13.5205,10-20,715,742.564,False,False,2,2.5,inside,False,hypoattenuating,0,False,True,1,0.00774052,-4.85352,-4.85352,0.00268881,0.00774052,-4.85352,-4.85352,0.00212182,312,225,19,312,225,19,0.011103,0.011103,0.85931,1.80957,1.46815e-05,-11.1289,0.0102478,-4.57039,0.894881,0.594937,0.594937,0.877676,0.877676,0.003,0.003
PanTS_00008994,2,1,18.1278,10-20,879,912.886,False,True,2,2.5,embedded,False,isoattenuating,0.200308,True,False,0.749716,0.882326,2.01465,2.01465,0.20345,0.894881,2.1416,2.1416,0.199408,310,229,29,310,229,30,0,0,0.85931,1.80957,1.46815e-05,-11.1289,0.0102478,-4.57039,0.894881,0.420886,0.414557,0.727829,0.715596,0.7,0.7
PanTS_00008999,1,3,75.9028,>=40,32151,35444.7,False,True,2,2.5,inside,False,isoattenuating,0.0315513,True,False,0.930764,0.843831,1.68701,1.68701,0.0393789,0.843831,1.68701,1.68701,0.0370632,196,111,112,196,111,112,0.0178178,0.0178178,0.99703,5.81639,3.94426e-05,-10.1406,0.986923,4.32373,0.997409,0.433544,0.433544,0.737003,0.737003,0.7,0.7
PanTS_00008999,2,3,26.018,20-40,3637,4009.6,False,False,2,2.5,inside,False,isoattenuating,0.73959,True,False,1,0.997409,5.95313,5.95313,0.966516,0.997409,5.95313,5.95313,0.786451,268,108,120,268,108,120,0,0,0.99703,5.81639,3.94426e-05,-10.1406,0.986923,4.32373,0.997409,0.110759,0.110759,0.24159,0.24159,0.9,0.9
PanTS_00009001,1,4,33.6631,20-40,6484,7574.95,False,True,1,2.5,inside,False,hypoattenuating,0.27362,True,False,1,0.959269,3.15918,3.15918,0.176222,0.959269,3.15918,3.15918,0.131672,170,197,50,170,197,50,0.000262719,0.000262719,0.976647,3.7334,9.66611e-06,-11.5469,0.000463087,-7.67713,0.995609,0.373418,0.373418,0.672783,0.672783,0.9,0.9
PanTS_00009005,1,1,37.2868,20-40,8029,14959.1,False,True,1,2.5,inside,False,hypoattenuating,0.901534,True,False,1,0.997532,6.00193,6.00195,0.897598,0.997532,6.00193,6.00195,0.730639,208,185,37,208,185,37,0,0,0.997042,5.82032,1.16141e-05,-11.3633,0.295019,-0.871133,0.997532,0.10443,0.10443,0.2263,0.2263,0.9,0.9
PanTS_00009008,1,3,14.151,10-20,205,691.875,False,True,1,1.5,inside,False,hypoattenuating,0.670623,True,False,1,0.989347,4.53125,4.53125,0.541857,0.989347,4.53125,4.53125,0.326268,57,79,66,57,79,66,0,0,0.918626,2.42383,2.5513e-06,-12.8789,0.0150274,-4.18274,0.994979,0.300633,0.300633,0.550459,0.550459,0.9,0.9
PanTS_00009009,1,2,55.9288,>=40,34302,49069.4,False,True,1,1.5,abutting,False,hypoattenuating,0.833368,True,False,0.211941,0.998603,6.57223,6.57227,0.868304,0.998603,6.57223,6.57227,0.77865,191,67,95,191,67,95,0,0,0.991439,4.75195,1.63145e-05,-11.0234,0.51295,0.0518126,0.998603,0.056962,0.056962,0.137615,0.137615,0.9,0.9
PanTS_00009020,1,0,41.4975,>=40,26089,16355.5,False,True,1,1.5,inside,False,hypoattenuating,0.872927,True,False,0.956495,0.999605,7.83593,7.83594,0.851621,0.999605,7.83593,7.83594,0.667796,269,93,115,269,93,115,0,0,0.986879,4.32031,5.82913e-05,-9.75,0.0239508,-3.70751,0.999605,0.0348101,0.0348101,0.0703364,0.0703364,0.9,0.9
PanTS_00009037,1,0,102.315,>=40,37832,80720.1,False,True,1,2.5,inside,False,isoattenuating,0.431518,True,False,0.96421,0.999885,9.0743,9.07422,0.296018,0.999885,9.0743,9.07422,0.257261,185,161,170,185,161,170,0,0,0.999188,7.11521,3.41349e-05,-10.2852,0.995056,5.30468,0.999885,0.0126582,0.0126582,0.0152905,0.0152905,0.9,0.9
PanTS_00009041,1,0,16.3231,10-20,403,528.996,False,False,3,2.5,inside,False,isoattenuating,0.226587,True,False,1,0.955734,3.07226,3.07227,0.697445,0.962918,3.25683,3.25684,0.583328,132,150,56,133,152,56,0.00102655,0.000490956,0.992274,4.85547,2.47795e-05,-10.6055,0.870806,1.90811,0.999968,0.376582,0.373418,0.675841,0.672783,,0.9
PanTS_00009041,2,0,32.8408,20-40,5534,7264.18,False,True,3,2.5,inside,False,hypoattenuating,0.813576,True,False,1,0.999968,10.3626,10.3633,0.725547,0.999968,10.3626,10.3633,0.558944,215,241,37,215,241,37,0,0,0.992274,4.85547,2.47795e-05,-10.6055,0.870806,1.90811,0.999968,0,0,0,0,0.9,0.9
PanTS_00009041,3,0,11.8759,10-20,251,329.474,False,False,3,2.5,abutting,False,isoattenuating,0,False,True,0.0956175,6.32743e-05,-9.66797,-9.66797,3.55734e-05,7.45545e-05,-9.50391,-9.50391,3.53935e-05,267,216,42,267,214,42,0.254327,0.221767,0.992274,4.85547,2.47795e-05,-10.6055,0.870806,1.90811,0.999968,0.901899,0.882911,0.993884,0.993884,,
PanTS_00009056,1,3,17.9363,10-20,732,1376.19,False,False,2,2.5,inside,False,hyperattenuating,0,False,True,1,0.371992,-0.523682,-0.523682,0.0818732,0.371992,-0.523682,-0.523682,0.0611291,152,172,60,152,172,60,0.0334554,0.0334554,0.997713,6.07811,4.94716e-05,-9.91406,0.994143,5.13422,0.997713,0.484177,0.484177,0.788991,0.788991,0.3,0.3
PanTS_00009056,2,3,18.5636,10-20,732,1376.19,False,True,2,2.5,inside,False,hyperattenuating,0,False,True,1,0.0265313,-3.60254,-3.60254,0.0039486,0.0265313,-3.60254,-3.60254,0.00312137,261,212,55,261,212,55,0.0606482,0.0606482,0.997713,6.07811,4.94716e-05,-9.91406,0.994143,5.13422,0.997713,0.575949,0.575949,0.850153,0.850153,0.01,0.01
PanTS_00009061,1,3,25.334,20-40,2312,3706.43,False,True,1,2.5,inside,False,hypoattenuating,0,False,True,1,0.172311,-1.56934,-1.56934,0.0244493,0.172311,-1.56934,-1.56934,0.0176142,269,233,71,269,233,71,0.051591,0.051591,0.998326,6.39065,5.727e-06,-12.0703,0.995922,5.49805,0.998326,0.515823,0.515823,0.810398,0.810398,0.1,0.1
PanTS_00009067,1,3,21.4992,20-40,2019,3364.25,False,True,1,2.5,inside,False,isoattenuating,0.395004,True,False,1,0.938576,2.72656,2.72656,0.250868,0.938576,2.72656,2.72656,0.178567,220,207,47,220,207,47,0.000630517,0.000630517,0.982356,4.01953,7.41128e-06,-11.8125,0.00617527,-5.08101,0.99769,0.392405,0.392405,0.681957,0.681957,0.9,0.9
PanTS_00009075,1,2,64.8134,>=40,19406,32027.5,False,True,1,2.5,abutting,False,hypoattenuating,0.623008,True,False,0.824075,0.998073,6.24998,6.25,0.44559,0.998073,6.24998,6.25,0.369725,362,142,67,362,142,67,0,0,0.931275,2.60645,3.21257e-06,-12.6484,0.000223416,-8.40625,0.99986,0.0759494,0.0759494,0.17737,0.17737,0.9,0.9
PanTS_00009079,1,4,26.19,20-40,1806,2263.39,False,True,1,1.5,inside,False,isoattenuating,0.406432,True,False,1,0.995114,5.31642,5.31641,0.57217,0.995263,5.34765,5.34766,0.409887,99,163,74,99,163,73,0.000220411,0.000106866,0.995462,5.39062,4.71091e-06,-12.2656,0.880505,1.99722,0.995669,0.202532,0.196203,0.443425,0.440367,,0.9
PanTS_00009084,1,2,59.594,>=40,66255,58231.9,False,True,1,1,separated,True,hypoattenuating,0,False,True,0,0.000259158,-8.25781,-8.25781,3.55461e-05,0.000259158,-8.25781,-8.25781,3.11063e-05,339,183,64,339,183,64,0.215668,0.215668,0.999872,8.96125,3.09591e-05,-10.3828,0.99705,5.82287,0.999872,0.740506,0.740506,0.978593,0.978593,,
PanTS_00009087,1,0,39.5698,20-40,10944,19343.8,False,True,1,3,abutting,False,hypoattenuating,0.877897,True,False,0.00347222,0.999283,7.24024,7.24023,0.858307,0.999283,7.24024,7.24023,0.73215,236,204,35,236,204,35,0,0,0.0330236,-3.37695,8.88621e-07,-13.9336,7.78275e-05,-9.46094,0.999283,0.0506329,0.0506329,0.0978593,0.0978593,0.9,0.9
PanTS_00009097,1,2,57.1075,>=40,31242,31664.6,False,True,1,2.5,inside,False,isoattenuating,0.295192,True,False,0.830645,0.998054,6.24023,6.24023,0.204429,0.998054,6.24023,6.24023,0.181831,239,127,116,239,127,116,0,0,0.99769,6.06839,1.61245e-05,-11.0352,0.983904,4.11297,0.998054,0.0759494,0.0759494,0.17737,0.17737,0.9,0.9
PanTS_00009121,1,1,52.813,>=40,16077,39741.1,False,True,1,5,inside,False,hypoattenuating,0.852106,True,False,0.999502,0.997155,5.85937,5.85938,0.889535,0.997155,5.85937,5.85938,0.770986,285,237,59,285,237,59,0,0,0.997065,5.82811,6.08504e-05,-9.70703,0.996917,5.77871,0.997155,0.123418,0.123418,0.272171,0.272171,0.9,0.9
PanTS_00009127,1,3,12.8178,10-20,166,333.529,False,True,1,2.5,inside,False,hypoattenuating,0,False,True,0.957831,1.90736e-05,-10.8672,-10.8672,8.70036e-06,2.18679e-05,-10.7305,-10.7305,9.00444e-06,254,184,56,254,182,56,0.246843,0.213343,0.339061,-0.66748,7.15526e-06,-11.8477,0.000144824,-8.83984,0.735357,0.96519,0.96519,1,1,,
PanTS_00009135,1,2,32.1071,20-40,2971,3878.88,False,True,1,2.5,inside,False,hypoattenuating,0.517706,True,False,1,0.971019,3.51172,3.51172,0.355446,0.971019,3.51172,3.51172,0.264958,157,198,30,157,198,30,0.0025194,0.0025194,0.998782,6.70902,2.16131e-05,-10.7422,0.465977,-0.136301,0.998782,0.35443,0.35443,0.64526,0.64526,0.9,0.9
PanTS_00009143,1,4,37.1845,20-40,3055,14567.4,False,True,1,5,inside,False,isoattenuating,0.816274,True,False,0.998363,0.996385,5.61914,5.61914,0.933945,0.996385,5.61914,5.61914,0.847517,157,142,65,157,142,65,0,0,0.995961,5.5078,8.39807e-06,-11.6875,0.988447,4.44922,0.996385,0.161392,0.161392,0.373089,0.373089,0.9,0.9
PanTS_00009151,1,3,27.566,20-40,1332,2083.6,False,True,1,2.5,inside,False,hypoattenuating,0.104584,True,False,1,0.996557,5.66796,5.66797,0.460154,0.996557,5.66796,5.66797,0.406074,188,213,56,188,213,56,0.0266418,0.0266418,0.997752,6.09568,8.02978e-05,-9.42969,0.997226,5.88475,0.997752,0.151899,0.151899,0.357798,0.357798,,0.9
PanTS_00009152,1,0,37.811,20-40,9421,15250.8,False,True,1,2.5,abutting,False,hypoattenuating,0.808463,True,False,0.0950005,0.999901,9.21845,9.21875,0.683231,0.999901,9.21845,9.21875,0.524272,265,208,32,265,208,32,0,0,0.972283,3.55762,3.51456e-06,-12.5586,0.000663859,-7.31678,0.999901,0.00949367,0.00949367,0.0122324,0.0122324,0.9,0.9
PanTS_00009157,1,3,18.5595,10-20,705,861.699,False,True,1,2.5,inside,False,hypoattenuating,0,False,True,1,1.65715e-05,-11.0078,-11.0078,5.12176e-06,1.84147e-05,-10.9023,-10.9023,4.58512e-06,152,176,52,152,179,49,0.120508,0.111874,0.980949,3.94141,2.24273e-06,-13.0078,0.84515,1.69706,0.980949,0.971519,0.96519,1,1,,
PanTS_00009158,1,4,85.1952,>=40,110742,66520.2,False,True,1,1.5,inside,False,hypoattenuating,0.829046,True,False,0.813567,0.995291,5.35351,5.35352,0.752013,0.995291,5.35351,5.35352,0.592911,230,251,5,230,251,5,0,0,0.994667,5.22853,5.99071e-05,-9.72266,0.982083,4.0039,0.995291,0.196203,0.196203,0.437309,0.437309,0.9,0.9
PanTS_00009161,1,0,22.9456,20-40,1016,3429,False,True,1,1.5,inside,False,hypoattenuating,0.566287,True,False,0.991142,0.982014,4,4,0.447783,0.982014,4,4,0.353344,81,135,93,81,135,93,0.0084551,0.0084551,0.999447,7.4999,1.51476e-05,-11.0977,0.96958,3.46177,0.999447,0.325949,0.325949,0.608563,0.608563,0.9,0.9
PanTS_00009168,1,3,60.9467,>=40,31645,51227.1,False,True,1,2.5,inside,False,hypoattenuating,0.873131,True,False,0.978164,0.99576,5.45898,5.45898,0.905193,0.99576,5.45898,5.45898,0.818927,255,254,43,255,254,43,0,0,0.995208,5.33595,4.72062e-05,-9.96094,0.987709,4.38648,0.99576,0.193038,0.193038,0.431193,0.431193,0.9,0.9
PanTS_00009174,1,4,48.4299,>=40,8309,16767.4,False,True,1,2.5,inside,False,isoattenuating,0.585156,True,False,0.99988,0.998081,6.25389,6.25391,0.421348,0.998081,6.25389,6.25391,0.325176,179,165,25,179,165,25,0,0,0.997232,5.88674,1.342e-05,-11.2188,0.00634586,-5.05359,0.998081,0.0759494,0.0759494,0.17737,0.17737,0.9,0.9
PanTS_00009180,1,1,17.6529,10-20,1815,1471.64,False,True,1,2,inside,False,isoattenuating,0,False,True,1,7.39743e-05,-9.51172,-9.51172,4.09924e-05,9.13445e-05,-9.30078,-9.30078,3.70341e-05,272,134,70,275,142,76,0.376423,0.342346,0.41561,-0.34082,3.94426e-05,-10.1406,0.00568591,-5.16406,0.976535,0.882911,0.857595,0.993884,0.993884,,
PanTS_00009181,1,2,10.0116,10-20,150,238.129,False,True,1,2.5,inside,False,hypoattenuating,0,False,True,1,2.89701e-05,-10.4492,-10.4492,1.54017e-05,4.7391e-05,-9.95703,-9.95703,2.0041e-05,238,157,59,243,146,59,0.32785,0.232902,0.153867,-1.70459,1.49127e-05,-11.1133,0.000919984,-6.99023,0.941439,0.962025,0.917722,1,1,,
PanTS_00009182,1,0,37.3568,20-40,3172,5109.95,False,True,1,2.5,inside,False,hypoattenuating,0.719785,True,False,0.661097,0.999784,8.44136,8.44141,0.658367,0.999784,8.44136,8.44141,0.511484,205,192,65,205,192,65,0,0,0.969785,3.46875,2.28697e-06,-12.9883,0.000178131,-8.63281,0.999784,0.0221519,0.0221519,0.0397554,0.0397554,0.9,0.9
PanTS_00009188,1,1,14.5308,10-20,567,839.412,False,True,2,2.5,inside,False,hypoattenuating,0.417677,True,False,1,0.997232,5.88674,5.88672,0.93542,0.997232,5.88674,5.88672,0.781824,274,202,43,274,202,43,0,0,0.997215,5.88086,2.17827e-05,-10.7344,0.910942,2.3252,0.997232,0.120253,0.120253,0.266055,0.266055,0.9,0.9
PanTS_00009188,2,1,9.8414,5-10,136,201.341,False,False,2,2.5,inside,False,hypoattenuating,0,False,True,1,0.365287,-0.55249,-0.55249,0.167785,0.375878,-0.50708,-0.50708,0.132766,293,207,33,293,205,33,0.0251572,0.0247323,0.997215,5.88086,2.17827e-05,-10.7344,0.910942,2.3252,0.997232,0.490506,0.484177,0.792049,0.788991,,0.3
PanTS_00009191,1,3,19.1043,10-20,682,2405.2,False,True,1,5,inside,False,hypoattenuating,0,False,True,0.945748,0.00498227,-5.29687,-5.29687,0.00121251,0.00498227,-5.29687,-5.29687,0.000827671,138,154,32,138,154,32,0.0100816,0.0100816,0.997735,6.08787,7.52799e-06,-11.7969,0.00542087,-5.21206,0.997813,0.60443,0.60443,0.889908,0.889908,0.003,0.003
PanTS_00009199,1,4,21.0116,20-40,426,1895.54,False,True,2,5,inside,False,hypoattenuating,0.0636364,True,False,1,0.649967,0.618896,0.618896,0.109745,0.649967,0.618896,0.618896,0.0767674,175,171,25,175,171,25,0,0,0.0303293,-3.46484,5.33816e-06,-12.1406,0.00034467,-7.97258,0.649967,0.471519,0.471519,0.7737,0.7737,0.5,0.5
PanTS_00009199,2,4,19.2725,10-20,230,1023.42,False,False,2,5,inside,False,hypoattenuating,0,False,True,1,0.000517281,-7.56641,-7.56641,0.000115988,0.000517281,-7.56641,-7.56641,7.94325e-05,212,168,19,212,168,19,0.00833477,0.00833477,0.0303293,-3.46484,5.33816e-06,-12.1406,0.00034467,-7.97258,0.649967,0.683544,0.683544,0.944954,0.944954,,
PanTS_00009222,1,2,23.8881,20-40,892,3044.22,False,True,1,5,inside,False,hypoattenuating,0.669604,True,False,1,0.988313,4.4375,4.4375,0.479802,0.988313,4.4375,4.4375,0.306039,244,199,59,244,199,59,0,0,0.940517,2.76074,3.81501e-06,-12.4766,0.000780904,-7.15428,0.991938,0.303797,0.303797,0.565749,0.565749,0.9,0.9
PanTS_00009227,1,1,22.744,20-40,1382,1953.57,False,True,1,2.5,inside,False,hypoattenuating,0.316834,True,False,1,0.997429,5.96091,5.96094,0.953721,0.997429,5.96091,5.96094,0.876627,252,196,44,249,202,45,0.000413796,0.000413796,0.997513,5.99416,8.53032e-06,-11.6719,0.997077,5.83205,0.997513,0.110759,0.110759,0.24159,0.24159,,0.9
PanTS_00009237,1,2,32.2483,20-40,2495,3582.07,False,True,1,2.5,inside,False,hypoattenuating,0,False,True,0.999198,6.97647e-05,-9.57031,-9.57031,1.80471e-05,6.97647e-05,-9.57031,-9.57031,1.58093e-05,289,192,47,289,192,47,0.00332733,0.00332733,9.83812e-05,-9.22656,4.14116e-06,-12.3945,5.39108e-05,-9.82812,0.995479,0.889241,0.889241,0.993884,0.993884,,
PanTS_00009258,1,1,51.3585,>=40,23128,31348.8,False,True,1,2.5,inside,False,hypoattenuating,0.916928,True,False,0.999827,0.997373,5.93946,5.93945,0.894717,0.997373,5.93946,5.93945,0.788183,135,168,43,135,168,43,0,0,0.996024,5.52344,3.21923e-05,-10.3438,0.0536011,-2.87109,0.997373,0.113924,0.113924,0.244648,0.244648,0.9,0.9
PanTS_00009259,1,1,15.197,10-20,456,796.622,False,True,1,2.5,inside,False,hypoattenuating,0.672825,True,False,1,0.994989,5.29102,5.29102,0.924356,0.994989,5.29102,5.29102,0.76153,330,170,41,330,170,41,0,0,0.984155,4.1289,1.02094e-05,-11.4922,0.0253997,-3.64729,0.995735,0.208861,0.208861,0.446483,0.446483,0.9,0.9
PanTS_00009265,1,3,44.8065,>=40,6845,16254.5,False,True,1,2.5,inside,False,isoattenuating,0.746254,True,False,0.989189,0.99783,6.13084,6.13086,0.644487,0.99783,6.13084,6.13086,0.527444,252,186,29,252,186,29,0,0,0.960137,3.18164,1.49711e-05,-11.1094,0.266548,-1.01221,0.99783,0.101266,0.101266,0.207951,0.207951,0.9,0.9
PanTS_00009281,1,3,27.0483,20-40,6737,3518.28,False,True,1,1,inside,False,hypoattenuating,0.758385,True,False,0.999703,0.998269,6.35744,6.35742,0.930765,0.998269,6.35744,6.35742,0.637423,235,97,27,235,97,27,0,0,0.99492,5.27734,1.50885e-05,-11.1016,0.00176147,-6.33984,0.998269,0.0632911,0.0632911,0.159021,0.159021,0.9,0.9
PanTS_00009286,1,2,15.7388,10-20,1072,1324.95,False,True,1,2.5,inside,False,isoattenuating,0,False,True,1,0.0738297,-2.5293,-2.5293,0.010449,0.0738297,-2.5293,-2.5293,0.00625539,244,262,41,244,262,41,0.00285368,0.00285368,0.176388,-1.54102,4.61979e-06,-12.2852,0.0243643,-3.68997,0.446721,0.550633,0.550633,0.82263,0.82263,0.03,0.03
PanTS_00009287,1,1,7.72811,5-10,62,145.464,False,True,2,2.5,inside,False,hypoattenuating,0,False,True,1,2.61723e-05,-10.5508,-10.5508,1.51347e-05,3.79316e-05,-10.1797,-10.1797,1.7094e-05,211,176,59,211,174,59,0.0575766,0.0276796,0.984898,4.17774,4.63787e-06,-12.2812,6.80424e-05,-9.59531,0.997399,0.96519,0.943038,1,1,,
PanTS_00009287,2,1,7.22605,5-10,44,103.232,False,False,2,2.5,inside,False,hypoattenuating,0,False,True,1,1.02494e-05,-11.4883,-11.4883,7.49866e-06,1.1751e-05,-11.3516,-11.3516,7.63243e-06,221,179,54,223,179,54,0.249823,0.209912,0.984898,4.17774,4.63787e-06,-12.2812,6.80424e-05,-9.59531,0.997399,0.977848,0.974684,1,1,,
PanTS_00009290,1,1,7.72056,5-10,68,130.738,False,True,1,2.5,inside,False,hypoattenuating,0,False,True,1,1.53861e-05,-11.082,-11.082,7.77141e-06,2.10302e-05,-10.7695,-10.7695,8.65532e-06,289,229,46,290,227,46,0.446975,0.384172,0.9963,5.59569,1.18895e-05,-11.3398,0.988919,4.49136,0.9963,0.971519,0.96519,1,1,,
PanTS_00009292,1,1,19.9089,10-20,2854,1672.96,False,True,1,1,inside,False,hypoattenuating,0.150129,True,False,1,0.993487,5.02735,5.02734,0.666259,0.99418,5.14063,5.14062,0.505217,309,138,56,308,140,56,0.0401339,0.0389396,0.997311,5.91603,2.66885e-05,-10.5313,0.997144,5.85545,0.997311,0.234177,0.231013,0.480122,0.474006,,0.9
PanTS_00009301,1,0,14.5656,10-20,284,531.527,False,True,1,2.5,inside,False,hypoattenuating,0,False,True,1,9.31459e-05,-9.28125,-9.28125,4.45925e-05,0.000159679,-8.74219,-8.74219,4.40788e-05,222,166,23,219,169,23,0.051458,0.0199657,0.00428959,-5.44727,9.04507e-06,-11.6133,0.000257142,-8.26563,0.00428959,0.85443,0.791139,0.993884,0.990826,,
PanTS_00009304,1,4,30.0184,20-40,4174,7021.83,False,True,1,2.5,inside,False,hypoattenuating,0.773801,True,False,1,0.997248,5.89258,5.89258,0.98252,0.997248,5.89258,5.89258,0.903744,236,221,54,236,221,54,0,0,0.996949,5.78908,2.02245e-05,-10.8086,0.985407,4.2125,0.997248,0.120253,0.120253,0.262997,0.262997,0.9,0.9
PanTS_00009308,1,4,29.2476,20-40,2192,7445.53,False,True,1,5,inside,False,hypoattenuating,0.0207675,True,False,1,0.604078,0.422485,0.422485,0.0810083,0.604078,0.422485,0.422485,0.0615337,211,229,66,211,229,66,0,0,0.14817,-1.74902,7.82787e-06,-11.7578,0.000974495,-6.93262,0.998214,0.471519,0.471519,0.7737,0.7737,0.5,0.5
PanTS_00009313,1,2,45.4824,>=40,18488,30074,False,True,1,2.5,abutting,False,hypoattenuating,0.853595,True,False,0.1541,0.999292,7.25188,7.25195,0.912126,0.999292,7.25188,7.25195,0.844902,184,209,48,184,209,48,0,0,0.996329,5.60352,3.58387e-06,-12.5391,0.167567,-1.60297,0.999292,0.0506329,0.0506329,0.0978593,0.0978593,0.9,0.9
PanTS_00009317,1,4,31.5701,20-40,15788,8245,False,True,1,1,inside,False,hypoattenuating,0.73991,True,False,1,0.99728,5.90427,5.9043,0.959964,0.99728,5.90427,5.9043,0.851879,235,94,34,235,94,34,0,0,0.996557,5.66796,1.78481e-05,-10.9336,0.878944,1.98247,0.99728,0.120253,0.120253,0.259939,0.259939,0.9,0.9
PanTS_00009319,1,2,44.0518,>=40,8126,12774.1,False,True,1,2.5,abutting,False,hypoattenuating,0.67909,True,False,0.375338,0.999154,7.07425,7.07422,0.62146,0.999154,7.07425,7.07422,0.501253,218,165,51,218,165,51,0,0,0.518996,0.0760192,7.92014e-06,-11.7461,0.00175668,-6.34257,0.999154,0.0537975,0.0537975,0.103976,0.103976,0.9,0.9
PanTS_00009321,1,0,11.6583,10-20,580,388.433,False,True,1,1,inside,False,hypoattenuating,0,False,True,1,1.15898e-06,-13.668,-13.668,5.07334e-07,1.76723e-06,-13.2461,-13.2461,5.58052e-07,347,183,83,344,184,79,0.759609,0.708155,0.999544,7.69327,6.72174e-06,-11.9102,0.186477,-1.47307,0.999544,1,1,1,1,,
PanTS_00009325,1,3,31.4633,20-40,3733,6339.91,False,True,1,2.5,inside,False,hyperattenuating,0,False,True,1,7.00377e-05,-9.56641,-9.56641,2.16699e-05,8.02978e-05,-9.42969,-9.42969,2.04029e-05,174,159,68,169,153,72,0.0403004,0.0312019,0.37605,-0.506348,6.78772e-06,-11.9004,0.000255141,-8.27344,0.994157,0.889241,0.873418,0.993884,0.993884,,
PanTS_00009329,1,4,23.0812,20-40,1351,2187.01,False,True,1,2.5,inside,False,hyperattenuating,0,False,True,1,0.0036006,-5.62305,-5.62305,0.000636724,0.0036006,-5.62305,-5.62305,0.000497043,236,217,55,236,217,55,0.0524346,0.0524346,0.979056,3.84473,7.52799e-06,-11.7969,0.920146,2.44434,0.979056,0.620253,0.620253,0.905199,0.905199,0.003,0.003
PanTS_00009338,1,3,45.0691,>=40,10743,23408.9,False,True,1,2.5,inside,False,hypoattenuating,0.784904,True,False,0.996277,0.997215,5.88086,5.88086,0.643798,0.997215,5.88086,5.88086,0.519313,250,176,183,250,176,183,0,0,0.227126,-1.22461,3.61198e-06,-12.5312,0.000883546,-7.03068,0.997215,0.120253,0.120253,0.266055,0.266055,0.9,0.9
PanTS_00009341,1,0,16.6076,10-20,594,1096.71,False,True,1,2.5,inside,False,isoattenuating,0.411607,True,False,1,0.999816,8.5978,8.59766,0.636984,0.999816,8.5978,8.59766,0.505056,231,187,39,231,187,39,0,0,0.998978,6.88476,1.36313e-05,-11.2031,0.713421,0.912055,0.999816,0.0221519,0.0221519,0.0366972,0.0366972,0.9,0.9
PanTS_00009342,1,1,22.2891,20-40,2616,3564.68,False,True,1,2.5,inside,False,hypoattenuating,0.794837,True,False,0.994266,0.997527,6.00002,6,0.665846,0.997527,6.00002,6,0.466922,263,212,34,263,212,34,0,0,0.0466815,-3.0166,6.74805e-06,-11.9063,0.000166688,-8.69922,0.997527,0.10443,0.10443,0.2263,0.2263,0.9,0.9
PanTS_00009347,1,3,19.4132,10-20,1592,2203.91,False,True,1,2.5,inside,False,hypoattenuating,0.598449,True,False,1,0.997813,6.12303,6.12305,0.987484,0.997813,6.12303,6.12305,0.908968,228,136,32,228,136,32,0,0,0.996984,5.80079,9.00981e-06,-11.6172,0.64383,0.592028,0.997813,0.101266,0.101266,0.211009,0.211009,0.9,0.9
PanTS_00009366,1,2,41.9585,>=40,11269,13756.1,False,True,1,2,inside,False,hypoattenuating,0.728764,True,False,1,0.999603,7.83021,7.83008,0.87475,0.999603,7.83021,7.83008,0.76509,253,129,9,253,129,9,0,0,0.997019,5.81253,3.66213e-05,-10.2148,0.985724,4.23481,0.999603,0.0348101,0.0348101,0.0703364,0.0703364,0.9,0.9
PanTS_00009367,1,4,129.739,>=40,90079,304017,False,True,1,1.5,abutting,False,hypoattenuating,0.00268293,True,False,0.037456,0.856092,1.7832,1.7832,0.00249643,0.856092,1.7832,1.7832,0.00225547,149,120,77,149,120,77,0,0,0.00258594,-5.95508,1.65068e-05,-11.0117,0.000293655,-8.13281,0.998736,0.427215,0.427215,0.737003,0.737003,0.7,0.7
PanTS_00009371,1,3,26.0802,20-40,508,1733.7,False,True,1,5,inside,False,isoattenuating,0.184077,True,False,1,0.997332,5.92384,5.92383,0.94487,0.997404,5.95115,5.95117,0.875258,249,215,54,248,215,54,0.00125262,0.000708003,0.997508,5.99219,2.98896e-05,-10.418,0.996984,5.80079,0.997508,0.117089,0.110759,0.244648,0.24159,,0.9
PanTS_00009373,1,4,71.7465,>=40,9772,38876.1,False,True,1,5,inside,False,isoattenuating,0.30423,True,False,0.759005,0.995497,5.39844,5.39844,0.241282,0.995497,5.39844,5.39844,0.222142,247,147,67,247,147,67,0,0,0.994626,5.2207,3.07783e-05,-10.3887,0.993746,5.06819,0.99696,0.193038,0.193038,0.431193,0.431193,0.9,0.9
PanTS_00009375,1,1,40.2429,>=40,6301,12604.9,False,True,1,2.5,inside,False,isoattenuating,0.734973,True,False,0.999206,0.997636,6.04492,6.04492,0.589987,0.997636,6.04492,6.04492,0.448769,240,201,49,240,201,49,0,0,0.994089,5.12501,4.77627e-05,-9.94922,0.00778565,-4.84766,0.997636,0.10443,0.10443,0.223242,0.223242,0.9,0.9
PanTS_00009382,1,0,28.8877,20-40,10027,5236.42,False,True,1,1,inside,False,isoattenuating,0.546638,True,False,0.982348,0.999787,8.45304,8.45312,0.934772,0.999787,8.45304,8.45312,0.832301,230,99,38,230,99,38,0,0,0.997888,6.15819,4.79496e-05,-9.94531,0.991187,4.72265,0.999787,0.0221519,0.0221519,0.0397554,0.0397554,0.9,0.9
PanTS_00009383,1,0,40.4308,>=40,20127,12617.9,False,True,1,1.5,inside,False,hypoattenuating,0.606549,True,False,0.923983,0.999582,7.77931,7.7793,0.986291,0.999582,7.77931,7.7793,0.938816,262,98,116,262,98,116,0,0,0.997527,6.00002,0.000166038,-8.70312,0.992123,4.83594,0.999582,0.0379747,0.0379747,0.0733945,0.0733945,0.9,0.9
PanTS_00009385,1,1,19.3791,10-20,1035,2790.91,False,True,1,5,inside,False,isoattenuating,0.808976,True,False,1,0.996476,5.64452,5.64453,0.656843,0.996476,5.64452,5.64453,0.452441,259,223,29,259,223,29,0,0,0.99481,5.25586,1.68324e-05,-10.9922,0.989267,4.52367,0.996476,0.158228,0.158228,0.363914,0.363914,0.9,0.9
PanTS_00009386,1,3,41.9452,>=40,3977,10573.8,False,True,1,3,inside,False,hyperattenuating,0.385108,True,False,0.999497,0.954942,3.05371,3.05371,0.280992,0.957437,3.11328,3.11328,0.238775,272,207,43,272,206,43,0.00263823,0.0026008,0.997001,5.80663,1.66363e-05,-11.0039,0.694706,0.822214,0.997508,0.376582,0.373418,0.675841,0.675841,0.9,0.9
PanTS_00009407,1,0,43.7601,>=40,9568,19224.1,False,True,1,2.5,inside,False,hyperattenuating,0.878684,True,False,1,0.999679,8.04291,8.04297,0.838087,0.999679,8.04291,8.04297,0.695079,207,173,17,207,173,17,0,0,0.992154,4.83984,2.84618e-06,-12.7695,0.721757,0.953194,0.999679,0.0316456,0.0316456,0.0611621,0.0611621,0.9,0.9
PanTS_00009408,1,0,51.4277,>=40,19907,42188.4,False,True,1,5,inside,False,hypoattenuating,0.881011,True,False,0.969207,0.998573,6.5508,6.55078,0.866118,0.998573,6.5508,6.55078,0.776286,341,231,67,341,231,67,0,0,0.988928,4.49219,3.1324e-05,-10.3711,0.868877,1.89106,0.999698,0.0601266,0.0601266,0.140673,0.140673,0.9,0.9
PanTS_00009421,1,0,19.2636,10-20,2830,2543.68,False,True,1,2.5,inside,False,isoattenuating,0.817918,True,False,1,0.999484,7.56831,7.56836,0.767356,0.999484,7.56831,7.56836,0.580095,228,236,41,228,236,41,0,0,0.999451,7.5077,9.5535e-06,-11.5586,0.996231,5.57716,0.999484,0.0411392,0.0411392,0.0825688,0.0825688,0.9,0.9
PanTS_00009423,1,3,24.605,20-40,2758,4508.12,False,True,1,2.5,inside,False,hypoattenuating,0.854357,True,False,1,0.998058,6.24217,6.24219,0.743327,0.998058,6.24217,6.24219,0.52049,195,239,57,195,239,57,0,0,0.997269,5.90039,4.54817e-06,-12.3008,0.991187,4.72265,0.998058,0.0759494,0.0759494,0.17737,0.17737,0.9,0.9
PanTS_00009435,1,2,24.782,20-40,2066,4925.72,False,True,1,2.5,inside,False,hypoattenuating,0.753956,True,False,1,0.999922,9.4531,9.45313,0.959541,0.999922,9.4531,9.45313,0.843365,219,152,44,219,152,44,0,0,0.99851,6.50777,9.74192e-06,-11.5391,0.931263,2.60625,0.999922,0.00632911,0.00632911,0.00917431,0.00917431,0.9,0.9
PanTS_00009445,1,1,25.8249,20-40,3116,3851.26,False,True,1,2.5,inside,False,hypoattenuating,0,False,True,1,0.0146157,-4.21094,-4.21094,0.00164323,0.0146157,-4.21094,-4.21094,0.00131676,264,234,33,264,234,33,0.00013741,0.00013741,0.0355444,-3.30078,2.09482e-05,-10.7734,0.00121275,-6.71365,0.992809,0.585443,0.585443,0.862385,0.862385,0.01,0.01
PanTS_00009449,1,1,14.2184,10-20,256,610.351,False,False,2,2.5,inside,False,hypoattenuating,0,False,True,1,0.000221678,-8.41406,-8.41406,6.40701e-05,0.000221678,-8.41406,-8.41406,4.58799e-05,92,164,54,92,164,54,0.126557,0.126557,0.926968,2.54101,1.52664e-05,-11.0898,0.0220734,-3.79106,0.997508,0.753165,0.753165,0.987768,0.987768,,
PanTS_00009449,2,1,53.641,>=40,11350,27060.5,False,True,2,2.5,inside,False,hypoattenuating,0.819631,True,False,0.977533,0.997508,5.99219,5.99219,0.718272,0.997508,5.99219,5.99219,0.579184,170,207,57,170,207,57,0,0,0.926968,2.54101,1.52664e-05,-11.0898,0.0220734,-3.79106,0.997508,0.10443,0.10443,0.2263,0.2263,0.9,0.9
PanTS_00009457,1,4,47.7983,>=40,11410,18560.4,False,True,1,2.5,inside,False,hypoattenuating,0.599619,True,False,0.955302,0.997717,6.08009,6.08008,0.439386,0.997717,6.08009,6.08008,0.329466,255,187,36,255,187,36,0,0,0.996278,5.58983,1.39002e-05,-11.1836,0.0053279,-5.22946,0.997717,0.10443,0.10443,0.214067,0.214067,0.9,0.9
PanTS_00009459,1,2,29.9143,20-40,2249,4058.52,False,True,1,2.5,inside,False,hypoattenuating,0.0028996,True,False,0.927079,0.887497,2.06543,2.06543,0.0164955,0.972493,3.56543,3.56543,0.0155974,200,195,46,202,195,46,0.00375954,0.00215364,0.997981,6.20314,1.84868e-05,-10.8984,0.0488905,-2.96805,0.997981,0.417722,0.351266,0.721713,0.639144,0.003,0.7
PanTS_00009460,1,0,29.4702,20-40,4001,5480.83,False,True,1,2.5,inside,False,isoattenuating,0.739071,True,False,1,0.999842,8.75004,8.75,0.934039,0.999842,8.75004,8.75,0.832787,246,109,102,246,109,102,0,0,0.998581,6.55667,3.7198e-05,-10.1992,0.982645,4.03637,0.999842,0.0189873,0.0189873,0.030581,0.030581,0.9,0.9
PanTS_00009464,1,1,29.3077,20-40,8936,5602.1,False,True,1,1.5,embedded,False,hypoattenuating,0.376332,True,False,0.824642,0.997439,5.96485,5.96484,0.997194,0.997439,5.96485,5.96484,0.985712,267,98,109,267,98,109,0,0,0.997296,5.91015,0.000341295,-7.98242,0.996656,5.69726,0.997439,0.110759,0.110759,0.238532,0.238532,0.9,0.9
PanTS_00009470,1,1,34.3372,20-40,19184,12026.7,False,True,1,1.5,inside,False,hypoattenuating,0.631685,True,False,0.999844,0.997409,5.95313,5.95313,0.996827,0.997409,5.95313,5.95313,0.984561,263,104,116,263,104,116,0,0,0.997166,5.86326,8.02978e-05,-9.42969,0.993843,5.08398,0.997409,0.110759,0.110759,0.24159,0.24159,0.9,0.9
PanTS_00009473,1,2,37.8083,20-40,6418,8243.89,False,True,1,2.5,inside,False,hypoattenuating,0.875203,True,False,1,0.999351,7.33993,7.33984,0.815426,0.999351,7.33993,7.33984,0.677924,294,218,31,294,218,31,0.000732552,0.000732552,0.999775,8.39862,5.01474e-06,-12.2031,0.967701,3.3999,0.999775,0.0443038,0.0443038,0.0948012,0.0948012,0.9,0.9
PanTS_00009478,1,2,68.1457,>=40,24999,41655.8,False,True,1,2.5,inside,False,isoattenuating,0.498126,True,False,0.971039,0.999625,7.88876,7.88867,0.349117,0.999625,7.88876,7.88867,0.306489,276,102,118,276,102,118,0,0,0.9978,6.11717,1.1751e-05,-11.3516,0.953751,3.02637,0.999625,0.0348101,0.0348101,0.0703364,0.0703364,0.9,0.9
PanTS_00009483,1,0,63.0449,>=40,29667,48727,False,True,1,2.5,inside,False,hypoattenuating,0.847077,True,False,1,0.998748,6.68162,6.68164,0.744586,0.998748,6.68162,6.68164,0.622457,206,188,58,206,188,58,0,0,0.981997,3.99902,3.0242e-05,-10.4063,0.00970623,-4.62523,0.998748,0.056962,0.056962,0.125382,0.125382,0.9,0.9
PanTS_00009495,1,2,18.5623,10-20,1592,1164.94,False,True,1,2.5,inside,False,hypoattenuating,0.281365,True,False,1,0.737536,1.0332,1.0332,0.176341,0.737536,1.0332,1.0332,0.124863,265,242,38,265,242,38,0,0,0.520039,0.0802002,9.40539e-06,-11.5742,0.0014432,-6.53945,0.742235,0.452532,0.452532,0.761468,0.761468,0.7,0.7
PanTS_00009504,1,1,53.5534,>=40,17921,29861.7,False,True,1,2.5,inside,False,hypoattenuating,0.789152,True,False,0.999833,0.997242,5.89061,5.89063,0.936809,0.997242,5.89061,5.89063,0.833232,262,186,30,262,186,30,0,0,0.996676,5.70314,4.08538e-05,-10.1055,0.991748,4.78897,0.997242,0.120253,0.120253,0.266055,0.266055,0.9,0.9
PanTS_00009506,1,4,68.1043,>=40,27129,42227.6,False,True,1,2.5,inside,False,isoattenuating,0.00805426,True,False,0.94622,0.99576,5.45898,5.45898,0.00420332,0.996123,5.54881,5.54883,0.00700622,293,213,152,294,212,152,0.00102716,0.000722818,0.997317,5.91796,1.80585e-05,-10.9219,0.000536682,-7.52957,0.998204,0.193038,0.174051,0.431193,0.40367,,0.9
PanTS_00009510,1,3,65.0662,>=40,47360,52450.8,False,True,1,2,inside,False,hyperattenuating,0.563356,True,False,0.983974,0.997337,5.92579,5.92578,0.390035,0.997337,5.92579,5.92578,0.29782,190,184,58,190,184,58,0,0,0.0285442,-3.52734,6.02534e-06,-12.0195,0.00141593,-6.55855,0.997337,0.117089,0.117089,0.244648,0.244648,0.9,0.9
PanTS_00009517,1,1,38.6641,20-40,5747,7707.33,False,True,1,2.5,inside,False,isoattenuating,0.621025,True,False,1,0.997566,6.01563,6.01563,0.510266,0.997566,6.01563,6.01563,0.423125,261,217,48,261,217,48,0,0,0.996972,5.79689,4.17364e-06,-12.3867,0.00540298,-5.21539,0.997566,0.10443,0.10443,0.223242,0.223242,0.9,0.9
PanTS_00009518,1,4,27.7129,20-40,3258,5402.85,False,True,1,2.5,inside,False,hypoattenuating,0.353714,True,False,1,0.943452,2.81445,2.81445,0.219494,0.943452,2.81445,2.81445,0.152863,119,127,60,119,127,60,0,0,0.000723657,-7.23047,2.72647e-06,-12.8125,7.0587e-05,-9.55859,0.997264,0.386076,0.386076,0.681957,0.681957,0.9,0.9
PanTS_00009520,1,3,19.7306,10-20,2320,798.722,False,True,1,0.625,separated,True,hypoattenuating,0,False,True,0,3.10803e-05,-10.3789,-10.3789,1.30691e-05,3.34747e-05,-10.3047,-10.3047,1.24198e-05,322,177,143,326,173,143,0.0981825,0.0896711,0.00728908,-4.91406,4.40824e-06,-12.332,0.000123853,-8.99629,0.944074,0.958861,0.952532,1,1,,
PanTS_00009523,1,3,8.21584,5-10,48,162,False,True,1,1.5,inside,False,hypoattenuating,0,False,True,1,2.0543e-05,-10.793,-10.793,9.04243e-06,2.09482e-05,-10.7734,-10.7734,1.06209e-05,97,113,91,97,112,91,0.0922148,0.0901019,0.000406858,-7.80664,1.77415e-06,-13.2422,0.000108668,-9.12711,0.993397,0.96519,0.96519,1,1,,
PanTS_00009528,1,4,73.7503,>=40,143451,65589.9,False,True,1,0.8,inside,False,hyperattenuating,0.205256,True,False,0.838056,0.997699,6.07225,6.07227,0.114904,0.997699,6.07225,6.07227,0.095724,311,204,17,311,204,17,0,0,0.984002,4.11914,1.08452e-06,-13.7344,0.000193357,-8.55078,0.997699,0.10443,0.10443,0.220183,0.220183,0.9,0.9
PanTS_00009534,1,4,35.8601,20-40,5085,11313.2,False,True,1,2.5,inside,False,isoattenuating,0.888936,True,False,1,0.997617,6.03709,6.03711,0.822877,0.997617,6.03709,6.03711,0.646928,177,201,59,177,201,59,0,0,0.984426,4.14648,4.02946e-06,-12.4219,0.00144094,-6.54102,0.997617,0.10443,0.10443,0.223242,0.223242,0.9,0.9
PanTS_00009544,1,0,35.2875,20-40,10884,9765.31,False,True,1,3,inside,False,isoattenuating,0.59206,True,False,1,0.999913,9.35475,9.35547,0.576299,0.999913,9.35475,9.35547,0.500737,214,149,85,214,149,85,0,0,0.99665,5.69531,0.000159679,-8.74219,0.98703,4.33204,0.999913,0.00632911,0.00632911,0.00917431,0.00917431,0.9,0.9
PanTS_00009545,1,3,54.7795,>=40,10511,21211,False,True,1,2.5,inside,False,hypoattenuating,0.574889,True,False,0.997622,0.996623,5.6875,5.6875,0.814836,0.996623,5.6875,5.6875,0.701132,186,198,54,186,198,54,0,0,0.996517,5.65625,7.67647e-06,-11.7773,0.99622,5.57423,0.996623,0.148734,0.148734,0.345566,0.345566,0.9,0.9
PanTS_00009551,1,2,55.3039,>=40,12918,16502.8,False,True,1,2.5,inside,False,hypoattenuating,0.85025,True,False,0.99311,0.9999,9.21127,9.21094,0.804431,0.9999,9.21127,9.21094,0.660445,269,204,42,269,204,42,0,0,0.994552,5.20704,2.41111e-05,-10.6328,0.977989,3.79395,0.9999,0.00949367,0.00949367,0.0122324,0.0122324,0.9,0.9
PanTS_00009562,1,1,72.8412,>=40,25182,40173.2,False,True,1,2.5,abutting,False,hypoattenuating,0.457731,True,False,0.128504,0.996336,5.60546,5.60547,0.374911,0.996336,5.60546,5.60547,0.346123,301,155,26,301,155,26,0,0,0.991272,4.73242,1.74347e-05,-10.957,0.32517,-0.730112,0.996336,0.164557,0.164557,0.379205,0.379205,0.9,0.9
PanTS_00009567,1,2,77.2318,>=40,16694,56342.2,False,True,1,1.5,separated,True,hypoattenuating,0,False,True,0.00197676,0.0824754,-2.40918,-2.40918,0.00344288,0.0824754,-2.40918,-2.40918,0.00273047,91,99,94,91,99,94,0.0346626,0.0346626,0.988447,4.44922,1.20767e-05,-11.3242,0.898014,2.17535,0.999933,0.541139,0.541139,0.816514,0.816514,0.03,0.03
PanTS_00009569,1,4,23.0515,20-40,1997,3185.84,False,True,1,2.5,inside,False,hyperattenuating,0.575369,True,False,1,0.998266,6.35548,6.35547,0.590578,0.998266,6.35548,6.35547,0.48289,284,196,44,284,196,44,0,0,0.997551,6.00978,1.70308e-05,-10.9805,0.301131,-0.841918,0.998266,0.0632911,0.0632911,0.159021,0.159021,0.9,0.9
PanTS_00009578,1,4,40.4893,>=40,2000,8071.91,False,True,1,5,inside,False,isoattenuating,0.645348,True,False,1,0.997071,5.83009,5.83008,0.812633,0.997071,5.83009,5.83008,0.746333,237,188,52,237,188,52,0,0,0.995793,5.46679,0.000299445,-8.11328,0.918184,2.41793,0.997071,0.126582,0.126582,0.284404,0.284404,0.9,0.9
PanTS_00009584,1,3,9.76477,5-10,63,150.204,False,True,1,2.5,inside,False,hypoattenuating,0,False,True,1,4.46941e-05,-10.0156,-10.0156,2.54829e-05,6.15676e-05,-9.69531,-9.69531,2.55322e-05,226,219,44,228,220,42,0.20555,0.168108,0.997434,5.96292,7.41128e-06,-11.8125,0.994702,5.23503,0.997434,0.920886,0.905063,1,0.993884,,
PanTS_00009608,1,2,22.5132,20-40,3635,4393.43,False,True,1,2.5,inside,False,hypoattenuating,0.830046,True,False,1,0.999983,10.9865,10.9883,0.718383,0.999983,10.9865,10.9883,0.499966,176,207,48,176,207,48,0,0,0.912592,2.3457,1.32637e-05,-11.2305,0.000139277,-8.87891,0.999983,0,0,0,0,0.9,0.9
PanTS_00009612,1,1,35.5155,20-40,4990,6871.77,False,True,1,2.5,inside,False,hyperattenuating,0.592332,True,False,0.968337,0.997498,5.98829,5.98828,0.590487,0.997498,5.98829,5.98828,0.521791,250,234,43,250,234,43,0,0,0.997242,5.89061,1.00512e-05,-11.5078,0.989673,4.56263,0.997498,0.10443,0.10443,0.2263,0.2263,0.9,0.9
PanTS_00009613,1,2,62.1826,>=40,13765,32818.3,False,True,1,2.5,inside,False,hypoattenuating,0.855296,True,False,0.999709,0.999386,7.39444,7.39453,0.775258,0.999386,7.39444,7.39453,0.621674,237,196,35,237,196,35,0,0,0.991985,4.81837,1.9756e-05,-10.832,0.459425,-0.162659,0.999386,0.0411392,0.0411392,0.0917431,0.0917431,0.9,0.9
PanTS_00009620,1,1,25.5441,20-40,852,2875.5,False,True,1,1.5,inside,False,hypoattenuating,0.225995,True,False,0.981221,0.981382,3.96485,3.96484,0.93291,0.981453,3.96875,3.96875,0.919154,108,88,74,113,87,71,0.00155444,0.00155444,0.992408,4.87304,0.000181644,-8.61328,0.937407,2.70646,0.992711,0.329114,0.329114,0.608563,0.608563,0.9,0.9
PanTS_00009635,1,4,34.113,20-40,24990,13050.6,False,True,1,1,inside,False,hypoattenuating,0.837454,True,False,1,0.997166,5.86326,5.86328,0.840063,0.997166,5.86326,5.86328,0.671041,234,102,36,234,102,36,0,0,0.99489,5.27147,1.02494e-05,-11.4883,0.0595911,-2.75881,0.997166,0.123418,0.123418,0.272171,0.272171,0.9,0.9
PanTS_00009640,1,4,42.2531,>=40,7332,10690,False,True,1,2.5,inside,False,isoattenuating,0.851806,True,False,1,0.997242,5.89061,5.89063,0.877926,0.997242,5.89061,5.89063,0.721916,237,194,33,237,194,33,0,0,0.995236,5.34181,6.41393e-06,-11.957,0.293059,-0.880575,0.997242,0.120253,0.120253,0.266055,0.266055,0.9,0.9
PanTS_00009641,1,3,29.66,20-40,3982,6383.65,False,True,1,2.5,inside,False,isoattenuating,0.355068,True,False,0.880211,0.997444,5.96681,5.9668,0.95618,0.997444,5.96681,5.9668,0.879005,266,214,55,266,214,55,0,0,0.996708,5.7129,0.000411651,-7.79492,0.995431,5.38395,0.997444,0.110759,0.110759,0.238532,0.238532,0.9,0.9
PanTS_00009649,1,2,31.119,20-40,1147,5469.32,False,True,1,5,inside,False,isoattenuating,0.310222,True,False,1,0.812198,1.46436,1.46436,0.216002,0.812198,1.46436,1.46436,0.16899,204,220,20,204,220,20,0,0,0.649967,0.618896,6.03625e-07,-14.3203,0.0055324,-5.19159,0.999417,0.446203,0.446203,0.746177,0.746177,0.7,0.7
PanTS_00009652,1,4,33.653,20-40,4769,7132.11,False,True,1,2.5,inside,False,hypoattenuating,0.631152,True,False,0.966031,0.998367,6.416,6.41602,0.502546,0.998367,6.416,6.41602,0.372234,203,169,26,203,169,26,0,0,0.997503,5.99025,1.92232e-05,-10.8594,0.000211529,-8.46094,0.998367,0.0632911,0.0632911,0.152905,0.152905,0.9,0.9
PanTS_00009659,1,2,70.8394,>=40,40980,63787.3,False,True,1,2.5,abutting,False,hypoattenuating,0,False,True,0.024939,0.000129822,-8.94922,-8.94922,1.82572e-05,0.000129822,-8.94922,-8.94922,1.61593e-05,212,186,43,212,186,43,0.0217885,0.0217885,0.000498447,-7.60352,5.42222e-06,-12.125,0.000199431,-8.51984,0.995874,0.816456,0.816456,0.990826,0.990826,,
PanTS_00009666,1,3,20.0201,20-40,543,1372.49,False,True,1,4,inside,False,hypoattenuating,0.763543,True,False,1,0.998352,6.40628,6.40625,0.811705,0.998352,6.40628,6.40625,0.595625,271,221,75,271,221,75,0,0,0.996714,5.71486,7.02957e-07,-14.168,6.16038e-05,-9.69473,0.998352,0.0632911,0.0632911,0.152905,0.152905,0.9,0.9
PanTS_00009687,1,4,23.5869,20-40,1241,2178.15,False,True,1,2.5,inside,False,hypoattenuating,0,False,True,1,0.0771692,-2.48145,-2.48145,0.0053259,0.0771692,-2.48145,-2.48145,0.00338478,242,230,54,242,230,54,0.0180015,0.0180015,0.997527,6.00002,3.00616e-06,-12.7148,0.41351,-0.349472,0.99869,0.547468,0.547468,0.82263,0.82263,0.03,0.03
PanTS_00009726,1,2,80.4915,>=40,112662,147885,False,True,1,2.5,inside,False,hyperattenuating,0.279523,True,False,0.998074,0.995938,5.50197,5.50195,0.161352,0.995938,5.50197,5.50195,0.148276,165,168,43,165,168,43,0,0,0.987923,4.4043,2.35526e-05,-10.6563,0.187274,-1.46782,0.995938,0.18038,0.18038,0.41896,0.41896,0.9,0.9
PanTS_00009731,1,4,36.8097,20-40,6482,9989.9,False,True,1,2.5,inside,False,isoattenuating,0.863291,True,False,1,0.997752,6.09568,6.0957,0.795549,0.997752,6.09568,6.0957,0.597187,213,203,27,213,203,27,0,0,0.990768,4.67578,8.69857e-06,-11.6523,0.0178145,-4.00977,0.997752,0.101266,0.101266,0.211009,0.211009,0.9,0.9
PanTS_00009739,1,0,26.2924,20-40,8141,4675.21,False,True,1,1,inside,False,hypoattenuating,0.666996,True,False,1,0.99985,8.80416,8.80469,0.989455,0.99985,8.80416,8.80469,0.883565,315,200,116,315,200,116,0,0,0.996517,5.65625,9.38764e-05,-9.27344,0.918506,2.42222,0.99985,0.0189873,0.0189873,0.030581,0.030581,0.9,0.9
PanTS_00009752,1,4,28.6367,20-40,4906,5666.13,False,True,1,2.5,inside,False,hypoattenuating,0.476845,True,False,1,0.981841,3.99024,3.99023,0.370615,0.984032,4.12109,4.12109,0.327535,188,219,59,186,218,59,0.00558058,0.00545759,0.997561,6.01367,4.23936e-06,-12.3711,0.935201,2.66947,0.997561,0.329114,0.310127,0.608563,0.587156,0.9,0.9
PanTS_00009760,1,0,59.0992,>=40,16121,23745.3,False,True,1,2.5,inside,False,isoattenuating,0.374307,True,False,0.996278,0.999076,6.98627,6.98633,0.261092,0.999076,6.98627,6.98633,0.229752,207,185,25,207,185,25,0,0,0.990496,4.64648,5.87484e-05,-9.74219,0.952486,2.99805,0.999076,0.0537975,0.0537975,0.103976,0.103976,0.9,0.9
PanTS_00009765,1,0,18.2948,10-20,1728,2112.08,False,True,1,2.5,inside,False,hyperattenuating,0,False,True,1,6.04892e-06,-12.0156,-12.0156,1.80769e-06,6.66943e-06,-11.918,-11.918,1.80338e-06,142,179,130,144,175,131,0.461095,0.429048,0.951006,2.96582,5.31734e-06,-12.1445,0.000102508,-9.18547,0.99924,0.993671,0.993671,1,1,,
PanTS_00009766,1,1,56.2919,>=40,12277,27654.4,False,True,1,2.5,inside,False,hypoattenuating,0.731324,True,False,0.999674,0.996643,5.69336,5.69336,0.638418,0.996643,5.69336,5.69336,0.540144,329,181,173,329,181,173,0,0,0.995056,5.30468,8.53032e-06,-11.6719,0.985828,4.24218,0.996643,0.148734,0.148734,0.342508,0.342508,0.9,0.9
PanTS_00009768,1,0,17.2934,10-20,475,909.18,False,True,1,2.5,inside,False,hypoattenuating,0,False,True,1,1.7299e-05,-10.9648,-10.9648,5.00686e-06,1.7299e-05,-10.9648,-10.9648,5.14187e-06,214,186,30,214,186,30,0.518567,0.518567,0.999941,9.72972,2.13613e-05,-10.7539,0.999221,7.15668,0.999941,0.968354,0.968354,1,1,,
PanTS_00009769,1,1,19.9452,10-20,1333,1894.11,False,True,1,2.5,inside,False,hypoattenuating,0,False,True,1,4.94716e-05,-9.91406,-9.91406,1.49645e-05,5.94409e-05,-9.73047,-9.73047,1.44399e-05,164,182,31,162,181,32,0.0818696,0.0663029,0.941975,2.78711,5.5508e-06,-12.1016,0.000619538,-7.38592,0.948346,0.914557,0.908228,0.996942,0.993884,,
PanTS_00009781,1,3,36.1911,20-40,5966,12249.5,False,True,1,2.5,inside,False,hypoattenuating,0.689868,True,False,1,0.997054,5.82423,5.82422,0.968927,0.997054,5.82423,5.82422,0.910625,292,185,51,285,186,53,2.35788e-05,2.35788e-05,0.997065,5.82811,1.65715e-05,-11.0078,0.995752,5.45702,0.997065,0.129747,0.129747,0.29052,0.29052,,0.9
PanTS_00009784,1,3,30.1461,20-40,14853,7756.71,False,True,1,1,inside,False,hypoattenuating,0.857036,True,False,1,0.997893,6.16017,6.16016,0.915502,0.997893,6.16017,6.16016,0.702251,208,97,89,208,97,89,0,0,0.996759,5.72852,1.52664e-05,-11.0898,0.00962602,-4.63361,0.997893,0.0981013,0.0981013,0.201835,0.201835,0.9,0.9
PanTS_00009787,1,0,39.0323,20-40,9427,20455.5,False,True,1,2.5,inside,False,hypoattenuating,0.939207,True,False,1,0.998542,6.52928,6.5293,0.927775,0.998542,6.52928,6.5293,0.791732,171,199,54,171,199,54,0,0,0.97658,3.73047,1.93336e-06,-13.1562,0.00111384,-6.79883,0.998542,0.0601266,0.0601266,0.143731,0.143731,0.9,0.9
PanTS_00009788,1,1,61.3842,>=40,19763,35450,False,True,1,5,abutting,False,hypoattenuating,0.685756,True,False,0.601528,0.995777,5.46291,5.46289,0.670713,0.995777,5.46291,5.46289,0.607996,363,190,70,363,190,70,0,0,0.957358,3.11133,5.47598e-05,-9.8125,0.729382,0.991489,0.995777,0.193038,0.193038,0.431193,0.431193,0.9,0.9
PanTS_00009790,1,0,48.8357,>=40,9489,16345.5,False,True,1,2.5,inside,False,hypoattenuating,0.672957,True,False,1,0.998636,6.59567,6.5957,0.568372,0.998636,6.59567,6.5957,0.47854,174,139,59,174,139,59,0,0,0.99014,4.60937,8.66465e-06,-11.6562,0.742832,1.06074,0.998636,0.056962,0.056962,0.134557,0.134557,0.9,0.9
PanTS_00009797,1,0,17.102,10-20,930,1349,False,True,1,2.5,inside,False,hypoattenuating,0.674429,True,False,1,0.999877,9.00011,9,0.792577,0.999877,9.00011,9,0.539652,216,197,34,216,197,34,0,0,0.999657,7.97858,7.85851e-06,-11.7539,0.00387648,-5.54894,0.999877,0.0126582,0.0126582,0.0152905,0.0152905,0.9,0.9
PanTS_00009821,1,3,45.4174,>=40,6948,9899.47,False,True,1,1.5,inside,False,isoattenuating,0.205445,True,False,1,0.997735,6.08787,6.08789,0.121954,0.997735,6.08787,6.08789,0.0902837,244,179,27,244,179,27,0,0,0.994303,5.16212,7.67647e-06,-11.7773,0.929556,2.57988,0.997735,0.101266,0.101266,0.214067,0.214067,0.9,0.9
PanTS_00009826,1,3,24.2412,20-40,1533,2223.68,False,True,1,2.5,inside,False,hypoattenuating,0.505471,True,False,0.913894,0.995609,5.42382,5.42383,0.593298,0.995609,5.42382,5.42383,0.493475,271,204,36,271,204,36,0,0,0.992349,4.86524,3.15697e-05,-10.3633,0.223767,-1.24385,0.995609,0.193038,0.193038,0.431193,0.431193,0.9,0.9
PanTS_00009832,1,1,60.9784,>=40,18989,45273.3,False,True,1,2.5,inside,False,hyperattenuating,0.911771,True,False,1,0.997379,5.94142,5.94141,0.850818,0.997379,5.94142,5.94141,0.71661,222,154,20,222,154,20,0,0,0.985552,4.22266,1.56284e-05,-11.0664,0.0389422,-3.20596,0.997379,0.113924,0.113924,0.244648,0.244648,0.9,0.9
PanTS_00009838,1,3,63.4976,>=40,31945,42841.6,False,True,1,2.5,inside,False,hyperattenuating,0.165243,True,False,0.990734,0.998439,6.46095,6.46094,0.0907092,0.998439,6.46095,6.46094,0.0794205,217,166,149,217,166,149,0,0,0.997419,5.95704,1.63784e-05,-11.0195,0.287308,-0.908494,0.998439,0.0601266,0.0601266,0.149847,0.149847,0.9,0.9
PanTS_00009862,1,3,32.3097,20-40,5865,10486.8,False,True,1,2.5,inside,False,hyperattenuating,0.711721,True,False,1,0.997221,5.88279,5.88281,0.732028,0.997221,5.88279,5.88281,0.591196,272,213,48,272,213,48,0,0,0.996406,5.62499,4.82262e-06,-12.2422,0.982122,4.00613,0.997221,0.120253,0.120253,0.266055,0.266055,0.9,0.9
PanTS_00009868,1,4,10.5078,10-20,222,340.441,False,True,1,2.5,inside,False,isoattenuating,0,False,True,1,8.23564e-06,-11.707,-11.707,2.92915e-06,8.59723e-06,-11.6641,-11.6641,2.48662e-06,190,187,71,190,188,71,0.533401,0.521395,0.997122,5.84765,9.29581e-06,-11.5859,0.564103,0.257832,0.997122,0.987342,0.984177,1,1,,
PanTS_00009882,1,1,4.46189,<5,18,34.1462,False,False,2,2.5,inside,False,hypoattenuating,0,False,True,1,0.000194113,-8.54688,-8.54688,0.000170088,0.000242512,-8.32422,-8.32422,0.000175083,254,247,59,257,243,59,0.0820629,0.0653229,0.995694,5.44336,1.29564e-05,-11.2539,0.135448,-1.85362,0.995694,0.768987,0.75,0.987768,0.984709,,
PanTS_00009882,2,1,11.1974,10-20,157,297.831,False,True,2,2.5,inside,False,hypoattenuating,0,False,True,1,0.000204223,-8.49609,-8.49609,9.04965e-05,0.000374096,-7.89062,-7.89062,9.26677e-05,272,245,60,269,246,60,0.0780601,0.0430849,0.995694,5.44336,1.29564e-05,-11.2539,0.135448,-1.85362,0.995694,0.765823,0.708861,0.987768,0.966361,,
PanTS_00009887,1,1,39.098,20-40,7024,10084.3,False,True,1,2.5,embedded,False,hypoattenuating,0,False,True,0.541287,0.248717,-1.10547,-1.10547,0.00309073,0.248717,-1.10547,-1.10547,0.00231554,250,207,46,250,207,46,0,0,0.0065135,-5.02734,1.94498e-05,-10.8477,0.0023058,-6.07002,0.99117,0.503165,0.503165,0.807339,0.807339,0.1,0.1
PanTS_00009892,1,2,22.0403,20-40,1789,2186.64,False,True,1,2.5,inside,False,hypoattenuating,0.687855,True,False,0.868642,0.999934,9.62155,9.62109,0.735361,0.999934,9.62155,9.62109,0.559641,241,224,46,241,224,46,0,0,0.998662,6.61524,6.48954e-06,-11.9453,0.000893306,-7.01969,0.999934,0.00316456,0.00316456,0.00611621,0.00611621,0.9,0.9
PanTS_00009894,1,2,24.7089,20-40,2693,4129.76,False,True,1,2.5,inside,False,hypoattenuating,0.818511,True,False,1,0.998436,6.45897,6.45898,0.743852,0.998436,6.45897,6.45898,0.549214,249,196,31,249,196,31,0.00031692,0.00031692,0.999683,8.05486,3.46007e-06,-12.5742,0.00266211,-5.92597,0.999823,0.0601266,0.0601266,0.149847,0.149847,0.9,0.9
PanTS_00009896,1,3,17.892,10-20,906,1672.76,False,True,1,2.5,inside,False,hypoattenuating,0.0702875,True,False,1,0.623492,0.504395,0.504395,0.117814,0.623492,0.504395,0.504395,0.0707337,182,167,62,182,167,62,0.00182709,0.00182709,0.997645,6.04884,1.12129e-05,-11.3984,0.00278076,-5.88225,0.997739,0.471519,0.471519,0.7737,0.7737,0.5,0.5
PanTS_00009897,1,3,29.4088,20-40,2198,3911.97,False,True,1,2.5,embedded,False,hypoattenuating,0,False,True,0.83576,0.124107,-1.9541,-1.9541,0.0232935,0.124107,-1.9541,-1.9541,0.0151076,203,170,44,203,170,44,0,0,0.000788546,-7.14453,2.05805e-06,-13.0937,4.08538e-05,-10.1055,0.465205,0.531646,0.531646,0.813456,0.813456,0.1,0.1
PanTS_00009901,1,3,33.993,20-40,4437,9171.67,False,True,1,3,inside,False,isoattenuating,0.519951,True,False,1,0.996796,5.74024,5.74023,0.996139,0.996815,5.74608,5.74609,0.990296,283,161,115,288,149,115,5.88097e-05,1.96032e-05,0.996821,5.74806,1.94498e-05,-10.8477,0.99635,5.60939,0.996821,0.139241,0.139241,0.324159,0.324159,,0.9
