case_id,lesion_id,gt_vox,n_core,core_fallback,core_min_depth_mm,max_depth_mm,tumor_whole_median,tumor_core_median,tumor_core_trim,ref_global_median,ref_global_trim,n_ref_global,ref_local_median,ref_local_trim,n_ref_local,dHU_v2,dHU_whole_global,dHU_core_global,dHU_coretrim_global,dHU_core_local,dHU_coretrim_local,sigma_hu,n_sigma,cnr,attenuation_v2,attenuation_v3,attenuation_v3_local,attenuation_v3_trim
PanTS_00000003,1,1055,226,False,0.8184,4.092,91,91,91.47,77,74.49,11787,82,80.59,4136,14,14,14,16.98,9,10.89,7.625,9888,1.836,hyper,hyper,iso,hyper
PanTS_00000026,1,7244,2283,False,0.6289,6.78,81,82,82.94,80,79.96,32284,81,80.62,7824,0,1,2,2.974,1,2.313,5.967,28169,0.3352,iso,iso,iso,iso
PanTS_00000029,1,1613,625,False,0.8496,5,72,57,57.3,90,87.06,41837,80,71.61,2624,-17,-18,-33,-29.77,-23,-14.31,16.58,37198,-1.991,hypo,hypo,hypo,hypo
PanTS_00000031,1,337,40,True,0,0,55,56,58.21,98,97.58,36561,91,91.42,1888,-43,-43,-42,-39.37,-35,-33.21,8.288,31758,-5.068,hypo,hypo,hypo,hypo
PanTS_00000031,2,203,40,True,0,0,94,85.5,84.21,98,97.58,36561,104,104.5,2205,-4,-4,-12.5,-13.37,-18.5,-20.3,8.288,31758,-1.508,iso,hypo,hypo,hypo
PanTS_00000035,1,937,125,False,0.75,3.182,87,93,92.2,78,77.12,47384,80,76.04,7747,9,9,15,15.08,13,16.16,7.293,42666,2.057,iso,hyper,hyper,hyper
PanTS_00000036,1,82,40,True,0,0,0,7.5,8.792,12,13.09,2129,3,2.475,1023,-12,-12,-4.5,-4.3,4.5,6.317,26.69,1234,-0.1686,hypo,iso,iso,iso
PanTS_00000040,1,3459,1444,False,0.7812,3.455,22,22,23.16,31,30.86,44167,,,0,-9,-9,-9,-7.701,,,50.39,37998,-0.1786,iso,iso,unknown,iso
PanTS_00000042,1,3263,1714,False,0.8652,7.103,123,117,118.3,125,123.7,23496,142,141.6,10129,-1,-2,-8,-5.466,-25,-23.29,15.91,18292,-0.5027,iso,iso,hypo,iso
PanTS_00000047,1,12539,6090,False,0.7812,4,-3,-3,-2.38,-8,-8.93,187923,-4,-4.436,43666,6,5,5,6.55,1,2.056,31.83,167508,0.1571,iso,iso,iso,iso
PanTS_00000047,2,369,47,False,0.7812,0.7812,-8,-20,-17.14,-8,-8.93,187923,-11,-10.71,17453,1,0,-12,-8.208,-9,-6.428,31.83,167508,-0.3771,iso,hypo,iso,iso
PanTS_00000049,1,7109,4159,False,0.8203,7.893,14,13,14.04,71,68.23,69511,64,60.43,10231,-57,-57,-58,-54.2,-51,-46.39,23.54,63323,-2.464,hypo,hypo,hypo,hypo
PanTS_00000050,1,3210,947,False,0.9766,3.736,24,28,28.49,37,36.79,18289,37,40.24,869,-13,-13,-9,-8.306,-9,-11.76,16.24,14411,-0.554,hypo,iso,iso,iso
PanTS_00000050,2,1768,642,False,0.9766,2.516,60,67,67.13,37,36.79,18289,51,50.37,3764,23,23,30,30.34,16,16.77,16.24,14411,1.847,hyper,hyper,hyper,hyper
PanTS_00000074,1,320,40,True,0,1.987,-2.5,6,4.75,-34,-34.22,17688,-37,-37.66,2438,31.5,31.5,40,38.97,43,42.41,13.26,14867,3.016,hyper,hyper,hyper,hyper
PanTS_00000084,1,2686,1247,False,0.7812,5,82,68,67.78,110,105.8,71444,120,119.6,14989,-28,-28,-42,-38.02,-52,-51.8,18.23,64327,-2.303,hypo,hypo,hypo,hypo
PanTS_00000086,1,6556,3487,False,0.7012,6.271,100,99,99.77,95,94.02,75270,102,100,19830,5,5,4,5.75,-3,-0.2679,10.61,68178,0.3771,iso,iso,iso,iso
PanTS_00000091,1,3361,1231,False,0.5449,3.38,38,35,34.56,46,45.73,108275,46,45.3,23772,-8,-8,-11,-11.16,-11,-10.74,4.31,96764,-2.552,iso,hypo,hypo,hypo
PanTS_00000091,2,1203,235,False,0.5449,1.635,37,34,34.55,46,45.73,108275,43,43.81,10569,-9,-9,-12,-11.18,-9,-9.261,4.31,96764,-2.784,iso,hypo,iso,hypo
PanTS_00000099,1,220,52,False,0.6172,0.8,22,10,8.562,26,26.2,222856,30,29.64,23778,-4,-4,-16,-17.64,-20,-21.07,28.84,202115,-0.5547,iso,hypo,hypo,hypo
PanTS_00000099,2,14298,9320,False,0.6172,5.309,-20,-24,-22.82,26,26.2,222856,29,29.04,72187,-46,-46,-50,-49.02,-53,-51.85,28.84,202115,-1.734,hypo,hypo,hypo,hypo
PanTS_00000100,1,635,55,False,0.766,2.762,78,77,76.67,81,81.29,12883,81,79.18,1356,-3,-3,-4,-4.62,-4,-2.51,4.641,10983,-0.8618,iso,iso,iso,iso
PanTS_00000100,2,239,40,True,0,0,21,21,21.79,81,81.29,12883,,,0,-60,-60,-60,-59.5,,,4.641,10983,-12.93,hypo,hypo,unknown,hypo
PanTS_00000113,1,317,40,True,0,1.088,48,51,49.25,77,77.69,22398,77,76.29,823,-29,-29,-26,-28.44,-26,-27.04,5.967,19389,-4.357,hypo,hypo,hypo,hypo
PanTS_00000117,1,4744,2191,False,0.8066,6.005,33,25,25.37,68,65.28,94963,81,79.64,18843,-34,-35,-43,-39.92,-56,-54.27,15.25,85721,-2.82,hypo,hypo,hypo,hypo
PanTS_00000128,1,17232,8563,False,0.8184,10.92,60,52,52.99,54,51.05,32341,68,66.63,14778,3,6,-2,1.94,-16,-13.64,10.94,25772,-0.1828,iso,iso,hypo,iso
PanTS_00000162,1,1639,595,False,0.959,5,100,98,97.55,94,90.79,33636,117,116.4,7015,13,6,4,6.76,-19,-18.84,12.93,27705,0.3094,hyper,iso,hypo,iso
PanTS_00000164,1,1772,453,False,0.7129,4.99,73,73,73.32,81,79.76,29437,76,75.21,5535,-7,-8,-8,-6.437,-3,-1.893,8.62,25268,-0.9281,iso,iso,iso,iso
PanTS_00000167,1,1296,476,False,0.8184,4.795,85,81,81.09,95,94.96,60346,97,96.6,5162,-9,-10,-14,-13.87,-16,-15.51,10.94,50999,-1.28,iso,hypo,hypo,hypo
PanTS_00000180,1,93,40,True,0,0,25,25,23.25,73,70.82,18485,38,38.07,1017,-47,-48,-48,-47.57,-13,-14.82,10.28,15660,-4.671,hypo,hypo,hypo,hypo
PanTS_00000199,1,779,131,False,0.752,2.5,121,121,122.6,136,132.4,26649,134,131.4,3821,-9,-15,-15,-9.861,-13,-8.786,8.951,21933,-1.676,iso,hypo,hypo,iso
PanTS_00000220,1,784,166,False,1.5,3,30.5,21,22.31,47,47.37,11953,,,0,-16.5,-16.5,-26,-25.06,,,98.46,9329,-0.2641,hypo,hypo,unknown,hypo
PanTS_00000231,1,1256,401,False,0.8984,4.492,103,107,107.2,97,96.19,21984,94,94.36,5558,9,6,10,11.05,13,12.88,13.26,17903,0.7541,iso,iso,hyper,hyper
PanTS_00000246,1,264178,233635,False,0.8906,29.52,14,14,13.6,83,82.27,73643,95,94.95,13379,-75,-69,-69,-68.67,-81,-81.35,21.22,63266,-3.252,hypo,hypo,hypo,hypo
PanTS_00000251,1,555,40,True,0,0,77,79,77.46,78,77.74,32948,86,84.98,4589,-1,-1,1,-0.2857,-7,-7.521,12.6,28980,0.07938,iso,iso,iso,iso
PanTS_00000252,1,11873,7753,False,0.7812,5.469,38,40,40.66,40,40.28,131723,44,42.5,24251,-2,-2,0,0.3814,-4,-1.842,64.31,115212,0,iso,iso,iso,iso
PanTS_00000252,2,997,357,False,0.7812,2.344,20,18,17.79,40,40.28,131723,36,35.54,8795,-20,-20,-22,-22.49,-18,-17.76,64.31,115212,-0.3421,hypo,hypo,hypo,hypo
PanTS_00000259,1,474,63,False,0.668,2.004,69,69,68.36,55,56.01,70020,63,63.77,6970,14,14,14,12.34,6,4.589,11.6,61561,1.207,hyper,hyper,iso,hyper
PanTS_00000259,2,5116,2115,False,0.668,5.974,51,53,53.84,55,56.01,70020,50,51.32,9673,-4,-4,-2,-2.175,3,2.517,11.6,61561,-0.1724,iso,iso,iso,iso
PanTS_00000270,1,23437,17025,False,0.7422,9.818,41,44,44.21,37,36.38,16904,36,35.84,5267,,4,7,7.83,8,8.37,17.24,13472,0.4061,unknown,iso,iso,iso
PanTS_00000290,1,1149,445,False,1.5,4.743,60,61,61.5,59,57.93,19496,63,61.76,3855,1,1,2,3.571,-2,-0.2625,15.91,14662,0.1257,iso,iso,iso,iso
PanTS_00000352,1,5080,2691,False,0.873,6.344,77,78,78.05,77,74.46,36348,82,80.11,7186,1,0,1,3.59,-4,-2.056,15.25,31494,0.06557,iso,iso,iso,iso
PanTS_00000363,1,17647,12366,False,0.7422,9.805,65,65,64.76,92,91.81,121062,94,93.39,24880,-27,-27,-27,-27.05,-29,-28.63,13.26,105868,-2.036,hypo,hypo,hypo,hypo
PanTS_00000368,1,5702,2623,False,0.6836,2.591,34,31,32,47,46.82,210814,47,46.47,54270,-13,-13,-16,-14.82,-16,-14.48,15.91,191899,-1.005,hypo,hypo,hypo,hypo
PanTS_00000371,1,944,210,False,0.7031,1.35,77,86,86.59,64,63.64,110184,64,63.31,15955,14,13,22,22.95,22,23.28,16.58,92428,1.327,hyper,hyper,hyper,hyper
PanTS_00000416,1,6458,4163,False,0.7812,6.102,27,27,26.93,40,39.72,164152,40,40.25,32343,-13,-13,-13,-12.79,-13,-13.32,30.5,141331,-0.4262,hypo,hypo,hypo,hypo
PanTS_00000423,1,1588,639,False,0.9277,5.085,106,107,107.4,111,109.9,13155,116,116,2832,-4,-5,-4,-2.518,-9,-8.63,8.62,10735,-0.4641,iso,iso,iso,iso
PanTS_00000449,1,22847,14666,False,0.7812,16.86,111,111,111.8,98,97.69,14342,108,109.7,709,13,13,13,14.14,3,2.126,11.93,12449,1.089,hyper,hyper,iso,hyper
PanTS_00000451,1,132,40,True,0,0,55,49.5,48.29,43,43.11,20364,51,50.74,3555,11,12,6.5,5.186,-1.5,-2.451,17.57,15149,0.3699,hyper,iso,iso,iso
PanTS_00000463,1,215,40,True,0,0,60,67.5,68.58,56,54.87,17997,64,61.57,5115,3,4,11.5,13.71,3.5,7.01,12.93,15610,0.8895,iso,hyper,iso,hyper
PanTS_00000465,1,54150,40608,False,0.8711,12.61,30,33,32.64,64,63.22,30209,64,64.04,20664,-30,-34,-31,-30.58,-31,-31.4,22.21,23865,-1.396,hypo,hypo,hypo,hypo
PanTS_00000465,2,23814,17003,False,0.8711,10.15,56,59,58.73,64,63.22,30209,64,63.89,7290,-4,-8,-5,-4.49,-5,-5.159,22.21,23865,-0.2251,iso,iso,iso,iso
PanTS_00000482,1,616,106,False,0.8,1.812,30,39,35.55,31,31.3,160747,38,36.9,15081,-1,-1,8,4.244,1,-1.354,40.45,141165,0.1978,iso,iso,iso,iso
PanTS_00000485,1,1272,468,False,0.8789,4.489,98,117,117.9,17,15.19,29844,-4,-4.645,3357,81,81,100,102.7,121,122.6,14.26,25465,7.015,hyper,hyper,hyper,hyper
PanTS_00000488,1,477,40,True,0,0,68,55,56.29,78,78.09,34686,84,83.14,5641,-10,-10,-23,-21.8,-29,-26.85,10.61,30542,-2.168,iso,hypo,hypo,hypo
PanTS_00000554,1,23632,15876,False,0.7676,7.823,34,28,27.67,78,77.96,139234,79,78.53,32733,-44,-44,-50,-50.3,-51,-50.87,15.25,124587,-3.279,hypo,hypo,hypo,hypo
PanTS_00000557,1,690,164,False,0.625,1.015,14,17,17.38,30,30.79,221223,30,29.23,34373,-17,-16,-13,-13.41,-13,-11.85,22.87,202018,-0.5683,hypo,hypo,hypo,hypo
PanTS_00000557,2,229,40,True,0,0.8,25,0.5,0.3333,30,30.79,221223,29,29.11,23459,-6,-5,-29.5,-30.46,-28.5,-28.78,22.87,202018,-1.29,iso,hypo,hypo,hypo
PanTS_00000564,1,1099,381,False,0.7246,4.225,82,54,53.57,125,124.9,23596,134,134,4016,-43,-43,-71,-71.37,-80,-80.47,10.28,19909,-6.909,hypo,hypo,hypo,hypo
PanTS_00000574,1,2927,1231,False,0.8125,5.539,14,16,15.26,17,16.93,5044,18,19.12,1706,-3,-3,-1,-1.669,-2,-3.862,13.26,3962,-0.07541,iso,iso,iso,iso
PanTS_00000592,1,603,187,False,0.8,2.184,-12,-12,-11.12,-14,-15.17,128689,0,-0.6706,12936,2,2,2,4.05,-12,-10.45,26.85,111302,0.07448,iso,iso,hypo,iso
PanTS_00000605,1,3948,1861,False,0.6602,5.602,50,33,33.5,81,80.93,75677,89,88.36,18844,-31,-31,-48,-47.43,-56,-54.86,5.636,68531,-8.517,hypo,hypo,hypo,hypo
PanTS_00000623,1,1937,708,False,0.8,2.486,1,1,2.031,12,12,158409,17,17.09,21491,-11,-11,-11,-9.97,-16,-15.06,42.1,139861,-0.2613,hypo,hypo,hypo,iso
PanTS_00000626,1,6204,3671,False,0.8516,5.254,18,18,17.83,19,18.39,45874,17,16.72,22676,1,-1,-1,-0.5604,1,1.103,46.74,34691,-0.02139,iso,iso,iso,iso
PanTS_00000654,1,4462,2485,False,0.7812,4.221,13,13,12.15,-1,-1.129,124093,-2,-2.81,31390,13,14,14,13.28,15,14.96,35.8,104564,0.391,hyper,hyper,hyper,hyper
PanTS_00000656,1,5075,2756,False,0.8691,7.167,24,20,19.83,55,51.49,90240,51,49.36,18731,-31,-31,-35,-31.66,-31,-29.52,26.52,80998,-1.32,hypo,hypo,hypo,hypo
PanTS_00000674,1,273,40,True,0,1.406,61,68,67.38,68,66.3,52754,72,70.89,4642,-7,-7,0,1.076,-4,-3.519,10.61,46783,0,iso,iso,iso,iso
PanTS_00000675,1,3711,2142,False,0.9531,5.838,55,56,55.8,55,54.56,93802,61,61.42,15430,0,0,1,1.234,-5,-5.618,20.22,78581,0.04945,iso,iso,iso,iso
PanTS_00000693,1,4912,2563,False,0.8379,6.703,103,104,104.5,110,108.3,17219,100,99.9,6382,-4,-7,-6,-3.756,4,4.608,23.21,13987,-0.2585,iso,iso,iso,iso
PanTS_00000696,1,23666,16188,False,0.7617,7.928,69,73,72.46,80,78.45,73405,90,89.17,32749,-10,-11,-7,-5.985,-17,-16.71,17.24,61529,-0.4061,iso,iso,hypo,iso
PanTS_00000715,1,514,83,False,0.834,3.439,68,74,75.84,63,61.17,16559,65,63.08,2285,5,5,11,14.67,9,12.76,9.946,13781,1.106,iso,hyper,iso,hyper
PanTS_00000723,1,1527,618,False,0.7422,3.711,69,55,55.06,121,121.6,40711,112,112.6,7405,-52,-52,-66,-66.56,-57,-57.51,15.58,36173,-4.236,hypo,hypo,hypo,hypo
PanTS_00000727,1,7457,3351,False,0.8301,10,55,59,58.63,77,74.57,7476,47,44.12,2338,-17,-22,-18,-15.94,12,14.51,14.26,5967,-1.263,hypo,hypo,hyper,hypo
PanTS_00000730,1,2592,542,False,0.7461,5,33,21,22,103,101.7,36914,98,96.74,6111,-67,-70,-82,-79.68,-77,-74.74,9.283,32479,-8.834,hypo,hypo,hypo,hypo
PanTS_00000750,1,1106,351,False,0.7695,3.315,106.5,114,114.4,77,75.66,21504,74,73.61,2033,35.5,29.5,37,38.7,40,40.75,16.58,17467,2.232,hyper,hyper,hyper,hyper
PanTS_00000761,1,2229,909,False,0.6836,2.764,84,86,86.71,142,141.6,65742,145,144.7,5616,-58,-58,-56,-54.9,-59,-57.97,6.63,58525,-8.446,hypo,hypo,hypo,hypo
PanTS_00000766,1,140,40,True,0,0,19,14,15.33,12,10.95,24785,17,16.03,3875,7,7,2,4.388,-3,-0.6959,18.23,19302,0.1097,iso,iso,iso,iso
PanTS_00000766,2,228,40,True,0,1.5,33,38.5,37.12,12,10.95,24785,17,16.78,4569,21,21,26.5,26.18,21.5,20.35,18.23,19302,1.453,hyper,hyper,hyper,hyper
PanTS_00000771,1,5822,3328,False,0.8984,8.464,26,21,21.77,102,97.4,37930,107,105,13029,-74,-76,-81,-75.62,-86,-83.26,13.92,32779,-5.817,hypo,hypo,hypo,hypo
PanTS_00000797,1,1113,276,False,0.7773,3.467,77,84,81.66,91,91.31,35212,86,85.83,2032,-14,-14,-7,-9.649,-2,-4.171,8.62,30966,-0.8121,hypo,iso,iso,iso
PanTS_00000806,1,1095,333,False,0.9766,3.319,110,117,116.2,111,109.2,31237,108,105.4,4960,0,-1,6,6.999,9,10.84,20.55,26747,0.2919,iso,iso,iso,iso
PanTS_00000811,1,11433,7759,False,0.7637,7,87,86,85.59,81,80.21,92710,87,86.7,24579,5,6,5,5.38,-1,-1.11,10.94,78531,0.457,iso,iso,iso,iso
PanTS_00000814,1,25095,12835,False,0.7324,4.8,66,66,66.16,70,70.19,89736,69,69.37,17765,-4,-4,-4,-4.022,-3,-3.206,11.27,76215,-0.3549,iso,iso,iso,iso
PanTS_00000814,2,1075,450,False,0.7324,2.901,61,59,59.18,70,70.19,89736,62,61.65,5452,-9,-9,-11,-11.01,-3,-2.473,11.27,76215,-0.9759,iso,hypo,iso,hypo
PanTS_00000836,1,27034,20286,False,0.6289,7.861,39,39,38.79,42,42.38,14479,42,42.44,7422,-3,-3,-3,-3.592,-3,-3.649,12.93,11220,-0.232,iso,iso,iso,iso
PanTS_00000839,1,382,40,True,0,0,44,64,61.5,73,73.23,36115,65,64.74,1988,-29,-29,-9,-11.73,-1,-3.236,36.8,32606,-0.2446,hypo,iso,iso,hypo
PanTS_00000849,1,405,47,False,0.8711,2.5,121,136,132.5,106,104.7,34032,113,111.7,5180,15,15,30,27.8,23,20.84,13.26,28510,2.262,hyper,hyper,hyper,hyper
PanTS_00000855,1,263,40,True,0,0,99,105,104.5,95,95.45,29036,98,97.81,4478,4,4,10,9.01,7,6.65,6.299,25168,1.588,iso,iso,iso,iso
PanTS_00000855,2,273,40,True,0,0,98,96.5,96.38,95,95.45,29036,119,117.1,2131,3,3,1.5,0.9265,-22.5,-20.7,6.299,25168,0.2381,iso,iso,hypo,iso
PanTS_00000860,1,11166,6708,False,0.8379,11.26,90,90,89.49,94,93.93,34926,97,95.74,10203,-1,-4,-4,-4.444,-7,-6.255,21.22,29267,-0.1885,iso,iso,iso,iso
PanTS_00000862,1,1580,682,False,0.9375,5,97,86,87.02,73,71.24,35964,86,85.93,12203,28,24,13,15.78,0,1.093,14.92,29294,0.8714,hyper,hyper,iso,hyper
PanTS_00000871,1,15541,10630,False,0.8,6.4,35,38,36.9,34,34.76,118692,41,40.04,22736,0,1,4,2.137,-3,-3.141,35.14,102514,0.1138,iso,iso,iso,iso
PanTS_00000871,2,835,234,False,0.8,2.375,38,36,33.75,34,34.76,118692,41,41.46,13290,3,4,2,-1.01,-5,-7.708,35.14,102514,0.05691,iso,iso,iso,iso
PanTS_00000871,3,4,4,True,0,0,56,56,53,34,34.76,118692,39,39.55,10881,21,22,22,18.24,17,13.45,35.14,102514,0.626,hyper,hyper,hyper,hyper
PanTS_00000871,4,264,40,True,0,0.8,41.5,42,41.79,34,34.76,118692,39,39.79,13441,6.5,7.5,8,7.028,3,2,35.14,102514,0.2277,iso,iso,iso,iso
PanTS_00000878,1,3593,1533,False,0.8438,5.519,106,106,106.5,110,109.7,20689,112,112.9,3683,-2,-4,-4,-3.231,-6,-6.41,18.9,17719,-0.2117,iso,iso,iso,iso
PanTS_00000881,1,4668,2671,False,1,5.831,33,36,35.57,52,49.69,152624,48,46.84,1975,-19,-19,-16,-14.13,-12,-11.27,20.55,136179,-0.7784,hypo,hypo,hypo,hypo
PanTS_00000911,1,2368,946,False,0.9551,3.75,63,63,63.61,67,67.26,60556,65,64.5,4091,-4,-4,-4,-3.657,-2,-0.8966,5.967,52718,-0.6703,iso,iso,iso,iso
PanTS_00000927,1,11301,7742,False,0.8203,8.291,26,29,29.13,9,7.948,83956,18,16.82,14369,16,17,20,21.18,11,12.31,11.93,70941,1.676,hyper,hyper,hyper,hyper
PanTS_00000930,1,1305,40,True,0,0,64,65,65.67,95,93.99,26653,69,70.42,593,-30,-31,-30,-28.32,-4,-4.756,9.946,23187,-3.016,hypo,hypo,iso,hypo
PanTS_00000930,2,1018,40,True,0,1.723,90,107.5,106.6,95,93.99,26653,94,92.38,4160,-4,-5,12.5,12.64,13.5,14.25,9.946,23187,1.257,iso,hyper,hyper,hyper
PanTS_00000932,1,172,40,True,0,0,68,74.5,76.12,86,85.95,17331,87,85.99,892,-19,-18,-11.5,-9.824,-12.5,-9.869,12.6,15105,-0.9129,hypo,hypo,hypo,iso
PanTS_00000932,2,105,40,True,0,0,71,74.5,75.12,86,85.95,17331,98,95.46,995,-16,-15,-11.5,-10.82,-23.5,-20.33,12.6,15105,-0.9129,hypo,hypo,hypo,hypo
PanTS_00000945,1,3400,1431,False,0.8008,6.406,133,132,130.8,123,121.1,28328,112,111.7,13854,14,10,9,9.705,20,19.11,18.23,23441,0.4936,hyper,iso,hyper,iso
PanTS_00000966,1,787,124,False,0.6836,2.734,95,98.5,97.74,112,110.7,21763,112,111.7,4290,-16,-17,-13.5,-13,-13.5,-13.93,8.62,18964,-1.566,hypo,hypo,hypo,hypo
PanTS_00001012,1,433,95,False,0.8945,2.5,67,64,65.04,87,86.75,27726,87,87.38,4729,-19,-20,-23,-21.72,-23,-22.35,11.93,23612,-1.927,hypo,hypo,hypo,hypo
PanTS_00001016,1,18965,12605,False,0.6895,11.85,17,12,12.03,89,85.54,76069,77,73.17,24245,-69,-72,-77,-73.51,-65,-61.14,10.94,67222,-7.038,hypo,hypo,hypo,hypo
PanTS_00001021,1,3980,1855,False,0.7031,3.491,18,14,14.19,46,45.09,196851,48,48.59,28670,-26,-28,-32,-30.9,-34,-34.4,30.5,175663,-1.049,hypo,hypo,hypo,hypo
PanTS_00001030,1,4867,2365,False,0.7441,4.896,31,33,33.1,39,38.97,89398,39,39.15,11298,-8,-8,-6,-5.871,-6,-6.045,8.62,79913,-0.6961,iso,iso,iso,iso
PanTS_00001048,1,735,51,False,0.732,2.639,44,44,42.16,56,55.05,27173,43,43.27,2504,-11,-12,-12,-12.88,1,-1.111,9.283,23582,-1.293,hypo,hypo,iso,hypo
PanTS_00001053,1,914,87,False,0.7031,2.899,90,91,91.87,94,92.95,29644,93,92.8,3911,-4,-4,-3,-1.084,-2,-0.9339,13.26,26217,-0.2262,iso,iso,iso,iso
PanTS_00001055,1,6734,3961,False,0.9375,10.16,98,94,94.24,95,92.89,34834,100,99.56,7496,3,3,-1,1.342,-6,-5.322,16.41,29590,-0.06094,iso,iso,iso,iso
PanTS_00001070,1,8515,5575,False,0.666,7.389,15,10,9.796,77,77.14,103654,76,76.29,39517,-62,-62,-67,-67.34,-66,-66.49,10.61,89936,-6.316,hypo,hypo,hypo,hypo
PanTS_00001077,1,3609,1649,False,0.918,5.763,87,91,90.91,73,63.11,62813,73,62.93,9599,18,14,18,27.8,18,27.98,16.91,55298,1.065,hyper,hyper,hyper,hyper
PanTS_00001079,1,434,105,False,0.9316,2.826,64,64,63.3,47,43.32,38408,59,57.11,3508,17,17,17,19.98,5,6.188,12.6,32390,1.349,hyper,hyper,iso,hyper
PanTS_00001081,1,15437,10501,False,0.6582,7.134,45,45,45.26,58,58.27,70416,56,54.98,8644,-13,-13,-13,-13.01,-11,-9.722,10.28,61396,-1.265,hypo,hypo,hypo,hypo
PanTS_00001082,1,15801,9688,False,0.756,5.019,100,100,100.5,97,94.52,152989,111,110.9,31560,3,3,3,5.961,-11,-10.41,9.283,136780,0.3232,iso,iso,hypo,iso
PanTS_00001085,1,1920,804,False,0.9766,5.094,50,37,36.73,85,83.95,33973,93,92.17,8004,-32,-35,-48,-47.23,-56,-55.44,9.946,28177,-4.826,hypo,hypo,hypo,hypo
PanTS_00001086,1,1813,702,False,0.8516,5,81,81,80.47,72,71.21,13523,47,47.38,2644,24,9,9,9.265,34,33.09,14.26,9718,0.6313,hyper,iso,hyper,iso
PanTS_00001091,1,3348,1686,False,0.7988,5.343,55,56,56.27,41,37.52,126010,43,43.6,22591,17,14,15,18.76,13,12.67,15.58,112151,0.9627,hyper,hyper,hyper,hyper
PanTS_00001111,1,1367,628,False,0.7812,2.728,11,7,6.701,25,25.12,131065,26,25.96,27917,-14,-14,-18,-18.42,-19,-19.26,21.88,115376,-0.8227,hypo,hypo,hypo,hypo
PanTS_00001121,1,5404,3226,False,0.7812,5.029,34,38,38.2,26,26.3,144011,30,30.55,39782,8,8,12,11.89,8,7.644,54.04,126130,0.2221,iso,hyper,iso,hyper
PanTS_00001145,1,1192,95,False,0.625,3.125,104,91,91.54,132,131.1,33301,134,134.1,5191,-26,-28,-41,-39.53,-43,-42.58,9.283,29609,-4.417,hypo,hypo,hypo,hypo
PanTS_00001154,1,3318,1592,False,0.7734,4.165,89,90,89.56,76,67.18,69883,98,96.1,10839,13,13,14,22.38,-8,-6.533,18.23,63444,0.7678,hyper,hyper,iso,hyper
PanTS_00001168,1,808,236,False,0.8086,2.915,36,41,39.88,46,45.16,54368,46,44.13,8964,-10,-10,-5,-5.277,-5,-4.247,11.93,47291,-0.4189,iso,iso,iso,iso
PanTS_00001182,1,76733,61298,False,0.9766,20.72,65,64,63.43,123,122.4,42924,134,134.5,7557,-58,-58,-59,-58.95,-70,-71.08,18.57,35442,-3.178,hypo,hypo,hypo,hypo
PanTS_00001183,1,64032,43716,False,0.6758,20.28,69,71,69.54,55,54.41,18812,59,58.59,3771,14,14,16,15.14,12,10.95,10.61,16706,1.508,hyper,hyper,hyper,hyper
PanTS_00001186,1,7367,3859,False,0.8418,12.03,30,25,25.27,128,125.5,27213,128,126.1,7222,-95,-98,-103,-100.3,-103,-100.8,9.614,23138,-10.71,hypo,hypo,hypo,hypo
PanTS_00001193,1,3637,897,False,0.625,5,60,63,61.08,51,48.24,15927,41,39.34,3936,9,9,12,12.84,22,21.75,6.962,13346,1.724,iso,hyper,hyper,hyper
PanTS_00001193,2,3044,590,False,0.625,4.375,60,67.5,67.12,51,48.24,15927,54,51.09,4534,9,9,16.5,18.87,13.5,16.02,6.962,13346,2.37,iso,hyper,hyper,hyper
PanTS_00001197,1,1339,349,False,0.8,2.184,24,17,20.03,26,26.64,112834,34,34.93,17552,-2,-2,-9,-6.608,-17,-14.9,43.76,98077,-0.2057,iso,iso,hypo,iso
PanTS_00001215,1,464,110,False,0.8535,1.726,50,44.5,45.65,51,51.26,98097,57,58.5,7836,-1,-1,-6.5,-5.612,-12.5,-12.85,20.89,84885,-0.3112,iso,iso,hypo,iso
PanTS_00001254,1,1672,756,False,0.9668,3.867,50.5,51,51.35,43,42.37,76454,54,52.27,9969,7.5,7.5,8,8.978,-3,-0.9152,17.57,65687,0.4553,iso,iso,iso,iso
PanTS_00001258,1,1259,40,True,0,0.7568,31,33,32.29,41,40.05,43009,39,39.47,8194,-10,-10,-8,-7.757,-6,-7.176,3.315,38001,-2.413,iso,iso,iso,iso
PanTS_00001261,1,115,40,True,0,0.7695,71,63.5,64.67,74,72.17,41695,65,62.54,6175,-2,-3,-10.5,-7.502,-1.5,2.122,16.58,36638,-0.6334,iso,hypo,iso,iso
PanTS_00001268,1,10094,6925,False,0.8,6.916,19,19,19.29,24,24.32,32873,27,27.76,3016,4,-5,-5,-5.032,-8,-8.474,12.6,22258,-0.3969,iso,iso,iso,iso
PanTS_00001275,1,4689,2777,False,0.7832,5.573,45,49,49.35,42,40.14,113310,42,39.28,22849,3,3,7,9.202,7,10.06,16.58,96041,0.4223,iso,iso,iso,iso
PanTS_00001275,2,471,119,False,0.7832,1.27,24,24,24.25,42,40.14,113310,30,28.91,12098,-18,-18,-18,-15.9,-6,-4.667,16.58,96041,-1.086,hypo,hypo,iso,hypo
PanTS_00001277,1,3366,1836,False,0.7812,4.605,57,55.5,55.18,67,66.76,52571,74,74.4,9357,-8,-10,-11.5,-11.58,-18.5,-19.22,13.26,42903,-0.8672,iso,hypo,hypo,hypo
PanTS_00001297,1,3287,1614,False,0.8789,6.399,76,69,69.5,74,72.46,40622,87,85.95,13430,3,2,-5,-2.959,-18,-16.45,17.9,35172,-0.2793,iso,iso,hypo,iso
PanTS_00001321,1,1974,836,False,1.5,6,51,54,53.76,48,48.25,7240,51,50.83,1946,3,3,6,5.508,3,2.93,15.25,5004,0.3934,iso,iso,iso,iso
PanTS_00001326,1,17685,12893,False,0.625,7.832,16,16,16.01,107,106.2,86895,110,110.2,14142,-93,-91,-91,-90.23,-94,-94.19,10.61,76445,-8.578,hypo,hypo,hypo,hypo
PanTS_00001327,1,5614,3112,False,0.5938,3.553,34,35,35.38,41,40.03,311412,43,42.44,21904,-7,-7,-6,-4.642,-8,-7.056,15.25,289460,-0.3934,iso,iso,iso,iso
PanTS_00001327,2,342,40,False,0.5938,0.8,13,4,8.25,41,40.03,311412,38,38.53,24350,-28,-28,-37,-31.78,-34,-30.28,15.25,289460,-2.426,hypo,hypo,hypo,hypo
PanTS_00001331,1,3344,1756,False,0.8281,6.934,47,34,35.35,97,95.64,22742,102,101.3,8737,-47,-50,-63,-60.29,-68,-65.99,15.58,18512,-4.043,hypo,hypo,hypo,hypo
PanTS_00001347,1,2733,1015,False,0.8203,4.102,81,81,81.26,86,84.25,45916,98,95.65,11507,0,-5,-5,-2.99,-17,-14.39,16.91,38446,-0.2957,iso,iso,hypo,iso
PanTS_00001351,1,10725,6352,False,0.5859,3.63,29,27,27.69,44,43.39,119686,45,44.44,23178,-14,-15,-17,-15.7,-18,-16.75,9.946,104721,-1.709,hypo,hypo,hypo,hypo
PanTS_00001352,1,23658,15472,False,0.7812,7.592,25,26,26.83,30,30.45,158139,34,33.4,50519,-5,-5,-4,-3.615,-8,-6.57,25.86,141074,-0.1547,iso,iso,iso,iso
PanTS_00001352,2,140,40,True,0,0.7812,0,9.5,12.67,30,30.45,158139,34,34.99,13991,-30,-30,-20.5,-17.78,-24.5,-22.32,25.86,141074,-0.7928,hypo,hypo,hypo,hypo
PanTS_00001359,1,535,40,True,0,1.381,59,71.5,69.92,51,49.55,21635,48,46.82,3320,8,8,20.5,20.37,23.5,23.1,17.24,18432,1.189,iso,hyper,hyper,hyper
PanTS_00001361,1,6749,4197,False,0.7812,4.738,2,6,5.836,3,2.112,70422,-6,-6.288,25943,0,-1,3,3.724,12,12.12,32.49,56478,0.09234,iso,iso,hyper,iso
PanTS_00001387,1,1507,294,False,0.8047,5,16,24,23.93,48,43.55,29217,54,49.91,5141,-31,-32,-24,-19.62,-30,-25.98,10.61,26045,-2.262,hypo,hypo,hypo,hypo
PanTS_00001423,1,1251,465,False,1,2.828,60,60,58.6,80,77.22,87180,87,86.33,14603,-20,-20,-20,-18.62,-27,-27.73,8.288,77524,-2.413,hypo,hypo,hypo,hypo
PanTS_00001436,1,18804,12866,False,0.7422,9.762,42,39,39.36,67,66.7,68485,68,67.17,19483,-26,-25,-28,-27.34,-29,-27.81,14.59,57958,-1.92,hypo,hypo,hypo,hypo
PanTS_00001436,2,4554,2492,False,0.7422,4.505,26,22,21.98,67,66.7,68485,78,77.44,3264,-42,-41,-45,-44.72,-56,-55.46,14.59,57958,-3.085,hypo,hypo,hypo,hypo
PanTS_00001438,1,413,57,False,0.9766,2.184,38,30,31.37,65,65.4,52001,73,73.29,2895,-26,-27,-35,-34.03,-43,-41.92,11.27,44891,-3.105,hypo,hypo,hypo,hypo
PanTS_00001438,2,2772,786,False,0.9766,3.851,25,24,22.69,65,65.4,52001,67,65.43,7968,-39,-40,-41,-42.71,-43,-42.74,11.27,44891,-3.637,hypo,hypo,hypo,hypo
PanTS_00001438,3,10893,4739,False,0.9766,6.176,37,34,35.07,65,65.4,52001,71,69.97,4999,-27,-28,-31,-30.32,-37,-34.89,11.27,44891,-2.75,hypo,hypo,hypo,hypo
PanTS_00001438,4,1519,353,False,0.9766,3.319,68,64,64.07,65,65.4,52001,71,69.7,7292,4,3,-1,-1.329,-7,-5.626,11.27,44891,-0.08872,iso,iso,iso,iso
PanTS_00001450,1,588,122,False,0.834,2.5,111,109.5,108.2,137,134.3,30216,137,135.1,8828,-22,-26,-27.5,-26.13,-27.5,-26.91,13.59,24950,-2.023,hypo,hypo,hypo,hypo
PanTS_00001471,1,2018,446,False,0.7227,5,80,73,74.03,106,104.5,40260,111,111,4336,-26,-26,-33,-30.5,-38,-37.01,9.283,35969,-3.555,hypo,hypo,hypo,hypo
PanTS_00001471,2,153,40,True,0,0,46,56,54.5,106,104.5,40260,,,1,-60,-60,-50,-50.02,,,9.283,35969,-5.386,hypo,hypo,unknown,hypo
PanTS_00001472,1,6553,3956,False,0.8,4.346,35,41,39.71,25,24.98,150124,26,25.95,32161,10,10,16,14.73,15,13.76,48.4,133124,0.3306,iso,hyper,hyper,hyper
PanTS_00001477,1,28334,19822,False,0.7031,6.543,43,43,43.11,39,40.36,114603,43,42.92,16652,1,4,4,2.758,0,0.1898,24.53,104186,0.163,iso,iso,iso,iso
PanTS_00001477,2,88,40,True,0,0,41,37,39.67,39,40.36,114603,39,39.01,8833,-1,2,-2,-0.6889,-2,0.6586,24.53,104186,-0.08152,iso,iso,iso,iso
PanTS_00001488,1,2411,1084,False,0.9473,5.43,77,72,71.21,100,98.68,50627,107,106.1,5139,-23,-23,-28,-27.47,-35,-34.87,10.61,44730,-2.639,hypo,hypo,hypo,hypo
PanTS_00001500,1,1248,359,False,0.7969,3.07,86,77,77.39,120,116.3,77027,127,125,9857,-34,-34,-43,-38.92,-50,-47.59,13.26,68267,-3.243,hypo,hypo,hypo,hypo
PanTS_00001502,1,1497,319,False,0.7109,1.422,33,20,21.66,38,37.65,239488,38,38.78,26803,-5,-5,-18,-15.99,-18,-17.11,19.23,215656,-0.9361,iso,hypo,hypo,hypo
PanTS_00001515,1,1601,664,False,0.9238,4.711,64,64,64.01,87,86.51,33062,90,89.36,8148,-23,-23,-23,-22.5,-26,-25.35,13.59,27544,-1.692,hypo,hypo,hypo,hypo
PanTS_00001517,1,162,40,True,0,0,9,6.5,8.958,0,-1.235,16156,2,1.191,2149,9,9,6.5,10.19,4.5,7.767,11.93,12512,0.5446,iso,iso,iso,hyper
PanTS_00001519,1,1130,434,False,0.6836,2.465,84,78,78.78,101,98.55,77047,109,109.3,6854,-17,-17,-23,-19.77,-31,-30.55,6.299,67971,-3.651,hypo,hypo,hypo,hypo
PanTS_00001536,1,3543,1299,False,0.7812,2.344,40,39,39.13,40,39.58,63687,40,39.2,22247,0,0,-1,-0.4488,-1,-0.06926,19.89,48670,-0.05027,iso,iso,iso,iso
PanTS_00001541,1,6964,3811,False,0.7031,7.427,85,81,81.41,98,98.63,59169,90,89.14,3523,-13,-13,-17,-17.22,-9,-7.731,11.93,53370,-1.424,hypo,hypo,iso,hypo
PanTS_00001542,1,9672,6261,False,0.9375,11.71,51,47,47.78,26,27.07,18688,27,28.11,2914,25,25,21,20.71,20,19.67,22.54,15139,0.9315,hyper,hyper,hyper,hyper
PanTS_00001568,1,9660,5284,False,0.8203,11.1,73,68,68.09,73,69.13,24622,73,69.07,6332,0,0,-5,-1.042,-5,-0.9792,13.26,21188,-0.3771,iso,iso,iso,iso
PanTS_00001582,1,9299,5570,False,0.8164,9.141,13,13,13.82,-30,-29.46,56685,16,15.71,3953,41,43,43,43.28,-3,-1.889,13.26,51728,3.243,hyper,hyper,iso,hyper
PanTS_00001583,1,4216,2040,False,0.7852,3.926,22,21,21.28,16,14.7,84438,25,24.85,14110,5,6,5,6.574,-4,-3.576,10.61,72692,0.4713,iso,iso,iso,iso
PanTS_00001583,2,15662,10870,False,0.7852,8.281,22,25,24.88,16,14.7,84438,18,17.74,2487,5,6,9,10.18,7,7.14,10.61,72692,0.8484,iso,iso,iso,hyper
PanTS_00001592,1,1375,433,False,0.9219,5.259,55,40,39.34,67,65.33,36083,75,74.22,5949,-12,-12,-27,-26,-35,-34.89,12.93,31347,-2.088,hypo,hypo,hypo,hypo
PanTS_00001601,1,5067,2372,False,0.7773,6.749,117,120,118.6,107,105.4,59376,108,108.1,13246,11,10,13,13.29,12,10.55,15.58,51787,0.8343,hyper,hyper,hyper,hyper
PanTS_00001612,1,3163,1207,False,0.8125,4.411,37,39,37.89,68,64.61,44542,73,71.53,3822,-31,-31,-29,-26.73,-34,-33.64,9.283,38137,-3.124,hypo,hypo,hypo,hypo
PanTS_00001618,1,1946,584,False,0.7402,3.657,151,155,154.8,136,135.3,38006,134,134.2,11722,17,15,19,19.58,21,20.66,13.59,32994,1.398,hyper,hyper,hyper,hyper
PanTS_00001645,1,38363,29097,False,0.7812,9.44,29,28,27.51,38,38.6,128684,38,38.01,23512,-9,-9,-10,-11.1,-10,-10.5,21.55,113024,-0.4641,iso,iso,iso,hypo
PanTS_00001649,1,2154,990,False,1,3.742,86.02,85.01,85.42,98.99,98.84,170311,98.01,97.71,21330,-14.98,-12.97,-13.98,-13.42,-13,-12.29,9.935,151273,-1.407,hypo,hypo,hypo,hypo
PanTS_00001650,1,128,40,True,0,0,62,58,56.79,94,92.78,19768,80,79.33,3413,-31,-32,-36,-35.98,-22,-22.54,9.614,16934,-3.745,hypo,hypo,hypo,hypo
PanTS_00001650,2,8264,3690,False,0.7031,9.448,63,63,63.01,94,92.78,19768,101,99.72,1754,-30,-31,-31,-29.77,-38,-36.71,9.614,16934,-3.224,hypo,hypo,hypo,hypo
PanTS_00001655,1,95351,78748,False,0.8711,16.64,58,61,60.99,64,62.74,52412,79,79.19,11844,-6,-6,-3,-1.742,-18,-18.2,27.85,44357,-0.1077,iso,iso,hypo,iso
PanTS_00001669,1,102,40,True,0,0,60,53.5,53.29,52,50.79,15394,48,49.05,4570,8,8,1.5,2.506,5.5,4.245,47.08,11548,0.03186,iso,iso,iso,iso
PanTS_00001670,1,1499,581,False,0.7031,2.535,31,32,31.77,20,19.71,154907,23,23.43,32665,10,11,12,12.06,9,8.336,30.5,131793,0.3934,iso,hyper,iso,hyper
PanTS_00001672,1,29864,21060,False,0.7227,8.08,30,30,30.43,30,29.42,114876,34,33.34,32238,0,0,0,1.015,-4,-2.905,33.48,102453,0,iso,iso,iso,iso
PanTS_00001678,1,206,40,True,0,1.5,61,62,61.38,77,76.07,18811,64,64.11,678,-15,-16,-15,-14.69,-2,-2.738,19.89,13416,-0.7541,hypo,hypo,iso,hypo
PanTS_00001683,1,2399,1030,False,0.7422,5,77,64,64.83,116,116.2,48470,119,118.5,6892,-39,-39,-52,-51.33,-55,-53.72,11.93,42564,-4.357,hypo,hypo,hypo,hypo
PanTS_00001727,1,984,260,False,0.75,3.092,56,51,51.17,65,64.11,20564,59,57.16,1647,-7,-9,-14,-12.94,-8,-5.989,10.61,17518,-1.32,iso,hypo,iso,hypo
PanTS_00001727,2,11973,6198,False,0.75,7.973,60,57,58.02,65,64.11,20564,68,68.5,7844,-3,-5,-8,-6.09,-11,-10.48,10.61,17518,-0.7541,iso,iso,hypo,iso
PanTS_00001732,1,27046,19296,False,0.7637,12.71,30,25,25.95,86,84.59,98268,93,90.58,19195,-56,-56,-61,-58.64,-68,-64.63,13.59,88188,-4.488,hypo,hypo,hypo,hypo
PanTS_00001736,1,3740,1881,False,1,3.742,69.99,68.01,68.84,79,78.94,109480,82.99,82.09,17744,-10.01,-9.003,-10.99,-10.1,-14.98,-13.25,9.611,95379,-1.143,hypo,hypo,hypo,hypo
PanTS_00001749,1,4721,2391,False,0.9766,9.003,34,31,30.86,32,32.07,5534,82,81.79,473,2,2,-1,-1.209,-51,-50.93,9.946,4237,-0.1005,iso,iso,hypo,iso
PanTS_00001749,2,105,40,True,0,0.9766,19,11,12.33,32,32.07,5534,,,0,-13,-13,-21,-19.74,,,9.946,4237,-2.111,hypo,hypo,unknown,hypo
PanTS_00001751,1,558,82,False,1.5,1.5,67,69,70.18,59,58.7,23961,64,63.55,4837,10,8,10,11.48,5,6.627,5.636,17513,1.774,iso,iso,iso,hyper
PanTS_00001751,2,1106,300,False,1.5,4.243,38,38,38.46,59,58.7,23961,61,61.24,8784,-19,-21,-21,-20.25,-23,-22.79,5.636,17513,-3.726,hypo,hypo,hypo,hypo
PanTS_00001771,1,192,40,True,0,0.9766,15,17,15.83,7,5.466,13946,6,5.516,2325,8,8,10,10.37,11,10.32,12.93,11632,0.7734,iso,iso,hyper,hyper
PanTS_00001787,1,267,40,True,0,0.8887,54,50.5,50.62,55,53.37,32070,59,58.02,2949,-1,-1,-4.5,-2.742,-8.5,-7.398,12.93,28106,-0.348,iso,iso,iso,iso
PanTS_00001802,1,3150,1749,False,0.8,4.838,12,13,13.48,-4,-6.018,161083,-1,-2.015,17517,17,16,17,19.49,14,15.49,38.12,140781,0.4459,hyper,hyper,hyper,hyper
PanTS_00001816,1,17746,11379,False,0.8027,9.633,67,67,66.56,86,85.01,38880,83,82.26,13879,-18,-19,-19,-18.45,-16,-15.7,6.63,32530,-2.866,hypo,hypo,hypo,hypo
PanTS_00001823,1,154,40,True,0,1.5,51,47,46.12,76,75.3,15561,74,74.52,2144,-25,-25,-29,-29.17,-27,-28.4,11.27,11090,-2.573,hypo,hypo,hypo,hypo
PanTS_00001826,1,56922,41114,False,0.7,7.402,78,78,78.08,97,96.92,151907,92,92.77,22126,-18,-19,-19,-18.84,-14,-14.69,8.951,128254,-2.123,hypo,hypo,hypo,hypo
PanTS_00001829,1,596,182,False,0.8,1.953,-12,-12,-10.51,-14,-15.33,128758,0,-0.8984,12923,2,2,2,4.822,-12,-9.611,26.85,111361,0.07448,iso,iso,hypo,iso
PanTS_00001840,1,10990,7066,False,0.7676,12.31,55,48,49.44,84,82.18,16350,86,85.62,6590,-29,-29,-36,-32.74,-38,-36.18,9.614,13198,-3.745,hypo,hypo,hypo,hypo
PanTS_00001850,1,13322,9233,False,0.9766,10.09,35,34,33.69,35,33.51,17193,68,68.1,547,0,0,-1,0.1731,-34,-34.42,16.91,13771,-0.05915,iso,iso,hypo,iso
PanTS_00001856,1,1750,617,False,0.7773,4.138,124,130,131.1,98,96.27,31208,116,115.2,7934,30,26,32,34.85,14,15.96,15.25,25442,2.098,hyper,hyper,hyper,hyper
PanTS_00001870,1,879,102,False,0.9473,2.5,13,16,16.81,1,0.6901,10405,11,9.727,4074,11,12,15,16.12,5,7.08,13.59,7966,1.104,hyper,hyper,iso,hyper
PanTS_00001873,1,4094,800,False,0.7422,3.711,91.5,94,93.84,84,83.94,10096,83,82.49,1881,7.5,7.5,10,9.899,11,11.34,10.61,8360,0.9426,iso,iso,hyper,iso
PanTS_00001874,1,964,348,False,0.7,2.221,16,16,15.76,25,23.86,73415,29,28.03,2939,-8,-9,-9,-8.106,-13,-12.27,7.625,60614,-1.18,iso,iso,hypo,iso
PanTS_00001876,1,491,86,False,0.625,1.022,12,8,11.38,30,29.32,162341,37,36.72,21999,-18,-18,-22,-17.94,-29,-25.33,42.1,145152,-0.5225,hypo,hypo,hypo,hypo
PanTS_00001876,2,27967,20472,False,0.625,7.226,30,30,30.24,30,29.32,162341,34,34.09,36737,0,0,0,0.9197,-4,-3.845,42.1,145152,0,iso,iso,iso,iso
PanTS_00001878,1,24854,13061,False,0.835,12.76,48,48,47.54,45,42.99,19586,51,49.54,3968,2,3,3,4.545,-3,-2.005,5.967,15752,0.5027,iso,iso,iso,iso
PanTS_00001878,2,1969,183,False,0.835,4.175,43,38,37.35,45,42.99,19586,51,50.21,3464,-3,-2,-7,-5.641,-13,-12.86,5.967,15752,-1.173,iso,iso,hypo,iso
PanTS_00001913,1,5069,2447,False,0.916,8.128,64,71,69.88,38,37.02,27653,47,46.14,3320,26,26,33,32.86,24,23.74,21.88,24191,1.508,hyper,hyper,hyper,hyper
PanTS_00001922,1,1339,558,False,0.7422,4.328,128,121,120.8,128,125.3,15530,136,134.3,8532,11,0,-7,-4.531,-15,-13.47,13.26,11274,-0.5279,hyper,iso,hypo,iso
PanTS_00001923,1,22105,14770,False,0.7324,10.16,49,50,50.82,91,88.92,62883,108,106.1,7014,-41,-42,-41,-38.1,-58,-55.32,12.93,54015,-3.171,hypo,hypo,hypo,hypo
PanTS_00001941,1,1779,746,False,0.8848,5.381,102,106,106.5,94,93.48,33727,98,97.09,10051,7,8,12,12.97,8,9.362,20.89,28437,0.5746,iso,hyper,iso,hyper
PanTS_00001946,1,114710,92677,False,0.7422,14.96,55,55,55.14,74,73.31,190459,76,75.66,46615,-19,-19,-19,-18.17,-21,-20.52,8.951,170825,-2.123,hypo,hypo,hypo,hypo
PanTS_00001964,1,2543,1075,False,0.7793,5.228,103,103,102.3,77,75.72,9419,84,82.8,3134,30,26,26,26.54,19,19.45,16.91,6730,1.538,hyper,hyper,hyper,hyper
PanTS_00001968,1,2236,734,False,0.625,2.304,74,77,75.59,86,85.88,216044,81,80.77,21231,-12,-12,-9,-10.28,-4,-5.175,30.5,192911,-0.2951,hypo,iso,iso,hypo
PanTS_00001973,1,43715,34457,False,0.7422,14.08,15,10,10.37,100,99.36,93253,102,101,16621,-90,-85,-90,-88.99,-92,-90.67,16.24,82789,-5.54,hypo,hypo,hypo,hypo
PanTS_00001996,1,1139,341,False,0.9551,2.865,61,63,62.23,67,63.66,30036,59,57.87,422,-4,-6,-4,-1.425,4,4.368,11.27,24529,-0.3549,iso,iso,iso,iso
PanTS_00001996,2,351,40,True,0,0.9551,68,72,70.04,67,63.66,30036,76,74.61,3488,3,1,5,6.383,-4,-4.568,11.27,24529,0.4436,iso,iso,iso,iso
PanTS_00001996,3,126,40,True,0,0.9551,53.5,53,53.75,67,63.66,30036,57,51.28,4456,-11.5,-13.5,-14,-9.909,-4,2.469,11.27,24529,-1.242,hypo,hypo,iso,iso
PanTS_00002012,1,4758,2390,False,0.6934,6.541,117,111,111.3,120,117.4,28368,133,128.6,7698,2,-3,-9,-6.043,-22,-17.24,14.92,23139,-0.6033,iso,iso,hypo,iso
PanTS_00002014,1,2626,820,False,0.9492,7.15,73,64,63.73,56,55.04,35522,63,62.46,5979,16,17,8,8.689,1,1.264,27.18,31627,0.2943,hyper,iso,iso,iso
PanTS_00002028,1,2212,824,False,0.9766,4.739,82,73,73.69,103,100.1,21223,91,88.64,8735,-20,-21,-30,-26.38,-18,-14.95,12.27,16584,-2.446,hypo,hypo,hypo,hypo
PanTS_00002071,1,26736,19360,False,0.7422,10.78,65,62,62.3,89,88.44,84705,87,86.63,25505,-28,-24,-27,-26.14,-25,-24.33,16.58,72585,-1.629,hypo,hypo,hypo,hypo
PanTS_00002081,1,1022,163,False,1.297,3.891,30,29,28.41,18,17.94,10016,22,21.77,2413,10,12,11,10.48,7,6.642,18.57,5483,0.5925,iso,hyper,iso,hyper
PanTS_00002091,1,33877,24492,False,0.7812,9.272,38,39,39.75,34,33.15,150817,33,31.93,29883,4,4,5,6.604,6,7.822,55.36,134513,0.09031,iso,iso,iso,iso
PanTS_00002094,1,18610,12894,False,0.6797,8.5,54,49,49.42,127,126,95341,125,123.4,19193,-73,-73,-78,-76.58,-76,-73.96,11.6,79299,-6.722,hypo,hypo,hypo,hypo
PanTS_00002095,1,4833,2059,False,0.8,2.53,38,38,39,34,34.57,225314,34,34.22,43470,4,4,4,4.436,4,4.79,32.16,204017,0.1244,iso,iso,iso,iso
PanTS_00002095,2,24,24,True,0,0,59.5,59.5,56.44,34,34.57,225314,38,37.79,15432,25.5,25.5,25.5,21.87,21.5,18.64,32.16,204017,0.793,hyper,hyper,hyper,hyper
PanTS_00002098,1,1209,507,False,0.9004,3.681,26,5,5.033,85,83.62,66361,84,83.19,10165,-60,-59,-80,-78.59,-79,-78.16,15.91,55424,-5.027,hypo,hypo,hypo,hypo
PanTS_00002102,1,2055,706,False,1,3,63,60.99,61.23,68.01,67.64,284534,72.01,71.95,18904,-5.982,-5.005,-7.019,-6.409,-11.02,-10.72,16.25,257929,-0.432,iso,iso,hypo,iso
PanTS_00002102,2,9,9,True,0,0,66,66,62.57,68.01,67.64,284534,71,71.4,4704,-2.991,-2.014,-2.014,-5.07,-5.005,-8.827,16.25,257929,-0.124,iso,iso,iso,iso
PanTS_00002102,3,3,3,True,0,0,38.01,38.01,40,68.01,67.64,284534,66,65.35,6077,-30.98,-30,-30,-27.63,-27.99,-25.35,16.25,257929,-1.846,hypo,hypo,hypo,hypo
PanTS_00002102,4,3,3,True,0,0,77.01,77.01,60.01,68.01,67.64,284534,72.01,72.13,3107,8.026,9.003,9.003,-7.625,5.005,-12.12,16.25,257929,0.5541,iso,iso,iso,iso
PanTS_00002102,5,588,61,False,1,1,63,76.01,74.32,68.01,67.64,284534,67,66.74,23562,-5.982,-5.005,7.996,6.685,9.003,7.583,16.25,257929,0.4921,iso,iso,iso,iso
PanTS_00002102,6,3,3,True,0,0,36,36,41.34,68.01,67.64,284534,64.99,64.93,6276,-32.99,-32.01,-32.01,-26.3,-28.99,-23.6,16.25,257929,-1.97,hypo,hypo,hypo,hypo
PanTS_00002107,1,1514,332,False,0.7109,1.59,33,24,22.72,38,37.77,239604,39,38.99,26649,-5,-5,-14,-15.05,-15,-16.27,19.23,215770,-0.7281,iso,hypo,hypo,hypo
PanTS_00002123,1,1501,424,False,0.8,1.839,21,25.5,25.92,22,22.41,261597,30,29.97,23395,0,-1,3.5,3.511,-4.5,-4.05,59.01,236629,0.05931,iso,iso,iso,iso
PanTS_00002123,2,5905,3408,False,0.8,4.111,28,30,28.92,22,22.41,261597,28,27.21,42478,7,6,8,6.512,2,1.704,59.01,236629,0.1356,iso,iso,iso,iso
PanTS_00002126,1,94,40,True,0,0,59.5,68.5,63.88,114,112.7,23181,110,108.6,2377,-52.5,-54.5,-45.5,-48.85,-41.5,-44.68,28.51,17633,-1.596,hypo,hypo,hypo,hypo
PanTS_00002142,1,7751,4822,False,0.7812,5.95,17,20,19.53,28,27.49,192308,21,21.23,29718,-11,-11,-8,-7.95,-1,-1.7,55.7,171294,-0.1436,hypo,iso,iso,iso
PanTS_00002142,2,3642,1860,False,0.7812,3.41,34,38,36.01,28,27.49,192308,30,29.67,21067,6,6,10,8.523,8,6.337,55.7,171294,0.1795,iso,iso,iso,iso
PanTS_00002177,1,8595,5474,False,0.75,5.316,21,22,22.7,14,14.54,71140,12,12.04,9142,8,7,8,8.157,10,10.66,36.14,61201,0.2214,iso,iso,iso,iso
PanTS_00002186,1,669,212,False,0.7812,2.344,40,33.5,34.77,38,37.56,119869,43,42.41,14410,2,2,-4.5,-2.784,-9.5,-7.638,55.03,102197,-0.08177,iso,iso,iso,iso
PanTS_00002187,1,631,120,False,1.545,5,21,18,19.53,21,20.83,7777,25,25.21,1226,0,0,-3,-1.303,-7,-5.679,21.55,4518,-0.1392,iso,iso,iso,iso
PanTS_00002187,2,8,8,True,0,0,36,36,36.83,21,20.83,7777,30,30.69,402,15,15,15,16,6,6.139,21.55,4518,0.6961,hyper,hyper,iso,hyper
PanTS_00002196,1,250,40,True,0,0,63,55.5,54.33,85,83.89,13747,93,92.45,1849,-22,-22,-29.5,-29.55,-37.5,-38.12,8.288,11455,-3.559,hypo,hypo,hypo,hypo
PanTS_00002196,2,486,40,True,0,2.342,80,81,81,85,83.89,13747,86,84.7,2033,-5,-5,-4,-2.886,-5,-3.704,8.288,11455,-0.4826,iso,iso,iso,iso
PanTS_00002205,1,1554,398,False,1,2,111,111,111,137,136.7,501767,157,156.9,20543,-24.99,-26,-26,-25.75,-45.99,-45.9,9.955,456373,-2.612,hypo,hypo,hypo,hypo
PanTS_00002205,2,21,21,True,0,0,131,131,126.6,137,136.7,501767,151,151.5,4618,-5.005,-6.012,-6.012,-10.13,-19.99,-24.85,9.955,456373,-0.6039,iso,iso,hypo,hypo
PanTS_00002205,3,4,4,True,0,0,75,75,77.25,137,136.7,501767,141,139.8,3791,-61.01,-62.01,-62.01,-59.5,-66.01,-62.51,9.955,456373,-6.229,hypo,hypo,hypo,hypo
PanTS_00002205,4,489,96,False,1,1.414,72.01,64.5,65.24,137,136.7,501767,130,129.1,20706,-64,-65,-72.51,-71.51,-65.49,-63.82,9.955,456373,-7.284,hypo,hypo,hypo,hypo
PanTS_00002205,5,6,6,True,0,0,79.5,79.5,83.25,137,136.7,501767,137,136.9,8942,-56.5,-57.51,-57.51,-53.5,-57.51,-53.61,9.955,456373,-5.777,hypo,hypo,hypo,hypo
PanTS_00002205,6,93,40,True,0,0,82.99,94.99,90.87,137,136.7,501767,124,122.7,9455,-53.01,-54.02,-42.02,-45.88,-29.02,-31.81,9.955,456373,-4.221,hypo,hypo,hypo,hypo
PanTS_00002211,1,18174,12868,False,0.625,8.655,-9,-8,-8.819,-17,-18.43,78277,-5,-6.284,15426,9,8,9,9.607,-3,-2.536,46.74,64233,0.1925,iso,iso,iso,iso
PanTS_00002213,1,3395,1236,False,0.6582,3.199,41,41,41.14,58,58.16,35192,55,54.93,5674,-16,-17,-17,-17.02,-14,-13.79,9.614,29775,-1.768,hypo,hypo,hypo,hypo
PanTS_00002213,2,985,260,False,0.6582,2.684,52,54,53.92,58,58.16,35192,55,54.65,7247,-5,-6,-4,-4.236,-1,-0.7249,9.614,29775,-0.4161,iso,iso,iso,iso
PanTS_00002232,1,3867,1956,False,0.8203,7.435,65,64,63.61,93,92.25,34536,91,89.79,3070,-28,-28,-29,-28.64,-27,-26.18,13.59,29800,-2.134,hypo,hypo,hypo,hypo
PanTS_00002235,1,572,40,True,0,0.748,90,99.5,99.75,86,84.64,19861,78,75.68,3328,4,4,13.5,15.11,21.5,24.07,8.62,16670,1.566,iso,hyper,hyper,hyper
PanTS_00002235,2,833,40,True,0,0,89,116,114.2,86,84.64,19861,,,0,3,3,30,29.56,,,8.62,16670,3.48,iso,hyper,unknown,hyper
PanTS_00002235,3,366,40,True,0,0,77.5,81,82,86,84.64,19861,94,94.9,2884,-8.5,-8.5,-5,-2.644,-13,-12.9,8.62,16670,-0.5801,iso,iso,hypo,iso
PanTS_00002243,1,2666,209,False,0.7617,3.141,64,73,73.29,73,71.8,33272,69,69.94,3720,-8,-9,0,1.496,4,3.356,12.6,29597,0,iso,iso,iso,iso
PanTS_00002249,1,51940,38657,False,0.7812,13.64,38,38,37.92,-2,-2.212,22698,30,29.77,2780,36,40,40,40.13,8,8.146,12.27,17128,3.261,hyper,hyper,iso,hyper
PanTS_00002262,1,1589,611,False,0.7656,2.297,13,7,6.861,45,44.41,10354,56,55.85,1467,,-32,-38,-37.55,-49,-48.99,42.1,7121,-0.9025,unknown,hypo,hypo,hypo
PanTS_00002269,1,19466,13438,False,0.7773,8.691,62,63,63.1,71,70.31,43248,78,77.47,14792,-9,-9,-8,-7.213,-15,-14.37,18.57,35315,-0.4309,iso,iso,hypo,iso
PanTS_00002275,1,6800,3730,False,0.6895,5.278,71,72,72.27,81,80.7,40021,76,75.35,10107,-9,-10,-9,-8.432,-4,-3.077,8.288,34223,-1.086,iso,iso,iso,iso
PanTS_00002276,1,554,160,False,1.5,3.354,3,8,7.135,-1,-3.174,22100,-12,-11.72,2177,6,4,9,10.31,20,18.86,12.93,17132,0.6961,iso,iso,hyper,hyper
PanTS_00002279,1,4643,1873,False,0.7773,5,82,85,84.61,89,87.52,30233,90,89.12,8081,-2,-7,-4,-2.916,-5,-4.506,21.55,24511,-0.1856,iso,iso,iso,iso
PanTS_00002287,1,883,195,False,0.7852,2.5,68,67,66.97,68,67.1,54408,78,78.11,7268,0,0,-1,-0.1207,-11,-11.13,9.283,48752,-0.1077,iso,iso,hypo,iso
PanTS_00002304,1,13420,8963,False,0.7422,7.285,49,49,48.68,52,50.86,76381,51,50.81,16143,-7,-3,-3,-2.179,-2,-2.127,20.22,63846,-0.1483,iso,iso,iso,iso
PanTS_00002323,1,205,40,True,0,0,72,69,69.21,86,86.07,14962,86,87.09,1644,-14,-14,-17,-16.86,-17,-17.88,7.625,12197,-2.23,hypo,hypo,hypo,hypo
PanTS_00002329,1,11885,8084,False,0.6953,9.181,46,41,41.06,43,42.99,78404,48,47.3,9144,3,3,-2,-1.937,-7,-6.248,13.92,70141,-0.1436,iso,iso,iso,iso
PanTS_00002340,1,789,282,False,0.9766,2.795,44,45,45.06,34,32.71,47997,39,36.98,10356,10,10,11,12.35,6,8.089,15.58,39400,0.706,iso,hyper,iso,hyper
PanTS_00002345,1,932,111,False,0.9766,4.143,50,42,41.28,56,54.7,27377,57,56.59,6715,-7,-6,-14,-13.41,-15,-15.31,9.283,23869,-1.508,iso,hypo,hypo,hypo
PanTS_00002353,1,894,258,False,1.5,3.354,65,67,67.39,73,73.47,13189,77,77.76,1425,-8,-8,-6,-6.074,-10,-10.37,7.293,10167,-0.8227,iso,iso,iso,iso
PanTS_00002362,1,16358,10058,False,0.662,5.915,50,50,50.08,54,53.85,106397,52,52.2,27959,-4,-4,-4,-3.772,-2,-2.118,24.2,91551,-0.1653,iso,iso,iso,iso
PanTS_00002362,2,1260,318,False,0.662,1.324,43,43.5,43.05,54,53.85,106397,58,57.41,16478,-11,-11,-10.5,-10.81,-14.5,-14.36,24.2,91551,-0.4339,hypo,hypo,hypo,hypo
PanTS_00002388,1,33662,24969,False,0.7637,11.2,48,51,51.06,57,56.65,59974,43,43.17,8614,-12,-9,-6,-5.583,8,7.895,21.88,52382,-0.2742,hypo,iso,iso,iso
PanTS_00002396,1,758,124,False,0.7871,1.76,64,93.5,95.84,63,64.43,28031,57,57.59,5252,0,1,30.5,31.42,36.5,38.25,13.1,23876,2.329,iso,hyper,hyper,hyper
PanTS_00002417,1,361,40,True,0,0,77,73,74.46,85,84.14,21949,81,80.31,2730,-8,-8,-12,-9.681,-8,-5.849,13.59,19183,-0.8829,iso,hypo,iso,iso
PanTS_00002417,2,284,40,True,0,0.7324,92,99,99.33,85,84.14,21949,90,89.85,3012,7,7,14,15.19,9,9.485,13.59,19183,1.03,iso,hyper,iso,hyper
PanTS_00002435,1,14171,8978,False,0.7422,6.898,63,53,53.76,104,103.1,90345,100,98.74,20107,-41,-41,-51,-49.38,-47,-44.98,14.92,77594,-3.419,hypo,hypo,hypo,hypo
PanTS_00002445,1,19667,10708,False,0.785,5.168,35,34,34.26,32,31.84,91161,40,40.34,36471,2,3,2,2.419,-6,-6.074,6.962,75930,0.2873,iso,iso,iso,iso
PanTS_00002451,1,2107,690,False,0.75,5.483,28,29,28.27,25,25.76,5862,24,23.08,4463,3,3,4,2.513,5,5.193,11.6,4365,0.3447,iso,iso,iso,iso
PanTS_00002464,1,829,181,False,0.8164,2.5,54,47,47.51,69,67.06,31141,67,63.27,2464,-10,-15,-22,-19.55,-20,-15.76,15.25,25529,-1.443,iso,hypo,hypo,hypo
PanTS_00002464,2,2684,971,False,0.8164,5,84,82,82.01,69,67.06,31141,77,76.03,9228,20,15,13,14.95,5,5.984,15.25,25529,0.8525,hyper,hyper,iso,hyper
PanTS_00002466,1,38417,29126,False,0.7812,9.44,29,28,27.99,40,40.28,106310,40,40.18,20552,-12,-11,-12,-12.29,-12,-12.19,21.55,91516,-0.5569,hypo,hypo,hypo,hypo
PanTS_00002468,1,6568,4246,False,0.7812,6.102,26,26,26.57,37,36.62,184797,39,39.06,32241,-12,-11,-11,-10.05,-13,-12.49,29.84,164604,-0.3687,hypo,hypo,hypo,hypo
PanTS_00002479,1,289,57,False,0.7656,0.8,13,28,28.03,13,13.1,203007,21,22.21,26564,1,0,15,14.93,7,5.817,41.44,183806,0.362,iso,hyper,iso,hyper
PanTS_00002479,2,36,36,True,0,0,1.5,1.5,4.045,13,13.1,203007,37,36.26,9083,-10.5,-11.5,-11.5,-9.055,-35.5,-32.21,41.44,183806,-0.2775,hypo,hypo,hypo,iso
PanTS_00002479,3,12,12,True,0,0,-55,-55,-51,13,13.1,203007,38,37.05,8025,-67,-68,-68,-64.1,-93,-88.05,41.44,183806,-1.641,hypo,hypo,hypo,hypo
PanTS_00002479,4,1625,639,False,0.7656,2.4,12,7,6.797,13,13.1,203007,21,21.32,28263,0,-1,-6,-6.303,-14,-14.53,41.44,183806,-0.1448,iso,iso,hypo,iso
PanTS_00002479,5,156,40,True,0,0.7656,9,32,27.96,13,13.1,203007,17,17.32,12157,-3,-4,19,14.86,15,10.64,41.44,183806,0.4585,iso,hyper,hyper,hyper
PanTS_00002483,1,1749,827,False,0.8,3.711,12,10,9.66,14,13.69,170139,21,20.67,24344,-2,-2,-4,-4.032,-11,-11.01,37.13,147061,-0.1077,iso,iso,hypo,iso
PanTS_00002495,1,2688,717,False,0.782,5,87,90,90.24,112,109.6,18803,112,109.2,2565,-24,-25,-22,-19.34,-22,-18.93,4.973,15468,-4.424,hypo,hypo,hypo,hypo
PanTS_00002497,1,577,40,True,0,0,84,84,84.58,84,82.87,11196,84,83.36,2722,0,0,0,1.718,0,1.22,5.967,8704,0,iso,iso,iso,iso
PanTS_00002497,2,1574,423,False,0.6289,3.667,86,86,84.27,84,82.87,11196,89,88.52,2844,2,2,2,1.401,-3,-4.254,5.967,8704,0.3352,iso,iso,iso,iso
PanTS_00002498,1,4599,2572,False,1,5.099,34.99,34.01,33.69,42.01,42.16,107913,60.01,59.62,23175,-7.019,-7.019,-7.996,-8.471,-26,-25.93,12.28,91996,-0.651,iso,iso,hypo,iso
PanTS_00002514,1,1880,631,False,0.9238,5,133,137,136.7,98,94.91,36471,108,105,10384,39,35,39,41.8,29,31.69,11.6,30149,3.361,hyper,hyper,hyper,hyper
PanTS_00002541,1,1726,677,False,0.8926,6,63,59,57.93,31,30.06,46725,34,33.65,4716,32,32,28,27.87,25,24.28,16.58,41435,1.689,hyper,hyper,hyper,hyper
PanTS_00002567,1,2983,1448,False,0.8594,7.006,94,93,92.3,86,84.01,26343,82,81.47,7643,10,8,7,8.29,11,10.83,13.26,21160,0.5279,iso,iso,hyper,iso
PanTS_00002572,1,743,63,False,0.8086,1.808,85,82,82.72,86,85.03,20712,87,87.5,1364,-1,-1,-4,-2.315,-5,-4.784,8.288,17366,-0.4826,iso,iso,iso,iso
PanTS_00002585,1,5724,3176,False,0.832,8.32,81,84,82.72,94,94.11,23026,99,99.14,6666,-13,-13,-10,-11.4,-15,-16.42,23.87,19895,-0.4189,hypo,iso,hypo,hypo
PanTS_00002592,1,461,40,True,0,0.7598,90,92,90.17,84,83.19,22839,84,82.54,3497,6,6,8,6.973,8,7.624,11.27,19563,0.7097,iso,iso,iso,iso
PanTS_00002593,1,2585,1140,False,0.7852,5.061,115,110,108.9,137,136.6,28161,140,138.9,7972,-22,-22,-27,-27.69,-30,-29.97,11.6,24095,-2.327,hypo,hypo,hypo,hypo
PanTS_00002597,1,3666,1581,False,0.9199,7.221,16,15,15.65,4,3.966,12094,27,26.03,3787,10,12,11,11.69,-12,-10.38,9.614,9349,1.144,iso,hyper,hypo,hyper
PanTS_00002609,1,3810,1843,False,0.7773,6.333,73,71,71.01,60,56.08,44635,64,61.8,9543,18,13,11,14.93,7,9.214,17.57,38160,0.626,hyper,hyper,iso,hyper
PanTS_00002616,1,3364,1721,False,0.7305,5.844,117,116,115.4,108,108.8,73179,116,117,13373,7,9,8,6.606,0,-1.635,11.93,65522,0.6703,iso,iso,iso,iso
PanTS_00002628,1,4809,2674,False,0.9766,8.203,76,76,74.94,84,80.6,22817,95,93.39,5347,-5,-8,-8,-5.659,-19,-18.45,14.59,18384,-0.5484,iso,iso,hypo,iso
PanTS_00002643,1,179,40,True,0,0.8867,49,41.5,42.17,90,89.63,31821,88,87.91,3544,-41,-41,-48.5,-47.47,-46.5,-45.75,8.288,25088,-5.852,hypo,hypo,hypo,hypo
PanTS_00002652,1,4219,1346,False,0.8242,3.686,18,16,16.67,60,57.09,27109,44,40.18,2559,-41,-42,-44,-40.42,-28,-23.52,9.283,22206,-4.74,hypo,hypo,hypo,hypo
PanTS_00002652,2,1379,475,False,0.8242,3.297,65,71,69.8,60,57.09,27109,69,67.98,7699,6,5,11,12.72,2,1.819,9.283,22206,1.185,iso,hyper,iso,hyper
PanTS_00002677,1,2635,1452,False,0.7461,4,26,20,19.79,47,47.21,118757,42,42.13,31187,-21,-21,-27,-27.42,-22,-22.34,24.53,102618,-1.101,hypo,hypo,hypo,hypo
PanTS_00002686,1,732,40,True,0,1.34,42,54,55.12,82,80.37,20156,45,45.26,2020,-37,-40,-28,-25.24,9,9.86,11.27,15441,-2.484,hypo,hypo,iso,hypo
PanTS_00002686,2,372,72,False,0.9473,2.5,30,30,29.68,82,80.37,20156,46,46.04,2822,-49,-52,-52,-50.68,-16,-16.35,11.27,15441,-4.613,hypo,hypo,hypo,hypo
PanTS_00002720,1,189621,149084,False,0.8789,35.96,64,65,64.45,59,57.64,21797,64,63.85,3507,5,5,6,6.816,1,0.6073,9.283,19213,0.6464,iso,iso,iso,iso
PanTS_00002729,1,17954,12717,False,0.7852,8.716,55,56,55.97,48,46.21,58950,51,49.53,7321,7,7,8,9.762,5,6.449,11.6,50707,0.6895,iso,iso,iso,iso
PanTS_00002729,2,10941,6605,False,0.7852,6.444,51,56,56.31,48,46.21,58950,68,65.14,3198,3,3,8,10.09,-12,-8.838,11.6,50707,0.6895,iso,iso,hypo,hyper
PanTS_00002734,1,16911,10509,False,0.7422,11.74,63,66,65.58,92,91.23,38889,86,84.93,3968,-28,-29,-26,-25.65,-20,-19.35,6.962,33714,-3.735,hypo,hypo,hypo,hypo
PanTS_00002741,1,7232,4118,False,0.709,6.89,104,106,105.8,119,117.4,35041,123,121.9,12569,-12,-15,-13,-11.65,-17,-16.12,11.27,30045,-1.153,hypo,hypo,hypo,hypo
PanTS_00002750,1,6286,2457,False,0.7227,2.421,38,38,37.03,43,43.14,144857,43,43.34,43552,-5,-5,-5,-6.117,-5,-6.314,25.53,127478,-0.1959,iso,iso,iso,iso
PanTS_00002750,2,2076,685,False,0.7227,2.195,37,31,32.94,43,43.14,144857,47,45.87,27464,-6,-6,-12,-10.2,-16,-12.92,25.53,127478,-0.4701,iso,hypo,hypo,hypo
PanTS_00002759,1,23909,14719,False,0.7812,16.79,7,8,8.648,8,7.398,23495,5,4.926,1662,-1,-1,0,1.25,3,3.722,13.92,20346,0,iso,iso,iso,iso
PanTS_00002779,1,33984,24575,False,0.7812,9.272,38,39,39.6,34,33.06,150743,33,31.86,29843,4,4,5,6.535,6,7.739,55.36,134470,0.09031,iso,iso,iso,iso
PanTS_00002829,1,1688,658,False,0.7891,3.108,24,15,15.81,73,71.48,67220,76,75.07,11417,-50,-49,-58,-55.66,-61,-59.25,10.28,57040,-5.644,hypo,hypo,hypo,hypo
PanTS_00002849,1,28507,19917,False,0.8,7.198,44,43,42.27,30,30.25,34424,23,23.14,5012,21,14,13,12.02,20,19.13,12.6,22466,1.032,hyper,hyper,hyper,hyper
PanTS_00002855,1,23969,17682,False,0.6133,6.774,47,47,46.67,50,49.95,38334,52,52.21,19143,,-3,-3,-3.275,-5,-5.54,10.94,32592,-0.2742,unknown,iso,iso,iso
PanTS_00002859,1,196,40,True,0,1.688,78,78.5,78,92,91.92,49322,95,95.03,1869,-14,-14,-13.5,-13.92,-16.5,-17.03,10.61,41617,-1.273,hypo,hypo,hypo,hypo
PanTS_00002866,1,332,40,True,0,0,76.5,64,65.38,107,105,19949,116,115.8,1406,-30.5,-30.5,-43,-39.59,-52,-50.38,6.962,16725,-6.176,hypo,hypo,hypo,hypo
PanTS_00002875,1,56519,43938,False,0.791,13.61,39,40,39.76,38,37.31,61973,45,44.95,19139,-1,1,2,2.448,-5,-5.187,18.57,53856,0.1077,iso,iso,iso,iso
PanTS_00002875,2,22,22,True,0,0,43,43,41.71,38,37.31,61973,53,52.76,3632,3,5,5,4.4,-10,-11.05,18.57,53856,0.2693,iso,iso,iso,iso
PanTS_00002888,1,5030,2457,False,0.707,5.545,29,17,17.13,98,97.94,73724,102,101.5,16978,-69,-69,-81,-80.81,-85,-84.37,10.28,66293,-7.882,hypo,hypo,hypo,hypo
PanTS_00002889,1,1997,825,False,0.7383,2.4,25,24,27.66,29,29.19,151292,30,29.74,43473,-4,-4,-5,-1.525,-6,-2.08,65.97,135422,-0.07579,iso,iso,iso,iso
PanTS_00002889,2,1602,725,False,0.7383,2.631,26,25,29.82,29,29.19,151292,31,32.23,13814,-3,-3,-4,0.6292,-6,-2.413,65.97,135422,-0.06063,iso,iso,iso,iso
PanTS_00002893,1,3685,1888,False,0.8242,6.342,39,34.5,35.48,34,33.13,32138,41,40.15,7071,5,5,0.5,2.347,-6.5,-4.679,9.946,26862,0.05027,iso,iso,iso,iso
PanTS_00002898,1,1110,131,False,0.663,0.8,25.5,26,26.27,49,48.91,151787,48,48.32,29056,-24.5,-23.5,-23,-22.64,-22,-22.06,21.55,134453,-1.067,hypo,hypo,hypo,hypo
PanTS_00002898,2,11520,7642,False,0.663,5.639,49,47,47.36,49,48.91,151787,56,55.35,44616,-1,0,-2,-1.549,-9,-7.99,21.55,134453,-0.09281,iso,iso,iso,iso
PanTS_00002905,1,227,40,True,0,0,93,89.5,91.12,105,104.6,17942,101,100.5,2778,-12,-12,-15.5,-13.44,-11.5,-9.33,8.951,14881,-1.732,hypo,hypo,hypo,hypo
PanTS_00002906,1,932,288,False,0.7812,1.747,31,29,29.66,37,37.17,126328,36,35.44,22215,-6,-6,-8,-7.52,-7,-5.785,18.23,109424,-0.4388,iso,iso,iso,iso
PanTS_00002913,1,1823,804,False,0.7773,5.462,115,116,116.5,98,97.23,40387,98,97.47,8434,20,17,18,19.31,18,19.08,11.93,33466,1.508,hyper,hyper,hyper,hyper
PanTS_00002915,1,1554,510,False,1,2.236,55.99,59.01,58.71,88,87.35,153026,82.99,83.04,6462,-34.03,-32.01,-28.99,-28.64,-23.99,-24.34,14.28,133230,-2.031,hypo,hypo,hypo,hypo
PanTS_00002916,1,175,40,True,0,0.8,13,21.5,22.79,16,15.88,138496,25,24.66,8926,-3,-3,5.5,6.91,-3.5,-1.87,26.85,122504,0.2048,iso,iso,iso,iso
PanTS_00002927,1,9279,5701,False,0.6641,8,78,80,79.83,95,94.29,58191,96,95.44,6805,-16,-17,-15,-14.47,-16,-15.62,10.28,49704,-1.46,hypo,hypo,hypo,hypo
PanTS_00002930,1,588,176,False,0.8984,3.565,5,-4,-4.132,24,20.45,31090,18,16.61,5764,-19,-19,-28,-24.58,-22,-20.74,16.58,27307,-1.689,hypo,hypo,hypo,hypo
PanTS_00002935,1,94,40,True,0,0,33,35,34.79,41,40.43,13461,41,40.31,2611,-8,-8,-6,-5.635,-6,-5.514,13.26,10438,-0.4525,iso,iso,iso,iso
PanTS_00002935,2,5194,3146,False,1.5,9.605,38,37,36.74,41,40.43,13461,41,41.05,1633,-3,-3,-4,-3.684,-4,-4.311,13.26,10438,-0.3016,iso,iso,iso,iso
PanTS_00002936,1,18112,11374,False,1.5,9.487,54,54,53.7,67,65.81,14737,69,68.96,5682,-13,-13,-13,-12.11,-15,-15.26,20.89,10739,-0.6224,hypo,hypo,hypo,hypo
PanTS_00002960,1,2102,894,False,0.5977,3,34,38,38.09,37,35.96,107505,35,34.81,19113,-3,-3,1,2.129,3,3.285,2.321,95749,0.4309,iso,iso,iso,iso
PanTS_00002963,1,1861,655,False,0.7422,1.764,35,38,39.96,38,38.04,198634,44,44.13,18617,-3,-3,0,1.923,-6,-4.17,34.15,182765,0,iso,iso,iso,iso
PanTS_00002963,2,1100,383,False,0.7422,2.099,28,30,26.97,38,38.04,198634,42,41.77,21504,-10,-10,-8,-11.06,-12,-14.79,34.15,182765,-0.2343,iso,iso,hypo,hypo
PanTS_00002963,3,3,3,True,0,0,51,51,52.33,38,38.04,198634,46,45.12,6768,13,13,13,14.29,5,7.215,34.15,182765,0.3807,hyper,hyper,iso,hyper
PanTS_00002963,4,8,8,True,0,0,85,85,65.17,38,38.04,198634,43,43.58,9936,47,47,47,27.13,42,21.59,34.15,182765,1.376,hyper,hyper,hyper,hyper
PanTS_00002963,5,88,40,True,0,0.7422,13.5,8.5,13.25,38,38.04,198634,43,43.39,13130,-24.5,-24.5,-29.5,-24.79,-34.5,-30.14,34.15,182765,-0.8639,hypo,hypo,hypo,hypo
PanTS_00002963,6,30,30,True,0,0,37.5,37.5,41.72,38,38.04,198634,41,40.71,10234,-0.5,-0.5,-0.5,3.684,-3.5,1.009,34.15,182765,-0.01464,iso,iso,iso,iso
PanTS_00002993,1,17294,12562,False,0.8125,10.1,39,39,38.58,56,55.86,54242,53,53.28,10103,-18,-17,-17,-17.28,-14,-14.7,23.21,46071,-0.7326,hypo,hypo,hypo,hypo
PanTS_00003012,1,632,40,True,0,0,85,86.5,87.04,84,83.35,14746,120,119.5,1818,5,1,2.5,3.69,-33.5,-32.45,12.93,12282,0.1934,iso,iso,hypo,iso
PanTS_00003012,2,2298,95,False,0.8242,1.843,77,71,67.02,84,83.35,14746,133,132.9,940,-3,-7,-13,-16.33,-62,-65.92,12.93,12282,-1.005,iso,hypo,hypo,hypo
PanTS_00003012,3,109,40,True,0,0,60,59,57.17,84,83.35,14746,127,126.6,625,-20,-24,-25,-26.18,-68,-69.45,12.93,12282,-1.934,hypo,hypo,hypo,hypo
PanTS_00003012,4,128,40,True,0,0,47,52.5,50.92,84,83.35,14746,,,0,-33,-37,-31.5,-32.43,,,12.93,12282,-2.436,hypo,hypo,unknown,hypo
PanTS_00003012,5,1583,139,False,0.8242,2.972,77,77,75.88,84,83.35,14746,,,0,-3,-7,-7,-7.469,,,12.93,12282,-0.5414,iso,iso,unknown,iso
PanTS_00003012,6,471,43,False,0.8242,1.843,38,28,29.89,84,83.35,14746,,,0,-42,-46,-56,-53.46,,,12.93,12282,-4.331,hypo,hypo,unknown,hypo
PanTS_00003024,1,105,40,True,0,1,56.99,50.51,51.54,60.99,61.69,241543,88,87.52,10383,-3.021,-3.998,-10.48,-10.15,-37.49,-35.98,9.632,210206,-1.088,iso,hypo,hypo,hypo
PanTS_00003024,2,243,40,True,0,1,19,13.49,14.29,60.99,61.69,241543,56.99,56.97,7894,-41.02,-41.99,-47.5,-47.4,-43.5,-42.68,9.632,210206,-4.932,hypo,hypo,hypo,hypo
PanTS_00003024,3,3,3,True,0,0,20,20,19.67,60.99,61.69,241543,55.99,55.93,5627,-40.01,-40.99,-40.99,-42.03,-35.98,-36.26,9.632,210206,-4.255,hypo,hypo,hypo,hypo
PanTS_00003024,4,6,6,True,0,0,-2.502,-2.502,1.495,60.99,61.69,241543,54,54.23,5337,-62.52,-63.49,-63.49,-60.2,-56.5,-52.73,9.632,210206,-6.592,hypo,hypo,hypo,hypo
PanTS_00003029,1,90,40,True,0,0,35,38,38.83,43,43.23,20461,56,56.68,3426,-8,-8,-5,-4.393,-18,-17.84,17.24,15630,-0.29,iso,iso,hypo,iso
PanTS_00003033,1,2167,1081,False,0.7,3.162,76,76,75.36,77,75.62,121733,80,79.12,13365,-1,-1,-1,-0.2647,-4,-3.768,13.59,97205,-0.07357,iso,iso,iso,iso
PanTS_00003038,1,1748,774,False,0.9277,5,65,64,62.67,64,63.37,32351,73,73.5,3203,1,1,0,-0.6956,-9,-10.83,13.59,28512,0,iso,iso,iso,iso
PanTS_00003051,1,5239,2765,False,0.7168,3.062,43,43,42.23,44,45.02,171904,47,47.02,16777,0,-1,-1,-2.789,-4,-4.792,45.75,153146,-0.02186,iso,iso,iso,iso
PanTS_00003072,1,768,252,False,0.7031,1.6,30,25,27.55,42,41.96,86208,43,42.7,20503,-13,-12,-17,-14.41,-18,-15.15,31.83,74238,-0.5342,hypo,hypo,hypo,hypo
PanTS_00003072,2,173,40,True,0,0.7031,38,18.5,27.17,42,41.96,86208,43,43.47,20852,-5,-4,-23.5,-14.79,-24.5,-16.3,31.83,74238,-0.7384,iso,hypo,hypo,hypo
PanTS_00003079,1,11028,5638,False,0.7617,8.17,56,56,55.99,71,68.95,45542,84,82.74,6683,-13,-15,-15,-12.96,-28,-26.75,11.27,39310,-1.331,hypo,hypo,hypo,hypo
PanTS_00003082,1,5039,2686,False,0.7656,7.33,87,90,90.75,110,107.2,34913,107,102.6,6624,-23,-23,-20,-16.43,-17,-11.83,11.93,30407,-1.676,hypo,hypo,hypo,hypo
PanTS_00003084,1,743,98,False,0.66,2.8,51,55,55.12,41,40.34,22133,43,43.17,4550,10,10,14,14.77,12,11.95,7.625,19297,1.836,iso,hyper,hyper,hyper
PanTS_00003113,1,2467,229,False,0.6328,4.475,68,76,75.89,82,83.24,38314,89,87.72,12985,-13,-14,-6,-7.35,-13,-11.83,5.304,33538,-1.131,hypo,iso,hypo,iso
PanTS_00003127,1,298,40,True,0,1.105,81,90,90.88,86,85.93,20893,73,70.95,1272,-5,-5,4,4.941,17,19.92,8.288,17335,0.4826,iso,iso,hyper,iso
PanTS_00003127,2,1221,200,False,0.7812,5,82,80,80.24,86,85.93,20893,80,76.81,3406,-4,-4,-6,-5.692,0,3.433,8.288,17335,-0.7239,iso,iso,iso,iso
PanTS_00003128,1,16016,9130,False,0.7422,9.101,61,64,64.3,91,90.59,39559,83,81.82,4237,-29,-30,-27,-26.29,-19,-17.53,13.59,34350,-1.986,hypo,hypo,hypo,hypo
PanTS_00003130,1,1456,103,False,0.7812,2.21,85,82,83.1,93,92.24,20971,87,86.3,3944,-6,-8,-11,-9.147,-5,-3.205,9.614,17698,-1.144,iso,hypo,iso,iso
PanTS_00003130,2,2976,879,False,0.7812,5,72,71,70.69,93,92.24,20971,93,92.22,4772,-19,-21,-22,-21.55,-22,-21.53,9.614,17698,-2.288,hypo,hypo,hypo,hypo
PanTS_00003147,1,6002,3336,False,0.6133,7.426,25,20,19.93,133,130.8,38417,141,138.1,13204,-109,-108,-113,-110.9,-121,-118.2,6.962,33670,-16.23,hypo,hypo,hypo,hypo
PanTS_00003148,1,1617,663,False,0.7812,2.4,8,13,13.47,-9,-9.653,234101,4,3.562,40673,17,17,22,23.12,9,9.904,35.14,212461,0.626,hyper,hyper,iso,hyper
PanTS_00003151,1,14115,6389,False,0.8828,10.18,22,21,21.38,91,91.33,18619,97,95.39,1321,-69,-69,-70,-69.95,-76,-74.01,6.962,15828,-10.05,hypo,hypo,hypo,hypo
PanTS_00003153,1,136,40,True,0,0,58,64,62.17,95,93.57,43558,91,90.84,1374,-36,-37,-31,-31.4,-27,-28.67,7.625,37744,-4.066,hypo,hypo,hypo,hypo
PanTS_00003153,2,1586,461,False,0.9766,4.143,32,25,25.72,95,93.57,43558,98,97.16,2869,-62,-63,-70,-67.85,-73,-71.44,7.625,37744,-9.18,hypo,hypo,hypo,hypo
PanTS_00003153,3,600,44,False,0.9766,1.953,42,25,26.5,95,93.57,43558,94,93.72,2194,-52,-53,-70,-67.07,-69,-67.22,7.625,37744,-9.18,hypo,hypo,hypo,hypo
PanTS_00003160,1,762,148,False,1.5,2.121,33,31,31.7,33,31.58,19029,37,36.37,3622,0,0,-2,0.1183,-6,-4.669,8.62,14182,-0.232,iso,iso,iso,iso
PanTS_00003161,1,471,102,False,0.756,1.101,102,90,89.97,102,101.8,115203,151,149.8,10324,-3,0,-12,-11.88,-61,-59.88,9.283,94270,-1.293,iso,hypo,hypo,hypo
PanTS_00003161,2,69,40,True,0,0,824,799.5,759.8,102,101.8,115203,138,137.8,13506,719,722,697.5,657.9,661.5,621.9,9.283,94270,75.14,hyper,hyper,hyper,hyper
PanTS_00003161,3,20043,11930,False,0.756,6.4,86,83,82.16,102,101.8,115203,128,126.5,43678,-19,-16,-19,-19.68,-45,-44.31,9.283,94270,-2.047,hypo,hypo,hypo,hypo
PanTS_00003162,1,497,40,True,0,1.224,68,64.5,66.5,73,71.66,28437,77,76.69,4568,-5,-5,-8.5,-5.156,-12.5,-10.19,14.59,25217,-0.5827,iso,iso,hypo,iso
PanTS_00003187,1,6269,2317,False,0.6582,2.131,46,43,42.41,47,46.24,141710,48,48.4,33651,-1,-1,-4,-3.834,-5,-5.989,18.57,125814,-0.2155,iso,iso,iso,iso
PanTS_00003187,2,2470,904,False,0.6582,1.862,35,38,36.24,47,46.24,141710,47,47.14,24993,-12,-12,-9,-10,-9,-10.91,18.57,125814,-0.4848,hypo,iso,iso,hypo
PanTS_00003187,3,236,40,True,0,0.8015,47,43.5,43.67,47,46.24,141710,50,49.61,17336,0,0,-3.5,-2.573,-6.5,-5.939,18.57,125814,-0.1885,iso,iso,iso,iso
PanTS_00003187,4,12,12,True,0,0,55,55,55.25,47,46.24,141710,47,47.25,11316,8,8,8,9.01,8,8.002,18.57,125814,0.4309,iso,iso,iso,iso
PanTS_00003187,5,293,40,True,0,0.8015,35,14,19.25,47,46.24,141710,47,47.18,20985,-12,-12,-33,-26.99,-33,-27.93,18.57,125814,-1.778,hypo,hypo,hypo,hypo
PanTS_00003188,1,9503,5838,False,0.8438,6.096,50,52,52.12,85,84.38,84590,83,82.27,8314,-37,-35,-33,-32.26,-31,-30.14,9.614,75362,-3.432,hypo,hypo,hypo,hypo
PanTS_00003192,1,3733,1725,False,0.8789,6.699,73,73,72.42,55,55.14,15129,47,46.35,2645,25,18,18,17.28,26,26.07,20.55,11428,0.8757,hyper,hyper,hyper,hyper
PanTS_00003202,1,1898,642,False,0.8887,4.932,137,142,142.4,128,127.8,25739,126,125.1,3588,10,9,14,14.67,16,17.36,12.27,21683,1.141,iso,hyper,hyper,hyper
PanTS_00003205,1,26927,20161,False,0.6289,7.768,38,38,38.23,34,34.7,29218,37,36.46,12478,8,4,4,3.531,1,1.777,12.6,24409,0.3175,iso,iso,iso,iso
PanTS_00003229,1,18616,13198,False,0.7754,9.076,62,62,61.62,56,55.39,58481,64,63.12,9526,6,6,6,6.224,-2,-1.507,16.24,48253,0.3694,iso,iso,iso,iso
PanTS_00003246,1,4020,2067,False,0.9766,7.578,77,77,75.55,90,86.62,32419,78,76.4,7154,-9,-13,-13,-11.07,-1,-0.8506,22.87,27692,-0.5683,iso,hypo,iso,hypo
PanTS_00003258,1,243,40,True,0,0,44,47,45.75,80,76.4,12267,63,62.97,2252,-34,-36,-33,-30.65,-16,-17.22,7.956,10165,-4.148,hypo,hypo,hypo,hypo
PanTS_00003258,2,366,40,True,0,1.304,51,55,54.17,80,76.4,12267,,,0,-27,-29,-25,-22.24,,,7.956,10165,-3.142,hypo,hypo,unknown,hypo
PanTS_00003258,3,288,40,True,0,0,52,48,48.38,80,76.4,12267,,,0,-26,-28,-32,-28.03,,,7.956,10165,-4.022,hypo,hypo,unknown,hypo
PanTS_00003260,1,4689,1824,False,0.6836,2.201,33,34,34.65,44,43.85,67145,45,44.91,32888,-11,-11,-10,-9.2,-11,-10.26,13.59,59051,-0.7357,hypo,iso,hypo,iso
PanTS_00003265,1,272,40,False,0.7812,0.8,35,35.5,24.21,25,25.28,234220,28,27.99,27189,10,10,10.5,-1.071,7.5,-3.783,61.99,210668,0.1694,iso,hyper,iso,iso
PanTS_00003270,1,15893,10613,False,0.7,6.33,92,94,93.62,77,74.83,92254,82,81.42,16630,15,15,17,18.79,12,12.21,8.62,74697,1.972,hyper,hyper,hyper,hyper
PanTS_00003276,1,2757,1188,False,0.9766,6.064,86,82,83.29,94,91.73,22308,95,94.2,6237,-7,-8,-12,-8.443,-13,-10.91,21.22,18348,-0.5656,iso,hypo,hypo,iso
PanTS_00003280,1,535,40,True,0,0,81,78,79.04,114,111.4,14526,112,110.3,3379,-31,-33,-36,-32.36,-34,-31.25,7.625,12244,-4.721,hypo,hypo,hypo,hypo
PanTS_00003287,1,1812,689,False,0.8223,4.111,128,129,129.2,121,118.9,9448,132,129.1,2589,13,7,8,10.29,-3,0.02687,11.27,6870,0.7097,hyper,iso,iso,hyper
PanTS_00003292,1,4341,2342,False,0.9766,8.052,59,57,57.87,76,74.5,45968,77,75.87,6344,-17,-17,-19,-16.62,-20,-18,15.25,39472,-1.246,hypo,hypo,hypo,hypo
PanTS_00003300,1,1601,759,False,0.7539,4.523,110,108,108,68,65.02,33608,94,93.35,8756,41,42,40,43,14,14.66,15.58,27468,2.567,hyper,hyper,hyper,hyper
PanTS_00003303,1,3401,588,False,0.8594,4.297,48,47,46.2,46,44.57,24478,47,47.51,3696,2,2,1,1.635,0,-1.305,6.63,21430,0.1508,iso,iso,iso,iso
PanTS_00003318,1,5261,2862,False,0.8027,7.256,31,17,17.96,73,70.43,104446,77,76.43,19089,-42,-42,-56,-52.47,-60,-58.47,25.2,95834,-2.223,hypo,hypo,hypo,hypo
PanTS_00003339,1,4698,2670,False,0.8242,7.828,25,26,25.71,30,28.69,12607,38,38.07,3612,-5,-5,-4,-2.976,-12,-12.36,7.293,9505,-0.5484,iso,iso,hypo,iso
PanTS_00003343,1,2393,486,False,0.8105,2.628,24,29.5,28.92,12,10.18,26529,17,16.48,6422,12,12,17.5,18.74,12.5,12.44,12.27,21604,1.427,hyper,hyper,hyper,hyper
PanTS_00003355,1,11416,7452,False,0.7031,8.924,63,65,65.48,75,72.94,45809,73,70.75,9440,-11,-12,-10,-7.461,-8,-5.274,12.27,38867,-0.8152,hypo,iso,iso,iso
PanTS_00003356,1,2369,1048,False,0.7656,4.636,8,8,9.359,38,34.33,32088,30,24.34,4716,-27,-30,-30,-24.97,-22,-14.98,14.59,27603,-2.057,hypo,hypo,hypo,hypo
PanTS_00003360,1,6891,2569,False,0.8965,5.437,54,53,53.92,58.5,56.68,306,58.5,56.45,302,5,-4.5,-5.5,-2.76,-5.5,-2.52,8.62,90,-0.6381,iso,iso,iso,iso
PanTS_00003370,1,414,102,False,0.8,1.596,-11,-21.5,-23.02,1,1.892,124493,8,9.162,9961,-12,-12,-22.5,-24.91,-29.5,-32.18,24.86,106933,-0.9049,hypo,hypo,hypo,hypo
PanTS_00003391,1,621,136,False,0.8262,2.613,47,46,46.44,106,104.7,29595,111,111.2,4468,-57,-59,-60,-58.21,-65,-64.8,9.946,24303,-6.033,hypo,hypo,hypo,hypo
PanTS_00003391,2,2330,735,False,0.8262,2.979,61,64,65.12,106,104.7,29595,87,85.47,3539,-43,-45,-42,-39.53,-23,-20.34,9.946,24303,-4.223,hypo,hypo,hypo,hypo
PanTS_00003398,1,2274,1076,False,0.7988,3.294,33,35,35.21,22,22.06,302300,30,28.86,35269,12,11,13,13.15,5,6.347,37.46,270782,0.347,hyper,hyper,iso,hyper
PanTS_00003405,1,424,40,True,0,1.5,73,80,79.42,60,58.07,24604,65,63.22,6055,13,13,20,21.35,15,16.2,26.52,17866,0.7541,hyper,hyper,hyper,hyper
PanTS_00003416,1,119,40,True,0,0,47,56,56.96,85,84.73,35706,86,85.66,2127,-38,-38,-29,-27.77,-30,-28.7,13.92,31196,-2.083,hypo,hypo,hypo,hypo
PanTS_00003416,2,6352,2046,False,0.8203,7.563,77,76,75.54,85,84.73,35706,94,93.56,3269,-8,-8,-9,-9.192,-18,-18.02,13.92,31196,-0.6464,iso,iso,hypo,iso
PanTS_00003416,3,116,40,True,0,0,82,82.5,80.5,85,84.73,35706,87,88.4,100,-3,-3,-2.5,-4.228,-4.5,-7.9,13.92,31196,-0.1795,iso,iso,iso,iso
PanTS_00003431,1,3369,1685,False,0.8359,6.14,111,113,113,109,108.9,50832,111,111,8395,2,2,4,4.12,2,1.995,11.27,43709,0.3549,iso,iso,iso,iso
PanTS_00003434,1,7672,4490,False,0.8477,7.965,72,71,71.23,68,67.76,20037,70,69.68,5943,9,4,3,3.473,1,1.554,13.92,14401,0.2155,iso,iso,iso,iso
PanTS_00003437,1,3657,1797,False,0.8867,6.204,99,95,95.73,110,105.6,20763,124,121.4,4347,-11,-11,-15,-9.867,-29,-25.67,16.24,17134,-0.9234,hypo,hypo,hypo,iso
PanTS_00003441,1,22893,16262,False,0.6875,10.5,51,51,52.02,57,62.12,16542,103,95.07,7392,-8,-6,-6,-10.1,-52,-43.05,4.973,12501,-1.207,iso,iso,hypo,hypo
PanTS_00003457,1,551,40,True,0,0,68,85.5,87.71,111,110.3,34779,91,89.52,3033,-42,-43,-25.5,-22.64,-5.5,-1.807,7.956,29820,-3.205,hypo,hypo,iso,hypo
PanTS_00003473,1,1535,410,False,0.7031,4.502,71,73,72.15,74,74.8,32026,74,73.97,6150,-3,-3,-1,-2.655,-1,-1.825,9.614,28085,-0.104,iso,iso,iso,iso
PanTS_00003473,2,303,40,True,0,0,63,63,62.88,74,74.8,32026,73,73.34,2386,-11,-11,-11,-11.93,-10,-10.46,9.614,28085,-1.144,hypo,hypo,iso,hypo
PanTS_00003473,3,1258,271,False,0.7031,4.717,51,51,51.31,74,74.8,32026,68,68.8,4715,-23,-23,-23,-23.49,-17,-17.5,9.614,28085,-2.392,hypo,hypo,hypo,hypo
PanTS_00003485,1,1018,412,False,0.7031,2.4,34,25,25.98,9,10.27,192977,16,16.68,37481,25,25,16,15.71,9,9.303,31.83,173123,0.5027,hyper,hyper,iso,hyper
PanTS_00003485,2,36,36,True,0,0,38,38,36.05,9,10.27,192977,13,13.58,11871,29,29,29,25.78,25,22.47,31.83,173123,0.9112,hyper,hyper,hyper,hyper
PanTS_00003493,1,5250,2164,False,0.6855,6.618,12,12,10.68,21,21.75,47269,25,24,13986,-12,-9,-9,-11.07,-13,-13.31,12.6,42866,-0.7144,hypo,iso,hypo,hypo
PanTS_00003493,2,171,40,True,0,0,9,18.5,20.54,21,21.75,47269,21,21.66,4104,-15,-12,-2.5,-1.213,-2.5,-1.119,12.6,42866,-0.1984,hypo,iso,iso,iso
PanTS_00003493,3,38,38,True,0,0,12,12,10.12,21,21.75,47269,17,16.97,2880,-12,-9,-9,-11.63,-5,-6.842,12.6,42866,-0.7144,hypo,iso,iso,hypo
PanTS_00003495,1,1278,345,False,0.8086,2.628,58,63,63.54,25,24.43,31121,36,35.51,4139,33,33,38,39.11,27,28.03,10.94,26256,3.473,hyper,hyper,hyper,hyper
PanTS_00003496,1,5592,3065,False,0.8633,8.162,97,97,96.75,107,104.4,38203,107,105.5,7255,-9,-10,-10,-7.613,-10,-8.77,13.59,33350,-0.7357,iso,iso,iso,iso
PanTS_00003496,2,108,40,True,0,0,65.5,80.5,79.08,107,104.4,38203,97,92.38,615,-40.5,-41.5,-26.5,-25.28,-16.5,-13.29,13.59,33350,-1.95,hypo,hypo,hypo,hypo
PanTS_00003513,1,102,40,True,0,1,80,77.01,78.17,99.99,100.1,168107,99.99,99.87,6663,-19.99,-19.99,-22.98,-21.95,-22.98,-21.7,7.932,146163,-2.897,hypo,hypo,hypo,hypo
PanTS_00003521,1,1301,407,False,0.6699,2.914,12,12,12.53,19,18.68,36864,18,17.91,5089,-7,-7,-7,-6.156,-6,-5.383,13.26,31564,-0.5279,iso,iso,iso,iso
PanTS_00003527,1,1248,461,False,1,2.828,60,60,59.47,85,84.06,72571,92,91.32,11794,-25,-25,-25,-24.59,-32,-31.85,7.956,63021,-3.142,hypo,hypo,hypo,hypo
PanTS_00003558,1,19114,11402,False,0.7441,10.23,49,50,49.83,50,49.35,9368,50,49.94,3080,3,-1,0,0.4873,0,-0.1101,15.25,6274,0,iso,iso,iso,iso
PanTS_00003570,1,160,40,True,0,0.8203,61,56.5,58.12,89,87.54,31103,99,98.1,1276,-27,-28,-32.5,-29.41,-42.5,-39.97,9.283,25746,-3.501,hypo,hypo,hypo,hypo
PanTS_00003578,1,681,179,False,0.7617,2.746,73,68,66.34,110,109.6,52926,108,107.5,2419,-37,-37,-42,-43.27,-40,-41.18,18.23,47254,-2.303,hypo,hypo,hypo,hypo
PanTS_00003586,1,13725,8339,False,0.7422,9.388,140,146,146.1,102,100,67365,111,109.7,21048,38,38,44,46.05,35,36.35,10.94,60047,4.022,hyper,hyper,hyper,hyper
PanTS_00003587,1,3447,1435,False,0.7812,3.455,21,21,22.72,30,30.42,92409,39,39,22159,-9,-9,-9,-7.7,-18,-16.27,48.4,79596,-0.1859,iso,iso,hypo,iso
PanTS_00003588,1,6090,3671,False,0.9004,6.728,45,49,48.31,72,70.66,31238,70,68.59,7122,-30,-27,-23,-22.35,-21,-20.29,14.92,26218,-1.542,hypo,hypo,hypo,hypo
PanTS_00003595,1,16328,11414,False,0.7852,8.465,33,35,34.66,27,25.97,54721,29,28.58,9900,5,6,8,8.697,6,6.083,10.94,46656,0.7313,iso,iso,iso,iso
PanTS_00003595,2,19452,13577,False,0.7852,9.029,27,31,31.25,27,25.97,54721,21,20.68,3159,-1,0,4,5.283,10,10.57,10.94,46656,0.3656,iso,iso,iso,iso
PanTS_00003602,1,1190,271,False,0.7422,2.5,127.5,130,130.5,72,71.09,25594,95,94.15,6593,63.5,55.5,58,59.37,35,36.31,12.27,20515,4.728,hyper,hyper,hyper,hyper
PanTS_00003615,1,58501,45945,False,0.7422,14.09,55,56,55.39,83,82.61,73978,76,76.24,10406,-28,-28,-27,-27.22,-20,-20.85,12.6,63910,-2.143,hypo,hypo,hypo,hypo
PanTS_00003624,1,2625,1265,False,0.7812,5.807,73,71,70.04,56,46.82,106582,69,64.77,12395,17,17,15,23.22,2,5.263,15.25,97384,0.9836,hyper,hyper,iso,hyper
PanTS_00003631,1,880,244,False,0.9629,3.97,90,73.5,75.09,112,112.4,48371,116,115.8,8890,-22,-22,-38.5,-37.35,-42.5,-40.68,10.28,41837,-3.746,hypo,hypo,hypo,hypo
PanTS_00003639,1,95197,76008,False,0.5996,11.02,30,30,29.34,46,45.6,141144,43,44.03,56273,-16,-16,-16,-16.26,-13,-14.69,12.27,125997,-1.304,hypo,hypo,hypo,hypo
PanTS_00003642,1,12022,7438,False,0.7422,8.906,76,76,76.18,80,74.99,76758,86,84.32,19674,-4,-4,-4,1.188,-10,-8.137,15.25,68511,-0.2623,iso,iso,iso,iso
PanTS_00003654,1,174218,146197,False,0.782,16.33,58,60,59.57,104,102.8,176788,96,94.73,41554,-44,-46,-44,-43.26,-36,-35.16,10.94,154683,-4.022,hypo,hypo,hypo,hypo
PanTS_00003672,1,293,40,True,0,1.59,22,6.5,8.708,36,35.43,53925,39,38.75,9055,-13,-14,-29.5,-26.72,-32.5,-30.04,13.26,46508,-2.225,hypo,hypo,hypo,hypo
PanTS_00003679,1,15405,9522,False,0.6641,7.984,94,94,93.22,95,94.47,27334,97,95.81,8545,0,-1,-1,-1.251,-3,-2.591,10.94,22732,-0.09141,iso,iso,iso,iso
PanTS_00003684,1,2834,1315,False,0.6992,4.219,130,125,124.9,140,138.1,20778,130,128.2,6649,-3,-10,-15,-13.26,-5,-3.367,14.59,16318,-1.028,iso,hypo,iso,hypo
PanTS_00003700,1,3750,1763,False,0.752,4.759,103,104,104.4,145,142,27068,143,141.9,5854,-39,-42,-41,-37.59,-39,-37.51,11.6,22173,-3.534,hypo,hypo,hypo,hypo
PanTS_00003706,1,3871,2235,False,0.7812,4.585,21,25,25.48,37,36,172710,41,40.11,25919,-16,-16,-12,-10.52,-16,-14.63,32.49,154118,-0.3694,hypo,hypo,hypo,hypo
PanTS_00003711,1,36828,27166,False,0.7441,13.01,71,73,72.74,60,59.4,54876,65,65.23,7763,11,11,13,13.35,8,7.512,10.61,48278,1.225,hyper,hyper,iso,hyper
PanTS_00003730,1,1901,598,False,0.9766,3.973,80,83,81.89,34,34.22,14474,43,42.12,5078,42,46,49,47.68,40,39.78,23.21,10566,2.111,hyper,hyper,hyper,hyper
PanTS_00003736,1,2655,1339,False,0.8,3.478,21,25,26.75,17,17.77,174965,21,20.1,12680,4,4,8,8.985,4,6.646,54.04,156059,0.148,iso,iso,iso,iso
PanTS_00003746,1,178,40,True,0,1.5,34.5,33.5,28.92,55,55.76,15225,73,72.48,1502,-21.5,-20.5,-21.5,-26.84,-39.5,-43.57,23.21,10694,-0.9265,hypo,hypo,hypo,hypo
PanTS_00003746,2,896,232,False,1.5,3.354,54,60.5,59.18,55,55.76,15225,73,71.94,3299,-2,-1,5.5,3.421,-12.5,-12.76,23.21,10694,0.237,iso,iso,hypo,iso
PanTS_00003750,1,1005,358,False,0.6602,2.38,69,69,69.46,90,88.94,87792,95,96.15,13892,-21,-21,-21,-19.47,-26,-26.68,9.946,73087,-2.111,hypo,hypo,hypo,hypo
PanTS_00003750,2,3479,1061,False,0.6602,2.4,72,69,69.14,90,88.94,87792,95,95.65,5666,-18,-18,-21,-19.8,-26,-26.51,9.946,73087,-2.111,hypo,hypo,hypo,hypo
PanTS_00003768,1,4829,2633,False,0.9766,9.261,27,26,26.15,63,60,34876,66,62.73,4989,-36,-36,-37,-33.85,-40,-36.59,7.625,29105,-4.852,hypo,hypo,hypo,hypo
PanTS_00003776,1,973,277,False,0.7285,2.984,38,22,24.11,123,120.5,72278,128,125.8,10660,-83,-85,-101,-96.37,-106,-101.7,8.951,64650,-11.28,hypo,hypo,hypo,hypo
PanTS_00003777,1,819,153,False,0.8477,1,68,69,69.19,103,101.7,78452,102,101.1,13885,-34,-35,-34,-32.49,-33,-31.91,12.6,68622,-2.699,hypo,hypo,hypo,hypo
PanTS_00003782,1,8754,5590,False,1,7.874,62,63,63.29,60.01,60.05,79568,64.01,63.53,22836,0,1.984,2.991,3.236,-1.007,-0.2456,8.934,64988,0.3348,iso,iso,iso,iso
PanTS_00003784,1,344,44,False,0.9551,2.5,47,45.5,45.64,49,47.32,26725,45,41.47,3161,-2,-2,-3.5,-1.678,0.5,4.17,12.27,21349,-0.2853,iso,iso,iso,iso
PanTS_00003812,1,3728,1561,False,0.7227,6.129,116,127,125.8,68,64.43,17598,72,68.49,5407,49,48,59,61.38,55,57.32,11.27,14759,5.234,hyper,hyper,hyper,hyper
PanTS_00003824,1,297,40,True,0,0.7949,90,90,90.58,95,94.87,15990,90,88.93,2160,-4,-5,-5,-4.284,0,1.654,11.93,13466,-0.4189,iso,iso,iso,iso
PanTS_00003824,2,301,40,True,0,1.124,52,49,48.25,95,94.87,15990,,,0,-42,-43,-46,-46.62,,,11.93,13466,-3.854,hypo,hypo,unknown,hypo
PanTS_00003841,1,11371,6724,False,1,6.557,64.99,66,65.61,73.99,73.79,167753,73.01,73.17,32729,-10.01,-9.003,-7.996,-8.182,-7.019,-7.554,13.27,144585,-0.6024,hypo,iso,iso,iso
PanTS_00003841,2,3,3,True,0,0,46.01,46.01,45.33,73.99,73.79,167753,64.99,64.45,4364,-28.99,-27.99,-27.99,-28.46,-18.98,-19.12,13.27,144585,-2.108,hypo,hypo,hypo,hypo
PanTS_00003841,3,201,40,True,0,1,38.01,39.99,40.92,73.99,73.79,167753,62,62.26,3694,-36.99,-35.98,-34,-32.88,-22,-21.34,13.27,144585,-2.561,hypo,hypo,hypo,hypo
PanTS_00003849,1,2868,1443,False,0.7,3.257,86,84,83.94,65,62.37,99639,68,66.31,10950,21,21,19,21.58,16,17.64,17.57,83188,1.081,hyper,hyper,hyper,hyper
PanTS_00003889,1,4825,2115,False,0.7422,4.979,52,54,53.52,64,63.13,32870,63,61.86,11174,-9,-12,-10,-9.612,-9,-8.339,12.93,27846,-0.7734,iso,iso,iso,iso
PanTS_00003894,1,2443,1137,False,0.9766,6.989,98,111,111,25,23.21,55424,18,17.81,6750,73,73,86,87.83,93,93.23,12.93,48475,6.652,hyper,hyper,hyper,hyper
PanTS_00003900,1,126,40,True,0,1.5,54.5,53,60.04,86,86.3,643,,,0,-31.5,-31.5,-33,-26.26,,,66.97,304,-0.4928,hypo,hypo,unknown,hypo
PanTS_00003900,2,80,40,True,0,0,64,68,65.33,86,86.3,643,,,0,-22,-22,-18,-20.96,,,66.97,304,-0.2688,hypo,hypo,unknown,hypo
PanTS_00003900,3,164,40,True,0,0,69,72,73.21,86,86.3,643,,,0,-17,-17,-14,-13.09,,,66.97,304,-0.2091,hypo,hypo,unknown,hypo
PanTS_00003916,1,957,372,False,0.6992,2.119,77,77,77.18,102,102.2,207808,94,94.13,6048,-25,-25,-25,-25.04,-17,-16.95,8.951,180774,-2.793,hypo,hypo,hypo,hypo
PanTS_00003919,1,4359,2001,False,0.7031,8.697,64,56,55,94,93.98,37129,97,95.79,6768,-30,-30,-38,-38.97,-41,-40.79,6.299,32516,-6.033,hypo,hypo,hypo,hypo
PanTS_00003921,1,1562,572,False,0.7676,3,63.5,64,63.17,81,79.69,82480,81,81.15,11971,-16.5,-17.5,-17,-16.52,-17,-17.98,12.6,71271,-1.349,hypo,hypo,hypo,hypo
PanTS_00003923,1,1731,546,False,0.9219,4.822,46,47,47.53,29,27.15,12376,43,40.86,3318,18,17,18,20.38,4,6.672,13.92,9952,1.293,hyper,hyper,iso,hyper
PanTS_00003937,1,21333,15482,False,0.7031,8.213,46,47,46.68,43,43.45,96874,39,39.5,27995,4,3,4,3.23,8,7.184,29.84,83360,0.1341,iso,iso,iso,iso
PanTS_00003942,1,1316,600,False,0.7422,2.676,18,25,25.96,27,26.19,280816,24,23.11,33429,-9,-9,-2,-0.2301,1,2.851,33.15,248214,-0.06033,iso,iso,iso,iso
PanTS_00003950,1,541,54,False,0.9,1.273,13,16,15.85,17,17.13,13087,28,25.23,1866,-4,-4,-1,-1.279,-12,-9.377,5.304,10517,-0.1885,iso,iso,hypo,iso
PanTS_00003950,2,10126,5279,False,0.9,11.51,12,9,9.788,17,17.13,13087,12,14.49,5450,-5,-5,-8,-7.345,-3,-4.7,5.304,10517,-1.508,iso,iso,iso,iso
PanTS_00003953,1,31040,21475,False,0.7949,9.783,38,43,42.67,57,56.86,33756,49,48.53,7044,-23,-19,-14,-14.19,-6,-5.86,22.87,29466,-0.612,hypo,hypo,iso,hypo
PanTS_00003968,1,7670,4770,False,0.7812,5.95,18,20,19.67,33,32.54,125376,14,14.24,12077,-15,-15,-13,-12.87,6,5.429,55.03,106711,-0.2362,hypo,hypo,iso,hypo
PanTS_00003968,2,3622,1849,False,0.7812,3.41,35,38,35.86,33,32.54,125376,38,37.24,8610,2,2,5,3.324,0,-1.376,55.03,106711,0.09086,iso,iso,iso,iso
PanTS_00003969,1,1760,528,False,0.8984,4.378,51,24,23.75,100,99.4,88197,107,104.9,16780,-49,-49,-76,-75.65,-83,-81.16,19.23,79323,-3.953,hypo,hypo,hypo,hypo
PanTS_00003974,1,3037,1571,False,0.8984,7.243,51,43,42.08,107,105.7,29886,111,110.9,6088,-55,-56,-64,-63.6,-68,-68.82,11.6,25055,-5.516,hypo,hypo,hypo,hypo
PanTS_00003978,1,3423,1222,False,0.75,2.716,45,43,43.55,67,66.61,106147,,,0,-22,-22,-24,-23.06,,,10.94,86397,-2.194,hypo,hypo,unknown,hypo
PanTS_00003978,2,698,158,False,0.75,1.5,64,69.5,68.77,67,66.61,106147,61,59.51,5702,-3,-3,2.5,2.161,8.5,9.264,10.94,86397,0.2285,iso,iso,iso,iso
PanTS_00003993,1,445,40,True,0,0,51,47.5,48.75,46,44.41,21929,48,48.03,6561,5,5,1.5,4.341,-0.5,0.7241,5.636,19034,0.2662,iso,iso,iso,iso
PanTS_00004029,1,15437,10369,False,0.8359,13.05,49,52,52.16,47,46.03,7282,43,42.61,1539,4,2,5,6.133,9,9.549,14.59,5328,0.3428,iso,iso,iso,iso
PanTS_00004033,1,5419,2760,False,0.7656,6.615,72,60,59.41,64,59.5,45064,84,82.05,6465,17,8,-4,-0.08876,-24,-22.64,13.26,38222,-0.3016,hyper,iso,hypo,iso
PanTS_00004046,1,943,201,False,0.8809,2.643,79,80,80.76,106,105.1,49070,109,109.4,4037,-26,-27,-26,-24.38,-29,-28.59,9.946,42442,-2.614,hypo,hypo,hypo,hypo
PanTS_00004055,1,1576,573,False,0.8926,4.359,46,45,46.31,44,42.57,29163,47,47.05,5297,1,2,1,3.734,-2,-0.7472,11.6,23162,0.08618,iso,iso,iso,iso
PanTS_00004055,2,1563,605,False,0.8926,3.68,64,67,67.31,44,42.57,29163,46,45.36,2830,19,20,23,24.74,21,21.95,11.6,23162,1.982,hyper,hyper,hyper,hyper
PanTS_00004058,1,2511,514,False,0.9512,5,77,78,79.06,71,68.54,21433,71,68.81,5333,8,6,7,10.52,7,10.25,7.956,18516,0.8798,iso,iso,iso,hyper
PanTS_00004064,1,4201,1924,False,0.7031,5,163,170,168.5,50,49.81,18907,89,86.92,5524,115,113,120,118.7,81,81.62,14.59,13980,8.227,hyper,hyper,hyper,hyper
PanTS_00004069,1,5178,2121,False,0.6855,6.618,12,12,11.05,22,21.95,47403,25,24.16,14006,-12,-10,-10,-10.89,-13,-13.11,12.6,42998,-0.7938,hypo,iso,hypo,hypo
PanTS_00004069,2,167,40,True,0,0,11,18.5,20.71,22,21.95,47403,22,21.78,4046,-13,-11,-3.5,-1.24,-3.5,-1.069,12.6,42998,-0.2778,hypo,iso,iso,iso
PanTS_00004069,3,36,36,True,0,0,10,10,9.227,22,21.95,47403,17,17.2,2880,-14,-12,-12,-12.72,-7,-7.975,12.6,42998,-0.9526,hypo,hypo,iso,hypo
PanTS_00004078,1,6211,2899,False,0.7422,3.118,17,13,13.44,18,18.58,218162,30,30.02,35369,-1,-1,-5,-5.147,-17,-16.58,42.77,197451,-0.1169,iso,iso,hypo,iso
PanTS_00004085,1,644,204,False,0.9766,2.93,95,94.5,95.58,94,93.55,48468,98,96.74,8365,1,1,0.5,2.026,-3.5,-1.164,8.951,39550,0.05586,iso,iso,iso,iso
PanTS_00004117,1,2668,1315,False,0.8984,6.944,124,133,132.1,68,65.14,65356,71,69.43,9474,56,56,65,66.93,62,62.64,11.93,58019,5.446,hyper,hyper,hyper,hyper
PanTS_00004121,1,1028,77,False,0.7031,1.572,103,111,111.1,112,112.2,31449,108,108.1,4832,-8,-9,-1,-1.115,3,2.963,6.63,27796,-0.1508,iso,iso,iso,iso
PanTS_00004122,1,1585,591,False,0.957,5,54,52,52.04,45,43.63,35237,50,47.93,5236,8,9,7,8.412,2,4.115,10.94,29034,0.6398,iso,iso,iso,iso
PanTS_00004123,1,1700,798,False,1.5,6.538,98,100,99.87,77,77.52,4832,68,67.81,419,20,21,23,22.35,32,32.06,13.59,3128,1.692,hyper,hyper,hyper,hyper
PanTS_00004124,1,141,40,True,0,0.9043,57,57.5,56.75,75,72.86,29546,77,75.05,4296,-17,-18,-17.5,-16.11,-19.5,-18.3,11.6,24168,-1.508,hypo,hypo,hypo,hypo
PanTS_00004155,1,84858,61444,False,0.7031,10.5,54,53,52.96,123,122.6,60243,124,123.8,22942,-68,-69,-70,-69.59,-71,-70.87,7.956,53651,-8.798,hypo,hypo,hypo,hypo
PanTS_00004155,2,645,87,False,0.7031,1,69,63,63.7,123,122.6,60243,,,0,-53,-54,-60,-58.86,,,7.956,53651,-7.541,hypo,hypo,unknown,hypo
PanTS_00004157,1,3918,2053,False,0.9258,8.209,81.5,71,70.21,74,70.21,39244,77,70.22,5075,8.5,7.5,-3,0.004654,-6,-0.008026,20.22,34562,-0.1483,iso,iso,iso,iso
PanTS_00004190,1,9042,5678,False,0.8945,8.847,99,103,103.3,25,21.23,42463,43,37.58,8178,77,74,78,82.03,60,65.67,18.23,36781,4.278,hyper,hyper,hyper,hyper
PanTS_00004208,1,6214,3584,False,0.8,4.927,17,16,15.57,18,17.89,84458,17,16.06,32945,0,-1,-2,-2.319,-1,-0.4882,27.85,72300,-0.07182,iso,iso,iso,iso
PanTS_00004225,1,2227,62,False,0.7012,1.568,26,21.5,21.34,43,41.4,18414,,,0,-17,-17,-21.5,-20.06,,,9.946,15984,-2.162,hypo,hypo,unknown,hypo
PanTS_00004225,2,1999,360,False,0.7012,4.958,34,35,35.61,43,41.4,18414,31,28.51,4551,-9,-9,-8,-5.787,4,7.104,9.946,15984,-0.8044,iso,iso,iso,iso
PanTS_00004225,3,1480,292,False,0.7012,3.776,55,63,61.47,43,41.4,18414,57,57.69,3691,12,12,20,20.07,6,3.772,9.946,15984,2.011,hyper,hyper,iso,hyper
PanTS_00004231,1,8857,5162,False,0.7422,8.856,72,64,65.23,121,120.3,40110,119,115.8,7213,-48,-49,-57,-55.04,-55,-50.56,11.93,34503,-4.776,hypo,hypo,hypo,hypo
PanTS_00004243,1,19947,13405,False,0.7949,8.483,47,48,48.36,56,54.61,48429,57,55.57,10449,-10,-9,-8,-6.251,-9,-7.208,19.56,40966,-0.409,iso,iso,iso,iso
PanTS_00004262,1,6132,3605,False,0.8516,5.254,17,17,17.62,20,19.67,89212,13,14.21,18667,-3,-3,-3,-2.05,4,3.413,46.74,77231,-0.06418,iso,iso,iso,iso
PanTS_00004267,1,500,109,False,0.8,1.501,11,12,11.15,-3,-3.799,160143,-1,-1.51,13632,14,14,15,14.95,13,12.66,38.46,139724,0.3901,hyper,hyper,hyper,hyper
PanTS_00004267,2,981,404,False,0.8,2.841,13,18,17.64,-3,-3.799,160143,4,3.568,17780,16,16,21,21.43,14,14.07,38.46,139724,0.5461,hyper,hyper,hyper,hyper
PanTS_00004268,1,3262,1539,False,0.8555,5.875,91,87,87.17,107,106.6,29988,111,111.2,3816,-15,-16,-20,-19.4,-24,-24.07,10.94,24731,-1.828,hypo,hypo,hypo,hypo
PanTS_00004301,1,66867,51273,False,0.8535,11.76,37,42,41.86,36,33.13,56246,38,35.92,8095,3,1,6,8.724,4,5.941,22.54,47563,0.2662,iso,iso,iso,iso
PanTS_00004313,1,2830,1462,False,0.8,4,17,20,18.72,17,17.07,139320,17,17.12,30432,0,0,3,1.652,3,1.604,46.74,119542,0.06418,iso,iso,iso,iso
PanTS_00004313,2,8,8,True,0,0,9.5,9.5,13.67,17,17.07,139320,16,16.41,9799,-7.5,-7.5,-7.5,-3.404,-6.5,-2.744,46.74,119542,-0.1604,iso,iso,iso,iso
PanTS_00004323,1,847,42,False,0.8926,1.996,63,60.5,61.5,91,90.83,60907,91,89.57,7483,-28,-28,-30.5,-29.33,-30.5,-28.07,11.93,53479,-2.556,hypo,hypo,hypo,hypo
PanTS_00004329,1,8363,4330,False,0.7812,3.2,43,43,43.69,41,39.91,161303,42,41.83,26606,2,2,2,3.777,1,1.86,17.9,144558,0.1117,iso,iso,iso,iso
PanTS_00004329,2,1276,360,False,0.7812,1.364,34,33,33.18,41,39.91,161303,37,36.64,17647,-7,-7,-8,-6.739,-4,-3.467,17.9,144558,-0.4469,iso,iso,iso,iso
PanTS_00004329,3,6,6,True,0,0,-1,-1,-0.5,41,39.91,161303,30,29.73,6619,-42,-42,-42,-40.41,-31,-30.23,17.9,144558,-2.346,hypo,hypo,hypo,hypo
PanTS_00004360,1,30824,14081,False,0.7246,10.26,59,55,54.72,86,85.16,32884,87,88.18,4171,-27,-27,-31,-30.45,-32,-33.46,15.25,28045,-2.033,hypo,hypo,hypo,hypo
PanTS_00004360,2,1088,243,False,0.7246,3.241,80,80,79.9,86,85.16,32884,84,82.93,4708,-6,-6,-6,-5.264,-4,-3.036,15.25,28045,-0.3934,iso,iso,iso,iso
PanTS_00004366,1,90,40,True,0,0,77,70,70.62,129,128,16648,141,139.9,738,-52,-52,-59,-57.39,-71,-69.29,10.94,12750,-5.393,hypo,hypo,hypo,hypo
PanTS_00004408,1,1476,581,False,0.9277,4.844,72,61,61.18,108,107.2,45077,111,109.6,10275,-35,-36,-47,-46.06,-50,-48.37,10.28,38372,-4.573,hypo,hypo,hypo,hypo
PanTS_00004420,1,3521,1662,False,0.916,6.976,102,98,98.18,140,135.8,23223,154,153.3,6774,-34,-38,-42,-37.61,-56,-55.17,15.91,18605,-2.639,hypo,hypo,hypo,hypo
PanTS_00004426,1,348,40,True,0,2.215,30.5,37.5,35.04,31,30.45,42161,40,39.45,6921,-0.5,-0.5,6.5,4.588,-2.5,-4.405,11.93,36623,0.5446,iso,iso,iso,iso
PanTS_00004438,1,703,136,False,0.9766,3.155,50,56,56.2,93,91.8,20622,93,90.61,2949,-43,-43,-37,-35.61,-37,-34.41,7.293,17156,-5.073,hypo,hypo,hypo,hypo
PanTS_00004448,1,8787,5483,False,0.7383,9.397,67,68,67.92,55,54.38,34384,56,55.67,8160,16,12,13,13.53,12,12.24,16.24,29166,0.8003,hyper,hyper,hyper,hyper
PanTS_00004449,1,2805,1409,False,0.7,3.114,86,84,84.4,66,62.86,99675,68,66.8,10904,20,20,18,21.54,16,17.6,17.57,83229,1.024,hyper,hyper,hyper,hyper
PanTS_00004454,1,584,113,False,0.7,1.4,69,67,68.81,82,81.18,376887,85,85.1,15999,-13,-13,-15,-12.37,-18,-16.29,14.26,329943,-1.052,hypo,hypo,hypo,hypo
PanTS_00004454,2,645,120,False,0.7,1.087,72,70,69.03,82,81.18,376887,84,84.23,10979,-10,-10,-12,-12.15,-14,-15.2,14.26,329943,-0.8418,iso,hypo,hypo,hypo
PanTS_00004454,3,921,267,False,0.7,1.4,74,77,76.64,82,81.18,376887,72,71.38,16411,-8,-8,-5,-4.539,5,5.261,14.26,329943,-0.3507,iso,iso,iso,iso
PanTS_00004454,4,561,94,False,0.7,0.832,62,64.5,63.93,82,81.18,376887,84,83.92,2981,-20,-20,-17.5,-17.25,-19.5,-19.99,14.26,329943,-1.228,hypo,hypo,hypo,hypo
PanTS_00004475,1,2175,478,False,0.6562,3,29,21,21.09,120,118.4,62364,116,115.7,10253,-90,-91,-99,-97.36,-95,-94.64,8.288,56300,-11.95,hypo,hypo,hypo,hypo
PanTS_00004483,1,3280,1331,False,0.8203,6.562,46,46,45.67,51,49.38,36024,43,41.87,5335,-5,-5,-5,-3.707,3,3.802,15.25,32325,-0.3279,iso,iso,iso,iso
PanTS_00004497,1,5220,2542,False,0.7812,7.276,41,44,43.92,37,36.59,46542,39,38.96,7637,4,4,7,7.329,5,4.958,12.27,40456,0.5707,iso,iso,iso,iso
PanTS_00004503,1,16675,7549,False,0.7031,3.236,21,20,19.86,38,38.46,191496,38,37.96,57095,-17,-17,-18,-18.6,-18,-18.11,18.23,172216,-0.9872,hypo,hypo,hypo,hypo
PanTS_00004503,2,12,12,True,0,0,68.5,68.5,66.5,38,38.46,191496,,,0,30.5,30.5,30.5,28.04,,,18.23,172216,1.673,hyper,hyper,unknown,hyper
PanTS_00004506,1,473,40,True,0,2.072,73,81,81.33,71,67.86,19926,67,60.43,2853,4,2,10,13.47,14,20.9,4.973,16675,2.011,iso,iso,hyper,hyper
PanTS_00004513,1,7011,4086,False,0.8203,5.313,55,59,58.19,33,31.59,89650,51,49.63,15339,22,22,26,26.6,8,8.558,13.26,75579,1.961,hyper,hyper,iso,hyper
PanTS_00004517,1,27148,20029,False,0.7422,10.07,59,64,63.81,63,61.57,118303,61,60.56,18192,-6,-4,1,2.244,3,3.254,24.53,104326,0.04076,iso,iso,iso,iso
PanTS_00004521,1,3658,251,False,0.6684,2.545,22,22,22.36,34,33.36,27776,31,31.31,3707,-12,-12,-12,-11,-9,-8.948,2.652,24959,-4.525,hypo,hypo,iso,hypo
PanTS_00004523,1,22977,16296,False,0.7422,9.648,36,33,33.34,44,43.44,40690,45,44.12,15939,-9,-8,-11,-10.1,-12,-10.78,17.24,31807,-0.6381,iso,hypo,hypo,hypo
PanTS_00004538,1,1478,406,False,1.5,3.354,11,19,18.21,3,3.092,10087,8,8.734,1969,7,8,16,15.12,11,9.475,72.44,7334,0.2209,iso,hyper,hyper,hyper
PanTS_00004539,1,5089,2483,False,0.8809,7.474,56,57,57.95,43,41.45,24389,51,51.95,3392,13,13,14,16.49,6,6.002,27.52,20486,0.5088,hyper,hyper,iso,hyper
PanTS_00004540,1,3280,1331,False,0.8203,6.562,46,46,45.67,54,52.28,26850,43,43.55,5223,-6,-8,-8,-6.603,3,2.122,15.58,23599,-0.5134,iso,iso,iso,iso
PanTS_00004542,1,5235,2995,False,0.7344,7.502,25,20,19.56,134,131,92477,146.5,146.5,8232,-108,-109,-114,-111.4,-126.5,-126.9,9.614,82360,-11.86,hypo,hypo,hypo,hypo
PanTS_00004571,1,15908,11374,False,0.7812,7.498,-11,-8,-8.682,-24,-23.91,98112,-22,-22.56,18912,13,13,16,15.23,14,13.88,45.09,84936,0.3549,hyper,hyper,hyper,hyper
PanTS_00004597,1,4516,2071,False,0.791,6.278,73,69,69.03,69,67.93,27956,80,77.32,13874,1,4,0,1.101,-11,-8.295,17.57,23599,0,iso,iso,hypo,iso
PanTS_00004602,1,1139,125,False,0.6211,2.484,30,26,27,47,46.79,36440,48,48.78,5488,-17,-17,-21,-19.79,-22,-21.78,3.647,32323,-5.759,hypo,hypo,hypo,hypo
PanTS_00004669,1,1989,508,False,0.9766,1.953,32,35,34.75,66,65.26,92567,67,66.09,548,-33,-34,-31,-30.52,-32,-31.35,15.25,80612,-2.033,hypo,hypo,hypo,hypo
PanTS_00004669,2,12534,7125,False,0.9766,5.277,32,32,32.1,66,65.26,92567,61,60.14,5962,-33,-34,-34,-33.17,-29,-28.05,15.25,80612,-2.23,hypo,hypo,hypo,hypo
PanTS_00004669,3,483,53,False,0.9766,1,39,44,43.88,66,65.26,92567,,,0,-26,-27,-22,-21.38,,,15.25,80612,-1.443,hypo,hypo,unknown,hypo
PanTS_00004671,1,716,100,False,0.7441,1.488,62,61.5,60.33,78,77.73,16779,77,76.81,2655,-15,-16,-16.5,-17.4,-15.5,-16.48,9.946,13480,-1.659,hypo,hypo,hypo,hypo
PanTS_00004671,2,3620,1393,False,0.7441,4.162,61,61,61.3,78,77.73,16779,81,82.21,4096,-16,-17,-17,-16.43,-20,-20.92,9.946,13480,-1.709,hypo,hypo,hypo,hypo
PanTS_00004673,1,1803,609,False,0.8047,5.089,68,67,66.5,67,65.44,29862,80,78.28,7503,1,1,0,1.055,-13,-11.79,8.951,25977,0,iso,iso,hypo,iso
PanTS_00004677,1,15510,10261,False,0.7422,7.645,50,51,50.87,50,49.75,28843,66,64.69,7890,-3,0,1,1.12,-15,-13.82,14.26,22403,0.07015,iso,iso,hypo,iso
PanTS_00004681,1,492,135,False,0.7227,1.445,43,48,48.62,30,30.52,134314,33,33.11,12180,13,13,18,18.1,15,15.51,40.45,119846,0.445,hyper,hyper,hyper,hyper
PanTS_00004703,1,1378,542,False,0.7422,3.221,54,53,53.59,90,88.83,53516,93,92.14,6263,-38,-36,-37,-35.24,-40,-38.54,8.951,46191,-4.134,hypo,hypo,hypo,hypo
PanTS_00004707,1,9060,5018,False,0.8027,8.949,47,39,39.68,123,121.4,47043,114,112.4,7319,-73,-76,-84,-81.77,-75,-72.77,12.27,40658,-6.848,hypo,hypo,hypo,hypo
PanTS_00004724,1,1363,365,False,0.8,2.184,24,20,20.64,26,26.77,112797,34,35.04,17527,-2,-2,-6,-6.127,-14,-14.4,43.76,98051,-0.1371,iso,iso,hypo,iso
PanTS_00004735,1,1302,458,False,0.726,4.421,134,157,158.1,80,79.14,40163,76,75.07,7709,54,54,77,78.95,81,83.02,8.951,34942,8.602,hyper,hyper,hyper,hyper
PanTS_00004748,1,225,40,True,0,0,57,57,59.04,72,70.89,22513,73,72.16,4195,-14,-15,-15,-11.85,-16,-13.12,10.61,19040,-1.414,hypo,hypo,hypo,hypo
PanTS_00004753,1,2450,522,False,0.709,5,93,86,85.56,121,120.8,24448,120,119.9,6622,-27,-28,-35,-35.27,-34,-34.3,6.962,20928,-5.027,hypo,hypo,hypo,hypo
PanTS_00004769,1,7572,4649,False,0.8984,9.464,16,14,14.51,104,100.8,46969,108,102.2,5810,-87,-88,-90,-86.3,-94,-87.72,12.27,41671,-7.337,hypo,hypo,hypo,hypo
PanTS_00004788,1,6611,4005,False,0.8,4.346,35,39,39.33,25,24.87,149993,25,25.81,32080,10,10,14,14.47,14,13.52,48.4,133006,0.2892,iso,hyper,hyper,hyper
PanTS_00004796,1,633,131,False,1,1.414,66,64.01,64.25,81.99,81.55,170792,71,71.15,14349,-18.01,-15.99,-17.98,-17.3,-6.989,-6.898,9.945,149126,-1.807,hypo,hypo,iso,hypo
PanTS_00004800,1,3915,1818,False,0.7031,3.272,19,14,14.01,49,48.64,128587,56,55.51,2114,-30,-30,-35,-34.63,-42,-41.5,31.49,114493,-1.111,hypo,hypo,hypo,hypo
PanTS_00004825,1,3168,1441,False,0.7402,6.167,97,94,94.26,115,113.5,15732,119,118.5,7717,-18,-18,-21,-19.21,-25,-24.27,14.26,13146,-1.473,hypo,hypo,hypo,hypo
PanTS_00004828,1,19961,14359,False,0.668,7.664,75,74,74.44,87,86.09,58998,88,87.64,15914,-11,-12,-13,-11.64,-14,-13.19,9.614,48433,-1.352,hypo,hypo,hypo,hypo
PanTS_00004842,1,1384,605,False,0.9375,5.049,52,52,52.04,44,41.89,10029,77,73.53,3601,9,8,8,10.15,-25,-21.48,11.6,7418,0.6895,iso,iso,hypo,hyper
PanTS_00004856,1,328,80,False,0.7422,1.091,-13.5,-1,-7.292,7,6.855,200555,12,11.44,37003,-18.5,-20.5,-8,-14.15,-13,-18.73,35.47,180577,-0.2255,hypo,iso,hypo,hypo
PanTS_00004857,1,53193,40687,False,0.9766,17.88,48,55,53.8,17,13.15,99315,51,48.44,6010,30,31,38,40.65,4,5.36,24.2,90033,1.57,hyper,hyper,iso,hyper
PanTS_00004937,1,2182,1057,False,0.8672,5.506,134,134,134.6,130,130.4,35864,138,138.2,9085,2,4,4,4.175,-4,-3.557,9.283,30480,0.4309,iso,iso,iso,iso
PanTS_00004963,1,12719,7131,False,0.6504,9.186,74,73,72.3,85,83.48,48479,89,87.55,7112,-10,-11,-12,-11.18,-16,-15.25,9.283,43261,-1.293,iso,hypo,hypo,hypo
PanTS_00004964,1,1940,774,False,0.7988,5.164,119,117,117.7,107,104.2,31538,116,115.2,6178,12,12,10,13.47,1,2.543,13.92,26432,0.7182,hyper,iso,iso,hyper
PanTS_00005011,1,1307,514,False,0.8301,4.47,72,57,57.46,68,64.4,81340,99,98.72,10614,4,4,-11,-6.936,-42,-41.26,25.2,73815,-0.4366,iso,hypo,hypo,iso
PanTS_00005017,1,21888,15657,False,0.7168,7.725,25,26,26.88,22,22.12,200242,25,23.94,38632,3,3,4,4.763,1,2.94,26.52,179047,0.1508,iso,iso,iso,iso
PanTS_00005027,1,2086,840,False,0.8594,5.045,81,76,75.43,94,93.04,12938,94,94.55,5784,-13,-13,-18,-17.61,-18,-19.12,14.92,9866,-1.207,hypo,hypo,hypo,hypo
PanTS_00005041,1,11999,7845,False,0.7812,5.493,38,39,40.16,34,32.67,183703,38,37.67,29324,4,4,5,7.492,1,2.49,64.65,164991,0.07734,iso,iso,iso,iso
PanTS_00005041,2,956,338,False,0.7812,2.344,17,17,15.36,34,32.67,183703,31,30.53,9855,-17,-17,-17,-17.31,-14,-15.18,64.65,164991,-0.263,hypo,hypo,hypo,hypo
PanTS_00005054,1,2550,1314,False,0.9766,4.496,53,58,57.31,39,37.51,31415,28,26.81,4645,16,14,19,19.8,30,30.5,16.91,24932,1.124,hyper,hyper,hyper,hyper
PanTS_00005056,1,12574,7391,False,0.9766,11.15,70,68,68.5,59,56.21,28698,70,68.77,6445,11,11,9,12.29,-2,-0.2737,8.288,24609,1.086,hyper,iso,iso,hyper
PanTS_00005062,1,9978,6341,False,0.8359,9.854,54,52,52.39,57,56.04,29734,73,70.98,8959,2,-3,-5,-3.645,-21,-18.59,20.55,24174,-0.2433,iso,iso,hypo,iso
PanTS_00005085,1,762,195,False,0.7422,1.941,21,11,11.1,79,78.41,46181,87,85.2,3288,-62,-58,-68,-67.31,-76,-74.09,8.951,38600,-7.597,hypo,hypo,hypo,hypo
PanTS_00005095,1,4920,2081,False,0.8984,4.469,78,81,80.3,63,60.13,32593,76,73.48,7659,14,15,18,20.17,5,6.818,17.9,27186,1.005,hyper,hyper,iso,hyper
PanTS_00005114,1,1334,478,False,0.8516,4.225,114,119,119.2,98,96.88,34521,98,98.38,2966,16,16,21,22.29,21,20.79,10.94,29564,1.92,hyper,hyper,hyper,hyper
PanTS_00005137,1,1347,316,False,0.7539,2.92,46,46,45.97,47,46.58,44753,65,63.11,4577,-1,-1,-1,-0.6121,-19,-17.14,10.28,39443,-0.0973,iso,iso,hypo,iso
PanTS_00005137,2,15691,10002,False,0.7539,11.53,43,44,44.51,47,46.58,44753,65,67.09,4807,-4,-4,-3,-2.067,-21,-22.58,10.28,39443,-0.2919,iso,iso,hypo,iso
PanTS_00005162,1,13204,5767,False,0.8867,4.535,71.5,71,73.93,76,74.35,1449,,,0,-4.5,-4.5,-5,-0.4198,,,15.58,938,-0.3209,iso,iso,unknown,iso
PanTS_00005162,2,761,90,False,0.8867,0.9539,66,62.5,63.5,76,74.35,1449,,,0,-10,-10,-13.5,-10.85,,,15.58,938,-0.8664,iso,hypo,unknown,hypo
PanTS_00005172,1,26957,19490,False,0.8,7.581,11,12,11.88,1,0.4104,44351,4,4.469,5558,12,10,11,11.47,8,7.413,11.27,31691,0.9759,hyper,hyper,iso,hyper
PanTS_00005180,1,991,40,True,0,0.782,33,15,15.46,43,42.07,24749,41,40.22,3905,-10,-10,-28,-26.61,-26,-24.76,5.636,21641,-4.968,iso,hypo,hypo,hypo
PanTS_00005186,1,3737,1281,False,0.7852,5,100,105,104.5,87,85,11678,84,82.77,1388,15,13,18,19.55,21,21.78,6.63,9465,2.715,hyper,hyper,hyper,hyper
PanTS_00005188,1,23203,14466,False,0.7031,9.215,77,76,75.62,90,88.11,55848,81,79.41,11183,-10,-13,-14,-12.49,-5,-3.794,16.74,48962,-0.8362,iso,hypo,iso,hypo
PanTS_00005207,1,44958,34013,False,0.7695,12.16,49,48,47.8,61,60,56872,78,77,27509,-17,-12,-13,-12.2,-30,-29.2,21.88,47407,-0.5941,hypo,hypo,hypo,hypo
PanTS_00005210,1,12701,7651,False,0.8027,8.331,103,100,100.1,103,100,28892,110,106.9,10578,3,0,-3,0.06255,-10,-6.849,13.59,23687,-0.2207,iso,iso,iso,iso
PanTS_00005221,1,6141,2993,False,0.7031,5.966,157,158,157.3,124,122.5,29344,143,141.5,10319,37,33,34,34.87,15,15.88,20.22,22873,1.681,hyper,hyper,hyper,hyper
PanTS_00005221,2,905,180,False,0.7031,2.5,158,162.5,162.5,124,122.5,29344,155,154.7,1943,38,34,38.5,40.06,7.5,7.82,20.22,22873,1.904,hyper,hyper,iso,hyper
PanTS_00005230,1,2528,1257,False,0.7,3.206,37,37,37.26,64,63.3,131053,68,67.69,29601,-26,-27,-27,-26.05,-31,-30.43,28.84,111252,-0.9361,hypo,hypo,hypo,hypo
PanTS_00005242,1,2641,1170,False,0.791,5.591,80,64,65.13,108,106.9,22328,108,106.9,7504,-26,-28,-44,-41.75,-44,-41.8,18.57,18007,-2.37,hypo,hypo,hypo,hypo
PanTS_00005250,1,1290,96,False,0.5247,2.164,38,42.5,41.43,38,36.51,46151,37,36.01,5740,0,0,4.5,4.917,5.5,5.416,3.978,41340,1.131,iso,iso,iso,iso
PanTS_00005257,1,2778,929,False,0.6797,4.758,114,114,114.8,98,94.59,74708,86,83.93,10054,17,16,16,20.21,28,30.87,11.6,66356,1.379,hyper,hyper,hyper,hyper
PanTS_00005266,1,5356,2705,False,0.7812,3.843,7,7,6.383,49,48.75,52568,51,50.16,1235,-42,-42,-42,-42.37,-44,-43.77,21.88,45705,-1.92,hypo,hypo,hypo,hypo
PanTS_00005268,1,11282,6398,False,0.7441,8.186,58,61,61.11,57,56.07,24525,61,61.3,9801,2,1,4,5.038,0,-0.1907,15.25,19352,0.2623,iso,iso,iso,iso
PanTS_00005275,1,11351,7625,False,0.785,5.869,71,71,70.81,84,83.02,108073,86,85.54,27902,-12,-13,-13,-12.21,-15,-14.74,7.625,91779,-1.705,hypo,hypo,hypo,hypo
PanTS_00005290,1,2569,1123,False,0.7715,5,97,91,91.69,103,102.9,25672,107,106.6,6183,-6,-6,-12,-11.16,-16,-14.92,12.27,21466,-0.9783,iso,hypo,hypo,hypo
PanTS_00005309,1,8410,4362,False,0.8555,8.345,51,42,41.81,77,75.89,55242,77,77.02,17129,-25,-26,-35,-34.07,-35,-35.21,16.24,47133,-2.155,hypo,hypo,hypo,hypo
PanTS_00005316,1,825,160,False,0.702,2.894,18,21,21.06,36,35.53,20648,34,33.74,4039,-19,-18,-15,-14.47,-13,-12.68,10.94,17923,-1.371,hypo,hypo,hypo,hypo
PanTS_00005362,1,2326,843,False,0.7676,4.605,68,60,59.38,85,83.63,62278,81,78.53,13310,-16,-17,-25,-24.25,-21,-19.15,15.58,55634,-1.604,hypo,hypo,hypo,hypo
PanTS_00005370,1,671,40,True,0,1.989,64,60.5,60.88,55,54.28,37274,51,49.73,5507,9,9,5.5,6.597,9.5,11.14,10.28,33045,0.5352,iso,iso,iso,iso
PanTS_00005390,1,11712,7797,False,0.663,5.697,47.5,47,46.82,47,47.16,179998,55,55.69,40465,0.5,0.5,0,-0.3421,-8,-8.873,22.21,163225,0,iso,iso,iso,iso
PanTS_00005390,2,4,4,True,0,0,-12,-12,-12,47,47.16,179998,47,47.15,19754,-59,-59,-59,-59.16,-59,-59.15,22.21,163225,-2.656,hypo,hypo,hypo,hypo
PanTS_00005390,3,1247,157,False,0.663,0.9376,25,26,27.73,47,47.16,179998,48,48.82,26213,-22,-22,-21,-19.43,-22,-21.09,22.21,163225,-0.9454,hypo,hypo,hypo,hypo
PanTS_00005390,4,124,40,True,0,0.663,46.5,43,40.04,47,47.16,179998,43,43.58,16736,-0.5,-0.5,-4,-7.118,0,-3.543,22.21,163225,-0.1801,iso,iso,iso,iso
PanTS_00005391,1,973,323,False,0.8535,2.849,70,39,41.01,106,105.2,123565,108,107.5,14625,-37,-36,-67,-64.17,-69,-66.45,8.288,109806,-8.084,hypo,hypo,hypo,hypo
PanTS_00005392,1,17839,6658,False,0.5885,10,30,30,30.75,30,29.95,14518,38,37.27,1658,0,0,0,0.8003,-8,-6.513,3.978,12742,0,iso,iso,iso,iso
PanTS_00005392,2,1225,263,False,0.5885,4.482,25,21,21.32,30,29.95,14518,31,31.17,179,-5,-5,-9,-8.631,-10,-9.844,3.978,12742,-2.262,iso,iso,iso,iso
PanTS_00005420,1,436365,386157,False,0.7422,24.5,37,37,37.08,93,92.46,132669,96,94.82,41342,-58,-56,-56,-55.38,-59,-57.74,17.24,117401,-3.248,hypo,hypo,hypo,hypo
PanTS_00005422,1,374,100,False,0.7031,1.406,17,18,18.32,16,15.08,185952,24,24.03,40812,0,1,2,3.24,-6,-5.716,30.83,164403,0.06487,iso,iso,iso,iso
PanTS_00005422,2,1469,572,False,0.7031,2.535,30,31,31.41,16,15.08,185952,24,24.11,30012,13,14,15,16.33,7,7.304,30.83,164403,0.4865,hyper,hyper,iso,hyper
PanTS_00005428,1,558,40,True,0,1.746,85,86,85.46,80,78.15,34164,82,82.37,3560,5,5,6,7.308,4,3.084,5.636,30624,1.065,iso,iso,iso,iso
PanTS_00005437,1,2534,798,False,0.781,5.001,33,32,32.03,40,39.74,10732,37,37.08,1796,-7,-7,-8,-7.707,-5,-5.05,4.973,8973,-1.609,iso,iso,iso,iso
PanTS_00005466,1,4829,2382,False,0.6445,5.942,94,77,77.03,99,98.43,43583,107,107,14092,-4,-5,-22,-21.4,-30,-30.02,8.951,37449,-2.458,iso,hypo,hypo,hypo
PanTS_00005514,1,138,40,True,0,0,65,66,64.58,65,62.5,17167,62,57.29,1372,1,0,1,2.085,4,7.288,4.31,13620,0.232,iso,iso,iso,iso
PanTS_00005514,2,179,40,True,0,0.782,53,51.5,53.08,65,62.5,17167,58,56.41,1066,-11,-12,-13.5,-9.415,-6.5,-3.329,4.31,13620,-3.132,hypo,hypo,iso,iso
PanTS_00005525,1,4832,1968,False,0.7188,7.774,30,21,20.22,89,88.42,50401,94,93.89,11706,-59,-59,-68,-68.2,-73,-73.67,7.956,45123,-8.547,hypo,hypo,hypo,hypo
PanTS_00005538,1,1195,413,False,0.8398,4.887,119,125,125.9,103,102.1,29353,104,101.4,5372,19,16,22,23.82,21,24.54,10.94,23459,2.011,hyper,hyper,hyper,hyper
PanTS_00005558,1,288,40,True,0,1.5,48,51,51.67,68,68.15,17097,55,55.52,2134,-20,-20,-17,-16.48,-4,-3.858,4.641,12279,-3.663,hypo,hypo,iso,hypo
PanTS_00005558,2,114,40,True,0,1.5,60.5,59.5,58.96,68,68.15,17097,60,56.59,1966,-7.5,-7.5,-8.5,-9.19,-0.5,2.363,4.641,12279,-1.831,iso,iso,iso,iso
PanTS_00005571,1,4567,2225,False,0.7324,6.198,103,106,105.3,107,105.5,60358,112,112.7,7814,-5,-4,-1,-0.1325,-6,-7.355,13.26,54018,-0.07541,iso,iso,iso,iso
PanTS_00005583,1,19964,14367,False,0.7422,8.091,10,9,8.663,59,58.06,75030,58,56.7,13084,-48,-49,-50,-49.39,-49,-48.04,15.91,63994,-3.142,hypo,hypo,hypo,hypo
PanTS_00005623,1,2713,1039,False,0.8,2.536,21,25,26.88,25,25.86,116504,30,30.84,24551,-5,-4,0,1.022,-5,-3.959,65.64,102247,0,iso,iso,iso,iso
PanTS_00005641,1,47190,36553,False,0.7129,8.584,14,17,17.14,25,23.9,244328,29,28.21,52025,-11,-11,-8,-6.758,-12,-11.07,26.85,220429,-0.2979,hypo,iso,hypo,iso
PanTS_00005643,1,1026,418,False,0.7031,2.4,34,25,26.08,11,10.37,193030,17,16.75,37518,23,23,14,15.7,8,9.327,31.83,173161,0.4399,hyper,hyper,iso,hyper
PanTS_00005643,2,36,36,True,0,0,38,38,36.23,11,10.37,193030,14,13.7,11865,27,27,27,25.85,24,22.52,31.83,173161,0.8484,hyper,hyper,hyper,hyper
PanTS_00005661,1,2571,1291,False,0.9766,7.344,77,91,90.58,-17,-17.7,55997,-33,-31.51,12094,94,94,108,108.3,124,122.1,17.9,48964,6.033,hyper,hyper,hyper,hyper
PanTS_00005665,1,500,128,False,0.7031,1.065,18,23.5,23.83,24,23.03,186300,28,27.9,21490,-6,-6,-0.5,0.8038,-4.5,-4.07,17.57,167944,-0.02846,iso,iso,iso,iso
PanTS_00005665,2,18,18,True,0,0,12,12,10.25,24,23.03,186300,26,26.03,15660,-12,-12,-12,-12.78,-14,-15.78,17.57,167944,-0.683,hypo,hypo,hypo,hypo
PanTS_00005665,3,64,40,True,0,0,25.5,47,41.71,24,23.03,186300,25,25.65,16438,1.5,1.5,23,18.68,22,16.06,17.57,167944,1.309,iso,hyper,hyper,hyper
PanTS_00005677,1,1805,811,False,0.6836,2.9,11,7,7.552,34,34.02,152987,34,34.17,25837,-23,-23,-27,-26.47,-27,-26.61,13.92,132506,-1.939,hypo,hypo,hypo,hypo
PanTS_00005731,1,146,40,True,0,0,12,12,13.75,17,16.38,17108,16,14.94,2019,-8,-5,-5,-2.631,-4,-1.187,5.967,13865,-0.8379,iso,iso,iso,iso
PanTS_00005732,1,3505,1789,False,0.9766,6.905,34,33,33.21,82,81.2,16567,79,78.12,3818,-47,-48,-49,-47.99,-46,-44.91,7.625,13308,-6.426,hypo,hypo,hypo,hypo
PanTS_00005739,1,843,109,False,0.9473,2.5,75,77,76.55,35,35.05,22900,44,44.89,6997,42,40,42,41.5,33,31.66,9.283,17153,4.525,hyper,hyper,hyper,hyper
PanTS_00005742,1,529,40,True,0,1.746,85,85.5,85.04,80,78.7,36318,83,82.75,3888,5,5,5.5,6.342,2.5,2.291,5.636,31862,0.9759,iso,iso,iso,iso
PanTS_00005757,1,7777,4997,False,0.7871,6.25,60,61,60.9,66,64.68,49175,63,62.66,11766,-10,-6,-5,-3.774,-2,-1.754,7.956,41401,-0.6284,iso,iso,iso,iso
PanTS_00005759,1,1787,725,False,0.9141,5.083,86,82,83.92,93,91.11,22489,91,90.7,6791,-5,-7,-11,-7.186,-9,-6.773,21.88,18746,-0.5027,iso,hypo,iso,iso
PanTS_00005766,1,5860,3309,False,0.8125,8.201,81,81,81.15,91,89.35,15274,86,83.13,4550,-5,-10,-10,-8.2,-5,-1.972,12.93,11734,-0.7734,iso,iso,iso,iso
PanTS_00005774,1,2715,469,False,0.584,3.693,80,84,83.25,86,85.05,37408,85,84.58,9750,-5,-6,-2,-1.804,-1,-1.328,8.951,32966,-0.2234,iso,iso,iso,iso
PanTS_00005780,1,2431,702,False,0.8398,5.662,68,77,76.34,63,61.76,21120,77,76.78,4572,8,5,14,14.58,0,-0.4438,27.18,18065,0.515,iso,hyper,iso,hyper
PanTS_00005782,1,126,40,True,0,1,101.5,102.5,102.8,107,106.6,131024,101,100,5184,-5.509,-5.509,-4.501,-3.733,1.511,2.804,11.96,113582,-0.3764,iso,iso,iso,iso
PanTS_00005785,1,2118,897,False,0.8014,3.091,12,13,12.73,12,12.52,69190,16,15.36,18526,0,0,1,0.2131,-3,-2.623,44.09,57548,0.02268,iso,iso,iso,iso
PanTS_00005803,1,387,40,True,0,0.9766,59,65,63.58,55,53.99,12587,63,61.01,1610,4,4,10,9.593,2,2.577,8.951,10169,1.117,iso,iso,iso,iso
PanTS_00005806,1,11697,7184,False,0.7578,5,41,43,42.92,64,62.52,20716,66,64.57,3410,-24,-23,-21,-19.6,-23,-21.65,18.57,17115,-1.131,hypo,hypo,hypo,hypo
PanTS_00005821,1,3399,1702,False,0.8359,6.243,111,112,112.5,108,108,51305,110,109.2,8708,4,3,4,4.447,2,3.226,11.6,45431,0.3447,iso,iso,iso,iso
PanTS_00005832,1,1405,441,False,0.5762,1.403,41,30,32.83,39,39.4,93771,41,40.14,25146,-1,2,-9,-6.571,-11,-7.315,12.6,81485,-0.7144,iso,iso,hypo,iso
PanTS_00005855,1,12282,8019,False,0.7598,10.43,73,71,71,60,59.22,48249,81,79.43,11636,22,13,11,11.77,-10,-8.436,16.58,40298,0.6636,hyper,hyper,iso,hyper
PanTS_00005864,1,1729,696,False,0.7031,2.4,8,13,15.45,25,25.51,163277,30,30.65,36739,-17,-17,-12,-10.06,-17,-15.19,31.49,145252,-0.381,hypo,hypo,hypo,hypo
PanTS_00005876,1,2922,784,False,0.8887,4.346,72,70,70.5,88,87.45,47620,83,83.33,3952,-16,-16,-18,-16.96,-13,-12.83,8.288,40702,-2.172,hypo,hypo,hypo,hypo
PanTS_00005881,1,3159,1161,False,0.7617,6.285,57,55,55.37,54,52.58,19598,78,78.32,3053,2,3,1,2.795,-23,-22.95,12.93,16935,0.07734,iso,iso,hypo,iso
PanTS_00005905,1,2975,542,False,0.7422,3,78,70,69.6,101,100.4,89996,100,100.3,17676,-22,-23,-31,-30.83,-30,-30.74,12.27,81038,-2.527,hypo,hypo,hypo,hypo
PanTS_00005921,1,4040,1942,False,0.7539,5.691,86,87,87.02,98,96.93,51072,98,97.49,12951,-11,-12,-11,-9.916,-11,-10.47,17.24,45001,-0.6381,hypo,hypo,hypo,iso
PanTS_00005924,1,6906,3828,False,0.6895,5.669,71,72,71.83,81,80.05,45524,76,75.82,10101,-9,-10,-9,-8.215,-4,-3.981,8.288,40541,-1.086,iso,iso,iso,iso
PanTS_00005931,1,469,40,True,0,0.7812,61,56,54.42,120,117.9,24986,111,107.3,6111,-58,-59,-64,-63.51,-55,-52.89,7.293,21566,-8.775,hypo,hypo,hypo,hypo
PanTS_00005960,1,1102,63,False,0.7031,1.572,86,81,80.85,103,102.2,26762,95,93.54,3044,-16,-17,-22,-21.38,-14,-12.69,9.614,23303,-2.288,hypo,hypo,hypo,hypo
PanTS_00005985,1,5532,2821,False,0.7812,3.843,7,5,6.255,47,47.08,177000,43,42.83,25366,-40,-40,-42,-40.83,-38,-36.58,34.15,160071,-1.23,hypo,hypo,hypo,hypo
PanTS_00005985,2,16,16,True,0,0,-10.5,-10.5,-9.4,47,47.08,177000,47,45.91,16496,-57.5,-57.5,-57.5,-56.48,-57.5,-55.31,34.15,160071,-1.684,hypo,hypo,hypo,hypo
PanTS_00005985,3,11,11,True,0,0,26,26,23.71,47,47.08,177000,50,49.37,9439,-21,-21,-21,-23.37,-24,-25.66,34.15,160071,-0.615,hypo,hypo,hypo,hypo
PanTS_00005985,4,4,4,True,0,0,32,32,23.75,47,47.08,177000,50,49.19,6989,-15,-15,-15,-23.33,-18,-25.44,34.15,160071,-0.4393,hypo,hypo,hypo,hypo
PanTS_00005992,1,4530,2258,False,0.7988,6.145,93,84,84.18,100,98.31,27461,98,97.6,10537,-6,-7,-16,-14.12,-14,-13.41,16.24,22790,-0.985,iso,hypo,hypo,hypo
PanTS_00005994,1,946,271,False,0.791,2.997,52,61,60.56,55,55.2,38976,57,57.89,4695,-2,-3,6,5.354,4,2.665,10.61,33128,0.5656,iso,iso,iso,iso
PanTS_00005995,1,5798,2947,False,0.7812,3.987,39,39,39.52,43,43.84,25899,43,42.2,15996,-4,-4,-4,-4.329,-4,-2.683,30.17,21013,-0.1326,iso,iso,iso,iso
PanTS_00006000,1,20181,14123,False,0.7422,9.703,58,56,56.32,82,80.94,78952,84,82.99,27160,-26,-24,-26,-24.62,-28,-26.67,14.26,68574,-1.824,hypo,hypo,hypo,hypo
PanTS_00006011,1,841,302,False,1.5,4.243,67,64,63.49,56,54.92,29441,60,58.85,4662,10,11,8,8.57,4,4.636,8.62,23984,0.9281,iso,iso,iso,iso
PanTS_00006039,1,643,54,False,0.766,2.762,78,77,77.03,78,77.35,28358,77,74.75,2620,0,0,-1,-0.3243,0,2.275,4.973,25237,-0.2011,iso,iso,iso,iso
PanTS_00006039,2,238,40,True,0,0,21,21,21.75,78,77.35,28358,,,0,-57,-57,-57,-55.6,,,4.973,25237,-11.46,hypo,hypo,unknown,hypo
PanTS_00006054,1,17339,8874,False,0.7031,3.87,31,28,28.54,52,52.44,42824,61,61.67,3709,-21,-21,-24,-23.9,-33,-33.13,36.47,37671,-0.6581,hypo,hypo,hypo,hypo
PanTS_00006056,1,2478,613,False,0.7422,1.66,59,59,59.26,92,91.17,137831,,,45,-33,-33,-33,-31.9,,,8.951,117817,-3.687,hypo,hypo,unknown,hypo
PanTS_00006056,2,1758,545,False,0.7422,1.66,65,65,65.4,92,91.17,137831,94,93.72,14479,-27,-27,-27,-25.77,-29,-28.32,8.951,117817,-3.016,hypo,hypo,hypo,hypo
PanTS_00006064,1,1611,588,False,0.7031,3.56,103,95,94.05,136,133.7,41556,140,139.4,8340,-31,-33,-41,-39.7,-45,-45.31,12.6,36381,-3.255,hypo,hypo,hypo,hypo
PanTS_00006079,1,2232,976,False,0.9023,5.465,37,28,26.76,52,48.64,21058,52,51.56,3842,-11,-15,-24,-21.87,-24,-24.79,17.9,16201,-1.341,hypo,hypo,hypo,hypo
PanTS_00006135,1,396,74,False,1.5,2.121,56,49,51.57,74,74.06,14351,77,74.53,715,-17,-18,-25,-22.49,-28,-22.97,31.49,10813,-0.7938,hypo,hypo,hypo,hypo
PanTS_00006142,1,1777,631,False,0.9766,4.318,34,35,34.93,29,27.98,24053,29,29.03,3630,6,5,6,6.958,6,5.901,14.26,19135,0.4209,iso,iso,iso,iso
PanTS_00006157,1,75815,57833,False,0.7832,10.96,35,36,35.7,26,25.63,47217,31,31.14,18844,9,9,10,10.07,5,4.555,12.6,36918,0.7938,iso,iso,iso,hyper
PanTS_00006178,1,358,70,False,1.5,2.121,12,14,15,12,11.49,30835,17,15.65,3079,0,0,2,3.506,-3,-0.649,18.23,24730,0.1097,iso,iso,iso,iso
PanTS_00006183,1,2599,1112,False,0.7539,5.384,86,78,78.03,127,123.9,66226,137,133.9,5954,-39,-41,-49,-45.92,-59,-55.88,18.9,58958,-2.593,hypo,hypo,hypo,hypo
PanTS_00006193,1,3164,1759,False,0.8,4.838,12,13,13.39,-4,-6.147,161060,-1,-2.302,17573,17,16,17,19.54,14,15.69,38.12,140776,0.4459,hyper,hyper,hyper,hyper
PanTS_00006201,1,2629,1094,False,0.9512,6.09,84,80,79.9,77,76.96,20425,80,79.87,3917,7,7,3,2.932,0,0.02146,14.26,16784,0.2104,iso,iso,iso,iso
PanTS_00006218,1,1780,689,False,0.7227,4.336,116,110,110,150,150.8,23718,150,149.7,3499,-33,-34,-40,-40.81,-40,-39.71,12.27,19821,-3.261,hypo,hypo,hypo,hypo
PanTS_00006222,1,29747,20949,False,0.7227,7.904,30,30,30.56,30,29.55,114949,34,33.45,32318,0,0,0,1.009,-4,-2.89,33.15,102534,0,iso,iso,iso,iso
PanTS_00006238,1,7412,4139,False,0.7031,4.219,81,83,82.63,97,96.96,93666,100,99.64,17407,-16,-16,-14,-14.33,-17,-17.01,14.26,82661,-0.9821,hypo,hypo,hypo,hypo
PanTS_00006256,1,2782,786,False,0.6445,5,14,9,9.271,68,63.32,20588,71,66.24,5892,-53,-54,-59,-54.04,-62,-56.97,6.63,18216,-8.898,hypo,hypo,hypo,hypo
PanTS_00006257,1,2197,555,False,0.6582,1.975,46,39,39.62,47,46.5,159301,50,49.88,25303,-1,-1,-8,-6.88,-11,-10.26,18.57,143888,-0.4309,iso,iso,hypo,iso
PanTS_00006257,2,542,143,False,0.6582,1.227,31,30,31.97,47,46.5,159301,47,45.99,16005,-16,-16,-17,-14.54,-17,-14.02,18.57,143888,-0.9157,hypo,hypo,hypo,hypo
PanTS_00006263,1,4784,2476,False,0.9766,8.735,89,90,89.02,67,65.83,30794,46,45.57,6824,24,22,23,23.19,44,43.45,25.86,26026,0.8895,hyper,hyper,hyper,hyper
PanTS_00006268,1,14604,9306,False,0.7441,7.06,63,60,60.44,75,73.98,134850,76,75.9,20831,-12,-12,-15,-13.54,-16,-15.46,15.25,119297,-0.9836,hypo,hypo,hypo,hypo
PanTS_00006272,1,5422,3272,False,0.7812,8.35,85,73,73.59,98,94.24,36074,103,100.5,15160,-12,-13,-25,-20.65,-30,-26.87,15.58,30662,-1.604,hypo,hypo,hypo,hypo
PanTS_00006275,1,1953,844,False,1,4,32,34.01,33.34,45,44.89,171821,47.01,46.87,2396,-13,-13,-10.99,-11.55,-13,-13.53,18.58,147155,-0.5915,hypo,hypo,hypo,hypo
PanTS_00006275,2,1845,502,False,1,2.828,21.99,16.01,15.38,45,44.89,171821,46.01,45.74,13231,-23.01,-23.01,-28.99,-29.51,-30,-30.36,18.58,147155,-1.561,hypo,hypo,hypo,hypo
PanTS_00006275,3,39,39,True,0,0,41,41,40.24,45,44.89,171821,46.01,45.92,2671,-3.998,-3.998,-3.998,-4.65,-5.005,-5.677,18.58,147155,-0.2152,iso,iso,iso,iso
PanTS_00006275,4,3,3,True,0,0,60.99,60.99,55.33,45,44.89,171821,45,44.49,2008,15.99,15.99,15.99,10.44,15.99,10.84,18.58,147155,0.8609,hyper,hyper,hyper,hyper
PanTS_00006275,5,2610,797,False,1,2.828,30.99,30.01,29.75,45,44.89,171821,47.01,47.39,14183,-14.01,-14.01,-14.98,-15.14,-17,-17.64,18.58,147155,-0.8067,hypo,hypo,hypo,hypo
PanTS_00006275,6,3,3,True,0,0,21.01,21.01,23.33,45,44.89,171821,43.99,44.28,1841,-23.99,-23.99,-23.99,-21.56,-22.98,-20.95,18.58,147155,-1.291,hypo,hypo,hypo,hypo
PanTS_00006275,7,690,196,False,1,2,20,20.51,20.76,45,44.89,171821,41,40.3,7133,-24.99,-24.99,-24.49,-24.13,-20.49,-19.54,18.58,147155,-1.318,hypo,hypo,hypo,hypo
PanTS_00006275,8,87,40,True,0,1,21.01,10.5,13.42,45,44.89,171821,36,35.74,9560,-23.99,-23.99,-34.5,-31.48,-25.5,-22.33,18.58,147155,-1.857,hypo,hypo,hypo,hypo
PanTS_00006282,1,1031,387,False,0.7305,2.31,22,30,30.72,29,28.58,94709,30,30.37,38131,-7,-7,1,2.139,0,0.3501,37.79,83396,0.02646,iso,iso,iso,iso
PanTS_00006287,1,7091,2327,False,0.7578,6.673,55,64,63.39,57,57.34,41768,60,59.77,3219,-2,-2,7,6.052,4,3.616,13.92,37013,0.5027,iso,iso,iso,iso
PanTS_00006287,2,1558,296,False,0.7578,2.732,54,52,53.54,57,57.34,41768,64,64.01,8742,-3,-3,-5,-3.794,-12,-10.47,13.92,37013,-0.3591,iso,iso,hypo,iso
PanTS_00006300,1,7840,2466,False,0.8633,7.376,50,43,43.08,107,105.2,16164,116,116.2,910,-57,-57,-64,-62.15,-73,-73.12,9.946,13544,-6.435,hypo,hypo,hypo,hypo
PanTS_00006300,2,1311,291,False,0.8633,5,38,38,37.98,107,105.2,16164,,,0,-69,-69,-69,-67.24,,,9.946,13544,-6.938,hypo,hypo,unknown,hypo
PanTS_00006300,3,159,40,True,0,0,54,52,52.04,107,105.2,16164,,,0,-53,-53,-55,-53.19,,,9.946,13544,-5.53,hypo,hypo,unknown,hypo
PanTS_00006300,4,786,40,True,0,0,73,72.5,71.62,107,105.2,16164,116,115.2,2545,-34,-34,-34.5,-33.6,-43.5,-43.61,9.946,13544,-3.469,hypo,hypo,hypo,hypo
PanTS_00006304,1,1849,678,False,0.8125,4.258,81,76,75.63,94,91.16,35943,100,100.2,12141,-12,-13,-18,-15.53,-24,-24.59,13.59,30667,-1.324,hypo,hypo,hypo,hypo
PanTS_00006311,1,109,40,True,0,0,45,42,42.79,39,38.33,23481,48,47.51,3342,6,6,3,4.463,-6,-4.715,5.636,20112,0.5323,iso,iso,iso,iso
PanTS_00006315,1,2706,1110,False,0.9395,5,63,60,60.58,34,31.85,42510,33,30.5,10718,28,29,26,28.74,27,30.08,19.56,36549,1.329,hyper,hyper,hyper,hyper
PanTS_00006319,1,47289,36868,False,0.625,10.06,49,47,46.76,61,59.72,44170,65,65.4,7499,-12,-12,-14,-12.96,-18,-18.64,13.26,36800,-1.056,hypo,hypo,hypo,hypo
PanTS_00006331,1,5243,2424,False,0.6719,4.703,17,18,18.22,84,82.98,118715,80,79.13,10733,-67,-67,-66,-64.75,-62,-60.91,5.636,108807,-11.71,hypo,hypo,hypo,hypo
PanTS_00006331,2,44715,27220,False,0.6719,7.508,33,33,32.19,84,82.98,118715,82,82.22,38217,-51,-51,-51,-50.79,-49,-50.03,5.636,108807,-9.049,hypo,hypo,hypo,hypo
PanTS_00006331,3,399,68,False,0.6719,1.9,34,33.5,32.79,84,82.98,118715,87,86.94,6312,-50,-50,-50.5,-50.19,-53.5,-54.15,5.636,108807,-8.961,hypo,hypo,hypo,hypo
PanTS_00006333,1,6564,3613,False,0.7852,8.294,64,58,57.09,66,64.18,16768,72,70.64,4906,2,-2,-8,-7.086,-14,-13.55,10.61,12607,-0.7541,iso,iso,hypo,iso
PanTS_00006340,1,1550,694,False,0.8,2.841,30,29,28.6,34,34.73,142456,38,38.92,16133,-4,-4,-5,-6.132,-9,-10.32,36.8,125764,-0.1359,iso,iso,iso,iso
PanTS_00006350,1,4818,2214,False,1.5,5.612,73,74,74.68,90,88.96,14528,87,87.29,3591,-16,-17,-16,-14.28,-13,-12.6,40.11,10801,-0.3989,hypo,hypo,hypo,hypo
PanTS_00006351,1,15887,9365,False,0.625,3.221,35,34,34.13,37,36.75,125048,39,38.52,35048,-2,-2,-3,-2.617,-5,-4.385,13.92,109957,-0.2155,iso,iso,iso,iso
PanTS_00006353,1,25319,17638,False,0.8,8.005,25,29,29.11,17,17.2,53219,29,28.92,23193,8,8,12,11.92,0,0.1912,41.44,43394,0.2896,iso,hyper,iso,hyper
PanTS_00006353,2,1035,378,False,0.8,2.434,22,29,28.07,17,17.2,53219,43,43.82,8751,5,5,12,10.87,-14,-15.75,41.44,43394,0.2896,iso,hyper,hypo,hyper
PanTS_00006384,1,5995,3490,False,0.9707,7.5,43,38,38.73,73,69.66,31671,72,70.92,9324,-28,-30,-35,-30.93,-34,-32.19,20.89,26946,-1.676,hypo,hypo,hypo,hypo
PanTS_00006394,1,2650,1456,False,0.7461,4,25,20,19.54,44,44.17,180443,41,40.17,33084,-19,-19,-24,-24.63,-21,-20.64,24.86,161910,-0.9653,hypo,hypo,hypo,hypo
PanTS_00006413,1,2695,1381,False,0.7422,4.714,12,6,5.698,49,49.4,85031,53,52.74,8412,-40,-37,-43,-43.7,-47,-47.05,18.57,75695,-2.316,hypo,hypo,hypo,hypo
PanTS_00006422,1,5285,3212,False,0.8,5.137,7,9,10.32,-4,-4.922,163219,0,-0.6853,16845,11,11,13,15.25,9,11.01,45.42,143778,0.2862,hyper,hyper,iso,hyper
PanTS_00006430,1,49599,39068,False,0.7422,13.9,49,50,50.58,77,74.58,7789,15,13.51,410,20,-28,-27,-24,35,37.07,17.9,5956,-1.508,hyper,hypo,hyper,hypo
PanTS_00006432,1,7913,4345,False,0.6836,7.218,116,111,111.2,146,144.6,57785,163,160.8,11502,-26,-30,-35,-33.38,-52,-49.53,10.28,49705,-3.406,hypo,hypo,hypo,hypo
PanTS_00006447,1,979,229,False,1.367,4.102,33,30,28.98,33,32.11,5863,34,33.38,1550,0,0,-3,-3.128,-4,-4.407,6.299,4615,-0.4763,iso,iso,iso,iso
PanTS_00006466,1,1856,406,False,0.9766,2.684,47,44,43.7,74,73.48,36436,82,82.22,2193,-27,-27,-30,-29.78,-38,-38.52,14.26,30634,-2.104,hypo,hypo,hypo,hypo
PanTS_00006467,1,4645,2500,False,0.7305,7.184,129,129,126.8,115,114.5,79792,123,122.2,13267,14,14,14,12.35,6,4.593,10.94,71042,1.28,hyper,hyper,iso,hyper
PanTS_00006483,1,61036,45789,False,0.7422,12.99,45,47,46.73,34,34,16370,35,35.23,12753,2,11,13,12.73,12,11.5,13.59,13081,0.9564,iso,hyper,hyper,hyper
PanTS_00006513,1,14728,9394,False,0.7441,7.06,63,60,60.12,74,73.48,134803,76,75.43,20895,-11,-11,-14,-13.36,-16,-15.31,15.25,119258,-0.918,hypo,hypo,hypo,hypo
PanTS_00006519,1,12934,6977,False,0.8633,11.66,110,112,112.8,87,87.27,7284,90,89.47,1654,21,23,25,25.49,22,23.29,9.614,6164,2.6,hyper,hyper,hyper,hyper
PanTS_00006523,1,796,278,False,0.7812,2.21,15,15,16.27,25,24.52,122497,27,26.73,28759,-10,-10,-10,-8.243,-12,-10.46,33.48,101329,-0.2987,iso,iso,hypo,iso
PanTS_00006525,1,12154,3252,False,0.6107,5.36,8,8,8.47,25,24.3,30239,25,24.06,9962,-17,-17,-17,-15.83,-17,-15.59,4.973,27141,-3.419,hypo,hypo,hypo,hypo
PanTS_00006536,1,363,40,True,0,1.695,41,36,37.12,91,90.05,42392,89,87.78,2607,-50,-50,-55,-52.93,-53,-50.66,8.288,36422,-6.636,hypo,hypo,hypo,hypo
PanTS_00006536,2,384,40,True,0,1.695,33,28.5,27.88,91,90.05,42392,89,87.44,1553,-58,-58,-62.5,-62.18,-60.5,-59.57,8.288,36422,-7.541,hypo,hypo,hypo,hypo
PanTS_00006559,1,688,207,False,0.8613,3.156,60,63,62.77,21,20.88,11316,35,34.03,1070,39,39,42,41.88,28,28.74,12.93,8776,3.248,hyper,hyper,hyper,hyper
PanTS_00006576,1,11981,7833,False,0.7812,5.493,38,39,40.19,34,32.67,183715,38,37.65,29327,4,4,5,7.53,1,2.543,64.65,165005,0.07734,iso,iso,iso,iso
PanTS_00006576,2,956,338,False,0.7812,2.344,17,17,15.36,34,32.67,183715,31,30.53,9855,-17,-17,-17,-17.31,-14,-15.18,64.65,165005,-0.263,hypo,hypo,hypo,hypo
PanTS_00006616,1,2205,593,False,0.6777,5,91,95,95.64,73,70.63,44691,72,70.56,8208,18,18,22,25,23,25.08,7.293,40606,3.016,hyper,hyper,hyper,hyper
PanTS_00006650,1,2270,600,False,0.7715,2.938,32,35,34.43,35,34.71,38484,35,35.23,8063,-3,-3,0,-0.2724,0,-0.8008,6.299,32621,0,iso,iso,iso,iso
PanTS_00006654,1,68489,49323,False,0.7246,10.86,68,70,70.38,85,83.63,39561,107,105.1,3018,-18,-17,-15,-13.26,-37,-34.77,11.6,34243,-1.293,hypo,hypo,hypo,hypo
PanTS_00006661,1,919,40,True,0,0.6406,38,34,36.17,44,44.6,40545,47,46.51,5537,-6,-6,-10,-8.436,-13,-10.34,4.641,36791,-2.155,iso,iso,hypo,iso
PanTS_00006665,1,6777,4047,False,0.9219,9.375,34,37,37.01,9,7.522,2089,10,8.287,2007,26,25,28,29.49,27,28.72,10.44,1376,2.681,hyper,hyper,hyper,hyper
PanTS_00006707,1,1013,223,False,0.9316,5,67,65,65.06,72,70.48,1344,73,72.41,1074,-5,-5,-7,-5.418,-8,-7.354,8.288,1014,-0.8446,iso,iso,iso,iso
PanTS_00006710,1,4192,2306,False,0.7773,5.796,68,53,53.58,77,76.42,107390,80,79.28,25868,-11,-9,-24,-22.84,-27,-25.7,21.88,92652,-1.097,hypo,hypo,hypo,hypo
PanTS_00006734,1,388,40,True,0,2.044,64,63,63.33,56,55.08,64867,64,62.53,7702,8,8,7,8.257,-1,0.8072,10.28,56322,0.6811,iso,iso,iso,iso
PanTS_00006741,1,321,40,True,0,0,80,79.5,78.54,93,92.19,19051,90,88.88,3197,-13,-13,-13.5,-13.65,-10.5,-10.34,7.625,16108,-1.771,hypo,hypo,hypo,hypo
PanTS_00006746,1,27558,21282,False,0.625,7.5,49,47,46.64,65,65.03,115794,71,70.96,25939,-16,-16,-18,-18.39,-24,-24.32,9.614,98001,-1.872,hypo,hypo,hypo,hypo
PanTS_00006754,1,2343,768,False,0.7617,6.601,48,54,53.63,86,80.69,21953,68,61.08,2489,-37,-38,-32,-27.06,-14,-7.455,11.27,19683,-2.839,hypo,hypo,hypo,hypo
PanTS_00006755,1,1563,695,False,0.7383,2.631,27,27,31.2,38,38.76,19492,37,37.54,8696,-11,-11,-11,-7.567,-10,-6.347,64.65,15304,-0.1702,hypo,hypo,iso,iso
PanTS_00006755,2,1952,810,False,0.7383,2.4,26,24,27.83,38,38.76,19492,39,39.32,14608,-12,-12,-14,-10.94,-15,-11.5,64.65,15304,-0.2166,hypo,hypo,hypo,hypo
PanTS_00006772,1,174254,146194,False,0.782,16.33,57,60,59.05,103,102.4,178984,95,94.28,41549,-45,-46,-43,-43.4,-35,-35.24,10.94,156665,-3.93,hypo,hypo,hypo,hypo
PanTS_00006786,1,20737,14862,False,0.8711,14.42,12,11,10.92,81,76.28,38140,86,82.93,11373,-65,-69,-70,-65.35,-75,-72,17.9,32758,-3.91,hypo,hypo,hypo,hypo
PanTS_00006795,1,41646,28212,False,0.7422,6.721,51,48,47.43,68,67.23,52208,71,70.75,14386,-18,-17,-20,-19.8,-23,-23.31,15.25,43385,-1.311,hypo,hypo,hypo,hypo
PanTS_00006802,1,491,121,False,0.9766,2.5,47,54,52.42,56,55.96,22165,51,50.09,5844,-9,-9,-2,-3.539,3,2.337,10.94,18363,-0.1828,iso,iso,iso,iso
PanTS_00006816,1,3547,1853,False,0.8398,7.5,21,13,13.11,63,60.93,54690,60,59.03,15100,-40,-42,-50,-47.82,-47,-45.92,20.55,47520,-2.433,hypo,hypo,hypo,hypo
PanTS_00006837,1,26446,19154,False,0.7422,10.89,45,47,46.84,90,89.56,150714,85,85.21,23529,-47,-45,-43,-42.73,-38,-38.38,17.24,135681,-2.494,hypo,hypo,hypo,hypo
PanTS_00006879,1,8289,4872,False,0.6445,8.255,127,120,121.5,138,137.6,10786,133,132.5,4815,-10,-11,-18,-16.11,-13,-11.03,10.61,7961,-1.697,iso,hypo,hypo,hypo
PanTS_00006903,1,6333,3814,False,1,6.481,80,80,80.6,94.01,93.1,155869,89.01,88.27,23739,-14.01,-14.01,-14.01,-12.5,-9.003,-7.672,9.642,133459,-1.453,hypo,hypo,iso,hypo
PanTS_00006917,1,15383,10531,False,0.8,6.4,35,38,36.98,34,34.94,119312,41,40.19,22898,0,1,4,2.033,-3,-3.216,35.14,103115,0.1138,iso,iso,iso,iso
PanTS_00006917,2,810,237,False,0.8,2.375,38,35,32.81,34,34.94,119312,41,41.56,13476,3,4,1,-2.132,-6,-8.752,35.14,103115,0.02846,iso,iso,iso,iso
PanTS_00006917,3,4,4,True,0,0,56,56,53,34,34.94,119312,39,39.68,10904,21,22,22,18.06,17,13.32,35.14,103115,0.626,hyper,hyper,hyper,hyper
PanTS_00006917,4,244,40,True,0,0.8,42,34,34.62,34,34.94,119312,41,40.13,13172,7,8,0,-0.3181,-7,-5.505,35.14,103115,0,iso,iso,iso,iso
PanTS_00006921,1,9006,5442,False,0.9375,10,18,17,17.13,74,70.89,44638,73,70.05,8451,-55,-56,-57,-53.75,-56,-52.92,11.93,38635,-4.776,hypo,hypo,hypo,hypo
PanTS_00006927,1,166,40,True,0,0,67.5,63.5,62.21,56,54.29,32969,59,58.07,4295,12.5,11.5,7.5,7.922,4.5,4.139,10.61,29071,0.707,hyper,iso,iso,iso
PanTS_00006945,1,4020,2062,False,0.8789,7.051,20,14,15.04,73,68.72,70658,63,59.87,9670,-52,-53,-59,-53.68,-49,-44.82,21.88,63492,-2.696,hypo,hypo,hypo,hypo
PanTS_00006959,1,2044,582,False,0.6445,2.661,87,85,85.04,73,70.02,99379,56,54.01,16745,14,14,12,15.01,29,31.02,11.6,90158,1.034,hyper,hyper,hyper,hyper
PanTS_00006960,1,9006,5426,False,0.7422,9.458,67,71,71.38,51,50.01,30669,57,56.99,4501,19,16,20,21.37,14,14.39,9.614,24454,2.08,hyper,hyper,hyper,hyper
PanTS_00006975,1,3862,1799,False,0.7266,5.478,97,100,99.97,107,106.1,42246,106,104.3,8376,-10,-10,-7,-6.118,-6,-4.348,11.93,36663,-0.5865,iso,iso,iso,iso
PanTS_00006982,1,156720,133263,False,0.7422,21.62,7,6,6.675,58,56.53,60641,56,55.17,24081,-46,-51,-52,-49.86,-50,-48.49,17.24,51171,-3.016,hypo,hypo,hypo,hypo
PanTS_00006987,1,10608,6716,False,0.8203,7.418,52,57,56.06,33,31.46,71514,50,48.62,13370,18,19,24,24.6,7,7.436,13.59,59536,1.766,hyper,hyper,iso,hyper
PanTS_00006987,2,4548,2754,False,0.8203,5.855,53,54,53.92,33,31.46,71514,55,52.84,5189,19,20,21,22.46,-1,1.073,13.59,59536,1.545,hyper,hyper,iso,hyper
PanTS_00006998,1,3028,1285,False,0.9512,5.546,67,63,61.66,84,81.55,30701,91,90.83,9842,-17,-17,-21,-19.89,-28,-29.17,13.92,25638,-1.508,hypo,hypo,hypo,hypo
PanTS_00007001,1,1092,261,False,0.7031,2.223,9,9,9.35,26,26.14,49753,30,29.13,9162,-17,-17,-17,-16.79,-21,-19.78,5.967,42109,-2.849,hypo,hypo,hypo,hypo
PanTS_00007001,2,4344,2536,False,0.7031,4.314,21,24,23.52,26,26.14,49753,28,26.89,11679,-5,-5,-2,-2.618,-4,-3.371,5.967,42109,-0.3352,iso,iso,iso,iso
PanTS_00007002,1,1535,683,False,0.6562,2.366,29,31,31.06,34,33.29,251897,34,34.56,44680,-4,-5,-3,-2.238,-3,-3.506,33.81,229824,-0.08872,iso,iso,iso,iso
PanTS_00007014,1,1832,184,False,0.6758,3.94,103,104,104.6,104,104.6,28680,106,105.5,6592,-1,-1,0,0.01611,-2,-0.9052,10.61,25699,0,iso,iso,iso,iso
PanTS_00007044,1,11655,7750,False,0.663,5.6,48,47,46.81,47,47.14,179775,55,55.69,40468,1,1,0,-0.3327,-8,-8.88,22.54,163005,0,iso,iso,iso,iso
PanTS_00007044,2,4,4,True,0,0,-12,-12,-12,47,47.14,179775,47,47.1,19703,-59,-59,-59,-59.14,-59,-59.1,22.54,163005,-2.617,hypo,hypo,hypo,hypo
PanTS_00007044,3,1251,159,False,0.663,0.9376,25,26,27.54,47,47.14,179775,48,48.83,26227,-22,-22,-21,-19.61,-22,-21.3,22.54,163005,-0.9315,hypo,hypo,hypo,hypo
PanTS_00007044,4,128,40,True,0,0.663,47,43,40,47,47.14,179775,43,43.58,16838,0,0,-4,-7.143,0,-3.585,22.54,163005,-0.1774,iso,iso,iso,iso
PanTS_00007048,1,2225,1079,False,0.625,2.541,49,43,43.27,80,78.43,73196,85,83.8,27853,-28,-31,-37,-35.16,-42,-40.53,14.59,54651,-2.537,hypo,hypo,hypo,hypo
PanTS_00007053,1,3267,1312,False,0.8984,5.239,90,87,87.63,111,109.4,36297,112,111.6,9660,-17,-21,-24,-21.74,-25,-24.01,13.92,30809,-1.724,hypo,hypo,hypo,hypo
PanTS_00007054,1,6198,2556,False,0.8574,6.124,55,55,54.56,75,74.02,48670,76,75.47,9843,-19,-20,-20,-19.46,-21,-20.91,8.288,41235,-2.413,hypo,hypo,hypo,hypo
PanTS_00007060,1,9042,5216,False,0.8398,8.218,51,47,46.33,77,74.03,25500,59,57.46,1930,-27,-26,-30,-27.7,-12,-11.13,16.58,21264,-1.81,hypo,hypo,hypo,hypo
PanTS_00007065,1,8475,4882,False,0.7871,7.806,85,81,81.41,65,59.78,68647,77,76.06,14918,18,20,16,21.64,4,5.353,20.22,60947,0.7912,hyper,hyper,iso,hyper
PanTS_00007067,1,15788,9694,False,0.756,5.019,101,101,101,96,93.75,161335,112,111.6,31375,5,5,5,7.273,-11,-10.56,8.951,140492,0.5586,iso,iso,hypo,iso
PanTS_00007071,1,7766,4676,False,0.8418,6.536,23,20,20.08,56,55.2,98574,62,61.16,18578,-33,-33,-36,-35.12,-42,-41.08,32.49,86019,-1.108,hypo,hypo,hypo,hypo
PanTS_00007093,1,225,43,False,1,1.414,54,49,51.48,101,100.3,135598,97,96.64,6951,-48,-47,-52,-48.78,-48,-45.15,15.24,117600,-3.413,hypo,hypo,hypo,hypo
PanTS_00007094,1,4587,1736,False,1,3.742,123,123,123.2,116,114.8,98101,119,119.2,5260,7,7,7,8.389,4,3.955,8.62,88504,0.8121,iso,iso,iso,iso
PanTS_00007095,1,59835,46253,False,0.6504,8.075,62,65,66.28,44,44.57,40154,64,64.37,10527,18,18,21,21.71,1,1.913,14.59,33531,1.44,hyper,hyper,iso,hyper
PanTS_00007099,1,28880,21574,False,0.7812,8.043,11,12,11.85,12,11.51,102114,18,18.49,41422,-1,-1,0,0.3376,-6,-6.641,24.86,88853,0,iso,iso,iso,iso
PanTS_00007100,1,687,51,False,0.7812,2.344,59,63,60.39,76,75.67,17332,71,68.02,1864,-17,-17,-13,-15.28,-8,-7.635,7.625,14216,-1.705,hypo,hypo,iso,hypo
PanTS_00007100,2,393,40,True,0,0,90,90,91.04,76,75.67,17332,103,101,1271,14,14,14,15.37,-13,-9.975,7.625,14216,1.836,hyper,hyper,hypo,hyper
PanTS_00007100,3,1846,481,False,0.7812,5,43,39,40.63,76,75.67,17332,114,113.1,266,-33,-33,-37,-35.04,-75,-72.45,7.625,14216,-4.852,hypo,hypo,hypo,hypo
PanTS_00007100,4,936,115,False,0.7812,2.817,98,97,94.88,76,75.67,17332,102,101.7,331,22,22,21,19.22,-5,-6.769,7.625,14216,2.754,hyper,hyper,iso,hyper
PanTS_00007102,1,316,40,True,0,0,71,38,39.08,97,95.56,17378,90,89.92,1763,-24,-26,-59,-56.47,-52,-50.84,8.951,14304,-6.591,hypo,hypo,hypo,hypo
PanTS_00007102,2,118,40,True,0,0,77,76,75.38,97,95.56,17378,94,93.67,1917,-18,-20,-21,-20.18,-18,-18.3,8.951,14304,-2.346,hypo,hypo,hypo,hypo
PanTS_00007105,1,6987,4339,False,0.7578,6.43,51,49,49.33,54,53.06,111969,60,59.57,15649,-5,-3,-5,-3.739,-11,-10.24,20.89,100317,-0.2394,iso,iso,hypo,iso
PanTS_00007114,1,10445,6360,False,0.6562,7.726,98,99,99.54,111,107.7,60742,106,103.9,19781,-13,-13,-12,-8.158,-7,-4.395,9.946,54060,-1.207,hypo,hypo,iso,iso
PanTS_00007115,1,11004,6587,False,0.6445,8.157,125,128,127.9,90,91.28,16243,81,80.81,3610,61,35,38,36.59,47,47.06,10.28,11538,3.698,hyper,hyper,hyper,hyper
PanTS_00007122,1,80625,64450,False,0.7422,15.29,41,37,36.83,68,67.45,136528,69,69.27,29681,-27,-27,-31,-30.62,-32,-32.44,19.23,122737,-1.612,hypo,hypo,hypo,hypo
PanTS_00007130,1,11144,7162,False,1.5,10.61,46,42,41.55,63,62.58,11998,80,77.79,3521,-10,-17,-21,-21.02,-38,-36.23,10.94,7686,-1.92,iso,hypo,hypo,hypo
PanTS_00007135,1,330,80,False,1.5,2.598,51,50.5,51.23,41,38.07,20875,47,45.79,2442,10,10,9.5,13.16,3.5,5.439,21.55,15844,0.4409,iso,iso,iso,hyper
PanTS_00007147,1,2162,1081,False,0.7812,4.017,65,65,64.39,69,68.08,104676,75,74.78,12034,-4,-4,-4,-3.684,-10,-10.39,14.59,91159,-0.2742,iso,iso,iso,iso
PanTS_00007151,1,548,138,False,0.7402,2.341,84,83,83.29,83,81.85,48795,77,76.79,6838,1,1,0,1.432,6,6.496,6.962,42651,0,iso,iso,iso,iso
PanTS_00007151,2,342,40,True,0,1.655,90,89.5,90.42,83,81.85,48795,95,94.08,6431,7,7,6.5,8.563,-5.5,-3.659,6.962,42651,0.9337,iso,iso,iso,iso
PanTS_00007152,1,4842,2793,False,1,5.831,33,34,34.59,50,46.98,164719,43,42.3,7982,-17,-17,-16,-12.39,-9,-7.703,20.22,148640,-0.7912,hypo,hypo,iso,hypo
PanTS_00007157,1,1266,176,False,0.7422,2.227,87,84,84.39,100,99.82,85997,101,101.1,10770,-13,-13,-16,-15.43,-17,-16.73,5.967,76634,-2.681,hypo,hypo,hypo,hypo
PanTS_00007157,2,3121,1104,False,0.7422,5.369,82,72.5,72.76,100,99.82,85997,95,95.27,13455,-18,-18,-27.5,-27.06,-22.5,-22.52,5.967,76634,-4.608,hypo,hypo,hypo,hypo
PanTS_00007166,1,1024,317,False,0.834,3.73,73,69,68.53,111,110.6,15202,112,112.8,3791,-35,-38,-42,-42.1,-43,-44.26,21.22,11943,-1.98,hypo,hypo,hypo,hypo
PanTS_00007167,1,26465,19705,False,0.7422,12,57,58,57.53,63,63.09,66712,56,56.1,13379,-5,-6,-5,-5.564,2,1.423,21.22,57852,-0.2357,iso,iso,iso,iso
PanTS_00007184,1,2889,1517,False,1,5,29.01,29.01,29.05,52.99,52.96,134982,56.99,56.55,11553,-24.99,-23.99,-23.99,-23.92,-27.99,-27.5,9.611,118904,-2.496,hypo,hypo,hypo,hypo
PanTS_00007190,1,25636,18240,False,0.7422,9.145,50,49,48.88,64,63.8,112881,62,61.61,24825,-15,-14,-15,-14.92,-13,-12.73,18.23,98329,-0.8227,hypo,hypo,hypo,hypo
PanTS_00007194,1,1280,462,False,0.9766,4.98,34,38,37.39,4,2.694,32772,4,3.505,7066,29,30,34,34.69,34,33.88,6.63,27883,5.128,hyper,hyper,hyper,hyper
PanTS_00007201,1,196,40,True,0,0.9375,55.5,64,61.83,60,60.27,78238,72,71.31,4116,-4.5,-4.5,4,1.567,-8,-9.48,17.24,65314,0.232,iso,iso,iso,iso
PanTS_00007211,1,13492,4191,False,0.7891,5.236,47,44,44.34,98,97.5,56339,98,98.37,19286,-51,-51,-54,-53.16,-54,-54.03,11.27,49475,-4.791,hypo,hypo,hypo,hypo
PanTS_00007211,2,180,40,True,0,0,43,37.5,38.71,98,97.5,56339,,,0,-55,-55,-60.5,-58.79,,,11.27,49475,-5.367,hypo,hypo,unknown,hypo
PanTS_00007211,3,8725,4955,False,0.7891,8.021,34,28,28,98,97.5,56339,98,97.29,4477,-64,-64,-70,-69.5,-70,-69.29,11.27,49475,-6.21,hypo,hypo,hypo,hypo
PanTS_00007211,4,611,40,True,0,0.7891,33,40,40.42,98,97.5,56339,94,93.89,2123,-65,-65,-58,-57.09,-54,-53.48,11.27,49475,-5.146,hypo,hypo,hypo,hypo
PanTS_00007211,5,1247,461,False,0.7891,3.945,59,48,48.58,98,97.5,56339,103,103.4,4994,-39,-39,-50,-48.92,-55,-54.82,11.27,49475,-4.436,hypo,hypo,hypo,hypo
PanTS_00007211,6,2712,1214,False,0.7891,5.475,84,81,80.38,98,97.5,56339,100,100.2,6480,-14,-14,-17,-17.12,-19,-19.86,11.27,49475,-1.508,hypo,hypo,hypo,hypo
PanTS_00007217,1,1124,220,False,0.7012,3.575,56,63.5,61.86,55,56.1,4845,60,60.6,2787,1,1,8.5,5.759,3.5,1.268,10.61,3885,0.8012,iso,iso,iso,iso
PanTS_00007227,1,2109,881,False,0.8014,3.091,12,14,13.29,12,12.63,69236,16,15.41,18389,0,0,2,0.6566,-2,-2.126,44.09,57587,0.04536,iso,iso,iso,iso
PanTS_00007228,1,2362,418,False,0.647,5,100,103,102.5,98,97.33,25774,98,97.88,3719,2,2,5,5.172,5,4.625,4.641,22944,1.077,iso,iso,iso,iso
PanTS_00007242,1,28322,20363,False,0.7422,11.23,37,32,31.95,73,72.6,88508,74,73.94,16649,-37,-36,-41,-40.65,-42,-41.99,17.57,75819,-2.333,hypo,hypo,hypo,hypo
PanTS_00007248,1,4295,1680,False,0.7363,5,127,133,133.8,123,122.7,40790,116,116.7,6365,4,4,10,11.08,17,17.02,12.93,36091,0.7734,iso,iso,hyper,hyper
PanTS_00007260,1,2948,578,False,0.625,4.375,61,68,67.64,67,65.79,4988,65,65.01,3197,-4,-6,1,1.841,3,2.624,6.299,3588,0.1588,iso,iso,iso,iso
PanTS_00007278,1,1662,566,False,0.8027,3.078,103,106,105.4,104,104.1,35481,115,113.9,7907,-1,-1,2,1.293,-9,-8.568,17.24,30276,0.116,iso,iso,iso,iso
PanTS_00007284,1,220,40,True,0,1.5,61,62,61.54,60,60.13,35460,63,62.05,2804,1,1,2,1.411,-1,-0.5106,23.87,28415,0.08379,iso,iso,iso,iso
PanTS_00007298,1,1389,637,False,1,3.742,47.01,47.01,46.33,51.01,49.64,104434,46.01,45.44,16872,-5.982,-3.998,-3.998,-3.316,1.007,0.891,13.62,91433,-0.2936,iso,iso,iso,iso
PanTS_00007299,1,16665,11591,False,0.7793,12.2,99,97,96.11,117,113.7,17716,129,128.3,8173,-12,-18,-20,-17.62,-32,-32.14,12.6,13635,-1.588,hypo,hypo,hypo,hypo
PanTS_00007308,1,24430,17608,False,0.7422,8.906,82,85,83.84,100,99.46,97130,101,100.8,20172,-20,-18,-15,-15.61,-16,-16.94,14.59,81507,-1.028,hypo,hypo,hypo,hypo
PanTS_00007309,1,4550,2046,False,0.6875,5,74,64,63.68,86,85.73,48771,90,90.06,13857,-11,-12,-22,-22.05,-26,-26.38,11.6,42161,-1.896,hypo,hypo,hypo,hypo
PanTS_00007315,1,3489,1916,False,0.832,6.861,63,50,50.42,103,93.71,29096,103,96.49,4706,-36,-40,-53,-43.29,-53,-46.07,12.27,24542,-4.321,hypo,hypo,hypo,hypo
PanTS_00007319,1,1220,364,False,0.709,2.5,34,18,18.44,125,123.4,65515,127,124.7,10378,-91,-91,-107,-104.9,-109,-106.3,9.283,58296,-11.53,hypo,hypo,hypo,hypo
PanTS_00007329,1,21834,15603,False,0.7168,7.725,25,26,26.72,21,21.99,200203,25,23.81,38602,4,4,5,4.736,1,2.918,26.52,179019,0.1885,iso,iso,iso,iso
PanTS_00007334,1,9093,4709,False,0.8203,11.16,51,49,49.34,48,47.92,8404,59,58.3,3071,-1,3,1,1.419,-10,-8.967,13.26,6690,0.07541,iso,iso,iso,iso
PanTS_00007361,1,6198,3159,False,0.7812,3.41,38,37,35.51,38,37.92,117048,38,38.15,25267,0,0,-1,-2.408,-1,-2.641,18.9,102816,-0.05292,iso,iso,iso,iso
PanTS_00007364,1,307,56,False,0.8555,1.913,54,52.5,51.62,58,57.41,55316,68,67.25,5801,-4,-4,-5.5,-5.791,-15.5,-15.64,11.27,47473,-0.4879,iso,iso,hypo,iso
PanTS_00007414,1,101364,69807,False,0.7832,9.625,53,52,51.69,65,63.52,53527,66,64.99,8629,-12,-12,-13,-11.82,-14,-13.3,13.92,43428,-0.9337,hypo,hypo,hypo,hypo
PanTS_00007422,1,16192,10834,False,0.8203,11.43,74,72,70.97,104,100.8,19088,107,106.9,5876,-24,-30,-32,-29.82,-35,-35.96,15.91,15881,-2.011,hypo,hypo,hypo,hypo
PanTS_00007426,1,2289,380,False,0.9414,4.21,80,77.5,77.81,73,73.02,18979,80,78.67,5969,6,7,4.5,4.786,-2.5,-0.8618,17.24,15493,0.261,iso,iso,iso,iso
PanTS_00007435,1,1748,684,False,0.8945,4.717,84,84,84.17,68,66.49,47373,81,80.12,7386,16,16,16,17.67,3,4.05,22.87,41517,0.6995,hyper,hyper,iso,hyper
PanTS_00007437,1,1280,462,False,0.9766,4.98,34,38,37.39,3,2.105,29403,8,7.771,4364,30,31,35,35.28,30,29.62,6.63,25097,5.279,hyper,hyper,hyper,hyper
PanTS_00007451,1,7542,4176,False,0.6172,4.635,37,35,35.34,43,42.66,139520,44,43.96,23042,-6,-6,-8,-7.322,-9,-8.629,7.293,123366,-1.097,iso,iso,iso,iso
PanTS_00007463,1,2621,901,False,0.8633,3.453,55,60,58.83,82,81.22,31104,103,102.3,4372,-27,-27,-22,-22.39,-43,-43.49,18.9,26640,-1.164,hypo,hypo,hypo,hypo
PanTS_00007468,1,794,244,False,1.5,3.354,44,44,44.84,38,36.37,16089,42,40.23,2192,6,6,6,8.472,2,4.61,18.9,12357,0.3175,iso,iso,iso,iso
PanTS_00007472,1,809,287,False,0.7812,2.344,14,14,16.44,24,22.63,139596,26,25.61,29878,-10,-10,-10,-6.187,-12,-9.167,33.15,120788,-0.3016,iso,iso,hypo,iso
PanTS_00007485,1,16942,11296,False,0.668,6.899,81,80,79.39,73,72.58,65518,78,77.07,19635,7,8,7,6.804,2,2.315,9.283,53712,0.7541,iso,iso,iso,iso
PanTS_00007494,1,2871,1143,False,0.8125,2.577,66,64,63.44,53,51.95,112911,71,71.27,5029,13,13,11,11.49,-7,-7.832,16.58,100408,0.6636,hyper,hyper,iso,hyper
PanTS_00007501,1,1032,337,False,0.8301,2.165,26,28,27.71,33,32.34,88555,24,23.05,10518,-7,-7,-5,-4.627,4,4.663,20.55,71522,-0.2433,iso,iso,iso,iso
PanTS_00007516,1,33825,24512,False,0.7422,10.67,54,58,58.02,54,53.1,165556,49,47.45,15317,10,0,4,4.915,9,10.57,19.56,148560,0.2045,iso,iso,iso,iso
PanTS_00007525,1,11123,7110,False,0.8066,11.04,51,43,43.73,128,122.5,34640,119,114.6,6500,-73,-77,-85,-78.74,-76,-70.83,18.57,29945,-4.578,hypo,hypo,hypo,hypo
PanTS_00007532,1,5822,2679,False,0.6836,2.601,34,33,32.09,47,46.8,210043,47,46.43,54452,-13,-13,-14,-14.71,-14,-14.34,15.91,191181,-0.8798,hypo,hypo,hypo,hypo
PanTS_00007532,2,3,3,True,0,0,43,43,16,47,46.8,210043,47,46.82,8916,-4,-4,-4,-30.8,-4,-30.82,15.91,191181,-0.2514,iso,iso,iso,hypo
PanTS_00007533,1,509,71,False,0.9375,2.965,51,60,62.09,77,76.34,21999,77,75.08,3173,-27,-26,-17,-14.25,-17,-12.99,12.6,19236,-1.349,hypo,hypo,hypo,hypo
PanTS_00007536,1,39894,29408,False,0.7422,10.24,62,63,63.14,89,88.77,63103,91,90.95,12209,-29,-27,-26,-25.63,-28,-27.81,13.26,53335,-1.961,hypo,hypo,hypo,hypo
PanTS_00007539,1,211,40,True,0,0,39,37.5,35.46,61,58.8,58716,50,46.47,4697,-21,-22,-23.5,-23.34,-12.5,-11.01,11.6,50440,-2.025,hypo,hypo,hypo,hypo
PanTS_00007555,1,425,40,True,0,0.9766,49,48,48.92,47,45.89,26246,67,66.86,1877,2,2,1,3.025,-19,-17.95,13.59,21222,0.07357,iso,iso,hypo,iso
PanTS_00007555,2,334,40,True,0,1.953,45,41.5,43.08,47,45.89,26246,54,53.25,4187,-2,-2,-5.5,-2.809,-12.5,-10.16,13.59,21222,-0.4046,iso,iso,hypo,iso
PanTS_00007558,1,5938,3542,False,1.5,9.124,33,35,34.97,47,45.32,31319,55,52.08,4782,-14,-14,-12,-10.35,-20,-17.11,8.62,24803,-1.392,hypo,hypo,hypo,hypo
PanTS_00007564,1,3631,1745,False,0.7402,5.753,56,60,59.06,33,31.87,81004,39,36.4,9955,25,23,27,27.19,21,22.67,16.24,71925,1.662,hyper,hyper,hyper,hyper
PanTS_00007575,1,241,40,True,0,2.184,103,102,101.8,103,103.9,45725,114,113.4,4349,0,0,-1,-2.14,-12,-11.63,7.625,39400,-0.1311,iso,iso,hypo,iso
PanTS_00007577,1,18760,12152,False,0.7422,7.526,50,52,51.68,48,47.63,56089,47,46.45,8463,-1,2,4,4.046,5,5.231,19.56,48637,0.2045,iso,iso,iso,iso
PanTS_00007578,1,78,40,True,0,0,58.5,61,63.75,68,67.23,24180,,,0,-9.5,-9.5,-7,-3.48,,,11.6,21112,-0.6033,iso,iso,unknown,iso
PanTS_00007578,2,100,40,True,0,0,63.5,64.5,63.38,68,67.23,24180,,,0,-4.5,-4.5,-3.5,-3.855,,,11.6,21112,-0.3016,iso,iso,unknown,iso
PanTS_00007578,3,499,47,False,0.8965,2.005,73,78,77.17,68,67.23,24180,72,71.67,2532,5,5,10,9.943,6,5.503,11.6,21112,0.8618,iso,iso,iso,iso
PanTS_00007578,4,103,40,True,0,0,23,24.5,24.21,68,67.23,24180,,,0,-45,-45,-43.5,-43.02,,,11.6,21112,-3.749,hypo,hypo,unknown,hypo
PanTS_00007578,5,153,40,True,0,0,64,58,58.92,68,67.23,24180,32,32.67,171,-4,-4,-10,-8.313,26,26.25,11.6,21112,-0.8618,iso,iso,hyper,iso
PanTS_00007583,1,9021,5830,False,0.7949,7.717,80,79,78.79,82,80.65,23225,92,90.17,10878,-5,-2,-3,-1.856,-13,-11.38,6.962,15739,-0.4309,iso,iso,hypo,iso
PanTS_00007588,1,7954,4694,False,0.748,8.888,74,78,78.68,77,75.15,9090,71.5,68.62,1812,2,-3,1,3.527,6.5,10.06,15.91,6952,0.06284,iso,iso,iso,iso
PanTS_00007594,1,21717,14737,False,0.6738,12.02,98,93,93.36,146,145,19628,124,125.3,6585,-42,-48,-53,-51.61,-31,-31.9,12.27,15977,-4.321,hypo,hypo,hypo,hypo
PanTS_00007602,1,1596,656,False,0.7812,2.4,8,14,13.56,-9,-9.546,234113,4,3.709,40624,17,17,23,23.11,10,9.855,35.14,212471,0.6545,hyper,hyper,iso,hyper
PanTS_00007615,1,378,55,False,1,1.414,98.01,95.99,94.21,129,128.9,200651,129,128.6,11115,-31.98,-31.01,-33.02,-34.7,-33.02,-34.37,9.632,179846,-3.428,hypo,hypo,hypo,hypo
PanTS_00007622,1,5257,2820,False,0.9766,7.5,72,73,73.57,33,31.36,26276,46,43.57,7217,37,39,40,42.21,27,29.99,18.57,21679,2.155,hyper,hyper,hyper,hyper
PanTS_00007627,1,743,158,False,0.7031,0.9944,21,31,29.58,25,25.07,209495,28,27.48,24334,-4,-4,6,4.512,3,2.101,25.2,188427,0.2381,iso,iso,iso,iso
PanTS_00007630,1,2382,979,False,0.6367,4.476,68,63,63.24,105,103.9,92890,102,101.8,13425,-36,-37,-42,-40.68,-39,-38.52,7.956,81798,-5.279,hypo,hypo,hypo,hypo
PanTS_00007636,1,3822,1868,False,0.8887,7.5,32,34,34.16,20,19.89,31985,21,20.15,8350,11,12,14,14.26,13,14,14.59,25738,0.9598,hyper,hyper,hyper,hyper
PanTS_00007636,2,150,40,True,0,0.8887,50.5,52.5,52.79,20,19.89,31985,25,25.39,1111,29.5,30.5,32.5,32.9,27.5,27.41,14.59,25738,2.228,hyper,hyper,hyper,hyper
PanTS_00007641,1,6623,3594,False,0.7227,6.539,80,77,77.24,94,93.56,144853,97,95.1,31385,-14,-14,-17,-16.32,-20,-17.85,13.26,131934,-1.282,hypo,hypo,hypo,hypo
PanTS_00007643,1,3601,1275,False,0.8105,5,125,129,128.1,129,128.5,47359,121,121.6,4210,-4,-4,0,-0.3836,8,6.49,9.283,42199,0,iso,iso,iso,iso
PanTS_00007651,1,5012,2256,False,0.6445,7.211,25,21,21.15,129,125.8,36988,128,122.9,4889,-103,-104,-108,-104.7,-107,-101.7,8.62,32878,-12.53,hypo,hypo,hypo,hypo
PanTS_00007660,1,72826,57642,False,0.7422,15.4,40,42,41.6,55,54.55,50190,65,65.05,21528,-19,-15,-13,-12.94,-23,-23.44,22.87,43086,-0.5683,hypo,hypo,hypo,hypo
PanTS_00007661,1,364,51,False,0.9102,2.5,42,36,37.71,55,53.78,50228,47,46.4,2775,-13,-13,-19,-16.07,-11,-8.695,12.93,44255,-1.47,hypo,hypo,hypo,hypo
PanTS_00007661,2,452,40,True,0,1.287,32,25,25.17,55,53.78,50228,,,0,-23,-23,-30,-28.62,,,12.93,44255,-2.32,hypo,hypo,unknown,hypo
PanTS_00007661,3,12430,5715,False,0.9102,7.535,23,19,19.06,55,53.78,50228,42,39.07,1033,-32,-32,-36,-34.73,-23,-20.01,12.93,44255,-2.784,hypo,hypo,hypo,hypo
PanTS_00007668,1,13376,9000,False,0.8711,8.579,17,17,16.86,4,2.726,35917,25,24.45,9979,12,13,13,14.14,-8,-7.588,16.58,27392,0.7843,hyper,hyper,iso,hyper
PanTS_00007690,1,1202,414,False,0.6738,3.285,124,115.5,114.2,110,107.1,23036,115,112.8,6319,21,14,5.5,7.1,0.5,1.431,9.283,18536,0.5925,hyper,iso,iso,iso
PanTS_00007691,1,3480,1439,False,0.9766,6.836,19,19,19.45,39,38.1,5562,68,70.37,1218,-19,-20,-20,-18.64,-49,-50.91,9.614,3970,-2.08,hypo,hypo,hypo,hypo
PanTS_00007691,2,1841,437,False,0.9766,3.906,59,57,57.39,39,38.1,5562,57,64.98,965,21,20,18,19.3,0,-7.589,9.614,3970,1.872,hyper,hyper,iso,hyper
PanTS_00007691,3,90,40,True,0,0,56,57,57.08,39,38.1,5562,,,7,18,17,18,18.99,,,9.614,3970,1.872,hyper,hyper,unknown,hyper
PanTS_00007702,1,6532,2843,False,0.7031,8.496,59,54,53.96,43,39.54,26410,60,59.07,6335,15,16,11,14.43,-6,-5.112,8.288,23461,1.327,hyper,hyper,iso,hyper
PanTS_00007713,1,11645,6821,False,0.6445,6.822,98,100,100.8,81,79.95,38527,86,85.25,10977,20,17,19,20.86,14,15.57,7.625,33106,2.492,hyper,hyper,hyper,hyper
PanTS_00007728,1,14171,7271,False,0.6758,6.367,54,56,55.36,46,45.04,58524,53,52.22,19601,7,8,10,10.32,3,3.146,13.92,48979,0.7182,iso,iso,iso,hyper
PanTS_00007735,1,518,116,False,1.5,3,86,145,153,107,106.6,4372,,,0,-21,-21,38,46.49,,,39.12,3126,0.9714,hypo,hyper,unknown,hyper
PanTS_00007757,1,38371,21923,False,1.5,10.61,48,48,47.93,76,75.75,6136,74,73.8,5617,-25,-28,-28,-27.82,-26,-25.87,25.53,3739,-1.097,hypo,hypo,hypo,hypo
PanTS_00007765,1,13503,8910,False,0.791,10.75,60,57,57.98,67,62.74,32455,69,67.49,7328,-5,-7,-10,-4.762,-12,-9.512,22.54,27592,-0.4436,iso,iso,hypo,iso
PanTS_00007779,1,1155,412,False,1,2.828,66,66,65.24,97,96.59,163229,84,83.96,11145,-31.01,-31.01,-31.01,-31.34,-18.01,-18.72,8.296,141734,-3.737,hypo,hypo,hypo,hypo
PanTS_00007786,1,3237,1544,False,0.9082,6.831,68,64,62.84,68,66.01,14661,72,68.11,3790,0,0,-4,-3.172,-8,-5.272,16.24,11592,-0.2462,iso,iso,iso,iso
PanTS_00007792,1,1160,486,False,1.5,5.408,76.5,74,74.51,78,78.42,33568,80,79.08,3384,-1.5,-1.5,-4,-3.906,-6,-4.565,12.93,27108,-0.3094,iso,iso,iso,iso
PanTS_00007802,1,303,40,True,0,2.215,119,81.5,86.29,98,95.78,28843,112,111.1,6126,30,21,-16.5,-9.493,-30.5,-24.8,10.94,22818,-1.508,hyper,hypo,hypo,iso
PanTS_00007831,1,5412,2150,False,0.8,3.169,33,34,33.57,38,38.32,99797,38,38.06,14027,-5,-5,-4,-4.753,-4,-4.494,15.58,88777,-0.2567,iso,iso,iso,iso
PanTS_00007846,1,2834,1108,False,0.6055,4.573,97,68,68.53,133,131.5,30278,133,131.4,15812,-33,-36,-65,-63,-65,-62.9,10.28,24857,-6.325,hypo,hypo,hypo,hypo
PanTS_00007851,1,6115,2684,False,0.7324,6.368,111,112,112.8,95,91.32,48753,98,95.51,10586,17,16,17,21.53,14,17.34,10.94,43357,1.554,hyper,hyper,hyper,hyper
PanTS_00007858,1,2487,1071,False,0.8828,6.371,44,37,38.73,72,70.8,63169,73,72.94,3289,-28,-28,-35,-32.07,-36,-34.2,15.58,56769,-2.246,hypo,hypo,hypo,hypo
PanTS_00007862,1,16328,11578,False,0.7422,7.159,26,28,27.89,30,29.96,200347,25,25.7,48140,-4,-4,-2,-2.069,3,2.19,31.83,180618,-0.06284,iso,iso,iso,iso
PanTS_00007863,1,16075,8986,False,0.8,4.403,21,21,21.97,21,20.77,65235,28,28.01,26739,1,0,0,1.206,-7,-6.042,44.09,55239,0,iso,iso,iso,iso
PanTS_00007868,1,1218,300,False,0.8,1.501,28,24,23.32,30,28.66,97935,31,31.12,17266,-2,-2,-6,-5.338,-7,-7.8,21.55,83117,-0.2784,iso,iso,iso,iso
PanTS_00007890,1,16439,11491,False,0.75,12.74,77,77,76.75,82,80.9,32028,81,79.05,3105,-4,-5,-5,-4.153,-4,-2.301,17.57,28780,-0.2846,iso,iso,iso,iso
PanTS_00007905,1,4070,1862,False,0.7227,8.24,24,13,14.92,81,79.66,48955,77,76.26,7428,-56,-57,-68,-64.74,-64,-61.34,13.92,44064,-4.884,hypo,hypo,hypo,hypo
PanTS_00007921,1,14994,4330,False,0.5833,6.651,21,20,19.42,43,43.1,37854,43,42.88,18119,-22,-22,-23,-23.68,-23,-23.46,4.31,33966,-5.337,hypo,hypo,hypo,hypo
PanTS_00007938,1,4682,2538,False,0.7363,6.789,81,68,68.6,133,129.9,15805,141,139.4,2697,-43,-52,-65,-61.28,-73,-70.78,10.28,12623,-6.325,hypo,hypo,hypo,hypo
PanTS_00007946,1,635,214,False,0.7,1.978,56,38.5,41.64,33,32.12,93307,29,28.59,18523,22,23,5.5,9.518,9.5,13.05,15.91,75505,0.3456,hyper,iso,iso,iso
PanTS_00007960,1,70274,55382,False,0.7422,15.2,46,48,47.7,88,87.24,87339,82,81.3,21228,-43,-42,-40,-39.54,-34,-33.6,14.59,77442,-2.742,hypo,hypo,hypo,hypo
PanTS_00007989,1,805,172,False,0.8262,2.979,45,52,50.67,83,81.43,44074,75,73.54,10320,-37,-38,-31,-30.76,-23,-22.87,10.28,38068,-3.016,hypo,hypo,hypo,hypo
PanTS_00007995,1,3711,2142,False,0.9531,5.838,55,56,55.8,51,50.77,137296,61,60.92,15053,3,4,5,5.032,-5,-5.12,20.55,117991,0.2433,iso,iso,iso,iso
PanTS_00007997,1,1442,218,False,0.9062,5,38,39,39.89,60,59.27,18860,65,64.4,1342,-22,-22,-21,-19.38,-26,-24.52,17.9,16168,-1.173,hypo,hypo,hypo,hypo
PanTS_00007997,2,164,40,True,0,0,35,31.5,33.54,60,59.27,18860,,,0,-25,-25,-28.5,-25.72,,,17.9,16168,-1.592,hypo,hypo,unknown,hypo
PanTS_00008001,1,2431,702,False,0.8398,5.662,68,76.5,76.25,64,62.4,18390,73,72.51,4220,7,4,12.5,13.85,3.5,3.739,27.52,15257,0.4543,iso,hyper,iso,hyper
PanTS_00008010,1,12496,7081,False,0.7891,12.06,26,18,18.63,125,121.8,30642,133,130.2,9906,-98,-99,-107,-103.2,-115,-111.6,10.28,26038,-10.41,hypo,hypo,hypo,hypo
PanTS_00008045,1,654,186,False,0.6992,1.406,30,35,34.2,34,33.21,104033,36,35.65,14775,-4,-4,1,0.9846,-1,-1.458,25.86,88971,0.03867,iso,iso,iso,iso
PanTS_00008048,1,1473,490,False,0.5762,1.517,42,32,32.64,39,39.32,93435,41,40.07,24942,0,3,-7,-6.682,-9,-7.432,12.6,81178,-0.5557,iso,iso,iso,iso
PanTS_00008059,1,88298,72419,False,0.7,13.69,48,51,50.3,32,31.44,62592,25,24.54,8797,16,16,19,18.85,26,25.76,17.57,54924,1.081,hyper,hyper,hyper,hyper
PanTS_00008063,1,1186,362,False,0.7969,3.564,68,70.5,71.14,101,100.4,54224,100,99.5,4409,-33,-33,-30.5,-29.25,-29.5,-28.36,8.951,47163,-3.407,hypo,hypo,hypo,hypo
PanTS_00008072,1,2248,296,False,1.5,2.598,33,34,34.1,55,53.69,31337,54.5,55.09,178,-22,-22,-21,-19.59,-20.5,-21,10.94,25355,-1.92,hypo,hypo,hypo,hypo
PanTS_00008073,1,1161,364,False,0.7617,3.941,136,141,141.5,108,108.8,53366,107,107.9,9804,28,28,33,32.67,34,33.56,11.27,47562,2.928,hyper,hyper,hyper,hyper
PanTS_00008086,1,8611,5060,False,0.7344,7.365,103,100,100.2,124,120.9,58327,133,130.6,10788,-21,-21,-24,-20.7,-33,-30.47,16.91,52422,-1.419,hypo,hypo,hypo,hypo
PanTS_00008091,1,954,269,False,1,2,59.01,60.99,61.53,60.99,59.48,100976,59.01,58.58,18554,-2.991,-1.984,0,2.044,1.984,2.946,10.62,83938,0,iso,iso,iso,iso
PanTS_00008123,1,8527,5372,False,0.9766,9.19,51,52,51.84,52,51.39,15076,50,48.6,2145,0,-1,0,0.4462,2,3.236,10.61,12251,0,iso,iso,iso,iso
PanTS_00008131,1,667,40,True,0,2.215,54,67.5,67.71,76,75.19,10384,76,75.56,2687,-19,-22,-8.5,-7.478,-8.5,-7.855,10.28,8163,-0.8271,hypo,iso,iso,iso
PanTS_00008131,2,4036,1298,False,0.7832,5.702,71,73,73.13,76,75.19,10384,68,68.18,3657,-2,-5,-3,-2.057,5,4.954,10.28,8163,-0.2919,iso,iso,iso,iso
PanTS_00008132,1,289,40,True,0,0,20,17.5,19.04,46,43.71,26349,,,0,-26,-26,-28.5,-24.67,,,9.283,23180,-3.07,hypo,hypo,unknown,hypo
PanTS_00008132,2,2340,253,False,0.6816,3.975,21,21,21,46,43.71,26349,,,0,-25,-25,-25,-22.71,,,9.283,23180,-2.693,hypo,hypo,unknown,hypo
PanTS_00008132,3,268,40,True,0,0.6816,21,17,16.04,46,43.71,26349,,,0,-25,-25,-29,-27.67,,,9.283,23180,-3.124,hypo,hypo,unknown,hypo
PanTS_00008132,4,832,40,True,0,1.363,38,36.5,36.71,46,43.71,26349,,,0,-8,-8,-9.5,-7.006,,,9.283,23180,-1.023,iso,iso,unknown,iso
PanTS_00008180,1,5105,2858,False,0.9316,9.613,12,7,7.233,52,48.56,43840,67,64.58,7462,-40,-40,-45,-41.32,-60,-57.35,15.58,38630,-2.888,hypo,hypo,hypo,hypo
PanTS_00008184,1,2536,737,False,0.625,1.575,30,30,32.94,31,31.34,149467,35,35.23,30690,-1,-1,-1,1.599,-5,-2.289,52.71,132504,-0.01897,iso,iso,iso,iso
PanTS_00008205,1,3103,1530,False,0.7,3.369,74,71,71.71,69,68.26,188640,83,82.25,4577,5,5,2,3.452,-12,-10.55,18.57,167133,0.1077,iso,iso,hypo,iso
PanTS_00008205,2,1367,349,False,0.7,1.47,43,40,41.67,69,68.26,188640,57,55.64,11634,-26,-26,-29,-26.58,-17,-13.96,18.57,167133,-1.562,hypo,hypo,hypo,hypo
PanTS_00008205,3,3924,1689,False,0.7,2.742,41,40,39.88,69,68.26,188640,70,68.08,18460,-28,-28,-29,-28.38,-30,-28.2,18.57,167133,-1.562,hypo,hypo,hypo,hypo
PanTS_00008231,1,1557,239,False,0.7812,3.906,90,87,86.59,100,98.47,23053,106,105.1,6225,-8,-10,-13,-11.88,-19,-18.5,11.27,19080,-1.153,iso,hypo,hypo,hypo
PanTS_00008231,2,1044,133,False,0.7812,4.207,93,95,93.15,100,98.47,23053,92,90.38,3790,-5,-7,-5,-5.326,3,2.771,11.27,19080,-0.4436,iso,iso,iso,iso
PanTS_00008234,1,3,3,True,0,0,72,72,63,34,33.4,87653,38,37.18,8710,38,38,38,29.6,34,25.82,34.15,75263,1.113,hyper,hyper,hyper,hyper
PanTS_00008234,2,6,6,True,0,0,10.5,10.5,12.75,34,33.4,87653,38,38.54,6843,-23.5,-23.5,-23.5,-20.65,-27.5,-25.79,34.15,75263,-0.6882,hypo,hypo,hypo,hypo
PanTS_00008234,3,4,4,True,0,0,-25,-25,-29.25,34,33.4,87653,39,39.62,5733,-59,-59,-59,-62.65,-64,-68.87,34.15,75263,-1.728,hypo,hypo,hypo,hypo
PanTS_00008234,4,893,263,False,0.8,1.734,22,29,28.33,34,33.4,87653,38,38.46,9808,-12,-12,-5,-5.069,-9,-10.13,34.15,75263,-0.1464,hypo,iso,iso,iso
PanTS_00008234,5,1092,358,False,0.8,1.734,38,39,41.36,34,33.4,87653,39,40.1,10876,4,4,5,7.96,0,1.254,34.15,75263,0.1464,iso,iso,iso,iso
PanTS_00008234,6,112,40,True,0,0.8,23,25.5,23.75,34,33.4,87653,30,29.11,14384,-11,-11,-8.5,-9.647,-4.5,-5.363,34.15,75263,-0.2489,hypo,iso,iso,iso
PanTS_00008238,1,127591,103289,False,0.7422,16.67,43,44,44.51,94,93.62,58652,93,92.35,23501,-55,-51,-50,-49.11,-49,-47.85,19.89,51357,-2.514,hypo,hypo,hypo,hypo
PanTS_00008242,1,4450,2270,False,0.6289,2.714,13,13,12.68,40,39.61,5273,40,39.75,4512,-27,-27,-27,-26.92,-27,-27.07,14.26,4207,-1.894,hypo,hypo,hypo,hypo
PanTS_00008242,2,38046,28345,False,0.6289,8.737,35,35,34.85,40,39.61,5273,,,0,-5,-5,-5,-4.75,,,14.26,4207,-0.3507,iso,iso,unknown,iso
PanTS_00008266,1,1009,172,False,0.7285,5,55,45,45.42,73,71.5,32014,74,66.99,1809,-18,-18,-28,-26.08,-29,-21.56,10.94,28865,-2.559,hypo,hypo,hypo,hypo
PanTS_00008273,1,7372,4028,False,0.8926,11.85,114,87,89,134,134,16221,133,133.1,3647,-19,-20,-47,-45.04,-46,-44.05,9.283,13620,-5.063,hypo,hypo,hypo,hypo
PanTS_00008292,1,66601,47352,False,0.8477,12.09,29,32,32.07,26,24.76,63178,21,20.39,18757,3,3,6,7.306,11,11.68,19.56,54763,0.3068,iso,iso,hyper,iso
PanTS_00008292,2,78,40,True,0,0,-13,-13.5,-11.75,26,24.76,63178,,,0,-39,-39,-39.5,-36.51,,,19.56,54763,-2.019,hypo,hypo,unknown,hypo
PanTS_00008298,1,6897,3965,False,0.8105,7.88,87,81,81.01,81,79.92,29770,90,88.61,4351,6,6,0,1.095,-9,-7.595,20.55,25570,0,iso,iso,iso,iso
PanTS_00008301,1,213824,182322,False,0.7422,20.91,49,48,48.44,93,92.63,121289,92,91.49,41915,-46,-44,-45,-44.19,-44,-43.06,20.55,107455,-2.189,hypo,hypo,hypo,hypo
PanTS_00008302,1,21969,15975,False,0.7422,10.39,71,65,64.86,79,79.14,125960,83,82.62,26480,-9,-8,-14,-14.27,-18,-17.76,5.636,109765,-2.484,iso,hypo,hypo,hypo
PanTS_00008303,1,4261,2409,False,0.9766,8.735,82,80,78.29,103,101.8,23743,104,104.2,6104,-21,-21,-23,-23.48,-24,-25.95,13.59,19955,-1.692,hypo,hypo,hypo,hypo
PanTS_00008317,1,10583,6505,False,0.586,3.606,46,46,46.73,48,47.8,142967,53,52.81,34390,-2,-2,-2,-1.064,-7,-6.072,24.2,124739,-0.08264,iso,iso,iso,iso
PanTS_00008330,1,5998,3398,False,0.8633,9.399,63,41,46.44,94,92.93,57043,86,83.71,10351,-31,-31,-53,-46.48,-45,-37.26,12.6,50897,-4.207,hypo,hypo,hypo,hypo
PanTS_00008339,1,304,56,False,0.7812,0.8,14,-2,-3.853,30,30.47,118269,39,39.81,13723,-16,-16,-32,-34.33,-41,-43.66,50.39,102237,-0.635,hypo,hypo,hypo,hypo
PanTS_00008354,1,65133,52271,False,0.7676,17.12,41,40,40.37,64,62.93,68132,56,55.97,9059,-25,-23,-24,-22.56,-16,-15.6,22.87,59389,-1.049,hypo,hypo,hypo,hypo
PanTS_00008384,1,548,136,False,1.5,3,25,25.5,27.26,37,36.09,15634,37,37.37,1730,-10,-12,-11.5,-8.833,-11.5,-10.11,52.38,12100,-0.2195,iso,hypo,hypo,iso
PanTS_00008384,2,166,40,True,0,1.5,-0.5,-13.5,-3.042,37,36.09,15634,30,29.28,952,-35.5,-37.5,-50.5,-39.13,-43.5,-32.33,52.38,12100,-0.9641,hypo,hypo,hypo,hypo
PanTS_00008385,1,911,113,False,0.741,2.964,63,56,57.33,68,67.45,68776,68,68.53,11678,-5,-5,-12,-10.12,-12,-11.19,6.299,63558,-1.905,iso,hypo,hypo,hypo
PanTS_00008392,1,1470,680,False,1.5,5.612,50,44,44.12,76,74.71,18473,80,77.93,3624,-26,-26,-32,-30.58,-36,-33.81,13.92,13800,-2.298,hypo,hypo,hypo,hypo
PanTS_00008407,1,8585,5290,False,0.6738,5.375,42,43,44.05,33,32.56,204209,30,30.95,20991,9,9,10,11.49,13,13.1,40.11,183626,0.2493,iso,iso,hyper,hyper
PanTS_00008407,2,7180,4320,False,0.6738,3.73,30,30,30.47,33,32.56,204209,37,36.36,39946,-3,-3,-3,-2.097,-7,-5.896,40.11,183626,-0.07479,iso,iso,iso,iso
PanTS_00008407,3,24,24,True,0,0,12,12,15.06,33,32.56,204209,43,42.55,12905,-21,-21,-21,-17.5,-31,-27.48,40.11,183626,-0.5235,hypo,hypo,hypo,hypo
PanTS_00008408,1,2433,310,False,0.6895,2.486,68,63,62.98,87,86.91,32769,78,77.99,9125,-18,-19,-24,-23.93,-15,-15.01,7.956,28523,-3.016,hypo,hypo,hypo,hypo
PanTS_00008408,2,381,40,True,0,0,74,77,77.42,87,86.91,32769,81,82.08,3086,-12,-13,-10,-9.492,-4,-4.664,7.956,28523,-1.257,hypo,iso,iso,iso
PanTS_00008428,1,2723,824,False,0.7949,3.555,82,78,78.01,84,76.97,72261,86,83.8,21078,-2,-2,-6,1.047,-8,-5.784,18.23,64653,-0.3291,iso,iso,iso,iso
PanTS_00008434,1,2988,975,False,0.7852,5.061,28,33,32.32,20,18.94,12296,21,20.78,2149,8,8,13,13.38,12,11.53,5.304,10178,2.451,iso,hyper,hyper,hyper
PanTS_00008445,1,760,98,False,0.7051,2.5,65,59.5,59.4,75,73.94,28875,80,79.68,6439,-10,-10,-15.5,-14.54,-20.5,-20.28,7.293,23246,-2.125,iso,hypo,hypo,hypo
PanTS_00008451,1,56,40,True,0,0,5.5,7,5,43,43.15,277617,43,43.3,18931,-37.5,-37.5,-36,-38.15,-36,-38.3,20.55,253294,-1.751,hypo,hypo,hypo,hypo
PanTS_00008451,2,12,12,True,0,0,-8.5,-8.5,-9.625,43,43.15,277617,39,39.92,17551,-51.5,-51.5,-51.5,-52.78,-47.5,-49.55,20.55,253294,-2.506,hypo,hypo,hypo,hypo
PanTS_00008451,3,8,8,True,0,0,42.5,42.5,36.33,43,43.15,277617,35,35.3,11681,-0.5,-0.5,-0.5,-6.817,7.5,1.038,20.55,253294,-0.02433,iso,iso,iso,iso
PanTS_00008451,4,1146,399,False,0.7812,2.21,33,30,31.39,43,43.15,277617,39,39.93,23897,-10,-10,-13,-11.76,-9,-8.532,20.55,253294,-0.6325,iso,hypo,iso,hypo
PanTS_00008451,5,20,20,True,0,0,9.5,9.5,10.83,43,43.15,277617,42,41.81,3254,-33.5,-33.5,-33.5,-32.32,-32.5,-30.98,20.55,253294,-1.63,hypo,hypo,hypo,hypo
PanTS_00008451,6,746,146,False,0.7812,0.8,34,34,34.56,43,43.15,277617,44,44.27,31544,-9,-9,-9,-8.593,-10,-9.718,20.55,253294,-0.4379,iso,iso,iso,iso
PanTS_00008451,7,12,12,True,0,0,46.5,46.5,49.12,43,43.15,277617,46,46.01,10989,3.5,3.5,3.5,5.975,0.5,3.12,20.55,253294,0.1703,iso,iso,iso,iso
PanTS_00008451,8,4,4,True,0,0,21.5,21.5,21.5,43,43.15,277617,47,46.74,8911,-21.5,-21.5,-21.5,-21.65,-25.5,-25.24,20.55,253294,-1.046,hypo,hypo,hypo,hypo
PanTS_00008451,9,4,4,True,0,0,25,25,30.5,43,43.15,277617,47,46.46,8807,-18,-18,-18,-12.65,-22,-15.96,20.55,253294,-0.8757,hypo,hypo,hypo,hypo
PanTS_00008451,10,16,16,True,0,0,40.5,40.5,44.2,43,43.15,277617,46,45.19,11205,-2.5,-2.5,-2.5,1.05,-5.5,-0.9886,20.55,253294,-0.1216,iso,iso,iso,iso
PanTS_00008473,1,9221,5020,False,0.6621,7.131,33,30,32.67,111,107.1,47553,112,106.4,11488,-77,-78,-81,-74.4,-82,-73.72,12.27,42628,-6.604,hypo,hypo,hypo,hypo
PanTS_00008475,1,509,71,False,0.9375,2.965,51,60,62.09,80,78.04,28379,78,77.05,3061,-29,-29,-20,-15.94,-18,-14.96,12.6,25175,-1.588,hypo,hypo,hypo,hypo
PanTS_00008476,1,3263,1349,False,0.7363,4.968,94,97,96.55,107,106.4,29672,104,103.3,8558,-12,-13,-10,-9.854,-7,-6.791,20.22,25247,-0.4945,hypo,iso,iso,iso
PanTS_00008480,1,907,53,False,0.7324,2.316,31,28,25.88,30,30.08,22308,31,31.37,2741,1,1,-2,-4.199,-3,-5.494,10.61,19743,-0.1885,iso,iso,iso,iso
PanTS_00008512,1,14869,8817,False,0.7148,12.74,20,24,24.19,14,13.78,14221,17,16.53,2677,6,6,10,10.41,7,7.662,7.956,11878,1.257,iso,iso,iso,hyper
PanTS_00008512,2,131,40,True,0,0,11,5,5.25,14,13.78,14221,15,14.58,5343,-3,-3,-9,-8.527,-10,-9.332,7.956,11878,-1.131,iso,iso,iso,iso
PanTS_00008540,1,2856,828,False,0.6445,2.813,37,25,25.43,115,110.4,80786,120,118.7,18208,-77,-78,-90,-84.97,-95,-93.28,8.951,73118,-10.05,hypo,hypo,hypo,hypo
PanTS_00008546,1,8293,4844,False,0.8594,8.813,77,81,80.27,67,64.94,30108,72,70.48,6652,18,10,14,15.33,9,9.79,20.22,23888,0.6923,hyper,hyper,iso,hyper
PanTS_00008574,1,15839,9299,False,0.625,3.2,34,34,33.46,34,34.36,144761,38,37.22,36751,-1,0,0,-0.8935,-4,-3.753,13.92,131724,0,iso,iso,iso,iso
PanTS_00008577,1,681,197,False,0.6992,1.406,29,34,33.41,29,28.56,168646,33,31.88,22399,0,0,5,4.854,1,1.529,25.86,151449,0.1934,iso,iso,iso,iso
PanTS_00008581,1,2679,1377,False,0.7,3.206,38,38,37.39,60,60.48,143632,65,65.53,32236,-22,-22,-22,-23.08,-27,-28.13,28.84,125485,-0.7628,hypo,hypo,hypo,hypo
PanTS_00008601,1,2923,1137,False,0.8164,6.455,20,14,14.6,98,95.13,16536,84,79.96,890,-77,-78,-84,-80.53,-70,-65.37,8.951,14280,-9.384,hypo,hypo,hypo,hypo
PanTS_00008628,1,8951,5693,False,0.6855,4.17,7,9,9.613,24,23.16,330269,21,20.32,73041,-15,-17,-15,-13.55,-12,-10.71,25.86,302056,-0.5801,hypo,hypo,hypo,hypo
PanTS_00008628,2,59,40,True,0,0.6855,25,35.5,32.88,24,23.16,330269,20,20.05,19740,3,1,11.5,9.715,15.5,12.83,25.86,302056,0.4447,iso,hyper,hyper,iso
PanTS_00008633,1,10148,6796,False,0.7422,8.161,60,50,50.82,83,83.01,133655,85,84.54,27089,-24,-23,-33,-32.19,-35,-33.72,18.57,117380,-1.778,hypo,hypo,hypo,hypo
PanTS_00008636,1,265,40,True,0,0.8887,63,58.5,58,79,78.63,53488,73,71.5,1266,-16,-16,-20.5,-20.63,-14.5,-13.5,11.6,46785,-1.767,hypo,hypo,hypo,hypo
PanTS_00008636,2,1426,451,False,0.8887,3.545,75,77,77.04,79,78.63,53488,82,81.77,4840,-4,-4,-2,-1.597,-5,-4.734,11.6,46785,-0.1724,iso,iso,iso,iso
PanTS_00008636,3,406,88,False,0.8887,2.514,54,55,56.91,79,78.63,53488,87.5,86.84,4452,-25,-25,-24,-21.73,-32.5,-29.93,11.6,46785,-2.068,hypo,hypo,hypo,hypo
PanTS_00008646,1,1663,554,False,1.5,3.354,51,54,53.11,86,86.61,13342,91,91.9,784,-35,-35,-32,-33.5,-37,-38.79,76.91,10058,-0.4161,hypo,hypo,hypo,hypo
PanTS_00008650,1,7482,3632,False,0.6738,5.708,146,146,146,99,97.32,31510,99,98.1,13901,52,47,47,48.72,47,47.93,9.614,25967,4.889,hyper,hyper,hyper,hyper
PanTS_00008658,1,17294,9414,False,0.7031,5.644,24,22,22.52,26,26.92,107816,29,28.96,35624,-2,-2,-4,-4.396,-7,-6.433,19.23,93770,-0.208,iso,iso,iso,iso
PanTS_00008658,2,502,72,False,0.7031,0.7031,16,21,20.73,26,26.92,107816,29,28.88,19659,-10,-10,-5,-6.193,-8,-8.148,19.23,93770,-0.26,iso,iso,iso,iso
PanTS_00008658,3,14,14,True,0,0,9,9,12.6,26,26.92,107816,34,33.23,4427,-17,-17,-17,-14.32,-25,-20.63,19.23,93770,-0.8841,hypo,hypo,hypo,hypo
PanTS_00008658,4,12,12,True,0,0,25,25,30.75,26,26.92,107816,37,36.62,4654,-1,-1,-1,3.83,-12,-5.865,19.23,93770,-0.05201,iso,iso,hypo,iso
PanTS_00008658,5,77,40,True,0,0,34,33.5,35.58,26,26.92,107816,34,32.98,10452,8,8,7.5,8.663,-0.5,2.599,19.23,93770,0.3901,iso,iso,iso,iso
PanTS_00008658,6,4,4,True,0,0,39.5,39.5,42,26,26.92,107816,26,26.8,5977,13.5,13.5,13.5,15.08,13.5,15.2,19.23,93770,0.7021,hyper,hyper,hyper,hyper
PanTS_00008658,7,8,8,True,0,0,37,37,38,26,26.92,107816,28,26.99,4759,11,11,11,11.08,9,11.01,19.23,93770,0.5721,hyper,hyper,iso,hyper
PanTS_00008662,1,5093,2646,False,0.7793,7.76,64,64,63.6,73,73.48,34336,76,74.87,4651,-9,-9,-9,-9.887,-12,-11.27,17.24,29223,-0.5221,iso,iso,hypo,iso
PanTS_00008673,1,2828,959,False,0.9219,5.608,73,74,74.11,64,62.13,18480,67,65.17,5346,10,9,10,11.98,7,8.939,9.946,15465,1.005,iso,iso,iso,hyper
PanTS_00008691,1,18293,6857,False,0.662,5.296,97,98,98.16,99,99.12,23305,107,106.3,7350,-1,-2,-1,-0.9599,-9,-8.171,5.304,19762,-0.1885,iso,iso,iso,iso
PanTS_00008691,2,1414,150,False,0.662,3.376,87,86,85.82,99,99.12,23305,90,90.14,5960,-11,-12,-13,-13.3,-4,-4.32,5.304,19762,-2.451,hypo,hypo,iso,hypo
PanTS_00008699,1,549,110,False,1,2,52.99,51.5,51.35,77.99,77.89,151604,77.99,77.15,13807,-27.01,-24.99,-26.49,-26.54,-26.49,-25.81,8.61,131465,-3.077,hypo,hypo,hypo,hypo
PanTS_00008701,1,1527,407,False,0.6758,3.5,86,85,85.24,78,77.79,41754,74,73.71,4765,8,8,7,7.45,11,11.53,11.6,36125,0.6033,iso,iso,hyper,iso
PanTS_00008711,1,4812,2422,False,0.9609,6.934,73,77,77.48,31,31.74,41512,30,29.98,9383,44,42,46,45.74,47,47.5,21.22,34508,2.168,hyper,hyper,hyper,hyper
PanTS_00008721,1,1186,318,False,0.8203,2.958,65,61,63.22,111,108,42298,112,110.6,9499,-45,-46,-50,-44.74,-51,-47.39,16.91,36528,-2.957,hypo,hypo,hypo,hypo
PanTS_00008722,1,1211,217,False,0.6543,3.815,59,64,62.34,68,68.54,39984,64,64.21,6098,-9,-9,-4,-6.201,0,-1.87,6.962,35256,-0.5746,iso,iso,iso,iso
PanTS_00008724,1,4509,649,False,0.6328,4.475,82,85,84.78,89,88.71,36806,86,85.2,5535,-7,-7,-4,-3.93,-1,-0.4261,5.967,33218,-0.6703,iso,iso,iso,iso
PanTS_00008726,1,1823,691,False,0.7402,4.466,21,26,25.05,17,16.84,29567,24,23.96,5450,4,4,9,8.206,2,1.092,17.57,24053,0.5122,iso,iso,iso,iso
PanTS_00008727,1,15064,9778,False,0.7676,10.14,90,90,89.22,56,54.54,44264,67,65.51,19065,39,34,34,34.69,23,23.71,14.59,36831,2.331,hyper,hyper,hyper,hyper
PanTS_00008743,1,3584,1768,False,0.7734,5.188,77,68,68.89,141,140.1,30499,145,142.4,3212,-63,-64,-73,-71.18,-77,-73.49,11.27,25424,-6.476,hypo,hypo,hypo,hypo
PanTS_00008763,1,7806,4939,False,0.8105,9.811,94,90,90.29,98,97.84,33532,110,108.5,9171,-4,-4,-8,-7.552,-20,-18.17,12.6,28367,-0.635,iso,iso,hypo,iso
PanTS_00008769,1,2655,1337,False,0.8,3.478,21,26,26.9,22,22.11,105255,27,26.85,11674,-2,-1,4,4.792,-1,0.05089,54.04,88003,0.07402,iso,iso,iso,iso
PanTS_00008789,1,791,294,False,0.8984,3.784,81,68,68.76,69,68.48,40325,81,80.24,6643,10,12,-1,0.284,-13,-11.47,14.59,34437,-0.06855,iso,iso,hypo,iso
PanTS_00008811,1,632,130,False,0.7793,2.5,94,94,94.23,91,90.3,14191,98,98.33,4389,4,3,3,3.926,-4,-4.099,11.6,11584,0.2585,iso,iso,iso,iso
PanTS_00008818,1,4590,2013,False,0.8887,8.797,120,124,123.3,93,91.78,5472,94,92.72,4277,23,27,31,31.51,30,30.57,7.956,3825,3.896,hyper,hyper,hyper,hyper
PanTS_00008837,1,1022,370,False,0.7031,1.989,29,31.5,31.86,31,30.75,104776,22,22.16,10339,-2,-2,0.5,1.114,9.5,9.701,23.87,86853,0.02095,iso,iso,iso,iso
PanTS_00008839,1,21308,15460,False,0.7031,8.213,46,47,46.67,43,43.46,96898,39,39.52,27987,4,3,4,3.207,8,7.152,29.84,83386,0.1341,iso,iso,iso,iso
PanTS_00008854,1,6668,3469,False,0.7,3.734,59,62,62.12,85,83.8,117415,95,94.74,13917,-25,-26,-23,-21.69,-33,-32.63,15.58,97078,-1.476,hypo,hypo,hypo,hypo
PanTS_00008885,1,1146,395,False,0.8184,2.951,83,85,85.83,76,75.41,91023,,,0,7,7,9,10.41,,,10.94,81287,0.8227,iso,iso,unknown,hyper
PanTS_00008885,2,497,40,True,0,0,54,72.5,67.21,76,75.41,91023,79,78.99,7964,-22,-22,-3.5,-8.206,-6.5,-11.78,10.94,81287,-0.3199,hypo,iso,iso,iso
PanTS_00008892,1,141079,115051,False,0.8555,16.82,30,34,33.62,54,53.33,25097,53,51.67,7196,-26,-24,-20,-19.71,-19,-18.05,24.86,22003,-0.8044,hypo,hypo,hypo,hypo
PanTS_00008913,1,1035,333,False,0.8223,4.131,26,16,15.68,103,98.63,60378,111,107.9,8632,-77,-77,-87,-82.95,-95,-92.2,14.92,53625,-5.832,hypo,hypo,hypo,hypo
PanTS_00008922,1,4218,1701,False,1,3.742,123,124,123.9,116,115.2,88773,122,122.8,5328,7,7,8,8.676,2,1.122,8.951,76144,0.8938,iso,iso,iso,iso
PanTS_00008922,2,408,76,False,1,1,116,120.5,119.6,116,115.2,88773,,,0,0,0,4.5,4.357,,,8.951,76144,0.5027,iso,iso,unknown,iso
PanTS_00008931,1,10165,6480,False,0.8652,10.43,73,71,70.72,116,113.7,13835,117,117.3,5421,-41,-43,-45,-42.93,-46,-46.6,16.58,10896,-2.715,hypo,hypo,hypo,hypo
PanTS_00008942,1,6922,3711,False,0.9766,7.256,81,81,80.44,51,49.11,30352,78,77.81,10335,29,30,30,31.33,3,2.634,20.22,25488,1.483,hyper,hyper,iso,hyper
PanTS_00008954,1,23651,15585,False,0.7441,10.66,26,28,28.45,18,17.79,12914,27,27.37,2434,8,8,10,10.66,1,1.084,13.92,9859,0.7182,iso,iso,iso,hyper
PanTS_00008974,1,4725,2263,False,0.7031,6.272,77,86,85.95,16,14.96,35244,8,9.683,12571,60,61,70,70.99,78,76.26,16.24,27657,4.309,hyper,hyper,hyper,hyper
PanTS_00008989,1,14262,9541,False,0.8203,8.203,37,40,39.64,36,34.82,63796,38,35.91,13809,1,1,4,4.819,2,3.727,13.92,52833,0.2873,iso,iso,iso,iso
PanTS_00008989,2,3900,2294,False,0.8203,5.174,40,42,41.92,36,34.82,63796,32,30.92,4701,4,4,6,7.096,10,11,13.92,52833,0.4309,iso,iso,iso,iso
PanTS_00008994,1,715,98,False,0.6445,2.5,72,81,81.6,107,107.2,45364,114,112.3,7423,-35,-35,-26,-25.65,-33,-30.66,9.614,39242,-2.704,hypo,hypo,hypo,hypo
PanTS_00008994,2,879,234,False,0.6445,2.578,98,98,96.92,107,107.2,45364,124,123.2,10983,-9,-9,-9,-10.33,-26,-26.3,9.614,39242,-0.9361,iso,iso,hypo,hypo
PanTS_00008999,1,32151,21058,False,0.6641,10.96,28,29,28.71,23,22.59,16795,32,31.36,9583,4,5,6,6.122,-3,-2.648,10.28,12100,0.5838,iso,iso,iso,iso
PanTS_00008999,2,3637,1641,False,0.6641,5.278,16,16,15.63,23,22.59,16795,7,6.78,4320,-8,-7,-7,-6.962,9,8.849,10.28,12100,-0.6811,iso,iso,iso,iso
PanTS_00009001,1,6484,3338,False,0.6836,7.41,97,93,92.82,108,107.9,48937,104,103.9,5875,-11,-11,-15,-15.08,-11,-11.11,9.946,43855,-1.508,hypo,hypo,hypo,hypo
PanTS_00009005,1,8029,4949,False,0.8633,10.04,57,48,49.95,95,92.88,22270,95,93.38,3981,-37,-38,-47,-42.93,-47,-43.43,12.6,18173,-3.731,hypo,hypo,hypo,hypo
PanTS_00009008,1,205,40,True,0,2.121,8,8,7.708,51,47.93,16866,57,54.52,667,-43,-43,-43,-40.23,-49,-46.81,13.26,12117,-3.243,hypo,hypo,hypo,hypo
PanTS_00009009,1,34302,26521,False,0.9766,15.75,69,62,63.86,137,135.4,13987,145,142.7,4025,-61,-68,-75,-71.55,-83,-78.84,11.93,10139,-6.284,hypo,hypo,hypo,hypo
PanTS_00009020,1,26089,18928,False,0.6465,10.5,49,41,41.94,78,77.62,102044,82,81.62,43582,-29,-29,-37,-35.69,-41,-39.68,6.299,88751,-5.874,hypo,hypo,hypo,hypo
PanTS_00009037,1,37832,24968,False,0.9238,14.55,103,106,105.2,95,93.5,34903,102,101.2,13426,7,8,11,11.65,4,3.998,9.946,29446,1.106,iso,hyper,iso,hyper
PanTS_00009041,1,403,49,False,0.7246,1.62,111,114,113,111,110.3,47049,94,92.68,3269,0,0,3,2.707,20,20.29,11.93,40517,0.2514,iso,iso,hyper,iso
PanTS_00009041,2,5534,3241,False,0.7246,7.703,90,77,76.07,111,110.3,47049,130,129.4,9992,-21,-21,-34,-34.19,-53,-53.3,11.93,40517,-2.849,hypo,hypo,hypo,hypo
PanTS_00009041,3,251,40,True,0,1.62,112,120.5,119.3,111,110.3,47049,117,117.1,2278,1,1,9.5,9.072,3.5,2.183,11.93,40517,0.796,iso,iso,iso,iso
PanTS_00009056,1,732,149,False,0.8672,2.5,76,77,77.42,60,57.92,30769,59,56.24,3917,16,16,17,19.5,18,21.18,15.58,26182,1.091,hyper,hyper,hyper,hyper
PanTS_00009056,2,732,197,False,0.8672,2.5,73,77,77.13,60,57.92,30769,77,76.18,6725,13,13,17,19.21,0,0.9476,15.58,26182,1.091,hyper,hyper,iso,hyper
PanTS_00009061,1,2312,989,False,0.8008,5.296,12,13,13.92,69,66.75,61161,72,68.87,4435,-56,-57,-56,-52.83,-59,-54.95,12.27,54056,-4.565,hypo,hypo,hypo,hypo
PanTS_00009067,1,2019,936,False,0.8164,5.944,116,119,118.3,112,111.4,26661,117,117,4871,5,4,7,6.906,2,1.225,12.6,22138,0.5557,iso,iso,iso,iso
PanTS_00009075,1,19406,11895,False,0.8125,11.5,31,31,32.32,46,44.04,48638,54,51.42,3568,-15,-15,-15,-11.72,-23,-19.11,13.26,41763,-1.131,hypo,hypo,hypo,hypo
PanTS_00009079,1,1806,626,False,0.9141,3.136,87,86,87.38,95,95.28,91934,103,101.8,6447,-8,-8,-9,-7.902,-17,-14.42,11.6,80916,-0.7756,iso,iso,hypo,iso
PanTS_00009084,1,66255,54177,False,0.9375,17.72,48,49,48.65,77,76.78,120260,73,73.23,436,-29,-29,-28,-28.13,-24,-24.59,10.61,107623,-2.639,hypo,hypo,hypo,hypo
PanTS_00009087,1,10944,6789,False,0.7676,10.75,56,47,48.39,81,79.64,23317,87,87.41,4590,-25,-25,-34,-31.25,-40,-39.01,10.61,18904,-3.205,hypo,hypo,hypo,hypo
PanTS_00009097,1,31242,21422,False,0.6367,9.79,76,77,76.98,67,66.67,72661,78,77.49,7382,9,9,10,10.31,-1,-0.5057,7.293,64418,1.371,iso,iso,iso,hyper
PanTS_00009121,1,16077,8650,False,0.7031,11,47,38,39.12,102,99.88,17497,100,98.28,5253,-52,-55,-64,-60.76,-62,-59.16,8.62,14869,-7.425,hypo,hypo,hypo,hypo
PanTS_00009127,1,166,40,True,0,1.268,43,32.5,32.75,121,119.1,38702,124,123.9,3764,-78,-78,-88.5,-86.34,-91.5,-91.18,14.59,33587,-6.067,hypo,hypo,hypo,hypo
PanTS_00009135,1,2971,1070,False,0.7227,4.625,25,16.5,16.05,107,105.7,62593,119,117.5,6197,-79,-82,-90.5,-89.69,-102.5,-101.4,15.58,54553,-5.808,hypo,hypo,hypo,hypo
PanTS_00009143,1,3055,1213,False,0.9766,8.637,46,46,45.89,39,38.31,15509,41,38.55,1525,5,7,7,7.576,5,7.341,9.614,13283,0.7281,iso,iso,iso,iso
PanTS_00009151,1,1332,315,False,0.791,2.5,33,20,17.76,81,79.35,53434,68,68.49,15368,-47,-48,-61,-61.59,-48,-50.73,18.57,47018,-3.286,hypo,hypo,hypo,hypo
PanTS_00009152,1,9421,5946,False,0.8047,9.056,91,90,90.29,104,98.87,26361,107,105.4,3668,-12,-13,-14,-8.573,-17,-15.13,14.92,22675,-0.9384,hypo,hypo,hypo,iso
PanTS_00009157,1,705,142,False,0.6992,2.5,35,18,21.36,81,77.91,40979,78,75.22,6125,-45,-46,-63,-56.55,-60,-53.86,10.61,34632,-5.939,hypo,hypo,hypo,hypo
PanTS_00009158,1,110742,81111,False,0.6328,12.26,46,43,44.12,127,119.8,17756,124,115.1,14021,-71,-81,-84,-75.67,-81,-71.02,8.288,15211,-10.14,hypo,hypo,hypo,hypo
PanTS_00009161,1,1016,399,False,1.5,5.196,34,30,30.07,68,65.89,22819,71.5,68.74,3780,-34,-34,-38,-35.83,-41.5,-38.67,28.18,17914,-1.349,hypo,hypo,hypo,hypo
PanTS_00009168,1,31645,22328,False,0.8047,15.58,81,79,78.74,99,98.88,27055,104,104.1,9012,-17,-18,-20,-20.14,-25,-25.35,10.94,21535,-1.828,hypo,hypo,hypo,hypo
PanTS_00009174,1,8309,4717,False,0.8984,7.622,100,104,104.7,106,105.9,16856,107,109.4,5321,1,-6,-2,-1.229,-3,-4.723,11.27,13149,-0.1774,iso,iso,iso,iso
PanTS_00009180,1,1815,669,False,0.6367,3.76,91,95,95.08,92,91.43,93208,94,93.72,12993,-1,-1,3,3.656,1,1.364,7.956,82253,0.3771,iso,iso,iso,iso
PanTS_00009181,1,150,40,True,0,0.7969,46,35,35.62,102,101,58915,102,101.7,4862,-56,-56,-67,-65.35,-67,-66.08,7.293,52636,-9.186,hypo,hypo,hypo,hypo
PanTS_00009182,1,3172,1361,False,0.8027,5,16,12,12.38,119,116,29232,114,110.3,4286,-101,-103,-107,-103.6,-102,-97.96,13.26,24437,-8.069,hypo,hypo,hypo,hypo
PanTS_00009188,1,567,109,False,0.7695,2.5,31,31,31.43,112,111,30339,111,110.6,8844,-81,-81,-81,-79.57,-80,-79.12,14.59,25551,-5.553,hypo,hypo,hypo,hypo
PanTS_00009188,2,136,40,True,0,0,28,21.5,21,112,111,30339,111,110.7,6687,-84,-84,-90.5,-90,-89.5,-89.65,14.59,25551,-6.204,hypo,hypo,hypo,hypo
PanTS_00009191,1,682,108,False,0.8398,4.199,14,14,14.08,64,61.74,28816,76,72.99,3150,-50,-50,-50,-47.66,-62,-58.92,10.28,25370,-4.865,hypo,hypo,hypo,hypo
PanTS_00009199,1,426,40,True,0,0,21,16,18.25,98,96.48,9374,102,99.32,1877,-77,-77,-82,-78.23,-86,-81.07,11.6,7530,-7.067,hypo,hypo,hypo,hypo
PanTS_00009199,2,230,40,True,0,0.9434,38,29,27.12,98,96.48,9374,104,101.3,2206,-60,-60,-69,-69.36,-75,-74.16,11.6,7530,-5.947,hypo,hypo,hypo,hypo
PanTS_00009222,1,892,216,False,0.8262,4.131,28.5,17.5,19.98,73,70.4,26575,81,78.93,5414,-43.5,-44.5,-55.5,-50.42,-63.5,-58.96,10.61,22472,-5.232,hypo,hypo,hypo,hypo
PanTS_00009227,1,1382,307,False,0.752,2.917,25,13,14.66,110,106.5,58274,98,95.79,15767,-82,-85,-97,-91.85,-85,-81.13,15.25,50423,-6.361,hypo,hypo,hypo,hypo
PanTS_00009237,1,2495,870,False,0.7578,4.963,44,31,32.11,123,121.3,34942,120,114.9,10916,-79,-79,-92,-89.21,-89,-82.79,7.956,29644,-11.56,hypo,hypo,hypo,hypo
PanTS_00009258,1,23128,16208,False,0.7363,13.54,59,51,50.81,106,102.5,30432,95,94.45,3022,-41,-47,-55,-51.65,-44,-43.64,11.27,25458,-4.879,hypo,hypo,hypo,hypo
PanTS_00009259,1,456,80,False,0.8359,2.5,69,47.5,48.27,94,92.33,32201,81,78.29,5414,-25,-25,-46.5,-44.06,-33.5,-30.02,8.951,25747,-5.195,hypo,hypo,hypo,hypo
PanTS_00009265,1,6845,4168,False,0.9746,9.746,90,90,89.5,81,78.82,27740,80.5,78.83,6928,10,9,9,10.68,9.5,10.67,19.23,22663,0.4681,iso,iso,iso,hyper
PanTS_00009281,1,6737,2670,False,0.7227,4.018,31,19,19.31,80,79.57,165927,84,83.51,48865,-49,-49,-61,-60.26,-65,-64.2,7.293,145747,-8.364,hypo,hypo,hypo,hypo
PanTS_00009286,1,1072,315,False,0.7031,3.195,93,93,92.87,93,88.98,46328,97,93.09,6558,4,0,0,3.892,-4,-0.2162,14.59,40144,0,iso,iso,iso,iso
PanTS_00009287,1,62,40,True,0,0.9688,56,53,56.83,78,76.22,22306,85,85.07,3426,-22,-22,-25,-19.38,-32,-28.24,8.288,17966,-3.016,hypo,hypo,hypo,hypo
PanTS_00009287,2,44,40,True,0,0,50.5,50,48.67,78,76.22,22306,81,79.42,2837,-27.5,-27.5,-28,-27.55,-31,-30.76,8.288,17966,-3.378,hypo,hypo,hypo,hypo
PanTS_00009290,1,68,40,True,0,0,35,18.5,17.92,71,69.3,47111,71,68.9,7194,-36,-36,-52.5,-51.39,-52.5,-50.99,10.61,40414,-4.949,hypo,hypo,hypo,hypo
PanTS_00009292,1,2854,1485,False,0.7656,4.549,71,68,67.7,114,113,157419,112,112.2,29848,-42,-43,-46,-45.33,-44,-44.51,9.614,139811,-4.785,hypo,hypo,hypo,hypo
PanTS_00009301,1,284,40,True,0,1.224,110,103.5,101.9,127,127.1,34175,143,144.1,5665,-18,-17,-23.5,-25.22,-39.5,-42.2,9.614,29182,-2.444,hypo,hypo,hypo,hypo
PanTS_00009304,1,4174,1975,False,0.8203,6.877,68,60,60.02,90,88.85,25439,97,95.87,6468,-22,-22,-30,-28.83,-37,-35.85,16.91,21365,-1.774,hypo,hypo,hypo,hypo
PanTS_00009308,1,2192,781,False,0.8242,6.594,11,11,10.99,81,79.8,20995,80,78.67,4204,-70,-70,-70,-68.81,-69,-67.69,12.6,18075,-5.557,hypo,hypo,hypo,hypo
PanTS_00009313,1,18488,12881,False,0.8066,14.22,29,25,26.13,64,62.22,77436,55,53.11,8462,-35,-35,-39,-36.09,-30,-26.99,16.91,68850,-2.307,hypo,hypo,hypo,hypo
PanTS_00009317,1,15788,11068,False,0.7227,8.234,50,41,42.17,113,112,126671,114,113.8,46862,-62,-63,-72,-69.85,-73,-71.63,5.636,107925,-12.78,hypo,hypo,hypo,hypo
PanTS_00009319,1,8126,3782,False,0.793,6.344,68,68,66.78,104,103,23005,90,87.43,2429,-34,-36,-36,-36.25,-22,-20.65,14.26,19310,-2.525,hypo,hypo,hypo,hypo
PanTS_00009321,1,580,141,False,0.8184,2.085,35.5,21,19.38,111,109.8,102652,103,99.8,9591,-74.5,-75.5,-90,-90.38,-82,-80.42,12.93,85706,-6.961,hypo,hypo,hypo,hypo
PanTS_00009325,1,3733,1938,False,0.8242,6.645,120,125,125.1,94,92.91,62339,94,92.71,11739,26,26,31,32.2,31,32.4,15.91,54970,1.948,hyper,hyper,hyper,hyper
PanTS_00009329,1,1351,424,False,0.8047,3.381,106,116,115.2,91,90.8,59755,107,105.9,10163,15,15,25,24.38,9,9.264,18.23,53328,1.371,hyper,hyper,iso,hyper
PanTS_00009338,1,10743,6866,False,0.9336,10.95,45,37,38.11,76,72.05,15926,30,31.41,1433,-29,-31,-39,-33.94,7,6.695,10.61,11932,-3.676,hypo,hypo,iso,hypo
PanTS_00009341,1,594,131,False,0.8594,2.5,158,159,159.1,154,152.8,36119,168,168.4,7327,4,4,5,6.269,-9,-9.391,9.283,31059,0.5386,iso,iso,iso,iso
PanTS_00009342,1,2616,1174,False,0.7383,5.324,124,117,117.3,141,139.3,18179,142,139.9,5535,-17,-17,-24,-21.95,-25,-22.53,15.25,15001,-1.574,hypo,hypo,hypo,hypo
PanTS_00009347,1,1592,574,False,0.7441,4.483,71,66,65.48,94,93.65,85563,96,95.28,14049,-23,-23,-28,-28.17,-30,-29.8,9.614,75590,-2.912,hypo,hypo,hypo,hypo
PanTS_00009366,1,11269,6150,False,0.7812,8.73,52,47,46.79,78,76.26,60061,75,74.14,13914,-25,-26,-31,-29.47,-28,-27.35,11.6,51001,-2.672,hypo,hypo,hypo,hypo
PanTS_00009367,1,90079,74042,False,1.5,25.68,55,56,56.79,71,70.21,13380,72,71.12,4492,-14,-16,-15,-13.41,-16,-14.33,21.55,9695,-0.6961,hypo,hypo,hypo,hypo
PanTS_00009371,1,508,40,True,0,0,78,86,85.92,77,76.38,24084,77,76.08,4408,1,1,9,9.54,9,9.834,13.26,21174,0.6787,iso,iso,iso,iso
PanTS_00009373,1,9772,3242,False,0.892,7.978,71,82,81.11,85,80.12,988,84,78.87,909,-6,-14,-3,0.993,-2,2.241,7.625,587,-0.3934,iso,iso,iso,iso
PanTS_00009375,1,6301,3791,False,0.8945,8.945,86,86,86.05,78,77.09,28957,85,83.43,10051,6,8,8,8.96,1,2.621,21.88,24552,0.3656,iso,iso,iso,iso
PanTS_00009382,1,10027,5716,False,0.7227,5.041,25,22,21.71,33,32.42,125763,35,34.5,38638,-8,-8,-11,-10.71,-13,-12.78,6.299,108252,-1.746,iso,hypo,hypo,hypo
PanTS_00009383,1,20127,13810,False,0.6465,8.418,35,31,31.79,62,62.18,93898,69,69.3,40265,-27,-27,-31,-30.39,-38,-37.51,5.967,81247,-5.195,hypo,hypo,hypo,hypo
PanTS_00009385,1,1035,164,False,0.7344,4.645,64,60,60.83,60,58.09,22203,74,73.57,5825,7,4,0,2.736,-14,-12.74,9.946,18609,0,iso,iso,hypo,iso
PanTS_00009386,1,3977,1748,False,0.9414,4.906,68,69,69.85,51,49.04,30470,69,68.49,7084,16,17,18,20.8,0,1.357,21.22,26195,0.8484,hyper,hyper,iso,hyper
PanTS_00009407,1,9568,6062,False,0.8965,10.17,72,72,72.1,51,48.98,14657,68,67.64,1714,22,21,21,23.11,4,4.459,19.56,11299,1.074,hyper,hyper,iso,hyper
PanTS_00009408,1,19907,11836,False,0.651,13.41,8,8,7.856,37,35.32,30176,30,28.78,5122,-27,-29,-29,-27.47,-22,-20.92,5.967,26890,-4.86,hypo,hypo,hypo,hypo
PanTS_00009421,1,2830,1214,False,0.5996,4.945,123,116,116.3,133,132.1,63939,143,142.8,12376,-10,-10,-17,-15.75,-27,-26.43,8.288,56178,-2.051,iso,hypo,hypo,hypo
PanTS_00009423,1,2758,1314,False,0.8086,6.064,72,76,75.18,86,83.03,38064,91,87.37,3979,-14,-14,-10,-7.85,-15,-12.19,19.56,33591,-0.5113,hypo,iso,hypo,iso
PanTS_00009435,1,2066,928,False,0.9766,5.877,71,64,62.86,94,92.37,34166,98,96.41,5968,-22,-23,-30,-29.52,-34,-33.56,19.23,28699,-1.56,hypo,hypo,hypo,hypo
PanTS_00009445,1,3116,1539,False,0.7031,5.355,86,87,87.5,100,100.2,66999,103,102.7,15756,-13,-14,-13,-12.67,-16,-15.15,9.946,59262,-1.307,hypo,hypo,hypo,hypo
PanTS_00009449,1,256,40,True,0,0,35,34,33.62,73,72.97,52365,77,73.36,3161,-38,-38,-39,-39.34,-43,-39.73,13.59,45825,-2.869,hypo,hypo,hypo,hypo
PanTS_00009449,2,11350,7131,False,0.9766,12.54,51,50,49.37,73,72.97,52365,76,75.18,8224,-22,-22,-23,-23.59,-26,-25.81,13.59,45825,-1.692,hypo,hypo,hypo,hypo
PanTS_00009457,1,11410,6331,False,0.8066,9.894,95,90,90.91,121,120,22028,119,117.4,5244,-25,-26,-31,-29.14,-29,-26.54,13.59,18583,-2.281,hypo,hypo,hypo,hypo
PanTS_00009459,1,2249,672,False,0.8496,3.023,17,17,17.44,98,97.76,49047,97,95.63,8492,-81,-81,-81,-80.32,-80,-78.19,11.6,42731,-6.981,hypo,hypo,hypo,hypo
PanTS_00009460,1,4001,2045,False,0.7402,6.325,52,52,52.5,55,54.65,33106,61,61.04,6243,-3,-3,-3,-2.146,-9,-8.54,23.21,27535,-0.1293,iso,iso,iso,iso
PanTS_00009464,1,8936,5942,False,0.6465,7.111,20,18,17.99,34,33.63,118764,37,36.31,35918,-14,-14,-16,-15.63,-19,-18.32,5.636,104797,-2.839,hypo,hypo,hypo,hypo
PanTS_00009470,1,19184,13289,False,0.6465,10.43,38,33,33.22,81,79.93,102973,85,84.8,41781,-42,-43,-48,-46.71,-52,-51.58,6.299,89870,-7.62,hypo,hypo,hypo,hypo
PanTS_00009473,1,6418,3398,False,0.7168,7.5,14,11,10.35,80,76.91,97711,69,66.13,12583,-64,-66,-69,-66.56,-58,-55.78,15.58,88270,-4.428,hypo,hypo,hypo,hypo
PanTS_00009478,1,24999,17271,False,0.8164,15.08,81,82,81.81,84,82.63,23910,87,86.26,4119,-2,-3,-2,-0.8269,-5,-4.458,7.956,20493,-0.2514,iso,iso,iso,iso
PanTS_00009483,1,29667,20925,False,0.8105,16.17,64,60,59.91,103,101.3,33408,95,94.36,8724,-38,-39,-43,-41.38,-35,-34.44,11.6,28353,-3.706,hypo,hypo,hypo,hypo
PanTS_00009495,1,1592,400,False,0.541,2.5,107,102,101.4,120,118.7,51871,124,124.6,7981,-13,-13,-18,-17.25,-22,-23.18,5.967,46582,-3.016,hypo,hypo,hypo,hypo
PanTS_00009504,1,17921,12232,False,0.8164,10.93,68,68,67.41,81,80.68,27757,86,85.79,14071,-12,-13,-13,-13.28,-18,-18.39,16.24,22086,-0.8003,hypo,hypo,hypo,hypo
PanTS_00009506,1,27129,18430,False,0.7891,12.68,95,95,95.63,94,93.69,36509,93,92.32,6388,1,1,1,1.936,2,3.309,24.2,32527,0.04132,iso,iso,iso,iso
PanTS_00009510,1,47360,33268,False,0.7441,13.68,47,49,48.48,27,26.54,10507,36,35.87,3359,19,20,22,21.93,13,12.6,15.58,7637,1.412,hyper,hyper,hyper,hyper
PanTS_00009517,1,5747,2672,False,0.7324,5.841,107,106,105.7,117,113.9,36747,117,115,8891,-9,-10,-11,-8.186,-11,-9.292,15.25,31524,-0.7213,iso,hypo,hypo,iso
PanTS_00009518,1,3258,1552,False,0.8145,6.449,90,86,87.68,129,126.5,25090,129,126.4,2448,-39,-39,-43,-38.83,-43,-38.76,11.27,21211,-3.815,hypo,hypo,hypo,hypo
PanTS_00009520,1,2320,940,False,0.625,2.954,-3,-6.5,-7.216,30,30.32,27138,46,42.75,928,-33,-33,-36.5,-37.54,-52.5,-49.97,71.94,21741,-0.5074,hypo,hypo,hypo,hypo
PanTS_00009523,1,48,40,True,0,0,4,0,-6.5,37,31.27,24293,22,17.07,3372,-33,-33,-37,-37.77,-22,-23.57,22.21,19067,-1.666,hypo,hypo,hypo,hypo
PanTS_00009528,1,143451,120828,False,0.756,15.2,132,133,131,71,67.3,69286,86,83.54,6846,59,61,62,63.73,47,47.48,10.28,59650,6.033,hyper,hyper,hyper,hyper
PanTS_00009534,1,5085,2728,False,0.9434,8.605,68,68,68.62,67,64.67,31057,98,95.6,2914,0,1,1,3.946,-30,-26.99,22.54,26608,0.04436,iso,iso,hypo,iso
PanTS_00009544,1,10884,5308,False,0.5469,5.305,96,88,87.94,92,90.92,57412,92,90.98,15497,5,4,-4,-2.973,-4,-3.034,8.62,50392,-0.4641,iso,iso,iso,iso
PanTS_00009545,1,10511,5657,False,0.8984,8.073,25,25,25.28,59,56.74,65723,30,31.91,14533,-31,-34,-34,-31.46,-5,-6.633,15.58,57879,-2.182,hypo,hypo,iso,hypo
PanTS_00009551,1,12918,7706,False,0.7148,7.63,82,77,78.06,102,98.56,43992,111,110.2,7577,-20,-20,-25,-20.51,-34,-32.17,11.27,38743,-2.218,hypo,hypo,hypo,hypo
PanTS_00009562,1,25182,15097,False,0.7988,10,66,62,59.9,100,100,42435,95,95.04,12504,-34,-34,-38,-40.1,-33,-35.14,6.63,36383,-5.731,hypo,hypo,hypo,hypo
PanTS_00009567,1,16694,10391,False,1.5,12.37,55,54,53.16,72,70.72,30808,79,78.85,5462,-17,-17,-18,-17.57,-25,-25.69,38.12,24960,-0.4721,hypo,hypo,hypo,hypo
PanTS_00009569,1,1997,769,False,0.7988,4.135,102,106,105.7,90,88.66,38323,98,95.68,11549,12,12,16,17.05,8,10.03,11.6,33364,1.379,hyper,hyper,iso,hyper
PanTS_00009578,1,2000,344,False,0.8984,3.594,72,73,72.79,82,81.78,18034,85,83.55,3599,-10,-10,-9,-8.996,-12,-10.76,8.288,15597,-1.086,iso,iso,hypo,iso
PanTS_00009584,1,63,40,True,0,0.9766,44,33,33.96,55,53.12,36920,60,59.13,4548,-11,-11,-22,-19.16,-27,-25.18,13.59,31408,-1.619,hypo,hypo,hypo,hypo
PanTS_00009608,1,3635,1758,False,0.6953,5.721,91,81,81.51,137,137.8,43229,142,139.9,4077,-46,-46,-56,-56.31,-61,-58.43,8.62,37431,-6.497,hypo,hypo,hypo,hypo
PanTS_00009612,1,4990,2468,False,0.7422,5.571,81,85,84.17,35,34.71,18668,69,67.57,4166,46,46,50,49.46,16,16.6,12.93,14799,3.867,hyper,hyper,hyper,hyper
PanTS_00009613,1,13765,8964,False,0.9766,12.34,52,51,51.84,72,69.79,17237,69,68.94,2442,-15,-20,-21,-17.96,-18,-17.1,14.92,14075,-1.408,hypo,hypo,hypo,hypo
PanTS_00009620,1,852,281,False,1.5,4.243,17,12,11.57,42,41.64,25264,43,41.9,2114,-26,-25,-30,-30.06,-31,-30.32,17.57,19724,-1.707,hypo,hypo,hypo,hypo
PanTS_00009635,1,24990,18816,False,0.7227,10.37,54,48,47.9,98,97.3,115810,104,102.9,43121,-42,-44,-50,-49.4,-56,-54.99,5.304,98214,-9.426,hypo,hypo,hypo,hypo
PanTS_00009640,1,7332,4214,False,0.7637,7.5,81,81,81.94,84,80.9,27964,91,89.6,7525,3,-3,-3,1.038,-10,-7.658,13.92,22346,-0.2155,iso,iso,iso,iso
PanTS_00009641,1,3982,1876,False,0.8008,5.662,84,85,83.89,91,90.54,57321,94,93.11,13008,-6,-7,-6,-6.652,-9,-9.225,19.56,50949,-0.3068,iso,iso,iso,iso
PanTS_00009649,1,1147,241,False,0.9766,4.367,5,7,5.531,-5,-5.658,17489,-9,-10.85,1720,9,10,12,11.19,16,16.38,13.59,14739,0.8829,iso,hyper,hyper,hyper
PanTS_00009652,1,4769,2439,False,0.7734,6.608,116,111,111.5,150,149.6,34688,158,157,5212,-34,-34,-39,-38.11,-47,-45.57,7.625,30876,-5.115,hypo,hypo,hypo,hypo
PanTS_00009659,1,40980,29113,False,0.7891,14.56,108,110,109.8,123,122.3,34820,127,125.4,6603,-15,-15,-13,-12.54,-17,-15.59,10.61,30445,-1.225,hypo,hypo,hypo,hypo
PanTS_00009666,1,543,40,True,0,1.124,16,6,7.417,47,44.99,33248,54,50.61,8859,-31,-31,-41,-37.57,-48,-43.19,12.27,28365,-3.343,hypo,hypo,hypo,hypo
PanTS_00009687,1,1241,378,False,0.8379,3.747,30,17,17.44,56,54.22,49365,52,49.57,6352,-25,-26,-39,-36.78,-35,-32.12,21.22,43148,-1.838,hypo,hypo,hypo,hypo
PanTS_00009726,1,112662,92059,False,0.7246,25.43,150,150,151,132,131.8,64606,138,139,19272,17,18,18,19.2,12,11.97,9.614,57496,1.872,hyper,hyper,hyper,hyper
PanTS_00009731,1,6482,3769,False,0.7852,7.733,61,61,61.88,61,58.71,33457,74,73.67,10512,6,0,0,3.177,-13,-11.79,12.6,27413,0,iso,iso,hypo,iso
PanTS_00009739,1,8141,5118,False,0.7578,6.234,73,69,68.6,99,98.7,155666,99,98.74,37027,-26,-26,-30,-30.1,-30,-30.14,10.94,133993,-2.742,hypo,hypo,hypo,hypo
PanTS_00009752,1,4906,2331,False,0.6797,6.323,30.5,20,19.51,99,96.44,27939,73,69.82,3315,-64.5,-68.5,-79,-76.93,-53,-50.31,13.92,23543,-5.674,hypo,hypo,hypo,hypo
PanTS_00009760,1,16121,11216,False,0.7676,9.813,117,119,118.7,117,117.4,51310,123,122.8,9153,0,0,2,1.292,-4,-4.083,9.946,45393,0.2011,iso,iso,iso,iso
PanTS_00009765,1,1728,655,False,0.6992,4.354,94,98,98.27,77,75.13,52713,69,67.58,5320,18,17,21,23.15,29,30.7,16.24,46557,1.293,hyper,hyper,hyper,hyper
PanTS_00009766,1,12277,7548,False,0.9492,11.43,36,38,37.95,68,63.93,18950,43,42.81,2317,-26,-32,-30,-25.98,-5,-4.864,10.94,14833,-2.742,hypo,hypo,iso,hypo
PanTS_00009768,1,475,44,False,0.875,2.475,24,12,12.04,86,84.39,29693,111,107.2,3442,-58,-62,-74,-72.36,-99,-95.13,10.94,25114,-6.764,hypo,hypo,hypo,hypo
PanTS_00009769,1,1333,469,False,0.7539,4.06,25,18,18.62,142,140.5,37811,133,128,5180,-116,-117,-124,-121.8,-115,-109.3,13.26,31757,-9.351,hypo,hypo,hypo,hypo
PanTS_00009781,1,5966,3591,False,0.9062,8.926,54,47,46.97,73,69.5,47758,73,71.47,12969,-17,-19,-26,-22.52,-26,-24.5,11.93,40510,-2.179,hypo,hypo,hypo,hypo
PanTS_00009784,1,14853,10589,False,0.7227,7.805,54,45,45.26,93,92.56,144311,95,94.92,50469,-39,-39,-48,-47.31,-50,-49.66,7.625,124816,-6.295,hypo,hypo,hypo,hypo
PanTS_00009787,1,9427,5959,False,0.9316,11.96,16,12,11.43,64,60.16,52937,73,70.88,4449,-48,-48,-52,-48.73,-61,-59.45,21.38,46536,-2.432,hypo,hypo,hypo,hypo
PanTS_00009788,1,19763,8893,False,0.599,10,35,37,36.41,46,45.41,28626,44,44.03,3588,-11,-11,-9,-8.999,-7,-7.62,2.984,25721,-3.016,hypo,iso,iso,iso
PanTS_00009790,1,9489,5059,False,0.8301,7.726,78,80,78.91,120,118.5,22174,90,91.28,4073,-41,-42,-40,-39.55,-10,-12.37,11.93,18045,-3.352,hypo,hypo,iso,hypo
PanTS_00009797,1,930,245,False,0.7617,2.5,100,98,98.01,117,115,48537,127,125.3,8247,-17,-17,-19,-16.94,-29,-27.29,12.93,42320,-1.47,hypo,hypo,hypo,hypo
PanTS_00009821,1,6948,3543,False,0.9746,5.878,68,68,66.2,69,67.27,49400,69,67.01,18258,-1,-1,-1,-1.072,-1,-0.8139,15.25,40419,-0.06557,iso,iso,iso,iso
PanTS_00009826,1,1533,464,False,0.7617,3.025,95,94,95.34,125,124.7,63163,130,129.8,7135,-29,-30,-31,-29.34,-36,-34.47,12.27,56173,-2.527,hypo,hypo,hypo,hypo
PanTS_00009832,1,18989,13180,False,0.9766,13.93,82,82,82.68,77,76.11,24988,77,77.07,4098,14,5,5,6.573,5,5.606,16.91,20000,0.2957,hyper,iso,iso,iso
PanTS_00009838,1,31945,22926,False,0.7324,14.35,88,90,89.86,76,73.46,63579,80,79.39,17908,12,12,14,16.39,10,10.47,5.967,55163,2.346,hyper,hyper,iso,hyper
PanTS_00009862,1,5865,3382,False,0.8457,9.212,64,65,65.13,50,46.75,31614,55,53.45,8469,17,14,15,18.38,10,11.68,17.57,26108,0.8537,hyper,hyper,iso,hyper
PanTS_00009868,1,222,40,True,0,1.751,94,92.5,93.62,94,93.39,51691,90,88.58,5115,0,0,-1.5,0.2375,2.5,5.049,11.27,45573,-0.1331,iso,iso,iso,iso
PanTS_00009882,1,18,18,True,0,0,51,51,50,72,70.39,67897,81,80.1,5593,-21,-21,-21,-20.39,-30,-30.1,12.27,59025,-1.712,hypo,hypo,hypo,hypo
PanTS_00009882,2,157,40,True,0,0.8711,52,43,41.25,72,70.39,67897,75,74.06,6307,-20,-20,-29,-29.14,-32,-32.81,12.27,59025,-2.364,hypo,hypo,hypo,hypo
PanTS_00009887,1,7024,3480,False,0.7578,5.847,35,24,24.77,112,112.3,57795,114,113.7,12557,-76,-77,-88,-87.53,-90,-88.9,11.27,50657,-7.807,hypo,hypo,hypo,hypo
PanTS_00009892,1,1789,652,False,0.6992,4.253,93,100,100,137,135.2,43264,134,133.5,8570,-43,-44,-37,-35.21,-34,-33.44,12.6,38403,-2.937,hypo,hypo,hypo,hypo
PanTS_00009894,1,2693,1173,False,0.7832,5.254,30,17,18.29,94,91.51,29438,94,91.4,8323,-64,-64,-77,-73.22,-77,-73.12,16.91,24423,-4.554,hypo,hypo,hypo,hypo
PanTS_00009896,1,906,284,False,0.8594,3.591,41,30,30.05,108,106.9,47705,104,102.9,6072,-66,-67,-78,-76.8,-74,-72.86,13.26,41135,-5.882,hypo,hypo,hypo,hypo
PanTS_00009897,1,2198,937,False,0.8438,4.904,25,17,16.25,133,133.1,29476,134,133.6,4929,-108,-108,-116,-116.9,-117,-117.3,11.27,25210,-10.29,hypo,hypo,hypo,hypo
PanTS_00009901,1,4437,2340,False,0.8301,7.144,74,70,70.99,84,83.27,26314,75,74.39,8094,-9,-10,-14,-12.28,-5,-3.404,20.55,21396,-0.6811,iso,hypo,iso,hypo
