polarity,z_thresh,fp_source,stratum,n_lesions,n_hit,sensitivity,sens_ci_lo,sens_ci_hi,fp_per_case,fp_per_100cm3,n_fp_cases,frac_cases_censored,top_n
dark,2,a_negatives,TARGET 10-20mm hypo/hyper enhanced,106,15,0.141509,0.0876696,0.220425,48.1234,38.8683,316,0.927215,
dark,2,a_negatives,10-20mm all,275,29,0.105455,0.0744322,0.147348,48.1234,38.8683,316,0.927215,
dark,2,a_negatives,10-20mm enhanced,157,20,0.127389,0.0839985,0.188578,48.1234,38.8683,316,0.927215,
dark,2,a_negatives,10-20mm iso(v3),99,9,0.0909091,0.0485652,0.163816,48.1234,38.8683,316,0.927215,
dark,2,a_negatives,10-20mm iso within 5 HU,66,8,0.121212,0.0627177,0.221377,48.1234,38.8683,316,0.927215,
dark,2,a_negatives,<10mm all,86,2,0.0232558,0.00640079,0.0808817,48.1234,38.8683,316,0.927215,
dark,2,a_negatives,>=20mm all,874,375,0.429062,0.396629,0.462115,48.1234,38.8683,316,0.927215,
dark,2,a_negatives,all lesions,1235,406,0.328745,0.303112,0.35544,48.1234,38.8683,316,0.927215,
dark,2,a_negatives,"all, not separated",1165,405,0.347639,0.320834,0.375446,48.1234,38.8683,316,0.927215,
dark,2,a_negatives,size <5,49,0,0,0,0.0727003,48.1234,38.8683,316,0.927215,
dark,2,a_negatives,size 5-10,37,2,0.0540541,0.0149507,0.17705,48.1234,38.8683,316,0.927215,
dark,2,a_negatives,size 10-20,275,29,0.105455,0.0744322,0.147348,48.1234,38.8683,316,0.927215,
dark,2,a_negatives,size 20-40,597,208,0.348409,0.311267,0.387489,48.1234,38.8683,316,0.927215,
dark,2,a_negatives,size >=40,277,167,0.602888,0.544236,0.658725,48.1234,38.8683,316,0.927215,
dark,2,a_negatives,v3 hypo,585,153,0.261538,0.227563,0.298625,48.1234,38.8683,316,0.927215,
dark,2,a_negatives,v3 iso,461,165,0.357918,0.315496,0.402688,48.1234,38.8683,316,0.927215,
dark,2,a_negatives,v3 hyper,189,88,0.465608,0.395886,0.536701,48.1234,38.8683,316,0.927215,
dark,2,a_negatives,phase Arterial,260,96,0.369231,0.312871,0.429399,48.1234,38.8683,316,0.927215,
dark,2,a_negatives,phase Delay,4,1,0.25,0.0455861,0.699364,48.1234,38.8683,316,0.927215,
dark,2,a_negatives,phase Non-contrast,413,108,0.261501,0.221455,0.305944,48.1234,38.8683,316,0.927215,
dark,2,a_negatives,phase Venous,557,201,0.360862,0.322056,0.401573,48.1234,38.8683,316,0.927215,
dark,2,a_negatives,region head,825,297,0.36,0.327964,0.393334,48.1234,38.8683,316,0.927215,
dark,2,a_negatives,region body,207,61,0.294686,0.236774,0.360079,48.1234,38.8683,316,0.927215,
dark,2,a_negatives,region tail,195,48,0.246154,0.190982,0.311134,48.1234,38.8683,316,0.927215,
dark,2,a_negatives,thickness <=1.5 mm,532,143,0.268797,0.23288,0.308029,48.1234,38.8683,316,0.927215,
dark,2,a_negatives,thickness 1.5-2.5 mm,426,189,0.443662,0.397195,0.491136,48.1234,38.8683,316,0.927215,
dark,2,a_negatives,thickness 2.5-5 mm,273,73,0.267399,0.218389,0.322865,48.1234,38.8683,316,0.927215,
dark,2,a_negatives,thickness >5 mm,4,1,0.25,0.0455861,0.699364,48.1234,38.8683,316,0.927215,
dark,2,a_negatives,tier abutting,174,50,0.287356,0.225281,0.358618,48.1234,38.8683,316,0.927215,
dark,2,a_negatives,tier embedded,111,17,0.153153,0.097874,0.231637,48.1234,38.8683,316,0.927215,
dark,2,a_negatives,tier inside,880,338,0.384091,0.352525,0.416665,48.1234,38.8683,316,0.927215,
dark,2,a_negatives,tier separated,70,1,0.0142857,0.00252618,0.0765837,48.1234,38.8683,316,0.927215,
dark,2,a_negatives,nnU-Net detected,659,295,0.447648,0.410095,0.485808,48.1234,38.8683,316,0.927215,
dark,2,a_negatives,nnU-Net missed,576,111,0.192708,0.162575,0.226913,48.1234,38.8683,316,0.927215,
dark,2,a_negatives,"nnU-Net missed, 10-20mm",204,20,0.0980392,0.0643637,0.146574,48.1234,38.8683,316,0.927215,
dark,2,a_negatives,"nnU-Net missed, TARGET",74,9,0.121622,0.0653224,0.215268,48.1234,38.8683,316,0.927215,
dark,2,b_positives_nontumor,TARGET 10-20mm hypo/hyper enhanced,106,15,0.141509,0.0876696,0.220425,41.3354,40.8284,981,0.0509684,
dark,2,b_positives_nontumor,10-20mm all,275,29,0.105455,0.0744322,0.147348,41.3354,40.8284,981,0.0509684,
dark,2,b_positives_nontumor,10-20mm enhanced,157,20,0.127389,0.0839985,0.188578,41.3354,40.8284,981,0.0509684,
dark,2,b_positives_nontumor,10-20mm iso(v3),99,9,0.0909091,0.0485652,0.163816,41.3354,40.8284,981,0.0509684,
dark,2,b_positives_nontumor,10-20mm iso within 5 HU,66,8,0.121212,0.0627177,0.221377,41.3354,40.8284,981,0.0509684,
dark,2,b_positives_nontumor,<10mm all,86,2,0.0232558,0.00640079,0.0808817,41.3354,40.8284,981,0.0509684,
dark,2,b_positives_nontumor,>=20mm all,874,375,0.429062,0.396629,0.462115,41.3354,40.8284,981,0.0509684,
dark,2,b_positives_nontumor,all lesions,1235,406,0.328745,0.303112,0.35544,41.3354,40.8284,981,0.0509684,
dark,2,b_positives_nontumor,"all, not separated",1165,405,0.347639,0.320834,0.375446,41.3354,40.8284,981,0.0509684,
dark,2,b_positives_nontumor,size <5,49,0,0,0,0.0727003,41.3354,40.8284,981,0.0509684,
dark,2,b_positives_nontumor,size 5-10,37,2,0.0540541,0.0149507,0.17705,41.3354,40.8284,981,0.0509684,
dark,2,b_positives_nontumor,size 10-20,275,29,0.105455,0.0744322,0.147348,41.3354,40.8284,981,0.0509684,
dark,2,b_positives_nontumor,size 20-40,597,208,0.348409,0.311267,0.387489,41.3354,40.8284,981,0.0509684,
dark,2,b_positives_nontumor,size >=40,277,167,0.602888,0.544236,0.658725,41.3354,40.8284,981,0.0509684,
dark,2,b_positives_nontumor,v3 hypo,585,153,0.261538,0.227563,0.298625,41.3354,40.8284,981,0.0509684,
dark,2,b_positives_nontumor,v3 iso,461,165,0.357918,0.315496,0.402688,41.3354,40.8284,981,0.0509684,
dark,2,b_positives_nontumor,v3 hyper,189,88,0.465608,0.395886,0.536701,41.3354,40.8284,981,0.0509684,
dark,2,b_positives_nontumor,phase Arterial,260,96,0.369231,0.312871,0.429399,41.3354,40.8284,981,0.0509684,
dark,2,b_positives_nontumor,phase Delay,4,1,0.25,0.0455861,0.699364,41.3354,40.8284,981,0.0509684,
dark,2,b_positives_nontumor,phase Non-contrast,413,108,0.261501,0.221455,0.305944,41.3354,40.8284,981,0.0509684,
dark,2,b_positives_nontumor,phase Venous,557,201,0.360862,0.322056,0.401573,41.3354,40.8284,981,0.0509684,
dark,2,b_positives_nontumor,region head,825,297,0.36,0.327964,0.393334,41.3354,40.8284,981,0.0509684,
dark,2,b_positives_nontumor,region body,207,61,0.294686,0.236774,0.360079,41.3354,40.8284,981,0.0509684,
dark,2,b_positives_nontumor,region tail,195,48,0.246154,0.190982,0.311134,41.3354,40.8284,981,0.0509684,
dark,2,b_positives_nontumor,thickness <=1.5 mm,532,143,0.268797,0.23288,0.308029,41.3354,40.8284,981,0.0509684,
dark,2,b_positives_nontumor,thickness 1.5-2.5 mm,426,189,0.443662,0.397195,0.491136,41.3354,40.8284,981,0.0509684,
dark,2,b_positives_nontumor,thickness 2.5-5 mm,273,73,0.267399,0.218389,0.322865,41.3354,40.8284,981,0.0509684,
dark,2,b_positives_nontumor,thickness >5 mm,4,1,0.25,0.0455861,0.699364,41.3354,40.8284,981,0.0509684,
dark,2,b_positives_nontumor,tier abutting,174,50,0.287356,0.225281,0.358618,41.3354,40.8284,981,0.0509684,
dark,2,b_positives_nontumor,tier embedded,111,17,0.153153,0.097874,0.231637,41.3354,40.8284,981,0.0509684,
dark,2,b_positives_nontumor,tier inside,880,338,0.384091,0.352525,0.416665,41.3354,40.8284,981,0.0509684,
dark,2,b_positives_nontumor,tier separated,70,1,0.0142857,0.00252618,0.0765837,41.3354,40.8284,981,0.0509684,
dark,2,b_positives_nontumor,nnU-Net detected,659,295,0.447648,0.410095,0.485808,41.3354,40.8284,981,0.0509684,
dark,2,b_positives_nontumor,nnU-Net missed,576,111,0.192708,0.162575,0.226913,41.3354,40.8284,981,0.0509684,
dark,2,b_positives_nontumor,"nnU-Net missed, 10-20mm",204,20,0.0980392,0.0643637,0.146574,41.3354,40.8284,981,0.0509684,
dark,2,b_positives_nontumor,"nnU-Net missed, TARGET",74,9,0.121622,0.0653224,0.215268,41.3354,40.8284,981,0.0509684,
dark,2,a_neg_reweighted_to_pos,TARGET 10-20mm hypo/hyper enhanced,106,15,0.141509,0.0876696,0.220425,48.5312,,316,,
dark,2,a_neg_reweighted_to_pos,10-20mm all,275,29,0.105455,0.0744322,0.147348,48.5312,,316,,
dark,2,a_neg_reweighted_to_pos,10-20mm enhanced,157,20,0.127389,0.0839985,0.188578,48.5312,,316,,
dark,2,a_neg_reweighted_to_pos,10-20mm iso(v3),99,9,0.0909091,0.0485652,0.163816,48.5312,,316,,
dark,2,a_neg_reweighted_to_pos,10-20mm iso within 5 HU,66,8,0.121212,0.0627177,0.221377,48.5312,,316,,
dark,2,a_neg_reweighted_to_pos,<10mm all,86,2,0.0232558,0.00640079,0.0808817,48.5312,,316,,
dark,2,a_neg_reweighted_to_pos,>=20mm all,874,375,0.429062,0.396629,0.462115,48.5312,,316,,
dark,2,a_neg_reweighted_to_pos,all lesions,1235,406,0.328745,0.303112,0.35544,48.5312,,316,,
dark,2,a_neg_reweighted_to_pos,"all, not separated",1165,405,0.347639,0.320834,0.375446,48.5312,,316,,
dark,2,a_neg_reweighted_to_pos,size <5,49,0,0,0,0.0727003,48.5312,,316,,
dark,2,a_neg_reweighted_to_pos,size 5-10,37,2,0.0540541,0.0149507,0.17705,48.5312,,316,,
dark,2,a_neg_reweighted_to_pos,size 10-20,275,29,0.105455,0.0744322,0.147348,48.5312,,316,,
dark,2,a_neg_reweighted_to_pos,size 20-40,597,208,0.348409,0.311267,0.387489,48.5312,,316,,
dark,2,a_neg_reweighted_to_pos,size >=40,277,167,0.602888,0.544236,0.658725,48.5312,,316,,
dark,2,a_neg_reweighted_to_pos,v3 hypo,585,153,0.261538,0.227563,0.298625,48.5312,,316,,
dark,2,a_neg_reweighted_to_pos,v3 iso,461,165,0.357918,0.315496,0.402688,48.5312,,316,,
dark,2,a_neg_reweighted_to_pos,v3 hyper,189,88,0.465608,0.395886,0.536701,48.5312,,316,,
dark,2,a_neg_reweighted_to_pos,phase Arterial,260,96,0.369231,0.312871,0.429399,48.5312,,316,,
dark,2,a_neg_reweighted_to_pos,phase Delay,4,1,0.25,0.0455861,0.699364,48.5312,,316,,
dark,2,a_neg_reweighted_to_pos,phase Non-contrast,413,108,0.261501,0.221455,0.305944,48.5312,,316,,
dark,2,a_neg_reweighted_to_pos,phase Venous,557,201,0.360862,0.322056,0.401573,48.5312,,316,,
dark,2,a_neg_reweighted_to_pos,region head,825,297,0.36,0.327964,0.393334,48.5312,,316,,
dark,2,a_neg_reweighted_to_pos,region body,207,61,0.294686,0.236774,0.360079,48.5312,,316,,
dark,2,a_neg_reweighted_to_pos,region tail,195,48,0.246154,0.190982,0.311134,48.5312,,316,,
dark,2,a_neg_reweighted_to_pos,thickness <=1.5 mm,532,143,0.268797,0.23288,0.308029,48.5312,,316,,
dark,2,a_neg_reweighted_to_pos,thickness 1.5-2.5 mm,426,189,0.443662,0.397195,0.491136,48.5312,,316,,
dark,2,a_neg_reweighted_to_pos,thickness 2.5-5 mm,273,73,0.267399,0.218389,0.322865,48.5312,,316,,
dark,2,a_neg_reweighted_to_pos,thickness >5 mm,4,1,0.25,0.0455861,0.699364,48.5312,,316,,
dark,2,a_neg_reweighted_to_pos,tier abutting,174,50,0.287356,0.225281,0.358618,48.5312,,316,,
dark,2,a_neg_reweighted_to_pos,tier embedded,111,17,0.153153,0.097874,0.231637,48.5312,,316,,
dark,2,a_neg_reweighted_to_pos,tier inside,880,338,0.384091,0.352525,0.416665,48.5312,,316,,
dark,2,a_neg_reweighted_to_pos,tier separated,70,1,0.0142857,0.00252618,0.0765837,48.5312,,316,,
dark,2,a_neg_reweighted_to_pos,nnU-Net detected,659,295,0.447648,0.410095,0.485808,48.5312,,316,,
dark,2,a_neg_reweighted_to_pos,nnU-Net missed,576,111,0.192708,0.162575,0.226913,48.5312,,316,,
dark,2,a_neg_reweighted_to_pos,"nnU-Net missed, 10-20mm",204,20,0.0980392,0.0643637,0.146574,48.5312,,316,,
dark,2,a_neg_reweighted_to_pos,"nnU-Net missed, TARGET",74,9,0.121622,0.0653224,0.215268,48.5312,,316,,
dark,3,a_negatives,TARGET 10-20mm hypo/hyper enhanced,106,11,0.103774,0.058939,0.176323,37.4589,30.2548,316,0.563291,
dark,3,a_negatives,10-20mm all,275,21,0.0763636,0.0504859,0.113914,37.4589,30.2548,316,0.563291,
dark,3,a_negatives,10-20mm enhanced,157,16,0.101911,0.0637071,0.159131,37.4589,30.2548,316,0.563291,
dark,3,a_negatives,10-20mm iso(v3),99,9,0.0909091,0.0485652,0.163816,37.4589,30.2548,316,0.563291,
dark,3,a_negatives,10-20mm iso within 5 HU,66,8,0.121212,0.0627177,0.221377,37.4589,30.2548,316,0.563291,
dark,3,a_negatives,<10mm all,86,2,0.0232558,0.00640079,0.0808817,37.4589,30.2548,316,0.563291,
dark,3,a_negatives,>=20mm all,874,317,0.3627,0.331491,0.395112,37.4589,30.2548,316,0.563291,
dark,3,a_negatives,all lesions,1235,340,0.275304,0.251117,0.300883,37.4589,30.2548,316,0.563291,
dark,3,a_negatives,"all, not separated",1165,339,0.290987,0.265625,0.317723,37.4589,30.2548,316,0.563291,
dark,3,a_negatives,size <5,49,0,0,0,0.0727003,37.4589,30.2548,316,0.563291,
dark,3,a_negatives,size 5-10,37,2,0.0540541,0.0149507,0.17705,37.4589,30.2548,316,0.563291,
dark,3,a_negatives,size 10-20,275,21,0.0763636,0.0504859,0.113914,37.4589,30.2548,316,0.563291,
dark,3,a_negatives,size 20-40,597,161,0.269682,0.235638,0.306671,37.4589,30.2548,316,0.563291,
dark,3,a_negatives,size >=40,277,156,0.563177,0.504297,0.620329,37.4589,30.2548,316,0.563291,
dark,3,a_negatives,v3 hypo,585,131,0.223932,0.192013,0.259452,37.4589,30.2548,316,0.563291,
dark,3,a_negatives,v3 iso,461,138,0.299349,0.259341,0.342674,37.4589,30.2548,316,0.563291,
dark,3,a_negatives,v3 hyper,189,71,0.375661,0.309739,0.446537,37.4589,30.2548,316,0.563291,
dark,3,a_negatives,phase Arterial,260,82,0.315385,0.261939,0.374207,37.4589,30.2548,316,0.563291,
dark,3,a_negatives,phase Delay,4,1,0.25,0.0455861,0.699364,37.4589,30.2548,316,0.563291,
dark,3,a_negatives,phase Non-contrast,413,84,0.20339,0.167385,0.244862,37.4589,30.2548,316,0.563291,
dark,3,a_negatives,phase Venous,557,173,0.310592,0.27357,0.350209,37.4589,30.2548,316,0.563291,
dark,3,a_negatives,region head,825,248,0.300606,0.2703,0.33276,37.4589,30.2548,316,0.563291,
dark,3,a_negatives,region body,207,49,0.236715,0.183935,0.299089,37.4589,30.2548,316,0.563291,
dark,3,a_negatives,region tail,195,43,0.220513,0.168033,0.283792,37.4589,30.2548,316,0.563291,
dark,3,a_negatives,thickness <=1.5 mm,532,113,0.212406,0.179775,0.249161,37.4589,30.2548,316,0.563291,
dark,3,a_negatives,thickness 1.5-2.5 mm,426,159,0.373239,0.328634,0.420111,37.4589,30.2548,316,0.563291,
dark,3,a_negatives,thickness 2.5-5 mm,273,67,0.245421,0.198138,0.29977,37.4589,30.2548,316,0.563291,
dark,3,a_negatives,thickness >5 mm,4,1,0.25,0.0455861,0.699364,37.4589,30.2548,316,0.563291,
dark,3,a_negatives,tier abutting,174,38,0.218391,0.163447,0.285501,37.4589,30.2548,316,0.563291,
dark,3,a_negatives,tier embedded,111,14,0.126126,0.0766379,0.200628,37.4589,30.2548,316,0.563291,
dark,3,a_negatives,tier inside,880,287,0.326136,0.295976,0.357808,37.4589,30.2548,316,0.563291,
dark,3,a_negatives,tier separated,70,1,0.0142857,0.00252618,0.0765837,37.4589,30.2548,316,0.563291,
dark,3,a_negatives,nnU-Net detected,659,255,0.38695,0.35052,0.42469,37.4589,30.2548,316,0.563291,
dark,3,a_negatives,nnU-Net missed,576,85,0.147569,0.120941,0.178867,37.4589,30.2548,316,0.563291,
dark,3,a_negatives,"nnU-Net missed, 10-20mm",204,15,0.0735294,0.0450627,0.117761,37.4589,30.2548,316,0.563291,
dark,3,a_negatives,"nnU-Net missed, TARGET",74,7,0.0945946,0.0465793,0.182625,37.4589,30.2548,316,0.563291,
dark,3,b_positives_nontumor,TARGET 10-20mm hypo/hyper enhanced,106,11,0.103774,0.058939,0.176323,34.4353,34.013,981,0.0428135,
dark,3,b_positives_nontumor,10-20mm all,275,21,0.0763636,0.0504859,0.113914,34.4353,34.013,981,0.0428135,
dark,3,b_positives_nontumor,10-20mm enhanced,157,16,0.101911,0.0637071,0.159131,34.4353,34.013,981,0.0428135,
dark,3,b_positives_nontumor,10-20mm iso(v3),99,9,0.0909091,0.0485652,0.163816,34.4353,34.013,981,0.0428135,
dark,3,b_positives_nontumor,10-20mm iso within 5 HU,66,8,0.121212,0.0627177,0.221377,34.4353,34.013,981,0.0428135,
dark,3,b_positives_nontumor,<10mm all,86,2,0.0232558,0.00640079,0.0808817,34.4353,34.013,981,0.0428135,
dark,3,b_positives_nontumor,>=20mm all,874,317,0.3627,0.331491,0.395112,34.4353,34.013,981,0.0428135,
dark,3,b_positives_nontumor,all lesions,1235,340,0.275304,0.251117,0.300883,34.4353,34.013,981,0.0428135,
dark,3,b_positives_nontumor,"all, not separated",1165,339,0.290987,0.265625,0.317723,34.4353,34.013,981,0.0428135,
dark,3,b_positives_nontumor,size <5,49,0,0,0,0.0727003,34.4353,34.013,981,0.0428135,
dark,3,b_positives_nontumor,size 5-10,37,2,0.0540541,0.0149507,0.17705,34.4353,34.013,981,0.0428135,
dark,3,b_positives_nontumor,size 10-20,275,21,0.0763636,0.0504859,0.113914,34.4353,34.013,981,0.0428135,
dark,3,b_positives_nontumor,size 20-40,597,161,0.269682,0.235638,0.306671,34.4353,34.013,981,0.0428135,
dark,3,b_positives_nontumor,size >=40,277,156,0.563177,0.504297,0.620329,34.4353,34.013,981,0.0428135,
dark,3,b_positives_nontumor,v3 hypo,585,131,0.223932,0.192013,0.259452,34.4353,34.013,981,0.0428135,
dark,3,b_positives_nontumor,v3 iso,461,138,0.299349,0.259341,0.342674,34.4353,34.013,981,0.0428135,
dark,3,b_positives_nontumor,v3 hyper,189,71,0.375661,0.309739,0.446537,34.4353,34.013,981,0.0428135,
dark,3,b_positives_nontumor,phase Arterial,260,82,0.315385,0.261939,0.374207,34.4353,34.013,981,0.0428135,
dark,3,b_positives_nontumor,phase Delay,4,1,0.25,0.0455861,0.699364,34.4353,34.013,981,0.0428135,
dark,3,b_positives_nontumor,phase Non-contrast,413,84,0.20339,0.167385,0.244862,34.4353,34.013,981,0.0428135,
dark,3,b_positives_nontumor,phase Venous,557,173,0.310592,0.27357,0.350209,34.4353,34.013,981,0.0428135,
dark,3,b_positives_nontumor,region head,825,248,0.300606,0.2703,0.33276,34.4353,34.013,981,0.0428135,
dark,3,b_positives_nontumor,region body,207,49,0.236715,0.183935,0.299089,34.4353,34.013,981,0.0428135,
dark,3,b_positives_nontumor,region tail,195,43,0.220513,0.168033,0.283792,34.4353,34.013,981,0.0428135,
dark,3,b_positives_nontumor,thickness <=1.5 mm,532,113,0.212406,0.179775,0.249161,34.4353,34.013,981,0.0428135,
dark,3,b_positives_nontumor,thickness 1.5-2.5 mm,426,159,0.373239,0.328634,0.420111,34.4353,34.013,981,0.0428135,
dark,3,b_positives_nontumor,thickness 2.5-5 mm,273,67,0.245421,0.198138,0.29977,34.4353,34.013,981,0.0428135,
dark,3,b_positives_nontumor,thickness >5 mm,4,1,0.25,0.0455861,0.699364,34.4353,34.013,981,0.0428135,
dark,3,b_positives_nontumor,tier abutting,174,38,0.218391,0.163447,0.285501,34.4353,34.013,981,0.0428135,
dark,3,b_positives_nontumor,tier embedded,111,14,0.126126,0.0766379,0.200628,34.4353,34.013,981,0.0428135,
dark,3,b_positives_nontumor,tier inside,880,287,0.326136,0.295976,0.357808,34.4353,34.013,981,0.0428135,
dark,3,b_positives_nontumor,tier separated,70,1,0.0142857,0.00252618,0.0765837,34.4353,34.013,981,0.0428135,
dark,3,b_positives_nontumor,nnU-Net detected,659,255,0.38695,0.35052,0.42469,34.4353,34.013,981,0.0428135,
dark,3,b_positives_nontumor,nnU-Net missed,576,85,0.147569,0.120941,0.178867,34.4353,34.013,981,0.0428135,
dark,3,b_positives_nontumor,"nnU-Net missed, 10-20mm",204,15,0.0735294,0.0450627,0.117761,34.4353,34.013,981,0.0428135,
dark,3,b_positives_nontumor,"nnU-Net missed, TARGET",74,7,0.0945946,0.0465793,0.182625,34.4353,34.013,981,0.0428135,
dark,3,a_neg_reweighted_to_pos,TARGET 10-20mm hypo/hyper enhanced,106,11,0.103774,0.058939,0.176323,38.6956,,316,,
dark,3,a_neg_reweighted_to_pos,10-20mm all,275,21,0.0763636,0.0504859,0.113914,38.6956,,316,,
dark,3,a_neg_reweighted_to_pos,10-20mm enhanced,157,16,0.101911,0.0637071,0.159131,38.6956,,316,,
dark,3,a_neg_reweighted_to_pos,10-20mm iso(v3),99,9,0.0909091,0.0485652,0.163816,38.6956,,316,,
dark,3,a_neg_reweighted_to_pos,10-20mm iso within 5 HU,66,8,0.121212,0.0627177,0.221377,38.6956,,316,,
dark,3,a_neg_reweighted_to_pos,<10mm all,86,2,0.0232558,0.00640079,0.0808817,38.6956,,316,,
dark,3,a_neg_reweighted_to_pos,>=20mm all,874,317,0.3627,0.331491,0.395112,38.6956,,316,,
dark,3,a_neg_reweighted_to_pos,all lesions,1235,340,0.275304,0.251117,0.300883,38.6956,,316,,
dark,3,a_neg_reweighted_to_pos,"all, not separated",1165,339,0.290987,0.265625,0.317723,38.6956,,316,,
dark,3,a_neg_reweighted_to_pos,size <5,49,0,0,0,0.0727003,38.6956,,316,,
dark,3,a_neg_reweighted_to_pos,size 5-10,37,2,0.0540541,0.0149507,0.17705,38.6956,,316,,
dark,3,a_neg_reweighted_to_pos,size 10-20,275,21,0.0763636,0.0504859,0.113914,38.6956,,316,,
dark,3,a_neg_reweighted_to_pos,size 20-40,597,161,0.269682,0.235638,0.306671,38.6956,,316,,
dark,3,a_neg_reweighted_to_pos,size >=40,277,156,0.563177,0.504297,0.620329,38.6956,,316,,
dark,3,a_neg_reweighted_to_pos,v3 hypo,585,131,0.223932,0.192013,0.259452,38.6956,,316,,
dark,3,a_neg_reweighted_to_pos,v3 iso,461,138,0.299349,0.259341,0.342674,38.6956,,316,,
dark,3,a_neg_reweighted_to_pos,v3 hyper,189,71,0.375661,0.309739,0.446537,38.6956,,316,,
dark,3,a_neg_reweighted_to_pos,phase Arterial,260,82,0.315385,0.261939,0.374207,38.6956,,316,,
dark,3,a_neg_reweighted_to_pos,phase Delay,4,1,0.25,0.0455861,0.699364,38.6956,,316,,
dark,3,a_neg_reweighted_to_pos,phase Non-contrast,413,84,0.20339,0.167385,0.244862,38.6956,,316,,
dark,3,a_neg_reweighted_to_pos,phase Venous,557,173,0.310592,0.27357,0.350209,38.6956,,316,,
dark,3,a_neg_reweighted_to_pos,region head,825,248,0.300606,0.2703,0.33276,38.6956,,316,,
dark,3,a_neg_reweighted_to_pos,region body,207,49,0.236715,0.183935,0.299089,38.6956,,316,,
dark,3,a_neg_reweighted_to_pos,region tail,195,43,0.220513,0.168033,0.283792,38.6956,,316,,
dark,3,a_neg_reweighted_to_pos,thickness <=1.5 mm,532,113,0.212406,0.179775,0.249161,38.6956,,316,,
dark,3,a_neg_reweighted_to_pos,thickness 1.5-2.5 mm,426,159,0.373239,0.328634,0.420111,38.6956,,316,,
dark,3,a_neg_reweighted_to_pos,thickness 2.5-5 mm,273,67,0.245421,0.198138,0.29977,38.6956,,316,,
dark,3,a_neg_reweighted_to_pos,thickness >5 mm,4,1,0.25,0.0455861,0.699364,38.6956,,316,,
dark,3,a_neg_reweighted_to_pos,tier abutting,174,38,0.218391,0.163447,0.285501,38.6956,,316,,
dark,3,a_neg_reweighted_to_pos,tier embedded,111,14,0.126126,0.0766379,0.200628,38.6956,,316,,
dark,3,a_neg_reweighted_to_pos,tier inside,880,287,0.326136,0.295976,0.357808,38.6956,,316,,
dark,3,a_neg_reweighted_to_pos,tier separated,70,1,0.0142857,0.00252618,0.0765837,38.6956,,316,,
dark,3,a_neg_reweighted_to_pos,nnU-Net detected,659,255,0.38695,0.35052,0.42469,38.6956,,316,,
dark,3,a_neg_reweighted_to_pos,nnU-Net missed,576,85,0.147569,0.120941,0.178867,38.6956,,316,,
dark,3,a_neg_reweighted_to_pos,"nnU-Net missed, 10-20mm",204,15,0.0735294,0.0450627,0.117761,38.6956,,316,,
dark,3,a_neg_reweighted_to_pos,"nnU-Net missed, TARGET",74,7,0.0945946,0.0465793,0.182625,38.6956,,316,,
dark,4,a_negatives,TARGET 10-20mm hypo/hyper enhanced,106,7,0.0660377,0.0323537,0.130077,20.1582,16.2814,316,0.205696,
dark,4,a_negatives,10-20mm all,275,13,0.0472727,0.0278313,0.0791886,20.1582,16.2814,316,0.205696,
dark,4,a_negatives,10-20mm enhanced,157,12,0.0764331,0.0442606,0.128839,20.1582,16.2814,316,0.205696,
dark,4,a_negatives,10-20mm iso(v3),99,6,0.0606061,0.0280694,0.125969,20.1582,16.2814,316,0.205696,
dark,4,a_negatives,10-20mm iso within 5 HU,66,5,0.0757576,0.0327916,0.165394,20.1582,16.2814,316,0.205696,
dark,4,a_negatives,<10mm all,86,0,0,0,0.0427597,20.1582,16.2814,316,0.205696,
dark,4,a_negatives,>=20mm all,874,175,0.200229,0.175036,0.228046,20.1582,16.2814,316,0.205696,
dark,4,a_negatives,all lesions,1235,188,0.152227,0.133271,0.173339,20.1582,16.2814,316,0.205696,
dark,4,a_negatives,"all, not separated",1165,188,0.161373,0.141367,0.183606,20.1582,16.2814,316,0.205696,
dark,4,a_negatives,size <5,49,0,0,0,0.0727003,20.1582,16.2814,316,0.205696,
dark,4,a_negatives,size 5-10,37,0,0,0,0.094061,20.1582,16.2814,316,0.205696,
dark,4,a_negatives,size 10-20,275,13,0.0472727,0.0278313,0.0791886,20.1582,16.2814,316,0.205696,
dark,4,a_negatives,size 20-40,597,80,0.134003,0.109004,0.163683,20.1582,16.2814,316,0.205696,
dark,4,a_negatives,size >=40,277,95,0.34296,0.289548,0.400669,20.1582,16.2814,316,0.205696,
dark,4,a_negatives,v3 hypo,585,85,0.145299,0.119055,0.176171,20.1582,16.2814,316,0.205696,
dark,4,a_negatives,v3 iso,461,70,0.151844,0.12197,0.187472,20.1582,16.2814,316,0.205696,
dark,4,a_negatives,v3 hyper,189,33,0.174603,0.127113,0.235057,20.1582,16.2814,316,0.205696,
dark,4,a_negatives,phase Arterial,260,42,0.161538,0.121786,0.211147,20.1582,16.2814,316,0.205696,
dark,4,a_negatives,phase Delay,4,1,0.25,0.0455861,0.699364,20.1582,16.2814,316,0.205696,
dark,4,a_negatives,phase Non-contrast,413,46,0.11138,0.0845483,0.145375,20.1582,16.2814,316,0.205696,
dark,4,a_negatives,phase Venous,557,99,0.177738,0.148229,0.211662,20.1582,16.2814,316,0.205696,
dark,4,a_negatives,region head,825,137,0.166061,0.142226,0.192991,20.1582,16.2814,316,0.205696,
dark,4,a_negatives,region body,207,24,0.115942,0.0791614,0.166718,20.1582,16.2814,316,0.205696,
dark,4,a_negatives,region tail,195,27,0.138462,0.096934,0.193959,20.1582,16.2814,316,0.205696,
dark,4,a_negatives,thickness <=1.5 mm,532,56,0.105263,0.0819544,0.134232,20.1582,16.2814,316,0.205696,
dark,4,a_negatives,thickness 1.5-2.5 mm,426,89,0.20892,0.173001,0.250042,20.1582,16.2814,316,0.205696,
dark,4,a_negatives,thickness 2.5-5 mm,273,43,0.157509,0.119088,0.205436,20.1582,16.2814,316,0.205696,
dark,4,a_negatives,thickness >5 mm,4,0,0,0,0.4899,20.1582,16.2814,316,0.205696,
dark,4,a_negatives,tier abutting,174,27,0.155172,0.108888,0.216354,20.1582,16.2814,316,0.205696,
dark,4,a_negatives,tier embedded,111,7,0.0630631,0.0308803,0.124478,20.1582,16.2814,316,0.205696,
dark,4,a_negatives,tier inside,880,154,0.175,0.151322,0.201503,20.1582,16.2814,316,0.205696,
dark,4,a_negatives,tier separated,70,0,0,0,0.0520249,20.1582,16.2814,316,0.205696,
dark,4,a_negatives,nnU-Net detected,659,139,0.210926,0.181498,0.243704,20.1582,16.2814,316,0.205696,
dark,4,a_negatives,nnU-Net missed,576,49,0.0850694,0.0649445,0.110692,20.1582,16.2814,316,0.205696,
dark,4,a_negatives,"nnU-Net missed, 10-20mm",204,8,0.0392157,0.0200026,0.0754624,20.1582,16.2814,316,0.205696,
dark,4,a_negatives,"nnU-Net missed, TARGET",74,4,0.0540541,0.0212187,0.130906,20.1582,16.2814,316,0.205696,
dark,4,b_positives_nontumor,TARGET 10-20mm hypo/hyper enhanced,106,7,0.0660377,0.0323537,0.130077,18.0499,17.8286,981,0.0163099,
dark,4,b_positives_nontumor,10-20mm all,275,13,0.0472727,0.0278313,0.0791886,18.0499,17.8286,981,0.0163099,
dark,4,b_positives_nontumor,10-20mm enhanced,157,12,0.0764331,0.0442606,0.128839,18.0499,17.8286,981,0.0163099,
dark,4,b_positives_nontumor,10-20mm iso(v3),99,6,0.0606061,0.0280694,0.125969,18.0499,17.8286,981,0.0163099,
dark,4,b_positives_nontumor,10-20mm iso within 5 HU,66,5,0.0757576,0.0327916,0.165394,18.0499,17.8286,981,0.0163099,
dark,4,b_positives_nontumor,<10mm all,86,0,0,0,0.0427597,18.0499,17.8286,981,0.0163099,
dark,4,b_positives_nontumor,>=20mm all,874,175,0.200229,0.175036,0.228046,18.0499,17.8286,981,0.0163099,
dark,4,b_positives_nontumor,all lesions,1235,188,0.152227,0.133271,0.173339,18.0499,17.8286,981,0.0163099,
dark,4,b_positives_nontumor,"all, not separated",1165,188,0.161373,0.141367,0.183606,18.0499,17.8286,981,0.0163099,
dark,4,b_positives_nontumor,size <5,49,0,0,0,0.0727003,18.0499,17.8286,981,0.0163099,
dark,4,b_positives_nontumor,size 5-10,37,0,0,0,0.094061,18.0499,17.8286,981,0.0163099,
dark,4,b_positives_nontumor,size 10-20,275,13,0.0472727,0.0278313,0.0791886,18.0499,17.8286,981,0.0163099,
dark,4,b_positives_nontumor,size 20-40,597,80,0.134003,0.109004,0.163683,18.0499,17.8286,981,0.0163099,
dark,4,b_positives_nontumor,size >=40,277,95,0.34296,0.289548,0.400669,18.0499,17.8286,981,0.0163099,
dark,4,b_positives_nontumor,v3 hypo,585,85,0.145299,0.119055,0.176171,18.0499,17.8286,981,0.0163099,
dark,4,b_positives_nontumor,v3 iso,461,70,0.151844,0.12197,0.187472,18.0499,17.8286,981,0.0163099,
dark,4,b_positives_nontumor,v3 hyper,189,33,0.174603,0.127113,0.235057,18.0499,17.8286,981,0.0163099,
dark,4,b_positives_nontumor,phase Arterial,260,42,0.161538,0.121786,0.211147,18.0499,17.8286,981,0.0163099,
dark,4,b_positives_nontumor,phase Delay,4,1,0.25,0.0455861,0.699364,18.0499,17.8286,981,0.0163099,
dark,4,b_positives_nontumor,phase Non-contrast,413,46,0.11138,0.0845483,0.145375,18.0499,17.8286,981,0.0163099,
dark,4,b_positives_nontumor,phase Venous,557,99,0.177738,0.148229,0.211662,18.0499,17.8286,981,0.0163099,
dark,4,b_positives_nontumor,region head,825,137,0.166061,0.142226,0.192991,18.0499,17.8286,981,0.0163099,
dark,4,b_positives_nontumor,region body,207,24,0.115942,0.0791614,0.166718,18.0499,17.8286,981,0.0163099,
dark,4,b_positives_nontumor,region tail,195,27,0.138462,0.096934,0.193959,18.0499,17.8286,981,0.0163099,
dark,4,b_positives_nontumor,thickness <=1.5 mm,532,56,0.105263,0.0819544,0.134232,18.0499,17.8286,981,0.0163099,
dark,4,b_positives_nontumor,thickness 1.5-2.5 mm,426,89,0.20892,0.173001,0.250042,18.0499,17.8286,981,0.0163099,
dark,4,b_positives_nontumor,thickness 2.5-5 mm,273,43,0.157509,0.119088,0.205436,18.0499,17.8286,981,0.0163099,
dark,4,b_positives_nontumor,thickness >5 mm,4,0,0,0,0.4899,18.0499,17.8286,981,0.0163099,
dark,4,b_positives_nontumor,tier abutting,174,27,0.155172,0.108888,0.216354,18.0499,17.8286,981,0.0163099,
dark,4,b_positives_nontumor,tier embedded,111,7,0.0630631,0.0308803,0.124478,18.0499,17.8286,981,0.0163099,
dark,4,b_positives_nontumor,tier inside,880,154,0.175,0.151322,0.201503,18.0499,17.8286,981,0.0163099,
dark,4,b_positives_nontumor,tier separated,70,0,0,0,0.0520249,18.0499,17.8286,981,0.0163099,
dark,4,b_positives_nontumor,nnU-Net detected,659,139,0.210926,0.181498,0.243704,18.0499,17.8286,981,0.0163099,
dark,4,b_positives_nontumor,nnU-Net missed,576,49,0.0850694,0.0649445,0.110692,18.0499,17.8286,981,0.0163099,
dark,4,b_positives_nontumor,"nnU-Net missed, 10-20mm",204,8,0.0392157,0.0200026,0.0754624,18.0499,17.8286,981,0.0163099,
dark,4,b_positives_nontumor,"nnU-Net missed, TARGET",74,4,0.0540541,0.0212187,0.130906,18.0499,17.8286,981,0.0163099,
dark,4,a_neg_reweighted_to_pos,TARGET 10-20mm hypo/hyper enhanced,106,7,0.0660377,0.0323537,0.130077,21.9141,,316,,
dark,4,a_neg_reweighted_to_pos,10-20mm all,275,13,0.0472727,0.0278313,0.0791886,21.9141,,316,,
dark,4,a_neg_reweighted_to_pos,10-20mm enhanced,157,12,0.0764331,0.0442606,0.128839,21.9141,,316,,
dark,4,a_neg_reweighted_to_pos,10-20mm iso(v3),99,6,0.0606061,0.0280694,0.125969,21.9141,,316,,
dark,4,a_neg_reweighted_to_pos,10-20mm iso within 5 HU,66,5,0.0757576,0.0327916,0.165394,21.9141,,316,,
dark,4,a_neg_reweighted_to_pos,<10mm all,86,0,0,0,0.0427597,21.9141,,316,,
dark,4,a_neg_reweighted_to_pos,>=20mm all,874,175,0.200229,0.175036,0.228046,21.9141,,316,,
dark,4,a_neg_reweighted_to_pos,all lesions,1235,188,0.152227,0.133271,0.173339,21.9141,,316,,
dark,4,a_neg_reweighted_to_pos,"all, not separated",1165,188,0.161373,0.141367,0.183606,21.9141,,316,,
dark,4,a_neg_reweighted_to_pos,size <5,49,0,0,0,0.0727003,21.9141,,316,,
dark,4,a_neg_reweighted_to_pos,size 5-10,37,0,0,0,0.094061,21.9141,,316,,
dark,4,a_neg_reweighted_to_pos,size 10-20,275,13,0.0472727,0.0278313,0.0791886,21.9141,,316,,
dark,4,a_neg_reweighted_to_pos,size 20-40,597,80,0.134003,0.109004,0.163683,21.9141,,316,,
dark,4,a_neg_reweighted_to_pos,size >=40,277,95,0.34296,0.289548,0.400669,21.9141,,316,,
dark,4,a_neg_reweighted_to_pos,v3 hypo,585,85,0.145299,0.119055,0.176171,21.9141,,316,,
dark,4,a_neg_reweighted_to_pos,v3 iso,461,70,0.151844,0.12197,0.187472,21.9141,,316,,
dark,4,a_neg_reweighted_to_pos,v3 hyper,189,33,0.174603,0.127113,0.235057,21.9141,,316,,
dark,4,a_neg_reweighted_to_pos,phase Arterial,260,42,0.161538,0.121786,0.211147,21.9141,,316,,
dark,4,a_neg_reweighted_to_pos,phase Delay,4,1,0.25,0.0455861,0.699364,21.9141,,316,,
dark,4,a_neg_reweighted_to_pos,phase Non-contrast,413,46,0.11138,0.0845483,0.145375,21.9141,,316,,
dark,4,a_neg_reweighted_to_pos,phase Venous,557,99,0.177738,0.148229,0.211662,21.9141,,316,,
dark,4,a_neg_reweighted_to_pos,region head,825,137,0.166061,0.142226,0.192991,21.9141,,316,,
dark,4,a_neg_reweighted_to_pos,region body,207,24,0.115942,0.0791614,0.166718,21.9141,,316,,
dark,4,a_neg_reweighted_to_pos,region tail,195,27,0.138462,0.096934,0.193959,21.9141,,316,,
dark,4,a_neg_reweighted_to_pos,thickness <=1.5 mm,532,56,0.105263,0.0819544,0.134232,21.9141,,316,,
dark,4,a_neg_reweighted_to_pos,thickness 1.5-2.5 mm,426,89,0.20892,0.173001,0.250042,21.9141,,316,,
dark,4,a_neg_reweighted_to_pos,thickness 2.5-5 mm,273,43,0.157509,0.119088,0.205436,21.9141,,316,,
dark,4,a_neg_reweighted_to_pos,thickness >5 mm,4,0,0,0,0.4899,21.9141,,316,,
dark,4,a_neg_reweighted_to_pos,tier abutting,174,27,0.155172,0.108888,0.216354,21.9141,,316,,
dark,4,a_neg_reweighted_to_pos,tier embedded,111,7,0.0630631,0.0308803,0.124478,21.9141,,316,,
dark,4,a_neg_reweighted_to_pos,tier inside,880,154,0.175,0.151322,0.201503,21.9141,,316,,
dark,4,a_neg_reweighted_to_pos,tier separated,70,0,0,0,0.0520249,21.9141,,316,,
dark,4,a_neg_reweighted_to_pos,nnU-Net detected,659,139,0.210926,0.181498,0.243704,21.9141,,316,,
dark,4,a_neg_reweighted_to_pos,nnU-Net missed,576,49,0.0850694,0.0649445,0.110692,21.9141,,316,,
dark,4,a_neg_reweighted_to_pos,"nnU-Net missed, 10-20mm",204,8,0.0392157,0.0200026,0.0754624,21.9141,,316,,
dark,4,a_neg_reweighted_to_pos,"nnU-Net missed, TARGET",74,4,0.0540541,0.0212187,0.130906,21.9141,,316,,
dark,5,a_negatives,TARGET 10-20mm hypo/hyper enhanced,106,3,0.0283019,0.00967111,0.079927,9.15506,7.39436,316,0.0379747,
dark,5,a_negatives,10-20mm all,275,4,0.0145455,0.00567051,0.0367966,9.15506,7.39436,316,0.0379747,
dark,5,a_negatives,10-20mm enhanced,157,4,0.0254777,0.00995123,0.0636715,9.15506,7.39436,316,0.0379747,
dark,5,a_negatives,10-20mm iso(v3),99,1,0.010101,0.00178526,0.0550167,9.15506,7.39436,316,0.0379747,
dark,5,a_negatives,10-20mm iso within 5 HU,66,1,0.0151515,0.00267957,0.0809611,9.15506,7.39436,316,0.0379747,
dark,5,a_negatives,<10mm all,86,0,0,0,0.0427597,9.15506,7.39436,316,0.0379747,
dark,5,a_negatives,>=20mm all,874,81,0.0926773,0.0751943,0.113725,9.15506,7.39436,316,0.0379747,
dark,5,a_negatives,all lesions,1235,85,0.0688259,0.0560023,0.0843236,9.15506,7.39436,316,0.0379747,
dark,5,a_negatives,"all, not separated",1165,85,0.0729614,0.0593891,0.0893407,9.15506,7.39436,316,0.0379747,
dark,5,a_negatives,size <5,49,0,0,0,0.0727003,9.15506,7.39436,316,0.0379747,
dark,5,a_negatives,size 5-10,37,0,0,0,0.094061,9.15506,7.39436,316,0.0379747,
dark,5,a_negatives,size 10-20,275,4,0.0145455,0.00567051,0.0367966,9.15506,7.39436,316,0.0379747,
dark,5,a_negatives,size 20-40,597,30,0.0502513,0.0354233,0.0708303,9.15506,7.39436,316,0.0379747,
dark,5,a_negatives,size >=40,277,51,0.184116,0.142901,0.233972,9.15506,7.39436,316,0.0379747,
dark,5,a_negatives,v3 hypo,585,35,0.0598291,0.0433302,0.0820713,9.15506,7.39436,316,0.0379747,
dark,5,a_negatives,v3 iso,461,35,0.0759219,0.0550937,0.10376,9.15506,7.39436,316,0.0379747,
dark,5,a_negatives,v3 hyper,189,15,0.0793651,0.0486835,0.126806,9.15506,7.39436,316,0.0379747,
dark,5,a_negatives,phase Arterial,260,17,0.0653846,0.0412199,0.102206,9.15506,7.39436,316,0.0379747,
dark,5,a_negatives,phase Delay,4,1,0.25,0.0455861,0.699364,9.15506,7.39436,316,0.0379747,
dark,5,a_negatives,phase Non-contrast,413,26,0.062954,0.04332,0.0906436,9.15506,7.39436,316,0.0379747,
dark,5,a_negatives,phase Venous,557,41,0.0736086,0.0547207,0.0983379,9.15506,7.39436,316,0.0379747,
dark,5,a_negatives,region head,825,61,0.0739394,0.0579904,0.0938379,9.15506,7.39436,316,0.0379747,
dark,5,a_negatives,region body,207,12,0.057971,0.0334691,0.0985808,9.15506,7.39436,316,0.0379747,
dark,5,a_negatives,region tail,195,12,0.0615385,0.0355492,0.10447,9.15506,7.39436,316,0.0379747,
dark,5,a_negatives,thickness <=1.5 mm,532,22,0.0413534,0.0274652,0.0618179,9.15506,7.39436,316,0.0379747,
dark,5,a_negatives,thickness 1.5-2.5 mm,426,44,0.103286,0.0778436,0.13582,9.15506,7.39436,316,0.0379747,
dark,5,a_negatives,thickness 2.5-5 mm,273,19,0.0695971,0.0450045,0.106135,9.15506,7.39436,316,0.0379747,
dark,5,a_negatives,thickness >5 mm,4,0,0,0,0.4899,9.15506,7.39436,316,0.0379747,
dark,5,a_negatives,tier abutting,174,10,0.0574713,0.0315131,0.102548,9.15506,7.39436,316,0.0379747,
dark,5,a_negatives,tier embedded,111,3,0.027027,0.00923347,0.0764637,9.15506,7.39436,316,0.0379747,
dark,5,a_negatives,tier inside,880,72,0.0818182,0.0654746,0.101797,9.15506,7.39436,316,0.0379747,
dark,5,a_negatives,tier separated,70,0,0,0,0.0520249,9.15506,7.39436,316,0.0379747,
dark,5,a_negatives,nnU-Net detected,659,66,0.100152,0.0794978,0.12544,9.15506,7.39436,316,0.0379747,
dark,5,a_negatives,nnU-Net missed,576,19,0.0329861,0.0212173,0.0509431,9.15506,7.39436,316,0.0379747,
dark,5,a_negatives,"nnU-Net missed, 10-20mm",204,3,0.0147059,0.00501362,0.0423378,9.15506,7.39436,316,0.0379747,
dark,5,a_negatives,"nnU-Net missed, TARGET",74,2,0.027027,0.0074432,0.0932947,9.15506,7.39436,316,0.0379747,
dark,5,b_positives_nontumor,TARGET 10-20mm hypo/hyper enhanced,106,3,0.0283019,0.00967111,0.079927,7.66361,7.56962,981,0.00509684,
dark,5,b_positives_nontumor,10-20mm all,275,4,0.0145455,0.00567051,0.0367966,7.66361,7.56962,981,0.00509684,
dark,5,b_positives_nontumor,10-20mm enhanced,157,4,0.0254777,0.00995123,0.0636715,7.66361,7.56962,981,0.00509684,
dark,5,b_positives_nontumor,10-20mm iso(v3),99,1,0.010101,0.00178526,0.0550167,7.66361,7.56962,981,0.00509684,
dark,5,b_positives_nontumor,10-20mm iso within 5 HU,66,1,0.0151515,0.00267957,0.0809611,7.66361,7.56962,981,0.00509684,
dark,5,b_positives_nontumor,<10mm all,86,0,0,0,0.0427597,7.66361,7.56962,981,0.00509684,
dark,5,b_positives_nontumor,>=20mm all,874,81,0.0926773,0.0751943,0.113725,7.66361,7.56962,981,0.00509684,
dark,5,b_positives_nontumor,all lesions,1235,85,0.0688259,0.0560023,0.0843236,7.66361,7.56962,981,0.00509684,
dark,5,b_positives_nontumor,"all, not separated",1165,85,0.0729614,0.0593891,0.0893407,7.66361,7.56962,981,0.00509684,
dark,5,b_positives_nontumor,size <5,49,0,0,0,0.0727003,7.66361,7.56962,981,0.00509684,
dark,5,b_positives_nontumor,size 5-10,37,0,0,0,0.094061,7.66361,7.56962,981,0.00509684,
dark,5,b_positives_nontumor,size 10-20,275,4,0.0145455,0.00567051,0.0367966,7.66361,7.56962,981,0.00509684,
dark,5,b_positives_nontumor,size 20-40,597,30,0.0502513,0.0354233,0.0708303,7.66361,7.56962,981,0.00509684,
dark,5,b_positives_nontumor,size >=40,277,51,0.184116,0.142901,0.233972,7.66361,7.56962,981,0.00509684,
dark,5,b_positives_nontumor,v3 hypo,585,35,0.0598291,0.0433302,0.0820713,7.66361,7.56962,981,0.00509684,
dark,5,b_positives_nontumor,v3 iso,461,35,0.0759219,0.0550937,0.10376,7.66361,7.56962,981,0.00509684,
dark,5,b_positives_nontumor,v3 hyper,189,15,0.0793651,0.0486835,0.126806,7.66361,7.56962,981,0.00509684,
dark,5,b_positives_nontumor,phase Arterial,260,17,0.0653846,0.0412199,0.102206,7.66361,7.56962,981,0.00509684,
dark,5,b_positives_nontumor,phase Delay,4,1,0.25,0.0455861,0.699364,7.66361,7.56962,981,0.00509684,
dark,5,b_positives_nontumor,phase Non-contrast,413,26,0.062954,0.04332,0.0906436,7.66361,7.56962,981,0.00509684,
dark,5,b_positives_nontumor,phase Venous,557,41,0.0736086,0.0547207,0.0983379,7.66361,7.56962,981,0.00509684,
dark,5,b_positives_nontumor,region head,825,61,0.0739394,0.0579904,0.0938379,7.66361,7.56962,981,0.00509684,
dark,5,b_positives_nontumor,region body,207,12,0.057971,0.0334691,0.0985808,7.66361,7.56962,981,0.00509684,
dark,5,b_positives_nontumor,region tail,195,12,0.0615385,0.0355492,0.10447,7.66361,7.56962,981,0.00509684,
dark,5,b_positives_nontumor,thickness <=1.5 mm,532,22,0.0413534,0.0274652,0.0618179,7.66361,7.56962,981,0.00509684,
dark,5,b_positives_nontumor,thickness 1.5-2.5 mm,426,44,0.103286,0.0778436,0.13582,7.66361,7.56962,981,0.00509684,
dark,5,b_positives_nontumor,thickness 2.5-5 mm,273,19,0.0695971,0.0450045,0.106135,7.66361,7.56962,981,0.00509684,
dark,5,b_positives_nontumor,thickness >5 mm,4,0,0,0,0.4899,7.66361,7.56962,981,0.00509684,
dark,5,b_positives_nontumor,tier abutting,174,10,0.0574713,0.0315131,0.102548,7.66361,7.56962,981,0.00509684,
dark,5,b_positives_nontumor,tier embedded,111,3,0.027027,0.00923347,0.0764637,7.66361,7.56962,981,0.00509684,
dark,5,b_positives_nontumor,tier inside,880,72,0.0818182,0.0654746,0.101797,7.66361,7.56962,981,0.00509684,
dark,5,b_positives_nontumor,tier separated,70,0,0,0,0.0520249,7.66361,7.56962,981,0.00509684,
dark,5,b_positives_nontumor,nnU-Net detected,659,66,0.100152,0.0794978,0.12544,7.66361,7.56962,981,0.00509684,
dark,5,b_positives_nontumor,nnU-Net missed,576,19,0.0329861,0.0212173,0.0509431,7.66361,7.56962,981,0.00509684,
dark,5,b_positives_nontumor,"nnU-Net missed, 10-20mm",204,3,0.0147059,0.00501362,0.0423378,7.66361,7.56962,981,0.00509684,
dark,5,b_positives_nontumor,"nnU-Net missed, TARGET",74,2,0.027027,0.0074432,0.0932947,7.66361,7.56962,981,0.00509684,
dark,5,a_neg_reweighted_to_pos,TARGET 10-20mm hypo/hyper enhanced,106,3,0.0283019,0.00967111,0.079927,9.8376,,316,,
dark,5,a_neg_reweighted_to_pos,10-20mm all,275,4,0.0145455,0.00567051,0.0367966,9.8376,,316,,
dark,5,a_neg_reweighted_to_pos,10-20mm enhanced,157,4,0.0254777,0.00995123,0.0636715,9.8376,,316,,
dark,5,a_neg_reweighted_to_pos,10-20mm iso(v3),99,1,0.010101,0.00178526,0.0550167,9.8376,,316,,
dark,5,a_neg_reweighted_to_pos,10-20mm iso within 5 HU,66,1,0.0151515,0.00267957,0.0809611,9.8376,,316,,
dark,5,a_neg_reweighted_to_pos,<10mm all,86,0,0,0,0.0427597,9.8376,,316,,
dark,5,a_neg_reweighted_to_pos,>=20mm all,874,81,0.0926773,0.0751943,0.113725,9.8376,,316,,
dark,5,a_neg_reweighted_to_pos,all lesions,1235,85,0.0688259,0.0560023,0.0843236,9.8376,,316,,
dark,5,a_neg_reweighted_to_pos,"all, not separated",1165,85,0.0729614,0.0593891,0.0893407,9.8376,,316,,
dark,5,a_neg_reweighted_to_pos,size <5,49,0,0,0,0.0727003,9.8376,,316,,
dark,5,a_neg_reweighted_to_pos,size 5-10,37,0,0,0,0.094061,9.8376,,316,,
dark,5,a_neg_reweighted_to_pos,size 10-20,275,4,0.0145455,0.00567051,0.0367966,9.8376,,316,,
dark,5,a_neg_reweighted_to_pos,size 20-40,597,30,0.0502513,0.0354233,0.0708303,9.8376,,316,,
dark,5,a_neg_reweighted_to_pos,size >=40,277,51,0.184116,0.142901,0.233972,9.8376,,316,,
dark,5,a_neg_reweighted_to_pos,v3 hypo,585,35,0.0598291,0.0433302,0.0820713,9.8376,,316,,
dark,5,a_neg_reweighted_to_pos,v3 iso,461,35,0.0759219,0.0550937,0.10376,9.8376,,316,,
dark,5,a_neg_reweighted_to_pos,v3 hyper,189,15,0.0793651,0.0486835,0.126806,9.8376,,316,,
dark,5,a_neg_reweighted_to_pos,phase Arterial,260,17,0.0653846,0.0412199,0.102206,9.8376,,316,,
dark,5,a_neg_reweighted_to_pos,phase Delay,4,1,0.25,0.0455861,0.699364,9.8376,,316,,
dark,5,a_neg_reweighted_to_pos,phase Non-contrast,413,26,0.062954,0.04332,0.0906436,9.8376,,316,,
dark,5,a_neg_reweighted_to_pos,phase Venous,557,41,0.0736086,0.0547207,0.0983379,9.8376,,316,,
dark,5,a_neg_reweighted_to_pos,region head,825,61,0.0739394,0.0579904,0.0938379,9.8376,,316,,
dark,5,a_neg_reweighted_to_pos,region body,207,12,0.057971,0.0334691,0.0985808,9.8376,,316,,
dark,5,a_neg_reweighted_to_pos,region tail,195,12,0.0615385,0.0355492,0.10447,9.8376,,316,,
dark,5,a_neg_reweighted_to_pos,thickness <=1.5 mm,532,22,0.0413534,0.0274652,0.0618179,9.8376,,316,,
dark,5,a_neg_reweighted_to_pos,thickness 1.5-2.5 mm,426,44,0.103286,0.0778436,0.13582,9.8376,,316,,
dark,5,a_neg_reweighted_to_pos,thickness 2.5-5 mm,273,19,0.0695971,0.0450045,0.106135,9.8376,,316,,
dark,5,a_neg_reweighted_to_pos,thickness >5 mm,4,0,0,0,0.4899,9.8376,,316,,
dark,5,a_neg_reweighted_to_pos,tier abutting,174,10,0.0574713,0.0315131,0.102548,9.8376,,316,,
dark,5,a_neg_reweighted_to_pos,tier embedded,111,3,0.027027,0.00923347,0.0764637,9.8376,,316,,
dark,5,a_neg_reweighted_to_pos,tier inside,880,72,0.0818182,0.0654746,0.101797,9.8376,,316,,
dark,5,a_neg_reweighted_to_pos,tier separated,70,0,0,0,0.0520249,9.8376,,316,,
dark,5,a_neg_reweighted_to_pos,nnU-Net detected,659,66,0.100152,0.0794978,0.12544,9.8376,,316,,
dark,5,a_neg_reweighted_to_pos,nnU-Net missed,576,19,0.0329861,0.0212173,0.0509431,9.8376,,316,,
dark,5,a_neg_reweighted_to_pos,"nnU-Net missed, 10-20mm",204,3,0.0147059,0.00501362,0.0423378,9.8376,,316,,
dark,5,a_neg_reweighted_to_pos,"nnU-Net missed, TARGET",74,2,0.027027,0.0074432,0.0932947,9.8376,,316,,
dark,6,a_negatives,TARGET 10-20mm hypo/hyper enhanced,106,0,0,0,0.034974,3.60443,2.91123,316,0.00632911,
dark,6,a_negatives,10-20mm all,275,1,0.00363636,0.00064218,0.0203073,3.60443,2.91123,316,0.00632911,
dark,6,a_negatives,10-20mm enhanced,157,1,0.00636943,0.00112522,0.0351937,3.60443,2.91123,316,0.00632911,
dark,6,a_negatives,10-20mm iso(v3),99,1,0.010101,0.00178526,0.0550167,3.60443,2.91123,316,0.00632911,
dark,6,a_negatives,10-20mm iso within 5 HU,66,1,0.0151515,0.00267957,0.0809611,3.60443,2.91123,316,0.00632911,
dark,6,a_negatives,<10mm all,86,0,0,0,0.0427597,3.60443,2.91123,316,0.00632911,
dark,6,a_negatives,>=20mm all,874,37,0.0423341,0.0308673,0.0578065,3.60443,2.91123,316,0.00632911,
dark,6,a_negatives,all lesions,1235,38,0.0307692,0.0224983,0.0419503,3.60443,2.91123,316,0.00632911,
dark,6,a_negatives,"all, not separated",1165,38,0.032618,0.0238552,0.0444531,3.60443,2.91123,316,0.00632911,
dark,6,a_negatives,size <5,49,0,0,0,0.0727003,3.60443,2.91123,316,0.00632911,
dark,6,a_negatives,size 5-10,37,0,0,0,0.094061,3.60443,2.91123,316,0.00632911,
dark,6,a_negatives,size 10-20,275,1,0.00363636,0.00064218,0.0203073,3.60443,2.91123,316,0.00632911,
dark,6,a_negatives,size 20-40,597,11,0.0184255,0.0103189,0.0326901,3.60443,2.91123,316,0.00632911,
dark,6,a_negatives,size >=40,277,26,0.0938628,0.0648598,0.133977,3.60443,2.91123,316,0.00632911,
dark,6,a_negatives,v3 hypo,585,13,0.0222222,0.0130319,0.0376466,3.60443,2.91123,316,0.00632911,
dark,6,a_negatives,v3 iso,461,19,0.0412148,0.0265415,0.0634711,3.60443,2.91123,316,0.00632911,
dark,6,a_negatives,v3 hyper,189,6,0.031746,0.0146289,0.0675193,3.60443,2.91123,316,0.00632911,
dark,6,a_negatives,phase Arterial,260,9,0.0346154,0.018316,0.064467,3.60443,2.91123,316,0.00632911,
dark,6,a_negatives,phase Delay,4,0,0,0,0.4899,3.60443,2.91123,316,0.00632911,
dark,6,a_negatives,phase Non-contrast,413,12,0.0290557,0.0166976,0.0500942,3.60443,2.91123,316,0.00632911,
dark,6,a_negatives,phase Venous,557,17,0.0305206,0.0191413,0.0483316,3.60443,2.91123,316,0.00632911,
dark,6,a_negatives,region head,825,27,0.0327273,0.022588,0.0471981,3.60443,2.91123,316,0.00632911,
dark,6,a_negatives,region body,207,4,0.0193237,0.0075395,0.048624,3.60443,2.91123,316,0.00632911,
dark,6,a_negatives,region tail,195,7,0.0358974,0.0174953,0.0722324,3.60443,2.91123,316,0.00632911,
dark,6,a_negatives,thickness <=1.5 mm,532,12,0.0225564,0.0129493,0.0390094,3.60443,2.91123,316,0.00632911,
dark,6,a_negatives,thickness 1.5-2.5 mm,426,14,0.0328638,0.0196753,0.0544022,3.60443,2.91123,316,0.00632911,
dark,6,a_negatives,thickness 2.5-5 mm,273,12,0.043956,0.0253205,0.0752482,3.60443,2.91123,316,0.00632911,
dark,6,a_negatives,thickness >5 mm,4,0,0,0,0.4899,3.60443,2.91123,316,0.00632911,
dark,6,a_negatives,tier abutting,174,9,0.0517241,0.0274475,0.0953674,3.60443,2.91123,316,0.00632911,
dark,6,a_negatives,tier embedded,111,1,0.00900901,0.00159204,0.0492745,3.60443,2.91123,316,0.00632911,
dark,6,a_negatives,tier inside,880,28,0.0318182,0.0221042,0.0456021,3.60443,2.91123,316,0.00632911,
dark,6,a_negatives,tier separated,70,0,0,0,0.0520249,3.60443,2.91123,316,0.00632911,
dark,6,a_negatives,nnU-Net detected,659,30,0.0455235,0.0320713,0.0642437,3.60443,2.91123,316,0.00632911,
dark,6,a_negatives,nnU-Net missed,576,8,0.0138889,0.00705406,0.0271649,3.60443,2.91123,316,0.00632911,
dark,6,a_negatives,"nnU-Net missed, 10-20mm",204,1,0.00490196,0.000865819,0.0272402,3.60443,2.91123,316,0.00632911,
dark,6,a_negatives,"nnU-Net missed, TARGET",74,0,0,0,0.0493515,3.60443,2.91123,316,0.00632911,
dark,6,b_positives_nontumor,TARGET 10-20mm hypo/hyper enhanced,106,0,0,0,0.034974,2.93578,2.89978,981,0,
dark,6,b_positives_nontumor,10-20mm all,275,1,0.00363636,0.00064218,0.0203073,2.93578,2.89978,981,0,
dark,6,b_positives_nontumor,10-20mm enhanced,157,1,0.00636943,0.00112522,0.0351937,2.93578,2.89978,981,0,
dark,6,b_positives_nontumor,10-20mm iso(v3),99,1,0.010101,0.00178526,0.0550167,2.93578,2.89978,981,0,
dark,6,b_positives_nontumor,10-20mm iso within 5 HU,66,1,0.0151515,0.00267957,0.0809611,2.93578,2.89978,981,0,
dark,6,b_positives_nontumor,<10mm all,86,0,0,0,0.0427597,2.93578,2.89978,981,0,
dark,6,b_positives_nontumor,>=20mm all,874,37,0.0423341,0.0308673,0.0578065,2.93578,2.89978,981,0,
dark,6,b_positives_nontumor,all lesions,1235,38,0.0307692,0.0224983,0.0419503,2.93578,2.89978,981,0,
dark,6,b_positives_nontumor,"all, not separated",1165,38,0.032618,0.0238552,0.0444531,2.93578,2.89978,981,0,
dark,6,b_positives_nontumor,size <5,49,0,0,0,0.0727003,2.93578,2.89978,981,0,
dark,6,b_positives_nontumor,size 5-10,37,0,0,0,0.094061,2.93578,2.89978,981,0,
dark,6,b_positives_nontumor,size 10-20,275,1,0.00363636,0.00064218,0.0203073,2.93578,2.89978,981,0,
dark,6,b_positives_nontumor,size 20-40,597,11,0.0184255,0.0103189,0.0326901,2.93578,2.89978,981,0,
dark,6,b_positives_nontumor,size >=40,277,26,0.0938628,0.0648598,0.133977,2.93578,2.89978,981,0,
dark,6,b_positives_nontumor,v3 hypo,585,13,0.0222222,0.0130319,0.0376466,2.93578,2.89978,981,0,
dark,6,b_positives_nontumor,v3 iso,461,19,0.0412148,0.0265415,0.0634711,2.93578,2.89978,981,0,
dark,6,b_positives_nontumor,v3 hyper,189,6,0.031746,0.0146289,0.0675193,2.93578,2.89978,981,0,
dark,6,b_positives_nontumor,phase Arterial,260,9,0.0346154,0.018316,0.064467,2.93578,2.89978,981,0,
dark,6,b_positives_nontumor,phase Delay,4,0,0,0,0.4899,2.93578,2.89978,981,0,
dark,6,b_positives_nontumor,phase Non-contrast,413,12,0.0290557,0.0166976,0.0500942,2.93578,2.89978,981,0,
dark,6,b_positives_nontumor,phase Venous,557,17,0.0305206,0.0191413,0.0483316,2.93578,2.89978,981,0,
dark,6,b_positives_nontumor,region head,825,27,0.0327273,0.022588,0.0471981,2.93578,2.89978,981,0,
dark,6,b_positives_nontumor,region body,207,4,0.0193237,0.0075395,0.048624,2.93578,2.89978,981,0,
dark,6,b_positives_nontumor,region tail,195,7,0.0358974,0.0174953,0.0722324,2.93578,2.89978,981,0,
dark,6,b_positives_nontumor,thickness <=1.5 mm,532,12,0.0225564,0.0129493,0.0390094,2.93578,2.89978,981,0,
dark,6,b_positives_nontumor,thickness 1.5-2.5 mm,426,14,0.0328638,0.0196753,0.0544022,2.93578,2.89978,981,0,
dark,6,b_positives_nontumor,thickness 2.5-5 mm,273,12,0.043956,0.0253205,0.0752482,2.93578,2.89978,981,0,
dark,6,b_positives_nontumor,thickness >5 mm,4,0,0,0,0.4899,2.93578,2.89978,981,0,
dark,6,b_positives_nontumor,tier abutting,174,9,0.0517241,0.0274475,0.0953674,2.93578,2.89978,981,0,
dark,6,b_positives_nontumor,tier embedded,111,1,0.00900901,0.00159204,0.0492745,2.93578,2.89978,981,0,
dark,6,b_positives_nontumor,tier inside,880,28,0.0318182,0.0221042,0.0456021,2.93578,2.89978,981,0,
dark,6,b_positives_nontumor,tier separated,70,0,0,0,0.0520249,2.93578,2.89978,981,0,
dark,6,b_positives_nontumor,nnU-Net detected,659,30,0.0455235,0.0320713,0.0642437,2.93578,2.89978,981,0,
dark,6,b_positives_nontumor,nnU-Net missed,576,8,0.0138889,0.00705406,0.0271649,2.93578,2.89978,981,0,
dark,6,b_positives_nontumor,"nnU-Net missed, 10-20mm",204,1,0.00490196,0.000865819,0.0272402,2.93578,2.89978,981,0,
dark,6,b_positives_nontumor,"nnU-Net missed, TARGET",74,0,0,0,0.0493515,2.93578,2.89978,981,0,
dark,6,a_neg_reweighted_to_pos,TARGET 10-20mm hypo/hyper enhanced,106,0,0,0,0.034974,3.8207,,316,,
dark,6,a_neg_reweighted_to_pos,10-20mm all,275,1,0.00363636,0.00064218,0.0203073,3.8207,,316,,
dark,6,a_neg_reweighted_to_pos,10-20mm enhanced,157,1,0.00636943,0.00112522,0.0351937,3.8207,,316,,
dark,6,a_neg_reweighted_to_pos,10-20mm iso(v3),99,1,0.010101,0.00178526,0.0550167,3.8207,,316,,
dark,6,a_neg_reweighted_to_pos,10-20mm iso within 5 HU,66,1,0.0151515,0.00267957,0.0809611,3.8207,,316,,
dark,6,a_neg_reweighted_to_pos,<10mm all,86,0,0,0,0.0427597,3.8207,,316,,
dark,6,a_neg_reweighted_to_pos,>=20mm all,874,37,0.0423341,0.0308673,0.0578065,3.8207,,316,,
dark,6,a_neg_reweighted_to_pos,all lesions,1235,38,0.0307692,0.0224983,0.0419503,3.8207,,316,,
dark,6,a_neg_reweighted_to_pos,"all, not separated",1165,38,0.032618,0.0238552,0.0444531,3.8207,,316,,
dark,6,a_neg_reweighted_to_pos,size <5,49,0,0,0,0.0727003,3.8207,,316,,
dark,6,a_neg_reweighted_to_pos,size 5-10,37,0,0,0,0.094061,3.8207,,316,,
dark,6,a_neg_reweighted_to_pos,size 10-20,275,1,0.00363636,0.00064218,0.0203073,3.8207,,316,,
dark,6,a_neg_reweighted_to_pos,size 20-40,597,11,0.0184255,0.0103189,0.0326901,3.8207,,316,,
dark,6,a_neg_reweighted_to_pos,size >=40,277,26,0.0938628,0.0648598,0.133977,3.8207,,316,,
dark,6,a_neg_reweighted_to_pos,v3 hypo,585,13,0.0222222,0.0130319,0.0376466,3.8207,,316,,
dark,6,a_neg_reweighted_to_pos,v3 iso,461,19,0.0412148,0.0265415,0.0634711,3.8207,,316,,
dark,6,a_neg_reweighted_to_pos,v3 hyper,189,6,0.031746,0.0146289,0.0675193,3.8207,,316,,
dark,6,a_neg_reweighted_to_pos,phase Arterial,260,9,0.0346154,0.018316,0.064467,3.8207,,316,,
dark,6,a_neg_reweighted_to_pos,phase Delay,4,0,0,0,0.4899,3.8207,,316,,
dark,6,a_neg_reweighted_to_pos,phase Non-contrast,413,12,0.0290557,0.0166976,0.0500942,3.8207,,316,,
dark,6,a_neg_reweighted_to_pos,phase Venous,557,17,0.0305206,0.0191413,0.0483316,3.8207,,316,,
dark,6,a_neg_reweighted_to_pos,region head,825,27,0.0327273,0.022588,0.0471981,3.8207,,316,,
dark,6,a_neg_reweighted_to_pos,region body,207,4,0.0193237,0.0075395,0.048624,3.8207,,316,,
dark,6,a_neg_reweighted_to_pos,region tail,195,7,0.0358974,0.0174953,0.0722324,3.8207,,316,,
dark,6,a_neg_reweighted_to_pos,thickness <=1.5 mm,532,12,0.0225564,0.0129493,0.0390094,3.8207,,316,,
dark,6,a_neg_reweighted_to_pos,thickness 1.5-2.5 mm,426,14,0.0328638,0.0196753,0.0544022,3.8207,,316,,
dark,6,a_neg_reweighted_to_pos,thickness 2.5-5 mm,273,12,0.043956,0.0253205,0.0752482,3.8207,,316,,
dark,6,a_neg_reweighted_to_pos,thickness >5 mm,4,0,0,0,0.4899,3.8207,,316,,
dark,6,a_neg_reweighted_to_pos,tier abutting,174,9,0.0517241,0.0274475,0.0953674,3.8207,,316,,
dark,6,a_neg_reweighted_to_pos,tier embedded,111,1,0.00900901,0.00159204,0.0492745,3.8207,,316,,
dark,6,a_neg_reweighted_to_pos,tier inside,880,28,0.0318182,0.0221042,0.0456021,3.8207,,316,,
dark,6,a_neg_reweighted_to_pos,tier separated,70,0,0,0,0.0520249,3.8207,,316,,
dark,6,a_neg_reweighted_to_pos,nnU-Net detected,659,30,0.0455235,0.0320713,0.0642437,3.8207,,316,,
dark,6,a_neg_reweighted_to_pos,nnU-Net missed,576,8,0.0138889,0.00705406,0.0271649,3.8207,,316,,
dark,6,a_neg_reweighted_to_pos,"nnU-Net missed, 10-20mm",204,1,0.00490196,0.000865819,0.0272402,3.8207,,316,,
dark,6,a_neg_reweighted_to_pos,"nnU-Net missed, TARGET",74,0,0,0,0.0493515,3.8207,,316,,
dark,8,a_negatives,TARGET 10-20mm hypo/hyper enhanced,106,0,0,0,0.034974,0.670886,0.541861,316,0,
dark,8,a_negatives,10-20mm all,275,0,0,0,0.013777,0.670886,0.541861,316,0,
dark,8,a_negatives,10-20mm enhanced,157,0,0,0,0.0238844,0.670886,0.541861,316,0,
dark,8,a_negatives,10-20mm iso(v3),99,0,0,0,0.0373545,0.670886,0.541861,316,0,
dark,8,a_negatives,10-20mm iso within 5 HU,66,0,0,0,0.0550045,0.670886,0.541861,316,0,
dark,8,a_negatives,<10mm all,86,0,0,0,0.0427597,0.670886,0.541861,316,0,
dark,8,a_negatives,>=20mm all,874,9,0.0102975,0.00542679,0.0194542,0.670886,0.541861,316,0,
dark,8,a_negatives,all lesions,1235,9,0.00728745,0.0038386,0.0137921,0.670886,0.541861,316,0,
dark,8,a_negatives,"all, not separated",1165,9,0.00772532,0.00406954,0.014617,0.670886,0.541861,316,0,
dark,8,a_negatives,size <5,49,0,0,0,0.0727003,0.670886,0.541861,316,0,
dark,8,a_negatives,size 5-10,37,0,0,0,0.094061,0.670886,0.541861,316,0,
dark,8,a_negatives,size 10-20,275,0,0,0,0.013777,0.670886,0.541861,316,0,
dark,8,a_negatives,size 20-40,597,4,0.00670017,0.00260852,0.0170998,0.670886,0.541861,316,0,
dark,8,a_negatives,size >=40,277,5,0.0180505,0.00773403,0.0415521,0.670886,0.541861,316,0,
dark,8,a_negatives,v3 hypo,585,2,0.0034188,0.000938041,0.012379,0.670886,0.541861,316,0,
dark,8,a_negatives,v3 iso,461,4,0.00867679,0.00337921,0.0220953,0.670886,0.541861,316,0,
dark,8,a_negatives,v3 hyper,189,3,0.015873,0.00541259,0.045622,0.670886,0.541861,316,0,
dark,8,a_negatives,phase Arterial,260,2,0.00769231,0.002112,0.0276089,0.670886,0.541861,316,0,
dark,8,a_negatives,phase Delay,4,0,0,0,0.4899,0.670886,0.541861,316,0,
dark,8,a_negatives,phase Non-contrast,413,3,0.00726392,0.00247336,0.0211366,0.670886,0.541861,316,0,
dark,8,a_negatives,phase Venous,557,4,0.00718133,0.00279607,0.0183179,0.670886,0.541861,316,0,
dark,8,a_negatives,region head,825,5,0.00606061,0.00259139,0.0141085,0.670886,0.541861,316,0,
dark,8,a_negatives,region body,207,1,0.00483092,0.000853263,0.0268528,0.670886,0.541861,316,0,
dark,8,a_negatives,region tail,195,3,0.0153846,0.00524562,0.0442491,0.670886,0.541861,316,0,
dark,8,a_negatives,thickness <=1.5 mm,532,3,0.0056391,0.00191958,0.016447,0.670886,0.541861,316,0,
dark,8,a_negatives,thickness 1.5-2.5 mm,426,3,0.00704225,0.00239779,0.0204981,0.670886,0.541861,316,0,
dark,8,a_negatives,thickness 2.5-5 mm,273,3,0.010989,0.00374409,0.0318055,0.670886,0.541861,316,0,
dark,8,a_negatives,thickness >5 mm,4,0,0,0,0.4899,0.670886,0.541861,316,0,
dark,8,a_negatives,tier abutting,174,2,0.0114943,0.00315775,0.0409354,0.670886,0.541861,316,0,
dark,8,a_negatives,tier embedded,111,0,0,0,0.0334513,0.670886,0.541861,316,0,
dark,8,a_negatives,tier inside,880,7,0.00795455,0.00385838,0.016328,0.670886,0.541861,316,0,
dark,8,a_negatives,tier separated,70,0,0,0,0.0520249,0.670886,0.541861,316,0,
dark,8,a_negatives,nnU-Net detected,659,6,0.0091047,0.0041792,0.0197203,0.670886,0.541861,316,0,
dark,8,a_negatives,nnU-Net missed,576,3,0.00520833,0.00177282,0.0152001,0.670886,0.541861,316,0,
dark,8,a_negatives,"nnU-Net missed, 10-20mm",204,0,0,0,0.0184833,0.670886,0.541861,316,0,
dark,8,a_negatives,"nnU-Net missed, TARGET",74,0,0,0,0.0493515,0.670886,0.541861,316,0,
dark,8,b_positives_nontumor,TARGET 10-20mm hypo/hyper enhanced,106,0,0,0,0.034974,0.485219,0.479268,981,0,
dark,8,b_positives_nontumor,10-20mm all,275,0,0,0,0.013777,0.485219,0.479268,981,0,
dark,8,b_positives_nontumor,10-20mm enhanced,157,0,0,0,0.0238844,0.485219,0.479268,981,0,
dark,8,b_positives_nontumor,10-20mm iso(v3),99,0,0,0,0.0373545,0.485219,0.479268,981,0,
dark,8,b_positives_nontumor,10-20mm iso within 5 HU,66,0,0,0,0.0550045,0.485219,0.479268,981,0,
dark,8,b_positives_nontumor,<10mm all,86,0,0,0,0.0427597,0.485219,0.479268,981,0,
dark,8,b_positives_nontumor,>=20mm all,874,9,0.0102975,0.00542679,0.0194542,0.485219,0.479268,981,0,
dark,8,b_positives_nontumor,all lesions,1235,9,0.00728745,0.0038386,0.0137921,0.485219,0.479268,981,0,
dark,8,b_positives_nontumor,"all, not separated",1165,9,0.00772532,0.00406954,0.014617,0.485219,0.479268,981,0,
dark,8,b_positives_nontumor,size <5,49,0,0,0,0.0727003,0.485219,0.479268,981,0,
dark,8,b_positives_nontumor,size 5-10,37,0,0,0,0.094061,0.485219,0.479268,981,0,
dark,8,b_positives_nontumor,size 10-20,275,0,0,0,0.013777,0.485219,0.479268,981,0,
dark,8,b_positives_nontumor,size 20-40,597,4,0.00670017,0.00260852,0.0170998,0.485219,0.479268,981,0,
dark,8,b_positives_nontumor,size >=40,277,5,0.0180505,0.00773403,0.0415521,0.485219,0.479268,981,0,
dark,8,b_positives_nontumor,v3 hypo,585,2,0.0034188,0.000938041,0.012379,0.485219,0.479268,981,0,
dark,8,b_positives_nontumor,v3 iso,461,4,0.00867679,0.00337921,0.0220953,0.485219,0.479268,981,0,
dark,8,b_positives_nontumor,v3 hyper,189,3,0.015873,0.00541259,0.045622,0.485219,0.479268,981,0,
dark,8,b_positives_nontumor,phase Arterial,260,2,0.00769231,0.002112,0.0276089,0.485219,0.479268,981,0,
dark,8,b_positives_nontumor,phase Delay,4,0,0,0,0.4899,0.485219,0.479268,981,0,
dark,8,b_positives_nontumor,phase Non-contrast,413,3,0.00726392,0.00247336,0.0211366,0.485219,0.479268,981,0,
dark,8,b_positives_nontumor,phase Venous,557,4,0.00718133,0.00279607,0.0183179,0.485219,0.479268,981,0,
dark,8,b_positives_nontumor,region head,825,5,0.00606061,0.00259139,0.0141085,0.485219,0.479268,981,0,
dark,8,b_positives_nontumor,region body,207,1,0.00483092,0.000853263,0.0268528,0.485219,0.479268,981,0,
dark,8,b_positives_nontumor,region tail,195,3,0.0153846,0.00524562,0.0442491,0.485219,0.479268,981,0,
dark,8,b_positives_nontumor,thickness <=1.5 mm,532,3,0.0056391,0.00191958,0.016447,0.485219,0.479268,981,0,
dark,8,b_positives_nontumor,thickness 1.5-2.5 mm,426,3,0.00704225,0.00239779,0.0204981,0.485219,0.479268,981,0,
dark,8,b_positives_nontumor,thickness 2.5-5 mm,273,3,0.010989,0.00374409,0.0318055,0.485219,0.479268,981,0,
dark,8,b_positives_nontumor,thickness >5 mm,4,0,0,0,0.4899,0.485219,0.479268,981,0,
dark,8,b_positives_nontumor,tier abutting,174,2,0.0114943,0.00315775,0.0409354,0.485219,0.479268,981,0,
dark,8,b_positives_nontumor,tier embedded,111,0,0,0,0.0334513,0.485219,0.479268,981,0,
dark,8,b_positives_nontumor,tier inside,880,7,0.00795455,0.00385838,0.016328,0.485219,0.479268,981,0,
dark,8,b_positives_nontumor,tier separated,70,0,0,0,0.0520249,0.485219,0.479268,981,0,
dark,8,b_positives_nontumor,nnU-Net detected,659,6,0.0091047,0.0041792,0.0197203,0.485219,0.479268,981,0,
dark,8,b_positives_nontumor,nnU-Net missed,576,3,0.00520833,0.00177282,0.0152001,0.485219,0.479268,981,0,
dark,8,b_positives_nontumor,"nnU-Net missed, 10-20mm",204,0,0,0,0.0184833,0.485219,0.479268,981,0,
dark,8,b_positives_nontumor,"nnU-Net missed, TARGET",74,0,0,0,0.0493515,0.485219,0.479268,981,0,
dark,8,a_neg_reweighted_to_pos,TARGET 10-20mm hypo/hyper enhanced,106,0,0,0,0.034974,0.727702,,316,,
dark,8,a_neg_reweighted_to_pos,10-20mm all,275,0,0,0,0.013777,0.727702,,316,,
dark,8,a_neg_reweighted_to_pos,10-20mm enhanced,157,0,0,0,0.0238844,0.727702,,316,,
dark,8,a_neg_reweighted_to_pos,10-20mm iso(v3),99,0,0,0,0.0373545,0.727702,,316,,
dark,8,a_neg_reweighted_to_pos,10-20mm iso within 5 HU,66,0,0,0,0.0550045,0.727702,,316,,
dark,8,a_neg_reweighted_to_pos,<10mm all,86,0,0,0,0.0427597,0.727702,,316,,
dark,8,a_neg_reweighted_to_pos,>=20mm all,874,9,0.0102975,0.00542679,0.0194542,0.727702,,316,,
dark,8,a_neg_reweighted_to_pos,all lesions,1235,9,0.00728745,0.0038386,0.0137921,0.727702,,316,,
dark,8,a_neg_reweighted_to_pos,"all, not separated",1165,9,0.00772532,0.00406954,0.014617,0.727702,,316,,
dark,8,a_neg_reweighted_to_pos,size <5,49,0,0,0,0.0727003,0.727702,,316,,
dark,8,a_neg_reweighted_to_pos,size 5-10,37,0,0,0,0.094061,0.727702,,316,,
dark,8,a_neg_reweighted_to_pos,size 10-20,275,0,0,0,0.013777,0.727702,,316,,
dark,8,a_neg_reweighted_to_pos,size 20-40,597,4,0.00670017,0.00260852,0.0170998,0.727702,,316,,
dark,8,a_neg_reweighted_to_pos,size >=40,277,5,0.0180505,0.00773403,0.0415521,0.727702,,316,,
dark,8,a_neg_reweighted_to_pos,v3 hypo,585,2,0.0034188,0.000938041,0.012379,0.727702,,316,,
dark,8,a_neg_reweighted_to_pos,v3 iso,461,4,0.00867679,0.00337921,0.0220953,0.727702,,316,,
dark,8,a_neg_reweighted_to_pos,v3 hyper,189,3,0.015873,0.00541259,0.045622,0.727702,,316,,
dark,8,a_neg_reweighted_to_pos,phase Arterial,260,2,0.00769231,0.002112,0.0276089,0.727702,,316,,
dark,8,a_neg_reweighted_to_pos,phase Delay,4,0,0,0,0.4899,0.727702,,316,,
dark,8,a_neg_reweighted_to_pos,phase Non-contrast,413,3,0.00726392,0.00247336,0.0211366,0.727702,,316,,
dark,8,a_neg_reweighted_to_pos,phase Venous,557,4,0.00718133,0.00279607,0.0183179,0.727702,,316,,
dark,8,a_neg_reweighted_to_pos,region head,825,5,0.00606061,0.00259139,0.0141085,0.727702,,316,,
dark,8,a_neg_reweighted_to_pos,region body,207,1,0.00483092,0.000853263,0.0268528,0.727702,,316,,
dark,8,a_neg_reweighted_to_pos,region tail,195,3,0.0153846,0.00524562,0.0442491,0.727702,,316,,
dark,8,a_neg_reweighted_to_pos,thickness <=1.5 mm,532,3,0.0056391,0.00191958,0.016447,0.727702,,316,,
dark,8,a_neg_reweighted_to_pos,thickness 1.5-2.5 mm,426,3,0.00704225,0.00239779,0.0204981,0.727702,,316,,
dark,8,a_neg_reweighted_to_pos,thickness 2.5-5 mm,273,3,0.010989,0.00374409,0.0318055,0.727702,,316,,
dark,8,a_neg_reweighted_to_pos,thickness >5 mm,4,0,0,0,0.4899,0.727702,,316,,
dark,8,a_neg_reweighted_to_pos,tier abutting,174,2,0.0114943,0.00315775,0.0409354,0.727702,,316,,
dark,8,a_neg_reweighted_to_pos,tier embedded,111,0,0,0,0.0334513,0.727702,,316,,
dark,8,a_neg_reweighted_to_pos,tier inside,880,7,0.00795455,0.00385838,0.016328,0.727702,,316,,
dark,8,a_neg_reweighted_to_pos,tier separated,70,0,0,0,0.0520249,0.727702,,316,,
dark,8,a_neg_reweighted_to_pos,nnU-Net detected,659,6,0.0091047,0.0041792,0.0197203,0.727702,,316,,
dark,8,a_neg_reweighted_to_pos,nnU-Net missed,576,3,0.00520833,0.00177282,0.0152001,0.727702,,316,,
dark,8,a_neg_reweighted_to_pos,"nnU-Net missed, 10-20mm",204,0,0,0,0.0184833,0.727702,,316,,
dark,8,a_neg_reweighted_to_pos,"nnU-Net missed, TARGET",74,0,0,0,0.0493515,0.727702,,316,,
dark,10,a_negatives,TARGET 10-20mm hypo/hyper enhanced,106,0,0,0,0.034974,0.123418,0.099682,316,0,
dark,10,a_negatives,10-20mm all,275,0,0,0,0.013777,0.123418,0.099682,316,0,
dark,10,a_negatives,10-20mm enhanced,157,0,0,0,0.0238844,0.123418,0.099682,316,0,
dark,10,a_negatives,10-20mm iso(v3),99,0,0,0,0.0373545,0.123418,0.099682,316,0,
dark,10,a_negatives,10-20mm iso within 5 HU,66,0,0,0,0.0550045,0.123418,0.099682,316,0,
dark,10,a_negatives,<10mm all,86,0,0,0,0.0427597,0.123418,0.099682,316,0,
dark,10,a_negatives,>=20mm all,874,2,0.00228833,0.000627754,0.00830507,0.123418,0.099682,316,0,
dark,10,a_negatives,all lesions,1235,2,0.00161943,0.00044421,0.00588557,0.123418,0.099682,316,0,
dark,10,a_negatives,"all, not separated",1165,2,0.00171674,0.000470908,0.00623796,0.123418,0.099682,316,0,
dark,10,a_negatives,size <5,49,0,0,0,0.0727003,0.123418,0.099682,316,0,
dark,10,a_negatives,size 5-10,37,0,0,0,0.094061,0.123418,0.099682,316,0,
dark,10,a_negatives,size 10-20,275,0,0,0,0.013777,0.123418,0.099682,316,0,
dark,10,a_negatives,size 20-40,597,0,0,0,0.0063937,0.123418,0.099682,316,0,
dark,10,a_negatives,size >=40,277,2,0.00722022,0.00198224,0.0259395,0.123418,0.099682,316,0,
dark,10,a_negatives,v3 hypo,585,1,0.0017094,0.000301807,0.00961869,0.123418,0.099682,316,0,
dark,10,a_negatives,v3 iso,461,1,0.0021692,0.000383009,0.0121839,0.123418,0.099682,316,0,
dark,10,a_negatives,v3 hyper,189,0,0,0,0.019921,0.123418,0.099682,316,0,
dark,10,a_negatives,phase Arterial,260,1,0.00384615,0.000679246,0.0214613,0.123418,0.099682,316,0,
dark,10,a_negatives,phase Delay,4,0,0,0,0.4899,0.123418,0.099682,316,0,
dark,10,a_negatives,phase Non-contrast,413,1,0.00242131,0.000427537,0.0135864,0.123418,0.099682,316,0,
dark,10,a_negatives,phase Venous,557,0,0,0,0.00684971,0.123418,0.099682,316,0,
dark,10,a_negatives,region head,825,0,0,0,0.0046349,0.123418,0.099682,316,0,
dark,10,a_negatives,region body,207,0,0,0,0.0182203,0.123418,0.099682,316,0,
dark,10,a_negatives,region tail,195,2,0.0102564,0.00281714,0.0366193,0.123418,0.099682,316,0,
dark,10,a_negatives,thickness <=1.5 mm,532,0,0,0,0.00716928,0.123418,0.099682,316,0,
dark,10,a_negatives,thickness 1.5-2.5 mm,426,0,0,0,0.00893725,0.123418,0.099682,316,0,
dark,10,a_negatives,thickness 2.5-5 mm,273,2,0.00732601,0.00201132,0.0263139,0.123418,0.099682,316,0,
dark,10,a_negatives,thickness >5 mm,4,0,0,0,0.4899,0.123418,0.099682,316,0,
dark,10,a_negatives,tier abutting,174,2,0.0114943,0.00315775,0.0409354,0.123418,0.099682,316,0,
dark,10,a_negatives,tier embedded,111,0,0,0,0.0334513,0.123418,0.099682,316,0,
dark,10,a_negatives,tier inside,880,0,0,0,0.00434648,0.123418,0.099682,316,0,
dark,10,a_negatives,tier separated,70,0,0,0,0.0520249,0.123418,0.099682,316,0,
dark,10,a_negatives,nnU-Net detected,659,1,0.00151745,0.000267911,0.00854505,0.123418,0.099682,316,0,
dark,10,a_negatives,nnU-Net missed,576,1,0.00173611,0.000306524,0.00976795,0.123418,0.099682,316,0,
dark,10,a_negatives,"nnU-Net missed, 10-20mm",204,0,0,0,0.0184833,0.123418,0.099682,316,0,
dark,10,a_negatives,"nnU-Net missed, TARGET",74,0,0,0,0.0493515,0.123418,0.099682,316,0,
dark,10,b_positives_nontumor,TARGET 10-20mm hypo/hyper enhanced,106,0,0,0,0.034974,0.131498,0.129886,981,0,
dark,10,b_positives_nontumor,10-20mm all,275,0,0,0,0.013777,0.131498,0.129886,981,0,
dark,10,b_positives_nontumor,10-20mm enhanced,157,0,0,0,0.0238844,0.131498,0.129886,981,0,
dark,10,b_positives_nontumor,10-20mm iso(v3),99,0,0,0,0.0373545,0.131498,0.129886,981,0,
dark,10,b_positives_nontumor,10-20mm iso within 5 HU,66,0,0,0,0.0550045,0.131498,0.129886,981,0,
dark,10,b_positives_nontumor,<10mm all,86,0,0,0,0.0427597,0.131498,0.129886,981,0,
dark,10,b_positives_nontumor,>=20mm all,874,2,0.00228833,0.000627754,0.00830507,0.131498,0.129886,981,0,
dark,10,b_positives_nontumor,all lesions,1235,2,0.00161943,0.00044421,0.00588557,0.131498,0.129886,981,0,
dark,10,b_positives_nontumor,"all, not separated",1165,2,0.00171674,0.000470908,0.00623796,0.131498,0.129886,981,0,
dark,10,b_positives_nontumor,size <5,49,0,0,0,0.0727003,0.131498,0.129886,981,0,
dark,10,b_positives_nontumor,size 5-10,37,0,0,0,0.094061,0.131498,0.129886,981,0,
dark,10,b_positives_nontumor,size 10-20,275,0,0,0,0.013777,0.131498,0.129886,981,0,
dark,10,b_positives_nontumor,size 20-40,597,0,0,0,0.0063937,0.131498,0.129886,981,0,
dark,10,b_positives_nontumor,size >=40,277,2,0.00722022,0.00198224,0.0259395,0.131498,0.129886,981,0,
dark,10,b_positives_nontumor,v3 hypo,585,1,0.0017094,0.000301807,0.00961869,0.131498,0.129886,981,0,
dark,10,b_positives_nontumor,v3 iso,461,1,0.0021692,0.000383009,0.0121839,0.131498,0.129886,981,0,
dark,10,b_positives_nontumor,v3 hyper,189,0,0,0,0.019921,0.131498,0.129886,981,0,
dark,10,b_positives_nontumor,phase Arterial,260,1,0.00384615,0.000679246,0.0214613,0.131498,0.129886,981,0,
dark,10,b_positives_nontumor,phase Delay,4,0,0,0,0.4899,0.131498,0.129886,981,0,
dark,10,b_positives_nontumor,phase Non-contrast,413,1,0.00242131,0.000427537,0.0135864,0.131498,0.129886,981,0,
dark,10,b_positives_nontumor,phase Venous,557,0,0,0,0.00684971,0.131498,0.129886,981,0,
dark,10,b_positives_nontumor,region head,825,0,0,0,0.0046349,0.131498,0.129886,981,0,
dark,10,b_positives_nontumor,region body,207,0,0,0,0.0182203,0.131498,0.129886,981,0,
dark,10,b_positives_nontumor,region tail,195,2,0.0102564,0.00281714,0.0366193,0.131498,0.129886,981,0,
dark,10,b_positives_nontumor,thickness <=1.5 mm,532,0,0,0,0.00716928,0.131498,0.129886,981,0,
dark,10,b_positives_nontumor,thickness 1.5-2.5 mm,426,0,0,0,0.00893725,0.131498,0.129886,981,0,
dark,10,b_positives_nontumor,thickness 2.5-5 mm,273,2,0.00732601,0.00201132,0.0263139,0.131498,0.129886,981,0,
dark,10,b_positives_nontumor,thickness >5 mm,4,0,0,0,0.4899,0.131498,0.129886,981,0,
dark,10,b_positives_nontumor,tier abutting,174,2,0.0114943,0.00315775,0.0409354,0.131498,0.129886,981,0,
dark,10,b_positives_nontumor,tier embedded,111,0,0,0,0.0334513,0.131498,0.129886,981,0,
dark,10,b_positives_nontumor,tier inside,880,0,0,0,0.00434648,0.131498,0.129886,981,0,
dark,10,b_positives_nontumor,tier separated,70,0,0,0,0.0520249,0.131498,0.129886,981,0,
dark,10,b_positives_nontumor,nnU-Net detected,659,1,0.00151745,0.000267911,0.00854505,0.131498,0.129886,981,0,
dark,10,b_positives_nontumor,nnU-Net missed,576,1,0.00173611,0.000306524,0.00976795,0.131498,0.129886,981,0,
dark,10,b_positives_nontumor,"nnU-Net missed, 10-20mm",204,0,0,0,0.0184833,0.131498,0.129886,981,0,
dark,10,b_positives_nontumor,"nnU-Net missed, TARGET",74,0,0,0,0.0493515,0.131498,0.129886,981,0,
dark,10,a_neg_reweighted_to_pos,TARGET 10-20mm hypo/hyper enhanced,106,0,0,0,0.034974,0.143179,,316,,
dark,10,a_neg_reweighted_to_pos,10-20mm all,275,0,0,0,0.013777,0.143179,,316,,
dark,10,a_neg_reweighted_to_pos,10-20mm enhanced,157,0,0,0,0.0238844,0.143179,,316,,
dark,10,a_neg_reweighted_to_pos,10-20mm iso(v3),99,0,0,0,0.0373545,0.143179,,316,,
dark,10,a_neg_reweighted_to_pos,10-20mm iso within 5 HU,66,0,0,0,0.0550045,0.143179,,316,,
dark,10,a_neg_reweighted_to_pos,<10mm all,86,0,0,0,0.0427597,0.143179,,316,,
dark,10,a_neg_reweighted_to_pos,>=20mm all,874,2,0.00228833,0.000627754,0.00830507,0.143179,,316,,
dark,10,a_neg_reweighted_to_pos,all lesions,1235,2,0.00161943,0.00044421,0.00588557,0.143179,,316,,
dark,10,a_neg_reweighted_to_pos,"all, not separated",1165,2,0.00171674,0.000470908,0.00623796,0.143179,,316,,
dark,10,a_neg_reweighted_to_pos,size <5,49,0,0,0,0.0727003,0.143179,,316,,
dark,10,a_neg_reweighted_to_pos,size 5-10,37,0,0,0,0.094061,0.143179,,316,,
dark,10,a_neg_reweighted_to_pos,size 10-20,275,0,0,0,0.013777,0.143179,,316,,
dark,10,a_neg_reweighted_to_pos,size 20-40,597,0,0,0,0.0063937,0.143179,,316,,
dark,10,a_neg_reweighted_to_pos,size >=40,277,2,0.00722022,0.00198224,0.0259395,0.143179,,316,,
dark,10,a_neg_reweighted_to_pos,v3 hypo,585,1,0.0017094,0.000301807,0.00961869,0.143179,,316,,
dark,10,a_neg_reweighted_to_pos,v3 iso,461,1,0.0021692,0.000383009,0.0121839,0.143179,,316,,
dark,10,a_neg_reweighted_to_pos,v3 hyper,189,0,0,0,0.019921,0.143179,,316,,
dark,10,a_neg_reweighted_to_pos,phase Arterial,260,1,0.00384615,0.000679246,0.0214613,0.143179,,316,,
dark,10,a_neg_reweighted_to_pos,phase Delay,4,0,0,0,0.4899,0.143179,,316,,
dark,10,a_neg_reweighted_to_pos,phase Non-contrast,413,1,0.00242131,0.000427537,0.0135864,0.143179,,316,,
dark,10,a_neg_reweighted_to_pos,phase Venous,557,0,0,0,0.00684971,0.143179,,316,,
dark,10,a_neg_reweighted_to_pos,region head,825,0,0,0,0.0046349,0.143179,,316,,
dark,10,a_neg_reweighted_to_pos,region body,207,0,0,0,0.0182203,0.143179,,316,,
dark,10,a_neg_reweighted_to_pos,region tail,195,2,0.0102564,0.00281714,0.0366193,0.143179,,316,,
dark,10,a_neg_reweighted_to_pos,thickness <=1.5 mm,532,0,0,0,0.00716928,0.143179,,316,,
dark,10,a_neg_reweighted_to_pos,thickness 1.5-2.5 mm,426,0,0,0,0.00893725,0.143179,,316,,
dark,10,a_neg_reweighted_to_pos,thickness 2.5-5 mm,273,2,0.00732601,0.00201132,0.0263139,0.143179,,316,,
dark,10,a_neg_reweighted_to_pos,thickness >5 mm,4,0,0,0,0.4899,0.143179,,316,,
dark,10,a_neg_reweighted_to_pos,tier abutting,174,2,0.0114943,0.00315775,0.0409354,0.143179,,316,,
dark,10,a_neg_reweighted_to_pos,tier embedded,111,0,0,0,0.0334513,0.143179,,316,,
dark,10,a_neg_reweighted_to_pos,tier inside,880,0,0,0,0.00434648,0.143179,,316,,
dark,10,a_neg_reweighted_to_pos,tier separated,70,0,0,0,0.0520249,0.143179,,316,,
dark,10,a_neg_reweighted_to_pos,nnU-Net detected,659,1,0.00151745,0.000267911,0.00854505,0.143179,,316,,
dark,10,a_neg_reweighted_to_pos,nnU-Net missed,576,1,0.00173611,0.000306524,0.00976795,0.143179,,316,,
dark,10,a_neg_reweighted_to_pos,"nnU-Net missed, 10-20mm",204,0,0,0,0.0184833,0.143179,,316,,
dark,10,a_neg_reweighted_to_pos,"nnU-Net missed, TARGET",74,0,0,0,0.0493515,0.143179,,316,,
dark,12,a_negatives,TARGET 10-20mm hypo/hyper enhanced,106,0,0,0,0.034974,0.0316456,0.0255595,316,0,
dark,12,a_negatives,10-20mm all,275,0,0,0,0.013777,0.0316456,0.0255595,316,0,
dark,12,a_negatives,10-20mm enhanced,157,0,0,0,0.0238844,0.0316456,0.0255595,316,0,
dark,12,a_negatives,10-20mm iso(v3),99,0,0,0,0.0373545,0.0316456,0.0255595,316,0,
dark,12,a_negatives,10-20mm iso within 5 HU,66,0,0,0,0.0550045,0.0316456,0.0255595,316,0,
dark,12,a_negatives,<10mm all,86,0,0,0,0.0427597,0.0316456,0.0255595,316,0,
dark,12,a_negatives,>=20mm all,874,1,0.00114416,0.000201997,0.00645251,0.0316456,0.0255595,316,0,
dark,12,a_negatives,all lesions,1235,1,0.000809717,0.000142945,0.00457243,0.0316456,0.0255595,316,0,
dark,12,a_negatives,"all, not separated",1165,1,0.000858369,0.000151535,0.00484623,0.0316456,0.0255595,316,0,
dark,12,a_negatives,size <5,49,0,0,0,0.0727003,0.0316456,0.0255595,316,0,
dark,12,a_negatives,size 5-10,37,0,0,0,0.094061,0.0316456,0.0255595,316,0,
dark,12,a_negatives,size 10-20,275,0,0,0,0.013777,0.0316456,0.0255595,316,0,
dark,12,a_negatives,size 20-40,597,0,0,0,0.0063937,0.0316456,0.0255595,316,0,
dark,12,a_negatives,size >=40,277,1,0.00361011,0.000637541,0.0201628,0.0316456,0.0255595,316,0,
dark,12,a_negatives,v3 hypo,585,0,0,0,0.006524,0.0316456,0.0255595,316,0,
dark,12,a_negatives,v3 iso,461,1,0.0021692,0.000383009,0.0121839,0.0316456,0.0255595,316,0,
dark,12,a_negatives,v3 hyper,189,0,0,0,0.019921,0.0316456,0.0255595,316,0,
dark,12,a_negatives,phase Arterial,260,1,0.00384615,0.000679246,0.0214613,0.0316456,0.0255595,316,0,
dark,12,a_negatives,phase Delay,4,0,0,0,0.4899,0.0316456,0.0255595,316,0,
dark,12,a_negatives,phase Non-contrast,413,0,0,0,0.00921597,0.0316456,0.0255595,316,0,
dark,12,a_negatives,phase Venous,557,0,0,0,0.00684971,0.0316456,0.0255595,316,0,
dark,12,a_negatives,region head,825,0,0,0,0.0046349,0.0316456,0.0255595,316,0,
dark,12,a_negatives,region body,207,0,0,0,0.0182203,0.0316456,0.0255595,316,0,
dark,12,a_negatives,region tail,195,1,0.00512821,0.000905805,0.0284724,0.0316456,0.0255595,316,0,
dark,12,a_negatives,thickness <=1.5 mm,532,0,0,0,0.00716928,0.0316456,0.0255595,316,0,
dark,12,a_negatives,thickness 1.5-2.5 mm,426,0,0,0,0.00893725,0.0316456,0.0255595,316,0,
dark,12,a_negatives,thickness 2.5-5 mm,273,1,0.003663,0.000646886,0.020454,0.0316456,0.0255595,316,0,
dark,12,a_negatives,thickness >5 mm,4,0,0,0,0.4899,0.0316456,0.0255595,316,0,
dark,12,a_negatives,tier abutting,174,1,0.00574713,0.0010152,0.031832,0.0316456,0.0255595,316,0,
dark,12,a_negatives,tier embedded,111,0,0,0,0.0334513,0.0316456,0.0255595,316,0,
dark,12,a_negatives,tier inside,880,0,0,0,0.00434648,0.0316456,0.0255595,316,0,
dark,12,a_negatives,tier separated,70,0,0,0,0.0520249,0.0316456,0.0255595,316,0,
dark,12,a_negatives,nnU-Net detected,659,1,0.00151745,0.000267911,0.00854505,0.0316456,0.0255595,316,0,
dark,12,a_negatives,nnU-Net missed,576,0,0,0,0.00662526,0.0316456,0.0255595,316,0,
dark,12,a_negatives,"nnU-Net missed, 10-20mm",204,0,0,0,0.0184833,0.0316456,0.0255595,316,0,
dark,12,a_negatives,"nnU-Net missed, TARGET",74,0,0,0,0.0493515,0.0316456,0.0255595,316,0,
dark,12,b_positives_nontumor,TARGET 10-20mm hypo/hyper enhanced,106,0,0,0,0.034974,0.0468909,0.0463159,981,0,
dark,12,b_positives_nontumor,10-20mm all,275,0,0,0,0.013777,0.0468909,0.0463159,981,0,
dark,12,b_positives_nontumor,10-20mm enhanced,157,0,0,0,0.0238844,0.0468909,0.0463159,981,0,
dark,12,b_positives_nontumor,10-20mm iso(v3),99,0,0,0,0.0373545,0.0468909,0.0463159,981,0,
dark,12,b_positives_nontumor,10-20mm iso within 5 HU,66,0,0,0,0.0550045,0.0468909,0.0463159,981,0,
dark,12,b_positives_nontumor,<10mm all,86,0,0,0,0.0427597,0.0468909,0.0463159,981,0,
dark,12,b_positives_nontumor,>=20mm all,874,1,0.00114416,0.000201997,0.00645251,0.0468909,0.0463159,981,0,
dark,12,b_positives_nontumor,all lesions,1235,1,0.000809717,0.000142945,0.00457243,0.0468909,0.0463159,981,0,
dark,12,b_positives_nontumor,"all, not separated",1165,1,0.000858369,0.000151535,0.00484623,0.0468909,0.0463159,981,0,
dark,12,b_positives_nontumor,size <5,49,0,0,0,0.0727003,0.0468909,0.0463159,981,0,
dark,12,b_positives_nontumor,size 5-10,37,0,0,0,0.094061,0.0468909,0.0463159,981,0,
dark,12,b_positives_nontumor,size 10-20,275,0,0,0,0.013777,0.0468909,0.0463159,981,0,
dark,12,b_positives_nontumor,size 20-40,597,0,0,0,0.0063937,0.0468909,0.0463159,981,0,
dark,12,b_positives_nontumor,size >=40,277,1,0.00361011,0.000637541,0.0201628,0.0468909,0.0463159,981,0,
dark,12,b_positives_nontumor,v3 hypo,585,0,0,0,0.006524,0.0468909,0.0463159,981,0,
dark,12,b_positives_nontumor,v3 iso,461,1,0.0021692,0.000383009,0.0121839,0.0468909,0.0463159,981,0,
dark,12,b_positives_nontumor,v3 hyper,189,0,0,0,0.019921,0.0468909,0.0463159,981,0,
dark,12,b_positives_nontumor,phase Arterial,260,1,0.00384615,0.000679246,0.0214613,0.0468909,0.0463159,981,0,
dark,12,b_positives_nontumor,phase Delay,4,0,0,0,0.4899,0.0468909,0.0463159,981,0,
dark,12,b_positives_nontumor,phase Non-contrast,413,0,0,0,0.00921597,0.0468909,0.0463159,981,0,
dark,12,b_positives_nontumor,phase Venous,557,0,0,0,0.00684971,0.0468909,0.0463159,981,0,
dark,12,b_positives_nontumor,region head,825,0,0,0,0.0046349,0.0468909,0.0463159,981,0,
dark,12,b_positives_nontumor,region body,207,0,0,0,0.0182203,0.0468909,0.0463159,981,0,
dark,12,b_positives_nontumor,region tail,195,1,0.00512821,0.000905805,0.0284724,0.0468909,0.0463159,981,0,
dark,12,b_positives_nontumor,thickness <=1.5 mm,532,0,0,0,0.00716928,0.0468909,0.0463159,981,0,
dark,12,b_positives_nontumor,thickness 1.5-2.5 mm,426,0,0,0,0.00893725,0.0468909,0.0463159,981,0,
dark,12,b_positives_nontumor,thickness 2.5-5 mm,273,1,0.003663,0.000646886,0.020454,0.0468909,0.0463159,981,0,
dark,12,b_positives_nontumor,thickness >5 mm,4,0,0,0,0.4899,0.0468909,0.0463159,981,0,
dark,12,b_positives_nontumor,tier abutting,174,1,0.00574713,0.0010152,0.031832,0.0468909,0.0463159,981,0,
dark,12,b_positives_nontumor,tier embedded,111,0,0,0,0.0334513,0.0468909,0.0463159,981,0,
dark,12,b_positives_nontumor,tier inside,880,0,0,0,0.00434648,0.0468909,0.0463159,981,0,
dark,12,b_positives_nontumor,tier separated,70,0,0,0,0.0520249,0.0468909,0.0463159,981,0,
dark,12,b_positives_nontumor,nnU-Net detected,659,1,0.00151745,0.000267911,0.00854505,0.0468909,0.0463159,981,0,
dark,12,b_positives_nontumor,nnU-Net missed,576,0,0,0,0.00662526,0.0468909,0.0463159,981,0,
dark,12,b_positives_nontumor,"nnU-Net missed, 10-20mm",204,0,0,0,0.0184833,0.0468909,0.0463159,981,0,
dark,12,b_positives_nontumor,"nnU-Net missed, TARGET",74,0,0,0,0.0493515,0.0468909,0.0463159,981,0,
dark,12,a_neg_reweighted_to_pos,TARGET 10-20mm hypo/hyper enhanced,106,0,0,0,0.034974,0.0453869,,316,,
dark,12,a_neg_reweighted_to_pos,10-20mm all,275,0,0,0,0.013777,0.0453869,,316,,
dark,12,a_neg_reweighted_to_pos,10-20mm enhanced,157,0,0,0,0.0238844,0.0453869,,316,,
dark,12,a_neg_reweighted_to_pos,10-20mm iso(v3),99,0,0,0,0.0373545,0.0453869,,316,,
dark,12,a_neg_reweighted_to_pos,10-20mm iso within 5 HU,66,0,0,0,0.0550045,0.0453869,,316,,
dark,12,a_neg_reweighted_to_pos,<10mm all,86,0,0,0,0.0427597,0.0453869,,316,,
dark,12,a_neg_reweighted_to_pos,>=20mm all,874,1,0.00114416,0.000201997,0.00645251,0.0453869,,316,,
dark,12,a_neg_reweighted_to_pos,all lesions,1235,1,0.000809717,0.000142945,0.00457243,0.0453869,,316,,
dark,12,a_neg_reweighted_to_pos,"all, not separated",1165,1,0.000858369,0.000151535,0.00484623,0.0453869,,316,,
dark,12,a_neg_reweighted_to_pos,size <5,49,0,0,0,0.0727003,0.0453869,,316,,
dark,12,a_neg_reweighted_to_pos,size 5-10,37,0,0,0,0.094061,0.0453869,,316,,
dark,12,a_neg_reweighted_to_pos,size 10-20,275,0,0,0,0.013777,0.0453869,,316,,
dark,12,a_neg_reweighted_to_pos,size 20-40,597,0,0,0,0.0063937,0.0453869,,316,,
dark,12,a_neg_reweighted_to_pos,size >=40,277,1,0.00361011,0.000637541,0.0201628,0.0453869,,316,,
dark,12,a_neg_reweighted_to_pos,v3 hypo,585,0,0,0,0.006524,0.0453869,,316,,
dark,12,a_neg_reweighted_to_pos,v3 iso,461,1,0.0021692,0.000383009,0.0121839,0.0453869,,316,,
dark,12,a_neg_reweighted_to_pos,v3 hyper,189,0,0,0,0.019921,0.0453869,,316,,
dark,12,a_neg_reweighted_to_pos,phase Arterial,260,1,0.00384615,0.000679246,0.0214613,0.0453869,,316,,
dark,12,a_neg_reweighted_to_pos,phase Delay,4,0,0,0,0.4899,0.0453869,,316,,
dark,12,a_neg_reweighted_to_pos,phase Non-contrast,413,0,0,0,0.00921597,0.0453869,,316,,
dark,12,a_neg_reweighted_to_pos,phase Venous,557,0,0,0,0.00684971,0.0453869,,316,,
dark,12,a_neg_reweighted_to_pos,region head,825,0,0,0,0.0046349,0.0453869,,316,,
dark,12,a_neg_reweighted_to_pos,region body,207,0,0,0,0.0182203,0.0453869,,316,,
dark,12,a_neg_reweighted_to_pos,region tail,195,1,0.00512821,0.000905805,0.0284724,0.0453869,,316,,
dark,12,a_neg_reweighted_to_pos,thickness <=1.5 mm,532,0,0,0,0.00716928,0.0453869,,316,,
dark,12,a_neg_reweighted_to_pos,thickness 1.5-2.5 mm,426,0,0,0,0.00893725,0.0453869,,316,,
dark,12,a_neg_reweighted_to_pos,thickness 2.5-5 mm,273,1,0.003663,0.000646886,0.020454,0.0453869,,316,,
dark,12,a_neg_reweighted_to_pos,thickness >5 mm,4,0,0,0,0.4899,0.0453869,,316,,
dark,12,a_neg_reweighted_to_pos,tier abutting,174,1,0.00574713,0.0010152,0.031832,0.0453869,,316,,
dark,12,a_neg_reweighted_to_pos,tier embedded,111,0,0,0,0.0334513,0.0453869,,316,,
dark,12,a_neg_reweighted_to_pos,tier inside,880,0,0,0,0.00434648,0.0453869,,316,,
dark,12,a_neg_reweighted_to_pos,tier separated,70,0,0,0,0.0520249,0.0453869,,316,,
dark,12,a_neg_reweighted_to_pos,nnU-Net detected,659,1,0.00151745,0.000267911,0.00854505,0.0453869,,316,,
dark,12,a_neg_reweighted_to_pos,nnU-Net missed,576,0,0,0,0.00662526,0.0453869,,316,,
dark,12,a_neg_reweighted_to_pos,"nnU-Net missed, 10-20mm",204,0,0,0,0.0184833,0.0453869,,316,,
dark,12,a_neg_reweighted_to_pos,"nnU-Net missed, TARGET",74,0,0,0,0.0493515,0.0453869,,316,,
dark,15,a_negatives,TARGET 10-20mm hypo/hyper enhanced,106,0,0,0,0.034974,0.00949367,0.00766785,316,0,
dark,15,a_negatives,10-20mm all,275,0,0,0,0.013777,0.00949367,0.00766785,316,0,
dark,15,a_negatives,10-20mm enhanced,157,0,0,0,0.0238844,0.00949367,0.00766785,316,0,
dark,15,a_negatives,10-20mm iso(v3),99,0,0,0,0.0373545,0.00949367,0.00766785,316,0,
dark,15,a_negatives,10-20mm iso within 5 HU,66,0,0,0,0.0550045,0.00949367,0.00766785,316,0,
dark,15,a_negatives,<10mm all,86,0,0,0,0.0427597,0.00949367,0.00766785,316,0,
dark,15,a_negatives,>=20mm all,874,1,0.00114416,0.000201997,0.00645251,0.00949367,0.00766785,316,0,
dark,15,a_negatives,all lesions,1235,1,0.000809717,0.000142945,0.00457243,0.00949367,0.00766785,316,0,
dark,15,a_negatives,"all, not separated",1165,1,0.000858369,0.000151535,0.00484623,0.00949367,0.00766785,316,0,
dark,15,a_negatives,size <5,49,0,0,0,0.0727003,0.00949367,0.00766785,316,0,
dark,15,a_negatives,size 5-10,37,0,0,0,0.094061,0.00949367,0.00766785,316,0,
dark,15,a_negatives,size 10-20,275,0,0,0,0.013777,0.00949367,0.00766785,316,0,
dark,15,a_negatives,size 20-40,597,0,0,0,0.0063937,0.00949367,0.00766785,316,0,
dark,15,a_negatives,size >=40,277,1,0.00361011,0.000637541,0.0201628,0.00949367,0.00766785,316,0,
dark,15,a_negatives,v3 hypo,585,0,0,0,0.006524,0.00949367,0.00766785,316,0,
dark,15,a_negatives,v3 iso,461,1,0.0021692,0.000383009,0.0121839,0.00949367,0.00766785,316,0,
dark,15,a_negatives,v3 hyper,189,0,0,0,0.019921,0.00949367,0.00766785,316,0,
dark,15,a_negatives,phase Arterial,260,1,0.00384615,0.000679246,0.0214613,0.00949367,0.00766785,316,0,
dark,15,a_negatives,phase Delay,4,0,0,0,0.4899,0.00949367,0.00766785,316,0,
dark,15,a_negatives,phase Non-contrast,413,0,0,0,0.00921597,0.00949367,0.00766785,316,0,
dark,15,a_negatives,phase Venous,557,0,0,0,0.00684971,0.00949367,0.00766785,316,0,
dark,15,a_negatives,region head,825,0,0,0,0.0046349,0.00949367,0.00766785,316,0,
dark,15,a_negatives,region body,207,0,0,0,0.0182203,0.00949367,0.00766785,316,0,
dark,15,a_negatives,region tail,195,1,0.00512821,0.000905805,0.0284724,0.00949367,0.00766785,316,0,
dark,15,a_negatives,thickness <=1.5 mm,532,0,0,0,0.00716928,0.00949367,0.00766785,316,0,
dark,15,a_negatives,thickness 1.5-2.5 mm,426,0,0,0,0.00893725,0.00949367,0.00766785,316,0,
dark,15,a_negatives,thickness 2.5-5 mm,273,1,0.003663,0.000646886,0.020454,0.00949367,0.00766785,316,0,
dark,15,a_negatives,thickness >5 mm,4,0,0,0,0.4899,0.00949367,0.00766785,316,0,
dark,15,a_negatives,tier abutting,174,1,0.00574713,0.0010152,0.031832,0.00949367,0.00766785,316,0,
dark,15,a_negatives,tier embedded,111,0,0,0,0.0334513,0.00949367,0.00766785,316,0,
dark,15,a_negatives,tier inside,880,0,0,0,0.00434648,0.00949367,0.00766785,316,0,
dark,15,a_negatives,tier separated,70,0,0,0,0.0520249,0.00949367,0.00766785,316,0,
dark,15,a_negatives,nnU-Net detected,659,1,0.00151745,0.000267911,0.00854505,0.00949367,0.00766785,316,0,
dark,15,a_negatives,nnU-Net missed,576,0,0,0,0.00662526,0.00949367,0.00766785,316,0,
dark,15,a_negatives,"nnU-Net missed, 10-20mm",204,0,0,0,0.0184833,0.00949367,0.00766785,316,0,
dark,15,a_negatives,"nnU-Net missed, TARGET",74,0,0,0,0.0493515,0.00949367,0.00766785,316,0,
dark,15,b_positives_nontumor,TARGET 10-20mm hypo/hyper enhanced,106,0,0,0,0.034974,0.00713558,0.00704807,981,0,
dark,15,b_positives_nontumor,10-20mm all,275,0,0,0,0.013777,0.00713558,0.00704807,981,0,
dark,15,b_positives_nontumor,10-20mm enhanced,157,0,0,0,0.0238844,0.00713558,0.00704807,981,0,
dark,15,b_positives_nontumor,10-20mm iso(v3),99,0,0,0,0.0373545,0.00713558,0.00704807,981,0,
dark,15,b_positives_nontumor,10-20mm iso within 5 HU,66,0,0,0,0.0550045,0.00713558,0.00704807,981,0,
dark,15,b_positives_nontumor,<10mm all,86,0,0,0,0.0427597,0.00713558,0.00704807,981,0,
dark,15,b_positives_nontumor,>=20mm all,874,1,0.00114416,0.000201997,0.00645251,0.00713558,0.00704807,981,0,
dark,15,b_positives_nontumor,all lesions,1235,1,0.000809717,0.000142945,0.00457243,0.00713558,0.00704807,981,0,
dark,15,b_positives_nontumor,"all, not separated",1165,1,0.000858369,0.000151535,0.00484623,0.00713558,0.00704807,981,0,
dark,15,b_positives_nontumor,size <5,49,0,0,0,0.0727003,0.00713558,0.00704807,981,0,
dark,15,b_positives_nontumor,size 5-10,37,0,0,0,0.094061,0.00713558,0.00704807,981,0,
dark,15,b_positives_nontumor,size 10-20,275,0,0,0,0.013777,0.00713558,0.00704807,981,0,
dark,15,b_positives_nontumor,size 20-40,597,0,0,0,0.0063937,0.00713558,0.00704807,981,0,
dark,15,b_positives_nontumor,size >=40,277,1,0.00361011,0.000637541,0.0201628,0.00713558,0.00704807,981,0,
dark,15,b_positives_nontumor,v3 hypo,585,0,0,0,0.006524,0.00713558,0.00704807,981,0,
dark,15,b_positives_nontumor,v3 iso,461,1,0.0021692,0.000383009,0.0121839,0.00713558,0.00704807,981,0,
dark,15,b_positives_nontumor,v3 hyper,189,0,0,0,0.019921,0.00713558,0.00704807,981,0,
dark,15,b_positives_nontumor,phase Arterial,260,1,0.00384615,0.000679246,0.0214613,0.00713558,0.00704807,981,0,
dark,15,b_positives_nontumor,phase Delay,4,0,0,0,0.4899,0.00713558,0.00704807,981,0,
dark,15,b_positives_nontumor,phase Non-contrast,413,0,0,0,0.00921597,0.00713558,0.00704807,981,0,
dark,15,b_positives_nontumor,phase Venous,557,0,0,0,0.00684971,0.00713558,0.00704807,981,0,
dark,15,b_positives_nontumor,region head,825,0,0,0,0.0046349,0.00713558,0.00704807,981,0,
dark,15,b_positives_nontumor,region body,207,0,0,0,0.0182203,0.00713558,0.00704807,981,0,
dark,15,b_positives_nontumor,region tail,195,1,0.00512821,0.000905805,0.0284724,0.00713558,0.00704807,981,0,
dark,15,b_positives_nontumor,thickness <=1.5 mm,532,0,0,0,0.00716928,0.00713558,0.00704807,981,0,
dark,15,b_positives_nontumor,thickness 1.5-2.5 mm,426,0,0,0,0.00893725,0.00713558,0.00704807,981,0,
dark,15,b_positives_nontumor,thickness 2.5-5 mm,273,1,0.003663,0.000646886,0.020454,0.00713558,0.00704807,981,0,
dark,15,b_positives_nontumor,thickness >5 mm,4,0,0,0,0.4899,0.00713558,0.00704807,981,0,
dark,15,b_positives_nontumor,tier abutting,174,1,0.00574713,0.0010152,0.031832,0.00713558,0.00704807,981,0,
dark,15,b_positives_nontumor,tier embedded,111,0,0,0,0.0334513,0.00713558,0.00704807,981,0,
dark,15,b_positives_nontumor,tier inside,880,0,0,0,0.00434648,0.00713558,0.00704807,981,0,
dark,15,b_positives_nontumor,tier separated,70,0,0,0,0.0520249,0.00713558,0.00704807,981,0,
dark,15,b_positives_nontumor,nnU-Net detected,659,1,0.00151745,0.000267911,0.00854505,0.00713558,0.00704807,981,0,
dark,15,b_positives_nontumor,nnU-Net missed,576,0,0,0,0.00662526,0.00713558,0.00704807,981,0,
dark,15,b_positives_nontumor,"nnU-Net missed, 10-20mm",204,0,0,0,0.0184833,0.00713558,0.00704807,981,0,
dark,15,b_positives_nontumor,"nnU-Net missed, TARGET",74,0,0,0,0.0493515,0.00713558,0.00704807,981,0,
dark,15,a_neg_reweighted_to_pos,TARGET 10-20mm hypo/hyper enhanced,106,0,0,0,0.034974,0.00940599,,316,,
dark,15,a_neg_reweighted_to_pos,10-20mm all,275,0,0,0,0.013777,0.00940599,,316,,
dark,15,a_neg_reweighted_to_pos,10-20mm enhanced,157,0,0,0,0.0238844,0.00940599,,316,,
dark,15,a_neg_reweighted_to_pos,10-20mm iso(v3),99,0,0,0,0.0373545,0.00940599,,316,,
dark,15,a_neg_reweighted_to_pos,10-20mm iso within 5 HU,66,0,0,0,0.0550045,0.00940599,,316,,
dark,15,a_neg_reweighted_to_pos,<10mm all,86,0,0,0,0.0427597,0.00940599,,316,,
dark,15,a_neg_reweighted_to_pos,>=20mm all,874,1,0.00114416,0.000201997,0.00645251,0.00940599,,316,,
dark,15,a_neg_reweighted_to_pos,all lesions,1235,1,0.000809717,0.000142945,0.00457243,0.00940599,,316,,
dark,15,a_neg_reweighted_to_pos,"all, not separated",1165,1,0.000858369,0.000151535,0.00484623,0.00940599,,316,,
dark,15,a_neg_reweighted_to_pos,size <5,49,0,0,0,0.0727003,0.00940599,,316,,
dark,15,a_neg_reweighted_to_pos,size 5-10,37,0,0,0,0.094061,0.00940599,,316,,
dark,15,a_neg_reweighted_to_pos,size 10-20,275,0,0,0,0.013777,0.00940599,,316,,
dark,15,a_neg_reweighted_to_pos,size 20-40,597,0,0,0,0.0063937,0.00940599,,316,,
dark,15,a_neg_reweighted_to_pos,size >=40,277,1,0.00361011,0.000637541,0.0201628,0.00940599,,316,,
dark,15,a_neg_reweighted_to_pos,v3 hypo,585,0,0,0,0.006524,0.00940599,,316,,
dark,15,a_neg_reweighted_to_pos,v3 iso,461,1,0.0021692,0.000383009,0.0121839,0.00940599,,316,,
dark,15,a_neg_reweighted_to_pos,v3 hyper,189,0,0,0,0.019921,0.00940599,,316,,
dark,15,a_neg_reweighted_to_pos,phase Arterial,260,1,0.00384615,0.000679246,0.0214613,0.00940599,,316,,
dark,15,a_neg_reweighted_to_pos,phase Delay,4,0,0,0,0.4899,0.00940599,,316,,
dark,15,a_neg_reweighted_to_pos,phase Non-contrast,413,0,0,0,0.00921597,0.00940599,,316,,
dark,15,a_neg_reweighted_to_pos,phase Venous,557,0,0,0,0.00684971,0.00940599,,316,,
dark,15,a_neg_reweighted_to_pos,region head,825,0,0,0,0.0046349,0.00940599,,316,,
dark,15,a_neg_reweighted_to_pos,region body,207,0,0,0,0.0182203,0.00940599,,316,,
dark,15,a_neg_reweighted_to_pos,region tail,195,1,0.00512821,0.000905805,0.0284724,0.00940599,,316,,
dark,15,a_neg_reweighted_to_pos,thickness <=1.5 mm,532,0,0,0,0.00716928,0.00940599,,316,,
dark,15,a_neg_reweighted_to_pos,thickness 1.5-2.5 mm,426,0,0,0,0.00893725,0.00940599,,316,,
dark,15,a_neg_reweighted_to_pos,thickness 2.5-5 mm,273,1,0.003663,0.000646886,0.020454,0.00940599,,316,,
dark,15,a_neg_reweighted_to_pos,thickness >5 mm,4,0,0,0,0.4899,0.00940599,,316,,
dark,15,a_neg_reweighted_to_pos,tier abutting,174,1,0.00574713,0.0010152,0.031832,0.00940599,,316,,
dark,15,a_neg_reweighted_to_pos,tier embedded,111,0,0,0,0.0334513,0.00940599,,316,,
dark,15,a_neg_reweighted_to_pos,tier inside,880,0,0,0,0.00434648,0.00940599,,316,,
dark,15,a_neg_reweighted_to_pos,tier separated,70,0,0,0,0.0520249,0.00940599,,316,,
dark,15,a_neg_reweighted_to_pos,nnU-Net detected,659,1,0.00151745,0.000267911,0.00854505,0.00940599,,316,,
dark,15,a_neg_reweighted_to_pos,nnU-Net missed,576,0,0,0,0.00662526,0.00940599,,316,,
dark,15,a_neg_reweighted_to_pos,"nnU-Net missed, 10-20mm",204,0,0,0,0.0184833,0.00940599,,316,,
dark,15,a_neg_reweighted_to_pos,"nnU-Net missed, TARGET",74,0,0,0,0.0493515,0.00940599,,316,,
dark,20,a_negatives,TARGET 10-20mm hypo/hyper enhanced,106,0,0,0,0.034974,0,0,316,0,
dark,20,a_negatives,10-20mm all,275,0,0,0,0.013777,0,0,316,0,
dark,20,a_negatives,10-20mm enhanced,157,0,0,0,0.0238844,0,0,316,0,
dark,20,a_negatives,10-20mm iso(v3),99,0,0,0,0.0373545,0,0,316,0,
dark,20,a_negatives,10-20mm iso within 5 HU,66,0,0,0,0.0550045,0,0,316,0,
dark,20,a_negatives,<10mm all,86,0,0,0,0.0427597,0,0,316,0,
dark,20,a_negatives,>=20mm all,874,0,0,0,0.00437619,0,0,316,0,
dark,20,a_negatives,all lesions,1235,0,0,0,0.00310096,0,0,316,0,
dark,20,a_negatives,"all, not separated",1165,0,0,0,0.00328667,0,0,316,0,
dark,20,a_negatives,size <5,49,0,0,0,0.0727003,0,0,316,0,
dark,20,a_negatives,size 5-10,37,0,0,0,0.094061,0,0,316,0,
dark,20,a_negatives,size 10-20,275,0,0,0,0.013777,0,0,316,0,
dark,20,a_negatives,size 20-40,597,0,0,0,0.0063937,0,0,316,0,
dark,20,a_negatives,size >=40,277,0,0,0,0.0136789,0,0,316,0,
dark,20,a_negatives,v3 hypo,585,0,0,0,0.006524,0,0,316,0,
dark,20,a_negatives,v3 iso,461,0,0,8.67362e-19,0.00826432,0,0,316,0,
dark,20,a_negatives,v3 hyper,189,0,0,0,0.019921,0,0,316,0,
dark,20,a_negatives,phase Arterial,260,0,0,0,0.0145603,0,0,316,0,
dark,20,a_negatives,phase Delay,4,0,0,0,0.4899,0,0,316,0,
dark,20,a_negatives,phase Non-contrast,413,0,0,0,0.00921597,0,0,316,0,
dark,20,a_negatives,phase Venous,557,0,0,0,0.00684971,0,0,316,0,
dark,20,a_negatives,region head,825,0,0,0,0.0046349,0,0,316,0,
dark,20,a_negatives,region body,207,0,0,0,0.0182203,0,0,316,0,
dark,20,a_negatives,region tail,195,0,0,0,0.0193199,0,0,316,0,
dark,20,a_negatives,thickness <=1.5 mm,532,0,0,0,0.00716928,0,0,316,0,
dark,20,a_negatives,thickness 1.5-2.5 mm,426,0,0,0,0.00893725,0,0,316,0,
dark,20,a_negatives,thickness 2.5-5 mm,273,0,0,0,0.0138765,0,0,316,0,
dark,20,a_negatives,thickness >5 mm,4,0,0,0,0.4899,0,0,316,0,
dark,20,a_negatives,tier abutting,174,0,0,0,0.0216012,0,0,316,0,
dark,20,a_negatives,tier embedded,111,0,0,0,0.0334513,0,0,316,0,
dark,20,a_negatives,tier inside,880,0,0,0,0.00434648,0,0,316,0,
dark,20,a_negatives,tier separated,70,0,0,0,0.0520249,0,0,316,0,
dark,20,a_negatives,nnU-Net detected,659,0,0,0,0.00579565,0,0,316,0,
dark,20,a_negatives,nnU-Net missed,576,0,0,0,0.00662526,0,0,316,0,
dark,20,a_negatives,"nnU-Net missed, 10-20mm",204,0,0,0,0.0184833,0,0,316,0,
dark,20,a_negatives,"nnU-Net missed, TARGET",74,0,0,0,0.0493515,0,0,316,0,
dark,20,b_positives_nontumor,TARGET 10-20mm hypo/hyper enhanced,106,0,0,0,0.034974,0.00407747,0.00402747,981,0,
dark,20,b_positives_nontumor,10-20mm all,275,0,0,0,0.013777,0.00407747,0.00402747,981,0,
dark,20,b_positives_nontumor,10-20mm enhanced,157,0,0,0,0.0238844,0.00407747,0.00402747,981,0,
dark,20,b_positives_nontumor,10-20mm iso(v3),99,0,0,0,0.0373545,0.00407747,0.00402747,981,0,
dark,20,b_positives_nontumor,10-20mm iso within 5 HU,66,0,0,0,0.0550045,0.00407747,0.00402747,981,0,
dark,20,b_positives_nontumor,<10mm all,86,0,0,0,0.0427597,0.00407747,0.00402747,981,0,
dark,20,b_positives_nontumor,>=20mm all,874,0,0,0,0.00437619,0.00407747,0.00402747,981,0,
dark,20,b_positives_nontumor,all lesions,1235,0,0,0,0.00310096,0.00407747,0.00402747,981,0,
dark,20,b_positives_nontumor,"all, not separated",1165,0,0,0,0.00328667,0.00407747,0.00402747,981,0,
dark,20,b_positives_nontumor,size <5,49,0,0,0,0.0727003,0.00407747,0.00402747,981,0,
dark,20,b_positives_nontumor,size 5-10,37,0,0,0,0.094061,0.00407747,0.00402747,981,0,
dark,20,b_positives_nontumor,size 10-20,275,0,0,0,0.013777,0.00407747,0.00402747,981,0,
dark,20,b_positives_nontumor,size 20-40,597,0,0,0,0.0063937,0.00407747,0.00402747,981,0,
dark,20,b_positives_nontumor,size >=40,277,0,0,0,0.0136789,0.00407747,0.00402747,981,0,
dark,20,b_positives_nontumor,v3 hypo,585,0,0,0,0.006524,0.00407747,0.00402747,981,0,
dark,20,b_positives_nontumor,v3 iso,461,0,0,8.67362e-19,0.00826432,0.00407747,0.00402747,981,0,
dark,20,b_positives_nontumor,v3 hyper,189,0,0,0,0.019921,0.00407747,0.00402747,981,0,
dark,20,b_positives_nontumor,phase Arterial,260,0,0,0,0.0145603,0.00407747,0.00402747,981,0,
dark,20,b_positives_nontumor,phase Delay,4,0,0,0,0.4899,0.00407747,0.00402747,981,0,
dark,20,b_positives_nontumor,phase Non-contrast,413,0,0,0,0.00921597,0.00407747,0.00402747,981,0,
dark,20,b_positives_nontumor,phase Venous,557,0,0,0,0.00684971,0.00407747,0.00402747,981,0,
dark,20,b_positives_nontumor,region head,825,0,0,0,0.0046349,0.00407747,0.00402747,981,0,
dark,20,b_positives_nontumor,region body,207,0,0,0,0.0182203,0.00407747,0.00402747,981,0,
dark,20,b_positives_nontumor,region tail,195,0,0,0,0.0193199,0.00407747,0.00402747,981,0,
dark,20,b_positives_nontumor,thickness <=1.5 mm,532,0,0,0,0.00716928,0.00407747,0.00402747,981,0,
dark,20,b_positives_nontumor,thickness 1.5-2.5 mm,426,0,0,0,0.00893725,0.00407747,0.00402747,981,0,
dark,20,b_positives_nontumor,thickness 2.5-5 mm,273,0,0,0,0.0138765,0.00407747,0.00402747,981,0,
dark,20,b_positives_nontumor,thickness >5 mm,4,0,0,0,0.4899,0.00407747,0.00402747,981,0,
dark,20,b_positives_nontumor,tier abutting,174,0,0,0,0.0216012,0.00407747,0.00402747,981,0,
dark,20,b_positives_nontumor,tier embedded,111,0,0,0,0.0334513,0.00407747,0.00402747,981,0,
dark,20,b_positives_nontumor,tier inside,880,0,0,0,0.00434648,0.00407747,0.00402747,981,0,
dark,20,b_positives_nontumor,tier separated,70,0,0,0,0.0520249,0.00407747,0.00402747,981,0,
dark,20,b_positives_nontumor,nnU-Net detected,659,0,0,0,0.00579565,0.00407747,0.00402747,981,0,
dark,20,b_positives_nontumor,nnU-Net missed,576,0,0,0,0.00662526,0.00407747,0.00402747,981,0,
dark,20,b_positives_nontumor,"nnU-Net missed, 10-20mm",204,0,0,0,0.0184833,0.00407747,0.00402747,981,0,
dark,20,b_positives_nontumor,"nnU-Net missed, TARGET",74,0,0,0,0.0493515,0.00407747,0.00402747,981,0,
dark,20,a_neg_reweighted_to_pos,TARGET 10-20mm hypo/hyper enhanced,106,0,0,0,0.034974,0,,316,,
dark,20,a_neg_reweighted_to_pos,10-20mm all,275,0,0,0,0.013777,0,,316,,
dark,20,a_neg_reweighted_to_pos,10-20mm enhanced,157,0,0,0,0.0238844,0,,316,,
dark,20,a_neg_reweighted_to_pos,10-20mm iso(v3),99,0,0,0,0.0373545,0,,316,,
dark,20,a_neg_reweighted_to_pos,10-20mm iso within 5 HU,66,0,0,0,0.0550045,0,,316,,
dark,20,a_neg_reweighted_to_pos,<10mm all,86,0,0,0,0.0427597,0,,316,,
dark,20,a_neg_reweighted_to_pos,>=20mm all,874,0,0,0,0.00437619,0,,316,,
dark,20,a_neg_reweighted_to_pos,all lesions,1235,0,0,0,0.00310096,0,,316,,
dark,20,a_neg_reweighted_to_pos,"all, not separated",1165,0,0,0,0.00328667,0,,316,,
dark,20,a_neg_reweighted_to_pos,size <5,49,0,0,0,0.0727003,0,,316,,
dark,20,a_neg_reweighted_to_pos,size 5-10,37,0,0,0,0.094061,0,,316,,
dark,20,a_neg_reweighted_to_pos,size 10-20,275,0,0,0,0.013777,0,,316,,
dark,20,a_neg_reweighted_to_pos,size 20-40,597,0,0,0,0.0063937,0,,316,,
dark,20,a_neg_reweighted_to_pos,size >=40,277,0,0,0,0.0136789,0,,316,,
dark,20,a_neg_reweighted_to_pos,v3 hypo,585,0,0,0,0.006524,0,,316,,
dark,20,a_neg_reweighted_to_pos,v3 iso,461,0,0,8.67362e-19,0.00826432,0,,316,,
dark,20,a_neg_reweighted_to_pos,v3 hyper,189,0,0,0,0.019921,0,,316,,
dark,20,a_neg_reweighted_to_pos,phase Arterial,260,0,0,0,0.0145603,0,,316,,
dark,20,a_neg_reweighted_to_pos,phase Delay,4,0,0,0,0.4899,0,,316,,
dark,20,a_neg_reweighted_to_pos,phase Non-contrast,413,0,0,0,0.00921597,0,,316,,
dark,20,a_neg_reweighted_to_pos,phase Venous,557,0,0,0,0.00684971,0,,316,,
dark,20,a_neg_reweighted_to_pos,region head,825,0,0,0,0.0046349,0,,316,,
dark,20,a_neg_reweighted_to_pos,region body,207,0,0,0,0.0182203,0,,316,,
dark,20,a_neg_reweighted_to_pos,region tail,195,0,0,0,0.0193199,0,,316,,
dark,20,a_neg_reweighted_to_pos,thickness <=1.5 mm,532,0,0,0,0.00716928,0,,316,,
dark,20,a_neg_reweighted_to_pos,thickness 1.5-2.5 mm,426,0,0,0,0.00893725,0,,316,,
dark,20,a_neg_reweighted_to_pos,thickness 2.5-5 mm,273,0,0,0,0.0138765,0,,316,,
dark,20,a_neg_reweighted_to_pos,thickness >5 mm,4,0,0,0,0.4899,0,,316,,
dark,20,a_neg_reweighted_to_pos,tier abutting,174,0,0,0,0.0216012,0,,316,,
dark,20,a_neg_reweighted_to_pos,tier embedded,111,0,0,0,0.0334513,0,,316,,
dark,20,a_neg_reweighted_to_pos,tier inside,880,0,0,0,0.00434648,0,,316,,
dark,20,a_neg_reweighted_to_pos,tier separated,70,0,0,0,0.0520249,0,,316,,
dark,20,a_neg_reweighted_to_pos,nnU-Net detected,659,0,0,0,0.00579565,0,,316,,
dark,20,a_neg_reweighted_to_pos,nnU-Net missed,576,0,0,0,0.00662526,0,,316,,
dark,20,a_neg_reweighted_to_pos,"nnU-Net missed, 10-20mm",204,0,0,0,0.0184833,0,,316,,
dark,20,a_neg_reweighted_to_pos,"nnU-Net missed, TARGET",74,0,0,0,0.0493515,0,,316,,
dark,25,a_negatives,TARGET 10-20mm hypo/hyper enhanced,106,0,0,0,0.034974,0,0,316,0,
dark,25,a_negatives,10-20mm all,275,0,0,0,0.013777,0,0,316,0,
dark,25,a_negatives,10-20mm enhanced,157,0,0,0,0.0238844,0,0,316,0,
dark,25,a_negatives,10-20mm iso(v3),99,0,0,0,0.0373545,0,0,316,0,
dark,25,a_negatives,10-20mm iso within 5 HU,66,0,0,0,0.0550045,0,0,316,0,
dark,25,a_negatives,<10mm all,86,0,0,0,0.0427597,0,0,316,0,
dark,25,a_negatives,>=20mm all,874,0,0,0,0.00437619,0,0,316,0,
dark,25,a_negatives,all lesions,1235,0,0,0,0.00310096,0,0,316,0,
dark,25,a_negatives,"all, not separated",1165,0,0,0,0.00328667,0,0,316,0,
dark,25,a_negatives,size <5,49,0,0,0,0.0727003,0,0,316,0,
dark,25,a_negatives,size 5-10,37,0,0,0,0.094061,0,0,316,0,
dark,25,a_negatives,size 10-20,275,0,0,0,0.013777,0,0,316,0,
dark,25,a_negatives,size 20-40,597,0,0,0,0.0063937,0,0,316,0,
dark,25,a_negatives,size >=40,277,0,0,0,0.0136789,0,0,316,0,
dark,25,a_negatives,v3 hypo,585,0,0,0,0.006524,0,0,316,0,
dark,25,a_negatives,v3 iso,461,0,0,8.67362e-19,0.00826432,0,0,316,0,
dark,25,a_negatives,v3 hyper,189,0,0,0,0.019921,0,0,316,0,
dark,25,a_negatives,phase Arterial,260,0,0,0,0.0145603,0,0,316,0,
dark,25,a_negatives,phase Delay,4,0,0,0,0.4899,0,0,316,0,
dark,25,a_negatives,phase Non-contrast,413,0,0,0,0.00921597,0,0,316,0,
dark,25,a_negatives,phase Venous,557,0,0,0,0.00684971,0,0,316,0,
dark,25,a_negatives,region head,825,0,0,0,0.0046349,0,0,316,0,
dark,25,a_negatives,region body,207,0,0,0,0.0182203,0,0,316,0,
dark,25,a_negatives,region tail,195,0,0,0,0.0193199,0,0,316,0,
dark,25,a_negatives,thickness <=1.5 mm,532,0,0,0,0.00716928,0,0,316,0,
dark,25,a_negatives,thickness 1.5-2.5 mm,426,0,0,0,0.00893725,0,0,316,0,
dark,25,a_negatives,thickness 2.5-5 mm,273,0,0,0,0.0138765,0,0,316,0,
dark,25,a_negatives,thickness >5 mm,4,0,0,0,0.4899,0,0,316,0,
dark,25,a_negatives,tier abutting,174,0,0,0,0.0216012,0,0,316,0,
dark,25,a_negatives,tier embedded,111,0,0,0,0.0334513,0,0,316,0,
dark,25,a_negatives,tier inside,880,0,0,0,0.00434648,0,0,316,0,
dark,25,a_negatives,tier separated,70,0,0,0,0.0520249,0,0,316,0,
dark,25,a_negatives,nnU-Net detected,659,0,0,0,0.00579565,0,0,316,0,
dark,25,a_negatives,nnU-Net missed,576,0,0,0,0.00662526,0,0,316,0,
dark,25,a_negatives,"nnU-Net missed, 10-20mm",204,0,0,0,0.0184833,0,0,316,0,
dark,25,a_negatives,"nnU-Net missed, TARGET",74,0,0,0,0.0493515,0,0,316,0,
dark,25,b_positives_nontumor,TARGET 10-20mm hypo/hyper enhanced,106,0,0,0,0.034974,0,0,981,0,
dark,25,b_positives_nontumor,10-20mm all,275,0,0,0,0.013777,0,0,981,0,
dark,25,b_positives_nontumor,10-20mm enhanced,157,0,0,0,0.0238844,0,0,981,0,
dark,25,b_positives_nontumor,10-20mm iso(v3),99,0,0,0,0.0373545,0,0,981,0,
dark,25,b_positives_nontumor,10-20mm iso within 5 HU,66,0,0,0,0.0550045,0,0,981,0,
dark,25,b_positives_nontumor,<10mm all,86,0,0,0,0.0427597,0,0,981,0,
dark,25,b_positives_nontumor,>=20mm all,874,0,0,0,0.00437619,0,0,981,0,
dark,25,b_positives_nontumor,all lesions,1235,0,0,0,0.00310096,0,0,981,0,
dark,25,b_positives_nontumor,"all, not separated",1165,0,0,0,0.00328667,0,0,981,0,
dark,25,b_positives_nontumor,size <5,49,0,0,0,0.0727003,0,0,981,0,
dark,25,b_positives_nontumor,size 5-10,37,0,0,0,0.094061,0,0,981,0,
dark,25,b_positives_nontumor,size 10-20,275,0,0,0,0.013777,0,0,981,0,
dark,25,b_positives_nontumor,size 20-40,597,0,0,0,0.0063937,0,0,981,0,
dark,25,b_positives_nontumor,size >=40,277,0,0,0,0.0136789,0,0,981,0,
dark,25,b_positives_nontumor,v3 hypo,585,0,0,0,0.006524,0,0,981,0,
dark,25,b_positives_nontumor,v3 iso,461,0,0,8.67362e-19,0.00826432,0,0,981,0,
dark,25,b_positives_nontumor,v3 hyper,189,0,0,0,0.019921,0,0,981,0,
dark,25,b_positives_nontumor,phase Arterial,260,0,0,0,0.0145603,0,0,981,0,
dark,25,b_positives_nontumor,phase Delay,4,0,0,0,0.4899,0,0,981,0,
dark,25,b_positives_nontumor,phase Non-contrast,413,0,0,0,0.00921597,0,0,981,0,
dark,25,b_positives_nontumor,phase Venous,557,0,0,0,0.00684971,0,0,981,0,
dark,25,b_positives_nontumor,region head,825,0,0,0,0.0046349,0,0,981,0,
dark,25,b_positives_nontumor,region body,207,0,0,0,0.0182203,0,0,981,0,
dark,25,b_positives_nontumor,region tail,195,0,0,0,0.0193199,0,0,981,0,
dark,25,b_positives_nontumor,thickness <=1.5 mm,532,0,0,0,0.00716928,0,0,981,0,
dark,25,b_positives_nontumor,thickness 1.5-2.5 mm,426,0,0,0,0.00893725,0,0,981,0,
dark,25,b_positives_nontumor,thickness 2.5-5 mm,273,0,0,0,0.0138765,0,0,981,0,
dark,25,b_positives_nontumor,thickness >5 mm,4,0,0,0,0.4899,0,0,981,0,
dark,25,b_positives_nontumor,tier abutting,174,0,0,0,0.0216012,0,0,981,0,
dark,25,b_positives_nontumor,tier embedded,111,0,0,0,0.0334513,0,0,981,0,
dark,25,b_positives_nontumor,tier inside,880,0,0,0,0.00434648,0,0,981,0,
dark,25,b_positives_nontumor,tier separated,70,0,0,0,0.0520249,0,0,981,0,
dark,25,b_positives_nontumor,nnU-Net detected,659,0,0,0,0.00579565,0,0,981,0,
dark,25,b_positives_nontumor,nnU-Net missed,576,0,0,0,0.00662526,0,0,981,0,
dark,25,b_positives_nontumor,"nnU-Net missed, 10-20mm",204,0,0,0,0.0184833,0,0,981,0,
dark,25,b_positives_nontumor,"nnU-Net missed, TARGET",74,0,0,0,0.0493515,0,0,981,0,
dark,25,a_neg_reweighted_to_pos,TARGET 10-20mm hypo/hyper enhanced,106,0,0,0,0.034974,0,,316,,
dark,25,a_neg_reweighted_to_pos,10-20mm all,275,0,0,0,0.013777,0,,316,,
dark,25,a_neg_reweighted_to_pos,10-20mm enhanced,157,0,0,0,0.0238844,0,,316,,
dark,25,a_neg_reweighted_to_pos,10-20mm iso(v3),99,0,0,0,0.0373545,0,,316,,
dark,25,a_neg_reweighted_to_pos,10-20mm iso within 5 HU,66,0,0,0,0.0550045,0,,316,,
dark,25,a_neg_reweighted_to_pos,<10mm all,86,0,0,0,0.0427597,0,,316,,
dark,25,a_neg_reweighted_to_pos,>=20mm all,874,0,0,0,0.00437619,0,,316,,
dark,25,a_neg_reweighted_to_pos,all lesions,1235,0,0,0,0.00310096,0,,316,,
dark,25,a_neg_reweighted_to_pos,"all, not separated",1165,0,0,0,0.00328667,0,,316,,
dark,25,a_neg_reweighted_to_pos,size <5,49,0,0,0,0.0727003,0,,316,,
dark,25,a_neg_reweighted_to_pos,size 5-10,37,0,0,0,0.094061,0,,316,,
dark,25,a_neg_reweighted_to_pos,size 10-20,275,0,0,0,0.013777,0,,316,,
dark,25,a_neg_reweighted_to_pos,size 20-40,597,0,0,0,0.0063937,0,,316,,
dark,25,a_neg_reweighted_to_pos,size >=40,277,0,0,0,0.0136789,0,,316,,
dark,25,a_neg_reweighted_to_pos,v3 hypo,585,0,0,0,0.006524,0,,316,,
dark,25,a_neg_reweighted_to_pos,v3 iso,461,0,0,8.67362e-19,0.00826432,0,,316,,
dark,25,a_neg_reweighted_to_pos,v3 hyper,189,0,0,0,0.019921,0,,316,,
dark,25,a_neg_reweighted_to_pos,phase Arterial,260,0,0,0,0.0145603,0,,316,,
dark,25,a_neg_reweighted_to_pos,phase Delay,4,0,0,0,0.4899,0,,316,,
dark,25,a_neg_reweighted_to_pos,phase Non-contrast,413,0,0,0,0.00921597,0,,316,,
dark,25,a_neg_reweighted_to_pos,phase Venous,557,0,0,0,0.00684971,0,,316,,
dark,25,a_neg_reweighted_to_pos,region head,825,0,0,0,0.0046349,0,,316,,
dark,25,a_neg_reweighted_to_pos,region body,207,0,0,0,0.0182203,0,,316,,
dark,25,a_neg_reweighted_to_pos,region tail,195,0,0,0,0.0193199,0,,316,,
dark,25,a_neg_reweighted_to_pos,thickness <=1.5 mm,532,0,0,0,0.00716928,0,,316,,
dark,25,a_neg_reweighted_to_pos,thickness 1.5-2.5 mm,426,0,0,0,0.00893725,0,,316,,
dark,25,a_neg_reweighted_to_pos,thickness 2.5-5 mm,273,0,0,0,0.0138765,0,,316,,
dark,25,a_neg_reweighted_to_pos,thickness >5 mm,4,0,0,0,0.4899,0,,316,,
dark,25,a_neg_reweighted_to_pos,tier abutting,174,0,0,0,0.0216012,0,,316,,
dark,25,a_neg_reweighted_to_pos,tier embedded,111,0,0,0,0.0334513,0,,316,,
dark,25,a_neg_reweighted_to_pos,tier inside,880,0,0,0,0.00434648,0,,316,,
dark,25,a_neg_reweighted_to_pos,tier separated,70,0,0,0,0.0520249,0,,316,,
dark,25,a_neg_reweighted_to_pos,nnU-Net detected,659,0,0,0,0.00579565,0,,316,,
dark,25,a_neg_reweighted_to_pos,nnU-Net missed,576,0,0,0,0.00662526,0,,316,,
dark,25,a_neg_reweighted_to_pos,"nnU-Net missed, 10-20mm",204,0,0,0,0.0184833,0,,316,,
dark,25,a_neg_reweighted_to_pos,"nnU-Net missed, TARGET",74,0,0,0,0.0493515,0,,316,,
dark,30,a_negatives,TARGET 10-20mm hypo/hyper enhanced,106,0,0,0,0.034974,0,0,316,0,
dark,30,a_negatives,10-20mm all,275,0,0,0,0.013777,0,0,316,0,
dark,30,a_negatives,10-20mm enhanced,157,0,0,0,0.0238844,0,0,316,0,
dark,30,a_negatives,10-20mm iso(v3),99,0,0,0,0.0373545,0,0,316,0,
dark,30,a_negatives,10-20mm iso within 5 HU,66,0,0,0,0.0550045,0,0,316,0,
dark,30,a_negatives,<10mm all,86,0,0,0,0.0427597,0,0,316,0,
dark,30,a_negatives,>=20mm all,874,0,0,0,0.00437619,0,0,316,0,
dark,30,a_negatives,all lesions,1235,0,0,0,0.00310096,0,0,316,0,
dark,30,a_negatives,"all, not separated",1165,0,0,0,0.00328667,0,0,316,0,
dark,30,a_negatives,size <5,49,0,0,0,0.0727003,0,0,316,0,
dark,30,a_negatives,size 5-10,37,0,0,0,0.094061,0,0,316,0,
dark,30,a_negatives,size 10-20,275,0,0,0,0.013777,0,0,316,0,
dark,30,a_negatives,size 20-40,597,0,0,0,0.0063937,0,0,316,0,
dark,30,a_negatives,size >=40,277,0,0,0,0.0136789,0,0,316,0,
dark,30,a_negatives,v3 hypo,585,0,0,0,0.006524,0,0,316,0,
dark,30,a_negatives,v3 iso,461,0,0,8.67362e-19,0.00826432,0,0,316,0,
dark,30,a_negatives,v3 hyper,189,0,0,0,0.019921,0,0,316,0,
dark,30,a_negatives,phase Arterial,260,0,0,0,0.0145603,0,0,316,0,
dark,30,a_negatives,phase Delay,4,0,0,0,0.4899,0,0,316,0,
dark,30,a_negatives,phase Non-contrast,413,0,0,0,0.00921597,0,0,316,0,
dark,30,a_negatives,phase Venous,557,0,0,0,0.00684971,0,0,316,0,
dark,30,a_negatives,region head,825,0,0,0,0.0046349,0,0,316,0,
dark,30,a_negatives,region body,207,0,0,0,0.0182203,0,0,316,0,
dark,30,a_negatives,region tail,195,0,0,0,0.0193199,0,0,316,0,
dark,30,a_negatives,thickness <=1.5 mm,532,0,0,0,0.00716928,0,0,316,0,
dark,30,a_negatives,thickness 1.5-2.5 mm,426,0,0,0,0.00893725,0,0,316,0,
dark,30,a_negatives,thickness 2.5-5 mm,273,0,0,0,0.0138765,0,0,316,0,
dark,30,a_negatives,thickness >5 mm,4,0,0,0,0.4899,0,0,316,0,
dark,30,a_negatives,tier abutting,174,0,0,0,0.0216012,0,0,316,0,
dark,30,a_negatives,tier embedded,111,0,0,0,0.0334513,0,0,316,0,
dark,30,a_negatives,tier inside,880,0,0,0,0.00434648,0,0,316,0,
dark,30,a_negatives,tier separated,70,0,0,0,0.0520249,0,0,316,0,
dark,30,a_negatives,nnU-Net detected,659,0,0,0,0.00579565,0,0,316,0,
dark,30,a_negatives,nnU-Net missed,576,0,0,0,0.00662526,0,0,316,0,
dark,30,a_negatives,"nnU-Net missed, 10-20mm",204,0,0,0,0.0184833,0,0,316,0,
dark,30,a_negatives,"nnU-Net missed, TARGET",74,0,0,0,0.0493515,0,0,316,0,
dark,30,b_positives_nontumor,TARGET 10-20mm hypo/hyper enhanced,106,0,0,0,0.034974,0,0,981,0,
dark,30,b_positives_nontumor,10-20mm all,275,0,0,0,0.013777,0,0,981,0,
dark,30,b_positives_nontumor,10-20mm enhanced,157,0,0,0,0.0238844,0,0,981,0,
dark,30,b_positives_nontumor,10-20mm iso(v3),99,0,0,0,0.0373545,0,0,981,0,
dark,30,b_positives_nontumor,10-20mm iso within 5 HU,66,0,0,0,0.0550045,0,0,981,0,
dark,30,b_positives_nontumor,<10mm all,86,0,0,0,0.0427597,0,0,981,0,
dark,30,b_positives_nontumor,>=20mm all,874,0,0,0,0.00437619,0,0,981,0,
dark,30,b_positives_nontumor,all lesions,1235,0,0,0,0.00310096,0,0,981,0,
dark,30,b_positives_nontumor,"all, not separated",1165,0,0,0,0.00328667,0,0,981,0,
dark,30,b_positives_nontumor,size <5,49,0,0,0,0.0727003,0,0,981,0,
dark,30,b_positives_nontumor,size 5-10,37,0,0,0,0.094061,0,0,981,0,
dark,30,b_positives_nontumor,size 10-20,275,0,0,0,0.013777,0,0,981,0,
dark,30,b_positives_nontumor,size 20-40,597,0,0,0,0.0063937,0,0,981,0,
dark,30,b_positives_nontumor,size >=40,277,0,0,0,0.0136789,0,0,981,0,
dark,30,b_positives_nontumor,v3 hypo,585,0,0,0,0.006524,0,0,981,0,
dark,30,b_positives_nontumor,v3 iso,461,0,0,8.67362e-19,0.00826432,0,0,981,0,
dark,30,b_positives_nontumor,v3 hyper,189,0,0,0,0.019921,0,0,981,0,
dark,30,b_positives_nontumor,phase Arterial,260,0,0,0,0.0145603,0,0,981,0,
dark,30,b_positives_nontumor,phase Delay,4,0,0,0,0.4899,0,0,981,0,
dark,30,b_positives_nontumor,phase Non-contrast,413,0,0,0,0.00921597,0,0,981,0,
dark,30,b_positives_nontumor,phase Venous,557,0,0,0,0.00684971,0,0,981,0,
dark,30,b_positives_nontumor,region head,825,0,0,0,0.0046349,0,0,981,0,
dark,30,b_positives_nontumor,region body,207,0,0,0,0.0182203,0,0,981,0,
dark,30,b_positives_nontumor,region tail,195,0,0,0,0.0193199,0,0,981,0,
dark,30,b_positives_nontumor,thickness <=1.5 mm,532,0,0,0,0.00716928,0,0,981,0,
dark,30,b_positives_nontumor,thickness 1.5-2.5 mm,426,0,0,0,0.00893725,0,0,981,0,
dark,30,b_positives_nontumor,thickness 2.5-5 mm,273,0,0,0,0.0138765,0,0,981,0,
dark,30,b_positives_nontumor,thickness >5 mm,4,0,0,0,0.4899,0,0,981,0,
dark,30,b_positives_nontumor,tier abutting,174,0,0,0,0.0216012,0,0,981,0,
dark,30,b_positives_nontumor,tier embedded,111,0,0,0,0.0334513,0,0,981,0,
dark,30,b_positives_nontumor,tier inside,880,0,0,0,0.00434648,0,0,981,0,
dark,30,b_positives_nontumor,tier separated,70,0,0,0,0.0520249,0,0,981,0,
dark,30,b_positives_nontumor,nnU-Net detected,659,0,0,0,0.00579565,0,0,981,0,
dark,30,b_positives_nontumor,nnU-Net missed,576,0,0,0,0.00662526,0,0,981,0,
dark,30,b_positives_nontumor,"nnU-Net missed, 10-20mm",204,0,0,0,0.0184833,0,0,981,0,
dark,30,b_positives_nontumor,"nnU-Net missed, TARGET",74,0,0,0,0.0493515,0,0,981,0,
dark,30,a_neg_reweighted_to_pos,TARGET 10-20mm hypo/hyper enhanced,106,0,0,0,0.034974,0,,316,,
dark,30,a_neg_reweighted_to_pos,10-20mm all,275,0,0,0,0.013777,0,,316,,
dark,30,a_neg_reweighted_to_pos,10-20mm enhanced,157,0,0,0,0.0238844,0,,316,,
dark,30,a_neg_reweighted_to_pos,10-20mm iso(v3),99,0,0,0,0.0373545,0,,316,,
dark,30,a_neg_reweighted_to_pos,10-20mm iso within 5 HU,66,0,0,0,0.0550045,0,,316,,
dark,30,a_neg_reweighted_to_pos,<10mm all,86,0,0,0,0.0427597,0,,316,,
dark,30,a_neg_reweighted_to_pos,>=20mm all,874,0,0,0,0.00437619,0,,316,,
dark,30,a_neg_reweighted_to_pos,all lesions,1235,0,0,0,0.00310096,0,,316,,
dark,30,a_neg_reweighted_to_pos,"all, not separated",1165,0,0,0,0.00328667,0,,316,,
dark,30,a_neg_reweighted_to_pos,size <5,49,0,0,0,0.0727003,0,,316,,
dark,30,a_neg_reweighted_to_pos,size 5-10,37,0,0,0,0.094061,0,,316,,
dark,30,a_neg_reweighted_to_pos,size 10-20,275,0,0,0,0.013777,0,,316,,
dark,30,a_neg_reweighted_to_pos,size 20-40,597,0,0,0,0.0063937,0,,316,,
dark,30,a_neg_reweighted_to_pos,size >=40,277,0,0,0,0.0136789,0,,316,,
dark,30,a_neg_reweighted_to_pos,v3 hypo,585,0,0,0,0.006524,0,,316,,
dark,30,a_neg_reweighted_to_pos,v3 iso,461,0,0,8.67362e-19,0.00826432,0,,316,,
dark,30,a_neg_reweighted_to_pos,v3 hyper,189,0,0,0,0.019921,0,,316,,
dark,30,a_neg_reweighted_to_pos,phase Arterial,260,0,0,0,0.0145603,0,,316,,
dark,30,a_neg_reweighted_to_pos,phase Delay,4,0,0,0,0.4899,0,,316,,
dark,30,a_neg_reweighted_to_pos,phase Non-contrast,413,0,0,0,0.00921597,0,,316,,
dark,30,a_neg_reweighted_to_pos,phase Venous,557,0,0,0,0.00684971,0,,316,,
dark,30,a_neg_reweighted_to_pos,region head,825,0,0,0,0.0046349,0,,316,,
dark,30,a_neg_reweighted_to_pos,region body,207,0,0,0,0.0182203,0,,316,,
dark,30,a_neg_reweighted_to_pos,region tail,195,0,0,0,0.0193199,0,,316,,
dark,30,a_neg_reweighted_to_pos,thickness <=1.5 mm,532,0,0,0,0.00716928,0,,316,,
dark,30,a_neg_reweighted_to_pos,thickness 1.5-2.5 mm,426,0,0,0,0.00893725,0,,316,,
dark,30,a_neg_reweighted_to_pos,thickness 2.5-5 mm,273,0,0,0,0.0138765,0,,316,,
dark,30,a_neg_reweighted_to_pos,thickness >5 mm,4,0,0,0,0.4899,0,,316,,
dark,30,a_neg_reweighted_to_pos,tier abutting,174,0,0,0,0.0216012,0,,316,,
dark,30,a_neg_reweighted_to_pos,tier embedded,111,0,0,0,0.0334513,0,,316,,
dark,30,a_neg_reweighted_to_pos,tier inside,880,0,0,0,0.00434648,0,,316,,
dark,30,a_neg_reweighted_to_pos,tier separated,70,0,0,0,0.0520249,0,,316,,
dark,30,a_neg_reweighted_to_pos,nnU-Net detected,659,0,0,0,0.00579565,0,,316,,
dark,30,a_neg_reweighted_to_pos,nnU-Net missed,576,0,0,0,0.00662526,0,,316,,
dark,30,a_neg_reweighted_to_pos,"nnU-Net missed, 10-20mm",204,0,0,0,0.0184833,0,,316,,
dark,30,a_neg_reweighted_to_pos,"nnU-Net missed, TARGET",74,0,0,0,0.0493515,0,,316,,
bright,2,a_negatives,TARGET 10-20mm hypo/hyper enhanced,106,15,0.141509,0.0876696,0.220425,48.5063,39.1776,316,0.93038,
bright,2,a_negatives,10-20mm all,275,37,0.134545,0.0992122,0.179948,48.5063,39.1776,316,0.93038,
bright,2,a_negatives,10-20mm enhanced,157,22,0.140127,0.0943927,0.203053,48.5063,39.1776,316,0.93038,
bright,2,a_negatives,10-20mm iso(v3),99,13,0.131313,0.0783717,0.211799,48.5063,39.1776,316,0.93038,
bright,2,a_negatives,10-20mm iso within 5 HU,66,10,0.151515,0.0844355,0.256931,48.5063,39.1776,316,0.93038,
bright,2,a_negatives,<10mm all,86,1,0.0116279,0.00205552,0.0629656,48.5063,39.1776,316,0.93038,
bright,2,a_negatives,>=20mm all,874,451,0.516018,0.482889,0.549008,48.5063,39.1776,316,0.93038,
bright,2,a_negatives,all lesions,1235,489,0.395951,0.369039,0.42351,48.5063,39.1776,316,0.93038,
bright,2,a_negatives,"all, not separated",1165,489,0.419742,0.391712,0.448301,48.5063,39.1776,316,0.93038,
bright,2,a_negatives,size <5,49,0,0,0,0.0727003,48.5063,39.1776,316,0.93038,
bright,2,a_negatives,size 5-10,37,1,0.027027,0.00478685,0.138244,48.5063,39.1776,316,0.93038,
bright,2,a_negatives,size 10-20,275,37,0.134545,0.0992122,0.179948,48.5063,39.1776,316,0.93038,
bright,2,a_negatives,size 20-40,597,251,0.420436,0.38147,0.460418,48.5063,39.1776,316,0.93038,
bright,2,a_negatives,size >=40,277,200,0.722022,0.6665,0.77147,48.5063,39.1776,316,0.93038,
bright,2,a_negatives,v3 hypo,585,202,0.345299,0.307891,0.384726,48.5063,39.1776,316,0.93038,
bright,2,a_negatives,v3 iso,461,192,0.416486,0.372355,0.461997,48.5063,39.1776,316,0.93038,
bright,2,a_negatives,v3 hyper,189,95,0.502646,0.432023,0.573163,48.5063,39.1776,316,0.93038,
bright,2,a_negatives,phase Arterial,260,117,0.45,0.390693,0.510763,48.5063,39.1776,316,0.93038,
bright,2,a_negatives,phase Delay,4,0,0,0,0.4899,48.5063,39.1776,316,0.93038,
bright,2,a_negatives,phase Non-contrast,413,119,0.288136,0.246567,0.33361,48.5063,39.1776,316,0.93038,
bright,2,a_negatives,phase Venous,557,252,0.452424,0.411555,0.493945,48.5063,39.1776,316,0.93038,
bright,2,a_negatives,region head,825,336,0.407273,0.37425,0.441155,48.5063,39.1776,316,0.93038,
bright,2,a_negatives,region body,207,71,0.342995,0.281714,0.409997,48.5063,39.1776,316,0.93038,
bright,2,a_negatives,region tail,195,82,0.420513,0.353417,0.49068,48.5063,39.1776,316,0.93038,
bright,2,a_negatives,thickness <=1.5 mm,532,154,0.289474,0.252553,0.329413,48.5063,39.1776,316,0.93038,
bright,2,a_negatives,thickness 1.5-2.5 mm,426,225,0.528169,0.480723,0.575111,48.5063,39.1776,316,0.93038,
bright,2,a_negatives,thickness 2.5-5 mm,273,110,0.40293,0.346483,0.462072,48.5063,39.1776,316,0.93038,
bright,2,a_negatives,thickness >5 mm,4,0,0,0,0.4899,48.5063,39.1776,316,0.93038,
bright,2,a_negatives,tier abutting,174,51,0.293103,0.230523,0.364622,48.5063,39.1776,316,0.93038,
bright,2,a_negatives,tier embedded,111,14,0.126126,0.0766379,0.200628,48.5063,39.1776,316,0.93038,
bright,2,a_negatives,tier inside,880,424,0.481818,0.448955,0.514839,48.5063,39.1776,316,0.93038,
bright,2,a_negatives,tier separated,70,0,0,0,0.0520249,48.5063,39.1776,316,0.93038,
bright,2,a_negatives,nnU-Net detected,659,362,0.549317,0.511151,0.586911,48.5063,39.1776,316,0.93038,
bright,2,a_negatives,nnU-Net missed,576,127,0.220486,0.188543,0.256133,48.5063,39.1776,316,0.93038,
bright,2,a_negatives,"nnU-Net missed, 10-20mm",204,29,0.142157,0.100836,0.196706,48.5063,39.1776,316,0.93038,
bright,2,a_negatives,"nnU-Net missed, TARGET",74,11,0.148649,0.0850797,0.246897,48.5063,39.1776,316,0.93038,
bright,2,b_positives_nontumor,TARGET 10-20mm hypo/hyper enhanced,106,15,0.141509,0.0876696,0.220425,41.6167,41.1063,981,0.0744139,
bright,2,b_positives_nontumor,10-20mm all,275,37,0.134545,0.0992122,0.179948,41.6167,41.1063,981,0.0744139,
bright,2,b_positives_nontumor,10-20mm enhanced,157,22,0.140127,0.0943927,0.203053,41.6167,41.1063,981,0.0744139,
bright,2,b_positives_nontumor,10-20mm iso(v3),99,13,0.131313,0.0783717,0.211799,41.6167,41.1063,981,0.0744139,
bright,2,b_positives_nontumor,10-20mm iso within 5 HU,66,10,0.151515,0.0844355,0.256931,41.6167,41.1063,981,0.0744139,
bright,2,b_positives_nontumor,<10mm all,86,1,0.0116279,0.00205552,0.0629656,41.6167,41.1063,981,0.0744139,
bright,2,b_positives_nontumor,>=20mm all,874,451,0.516018,0.482889,0.549008,41.6167,41.1063,981,0.0744139,
bright,2,b_positives_nontumor,all lesions,1235,489,0.395951,0.369039,0.42351,41.6167,41.1063,981,0.0744139,
bright,2,b_positives_nontumor,"all, not separated",1165,489,0.419742,0.391712,0.448301,41.6167,41.1063,981,0.0744139,
bright,2,b_positives_nontumor,size <5,49,0,0,0,0.0727003,41.6167,41.1063,981,0.0744139,
bright,2,b_positives_nontumor,size 5-10,37,1,0.027027,0.00478685,0.138244,41.6167,41.1063,981,0.0744139,
bright,2,b_positives_nontumor,size 10-20,275,37,0.134545,0.0992122,0.179948,41.6167,41.1063,981,0.0744139,
bright,2,b_positives_nontumor,size 20-40,597,251,0.420436,0.38147,0.460418,41.6167,41.1063,981,0.0744139,
bright,2,b_positives_nontumor,size >=40,277,200,0.722022,0.6665,0.77147,41.6167,41.1063,981,0.0744139,
bright,2,b_positives_nontumor,v3 hypo,585,202,0.345299,0.307891,0.384726,41.6167,41.1063,981,0.0744139,
bright,2,b_positives_nontumor,v3 iso,461,192,0.416486,0.372355,0.461997,41.6167,41.1063,981,0.0744139,
bright,2,b_positives_nontumor,v3 hyper,189,95,0.502646,0.432023,0.573163,41.6167,41.1063,981,0.0744139,
bright,2,b_positives_nontumor,phase Arterial,260,117,0.45,0.390693,0.510763,41.6167,41.1063,981,0.0744139,
bright,2,b_positives_nontumor,phase Delay,4,0,0,0,0.4899,41.6167,41.1063,981,0.0744139,
bright,2,b_positives_nontumor,phase Non-contrast,413,119,0.288136,0.246567,0.33361,41.6167,41.1063,981,0.0744139,
bright,2,b_positives_nontumor,phase Venous,557,252,0.452424,0.411555,0.493945,41.6167,41.1063,981,0.0744139,
bright,2,b_positives_nontumor,region head,825,336,0.407273,0.37425,0.441155,41.6167,41.1063,981,0.0744139,
bright,2,b_positives_nontumor,region body,207,71,0.342995,0.281714,0.409997,41.6167,41.1063,981,0.0744139,
bright,2,b_positives_nontumor,region tail,195,82,0.420513,0.353417,0.49068,41.6167,41.1063,981,0.0744139,
bright,2,b_positives_nontumor,thickness <=1.5 mm,532,154,0.289474,0.252553,0.329413,41.6167,41.1063,981,0.0744139,
bright,2,b_positives_nontumor,thickness 1.5-2.5 mm,426,225,0.528169,0.480723,0.575111,41.6167,41.1063,981,0.0744139,
bright,2,b_positives_nontumor,thickness 2.5-5 mm,273,110,0.40293,0.346483,0.462072,41.6167,41.1063,981,0.0744139,
bright,2,b_positives_nontumor,thickness >5 mm,4,0,0,0,0.4899,41.6167,41.1063,981,0.0744139,
bright,2,b_positives_nontumor,tier abutting,174,51,0.293103,0.230523,0.364622,41.6167,41.1063,981,0.0744139,
bright,2,b_positives_nontumor,tier embedded,111,14,0.126126,0.0766379,0.200628,41.6167,41.1063,981,0.0744139,
bright,2,b_positives_nontumor,tier inside,880,424,0.481818,0.448955,0.514839,41.6167,41.1063,981,0.0744139,
bright,2,b_positives_nontumor,tier separated,70,0,0,0,0.0520249,41.6167,41.1063,981,0.0744139,
bright,2,b_positives_nontumor,nnU-Net detected,659,362,0.549317,0.511151,0.586911,41.6167,41.1063,981,0.0744139,
bright,2,b_positives_nontumor,nnU-Net missed,576,127,0.220486,0.188543,0.256133,41.6167,41.1063,981,0.0744139,
bright,2,b_positives_nontumor,"nnU-Net missed, 10-20mm",204,29,0.142157,0.100836,0.196706,41.6167,41.1063,981,0.0744139,
bright,2,b_positives_nontumor,"nnU-Net missed, TARGET",74,11,0.148649,0.0850797,0.246897,41.6167,41.1063,981,0.0744139,
bright,2,a_neg_reweighted_to_pos,TARGET 10-20mm hypo/hyper enhanced,106,15,0.141509,0.0876696,0.220425,48.532,,316,,
bright,2,a_neg_reweighted_to_pos,10-20mm all,275,37,0.134545,0.0992122,0.179948,48.532,,316,,
bright,2,a_neg_reweighted_to_pos,10-20mm enhanced,157,22,0.140127,0.0943927,0.203053,48.532,,316,,
bright,2,a_neg_reweighted_to_pos,10-20mm iso(v3),99,13,0.131313,0.0783717,0.211799,48.532,,316,,
bright,2,a_neg_reweighted_to_pos,10-20mm iso within 5 HU,66,10,0.151515,0.0844355,0.256931,48.532,,316,,
bright,2,a_neg_reweighted_to_pos,<10mm all,86,1,0.0116279,0.00205552,0.0629656,48.532,,316,,
bright,2,a_neg_reweighted_to_pos,>=20mm all,874,451,0.516018,0.482889,0.549008,48.532,,316,,
bright,2,a_neg_reweighted_to_pos,all lesions,1235,489,0.395951,0.369039,0.42351,48.532,,316,,
bright,2,a_neg_reweighted_to_pos,"all, not separated",1165,489,0.419742,0.391712,0.448301,48.532,,316,,
bright,2,a_neg_reweighted_to_pos,size <5,49,0,0,0,0.0727003,48.532,,316,,
bright,2,a_neg_reweighted_to_pos,size 5-10,37,1,0.027027,0.00478685,0.138244,48.532,,316,,
bright,2,a_neg_reweighted_to_pos,size 10-20,275,37,0.134545,0.0992122,0.179948,48.532,,316,,
bright,2,a_neg_reweighted_to_pos,size 20-40,597,251,0.420436,0.38147,0.460418,48.532,,316,,
bright,2,a_neg_reweighted_to_pos,size >=40,277,200,0.722022,0.6665,0.77147,48.532,,316,,
bright,2,a_neg_reweighted_to_pos,v3 hypo,585,202,0.345299,0.307891,0.384726,48.532,,316,,
bright,2,a_neg_reweighted_to_pos,v3 iso,461,192,0.416486,0.372355,0.461997,48.532,,316,,
bright,2,a_neg_reweighted_to_pos,v3 hyper,189,95,0.502646,0.432023,0.573163,48.532,,316,,
bright,2,a_neg_reweighted_to_pos,phase Arterial,260,117,0.45,0.390693,0.510763,48.532,,316,,
bright,2,a_neg_reweighted_to_pos,phase Delay,4,0,0,0,0.4899,48.532,,316,,
bright,2,a_neg_reweighted_to_pos,phase Non-contrast,413,119,0.288136,0.246567,0.33361,48.532,,316,,
bright,2,a_neg_reweighted_to_pos,phase Venous,557,252,0.452424,0.411555,0.493945,48.532,,316,,
bright,2,a_neg_reweighted_to_pos,region head,825,336,0.407273,0.37425,0.441155,48.532,,316,,
bright,2,a_neg_reweighted_to_pos,region body,207,71,0.342995,0.281714,0.409997,48.532,,316,,
bright,2,a_neg_reweighted_to_pos,region tail,195,82,0.420513,0.353417,0.49068,48.532,,316,,
bright,2,a_neg_reweighted_to_pos,thickness <=1.5 mm,532,154,0.289474,0.252553,0.329413,48.532,,316,,
bright,2,a_neg_reweighted_to_pos,thickness 1.5-2.5 mm,426,225,0.528169,0.480723,0.575111,48.532,,316,,
bright,2,a_neg_reweighted_to_pos,thickness 2.5-5 mm,273,110,0.40293,0.346483,0.462072,48.532,,316,,
bright,2,a_neg_reweighted_to_pos,thickness >5 mm,4,0,0,0,0.4899,48.532,,316,,
bright,2,a_neg_reweighted_to_pos,tier abutting,174,51,0.293103,0.230523,0.364622,48.532,,316,,
bright,2,a_neg_reweighted_to_pos,tier embedded,111,14,0.126126,0.0766379,0.200628,48.532,,316,,
bright,2,a_neg_reweighted_to_pos,tier inside,880,424,0.481818,0.448955,0.514839,48.532,,316,,
bright,2,a_neg_reweighted_to_pos,tier separated,70,0,0,0,0.0520249,48.532,,316,,
bright,2,a_neg_reweighted_to_pos,nnU-Net detected,659,362,0.549317,0.511151,0.586911,48.532,,316,,
bright,2,a_neg_reweighted_to_pos,nnU-Net missed,576,127,0.220486,0.188543,0.256133,48.532,,316,,
bright,2,a_neg_reweighted_to_pos,"nnU-Net missed, 10-20mm",204,29,0.142157,0.100836,0.196706,48.532,,316,,
bright,2,a_neg_reweighted_to_pos,"nnU-Net missed, TARGET",74,11,0.148649,0.0850797,0.246897,48.532,,316,,
bright,3,a_negatives,TARGET 10-20mm hypo/hyper enhanced,106,11,0.103774,0.058939,0.176323,37.1551,30.0094,316,0.439873,
bright,3,a_negatives,10-20mm all,275,24,0.0872727,0.059347,0.126571,37.1551,30.0094,316,0.439873,
bright,3,a_negatives,10-20mm enhanced,157,14,0.089172,0.0538603,0.144108,37.1551,30.0094,316,0.439873,
bright,3,a_negatives,10-20mm iso(v3),99,9,0.0909091,0.0485652,0.163816,37.1551,30.0094,316,0.439873,
bright,3,a_negatives,10-20mm iso within 5 HU,66,7,0.106061,0.0523328,0.203125,37.1551,30.0094,316,0.439873,
bright,3,a_negatives,<10mm all,86,1,0.0116279,0.00205552,0.0629656,37.1551,30.0094,316,0.439873,
bright,3,a_negatives,>=20mm all,874,381,0.435927,0.403402,0.469012,37.1551,30.0094,316,0.439873,
bright,3,a_negatives,all lesions,1235,406,0.328745,0.303112,0.35544,37.1551,30.0094,316,0.439873,
bright,3,a_negatives,"all, not separated",1165,406,0.348498,0.321674,0.376318,37.1551,30.0094,316,0.439873,
bright,3,a_negatives,size <5,49,0,0,0,0.0727003,37.1551,30.0094,316,0.439873,
bright,3,a_negatives,size 5-10,37,1,0.027027,0.00478685,0.138244,37.1551,30.0094,316,0.439873,
bright,3,a_negatives,size 10-20,275,24,0.0872727,0.059347,0.126571,37.1551,30.0094,316,0.439873,
bright,3,a_negatives,size 20-40,597,189,0.316583,0.280544,0.354967,37.1551,30.0094,316,0.439873,
bright,3,a_negatives,size >=40,277,192,0.693141,0.636495,0.744503,37.1551,30.0094,316,0.439873,
bright,3,a_negatives,v3 hypo,585,174,0.297436,0.261811,0.335704,37.1551,30.0094,316,0.439873,
bright,3,a_negatives,v3 iso,461,161,0.349241,0.30713,0.393843,37.1551,30.0094,316,0.439873,
bright,3,a_negatives,v3 hyper,189,71,0.375661,0.309739,0.446537,37.1551,30.0094,316,0.439873,
bright,3,a_negatives,phase Arterial,260,104,0.4,0.342324,0.460588,37.1551,30.0094,316,0.439873,
bright,3,a_negatives,phase Delay,4,0,0,0,0.4899,37.1551,30.0094,316,0.439873,
bright,3,a_negatives,phase Non-contrast,413,97,0.234867,0.196541,0.278079,37.1551,30.0094,316,0.439873,
bright,3,a_negatives,phase Venous,557,204,0.366248,0.32728,0.407048,37.1551,30.0094,316,0.439873,
bright,3,a_negatives,region head,825,273,0.330909,0.299649,0.363737,37.1551,30.0094,316,0.439873,
bright,3,a_negatives,region body,207,64,0.309179,0.250176,0.375135,37.1551,30.0094,316,0.439873,
bright,3,a_negatives,region tail,195,69,0.353846,0.290147,0.423192,37.1551,30.0094,316,0.439873,
bright,3,a_negatives,thickness <=1.5 mm,532,136,0.255639,0.220414,0.294368,37.1551,30.0094,316,0.439873,
bright,3,a_negatives,thickness 1.5-2.5 mm,426,176,0.413146,0.367365,0.460478,37.1551,30.0094,316,0.439873,
bright,3,a_negatives,thickness 2.5-5 mm,273,94,0.344322,0.290469,0.402496,37.1551,30.0094,316,0.439873,
bright,3,a_negatives,thickness >5 mm,4,0,0,0,0.4899,37.1551,30.0094,316,0.439873,
bright,3,a_negatives,tier abutting,174,40,0.229885,0.173605,0.297835,37.1551,30.0094,316,0.439873,
bright,3,a_negatives,tier embedded,111,13,0.117117,0.0697343,0.190116,37.1551,30.0094,316,0.439873,
bright,3,a_negatives,tier inside,880,353,0.401136,0.36925,0.433882,37.1551,30.0094,316,0.439873,
bright,3,a_negatives,tier separated,70,0,0,0,0.0520249,37.1551,30.0094,316,0.439873,
bright,3,a_negatives,nnU-Net detected,659,305,0.462822,0.425078,0.500998,37.1551,30.0094,316,0.439873,
bright,3,a_negatives,nnU-Net missed,576,101,0.175347,0.146472,0.208525,37.1551,30.0094,316,0.439873,
bright,3,a_negatives,"nnU-Net missed, 10-20mm",204,19,0.0931373,0.0604367,0.140878,37.1551,30.0094,316,0.439873,
bright,3,a_negatives,"nnU-Net missed, TARGET",74,7,0.0945946,0.0465793,0.182625,37.1551,30.0094,316,0.439873,
bright,3,b_positives_nontumor,TARGET 10-20mm hypo/hyper enhanced,106,11,0.103774,0.058939,0.176323,33.5076,33.0967,981,0.0509684,
bright,3,b_positives_nontumor,10-20mm all,275,24,0.0872727,0.059347,0.126571,33.5076,33.0967,981,0.0509684,
bright,3,b_positives_nontumor,10-20mm enhanced,157,14,0.089172,0.0538603,0.144108,33.5076,33.0967,981,0.0509684,
bright,3,b_positives_nontumor,10-20mm iso(v3),99,9,0.0909091,0.0485652,0.163816,33.5076,33.0967,981,0.0509684,
bright,3,b_positives_nontumor,10-20mm iso within 5 HU,66,7,0.106061,0.0523328,0.203125,33.5076,33.0967,981,0.0509684,
bright,3,b_positives_nontumor,<10mm all,86,1,0.0116279,0.00205552,0.0629656,33.5076,33.0967,981,0.0509684,
bright,3,b_positives_nontumor,>=20mm all,874,381,0.435927,0.403402,0.469012,33.5076,33.0967,981,0.0509684,
bright,3,b_positives_nontumor,all lesions,1235,406,0.328745,0.303112,0.35544,33.5076,33.0967,981,0.0509684,
bright,3,b_positives_nontumor,"all, not separated",1165,406,0.348498,0.321674,0.376318,33.5076,33.0967,981,0.0509684,
bright,3,b_positives_nontumor,size <5,49,0,0,0,0.0727003,33.5076,33.0967,981,0.0509684,
bright,3,b_positives_nontumor,size 5-10,37,1,0.027027,0.00478685,0.138244,33.5076,33.0967,981,0.0509684,
bright,3,b_positives_nontumor,size 10-20,275,24,0.0872727,0.059347,0.126571,33.5076,33.0967,981,0.0509684,
bright,3,b_positives_nontumor,size 20-40,597,189,0.316583,0.280544,0.354967,33.5076,33.0967,981,0.0509684,
bright,3,b_positives_nontumor,size >=40,277,192,0.693141,0.636495,0.744503,33.5076,33.0967,981,0.0509684,
bright,3,b_positives_nontumor,v3 hypo,585,174,0.297436,0.261811,0.335704,33.5076,33.0967,981,0.0509684,
bright,3,b_positives_nontumor,v3 iso,461,161,0.349241,0.30713,0.393843,33.5076,33.0967,981,0.0509684,
bright,3,b_positives_nontumor,v3 hyper,189,71,0.375661,0.309739,0.446537,33.5076,33.0967,981,0.0509684,
bright,3,b_positives_nontumor,phase Arterial,260,104,0.4,0.342324,0.460588,33.5076,33.0967,981,0.0509684,
bright,3,b_positives_nontumor,phase Delay,4,0,0,0,0.4899,33.5076,33.0967,981,0.0509684,
bright,3,b_positives_nontumor,phase Non-contrast,413,97,0.234867,0.196541,0.278079,33.5076,33.0967,981,0.0509684,
bright,3,b_positives_nontumor,phase Venous,557,204,0.366248,0.32728,0.407048,33.5076,33.0967,981,0.0509684,
bright,3,b_positives_nontumor,region head,825,273,0.330909,0.299649,0.363737,33.5076,33.0967,981,0.0509684,
bright,3,b_positives_nontumor,region body,207,64,0.309179,0.250176,0.375135,33.5076,33.0967,981,0.0509684,
bright,3,b_positives_nontumor,region tail,195,69,0.353846,0.290147,0.423192,33.5076,33.0967,981,0.0509684,
bright,3,b_positives_nontumor,thickness <=1.5 mm,532,136,0.255639,0.220414,0.294368,33.5076,33.0967,981,0.0509684,
bright,3,b_positives_nontumor,thickness 1.5-2.5 mm,426,176,0.413146,0.367365,0.460478,33.5076,33.0967,981,0.0509684,
bright,3,b_positives_nontumor,thickness 2.5-5 mm,273,94,0.344322,0.290469,0.402496,33.5076,33.0967,981,0.0509684,
bright,3,b_positives_nontumor,thickness >5 mm,4,0,0,0,0.4899,33.5076,33.0967,981,0.0509684,
bright,3,b_positives_nontumor,tier abutting,174,40,0.229885,0.173605,0.297835,33.5076,33.0967,981,0.0509684,
bright,3,b_positives_nontumor,tier embedded,111,13,0.117117,0.0697343,0.190116,33.5076,33.0967,981,0.0509684,
bright,3,b_positives_nontumor,tier inside,880,353,0.401136,0.36925,0.433882,33.5076,33.0967,981,0.0509684,
bright,3,b_positives_nontumor,tier separated,70,0,0,0,0.0520249,33.5076,33.0967,981,0.0509684,
bright,3,b_positives_nontumor,nnU-Net detected,659,305,0.462822,0.425078,0.500998,33.5076,33.0967,981,0.0509684,
bright,3,b_positives_nontumor,nnU-Net missed,576,101,0.175347,0.146472,0.208525,33.5076,33.0967,981,0.0509684,
bright,3,b_positives_nontumor,"nnU-Net missed, 10-20mm",204,19,0.0931373,0.0604367,0.140878,33.5076,33.0967,981,0.0509684,
bright,3,b_positives_nontumor,"nnU-Net missed, TARGET",74,7,0.0945946,0.0465793,0.182625,33.5076,33.0967,981,0.0509684,
bright,3,a_neg_reweighted_to_pos,TARGET 10-20mm hypo/hyper enhanced,106,11,0.103774,0.058939,0.176323,37.2836,,316,,
bright,3,a_neg_reweighted_to_pos,10-20mm all,275,24,0.0872727,0.059347,0.126571,37.2836,,316,,
bright,3,a_neg_reweighted_to_pos,10-20mm enhanced,157,14,0.089172,0.0538603,0.144108,37.2836,,316,,
bright,3,a_neg_reweighted_to_pos,10-20mm iso(v3),99,9,0.0909091,0.0485652,0.163816,37.2836,,316,,
bright,3,a_neg_reweighted_to_pos,10-20mm iso within 5 HU,66,7,0.106061,0.0523328,0.203125,37.2836,,316,,
bright,3,a_neg_reweighted_to_pos,<10mm all,86,1,0.0116279,0.00205552,0.0629656,37.2836,,316,,
bright,3,a_neg_reweighted_to_pos,>=20mm all,874,381,0.435927,0.403402,0.469012,37.2836,,316,,
bright,3,a_neg_reweighted_to_pos,all lesions,1235,406,0.328745,0.303112,0.35544,37.2836,,316,,
bright,3,a_neg_reweighted_to_pos,"all, not separated",1165,406,0.348498,0.321674,0.376318,37.2836,,316,,
bright,3,a_neg_reweighted_to_pos,size <5,49,0,0,0,0.0727003,37.2836,,316,,
bright,3,a_neg_reweighted_to_pos,size 5-10,37,1,0.027027,0.00478685,0.138244,37.2836,,316,,
bright,3,a_neg_reweighted_to_pos,size 10-20,275,24,0.0872727,0.059347,0.126571,37.2836,,316,,
bright,3,a_neg_reweighted_to_pos,size 20-40,597,189,0.316583,0.280544,0.354967,37.2836,,316,,
bright,3,a_neg_reweighted_to_pos,size >=40,277,192,0.693141,0.636495,0.744503,37.2836,,316,,
bright,3,a_neg_reweighted_to_pos,v3 hypo,585,174,0.297436,0.261811,0.335704,37.2836,,316,,
bright,3,a_neg_reweighted_to_pos,v3 iso,461,161,0.349241,0.30713,0.393843,37.2836,,316,,
bright,3,a_neg_reweighted_to_pos,v3 hyper,189,71,0.375661,0.309739,0.446537,37.2836,,316,,
bright,3,a_neg_reweighted_to_pos,phase Arterial,260,104,0.4,0.342324,0.460588,37.2836,,316,,
bright,3,a_neg_reweighted_to_pos,phase Delay,4,0,0,0,0.4899,37.2836,,316,,
bright,3,a_neg_reweighted_to_pos,phase Non-contrast,413,97,0.234867,0.196541,0.278079,37.2836,,316,,
bright,3,a_neg_reweighted_to_pos,phase Venous,557,204,0.366248,0.32728,0.407048,37.2836,,316,,
bright,3,a_neg_reweighted_to_pos,region head,825,273,0.330909,0.299649,0.363737,37.2836,,316,,
bright,3,a_neg_reweighted_to_pos,region body,207,64,0.309179,0.250176,0.375135,37.2836,,316,,
bright,3,a_neg_reweighted_to_pos,region tail,195,69,0.353846,0.290147,0.423192,37.2836,,316,,
bright,3,a_neg_reweighted_to_pos,thickness <=1.5 mm,532,136,0.255639,0.220414,0.294368,37.2836,,316,,
bright,3,a_neg_reweighted_to_pos,thickness 1.5-2.5 mm,426,176,0.413146,0.367365,0.460478,37.2836,,316,,
bright,3,a_neg_reweighted_to_pos,thickness 2.5-5 mm,273,94,0.344322,0.290469,0.402496,37.2836,,316,,
bright,3,a_neg_reweighted_to_pos,thickness >5 mm,4,0,0,0,0.4899,37.2836,,316,,
bright,3,a_neg_reweighted_to_pos,tier abutting,174,40,0.229885,0.173605,0.297835,37.2836,,316,,
bright,3,a_neg_reweighted_to_pos,tier embedded,111,13,0.117117,0.0697343,0.190116,37.2836,,316,,
bright,3,a_neg_reweighted_to_pos,tier inside,880,353,0.401136,0.36925,0.433882,37.2836,,316,,
bright,3,a_neg_reweighted_to_pos,tier separated,70,0,0,0,0.0520249,37.2836,,316,,
bright,3,a_neg_reweighted_to_pos,nnU-Net detected,659,305,0.462822,0.425078,0.500998,37.2836,,316,,
bright,3,a_neg_reweighted_to_pos,nnU-Net missed,576,101,0.175347,0.146472,0.208525,37.2836,,316,,
bright,3,a_neg_reweighted_to_pos,"nnU-Net missed, 10-20mm",204,19,0.0931373,0.0604367,0.140878,37.2836,,316,,
bright,3,a_neg_reweighted_to_pos,"nnU-Net missed, TARGET",74,7,0.0945946,0.0465793,0.182625,37.2836,,316,,
bright,4,a_negatives,TARGET 10-20mm hypo/hyper enhanced,106,7,0.0660377,0.0323537,0.130077,14.0823,11.374,316,0.0253165,
bright,4,a_negatives,10-20mm all,275,13,0.0472727,0.0278313,0.0791886,14.0823,11.374,316,0.0253165,
bright,4,a_negatives,10-20mm enhanced,157,7,0.044586,0.0217625,0.0891641,14.0823,11.374,316,0.0253165,
bright,4,a_negatives,10-20mm iso(v3),99,5,0.0505051,0.0217629,0.112829,14.0823,11.374,316,0.0253165,
bright,4,a_negatives,10-20mm iso within 5 HU,66,4,0.0606061,0.0238182,0.145731,14.0823,11.374,316,0.0253165,
bright,4,a_negatives,<10mm all,86,1,0.0116279,0.00205552,0.0629656,14.0823,11.374,316,0.0253165,
bright,4,a_negatives,>=20mm all,874,241,0.275744,0.247146,0.306304,14.0823,11.374,316,0.0253165,
bright,4,a_negatives,all lesions,1235,255,0.206478,0.184829,0.229947,14.0823,11.374,316,0.0253165,
bright,4,a_negatives,"all, not separated",1165,255,0.218884,0.196085,0.243531,14.0823,11.374,316,0.0253165,
bright,4,a_negatives,size <5,49,0,0,0,0.0727003,14.0823,11.374,316,0.0253165,
bright,4,a_negatives,size 5-10,37,1,0.027027,0.00478685,0.138244,14.0823,11.374,316,0.0253165,
bright,4,a_negatives,size 10-20,275,13,0.0472727,0.0278313,0.0791886,14.0823,11.374,316,0.0253165,
bright,4,a_negatives,size 20-40,597,96,0.160804,0.133519,0.192426,14.0823,11.374,316,0.0253165,
bright,4,a_negatives,size >=40,277,145,0.523466,0.46473,0.58156,14.0823,11.374,316,0.0253165,
bright,4,a_negatives,v3 hypo,585,110,0.188034,0.158443,0.221696,14.0823,11.374,316,0.0253165,
bright,4,a_negatives,v3 iso,461,94,0.203905,0.169643,0.24306,14.0823,11.374,316,0.0253165,
bright,4,a_negatives,v3 hyper,189,51,0.269841,0.211609,0.337243,14.0823,11.374,316,0.0253165,
bright,4,a_negatives,phase Arterial,260,69,0.265385,0.215413,0.322189,14.0823,11.374,316,0.0253165,
bright,4,a_negatives,phase Delay,4,0,0,0,0.4899,14.0823,11.374,316,0.0253165,
bright,4,a_negatives,phase Non-contrast,413,55,0.133172,0.103761,0.169344,14.0823,11.374,316,0.0253165,
bright,4,a_negatives,phase Venous,557,131,0.235189,0.201854,0.27215,14.0823,11.374,316,0.0253165,
bright,4,a_negatives,region head,825,179,0.21697,0.190189,0.246374,14.0823,11.374,316,0.0253165,
bright,4,a_negatives,region body,207,37,0.178744,0.13255,0.236644,14.0823,11.374,316,0.0253165,
bright,4,a_negatives,region tail,195,39,0.2,0.149896,0.261696,14.0823,11.374,316,0.0253165,
bright,4,a_negatives,thickness <=1.5 mm,532,90,0.169173,0.139712,0.203377,14.0823,11.374,316,0.0253165,
bright,4,a_negatives,thickness 1.5-2.5 mm,426,108,0.253521,0.214539,0.296909,14.0823,11.374,316,0.0253165,
bright,4,a_negatives,thickness 2.5-5 mm,273,57,0.208791,0.164783,0.260881,14.0823,11.374,316,0.0253165,
bright,4,a_negatives,thickness >5 mm,4,0,0,0,0.4899,14.0823,11.374,316,0.0253165,
bright,4,a_negatives,tier abutting,174,27,0.155172,0.108888,0.216354,14.0823,11.374,316,0.0253165,
bright,4,a_negatives,tier embedded,111,10,0.0900901,0.0496712,0.157933,14.0823,11.374,316,0.0253165,
bright,4,a_negatives,tier inside,880,218,0.247727,0.220342,0.277305,14.0823,11.374,316,0.0253165,
bright,4,a_negatives,tier separated,70,0,0,0,0.0520249,14.0823,11.374,316,0.0253165,
bright,4,a_negatives,nnU-Net detected,659,198,0.300455,0.266691,0.336533,14.0823,11.374,316,0.0253165,
bright,4,a_negatives,nnU-Net missed,576,57,0.0989583,0.0771653,0.126065,14.0823,11.374,316,0.0253165,
bright,4,a_negatives,"nnU-Net missed, 10-20mm",204,11,0.0539216,0.0303721,0.093961,14.0823,11.374,316,0.0253165,
bright,4,a_negatives,"nnU-Net missed, TARGET",74,5,0.0675676,0.0292037,0.148614,14.0823,11.374,316,0.0253165,
bright,4,b_positives_nontumor,TARGET 10-20mm hypo/hyper enhanced,106,7,0.0660377,0.0323537,0.130077,12.6972,12.5415,981,0.00917431,
bright,4,b_positives_nontumor,10-20mm all,275,13,0.0472727,0.0278313,0.0791886,12.6972,12.5415,981,0.00917431,
bright,4,b_positives_nontumor,10-20mm enhanced,157,7,0.044586,0.0217625,0.0891641,12.6972,12.5415,981,0.00917431,
bright,4,b_positives_nontumor,10-20mm iso(v3),99,5,0.0505051,0.0217629,0.112829,12.6972,12.5415,981,0.00917431,
bright,4,b_positives_nontumor,10-20mm iso within 5 HU,66,4,0.0606061,0.0238182,0.145731,12.6972,12.5415,981,0.00917431,
bright,4,b_positives_nontumor,<10mm all,86,1,0.0116279,0.00205552,0.0629656,12.6972,12.5415,981,0.00917431,
bright,4,b_positives_nontumor,>=20mm all,874,241,0.275744,0.247146,0.306304,12.6972,12.5415,981,0.00917431,
bright,4,b_positives_nontumor,all lesions,1235,255,0.206478,0.184829,0.229947,12.6972,12.5415,981,0.00917431,
bright,4,b_positives_nontumor,"all, not separated",1165,255,0.218884,0.196085,0.243531,12.6972,12.5415,981,0.00917431,
bright,4,b_positives_nontumor,size <5,49,0,0,0,0.0727003,12.6972,12.5415,981,0.00917431,
bright,4,b_positives_nontumor,size 5-10,37,1,0.027027,0.00478685,0.138244,12.6972,12.5415,981,0.00917431,
bright,4,b_positives_nontumor,size 10-20,275,13,0.0472727,0.0278313,0.0791886,12.6972,12.5415,981,0.00917431,
bright,4,b_positives_nontumor,size 20-40,597,96,0.160804,0.133519,0.192426,12.6972,12.5415,981,0.00917431,
bright,4,b_positives_nontumor,size >=40,277,145,0.523466,0.46473,0.58156,12.6972,12.5415,981,0.00917431,
bright,4,b_positives_nontumor,v3 hypo,585,110,0.188034,0.158443,0.221696,12.6972,12.5415,981,0.00917431,
bright,4,b_positives_nontumor,v3 iso,461,94,0.203905,0.169643,0.24306,12.6972,12.5415,981,0.00917431,
bright,4,b_positives_nontumor,v3 hyper,189,51,0.269841,0.211609,0.337243,12.6972,12.5415,981,0.00917431,
bright,4,b_positives_nontumor,phase Arterial,260,69,0.265385,0.215413,0.322189,12.6972,12.5415,981,0.00917431,
bright,4,b_positives_nontumor,phase Delay,4,0,0,0,0.4899,12.6972,12.5415,981,0.00917431,
bright,4,b_positives_nontumor,phase Non-contrast,413,55,0.133172,0.103761,0.169344,12.6972,12.5415,981,0.00917431,
bright,4,b_positives_nontumor,phase Venous,557,131,0.235189,0.201854,0.27215,12.6972,12.5415,981,0.00917431,
bright,4,b_positives_nontumor,region head,825,179,0.21697,0.190189,0.246374,12.6972,12.5415,981,0.00917431,
bright,4,b_positives_nontumor,region body,207,37,0.178744,0.13255,0.236644,12.6972,12.5415,981,0.00917431,
bright,4,b_positives_nontumor,region tail,195,39,0.2,0.149896,0.261696,12.6972,12.5415,981,0.00917431,
bright,4,b_positives_nontumor,thickness <=1.5 mm,532,90,0.169173,0.139712,0.203377,12.6972,12.5415,981,0.00917431,
bright,4,b_positives_nontumor,thickness 1.5-2.5 mm,426,108,0.253521,0.214539,0.296909,12.6972,12.5415,981,0.00917431,
bright,4,b_positives_nontumor,thickness 2.5-5 mm,273,57,0.208791,0.164783,0.260881,12.6972,12.5415,981,0.00917431,
bright,4,b_positives_nontumor,thickness >5 mm,4,0,0,0,0.4899,12.6972,12.5415,981,0.00917431,
bright,4,b_positives_nontumor,tier abutting,174,27,0.155172,0.108888,0.216354,12.6972,12.5415,981,0.00917431,
bright,4,b_positives_nontumor,tier embedded,111,10,0.0900901,0.0496712,0.157933,12.6972,12.5415,981,0.00917431,
bright,4,b_positives_nontumor,tier inside,880,218,0.247727,0.220342,0.277305,12.6972,12.5415,981,0.00917431,
bright,4,b_positives_nontumor,tier separated,70,0,0,0,0.0520249,12.6972,12.5415,981,0.00917431,
bright,4,b_positives_nontumor,nnU-Net detected,659,198,0.300455,0.266691,0.336533,12.6972,12.5415,981,0.00917431,
bright,4,b_positives_nontumor,nnU-Net missed,576,57,0.0989583,0.0771653,0.126065,12.6972,12.5415,981,0.00917431,
bright,4,b_positives_nontumor,"nnU-Net missed, 10-20mm",204,11,0.0539216,0.0303721,0.093961,12.6972,12.5415,981,0.00917431,
bright,4,b_positives_nontumor,"nnU-Net missed, TARGET",74,5,0.0675676,0.0292037,0.148614,12.6972,12.5415,981,0.00917431,
bright,4,a_neg_reweighted_to_pos,TARGET 10-20mm hypo/hyper enhanced,106,7,0.0660377,0.0323537,0.130077,14.3223,,316,,
bright,4,a_neg_reweighted_to_pos,10-20mm all,275,13,0.0472727,0.0278313,0.0791886,14.3223,,316,,
bright,4,a_neg_reweighted_to_pos,10-20mm enhanced,157,7,0.044586,0.0217625,0.0891641,14.3223,,316,,
bright,4,a_neg_reweighted_to_pos,10-20mm iso(v3),99,5,0.0505051,0.0217629,0.112829,14.3223,,316,,
bright,4,a_neg_reweighted_to_pos,10-20mm iso within 5 HU,66,4,0.0606061,0.0238182,0.145731,14.3223,,316,,
bright,4,a_neg_reweighted_to_pos,<10mm all,86,1,0.0116279,0.00205552,0.0629656,14.3223,,316,,
bright,4,a_neg_reweighted_to_pos,>=20mm all,874,241,0.275744,0.247146,0.306304,14.3223,,316,,
bright,4,a_neg_reweighted_to_pos,all lesions,1235,255,0.206478,0.184829,0.229947,14.3223,,316,,
bright,4,a_neg_reweighted_to_pos,"all, not separated",1165,255,0.218884,0.196085,0.243531,14.3223,,316,,
bright,4,a_neg_reweighted_to_pos,size <5,49,0,0,0,0.0727003,14.3223,,316,,
bright,4,a_neg_reweighted_to_pos,size 5-10,37,1,0.027027,0.00478685,0.138244,14.3223,,316,,
bright,4,a_neg_reweighted_to_pos,size 10-20,275,13,0.0472727,0.0278313,0.0791886,14.3223,,316,,
bright,4,a_neg_reweighted_to_pos,size 20-40,597,96,0.160804,0.133519,0.192426,14.3223,,316,,
bright,4,a_neg_reweighted_to_pos,size >=40,277,145,0.523466,0.46473,0.58156,14.3223,,316,,
bright,4,a_neg_reweighted_to_pos,v3 hypo,585,110,0.188034,0.158443,0.221696,14.3223,,316,,
bright,4,a_neg_reweighted_to_pos,v3 iso,461,94,0.203905,0.169643,0.24306,14.3223,,316,,
bright,4,a_neg_reweighted_to_pos,v3 hyper,189,51,0.269841,0.211609,0.337243,14.3223,,316,,
bright,4,a_neg_reweighted_to_pos,phase Arterial,260,69,0.265385,0.215413,0.322189,14.3223,,316,,
bright,4,a_neg_reweighted_to_pos,phase Delay,4,0,0,0,0.4899,14.3223,,316,,
bright,4,a_neg_reweighted_to_pos,phase Non-contrast,413,55,0.133172,0.103761,0.169344,14.3223,,316,,
bright,4,a_neg_reweighted_to_pos,phase Venous,557,131,0.235189,0.201854,0.27215,14.3223,,316,,
bright,4,a_neg_reweighted_to_pos,region head,825,179,0.21697,0.190189,0.246374,14.3223,,316,,
bright,4,a_neg_reweighted_to_pos,region body,207,37,0.178744,0.13255,0.236644,14.3223,,316,,
bright,4,a_neg_reweighted_to_pos,region tail,195,39,0.2,0.149896,0.261696,14.3223,,316,,
bright,4,a_neg_reweighted_to_pos,thickness <=1.5 mm,532,90,0.169173,0.139712,0.203377,14.3223,,316,,
bright,4,a_neg_reweighted_to_pos,thickness 1.5-2.5 mm,426,108,0.253521,0.214539,0.296909,14.3223,,316,,
bright,4,a_neg_reweighted_to_pos,thickness 2.5-5 mm,273,57,0.208791,0.164783,0.260881,14.3223,,316,,
bright,4,a_neg_reweighted_to_pos,thickness >5 mm,4,0,0,0,0.4899,14.3223,,316,,
bright,4,a_neg_reweighted_to_pos,tier abutting,174,27,0.155172,0.108888,0.216354,14.3223,,316,,
bright,4,a_neg_reweighted_to_pos,tier embedded,111,10,0.0900901,0.0496712,0.157933,14.3223,,316,,
bright,4,a_neg_reweighted_to_pos,tier inside,880,218,0.247727,0.220342,0.277305,14.3223,,316,,
bright,4,a_neg_reweighted_to_pos,tier separated,70,0,0,0,0.0520249,14.3223,,316,,
bright,4,a_neg_reweighted_to_pos,nnU-Net detected,659,198,0.300455,0.266691,0.336533,14.3223,,316,,
bright,4,a_neg_reweighted_to_pos,nnU-Net missed,576,57,0.0989583,0.0771653,0.126065,14.3223,,316,,
bright,4,a_neg_reweighted_to_pos,"nnU-Net missed, 10-20mm",204,11,0.0539216,0.0303721,0.093961,14.3223,,316,,
bright,4,a_neg_reweighted_to_pos,"nnU-Net missed, TARGET",74,5,0.0675676,0.0292037,0.148614,14.3223,,316,,
bright,5,a_negatives,TARGET 10-20mm hypo/hyper enhanced,106,5,0.0471698,0.0203138,0.1057,4.91456,3.96939,316,0.00316456,
bright,5,a_negatives,10-20mm all,275,8,0.0290909,0.0148129,0.0563444,4.91456,3.96939,316,0.00316456,
bright,5,a_negatives,10-20mm enhanced,157,5,0.0318471,0.0136782,0.0723792,4.91456,3.96939,316,0.00316456,
bright,5,a_negatives,10-20mm iso(v3),99,2,0.020202,0.0055576,0.0706917,4.91456,3.96939,316,0.00316456,
bright,5,a_negatives,10-20mm iso within 5 HU,66,2,0.030303,0.00834974,0.103927,4.91456,3.96939,316,0.00316456,
bright,5,a_negatives,<10mm all,86,0,0,0,0.0427597,4.91456,3.96939,316,0.00316456,
bright,5,a_negatives,>=20mm all,874,146,0.167048,0.143786,0.193224,4.91456,3.96939,316,0.00316456,
bright,5,a_negatives,all lesions,1235,154,0.124696,0.107426,0.144294,4.91456,3.96939,316,0.00316456,
bright,5,a_negatives,"all, not separated",1165,154,0.132189,0.113943,0.152853,4.91456,3.96939,316,0.00316456,
bright,5,a_negatives,size <5,49,0,0,0,0.0727003,4.91456,3.96939,316,0.00316456,
bright,5,a_negatives,size 5-10,37,0,0,0,0.094061,4.91456,3.96939,316,0.00316456,
bright,5,a_negatives,size 10-20,275,8,0.0290909,0.0148129,0.0563444,4.91456,3.96939,316,0.00316456,
bright,5,a_negatives,size 20-40,597,47,0.078727,0.0597183,0.103123,4.91456,3.96939,316,0.00316456,
bright,5,a_negatives,size >=40,277,99,0.357401,0.303268,0.415435,4.91456,3.96939,316,0.00316456,
bright,5,a_negatives,v3 hypo,585,64,0.109402,0.0866094,0.137291,4.91456,3.96939,316,0.00316456,
bright,5,a_negatives,v3 iso,461,58,0.125813,0.0985989,0.159213,4.91456,3.96939,316,0.00316456,
bright,5,a_negatives,v3 hyper,189,32,0.169312,0.122559,0.22924,4.91456,3.96939,316,0.00316456,
bright,5,a_negatives,phase Arterial,260,47,0.180769,0.13875,0.232085,4.91456,3.96939,316,0.00316456,
bright,5,a_negatives,phase Delay,4,0,0,0,0.4899,4.91456,3.96939,316,0.00316456,
bright,5,a_negatives,phase Non-contrast,413,32,0.0774818,0.0554161,0.107335,4.91456,3.96939,316,0.00316456,
bright,5,a_negatives,phase Venous,557,75,0.13465,0.108791,0.165514,4.91456,3.96939,316,0.00316456,
bright,5,a_negatives,region head,825,112,0.135758,0.114065,0.160826,4.91456,3.96939,316,0.00316456,
bright,5,a_negatives,region body,207,18,0.0869565,0.0557107,0.133254,4.91456,3.96939,316,0.00316456,
bright,5,a_negatives,region tail,195,24,0.123077,0.0841183,0.1766,4.91456,3.96939,316,0.00316456,
bright,5,a_negatives,thickness <=1.5 mm,532,59,0.110902,0.086958,0.140426,4.91456,3.96939,316,0.00316456,
bright,5,a_negatives,thickness 1.5-2.5 mm,426,61,0.143192,0.113115,0.179648,4.91456,3.96939,316,0.00316456,
bright,5,a_negatives,thickness 2.5-5 mm,273,34,0.124542,0.0905078,0.168997,4.91456,3.96939,316,0.00316456,
bright,5,a_negatives,thickness >5 mm,4,0,0,0,0.4899,4.91456,3.96939,316,0.00316456,
bright,5,a_negatives,tier abutting,174,19,0.109195,0.0710277,0.164247,4.91456,3.96939,316,0.00316456,
bright,5,a_negatives,tier embedded,111,8,0.0720721,0.0369696,0.135804,4.91456,3.96939,316,0.00316456,
bright,5,a_negatives,tier inside,880,127,0.144318,0.122645,0.169084,4.91456,3.96939,316,0.00316456,
bright,5,a_negatives,tier separated,70,0,0,0,0.0520249,4.91456,3.96939,316,0.00316456,
bright,5,a_negatives,nnU-Net detected,659,127,0.192716,0.164417,0.224578,4.91456,3.96939,316,0.00316456,
bright,5,a_negatives,nnU-Net missed,576,27,0.046875,0.0324124,0.0673417,4.91456,3.96939,316,0.00316456,
bright,5,a_negatives,"nnU-Net missed, 10-20mm",204,6,0.0294118,0.0135478,0.0626718,4.91456,3.96939,316,0.00316456,
bright,5,a_negatives,"nnU-Net missed, TARGET",74,3,0.0405405,0.0138822,0.112549,4.91456,3.96939,316,0.00316456,
bright,5,b_positives_nontumor,TARGET 10-20mm hypo/hyper enhanced,106,5,0.0471698,0.0203138,0.1057,4.69521,4.63763,981,0.00101937,
bright,5,b_positives_nontumor,10-20mm all,275,8,0.0290909,0.0148129,0.0563444,4.69521,4.63763,981,0.00101937,
bright,5,b_positives_nontumor,10-20mm enhanced,157,5,0.0318471,0.0136782,0.0723792,4.69521,4.63763,981,0.00101937,
bright,5,b_positives_nontumor,10-20mm iso(v3),99,2,0.020202,0.0055576,0.0706917,4.69521,4.63763,981,0.00101937,
bright,5,b_positives_nontumor,10-20mm iso within 5 HU,66,2,0.030303,0.00834974,0.103927,4.69521,4.63763,981,0.00101937,
bright,5,b_positives_nontumor,<10mm all,86,0,0,0,0.0427597,4.69521,4.63763,981,0.00101937,
bright,5,b_positives_nontumor,>=20mm all,874,146,0.167048,0.143786,0.193224,4.69521,4.63763,981,0.00101937,
bright,5,b_positives_nontumor,all lesions,1235,154,0.124696,0.107426,0.144294,4.69521,4.63763,981,0.00101937,
bright,5,b_positives_nontumor,"all, not separated",1165,154,0.132189,0.113943,0.152853,4.69521,4.63763,981,0.00101937,
bright,5,b_positives_nontumor,size <5,49,0,0,0,0.0727003,4.69521,4.63763,981,0.00101937,
bright,5,b_positives_nontumor,size 5-10,37,0,0,0,0.094061,4.69521,4.63763,981,0.00101937,
bright,5,b_positives_nontumor,size 10-20,275,8,0.0290909,0.0148129,0.0563444,4.69521,4.63763,981,0.00101937,
bright,5,b_positives_nontumor,size 20-40,597,47,0.078727,0.0597183,0.103123,4.69521,4.63763,981,0.00101937,
bright,5,b_positives_nontumor,size >=40,277,99,0.357401,0.303268,0.415435,4.69521,4.63763,981,0.00101937,
bright,5,b_positives_nontumor,v3 hypo,585,64,0.109402,0.0866094,0.137291,4.69521,4.63763,981,0.00101937,
bright,5,b_positives_nontumor,v3 iso,461,58,0.125813,0.0985989,0.159213,4.69521,4.63763,981,0.00101937,
bright,5,b_positives_nontumor,v3 hyper,189,32,0.169312,0.122559,0.22924,4.69521,4.63763,981,0.00101937,
bright,5,b_positives_nontumor,phase Arterial,260,47,0.180769,0.13875,0.232085,4.69521,4.63763,981,0.00101937,
bright,5,b_positives_nontumor,phase Delay,4,0,0,0,0.4899,4.69521,4.63763,981,0.00101937,
bright,5,b_positives_nontumor,phase Non-contrast,413,32,0.0774818,0.0554161,0.107335,4.69521,4.63763,981,0.00101937,
bright,5,b_positives_nontumor,phase Venous,557,75,0.13465,0.108791,0.165514,4.69521,4.63763,981,0.00101937,
bright,5,b_positives_nontumor,region head,825,112,0.135758,0.114065,0.160826,4.69521,4.63763,981,0.00101937,
bright,5,b_positives_nontumor,region body,207,18,0.0869565,0.0557107,0.133254,4.69521,4.63763,981,0.00101937,
bright,5,b_positives_nontumor,region tail,195,24,0.123077,0.0841183,0.1766,4.69521,4.63763,981,0.00101937,
bright,5,b_positives_nontumor,thickness <=1.5 mm,532,59,0.110902,0.086958,0.140426,4.69521,4.63763,981,0.00101937,
bright,5,b_positives_nontumor,thickness 1.5-2.5 mm,426,61,0.143192,0.113115,0.179648,4.69521,4.63763,981,0.00101937,
bright,5,b_positives_nontumor,thickness 2.5-5 mm,273,34,0.124542,0.0905078,0.168997,4.69521,4.63763,981,0.00101937,
bright,5,b_positives_nontumor,thickness >5 mm,4,0,0,0,0.4899,4.69521,4.63763,981,0.00101937,
bright,5,b_positives_nontumor,tier abutting,174,19,0.109195,0.0710277,0.164247,4.69521,4.63763,981,0.00101937,
bright,5,b_positives_nontumor,tier embedded,111,8,0.0720721,0.0369696,0.135804,4.69521,4.63763,981,0.00101937,
bright,5,b_positives_nontumor,tier inside,880,127,0.144318,0.122645,0.169084,4.69521,4.63763,981,0.00101937,
bright,5,b_positives_nontumor,tier separated,70,0,0,0,0.0520249,4.69521,4.63763,981,0.00101937,
bright,5,b_positives_nontumor,nnU-Net detected,659,127,0.192716,0.164417,0.224578,4.69521,4.63763,981,0.00101937,
bright,5,b_positives_nontumor,nnU-Net missed,576,27,0.046875,0.0324124,0.0673417,4.69521,4.63763,981,0.00101937,
bright,5,b_positives_nontumor,"nnU-Net missed, 10-20mm",204,6,0.0294118,0.0135478,0.0626718,4.69521,4.63763,981,0.00101937,
bright,5,b_positives_nontumor,"nnU-Net missed, TARGET",74,3,0.0405405,0.0138822,0.112549,4.69521,4.63763,981,0.00101937,
bright,5,a_neg_reweighted_to_pos,TARGET 10-20mm hypo/hyper enhanced,106,5,0.0471698,0.0203138,0.1057,4.84711,,316,,
bright,5,a_neg_reweighted_to_pos,10-20mm all,275,8,0.0290909,0.0148129,0.0563444,4.84711,,316,,
bright,5,a_neg_reweighted_to_pos,10-20mm enhanced,157,5,0.0318471,0.0136782,0.0723792,4.84711,,316,,
bright,5,a_neg_reweighted_to_pos,10-20mm iso(v3),99,2,0.020202,0.0055576,0.0706917,4.84711,,316,,
bright,5,a_neg_reweighted_to_pos,10-20mm iso within 5 HU,66,2,0.030303,0.00834974,0.103927,4.84711,,316,,
bright,5,a_neg_reweighted_to_pos,<10mm all,86,0,0,0,0.0427597,4.84711,,316,,
bright,5,a_neg_reweighted_to_pos,>=20mm all,874,146,0.167048,0.143786,0.193224,4.84711,,316,,
bright,5,a_neg_reweighted_to_pos,all lesions,1235,154,0.124696,0.107426,0.144294,4.84711,,316,,
bright,5,a_neg_reweighted_to_pos,"all, not separated",1165,154,0.132189,0.113943,0.152853,4.84711,,316,,
bright,5,a_neg_reweighted_to_pos,size <5,49,0,0,0,0.0727003,4.84711,,316,,
bright,5,a_neg_reweighted_to_pos,size 5-10,37,0,0,0,0.094061,4.84711,,316,,
bright,5,a_neg_reweighted_to_pos,size 10-20,275,8,0.0290909,0.0148129,0.0563444,4.84711,,316,,
bright,5,a_neg_reweighted_to_pos,size 20-40,597,47,0.078727,0.0597183,0.103123,4.84711,,316,,
bright,5,a_neg_reweighted_to_pos,size >=40,277,99,0.357401,0.303268,0.415435,4.84711,,316,,
bright,5,a_neg_reweighted_to_pos,v3 hypo,585,64,0.109402,0.0866094,0.137291,4.84711,,316,,
bright,5,a_neg_reweighted_to_pos,v3 iso,461,58,0.125813,0.0985989,0.159213,4.84711,,316,,
bright,5,a_neg_reweighted_to_pos,v3 hyper,189,32,0.169312,0.122559,0.22924,4.84711,,316,,
bright,5,a_neg_reweighted_to_pos,phase Arterial,260,47,0.180769,0.13875,0.232085,4.84711,,316,,
bright,5,a_neg_reweighted_to_pos,phase Delay,4,0,0,0,0.4899,4.84711,,316,,
bright,5,a_neg_reweighted_to_pos,phase Non-contrast,413,32,0.0774818,0.0554161,0.107335,4.84711,,316,,
bright,5,a_neg_reweighted_to_pos,phase Venous,557,75,0.13465,0.108791,0.165514,4.84711,,316,,
bright,5,a_neg_reweighted_to_pos,region head,825,112,0.135758,0.114065,0.160826,4.84711,,316,,
bright,5,a_neg_reweighted_to_pos,region body,207,18,0.0869565,0.0557107,0.133254,4.84711,,316,,
bright,5,a_neg_reweighted_to_pos,region tail,195,24,0.123077,0.0841183,0.1766,4.84711,,316,,
bright,5,a_neg_reweighted_to_pos,thickness <=1.5 mm,532,59,0.110902,0.086958,0.140426,4.84711,,316,,
bright,5,a_neg_reweighted_to_pos,thickness 1.5-2.5 mm,426,61,0.143192,0.113115,0.179648,4.84711,,316,,
bright,5,a_neg_reweighted_to_pos,thickness 2.5-5 mm,273,34,0.124542,0.0905078,0.168997,4.84711,,316,,
bright,5,a_neg_reweighted_to_pos,thickness >5 mm,4,0,0,0,0.4899,4.84711,,316,,
bright,5,a_neg_reweighted_to_pos,tier abutting,174,19,0.109195,0.0710277,0.164247,4.84711,,316,,
bright,5,a_neg_reweighted_to_pos,tier embedded,111,8,0.0720721,0.0369696,0.135804,4.84711,,316,,
bright,5,a_neg_reweighted_to_pos,tier inside,880,127,0.144318,0.122645,0.169084,4.84711,,316,,
bright,5,a_neg_reweighted_to_pos,tier separated,70,0,0,0,0.0520249,4.84711,,316,,
bright,5,a_neg_reweighted_to_pos,nnU-Net detected,659,127,0.192716,0.164417,0.224578,4.84711,,316,,
bright,5,a_neg_reweighted_to_pos,nnU-Net missed,576,27,0.046875,0.0324124,0.0673417,4.84711,,316,,
bright,5,a_neg_reweighted_to_pos,"nnU-Net missed, 10-20mm",204,6,0.0294118,0.0135478,0.0626718,4.84711,,316,,
bright,5,a_neg_reweighted_to_pos,"nnU-Net missed, TARGET",74,3,0.0405405,0.0138822,0.112549,4.84711,,316,,
bright,6,a_negatives,TARGET 10-20mm hypo/hyper enhanced,106,4,0.0377358,0.0147706,0.0930355,2.00949,1.62303,316,0,
bright,6,a_negatives,10-20mm all,275,5,0.0181818,0.00779045,0.0418492,2.00949,1.62303,316,0,
bright,6,a_negatives,10-20mm enhanced,157,4,0.0254777,0.00995123,0.0636715,2.00949,1.62303,316,0,
bright,6,a_negatives,10-20mm iso(v3),99,1,0.010101,0.00178526,0.0550167,2.00949,1.62303,316,0,
bright,6,a_negatives,10-20mm iso within 5 HU,66,1,0.0151515,0.00267957,0.0809611,2.00949,1.62303,316,0,
bright,6,a_negatives,<10mm all,86,0,0,0,0.0427597,2.00949,1.62303,316,0,
bright,6,a_negatives,>=20mm all,874,102,0.116705,0.0970765,0.139688,2.00949,1.62303,316,0,
bright,6,a_negatives,all lesions,1235,107,0.0866397,0.0722042,0.103639,2.00949,1.62303,316,0,
bright,6,a_negatives,"all, not separated",1165,107,0.0918455,0.0765755,0.109798,2.00949,1.62303,316,0,
bright,6,a_negatives,size <5,49,0,0,0,0.0727003,2.00949,1.62303,316,0,
bright,6,a_negatives,size 5-10,37,0,0,0,0.094061,2.00949,1.62303,316,0,
bright,6,a_negatives,size 10-20,275,5,0.0181818,0.00779045,0.0418492,2.00949,1.62303,316,0,
bright,6,a_negatives,size 20-40,597,26,0.0435511,0.0298911,0.0630479,2.00949,1.62303,316,0,
bright,6,a_negatives,size >=40,277,76,0.274368,0.225178,0.329731,2.00949,1.62303,316,0,
bright,6,a_negatives,v3 hypo,585,50,0.0854701,0.0654311,0.110918,2.00949,1.62303,316,0,
bright,6,a_negatives,v3 iso,461,40,0.0867679,0.0643659,0.116,2.00949,1.62303,316,0,
bright,6,a_negatives,v3 hyper,189,17,0.0899471,0.0569163,0.139315,2.00949,1.62303,316,0,
bright,6,a_negatives,phase Arterial,260,38,0.146154,0.108369,0.194243,2.00949,1.62303,316,0,
bright,6,a_negatives,phase Delay,4,0,0,0,0.4899,2.00949,1.62303,316,0,
bright,6,a_negatives,phase Non-contrast,413,22,0.0532688,0.0354376,0.079334,2.00949,1.62303,316,0,
bright,6,a_negatives,phase Venous,557,47,0.0843806,0.0640474,0.110408,2.00949,1.62303,316,0,
bright,6,a_negatives,region head,825,78,0.0945455,0.076417,0.116432,2.00949,1.62303,316,0,
bright,6,a_negatives,region body,207,12,0.057971,0.0334691,0.0985808,2.00949,1.62303,316,0,
bright,6,a_negatives,region tail,195,17,0.0871795,0.0551417,0.135169,2.00949,1.62303,316,0,
bright,6,a_negatives,thickness <=1.5 mm,532,43,0.0808271,0.0605585,0.107106,2.00949,1.62303,316,0,
bright,6,a_negatives,thickness 1.5-2.5 mm,426,38,0.0892019,0.065678,0.120069,2.00949,1.62303,316,0,
bright,6,a_negatives,thickness 2.5-5 mm,273,26,0.0952381,0.0658226,0.135887,2.00949,1.62303,316,0,
bright,6,a_negatives,thickness >5 mm,4,0,0,0,0.4899,2.00949,1.62303,316,0,
bright,6,a_negatives,tier abutting,174,15,0.0862069,0.0529371,0.137354,2.00949,1.62303,316,0,
bright,6,a_negatives,tier embedded,111,5,0.045045,0.0193915,0.101136,2.00949,1.62303,316,0,
bright,6,a_negatives,tier inside,880,87,0.0988636,0.080852,0.120362,2.00949,1.62303,316,0,
bright,6,a_negatives,tier separated,70,0,0,0,0.0520249,2.00949,1.62303,316,0,
bright,6,a_negatives,nnU-Net detected,659,88,0.133536,0.109677,0.161642,2.00949,1.62303,316,0,
bright,6,a_negatives,nnU-Net missed,576,19,0.0329861,0.0212173,0.0509431,2.00949,1.62303,316,0,
bright,6,a_negatives,"nnU-Net missed, 10-20mm",204,4,0.0196078,0.00765076,0.0493234,2.00949,1.62303,316,0,
bright,6,a_negatives,"nnU-Net missed, TARGET",74,3,0.0405405,0.0138822,0.112549,2.00949,1.62303,316,0,
bright,6,b_positives_nontumor,TARGET 10-20mm hypo/hyper enhanced,106,4,0.0377358,0.0147706,0.0930355,2.22222,2.19497,981,0,
bright,6,b_positives_nontumor,10-20mm all,275,5,0.0181818,0.00779045,0.0418492,2.22222,2.19497,981,0,
bright,6,b_positives_nontumor,10-20mm enhanced,157,4,0.0254777,0.00995123,0.0636715,2.22222,2.19497,981,0,
bright,6,b_positives_nontumor,10-20mm iso(v3),99,1,0.010101,0.00178526,0.0550167,2.22222,2.19497,981,0,
bright,6,b_positives_nontumor,10-20mm iso within 5 HU,66,1,0.0151515,0.00267957,0.0809611,2.22222,2.19497,981,0,
bright,6,b_positives_nontumor,<10mm all,86,0,0,0,0.0427597,2.22222,2.19497,981,0,
bright,6,b_positives_nontumor,>=20mm all,874,102,0.116705,0.0970765,0.139688,2.22222,2.19497,981,0,
bright,6,b_positives_nontumor,all lesions,1235,107,0.0866397,0.0722042,0.103639,2.22222,2.19497,981,0,
bright,6,b_positives_nontumor,"all, not separated",1165,107,0.0918455,0.0765755,0.109798,2.22222,2.19497,981,0,
bright,6,b_positives_nontumor,size <5,49,0,0,0,0.0727003,2.22222,2.19497,981,0,
bright,6,b_positives_nontumor,size 5-10,37,0,0,0,0.094061,2.22222,2.19497,981,0,
bright,6,b_positives_nontumor,size 10-20,275,5,0.0181818,0.00779045,0.0418492,2.22222,2.19497,981,0,
bright,6,b_positives_nontumor,size 20-40,597,26,0.0435511,0.0298911,0.0630479,2.22222,2.19497,981,0,
bright,6,b_positives_nontumor,size >=40,277,76,0.274368,0.225178,0.329731,2.22222,2.19497,981,0,
bright,6,b_positives_nontumor,v3 hypo,585,50,0.0854701,0.0654311,0.110918,2.22222,2.19497,981,0,
bright,6,b_positives_nontumor,v3 iso,461,40,0.0867679,0.0643659,0.116,2.22222,2.19497,981,0,
bright,6,b_positives_nontumor,v3 hyper,189,17,0.0899471,0.0569163,0.139315,2.22222,2.19497,981,0,
bright,6,b_positives_nontumor,phase Arterial,260,38,0.146154,0.108369,0.194243,2.22222,2.19497,981,0,
bright,6,b_positives_nontumor,phase Delay,4,0,0,0,0.4899,2.22222,2.19497,981,0,
bright,6,b_positives_nontumor,phase Non-contrast,413,22,0.0532688,0.0354376,0.079334,2.22222,2.19497,981,0,
bright,6,b_positives_nontumor,phase Venous,557,47,0.0843806,0.0640474,0.110408,2.22222,2.19497,981,0,
bright,6,b_positives_nontumor,region head,825,78,0.0945455,0.076417,0.116432,2.22222,2.19497,981,0,
bright,6,b_positives_nontumor,region body,207,12,0.057971,0.0334691,0.0985808,2.22222,2.19497,981,0,
bright,6,b_positives_nontumor,region tail,195,17,0.0871795,0.0551417,0.135169,2.22222,2.19497,981,0,
bright,6,b_positives_nontumor,thickness <=1.5 mm,532,43,0.0808271,0.0605585,0.107106,2.22222,2.19497,981,0,
bright,6,b_positives_nontumor,thickness 1.5-2.5 mm,426,38,0.0892019,0.065678,0.120069,2.22222,2.19497,981,0,
bright,6,b_positives_nontumor,thickness 2.5-5 mm,273,26,0.0952381,0.0658226,0.135887,2.22222,2.19497,981,0,
bright,6,b_positives_nontumor,thickness >5 mm,4,0,0,0,0.4899,2.22222,2.19497,981,0,
bright,6,b_positives_nontumor,tier abutting,174,15,0.0862069,0.0529371,0.137354,2.22222,2.19497,981,0,
bright,6,b_positives_nontumor,tier embedded,111,5,0.045045,0.0193915,0.101136,2.22222,2.19497,981,0,
bright,6,b_positives_nontumor,tier inside,880,87,0.0988636,0.080852,0.120362,2.22222,2.19497,981,0,
bright,6,b_positives_nontumor,tier separated,70,0,0,0,0.0520249,2.22222,2.19497,981,0,
bright,6,b_positives_nontumor,nnU-Net detected,659,88,0.133536,0.109677,0.161642,2.22222,2.19497,981,0,
bright,6,b_positives_nontumor,nnU-Net missed,576,19,0.0329861,0.0212173,0.0509431,2.22222,2.19497,981,0,
bright,6,b_positives_nontumor,"nnU-Net missed, 10-20mm",204,4,0.0196078,0.00765076,0.0493234,2.22222,2.19497,981,0,
bright,6,b_positives_nontumor,"nnU-Net missed, TARGET",74,3,0.0405405,0.0138822,0.112549,2.22222,2.19497,981,0,
bright,6,a_neg_reweighted_to_pos,TARGET 10-20mm hypo/hyper enhanced,106,4,0.0377358,0.0147706,0.0930355,1.89194,,316,,
bright,6,a_neg_reweighted_to_pos,10-20mm all,275,5,0.0181818,0.00779045,0.0418492,1.89194,,316,,
bright,6,a_neg_reweighted_to_pos,10-20mm enhanced,157,4,0.0254777,0.00995123,0.0636715,1.89194,,316,,
bright,6,a_neg_reweighted_to_pos,10-20mm iso(v3),99,1,0.010101,0.00178526,0.0550167,1.89194,,316,,
bright,6,a_neg_reweighted_to_pos,10-20mm iso within 5 HU,66,1,0.0151515,0.00267957,0.0809611,1.89194,,316,,
bright,6,a_neg_reweighted_to_pos,<10mm all,86,0,0,0,0.0427597,1.89194,,316,,
bright,6,a_neg_reweighted_to_pos,>=20mm all,874,102,0.116705,0.0970765,0.139688,1.89194,,316,,
bright,6,a_neg_reweighted_to_pos,all lesions,1235,107,0.0866397,0.0722042,0.103639,1.89194,,316,,
bright,6,a_neg_reweighted_to_pos,"all, not separated",1165,107,0.0918455,0.0765755,0.109798,1.89194,,316,,
bright,6,a_neg_reweighted_to_pos,size <5,49,0,0,0,0.0727003,1.89194,,316,,
bright,6,a_neg_reweighted_to_pos,size 5-10,37,0,0,0,0.094061,1.89194,,316,,
bright,6,a_neg_reweighted_to_pos,size 10-20,275,5,0.0181818,0.00779045,0.0418492,1.89194,,316,,
bright,6,a_neg_reweighted_to_pos,size 20-40,597,26,0.0435511,0.0298911,0.0630479,1.89194,,316,,
bright,6,a_neg_reweighted_to_pos,size >=40,277,76,0.274368,0.225178,0.329731,1.89194,,316,,
bright,6,a_neg_reweighted_to_pos,v3 hypo,585,50,0.0854701,0.0654311,0.110918,1.89194,,316,,
bright,6,a_neg_reweighted_to_pos,v3 iso,461,40,0.0867679,0.0643659,0.116,1.89194,,316,,
bright,6,a_neg_reweighted_to_pos,v3 hyper,189,17,0.0899471,0.0569163,0.139315,1.89194,,316,,
bright,6,a_neg_reweighted_to_pos,phase Arterial,260,38,0.146154,0.108369,0.194243,1.89194,,316,,
bright,6,a_neg_reweighted_to_pos,phase Delay,4,0,0,0,0.4899,1.89194,,316,,
bright,6,a_neg_reweighted_to_pos,phase Non-contrast,413,22,0.0532688,0.0354376,0.079334,1.89194,,316,,
bright,6,a_neg_reweighted_to_pos,phase Venous,557,47,0.0843806,0.0640474,0.110408,1.89194,,316,,
bright,6,a_neg_reweighted_to_pos,region head,825,78,0.0945455,0.076417,0.116432,1.89194,,316,,
bright,6,a_neg_reweighted_to_pos,region body,207,12,0.057971,0.0334691,0.0985808,1.89194,,316,,
bright,6,a_neg_reweighted_to_pos,region tail,195,17,0.0871795,0.0551417,0.135169,1.89194,,316,,
bright,6,a_neg_reweighted_to_pos,thickness <=1.5 mm,532,43,0.0808271,0.0605585,0.107106,1.89194,,316,,
bright,6,a_neg_reweighted_to_pos,thickness 1.5-2.5 mm,426,38,0.0892019,0.065678,0.120069,1.89194,,316,,
bright,6,a_neg_reweighted_to_pos,thickness 2.5-5 mm,273,26,0.0952381,0.0658226,0.135887,1.89194,,316,,
bright,6,a_neg_reweighted_to_pos,thickness >5 mm,4,0,0,0,0.4899,1.89194,,316,,
bright,6,a_neg_reweighted_to_pos,tier abutting,174,15,0.0862069,0.0529371,0.137354,1.89194,,316,,
bright,6,a_neg_reweighted_to_pos,tier embedded,111,5,0.045045,0.0193915,0.101136,1.89194,,316,,
bright,6,a_neg_reweighted_to_pos,tier inside,880,87,0.0988636,0.080852,0.120362,1.89194,,316,,
bright,6,a_neg_reweighted_to_pos,tier separated,70,0,0,0,0.0520249,1.89194,,316,,
bright,6,a_neg_reweighted_to_pos,nnU-Net detected,659,88,0.133536,0.109677,0.161642,1.89194,,316,,
bright,6,a_neg_reweighted_to_pos,nnU-Net missed,576,19,0.0329861,0.0212173,0.0509431,1.89194,,316,,
bright,6,a_neg_reweighted_to_pos,"nnU-Net missed, 10-20mm",204,4,0.0196078,0.00765076,0.0493234,1.89194,,316,,
bright,6,a_neg_reweighted_to_pos,"nnU-Net missed, TARGET",74,3,0.0405405,0.0138822,0.112549,1.89194,,316,,
bright,8,a_negatives,TARGET 10-20mm hypo/hyper enhanced,106,2,0.0188679,0.0051895,0.0662006,0.531646,0.429399,316,0,
bright,8,a_negatives,10-20mm all,275,3,0.0109091,0.00371681,0.0315778,0.531646,0.429399,316,0,
bright,8,a_negatives,10-20mm enhanced,157,2,0.0127389,0.00350036,0.0452532,0.531646,0.429399,316,0,
bright,8,a_negatives,10-20mm iso(v3),99,1,0.010101,0.00178526,0.0550167,0.531646,0.429399,316,0,
bright,8,a_negatives,10-20mm iso within 5 HU,66,1,0.0151515,0.00267957,0.0809611,0.531646,0.429399,316,0,
bright,8,a_negatives,<10mm all,86,0,0,0,0.0427597,0.531646,0.429399,316,0,
bright,8,a_negatives,>=20mm all,874,53,0.0606407,0.0466581,0.0784688,0.531646,0.429399,316,0,
bright,8,a_negatives,all lesions,1235,56,0.0453441,0.0350826,0.0584254,0.531646,0.429399,316,0,
bright,8,a_negatives,"all, not separated",1165,56,0.0480687,0.037201,0.0619071,0.531646,0.429399,316,0,
bright,8,a_negatives,size <5,49,0,0,0,0.0727003,0.531646,0.429399,316,0,
bright,8,a_negatives,size 5-10,37,0,0,0,0.094061,0.531646,0.429399,316,0,
bright,8,a_negatives,size 10-20,275,3,0.0109091,0.00371681,0.0315778,0.531646,0.429399,316,0,
bright,8,a_negatives,size 20-40,597,14,0.0234506,0.0140194,0.0389756,0.531646,0.429399,316,0,
bright,8,a_negatives,size >=40,277,39,0.140794,0.104733,0.186682,0.531646,0.429399,316,0,
bright,8,a_negatives,v3 hypo,585,23,0.0393162,0.026339,0.0583045,0.531646,0.429399,316,0,
bright,8,a_negatives,v3 iso,461,22,0.0477223,0.0317233,0.0711969,0.531646,0.429399,316,0,
bright,8,a_negatives,v3 hyper,189,11,0.0582011,0.0328056,0.101199,0.531646,0.429399,316,0,
bright,8,a_negatives,phase Arterial,260,20,0.0769231,0.0503447,0.115822,0.531646,0.429399,316,0,
bright,8,a_negatives,phase Delay,4,0,0,0,0.4899,0.531646,0.429399,316,0,
bright,8,a_negatives,phase Non-contrast,413,14,0.0338983,0.0202979,0.0560899,0.531646,0.429399,316,0,
bright,8,a_negatives,phase Venous,557,22,0.0394973,0.0262258,0.0590775,0.531646,0.429399,316,0,
bright,8,a_negatives,region head,825,42,0.0509091,0.0378817,0.0680995,0.531646,0.429399,316,0,
bright,8,a_negatives,region body,207,5,0.0241546,0.0103604,0.0552889,0.531646,0.429399,316,0,
bright,8,a_negatives,region tail,195,9,0.0461538,0.0244686,0.0853756,0.531646,0.429399,316,0,
bright,8,a_negatives,thickness <=1.5 mm,532,23,0.0432331,0.0289785,0.064037,0.531646,0.429399,316,0,
bright,8,a_negatives,thickness 1.5-2.5 mm,426,16,0.0375587,0.0232486,0.0601347,0.531646,0.429399,316,0,
bright,8,a_negatives,thickness 2.5-5 mm,273,17,0.0622711,0.0392386,0.0974518,0.531646,0.429399,316,0,
bright,8,a_negatives,thickness >5 mm,4,0,0,0,0.4899,0.531646,0.429399,316,0,
bright,8,a_negatives,tier abutting,174,12,0.0689655,0.0398877,0.116665,0.531646,0.429399,316,0,
bright,8,a_negatives,tier embedded,111,4,0.036036,0.0141011,0.0890114,0.531646,0.429399,316,0,
bright,8,a_negatives,tier inside,880,40,0.0454545,0.0335561,0.0613043,0.531646,0.429399,316,0,
bright,8,a_negatives,tier separated,70,0,0,0,0.0520249,0.531646,0.429399,316,0,
bright,8,a_negatives,nnU-Net detected,659,46,0.0698027,0.0527376,0.0918544,0.531646,0.429399,316,0,
bright,8,a_negatives,nnU-Net missed,576,10,0.0173611,0.00945693,0.0316605,0.531646,0.429399,316,0,
bright,8,a_negatives,"nnU-Net missed, 10-20mm",204,2,0.00980392,0.00269266,0.0350361,0.531646,0.429399,316,0,
bright,8,a_negatives,"nnU-Net missed, TARGET",74,1,0.0135135,0.0023894,0.0726553,0.531646,0.429399,316,0,
bright,8,b_positives_nontumor,TARGET 10-20mm hypo/hyper enhanced,106,2,0.0188679,0.0051895,0.0662006,0.752294,0.743067,981,0,
bright,8,b_positives_nontumor,10-20mm all,275,3,0.0109091,0.00371681,0.0315778,0.752294,0.743067,981,0,
bright,8,b_positives_nontumor,10-20mm enhanced,157,2,0.0127389,0.00350036,0.0452532,0.752294,0.743067,981,0,
bright,8,b_positives_nontumor,10-20mm iso(v3),99,1,0.010101,0.00178526,0.0550167,0.752294,0.743067,981,0,
bright,8,b_positives_nontumor,10-20mm iso within 5 HU,66,1,0.0151515,0.00267957,0.0809611,0.752294,0.743067,981,0,
bright,8,b_positives_nontumor,<10mm all,86,0,0,0,0.0427597,0.752294,0.743067,981,0,
bright,8,b_positives_nontumor,>=20mm all,874,53,0.0606407,0.0466581,0.0784688,0.752294,0.743067,981,0,
bright,8,b_positives_nontumor,all lesions,1235,56,0.0453441,0.0350826,0.0584254,0.752294,0.743067,981,0,
bright,8,b_positives_nontumor,"all, not separated",1165,56,0.0480687,0.037201,0.0619071,0.752294,0.743067,981,0,
bright,8,b_positives_nontumor,size <5,49,0,0,0,0.0727003,0.752294,0.743067,981,0,
bright,8,b_positives_nontumor,size 5-10,37,0,0,0,0.094061,0.752294,0.743067,981,0,
bright,8,b_positives_nontumor,size 10-20,275,3,0.0109091,0.00371681,0.0315778,0.752294,0.743067,981,0,
bright,8,b_positives_nontumor,size 20-40,597,14,0.0234506,0.0140194,0.0389756,0.752294,0.743067,981,0,
bright,8,b_positives_nontumor,size >=40,277,39,0.140794,0.104733,0.186682,0.752294,0.743067,981,0,
bright,8,b_positives_nontumor,v3 hypo,585,23,0.0393162,0.026339,0.0583045,0.752294,0.743067,981,0,
bright,8,b_positives_nontumor,v3 iso,461,22,0.0477223,0.0317233,0.0711969,0.752294,0.743067,981,0,
bright,8,b_positives_nontumor,v3 hyper,189,11,0.0582011,0.0328056,0.101199,0.752294,0.743067,981,0,
bright,8,b_positives_nontumor,phase Arterial,260,20,0.0769231,0.0503447,0.115822,0.752294,0.743067,981,0,
bright,8,b_positives_nontumor,phase Delay,4,0,0,0,0.4899,0.752294,0.743067,981,0,
bright,8,b_positives_nontumor,phase Non-contrast,413,14,0.0338983,0.0202979,0.0560899,0.752294,0.743067,981,0,
bright,8,b_positives_nontumor,phase Venous,557,22,0.0394973,0.0262258,0.0590775,0.752294,0.743067,981,0,
bright,8,b_positives_nontumor,region head,825,42,0.0509091,0.0378817,0.0680995,0.752294,0.743067,981,0,
bright,8,b_positives_nontumor,region body,207,5,0.0241546,0.0103604,0.0552889,0.752294,0.743067,981,0,
bright,8,b_positives_nontumor,region tail,195,9,0.0461538,0.0244686,0.0853756,0.752294,0.743067,981,0,
bright,8,b_positives_nontumor,thickness <=1.5 mm,532,23,0.0432331,0.0289785,0.064037,0.752294,0.743067,981,0,
bright,8,b_positives_nontumor,thickness 1.5-2.5 mm,426,16,0.0375587,0.0232486,0.0601347,0.752294,0.743067,981,0,
bright,8,b_positives_nontumor,thickness 2.5-5 mm,273,17,0.0622711,0.0392386,0.0974518,0.752294,0.743067,981,0,
bright,8,b_positives_nontumor,thickness >5 mm,4,0,0,0,0.4899,0.752294,0.743067,981,0,
bright,8,b_positives_nontumor,tier abutting,174,12,0.0689655,0.0398877,0.116665,0.752294,0.743067,981,0,
bright,8,b_positives_nontumor,tier embedded,111,4,0.036036,0.0141011,0.0890114,0.752294,0.743067,981,0,
bright,8,b_positives_nontumor,tier inside,880,40,0.0454545,0.0335561,0.0613043,0.752294,0.743067,981,0,
bright,8,b_positives_nontumor,tier separated,70,0,0,0,0.0520249,0.752294,0.743067,981,0,
bright,8,b_positives_nontumor,nnU-Net detected,659,46,0.0698027,0.0527376,0.0918544,0.752294,0.743067,981,0,
bright,8,b_positives_nontumor,nnU-Net missed,576,10,0.0173611,0.00945693,0.0316605,0.752294,0.743067,981,0,
bright,8,b_positives_nontumor,"nnU-Net missed, 10-20mm",204,2,0.00980392,0.00269266,0.0350361,0.752294,0.743067,981,0,
bright,8,b_positives_nontumor,"nnU-Net missed, TARGET",74,1,0.0135135,0.0023894,0.0726553,0.752294,0.743067,981,0,
bright,8,a_neg_reweighted_to_pos,TARGET 10-20mm hypo/hyper enhanced,106,2,0.0188679,0.0051895,0.0662006,0.522336,,316,,
bright,8,a_neg_reweighted_to_pos,10-20mm all,275,3,0.0109091,0.00371681,0.0315778,0.522336,,316,,
bright,8,a_neg_reweighted_to_pos,10-20mm enhanced,157,2,0.0127389,0.00350036,0.0452532,0.522336,,316,,
bright,8,a_neg_reweighted_to_pos,10-20mm iso(v3),99,1,0.010101,0.00178526,0.0550167,0.522336,,316,,
bright,8,a_neg_reweighted_to_pos,10-20mm iso within 5 HU,66,1,0.0151515,0.00267957,0.0809611,0.522336,,316,,
bright,8,a_neg_reweighted_to_pos,<10mm all,86,0,0,0,0.0427597,0.522336,,316,,
bright,8,a_neg_reweighted_to_pos,>=20mm all,874,53,0.0606407,0.0466581,0.0784688,0.522336,,316,,
bright,8,a_neg_reweighted_to_pos,all lesions,1235,56,0.0453441,0.0350826,0.0584254,0.522336,,316,,
bright,8,a_neg_reweighted_to_pos,"all, not separated",1165,56,0.0480687,0.037201,0.0619071,0.522336,,316,,
bright,8,a_neg_reweighted_to_pos,size <5,49,0,0,0,0.0727003,0.522336,,316,,
bright,8,a_neg_reweighted_to_pos,size 5-10,37,0,0,0,0.094061,0.522336,,316,,
bright,8,a_neg_reweighted_to_pos,size 10-20,275,3,0.0109091,0.00371681,0.0315778,0.522336,,316,,
bright,8,a_neg_reweighted_to_pos,size 20-40,597,14,0.0234506,0.0140194,0.0389756,0.522336,,316,,
bright,8,a_neg_reweighted_to_pos,size >=40,277,39,0.140794,0.104733,0.186682,0.522336,,316,,
bright,8,a_neg_reweighted_to_pos,v3 hypo,585,23,0.0393162,0.026339,0.0583045,0.522336,,316,,
bright,8,a_neg_reweighted_to_pos,v3 iso,461,22,0.0477223,0.0317233,0.0711969,0.522336,,316,,
bright,8,a_neg_reweighted_to_pos,v3 hyper,189,11,0.0582011,0.0328056,0.101199,0.522336,,316,,
bright,8,a_neg_reweighted_to_pos,phase Arterial,260,20,0.0769231,0.0503447,0.115822,0.522336,,316,,
bright,8,a_neg_reweighted_to_pos,phase Delay,4,0,0,0,0.4899,0.522336,,316,,
bright,8,a_neg_reweighted_to_pos,phase Non-contrast,413,14,0.0338983,0.0202979,0.0560899,0.522336,,316,,
bright,8,a_neg_reweighted_to_pos,phase Venous,557,22,0.0394973,0.0262258,0.0590775,0.522336,,316,,
bright,8,a_neg_reweighted_to_pos,region head,825,42,0.0509091,0.0378817,0.0680995,0.522336,,316,,
bright,8,a_neg_reweighted_to_pos,region body,207,5,0.0241546,0.0103604,0.0552889,0.522336,,316,,
bright,8,a_neg_reweighted_to_pos,region tail,195,9,0.0461538,0.0244686,0.0853756,0.522336,,316,,
bright,8,a_neg_reweighted_to_pos,thickness <=1.5 mm,532,23,0.0432331,0.0289785,0.064037,0.522336,,316,,
bright,8,a_neg_reweighted_to_pos,thickness 1.5-2.5 mm,426,16,0.0375587,0.0232486,0.0601347,0.522336,,316,,
bright,8,a_neg_reweighted_to_pos,thickness 2.5-5 mm,273,17,0.0622711,0.0392386,0.0974518,0.522336,,316,,
bright,8,a_neg_reweighted_to_pos,thickness >5 mm,4,0,0,0,0.4899,0.522336,,316,,
bright,8,a_neg_reweighted_to_pos,tier abutting,174,12,0.0689655,0.0398877,0.116665,0.522336,,316,,
bright,8,a_neg_reweighted_to_pos,tier embedded,111,4,0.036036,0.0141011,0.0890114,0.522336,,316,,
bright,8,a_neg_reweighted_to_pos,tier inside,880,40,0.0454545,0.0335561,0.0613043,0.522336,,316,,
bright,8,a_neg_reweighted_to_pos,tier separated,70,0,0,0,0.0520249,0.522336,,316,,
bright,8,a_neg_reweighted_to_pos,nnU-Net detected,659,46,0.0698027,0.0527376,0.0918544,0.522336,,316,,
bright,8,a_neg_reweighted_to_pos,nnU-Net missed,576,10,0.0173611,0.00945693,0.0316605,0.522336,,316,,
bright,8,a_neg_reweighted_to_pos,"nnU-Net missed, 10-20mm",204,2,0.00980392,0.00269266,0.0350361,0.522336,,316,,
bright,8,a_neg_reweighted_to_pos,"nnU-Net missed, TARGET",74,1,0.0135135,0.0023894,0.0726553,0.522336,,316,,
bright,10,a_negatives,TARGET 10-20mm hypo/hyper enhanced,106,0,0,0,0.034974,0.167722,0.135465,316,0,
bright,10,a_negatives,10-20mm all,275,0,0,0,0.013777,0.167722,0.135465,316,0,
bright,10,a_negatives,10-20mm enhanced,157,0,0,0,0.0238844,0.167722,0.135465,316,0,
bright,10,a_negatives,10-20mm iso(v3),99,0,0,0,0.0373545,0.167722,0.135465,316,0,
bright,10,a_negatives,10-20mm iso within 5 HU,66,0,0,0,0.0550045,0.167722,0.135465,316,0,
bright,10,a_negatives,<10mm all,86,0,0,0,0.0427597,0.167722,0.135465,316,0,
bright,10,a_negatives,>=20mm all,874,27,0.0308924,0.0213165,0.0445742,0.167722,0.135465,316,0,
bright,10,a_negatives,all lesions,1235,27,0.0218623,0.0150679,0.0316221,0.167722,0.135465,316,0,
bright,10,a_negatives,"all, not separated",1165,27,0.023176,0.015976,0.0335103,0.167722,0.135465,316,0,
bright,10,a_negatives,size <5,49,0,0,0,0.0727003,0.167722,0.135465,316,0,
bright,10,a_negatives,size 5-10,37,0,0,0,0.094061,0.167722,0.135465,316,0,
bright,10,a_negatives,size 10-20,275,0,0,0,0.013777,0.167722,0.135465,316,0,
bright,10,a_negatives,size 20-40,597,9,0.0150754,0.00795101,0.0284007,0.167722,0.135465,316,0,
bright,10,a_negatives,size >=40,277,18,0.0649819,0.0414957,0.100369,0.167722,0.135465,316,0,
bright,10,a_negatives,v3 hypo,585,13,0.0222222,0.0130319,0.0376466,0.167722,0.135465,316,0,
bright,10,a_negatives,v3 iso,461,11,0.0238612,0.0133748,0.0422175,0.167722,0.135465,316,0,
bright,10,a_negatives,v3 hyper,189,3,0.015873,0.00541259,0.045622,0.167722,0.135465,316,0,
bright,10,a_negatives,phase Arterial,260,11,0.0423077,0.0237853,0.0741583,0.167722,0.135465,316,0,
bright,10,a_negatives,phase Delay,4,0,0,0,0.4899,0.167722,0.135465,316,0,
bright,10,a_negatives,phase Non-contrast,413,8,0.0193705,0.00984716,0.0377527,0.167722,0.135465,316,0,
bright,10,a_negatives,phase Venous,557,8,0.0143627,0.00729527,0.028083,0.167722,0.135465,316,0,
bright,10,a_negatives,region head,825,19,0.0230303,0.0147925,0.0356896,0.167722,0.135465,316,0,
bright,10,a_negatives,region body,207,3,0.0144928,0.00494078,0.0417369,0.167722,0.135465,316,0,
bright,10,a_negatives,region tail,195,5,0.025641,0.0110008,0.0586104,0.167722,0.135465,316,0,
bright,10,a_negatives,thickness <=1.5 mm,532,13,0.0244361,0.0143351,0.041356,0.167722,0.135465,316,0,
bright,10,a_negatives,thickness 1.5-2.5 mm,426,7,0.0164319,0.00798182,0.0335256,0.167722,0.135465,316,0,
bright,10,a_negatives,thickness 2.5-5 mm,273,7,0.025641,0.0124747,0.0519722,0.167722,0.135465,316,0,
bright,10,a_negatives,thickness >5 mm,4,0,0,0,0.4899,0.167722,0.135465,316,0,
bright,10,a_negatives,tier abutting,174,9,0.0517241,0.0274475,0.0953674,0.167722,0.135465,316,0,
bright,10,a_negatives,tier embedded,111,2,0.018018,0.00495507,0.0633268,0.167722,0.135465,316,0,
bright,10,a_negatives,tier inside,880,16,0.0181818,0.011222,0.0293301,0.167722,0.135465,316,0,
bright,10,a_negatives,tier separated,70,0,0,0,0.0520249,0.167722,0.135465,316,0,
bright,10,a_negatives,nnU-Net detected,659,22,0.0333839,0.0221478,0.0500287,0.167722,0.135465,316,0,
bright,10,a_negatives,nnU-Net missed,576,5,0.00868056,0.0037133,0.0201581,0.167722,0.135465,316,0,
bright,10,a_negatives,"nnU-Net missed, 10-20mm",204,0,0,0,0.0184833,0.167722,0.135465,316,0,
bright,10,a_negatives,"nnU-Net missed, TARGET",74,0,0,0,0.0493515,0.167722,0.135465,316,0,
bright,10,b_positives_nontumor,TARGET 10-20mm hypo/hyper enhanced,106,0,0,0,0.034974,0.27421,0.270847,981,0,
bright,10,b_positives_nontumor,10-20mm all,275,0,0,0,0.013777,0.27421,0.270847,981,0,
bright,10,b_positives_nontumor,10-20mm enhanced,157,0,0,0,0.0238844,0.27421,0.270847,981,0,
bright,10,b_positives_nontumor,10-20mm iso(v3),99,0,0,0,0.0373545,0.27421,0.270847,981,0,
bright,10,b_positives_nontumor,10-20mm iso within 5 HU,66,0,0,0,0.0550045,0.27421,0.270847,981,0,
bright,10,b_positives_nontumor,<10mm all,86,0,0,0,0.0427597,0.27421,0.270847,981,0,
bright,10,b_positives_nontumor,>=20mm all,874,27,0.0308924,0.0213165,0.0445742,0.27421,0.270847,981,0,
bright,10,b_positives_nontumor,all lesions,1235,27,0.0218623,0.0150679,0.0316221,0.27421,0.270847,981,0,
bright,10,b_positives_nontumor,"all, not separated",1165,27,0.023176,0.015976,0.0335103,0.27421,0.270847,981,0,
bright,10,b_positives_nontumor,size <5,49,0,0,0,0.0727003,0.27421,0.270847,981,0,
bright,10,b_positives_nontumor,size 5-10,37,0,0,0,0.094061,0.27421,0.270847,981,0,
bright,10,b_positives_nontumor,size 10-20,275,0,0,0,0.013777,0.27421,0.270847,981,0,
bright,10,b_positives_nontumor,size 20-40,597,9,0.0150754,0.00795101,0.0284007,0.27421,0.270847,981,0,
bright,10,b_positives_nontumor,size >=40,277,18,0.0649819,0.0414957,0.100369,0.27421,0.270847,981,0,
bright,10,b_positives_nontumor,v3 hypo,585,13,0.0222222,0.0130319,0.0376466,0.27421,0.270847,981,0,
bright,10,b_positives_nontumor,v3 iso,461,11,0.0238612,0.0133748,0.0422175,0.27421,0.270847,981,0,
bright,10,b_positives_nontumor,v3 hyper,189,3,0.015873,0.00541259,0.045622,0.27421,0.270847,981,0,
bright,10,b_positives_nontumor,phase Arterial,260,11,0.0423077,0.0237853,0.0741583,0.27421,0.270847,981,0,
bright,10,b_positives_nontumor,phase Delay,4,0,0,0,0.4899,0.27421,0.270847,981,0,
bright,10,b_positives_nontumor,phase Non-contrast,413,8,0.0193705,0.00984716,0.0377527,0.27421,0.270847,981,0,
bright,10,b_positives_nontumor,phase Venous,557,8,0.0143627,0.00729527,0.028083,0.27421,0.270847,981,0,
bright,10,b_positives_nontumor,region head,825,19,0.0230303,0.0147925,0.0356896,0.27421,0.270847,981,0,
bright,10,b_positives_nontumor,region body,207,3,0.0144928,0.00494078,0.0417369,0.27421,0.270847,981,0,
bright,10,b_positives_nontumor,region tail,195,5,0.025641,0.0110008,0.0586104,0.27421,0.270847,981,0,
bright,10,b_positives_nontumor,thickness <=1.5 mm,532,13,0.0244361,0.0143351,0.041356,0.27421,0.270847,981,0,
bright,10,b_positives_nontumor,thickness 1.5-2.5 mm,426,7,0.0164319,0.00798182,0.0335256,0.27421,0.270847,981,0,
bright,10,b_positives_nontumor,thickness 2.5-5 mm,273,7,0.025641,0.0124747,0.0519722,0.27421,0.270847,981,0,
bright,10,b_positives_nontumor,thickness >5 mm,4,0,0,0,0.4899,0.27421,0.270847,981,0,
bright,10,b_positives_nontumor,tier abutting,174,9,0.0517241,0.0274475,0.0953674,0.27421,0.270847,981,0,
bright,10,b_positives_nontumor,tier embedded,111,2,0.018018,0.00495507,0.0633268,0.27421,0.270847,981,0,
bright,10,b_positives_nontumor,tier inside,880,16,0.0181818,0.011222,0.0293301,0.27421,0.270847,981,0,
bright,10,b_positives_nontumor,tier separated,70,0,0,0,0.0520249,0.27421,0.270847,981,0,
bright,10,b_positives_nontumor,nnU-Net detected,659,22,0.0333839,0.0221478,0.0500287,0.27421,0.270847,981,0,
bright,10,b_positives_nontumor,nnU-Net missed,576,5,0.00868056,0.0037133,0.0201581,0.27421,0.270847,981,0,
bright,10,b_positives_nontumor,"nnU-Net missed, 10-20mm",204,0,0,0,0.0184833,0.27421,0.270847,981,0,
bright,10,b_positives_nontumor,"nnU-Net missed, TARGET",74,0,0,0,0.0493515,0.27421,0.270847,981,0,
bright,10,a_neg_reweighted_to_pos,TARGET 10-20mm hypo/hyper enhanced,106,0,0,0,0.034974,0.16793,,316,,
bright,10,a_neg_reweighted_to_pos,10-20mm all,275,0,0,0,0.013777,0.16793,,316,,
bright,10,a_neg_reweighted_to_pos,10-20mm enhanced,157,0,0,0,0.0238844,0.16793,,316,,
bright,10,a_neg_reweighted_to_pos,10-20mm iso(v3),99,0,0,0,0.0373545,0.16793,,316,,
bright,10,a_neg_reweighted_to_pos,10-20mm iso within 5 HU,66,0,0,0,0.0550045,0.16793,,316,,
bright,10,a_neg_reweighted_to_pos,<10mm all,86,0,0,0,0.0427597,0.16793,,316,,
bright,10,a_neg_reweighted_to_pos,>=20mm all,874,27,0.0308924,0.0213165,0.0445742,0.16793,,316,,
bright,10,a_neg_reweighted_to_pos,all lesions,1235,27,0.0218623,0.0150679,0.0316221,0.16793,,316,,
bright,10,a_neg_reweighted_to_pos,"all, not separated",1165,27,0.023176,0.015976,0.0335103,0.16793,,316,,
bright,10,a_neg_reweighted_to_pos,size <5,49,0,0,0,0.0727003,0.16793,,316,,
bright,10,a_neg_reweighted_to_pos,size 5-10,37,0,0,0,0.094061,0.16793,,316,,
bright,10,a_neg_reweighted_to_pos,size 10-20,275,0,0,0,0.013777,0.16793,,316,,
bright,10,a_neg_reweighted_to_pos,size 20-40,597,9,0.0150754,0.00795101,0.0284007,0.16793,,316,,
bright,10,a_neg_reweighted_to_pos,size >=40,277,18,0.0649819,0.0414957,0.100369,0.16793,,316,,
bright,10,a_neg_reweighted_to_pos,v3 hypo,585,13,0.0222222,0.0130319,0.0376466,0.16793,,316,,
bright,10,a_neg_reweighted_to_pos,v3 iso,461,11,0.0238612,0.0133748,0.0422175,0.16793,,316,,
bright,10,a_neg_reweighted_to_pos,v3 hyper,189,3,0.015873,0.00541259,0.045622,0.16793,,316,,
bright,10,a_neg_reweighted_to_pos,phase Arterial,260,11,0.0423077,0.0237853,0.0741583,0.16793,,316,,
bright,10,a_neg_reweighted_to_pos,phase Delay,4,0,0,0,0.4899,0.16793,,316,,
bright,10,a_neg_reweighted_to_pos,phase Non-contrast,413,8,0.0193705,0.00984716,0.0377527,0.16793,,316,,
bright,10,a_neg_reweighted_to_pos,phase Venous,557,8,0.0143627,0.00729527,0.028083,0.16793,,316,,
bright,10,a_neg_reweighted_to_pos,region head,825,19,0.0230303,0.0147925,0.0356896,0.16793,,316,,
bright,10,a_neg_reweighted_to_pos,region body,207,3,0.0144928,0.00494078,0.0417369,0.16793,,316,,
bright,10,a_neg_reweighted_to_pos,region tail,195,5,0.025641,0.0110008,0.0586104,0.16793,,316,,
bright,10,a_neg_reweighted_to_pos,thickness <=1.5 mm,532,13,0.0244361,0.0143351,0.041356,0.16793,,316,,
bright,10,a_neg_reweighted_to_pos,thickness 1.5-2.5 mm,426,7,0.0164319,0.00798182,0.0335256,0.16793,,316,,
bright,10,a_neg_reweighted_to_pos,thickness 2.5-5 mm,273,7,0.025641,0.0124747,0.0519722,0.16793,,316,,
bright,10,a_neg_reweighted_to_pos,thickness >5 mm,4,0,0,0,0.4899,0.16793,,316,,
bright,10,a_neg_reweighted_to_pos,tier abutting,174,9,0.0517241,0.0274475,0.0953674,0.16793,,316,,
bright,10,a_neg_reweighted_to_pos,tier embedded,111,2,0.018018,0.00495507,0.0633268,0.16793,,316,,
bright,10,a_neg_reweighted_to_pos,tier inside,880,16,0.0181818,0.011222,0.0293301,0.16793,,316,,
bright,10,a_neg_reweighted_to_pos,tier separated,70,0,0,0,0.0520249,0.16793,,316,,
bright,10,a_neg_reweighted_to_pos,nnU-Net detected,659,22,0.0333839,0.0221478,0.0500287,0.16793,,316,,
bright,10,a_neg_reweighted_to_pos,nnU-Net missed,576,5,0.00868056,0.0037133,0.0201581,0.16793,,316,,
bright,10,a_neg_reweighted_to_pos,"nnU-Net missed, 10-20mm",204,0,0,0,0.0184833,0.16793,,316,,
bright,10,a_neg_reweighted_to_pos,"nnU-Net missed, TARGET",74,0,0,0,0.0493515,0.16793,,316,,
bright,12,a_negatives,TARGET 10-20mm hypo/hyper enhanced,106,0,0,0,0.034974,0.0632911,0.051119,316,0,
bright,12,a_negatives,10-20mm all,275,0,0,0,0.013777,0.0632911,0.051119,316,0,
bright,12,a_negatives,10-20mm enhanced,157,0,0,0,0.0238844,0.0632911,0.051119,316,0,
bright,12,a_negatives,10-20mm iso(v3),99,0,0,0,0.0373545,0.0632911,0.051119,316,0,
bright,12,a_negatives,10-20mm iso within 5 HU,66,0,0,0,0.0550045,0.0632911,0.051119,316,0,
bright,12,a_negatives,<10mm all,86,0,0,0,0.0427597,0.0632911,0.051119,316,0,
bright,12,a_negatives,>=20mm all,874,9,0.0102975,0.00542679,0.0194542,0.0632911,0.051119,316,0,
bright,12,a_negatives,all lesions,1235,9,0.00728745,0.0038386,0.0137921,0.0632911,0.051119,316,0,
bright,12,a_negatives,"all, not separated",1165,9,0.00772532,0.00406954,0.014617,0.0632911,0.051119,316,0,
bright,12,a_negatives,size <5,49,0,0,0,0.0727003,0.0632911,0.051119,316,0,
bright,12,a_negatives,size 5-10,37,0,0,0,0.094061,0.0632911,0.051119,316,0,
bright,12,a_negatives,size 10-20,275,0,0,0,0.013777,0.0632911,0.051119,316,0,
bright,12,a_negatives,size 20-40,597,3,0.00502513,0.00171041,0.0146693,0.0632911,0.051119,316,0,
bright,12,a_negatives,size >=40,277,6,0.0216606,0.00996405,0.0464435,0.0632911,0.051119,316,0,
bright,12,a_negatives,v3 hypo,585,2,0.0034188,0.000938041,0.012379,0.0632911,0.051119,316,0,
bright,12,a_negatives,v3 iso,461,5,0.010846,0.00464134,0.0251357,0.0632911,0.051119,316,0,
bright,12,a_negatives,v3 hyper,189,2,0.010582,0.00290672,0.0377567,0.0632911,0.051119,316,0,
bright,12,a_negatives,phase Arterial,260,3,0.0115385,0.00393166,0.0333695,0.0632911,0.051119,316,0,
bright,12,a_negatives,phase Delay,4,0,0,0,0.4899,0.0632911,0.051119,316,0,
bright,12,a_negatives,phase Non-contrast,413,3,0.00726392,0.00247336,0.0211366,0.0632911,0.051119,316,0,
bright,12,a_negatives,phase Venous,557,3,0.005386,0.00183335,0.0157146,0.0632911,0.051119,316,0,
bright,12,a_negatives,region head,825,7,0.00848485,0.00411597,0.01741,0.0632911,0.051119,316,0,
bright,12,a_negatives,region body,207,1,0.00483092,0.000853263,0.0268528,0.0632911,0.051119,316,0,
bright,12,a_negatives,region tail,195,1,0.00512821,0.000905805,0.0284724,0.0632911,0.051119,316,0,
bright,12,a_negatives,thickness <=1.5 mm,532,5,0.0093985,0.00402091,0.0218106,0.0632911,0.051119,316,0,
bright,12,a_negatives,thickness 1.5-2.5 mm,426,1,0.00234742,0.000414486,0.0131756,0.0632911,0.051119,316,0,
bright,12,a_negatives,thickness 2.5-5 mm,273,3,0.010989,0.00374409,0.0318055,0.0632911,0.051119,316,0,
bright,12,a_negatives,thickness >5 mm,4,0,0,0,0.4899,0.0632911,0.051119,316,0,
bright,12,a_negatives,tier abutting,174,3,0.0172414,0.00588055,0.0494586,0.0632911,0.051119,316,0,
bright,12,a_negatives,tier embedded,111,0,0,0,0.0334513,0.0632911,0.051119,316,0,
bright,12,a_negatives,tier inside,880,6,0.00681818,0.00312843,0.0147951,0.0632911,0.051119,316,0,
bright,12,a_negatives,tier separated,70,0,0,0,0.0520249,0.0632911,0.051119,316,0,
bright,12,a_negatives,nnU-Net detected,659,7,0.0106222,0.00515464,0.0217622,0.0632911,0.051119,316,0,
bright,12,a_negatives,nnU-Net missed,576,2,0.00347222,0.000952706,0.012571,0.0632911,0.051119,316,0,
bright,12,a_negatives,"nnU-Net missed, 10-20mm",204,0,0,0,0.0184833,0.0632911,0.051119,316,0,
bright,12,a_negatives,"nnU-Net missed, TARGET",74,0,0,0,0.0493515,0.0632911,0.051119,316,0,
bright,12,b_positives_nontumor,TARGET 10-20mm hypo/hyper enhanced,106,0,0,0,0.034974,0.110092,0.108742,981,0,
bright,12,b_positives_nontumor,10-20mm all,275,0,0,0,0.013777,0.110092,0.108742,981,0,
bright,12,b_positives_nontumor,10-20mm enhanced,157,0,0,0,0.0238844,0.110092,0.108742,981,0,
bright,12,b_positives_nontumor,10-20mm iso(v3),99,0,0,0,0.0373545,0.110092,0.108742,981,0,
bright,12,b_positives_nontumor,10-20mm iso within 5 HU,66,0,0,0,0.0550045,0.110092,0.108742,981,0,
bright,12,b_positives_nontumor,<10mm all,86,0,0,0,0.0427597,0.110092,0.108742,981,0,
bright,12,b_positives_nontumor,>=20mm all,874,9,0.0102975,0.00542679,0.0194542,0.110092,0.108742,981,0,
bright,12,b_positives_nontumor,all lesions,1235,9,0.00728745,0.0038386,0.0137921,0.110092,0.108742,981,0,
bright,12,b_positives_nontumor,"all, not separated",1165,9,0.00772532,0.00406954,0.014617,0.110092,0.108742,981,0,
bright,12,b_positives_nontumor,size <5,49,0,0,0,0.0727003,0.110092,0.108742,981,0,
bright,12,b_positives_nontumor,size 5-10,37,0,0,0,0.094061,0.110092,0.108742,981,0,
bright,12,b_positives_nontumor,size 10-20,275,0,0,0,0.013777,0.110092,0.108742,981,0,
bright,12,b_positives_nontumor,size 20-40,597,3,0.00502513,0.00171041,0.0146693,0.110092,0.108742,981,0,
bright,12,b_positives_nontumor,size >=40,277,6,0.0216606,0.00996405,0.0464435,0.110092,0.108742,981,0,
bright,12,b_positives_nontumor,v3 hypo,585,2,0.0034188,0.000938041,0.012379,0.110092,0.108742,981,0,
bright,12,b_positives_nontumor,v3 iso,461,5,0.010846,0.00464134,0.0251357,0.110092,0.108742,981,0,
bright,12,b_positives_nontumor,v3 hyper,189,2,0.010582,0.00290672,0.0377567,0.110092,0.108742,981,0,
bright,12,b_positives_nontumor,phase Arterial,260,3,0.0115385,0.00393166,0.0333695,0.110092,0.108742,981,0,
bright,12,b_positives_nontumor,phase Delay,4,0,0,0,0.4899,0.110092,0.108742,981,0,
bright,12,b_positives_nontumor,phase Non-contrast,413,3,0.00726392,0.00247336,0.0211366,0.110092,0.108742,981,0,
bright,12,b_positives_nontumor,phase Venous,557,3,0.005386,0.00183335,0.0157146,0.110092,0.108742,981,0,
bright,12,b_positives_nontumor,region head,825,7,0.00848485,0.00411597,0.01741,0.110092,0.108742,981,0,
bright,12,b_positives_nontumor,region body,207,1,0.00483092,0.000853263,0.0268528,0.110092,0.108742,981,0,
bright,12,b_positives_nontumor,region tail,195,1,0.00512821,0.000905805,0.0284724,0.110092,0.108742,981,0,
bright,12,b_positives_nontumor,thickness <=1.5 mm,532,5,0.0093985,0.00402091,0.0218106,0.110092,0.108742,981,0,
bright,12,b_positives_nontumor,thickness 1.5-2.5 mm,426,1,0.00234742,0.000414486,0.0131756,0.110092,0.108742,981,0,
bright,12,b_positives_nontumor,thickness 2.5-5 mm,273,3,0.010989,0.00374409,0.0318055,0.110092,0.108742,981,0,
bright,12,b_positives_nontumor,thickness >5 mm,4,0,0,0,0.4899,0.110092,0.108742,981,0,
bright,12,b_positives_nontumor,tier abutting,174,3,0.0172414,0.00588055,0.0494586,0.110092,0.108742,981,0,
bright,12,b_positives_nontumor,tier embedded,111,0,0,0,0.0334513,0.110092,0.108742,981,0,
bright,12,b_positives_nontumor,tier inside,880,6,0.00681818,0.00312843,0.0147951,0.110092,0.108742,981,0,
bright,12,b_positives_nontumor,tier separated,70,0,0,0,0.0520249,0.110092,0.108742,981,0,
bright,12,b_positives_nontumor,nnU-Net detected,659,7,0.0106222,0.00515464,0.0217622,0.110092,0.108742,981,0,
bright,12,b_positives_nontumor,nnU-Net missed,576,2,0.00347222,0.000952706,0.012571,0.110092,0.108742,981,0,
bright,12,b_positives_nontumor,"nnU-Net missed, 10-20mm",204,0,0,0,0.0184833,0.110092,0.108742,981,0,
bright,12,b_positives_nontumor,"nnU-Net missed, TARGET",74,0,0,0,0.0493515,0.110092,0.108742,981,0,
bright,12,a_neg_reweighted_to_pos,TARGET 10-20mm hypo/hyper enhanced,106,0,0,0,0.034974,0.0815525,,316,,
bright,12,a_neg_reweighted_to_pos,10-20mm all,275,0,0,0,0.013777,0.0815525,,316,,
bright,12,a_neg_reweighted_to_pos,10-20mm enhanced,157,0,0,0,0.0238844,0.0815525,,316,,
bright,12,a_neg_reweighted_to_pos,10-20mm iso(v3),99,0,0,0,0.0373545,0.0815525,,316,,
bright,12,a_neg_reweighted_to_pos,10-20mm iso within 5 HU,66,0,0,0,0.0550045,0.0815525,,316,,
bright,12,a_neg_reweighted_to_pos,<10mm all,86,0,0,0,0.0427597,0.0815525,,316,,
bright,12,a_neg_reweighted_to_pos,>=20mm all,874,9,0.0102975,0.00542679,0.0194542,0.0815525,,316,,
bright,12,a_neg_reweighted_to_pos,all lesions,1235,9,0.00728745,0.0038386,0.0137921,0.0815525,,316,,
bright,12,a_neg_reweighted_to_pos,"all, not separated",1165,9,0.00772532,0.00406954,0.014617,0.0815525,,316,,
bright,12,a_neg_reweighted_to_pos,size <5,49,0,0,0,0.0727003,0.0815525,,316,,
bright,12,a_neg_reweighted_to_pos,size 5-10,37,0,0,0,0.094061,0.0815525,,316,,
bright,12,a_neg_reweighted_to_pos,size 10-20,275,0,0,0,0.013777,0.0815525,,316,,
bright,12,a_neg_reweighted_to_pos,size 20-40,597,3,0.00502513,0.00171041,0.0146693,0.0815525,,316,,
bright,12,a_neg_reweighted_to_pos,size >=40,277,6,0.0216606,0.00996405,0.0464435,0.0815525,,316,,
bright,12,a_neg_reweighted_to_pos,v3 hypo,585,2,0.0034188,0.000938041,0.012379,0.0815525,,316,,
bright,12,a_neg_reweighted_to_pos,v3 iso,461,5,0.010846,0.00464134,0.0251357,0.0815525,,316,,
bright,12,a_neg_reweighted_to_pos,v3 hyper,189,2,0.010582,0.00290672,0.0377567,0.0815525,,316,,
bright,12,a_neg_reweighted_to_pos,phase Arterial,260,3,0.0115385,0.00393166,0.0333695,0.0815525,,316,,
bright,12,a_neg_reweighted_to_pos,phase Delay,4,0,0,0,0.4899,0.0815525,,316,,
bright,12,a_neg_reweighted_to_pos,phase Non-contrast,413,3,0.00726392,0.00247336,0.0211366,0.0815525,,316,,
bright,12,a_neg_reweighted_to_pos,phase Venous,557,3,0.005386,0.00183335,0.0157146,0.0815525,,316,,
bright,12,a_neg_reweighted_to_pos,region head,825,7,0.00848485,0.00411597,0.01741,0.0815525,,316,,
bright,12,a_neg_reweighted_to_pos,region body,207,1,0.00483092,0.000853263,0.0268528,0.0815525,,316,,
bright,12,a_neg_reweighted_to_pos,region tail,195,1,0.00512821,0.000905805,0.0284724,0.0815525,,316,,
bright,12,a_neg_reweighted_to_pos,thickness <=1.5 mm,532,5,0.0093985,0.00402091,0.0218106,0.0815525,,316,,
bright,12,a_neg_reweighted_to_pos,thickness 1.5-2.5 mm,426,1,0.00234742,0.000414486,0.0131756,0.0815525,,316,,
bright,12,a_neg_reweighted_to_pos,thickness 2.5-5 mm,273,3,0.010989,0.00374409,0.0318055,0.0815525,,316,,
bright,12,a_neg_reweighted_to_pos,thickness >5 mm,4,0,0,0,0.4899,0.0815525,,316,,
bright,12,a_neg_reweighted_to_pos,tier abutting,174,3,0.0172414,0.00588055,0.0494586,0.0815525,,316,,
bright,12,a_neg_reweighted_to_pos,tier embedded,111,0,0,0,0.0334513,0.0815525,,316,,
bright,12,a_neg_reweighted_to_pos,tier inside,880,6,0.00681818,0.00312843,0.0147951,0.0815525,,316,,
bright,12,a_neg_reweighted_to_pos,tier separated,70,0,0,0,0.0520249,0.0815525,,316,,
bright,12,a_neg_reweighted_to_pos,nnU-Net detected,659,7,0.0106222,0.00515464,0.0217622,0.0815525,,316,,
bright,12,a_neg_reweighted_to_pos,nnU-Net missed,576,2,0.00347222,0.000952706,0.012571,0.0815525,,316,,
bright,12,a_neg_reweighted_to_pos,"nnU-Net missed, 10-20mm",204,0,0,0,0.0184833,0.0815525,,316,,
bright,12,a_neg_reweighted_to_pos,"nnU-Net missed, TARGET",74,0,0,0,0.0493515,0.0815525,,316,,
bright,15,a_negatives,TARGET 10-20mm hypo/hyper enhanced,106,0,0,0,0.034974,0.0126582,0.0102238,316,0,
bright,15,a_negatives,10-20mm all,275,0,0,0,0.013777,0.0126582,0.0102238,316,0,
bright,15,a_negatives,10-20mm enhanced,157,0,0,0,0.0238844,0.0126582,0.0102238,316,0,
bright,15,a_negatives,10-20mm iso(v3),99,0,0,0,0.0373545,0.0126582,0.0102238,316,0,
bright,15,a_negatives,10-20mm iso within 5 HU,66,0,0,0,0.0550045,0.0126582,0.0102238,316,0,
bright,15,a_negatives,<10mm all,86,0,0,0,0.0427597,0.0126582,0.0102238,316,0,
bright,15,a_negatives,>=20mm all,874,4,0.00457666,0.00178114,0.0117083,0.0126582,0.0102238,316,0,
bright,15,a_negatives,all lesions,1235,4,0.00323887,0.00126021,0.0082984,0.0126582,0.0102238,316,0,
bright,15,a_negatives,"all, not separated",1165,4,0.00343348,0.00133598,0.00879508,0.0126582,0.0102238,316,0,
bright,15,a_negatives,size <5,49,0,0,0,0.0727003,0.0126582,0.0102238,316,0,
bright,15,a_negatives,size 5-10,37,0,0,0,0.094061,0.0126582,0.0102238,316,0,
bright,15,a_negatives,size 10-20,275,0,0,0,0.013777,0.0126582,0.0102238,316,0,
bright,15,a_negatives,size 20-40,597,1,0.00167504,0.00029574,0.00942662,0.0126582,0.0102238,316,0,
bright,15,a_negatives,size >=40,277,3,0.0108303,0.00368993,0.0313533,0.0126582,0.0102238,316,0,
bright,15,a_negatives,v3 hypo,585,1,0.0017094,0.000301807,0.00961869,0.0126582,0.0102238,316,0,
bright,15,a_negatives,v3 iso,461,3,0.00650759,0.00221555,0.0189564,0.0126582,0.0102238,316,0,
bright,15,a_negatives,v3 hyper,189,0,0,0,0.019921,0.0126582,0.0102238,316,0,
bright,15,a_negatives,phase Arterial,260,2,0.00769231,0.002112,0.0276089,0.0126582,0.0102238,316,0,
bright,15,a_negatives,phase Delay,4,0,0,0,0.4899,0.0126582,0.0102238,316,0,
bright,15,a_negatives,phase Non-contrast,413,1,0.00242131,0.000427537,0.0135864,0.0126582,0.0102238,316,0,
bright,15,a_negatives,phase Venous,557,1,0.00179533,0.000316982,0.0100988,0.0126582,0.0102238,316,0,
bright,15,a_negatives,region head,825,2,0.00242424,0.000665053,0.00879586,0.0126582,0.0102238,316,0,
bright,15,a_negatives,region body,207,1,0.00483092,0.000853263,0.0268528,0.0126582,0.0102238,316,0,
bright,15,a_negatives,region tail,195,1,0.00512821,0.000905805,0.0284724,0.0126582,0.0102238,316,0,
bright,15,a_negatives,thickness <=1.5 mm,532,2,0.0037594,0.00103155,0.0136026,0.0126582,0.0102238,316,0,
bright,15,a_negatives,thickness 1.5-2.5 mm,426,0,0,0,0.00893725,0.0126582,0.0102238,316,0,
bright,15,a_negatives,thickness 2.5-5 mm,273,2,0.00732601,0.00201132,0.0263139,0.0126582,0.0102238,316,0,
bright,15,a_negatives,thickness >5 mm,4,0,0,0,0.4899,0.0126582,0.0102238,316,0,
bright,15,a_negatives,tier abutting,174,1,0.00574713,0.0010152,0.031832,0.0126582,0.0102238,316,0,
bright,15,a_negatives,tier embedded,111,0,0,0,0.0334513,0.0126582,0.0102238,316,0,
bright,15,a_negatives,tier inside,880,3,0.00340909,0.00116004,0.00997499,0.0126582,0.0102238,316,0,
bright,15,a_negatives,tier separated,70,0,0,0,0.0520249,0.0126582,0.0102238,316,0,
bright,15,a_negatives,nnU-Net detected,659,3,0.00455235,0.00154936,0.0132982,0.0126582,0.0102238,316,0,
bright,15,a_negatives,nnU-Net missed,576,1,0.00173611,0.000306524,0.00976795,0.0126582,0.0102238,316,0,
bright,15,a_negatives,"nnU-Net missed, 10-20mm",204,0,0,0,0.0184833,0.0126582,0.0102238,316,0,
bright,15,a_negatives,"nnU-Net missed, TARGET",74,0,0,0,0.0493515,0.0126582,0.0102238,316,0,
bright,15,b_positives_nontumor,TARGET 10-20mm hypo/hyper enhanced,106,0,0,0,0.034974,0.0407747,0.0402747,981,0,
bright,15,b_positives_nontumor,10-20mm all,275,0,0,0,0.013777,0.0407747,0.0402747,981,0,
bright,15,b_positives_nontumor,10-20mm enhanced,157,0,0,0,0.0238844,0.0407747,0.0402747,981,0,
bright,15,b_positives_nontumor,10-20mm iso(v3),99,0,0,0,0.0373545,0.0407747,0.0402747,981,0,
bright,15,b_positives_nontumor,10-20mm iso within 5 HU,66,0,0,0,0.0550045,0.0407747,0.0402747,981,0,
bright,15,b_positives_nontumor,<10mm all,86,0,0,0,0.0427597,0.0407747,0.0402747,981,0,
bright,15,b_positives_nontumor,>=20mm all,874,4,0.00457666,0.00178114,0.0117083,0.0407747,0.0402747,981,0,
bright,15,b_positives_nontumor,all lesions,1235,4,0.00323887,0.00126021,0.0082984,0.0407747,0.0402747,981,0,
bright,15,b_positives_nontumor,"all, not separated",1165,4,0.00343348,0.00133598,0.00879508,0.0407747,0.0402747,981,0,
bright,15,b_positives_nontumor,size <5,49,0,0,0,0.0727003,0.0407747,0.0402747,981,0,
bright,15,b_positives_nontumor,size 5-10,37,0,0,0,0.094061,0.0407747,0.0402747,981,0,
bright,15,b_positives_nontumor,size 10-20,275,0,0,0,0.013777,0.0407747,0.0402747,981,0,
bright,15,b_positives_nontumor,size 20-40,597,1,0.00167504,0.00029574,0.00942662,0.0407747,0.0402747,981,0,
bright,15,b_positives_nontumor,size >=40,277,3,0.0108303,0.00368993,0.0313533,0.0407747,0.0402747,981,0,
bright,15,b_positives_nontumor,v3 hypo,585,1,0.0017094,0.000301807,0.00961869,0.0407747,0.0402747,981,0,
bright,15,b_positives_nontumor,v3 iso,461,3,0.00650759,0.00221555,0.0189564,0.0407747,0.0402747,981,0,
bright,15,b_positives_nontumor,v3 hyper,189,0,0,0,0.019921,0.0407747,0.0402747,981,0,
bright,15,b_positives_nontumor,phase Arterial,260,2,0.00769231,0.002112,0.0276089,0.0407747,0.0402747,981,0,
bright,15,b_positives_nontumor,phase Delay,4,0,0,0,0.4899,0.0407747,0.0402747,981,0,
bright,15,b_positives_nontumor,phase Non-contrast,413,1,0.00242131,0.000427537,0.0135864,0.0407747,0.0402747,981,0,
bright,15,b_positives_nontumor,phase Venous,557,1,0.00179533,0.000316982,0.0100988,0.0407747,0.0402747,981,0,
bright,15,b_positives_nontumor,region head,825,2,0.00242424,0.000665053,0.00879586,0.0407747,0.0402747,981,0,
bright,15,b_positives_nontumor,region body,207,1,0.00483092,0.000853263,0.0268528,0.0407747,0.0402747,981,0,
bright,15,b_positives_nontumor,region tail,195,1,0.00512821,0.000905805,0.0284724,0.0407747,0.0402747,981,0,
bright,15,b_positives_nontumor,thickness <=1.5 mm,532,2,0.0037594,0.00103155,0.0136026,0.0407747,0.0402747,981,0,
bright,15,b_positives_nontumor,thickness 1.5-2.5 mm,426,0,0,0,0.00893725,0.0407747,0.0402747,981,0,
bright,15,b_positives_nontumor,thickness 2.5-5 mm,273,2,0.00732601,0.00201132,0.0263139,0.0407747,0.0402747,981,0,
bright,15,b_positives_nontumor,thickness >5 mm,4,0,0,0,0.4899,0.0407747,0.0402747,981,0,
bright,15,b_positives_nontumor,tier abutting,174,1,0.00574713,0.0010152,0.031832,0.0407747,0.0402747,981,0,
bright,15,b_positives_nontumor,tier embedded,111,0,0,0,0.0334513,0.0407747,0.0402747,981,0,
bright,15,b_positives_nontumor,tier inside,880,3,0.00340909,0.00116004,0.00997499,0.0407747,0.0402747,981,0,
bright,15,b_positives_nontumor,tier separated,70,0,0,0,0.0520249,0.0407747,0.0402747,981,0,
bright,15,b_positives_nontumor,nnU-Net detected,659,3,0.00455235,0.00154936,0.0132982,0.0407747,0.0402747,981,0,
bright,15,b_positives_nontumor,nnU-Net missed,576,1,0.00173611,0.000306524,0.00976795,0.0407747,0.0402747,981,0,
bright,15,b_positives_nontumor,"nnU-Net missed, 10-20mm",204,0,0,0,0.0184833,0.0407747,0.0402747,981,0,
bright,15,b_positives_nontumor,"nnU-Net missed, TARGET",74,0,0,0,0.0493515,0.0407747,0.0402747,981,0,
bright,15,a_neg_reweighted_to_pos,TARGET 10-20mm hypo/hyper enhanced,106,0,0,0,0.034974,0.0327897,,316,,
bright,15,a_neg_reweighted_to_pos,10-20mm all,275,0,0,0,0.013777,0.0327897,,316,,
bright,15,a_neg_reweighted_to_pos,10-20mm enhanced,157,0,0,0,0.0238844,0.0327897,,316,,
bright,15,a_neg_reweighted_to_pos,10-20mm iso(v3),99,0,0,0,0.0373545,0.0327897,,316,,
bright,15,a_neg_reweighted_to_pos,10-20mm iso within 5 HU,66,0,0,0,0.0550045,0.0327897,,316,,
bright,15,a_neg_reweighted_to_pos,<10mm all,86,0,0,0,0.0427597,0.0327897,,316,,
bright,15,a_neg_reweighted_to_pos,>=20mm all,874,4,0.00457666,0.00178114,0.0117083,0.0327897,,316,,
bright,15,a_neg_reweighted_to_pos,all lesions,1235,4,0.00323887,0.00126021,0.0082984,0.0327897,,316,,
bright,15,a_neg_reweighted_to_pos,"all, not separated",1165,4,0.00343348,0.00133598,0.00879508,0.0327897,,316,,
bright,15,a_neg_reweighted_to_pos,size <5,49,0,0,0,0.0727003,0.0327897,,316,,
bright,15,a_neg_reweighted_to_pos,size 5-10,37,0,0,0,0.094061,0.0327897,,316,,
bright,15,a_neg_reweighted_to_pos,size 10-20,275,0,0,0,0.013777,0.0327897,,316,,
bright,15,a_neg_reweighted_to_pos,size 20-40,597,1,0.00167504,0.00029574,0.00942662,0.0327897,,316,,
bright,15,a_neg_reweighted_to_pos,size >=40,277,3,0.0108303,0.00368993,0.0313533,0.0327897,,316,,
bright,15,a_neg_reweighted_to_pos,v3 hypo,585,1,0.0017094,0.000301807,0.00961869,0.0327897,,316,,
bright,15,a_neg_reweighted_to_pos,v3 iso,461,3,0.00650759,0.00221555,0.0189564,0.0327897,,316,,
bright,15,a_neg_reweighted_to_pos,v3 hyper,189,0,0,0,0.019921,0.0327897,,316,,
bright,15,a_neg_reweighted_to_pos,phase Arterial,260,2,0.00769231,0.002112,0.0276089,0.0327897,,316,,
bright,15,a_neg_reweighted_to_pos,phase Delay,4,0,0,0,0.4899,0.0327897,,316,,
bright,15,a_neg_reweighted_to_pos,phase Non-contrast,413,1,0.00242131,0.000427537,0.0135864,0.0327897,,316,,
bright,15,a_neg_reweighted_to_pos,phase Venous,557,1,0.00179533,0.000316982,0.0100988,0.0327897,,316,,
bright,15,a_neg_reweighted_to_pos,region head,825,2,0.00242424,0.000665053,0.00879586,0.0327897,,316,,
bright,15,a_neg_reweighted_to_pos,region body,207,1,0.00483092,0.000853263,0.0268528,0.0327897,,316,,
bright,15,a_neg_reweighted_to_pos,region tail,195,1,0.00512821,0.000905805,0.0284724,0.0327897,,316,,
bright,15,a_neg_reweighted_to_pos,thickness <=1.5 mm,532,2,0.0037594,0.00103155,0.0136026,0.0327897,,316,,
bright,15,a_neg_reweighted_to_pos,thickness 1.5-2.5 mm,426,0,0,0,0.00893725,0.0327897,,316,,
bright,15,a_neg_reweighted_to_pos,thickness 2.5-5 mm,273,2,0.00732601,0.00201132,0.0263139,0.0327897,,316,,
bright,15,a_neg_reweighted_to_pos,thickness >5 mm,4,0,0,0,0.4899,0.0327897,,316,,
bright,15,a_neg_reweighted_to_pos,tier abutting,174,1,0.00574713,0.0010152,0.031832,0.0327897,,316,,
bright,15,a_neg_reweighted_to_pos,tier embedded,111,0,0,0,0.0334513,0.0327897,,316,,
bright,15,a_neg_reweighted_to_pos,tier inside,880,3,0.00340909,0.00116004,0.00997499,0.0327897,,316,,
bright,15,a_neg_reweighted_to_pos,tier separated,70,0,0,0,0.0520249,0.0327897,,316,,
bright,15,a_neg_reweighted_to_pos,nnU-Net detected,659,3,0.00455235,0.00154936,0.0132982,0.0327897,,316,,
bright,15,a_neg_reweighted_to_pos,nnU-Net missed,576,1,0.00173611,0.000306524,0.00976795,0.0327897,,316,,
bright,15,a_neg_reweighted_to_pos,"nnU-Net missed, 10-20mm",204,0,0,0,0.0184833,0.0327897,,316,,
bright,15,a_neg_reweighted_to_pos,"nnU-Net missed, TARGET",74,0,0,0,0.0493515,0.0327897,,316,,
bright,20,a_negatives,TARGET 10-20mm hypo/hyper enhanced,106,0,0,0,0.034974,0.00316456,0.00255595,316,0,
bright,20,a_negatives,10-20mm all,275,0,0,0,0.013777,0.00316456,0.00255595,316,0,
bright,20,a_negatives,10-20mm enhanced,157,0,0,0,0.0238844,0.00316456,0.00255595,316,0,
bright,20,a_negatives,10-20mm iso(v3),99,0,0,0,0.0373545,0.00316456,0.00255595,316,0,
bright,20,a_negatives,10-20mm iso within 5 HU,66,0,0,0,0.0550045,0.00316456,0.00255595,316,0,
bright,20,a_negatives,<10mm all,86,0,0,0,0.0427597,0.00316456,0.00255595,316,0,
bright,20,a_negatives,>=20mm all,874,2,0.00228833,0.000627754,0.00830507,0.00316456,0.00255595,316,0,
bright,20,a_negatives,all lesions,1235,2,0.00161943,0.00044421,0.00588557,0.00316456,0.00255595,316,0,
bright,20,a_negatives,"all, not separated",1165,2,0.00171674,0.000470908,0.00623796,0.00316456,0.00255595,316,0,
bright,20,a_negatives,size <5,49,0,0,0,0.0727003,0.00316456,0.00255595,316,0,
bright,20,a_negatives,size 5-10,37,0,0,0,0.094061,0.00316456,0.00255595,316,0,
bright,20,a_negatives,size 10-20,275,0,0,0,0.013777,0.00316456,0.00255595,316,0,
bright,20,a_negatives,size 20-40,597,1,0.00167504,0.00029574,0.00942662,0.00316456,0.00255595,316,0,
bright,20,a_negatives,size >=40,277,1,0.00361011,0.000637541,0.0201628,0.00316456,0.00255595,316,0,
bright,20,a_negatives,v3 hypo,585,0,0,0,0.006524,0.00316456,0.00255595,316,0,
bright,20,a_negatives,v3 iso,461,2,0.00433839,0.00119053,0.0156789,0.00316456,0.00255595,316,0,
bright,20,a_negatives,v3 hyper,189,0,0,0,0.019921,0.00316456,0.00255595,316,0,
bright,20,a_negatives,phase Arterial,260,1,0.00384615,0.000679246,0.0214613,0.00316456,0.00255595,316,0,
bright,20,a_negatives,phase Delay,4,0,0,0,0.4899,0.00316456,0.00255595,316,0,
bright,20,a_negatives,phase Non-contrast,413,1,0.00242131,0.000427537,0.0135864,0.00316456,0.00255595,316,0,
bright,20,a_negatives,phase Venous,557,0,0,0,0.00684971,0.00316456,0.00255595,316,0,
bright,20,a_negatives,region head,825,1,0.00121212,0.000213996,0.00683391,0.00316456,0.00255595,316,0,
bright,20,a_negatives,region body,207,0,0,0,0.0182203,0.00316456,0.00255595,316,0,
bright,20,a_negatives,region tail,195,1,0.00512821,0.000905805,0.0284724,0.00316456,0.00255595,316,0,
bright,20,a_negatives,thickness <=1.5 mm,532,0,0,0,0.00716928,0.00316456,0.00255595,316,0,
bright,20,a_negatives,thickness 1.5-2.5 mm,426,0,0,0,0.00893725,0.00316456,0.00255595,316,0,
bright,20,a_negatives,thickness 2.5-5 mm,273,2,0.00732601,0.00201132,0.0263139,0.00316456,0.00255595,316,0,
bright,20,a_negatives,thickness >5 mm,4,0,0,0,0.4899,0.00316456,0.00255595,316,0,
bright,20,a_negatives,tier abutting,174,1,0.00574713,0.0010152,0.031832,0.00316456,0.00255595,316,0,
bright,20,a_negatives,tier embedded,111,0,0,0,0.0334513,0.00316456,0.00255595,316,0,
bright,20,a_negatives,tier inside,880,1,0.00113636,0.000200619,0.00640871,0.00316456,0.00255595,316,0,
bright,20,a_negatives,tier separated,70,0,0,0,0.0520249,0.00316456,0.00255595,316,0,
bright,20,a_negatives,nnU-Net detected,659,1,0.00151745,0.000267911,0.00854505,0.00316456,0.00255595,316,0,
bright,20,a_negatives,nnU-Net missed,576,1,0.00173611,0.000306524,0.00976795,0.00316456,0.00255595,316,0,
bright,20,a_negatives,"nnU-Net missed, 10-20mm",204,0,0,0,0.0184833,0.00316456,0.00255595,316,0,
bright,20,a_negatives,"nnU-Net missed, TARGET",74,0,0,0,0.0493515,0.00316456,0.00255595,316,0,
bright,20,b_positives_nontumor,TARGET 10-20mm hypo/hyper enhanced,106,0,0,0,0.034974,0.0101937,0.0100687,981,0,
bright,20,b_positives_nontumor,10-20mm all,275,0,0,0,0.013777,0.0101937,0.0100687,981,0,
bright,20,b_positives_nontumor,10-20mm enhanced,157,0,0,0,0.0238844,0.0101937,0.0100687,981,0,
bright,20,b_positives_nontumor,10-20mm iso(v3),99,0,0,0,0.0373545,0.0101937,0.0100687,981,0,
bright,20,b_positives_nontumor,10-20mm iso within 5 HU,66,0,0,0,0.0550045,0.0101937,0.0100687,981,0,
bright,20,b_positives_nontumor,<10mm all,86,0,0,0,0.0427597,0.0101937,0.0100687,981,0,
bright,20,b_positives_nontumor,>=20mm all,874,2,0.00228833,0.000627754,0.00830507,0.0101937,0.0100687,981,0,
bright,20,b_positives_nontumor,all lesions,1235,2,0.00161943,0.00044421,0.00588557,0.0101937,0.0100687,981,0,
bright,20,b_positives_nontumor,"all, not separated",1165,2,0.00171674,0.000470908,0.00623796,0.0101937,0.0100687,981,0,
bright,20,b_positives_nontumor,size <5,49,0,0,0,0.0727003,0.0101937,0.0100687,981,0,
bright,20,b_positives_nontumor,size 5-10,37,0,0,0,0.094061,0.0101937,0.0100687,981,0,
bright,20,b_positives_nontumor,size 10-20,275,0,0,0,0.013777,0.0101937,0.0100687,981,0,
bright,20,b_positives_nontumor,size 20-40,597,1,0.00167504,0.00029574,0.00942662,0.0101937,0.0100687,981,0,
bright,20,b_positives_nontumor,size >=40,277,1,0.00361011,0.000637541,0.0201628,0.0101937,0.0100687,981,0,
bright,20,b_positives_nontumor,v3 hypo,585,0,0,0,0.006524,0.0101937,0.0100687,981,0,
bright,20,b_positives_nontumor,v3 iso,461,2,0.00433839,0.00119053,0.0156789,0.0101937,0.0100687,981,0,
bright,20,b_positives_nontumor,v3 hyper,189,0,0,0,0.019921,0.0101937,0.0100687,981,0,
bright,20,b_positives_nontumor,phase Arterial,260,1,0.00384615,0.000679246,0.0214613,0.0101937,0.0100687,981,0,
bright,20,b_positives_nontumor,phase Delay,4,0,0,0,0.4899,0.0101937,0.0100687,981,0,
bright,20,b_positives_nontumor,phase Non-contrast,413,1,0.00242131,0.000427537,0.0135864,0.0101937,0.0100687,981,0,
bright,20,b_positives_nontumor,phase Venous,557,0,0,0,0.00684971,0.0101937,0.0100687,981,0,
bright,20,b_positives_nontumor,region head,825,1,0.00121212,0.000213996,0.00683391,0.0101937,0.0100687,981,0,
bright,20,b_positives_nontumor,region body,207,0,0,0,0.0182203,0.0101937,0.0100687,981,0,
bright,20,b_positives_nontumor,region tail,195,1,0.00512821,0.000905805,0.0284724,0.0101937,0.0100687,981,0,
bright,20,b_positives_nontumor,thickness <=1.5 mm,532,0,0,0,0.00716928,0.0101937,0.0100687,981,0,
bright,20,b_positives_nontumor,thickness 1.5-2.5 mm,426,0,0,0,0.00893725,0.0101937,0.0100687,981,0,
bright,20,b_positives_nontumor,thickness 2.5-5 mm,273,2,0.00732601,0.00201132,0.0263139,0.0101937,0.0100687,981,0,
bright,20,b_positives_nontumor,thickness >5 mm,4,0,0,0,0.4899,0.0101937,0.0100687,981,0,
bright,20,b_positives_nontumor,tier abutting,174,1,0.00574713,0.0010152,0.031832,0.0101937,0.0100687,981,0,
bright,20,b_positives_nontumor,tier embedded,111,0,0,0,0.0334513,0.0101937,0.0100687,981,0,
bright,20,b_positives_nontumor,tier inside,880,1,0.00113636,0.000200619,0.00640871,0.0101937,0.0100687,981,0,
bright,20,b_positives_nontumor,tier separated,70,0,0,0,0.0520249,0.0101937,0.0100687,981,0,
bright,20,b_positives_nontumor,nnU-Net detected,659,1,0.00151745,0.000267911,0.00854505,0.0101937,0.0100687,981,0,
bright,20,b_positives_nontumor,nnU-Net missed,576,1,0.00173611,0.000306524,0.00976795,0.0101937,0.0100687,981,0,
bright,20,b_positives_nontumor,"nnU-Net missed, 10-20mm",204,0,0,0,0.0184833,0.0101937,0.0100687,981,0,
bright,20,b_positives_nontumor,"nnU-Net missed, TARGET",74,0,0,0,0.0493515,0.0101937,0.0100687,981,0,
bright,20,a_neg_reweighted_to_pos,TARGET 10-20mm hypo/hyper enhanced,106,0,0,0,0.034974,0.00819742,,316,,
bright,20,a_neg_reweighted_to_pos,10-20mm all,275,0,0,0,0.013777,0.00819742,,316,,
bright,20,a_neg_reweighted_to_pos,10-20mm enhanced,157,0,0,0,0.0238844,0.00819742,,316,,
bright,20,a_neg_reweighted_to_pos,10-20mm iso(v3),99,0,0,0,0.0373545,0.00819742,,316,,
bright,20,a_neg_reweighted_to_pos,10-20mm iso within 5 HU,66,0,0,0,0.0550045,0.00819742,,316,,
bright,20,a_neg_reweighted_to_pos,<10mm all,86,0,0,0,0.0427597,0.00819742,,316,,
bright,20,a_neg_reweighted_to_pos,>=20mm all,874,2,0.00228833,0.000627754,0.00830507,0.00819742,,316,,
bright,20,a_neg_reweighted_to_pos,all lesions,1235,2,0.00161943,0.00044421,0.00588557,0.00819742,,316,,
bright,20,a_neg_reweighted_to_pos,"all, not separated",1165,2,0.00171674,0.000470908,0.00623796,0.00819742,,316,,
bright,20,a_neg_reweighted_to_pos,size <5,49,0,0,0,0.0727003,0.00819742,,316,,
bright,20,a_neg_reweighted_to_pos,size 5-10,37,0,0,0,0.094061,0.00819742,,316,,
bright,20,a_neg_reweighted_to_pos,size 10-20,275,0,0,0,0.013777,0.00819742,,316,,
bright,20,a_neg_reweighted_to_pos,size 20-40,597,1,0.00167504,0.00029574,0.00942662,0.00819742,,316,,
bright,20,a_neg_reweighted_to_pos,size >=40,277,1,0.00361011,0.000637541,0.0201628,0.00819742,,316,,
bright,20,a_neg_reweighted_to_pos,v3 hypo,585,0,0,0,0.006524,0.00819742,,316,,
bright,20,a_neg_reweighted_to_pos,v3 iso,461,2,0.00433839,0.00119053,0.0156789,0.00819742,,316,,
bright,20,a_neg_reweighted_to_pos,v3 hyper,189,0,0,0,0.019921,0.00819742,,316,,
bright,20,a_neg_reweighted_to_pos,phase Arterial,260,1,0.00384615,0.000679246,0.0214613,0.00819742,,316,,
bright,20,a_neg_reweighted_to_pos,phase Delay,4,0,0,0,0.4899,0.00819742,,316,,
bright,20,a_neg_reweighted_to_pos,phase Non-contrast,413,1,0.00242131,0.000427537,0.0135864,0.00819742,,316,,
bright,20,a_neg_reweighted_to_pos,phase Venous,557,0,0,0,0.00684971,0.00819742,,316,,
bright,20,a_neg_reweighted_to_pos,region head,825,1,0.00121212,0.000213996,0.00683391,0.00819742,,316,,
bright,20,a_neg_reweighted_to_pos,region body,207,0,0,0,0.0182203,0.00819742,,316,,
bright,20,a_neg_reweighted_to_pos,region tail,195,1,0.00512821,0.000905805,0.0284724,0.00819742,,316,,
bright,20,a_neg_reweighted_to_pos,thickness <=1.5 mm,532,0,0,0,0.00716928,0.00819742,,316,,
bright,20,a_neg_reweighted_to_pos,thickness 1.5-2.5 mm,426,0,0,0,0.00893725,0.00819742,,316,,
bright,20,a_neg_reweighted_to_pos,thickness 2.5-5 mm,273,2,0.00732601,0.00201132,0.0263139,0.00819742,,316,,
bright,20,a_neg_reweighted_to_pos,thickness >5 mm,4,0,0,0,0.4899,0.00819742,,316,,
bright,20,a_neg_reweighted_to_pos,tier abutting,174,1,0.00574713,0.0010152,0.031832,0.00819742,,316,,
bright,20,a_neg_reweighted_to_pos,tier embedded,111,0,0,0,0.0334513,0.00819742,,316,,
bright,20,a_neg_reweighted_to_pos,tier inside,880,1,0.00113636,0.000200619,0.00640871,0.00819742,,316,,
bright,20,a_neg_reweighted_to_pos,tier separated,70,0,0,0,0.0520249,0.00819742,,316,,
bright,20,a_neg_reweighted_to_pos,nnU-Net detected,659,1,0.00151745,0.000267911,0.00854505,0.00819742,,316,,
bright,20,a_neg_reweighted_to_pos,nnU-Net missed,576,1,0.00173611,0.000306524,0.00976795,0.00819742,,316,,
bright,20,a_neg_reweighted_to_pos,"nnU-Net missed, 10-20mm",204,0,0,0,0.0184833,0.00819742,,316,,
bright,20,a_neg_reweighted_to_pos,"nnU-Net missed, TARGET",74,0,0,0,0.0493515,0.00819742,,316,,
bright,25,a_negatives,TARGET 10-20mm hypo/hyper enhanced,106,0,0,0,0.034974,0.00316456,0.00255595,316,0,
bright,25,a_negatives,10-20mm all,275,0,0,0,0.013777,0.00316456,0.00255595,316,0,
bright,25,a_negatives,10-20mm enhanced,157,0,0,0,0.0238844,0.00316456,0.00255595,316,0,
bright,25,a_negatives,10-20mm iso(v3),99,0,0,0,0.0373545,0.00316456,0.00255595,316,0,
bright,25,a_negatives,10-20mm iso within 5 HU,66,0,0,0,0.0550045,0.00316456,0.00255595,316,0,
bright,25,a_negatives,<10mm all,86,0,0,0,0.0427597,0.00316456,0.00255595,316,0,
bright,25,a_negatives,>=20mm all,874,1,0.00114416,0.000201997,0.00645251,0.00316456,0.00255595,316,0,
bright,25,a_negatives,all lesions,1235,1,0.000809717,0.000142945,0.00457243,0.00316456,0.00255595,316,0,
bright,25,a_negatives,"all, not separated",1165,1,0.000858369,0.000151535,0.00484623,0.00316456,0.00255595,316,0,
bright,25,a_negatives,size <5,49,0,0,0,0.0727003,0.00316456,0.00255595,316,0,
bright,25,a_negatives,size 5-10,37,0,0,0,0.094061,0.00316456,0.00255595,316,0,
bright,25,a_negatives,size 10-20,275,0,0,0,0.013777,0.00316456,0.00255595,316,0,
bright,25,a_negatives,size 20-40,597,0,0,0,0.0063937,0.00316456,0.00255595,316,0,
bright,25,a_negatives,size >=40,277,1,0.00361011,0.000637541,0.0201628,0.00316456,0.00255595,316,0,
bright,25,a_negatives,v3 hypo,585,0,0,0,0.006524,0.00316456,0.00255595,316,0,
bright,25,a_negatives,v3 iso,461,1,0.0021692,0.000383009,0.0121839,0.00316456,0.00255595,316,0,
bright,25,a_negatives,v3 hyper,189,0,0,0,0.019921,0.00316456,0.00255595,316,0,
bright,25,a_negatives,phase Arterial,260,1,0.00384615,0.000679246,0.0214613,0.00316456,0.00255595,316,0,
bright,25,a_negatives,phase Delay,4,0,0,0,0.4899,0.00316456,0.00255595,316,0,
bright,25,a_negatives,phase Non-contrast,413,0,0,0,0.00921597,0.00316456,0.00255595,316,0,
bright,25,a_negatives,phase Venous,557,0,0,0,0.00684971,0.00316456,0.00255595,316,0,
bright,25,a_negatives,region head,825,0,0,0,0.0046349,0.00316456,0.00255595,316,0,
bright,25,a_negatives,region body,207,0,0,0,0.0182203,0.00316456,0.00255595,316,0,
bright,25,a_negatives,region tail,195,1,0.00512821,0.000905805,0.0284724,0.00316456,0.00255595,316,0,
bright,25,a_negatives,thickness <=1.5 mm,532,0,0,0,0.00716928,0.00316456,0.00255595,316,0,
bright,25,a_negatives,thickness 1.5-2.5 mm,426,0,0,0,0.00893725,0.00316456,0.00255595,316,0,
bright,25,a_negatives,thickness 2.5-5 mm,273,1,0.003663,0.000646886,0.020454,0.00316456,0.00255595,316,0,
bright,25,a_negatives,thickness >5 mm,4,0,0,0,0.4899,0.00316456,0.00255595,316,0,
bright,25,a_negatives,tier abutting,174,1,0.00574713,0.0010152,0.031832,0.00316456,0.00255595,316,0,
bright,25,a_negatives,tier embedded,111,0,0,0,0.0334513,0.00316456,0.00255595,316,0,
bright,25,a_negatives,tier inside,880,0,0,0,0.00434648,0.00316456,0.00255595,316,0,
bright,25,a_negatives,tier separated,70,0,0,0,0.0520249,0.00316456,0.00255595,316,0,
bright,25,a_negatives,nnU-Net detected,659,1,0.00151745,0.000267911,0.00854505,0.00316456,0.00255595,316,0,
bright,25,a_negatives,nnU-Net missed,576,0,0,0,0.00662526,0.00316456,0.00255595,316,0,
bright,25,a_negatives,"nnU-Net missed, 10-20mm",204,0,0,0,0.0184833,0.00316456,0.00255595,316,0,
bright,25,a_negatives,"nnU-Net missed, TARGET",74,0,0,0,0.0493515,0.00316456,0.00255595,316,0,
bright,25,b_positives_nontumor,TARGET 10-20mm hypo/hyper enhanced,106,0,0,0,0.034974,0.00917431,0.0090618,981,0,
bright,25,b_positives_nontumor,10-20mm all,275,0,0,0,0.013777,0.00917431,0.0090618,981,0,
bright,25,b_positives_nontumor,10-20mm enhanced,157,0,0,0,0.0238844,0.00917431,0.0090618,981,0,
bright,25,b_positives_nontumor,10-20mm iso(v3),99,0,0,0,0.0373545,0.00917431,0.0090618,981,0,
bright,25,b_positives_nontumor,10-20mm iso within 5 HU,66,0,0,0,0.0550045,0.00917431,0.0090618,981,0,
bright,25,b_positives_nontumor,<10mm all,86,0,0,0,0.0427597,0.00917431,0.0090618,981,0,
bright,25,b_positives_nontumor,>=20mm all,874,1,0.00114416,0.000201997,0.00645251,0.00917431,0.0090618,981,0,
bright,25,b_positives_nontumor,all lesions,1235,1,0.000809717,0.000142945,0.00457243,0.00917431,0.0090618,981,0,
bright,25,b_positives_nontumor,"all, not separated",1165,1,0.000858369,0.000151535,0.00484623,0.00917431,0.0090618,981,0,
bright,25,b_positives_nontumor,size <5,49,0,0,0,0.0727003,0.00917431,0.0090618,981,0,
bright,25,b_positives_nontumor,size 5-10,37,0,0,0,0.094061,0.00917431,0.0090618,981,0,
bright,25,b_positives_nontumor,size 10-20,275,0,0,0,0.013777,0.00917431,0.0090618,981,0,
bright,25,b_positives_nontumor,size 20-40,597,0,0,0,0.0063937,0.00917431,0.0090618,981,0,
bright,25,b_positives_nontumor,size >=40,277,1,0.00361011,0.000637541,0.0201628,0.00917431,0.0090618,981,0,
bright,25,b_positives_nontumor,v3 hypo,585,0,0,0,0.006524,0.00917431,0.0090618,981,0,
bright,25,b_positives_nontumor,v3 iso,461,1,0.0021692,0.000383009,0.0121839,0.00917431,0.0090618,981,0,
bright,25,b_positives_nontumor,v3 hyper,189,0,0,0,0.019921,0.00917431,0.0090618,981,0,
bright,25,b_positives_nontumor,phase Arterial,260,1,0.00384615,0.000679246,0.0214613,0.00917431,0.0090618,981,0,
bright,25,b_positives_nontumor,phase Delay,4,0,0,0,0.4899,0.00917431,0.0090618,981,0,
bright,25,b_positives_nontumor,phase Non-contrast,413,0,0,0,0.00921597,0.00917431,0.0090618,981,0,
bright,25,b_positives_nontumor,phase Venous,557,0,0,0,0.00684971,0.00917431,0.0090618,981,0,
bright,25,b_positives_nontumor,region head,825,0,0,0,0.0046349,0.00917431,0.0090618,981,0,
bright,25,b_positives_nontumor,region body,207,0,0,0,0.0182203,0.00917431,0.0090618,981,0,
bright,25,b_positives_nontumor,region tail,195,1,0.00512821,0.000905805,0.0284724,0.00917431,0.0090618,981,0,
bright,25,b_positives_nontumor,thickness <=1.5 mm,532,0,0,0,0.00716928,0.00917431,0.0090618,981,0,
bright,25,b_positives_nontumor,thickness 1.5-2.5 mm,426,0,0,0,0.00893725,0.00917431,0.0090618,981,0,
bright,25,b_positives_nontumor,thickness 2.5-5 mm,273,1,0.003663,0.000646886,0.020454,0.00917431,0.0090618,981,0,
bright,25,b_positives_nontumor,thickness >5 mm,4,0,0,0,0.4899,0.00917431,0.0090618,981,0,
bright,25,b_positives_nontumor,tier abutting,174,1,0.00574713,0.0010152,0.031832,0.00917431,0.0090618,981,0,
bright,25,b_positives_nontumor,tier embedded,111,0,0,0,0.0334513,0.00917431,0.0090618,981,0,
bright,25,b_positives_nontumor,tier inside,880,0,0,0,0.00434648,0.00917431,0.0090618,981,0,
bright,25,b_positives_nontumor,tier separated,70,0,0,0,0.0520249,0.00917431,0.0090618,981,0,
bright,25,b_positives_nontumor,nnU-Net detected,659,1,0.00151745,0.000267911,0.00854505,0.00917431,0.0090618,981,0,
bright,25,b_positives_nontumor,nnU-Net missed,576,0,0,0,0.00662526,0.00917431,0.0090618,981,0,
bright,25,b_positives_nontumor,"nnU-Net missed, 10-20mm",204,0,0,0,0.0184833,0.00917431,0.0090618,981,0,
bright,25,b_positives_nontumor,"nnU-Net missed, TARGET",74,0,0,0,0.0493515,0.00917431,0.0090618,981,0,
bright,25,a_neg_reweighted_to_pos,TARGET 10-20mm hypo/hyper enhanced,106,0,0,0,0.034974,0.00819742,,316,,
bright,25,a_neg_reweighted_to_pos,10-20mm all,275,0,0,0,0.013777,0.00819742,,316,,
bright,25,a_neg_reweighted_to_pos,10-20mm enhanced,157,0,0,0,0.0238844,0.00819742,,316,,
bright,25,a_neg_reweighted_to_pos,10-20mm iso(v3),99,0,0,0,0.0373545,0.00819742,,316,,
bright,25,a_neg_reweighted_to_pos,10-20mm iso within 5 HU,66,0,0,0,0.0550045,0.00819742,,316,,
bright,25,a_neg_reweighted_to_pos,<10mm all,86,0,0,0,0.0427597,0.00819742,,316,,
bright,25,a_neg_reweighted_to_pos,>=20mm all,874,1,0.00114416,0.000201997,0.00645251,0.00819742,,316,,
bright,25,a_neg_reweighted_to_pos,all lesions,1235,1,0.000809717,0.000142945,0.00457243,0.00819742,,316,,
bright,25,a_neg_reweighted_to_pos,"all, not separated",1165,1,0.000858369,0.000151535,0.00484623,0.00819742,,316,,
bright,25,a_neg_reweighted_to_pos,size <5,49,0,0,0,0.0727003,0.00819742,,316,,
bright,25,a_neg_reweighted_to_pos,size 5-10,37,0,0,0,0.094061,0.00819742,,316,,
bright,25,a_neg_reweighted_to_pos,size 10-20,275,0,0,0,0.013777,0.00819742,,316,,
bright,25,a_neg_reweighted_to_pos,size 20-40,597,0,0,0,0.0063937,0.00819742,,316,,
bright,25,a_neg_reweighted_to_pos,size >=40,277,1,0.00361011,0.000637541,0.0201628,0.00819742,,316,,
bright,25,a_neg_reweighted_to_pos,v3 hypo,585,0,0,0,0.006524,0.00819742,,316,,
bright,25,a_neg_reweighted_to_pos,v3 iso,461,1,0.0021692,0.000383009,0.0121839,0.00819742,,316,,
bright,25,a_neg_reweighted_to_pos,v3 hyper,189,0,0,0,0.019921,0.00819742,,316,,
bright,25,a_neg_reweighted_to_pos,phase Arterial,260,1,0.00384615,0.000679246,0.0214613,0.00819742,,316,,
bright,25,a_neg_reweighted_to_pos,phase Delay,4,0,0,0,0.4899,0.00819742,,316,,
bright,25,a_neg_reweighted_to_pos,phase Non-contrast,413,0,0,0,0.00921597,0.00819742,,316,,
bright,25,a_neg_reweighted_to_pos,phase Venous,557,0,0,0,0.00684971,0.00819742,,316,,
bright,25,a_neg_reweighted_to_pos,region head,825,0,0,0,0.0046349,0.00819742,,316,,
bright,25,a_neg_reweighted_to_pos,region body,207,0,0,0,0.0182203,0.00819742,,316,,
bright,25,a_neg_reweighted_to_pos,region tail,195,1,0.00512821,0.000905805,0.0284724,0.00819742,,316,,
bright,25,a_neg_reweighted_to_pos,thickness <=1.5 mm,532,0,0,0,0.00716928,0.00819742,,316,,
bright,25,a_neg_reweighted_to_pos,thickness 1.5-2.5 mm,426,0,0,0,0.00893725,0.00819742,,316,,
bright,25,a_neg_reweighted_to_pos,thickness 2.5-5 mm,273,1,0.003663,0.000646886,0.020454,0.00819742,,316,,
bright,25,a_neg_reweighted_to_pos,thickness >5 mm,4,0,0,0,0.4899,0.00819742,,316,,
bright,25,a_neg_reweighted_to_pos,tier abutting,174,1,0.00574713,0.0010152,0.031832,0.00819742,,316,,
bright,25,a_neg_reweighted_to_pos,tier embedded,111,0,0,0,0.0334513,0.00819742,,316,,
bright,25,a_neg_reweighted_to_pos,tier inside,880,0,0,0,0.00434648,0.00819742,,316,,
bright,25,a_neg_reweighted_to_pos,tier separated,70,0,0,0,0.0520249,0.00819742,,316,,
bright,25,a_neg_reweighted_to_pos,nnU-Net detected,659,1,0.00151745,0.000267911,0.00854505,0.00819742,,316,,
bright,25,a_neg_reweighted_to_pos,nnU-Net missed,576,0,0,0,0.00662526,0.00819742,,316,,
bright,25,a_neg_reweighted_to_pos,"nnU-Net missed, 10-20mm",204,0,0,0,0.0184833,0.00819742,,316,,
bright,25,a_neg_reweighted_to_pos,"nnU-Net missed, TARGET",74,0,0,0,0.0493515,0.00819742,,316,,
bright,30,a_negatives,TARGET 10-20mm hypo/hyper enhanced,106,0,0,0,0.034974,0,0,316,0,
bright,30,a_negatives,10-20mm all,275,0,0,0,0.013777,0,0,316,0,
bright,30,a_negatives,10-20mm enhanced,157,0,0,0,0.0238844,0,0,316,0,
bright,30,a_negatives,10-20mm iso(v3),99,0,0,0,0.0373545,0,0,316,0,
bright,30,a_negatives,10-20mm iso within 5 HU,66,0,0,0,0.0550045,0,0,316,0,
bright,30,a_negatives,<10mm all,86,0,0,0,0.0427597,0,0,316,0,
bright,30,a_negatives,>=20mm all,874,1,0.00114416,0.000201997,0.00645251,0,0,316,0,
bright,30,a_negatives,all lesions,1235,1,0.000809717,0.000142945,0.00457243,0,0,316,0,
bright,30,a_negatives,"all, not separated",1165,1,0.000858369,0.000151535,0.00484623,0,0,316,0,
bright,30,a_negatives,size <5,49,0,0,0,0.0727003,0,0,316,0,
bright,30,a_negatives,size 5-10,37,0,0,0,0.094061,0,0,316,0,
bright,30,a_negatives,size 10-20,275,0,0,0,0.013777,0,0,316,0,
bright,30,a_negatives,size 20-40,597,0,0,0,0.0063937,0,0,316,0,
bright,30,a_negatives,size >=40,277,1,0.00361011,0.000637541,0.0201628,0,0,316,0,
bright,30,a_negatives,v3 hypo,585,0,0,0,0.006524,0,0,316,0,
bright,30,a_negatives,v3 iso,461,1,0.0021692,0.000383009,0.0121839,0,0,316,0,
bright,30,a_negatives,v3 hyper,189,0,0,0,0.019921,0,0,316,0,
bright,30,a_negatives,phase Arterial,260,1,0.00384615,0.000679246,0.0214613,0,0,316,0,
bright,30,a_negatives,phase Delay,4,0,0,0,0.4899,0,0,316,0,
bright,30,a_negatives,phase Non-contrast,413,0,0,0,0.00921597,0,0,316,0,
bright,30,a_negatives,phase Venous,557,0,0,0,0.00684971,0,0,316,0,
bright,30,a_negatives,region head,825,0,0,0,0.0046349,0,0,316,0,
bright,30,a_negatives,region body,207,0,0,0,0.0182203,0,0,316,0,
bright,30,a_negatives,region tail,195,1,0.00512821,0.000905805,0.0284724,0,0,316,0,
bright,30,a_negatives,thickness <=1.5 mm,532,0,0,0,0.00716928,0,0,316,0,
bright,30,a_negatives,thickness 1.5-2.5 mm,426,0,0,0,0.00893725,0,0,316,0,
bright,30,a_negatives,thickness 2.5-5 mm,273,1,0.003663,0.000646886,0.020454,0,0,316,0,
bright,30,a_negatives,thickness >5 mm,4,0,0,0,0.4899,0,0,316,0,
bright,30,a_negatives,tier abutting,174,1,0.00574713,0.0010152,0.031832,0,0,316,0,
bright,30,a_negatives,tier embedded,111,0,0,0,0.0334513,0,0,316,0,
bright,30,a_negatives,tier inside,880,0,0,0,0.00434648,0,0,316,0,
bright,30,a_negatives,tier separated,70,0,0,0,0.0520249,0,0,316,0,
bright,30,a_negatives,nnU-Net detected,659,1,0.00151745,0.000267911,0.00854505,0,0,316,0,
bright,30,a_negatives,nnU-Net missed,576,0,0,0,0.00662526,0,0,316,0,
bright,30,a_negatives,"nnU-Net missed, 10-20mm",204,0,0,0,0.0184833,0,0,316,0,
bright,30,a_negatives,"nnU-Net missed, TARGET",74,0,0,0,0.0493515,0,0,316,0,
bright,30,b_positives_nontumor,TARGET 10-20mm hypo/hyper enhanced,106,0,0,0,0.034974,0.00713558,0.00704807,981,0,
bright,30,b_positives_nontumor,10-20mm all,275,0,0,0,0.013777,0.00713558,0.00704807,981,0,
bright,30,b_positives_nontumor,10-20mm enhanced,157,0,0,0,0.0238844,0.00713558,0.00704807,981,0,
bright,30,b_positives_nontumor,10-20mm iso(v3),99,0,0,0,0.0373545,0.00713558,0.00704807,981,0,
bright,30,b_positives_nontumor,10-20mm iso within 5 HU,66,0,0,0,0.0550045,0.00713558,0.00704807,981,0,
bright,30,b_positives_nontumor,<10mm all,86,0,0,0,0.0427597,0.00713558,0.00704807,981,0,
bright,30,b_positives_nontumor,>=20mm all,874,1,0.00114416,0.000201997,0.00645251,0.00713558,0.00704807,981,0,
bright,30,b_positives_nontumor,all lesions,1235,1,0.000809717,0.000142945,0.00457243,0.00713558,0.00704807,981,0,
bright,30,b_positives_nontumor,"all, not separated",1165,1,0.000858369,0.000151535,0.00484623,0.00713558,0.00704807,981,0,
bright,30,b_positives_nontumor,size <5,49,0,0,0,0.0727003,0.00713558,0.00704807,981,0,
bright,30,b_positives_nontumor,size 5-10,37,0,0,0,0.094061,0.00713558,0.00704807,981,0,
bright,30,b_positives_nontumor,size 10-20,275,0,0,0,0.013777,0.00713558,0.00704807,981,0,
bright,30,b_positives_nontumor,size 20-40,597,0,0,0,0.0063937,0.00713558,0.00704807,981,0,
bright,30,b_positives_nontumor,size >=40,277,1,0.00361011,0.000637541,0.0201628,0.00713558,0.00704807,981,0,
bright,30,b_positives_nontumor,v3 hypo,585,0,0,0,0.006524,0.00713558,0.00704807,981,0,
bright,30,b_positives_nontumor,v3 iso,461,1,0.0021692,0.000383009,0.0121839,0.00713558,0.00704807,981,0,
bright,30,b_positives_nontumor,v3 hyper,189,0,0,0,0.019921,0.00713558,0.00704807,981,0,
bright,30,b_positives_nontumor,phase Arterial,260,1,0.00384615,0.000679246,0.0214613,0.00713558,0.00704807,981,0,
bright,30,b_positives_nontumor,phase Delay,4,0,0,0,0.4899,0.00713558,0.00704807,981,0,
bright,30,b_positives_nontumor,phase Non-contrast,413,0,0,0,0.00921597,0.00713558,0.00704807,981,0,
bright,30,b_positives_nontumor,phase Venous,557,0,0,0,0.00684971,0.00713558,0.00704807,981,0,
bright,30,b_positives_nontumor,region head,825,0,0,0,0.0046349,0.00713558,0.00704807,981,0,
bright,30,b_positives_nontumor,region body,207,0,0,0,0.0182203,0.00713558,0.00704807,981,0,
bright,30,b_positives_nontumor,region tail,195,1,0.00512821,0.000905805,0.0284724,0.00713558,0.00704807,981,0,
bright,30,b_positives_nontumor,thickness <=1.5 mm,532,0,0,0,0.00716928,0.00713558,0.00704807,981,0,
bright,30,b_positives_nontumor,thickness 1.5-2.5 mm,426,0,0,0,0.00893725,0.00713558,0.00704807,981,0,
bright,30,b_positives_nontumor,thickness 2.5-5 mm,273,1,0.003663,0.000646886,0.020454,0.00713558,0.00704807,981,0,
bright,30,b_positives_nontumor,thickness >5 mm,4,0,0,0,0.4899,0.00713558,0.00704807,981,0,
bright,30,b_positives_nontumor,tier abutting,174,1,0.00574713,0.0010152,0.031832,0.00713558,0.00704807,981,0,
bright,30,b_positives_nontumor,tier embedded,111,0,0,0,0.0334513,0.00713558,0.00704807,981,0,
bright,30,b_positives_nontumor,tier inside,880,0,0,0,0.00434648,0.00713558,0.00704807,981,0,
bright,30,b_positives_nontumor,tier separated,70,0,0,0,0.0520249,0.00713558,0.00704807,981,0,
bright,30,b_positives_nontumor,nnU-Net detected,659,1,0.00151745,0.000267911,0.00854505,0.00713558,0.00704807,981,0,
bright,30,b_positives_nontumor,nnU-Net missed,576,0,0,0,0.00662526,0.00713558,0.00704807,981,0,
bright,30,b_positives_nontumor,"nnU-Net missed, 10-20mm",204,0,0,0,0.0184833,0.00713558,0.00704807,981,0,
bright,30,b_positives_nontumor,"nnU-Net missed, TARGET",74,0,0,0,0.0493515,0.00713558,0.00704807,981,0,
bright,30,a_neg_reweighted_to_pos,TARGET 10-20mm hypo/hyper enhanced,106,0,0,0,0.034974,0,,316,,
bright,30,a_neg_reweighted_to_pos,10-20mm all,275,0,0,0,0.013777,0,,316,,
bright,30,a_neg_reweighted_to_pos,10-20mm enhanced,157,0,0,0,0.0238844,0,,316,,
bright,30,a_neg_reweighted_to_pos,10-20mm iso(v3),99,0,0,0,0.0373545,0,,316,,
bright,30,a_neg_reweighted_to_pos,10-20mm iso within 5 HU,66,0,0,0,0.0550045,0,,316,,
bright,30,a_neg_reweighted_to_pos,<10mm all,86,0,0,0,0.0427597,0,,316,,
bright,30,a_neg_reweighted_to_pos,>=20mm all,874,1,0.00114416,0.000201997,0.00645251,0,,316,,
bright,30,a_neg_reweighted_to_pos,all lesions,1235,1,0.000809717,0.000142945,0.00457243,0,,316,,
bright,30,a_neg_reweighted_to_pos,"all, not separated",1165,1,0.000858369,0.000151535,0.00484623,0,,316,,
bright,30,a_neg_reweighted_to_pos,size <5,49,0,0,0,0.0727003,0,,316,,
bright,30,a_neg_reweighted_to_pos,size 5-10,37,0,0,0,0.094061,0,,316,,
bright,30,a_neg_reweighted_to_pos,size 10-20,275,0,0,0,0.013777,0,,316,,
bright,30,a_neg_reweighted_to_pos,size 20-40,597,0,0,0,0.0063937,0,,316,,
bright,30,a_neg_reweighted_to_pos,size >=40,277,1,0.00361011,0.000637541,0.0201628,0,,316,,
bright,30,a_neg_reweighted_to_pos,v3 hypo,585,0,0,0,0.006524,0,,316,,
bright,30,a_neg_reweighted_to_pos,v3 iso,461,1,0.0021692,0.000383009,0.0121839,0,,316,,
bright,30,a_neg_reweighted_to_pos,v3 hyper,189,0,0,0,0.019921,0,,316,,
bright,30,a_neg_reweighted_to_pos,phase Arterial,260,1,0.00384615,0.000679246,0.0214613,0,,316,,
bright,30,a_neg_reweighted_to_pos,phase Delay,4,0,0,0,0.4899,0,,316,,
bright,30,a_neg_reweighted_to_pos,phase Non-contrast,413,0,0,0,0.00921597,0,,316,,
bright,30,a_neg_reweighted_to_pos,phase Venous,557,0,0,0,0.00684971,0,,316,,
bright,30,a_neg_reweighted_to_pos,region head,825,0,0,0,0.0046349,0,,316,,
bright,30,a_neg_reweighted_to_pos,region body,207,0,0,0,0.0182203,0,,316,,
bright,30,a_neg_reweighted_to_pos,region tail,195,1,0.00512821,0.000905805,0.0284724,0,,316,,
bright,30,a_neg_reweighted_to_pos,thickness <=1.5 mm,532,0,0,0,0.00716928,0,,316,,
bright,30,a_neg_reweighted_to_pos,thickness 1.5-2.5 mm,426,0,0,0,0.00893725,0,,316,,
bright,30,a_neg_reweighted_to_pos,thickness 2.5-5 mm,273,1,0.003663,0.000646886,0.020454,0,,316,,
bright,30,a_neg_reweighted_to_pos,thickness >5 mm,4,0,0,0,0.4899,0,,316,,
bright,30,a_neg_reweighted_to_pos,tier abutting,174,1,0.00574713,0.0010152,0.031832,0,,316,,
bright,30,a_neg_reweighted_to_pos,tier embedded,111,0,0,0,0.0334513,0,,316,,
bright,30,a_neg_reweighted_to_pos,tier inside,880,0,0,0,0.00434648,0,,316,,
bright,30,a_neg_reweighted_to_pos,tier separated,70,0,0,0,0.0520249,0,,316,,
bright,30,a_neg_reweighted_to_pos,nnU-Net detected,659,1,0.00151745,0.000267911,0.00854505,0,,316,,
bright,30,a_neg_reweighted_to_pos,nnU-Net missed,576,0,0,0,0.00662526,0,,316,,
bright,30,a_neg_reweighted_to_pos,"nnU-Net missed, 10-20mm",204,0,0,0,0.0184833,0,,316,,
bright,30,a_neg_reweighted_to_pos,"nnU-Net missed, TARGET",74,0,0,0,0.0493515,0,,316,,
either,2,a_negatives,TARGET 10-20mm hypo/hyper enhanced,106,24,0.226415,0.157134,0.314833,96.6297,78.0459,316,0.911392,
either,2,a_negatives,10-20mm all,275,57,0.207273,0.163557,0.259055,96.6297,78.0459,316,0.911392,
either,2,a_negatives,10-20mm enhanced,157,35,0.22293,0.164884,0.294211,96.6297,78.0459,316,0.911392,
either,2,a_negatives,10-20mm iso(v3),99,21,0.212121,0.143134,0.302615,96.6297,78.0459,316,0.911392,
either,2,a_negatives,10-20mm iso within 5 HU,66,17,0.257576,0.167487,0.374333,96.6297,78.0459,316,0.911392,
either,2,a_negatives,<10mm all,86,3,0.0348837,0.0119336,0.0976103,96.6297,78.0459,316,0.911392,
either,2,a_negatives,>=20mm all,874,564,0.645309,0.613018,0.676328,96.6297,78.0459,316,0.911392,
either,2,a_negatives,all lesions,1235,624,0.505263,0.477405,0.533088,96.6297,78.0459,316,0.911392,
either,2,a_negatives,"all, not separated",1165,623,0.534764,0.506054,0.563245,96.6297,78.0459,316,0.911392,
either,2,a_negatives,size <5,49,0,0,0,0.0727003,96.6297,78.0459,316,0.911392,
either,2,a_negatives,size 5-10,37,3,0.0810811,0.0279601,0.21301,96.6297,78.0459,316,0.911392,
either,2,a_negatives,size 10-20,275,57,0.207273,0.163557,0.259055,96.6297,78.0459,316,0.911392,
either,2,a_negatives,size 20-40,597,337,0.564489,0.524428,0.603725,96.6297,78.0459,316,0.911392,
either,2,a_negatives,size >=40,277,227,0.819495,0.76993,0.860319,96.6297,78.0459,316,0.911392,
either,2,a_negatives,v3 hypo,585,255,0.435897,0.396261,0.47637,96.6297,78.0459,316,0.911392,
either,2,a_negatives,v3 iso,461,249,0.54013,0.49449,0.585107,96.6297,78.0459,316,0.911392,
either,2,a_negatives,v3 hyper,189,120,0.634921,0.564227,0.700239,96.6297,78.0459,316,0.911392,
either,2,a_negatives,phase Arterial,260,141,0.542308,0.481572,0.601811,96.6297,78.0459,316,0.911392,
either,2,a_negatives,phase Delay,4,1,0.25,0.0455861,0.699364,96.6297,78.0459,316,0.911392,
either,2,a_negatives,phase Non-contrast,413,162,0.392252,0.346362,0.440127,96.6297,78.0459,316,0.911392,
either,2,a_negatives,phase Venous,557,319,0.572711,0.531268,0.613158,96.6297,78.0459,316,0.911392,
either,2,a_negatives,region head,825,432,0.523636,0.489525,0.557529,96.6297,78.0459,316,0.911392,
either,2,a_negatives,region body,207,99,0.478261,0.411228,0.546086,96.6297,78.0459,316,0.911392,
either,2,a_negatives,region tail,195,93,0.476923,0.407944,0.546794,96.6297,78.0459,316,0.911392,
either,2,a_negatives,thickness <=1.5 mm,532,212,0.398496,0.357763,0.440685,96.6297,78.0459,316,0.911392,
either,2,a_negatives,thickness 1.5-2.5 mm,426,280,0.657277,0.61098,0.700763,96.6297,78.0459,316,0.911392,
either,2,a_negatives,thickness 2.5-5 mm,273,131,0.479853,0.421281,0.538985,96.6297,78.0459,316,0.911392,
either,2,a_negatives,thickness >5 mm,4,1,0.25,0.0455861,0.699364,96.6297,78.0459,316,0.911392,
either,2,a_negatives,tier abutting,174,75,0.431034,0.359725,0.505324,96.6297,78.0459,316,0.911392,
either,2,a_negatives,tier embedded,111,27,0.243243,0.172893,0.330771,96.6297,78.0459,316,0.911392,
either,2,a_negatives,tier inside,880,521,0.592045,0.559242,0.624048,96.6297,78.0459,316,0.911392,
either,2,a_negatives,tier separated,70,1,0.0142857,0.00252618,0.0765837,96.6297,78.0459,316,0.911392,
either,2,a_negatives,nnU-Net detected,659,434,0.658574,0.621543,0.693766,96.6297,78.0459,316,0.911392,
either,2,a_negatives,nnU-Net missed,576,190,0.329861,0.292703,0.369274,96.6297,78.0459,316,0.911392,
either,2,a_negatives,"nnU-Net missed, 10-20mm",204,43,0.210784,0.160422,0.271838,96.6297,78.0459,316,0.911392,
either,2,a_negatives,"nnU-Net missed, TARGET",74,16,0.216216,0.137703,0.322739,96.6297,78.0459,316,0.911392,
either,2,b_positives_nontumor,TARGET 10-20mm hypo/hyper enhanced,106,24,0.226415,0.157134,0.314833,82.9521,81.9348,981,0.030581,
either,2,b_positives_nontumor,10-20mm all,275,57,0.207273,0.163557,0.259055,82.9521,81.9348,981,0.030581,
either,2,b_positives_nontumor,10-20mm enhanced,157,35,0.22293,0.164884,0.294211,82.9521,81.9348,981,0.030581,
either,2,b_positives_nontumor,10-20mm iso(v3),99,21,0.212121,0.143134,0.302615,82.9521,81.9348,981,0.030581,
either,2,b_positives_nontumor,10-20mm iso within 5 HU,66,17,0.257576,0.167487,0.374333,82.9521,81.9348,981,0.030581,
either,2,b_positives_nontumor,<10mm all,86,3,0.0348837,0.0119336,0.0976103,82.9521,81.9348,981,0.030581,
either,2,b_positives_nontumor,>=20mm all,874,564,0.645309,0.613018,0.676328,82.9521,81.9348,981,0.030581,
either,2,b_positives_nontumor,all lesions,1235,624,0.505263,0.477405,0.533088,82.9521,81.9348,981,0.030581,
either,2,b_positives_nontumor,"all, not separated",1165,623,0.534764,0.506054,0.563245,82.9521,81.9348,981,0.030581,
either,2,b_positives_nontumor,size <5,49,0,0,0,0.0727003,82.9521,81.9348,981,0.030581,
either,2,b_positives_nontumor,size 5-10,37,3,0.0810811,0.0279601,0.21301,82.9521,81.9348,981,0.030581,
either,2,b_positives_nontumor,size 10-20,275,57,0.207273,0.163557,0.259055,82.9521,81.9348,981,0.030581,
either,2,b_positives_nontumor,size 20-40,597,337,0.564489,0.524428,0.603725,82.9521,81.9348,981,0.030581,
either,2,b_positives_nontumor,size >=40,277,227,0.819495,0.76993,0.860319,82.9521,81.9348,981,0.030581,
either,2,b_positives_nontumor,v3 hypo,585,255,0.435897,0.396261,0.47637,82.9521,81.9348,981,0.030581,
either,2,b_positives_nontumor,v3 iso,461,249,0.54013,0.49449,0.585107,82.9521,81.9348,981,0.030581,
either,2,b_positives_nontumor,v3 hyper,189,120,0.634921,0.564227,0.700239,82.9521,81.9348,981,0.030581,
either,2,b_positives_nontumor,phase Arterial,260,141,0.542308,0.481572,0.601811,82.9521,81.9348,981,0.030581,
either,2,b_positives_nontumor,phase Delay,4,1,0.25,0.0455861,0.699364,82.9521,81.9348,981,0.030581,
either,2,b_positives_nontumor,phase Non-contrast,413,162,0.392252,0.346362,0.440127,82.9521,81.9348,981,0.030581,
either,2,b_positives_nontumor,phase Venous,557,319,0.572711,0.531268,0.613158,82.9521,81.9348,981,0.030581,
either,2,b_positives_nontumor,region head,825,432,0.523636,0.489525,0.557529,82.9521,81.9348,981,0.030581,
either,2,b_positives_nontumor,region body,207,99,0.478261,0.411228,0.546086,82.9521,81.9348,981,0.030581,
either,2,b_positives_nontumor,region tail,195,93,0.476923,0.407944,0.546794,82.9521,81.9348,981,0.030581,
either,2,b_positives_nontumor,thickness <=1.5 mm,532,212,0.398496,0.357763,0.440685,82.9521,81.9348,981,0.030581,
either,2,b_positives_nontumor,thickness 1.5-2.5 mm,426,280,0.657277,0.61098,0.700763,82.9521,81.9348,981,0.030581,
either,2,b_positives_nontumor,thickness 2.5-5 mm,273,131,0.479853,0.421281,0.538985,82.9521,81.9348,981,0.030581,
either,2,b_positives_nontumor,thickness >5 mm,4,1,0.25,0.0455861,0.699364,82.9521,81.9348,981,0.030581,
either,2,b_positives_nontumor,tier abutting,174,75,0.431034,0.359725,0.505324,82.9521,81.9348,981,0.030581,
either,2,b_positives_nontumor,tier embedded,111,27,0.243243,0.172893,0.330771,82.9521,81.9348,981,0.030581,
either,2,b_positives_nontumor,tier inside,880,521,0.592045,0.559242,0.624048,82.9521,81.9348,981,0.030581,
either,2,b_positives_nontumor,tier separated,70,1,0.0142857,0.00252618,0.0765837,82.9521,81.9348,981,0.030581,
either,2,b_positives_nontumor,nnU-Net detected,659,434,0.658574,0.621543,0.693766,82.9521,81.9348,981,0.030581,
either,2,b_positives_nontumor,nnU-Net missed,576,190,0.329861,0.292703,0.369274,82.9521,81.9348,981,0.030581,
either,2,b_positives_nontumor,"nnU-Net missed, 10-20mm",204,43,0.210784,0.160422,0.271838,82.9521,81.9348,981,0.030581,
either,2,b_positives_nontumor,"nnU-Net missed, TARGET",74,16,0.216216,0.137703,0.322739,82.9521,81.9348,981,0.030581,
either,2,a_neg_reweighted_to_pos,TARGET 10-20mm hypo/hyper enhanced,106,24,0.226415,0.157134,0.314833,97.0632,,316,,
either,2,a_neg_reweighted_to_pos,10-20mm all,275,57,0.207273,0.163557,0.259055,97.0632,,316,,
either,2,a_neg_reweighted_to_pos,10-20mm enhanced,157,35,0.22293,0.164884,0.294211,97.0632,,316,,
either,2,a_neg_reweighted_to_pos,10-20mm iso(v3),99,21,0.212121,0.143134,0.302615,97.0632,,316,,
either,2,a_neg_reweighted_to_pos,10-20mm iso within 5 HU,66,17,0.257576,0.167487,0.374333,97.0632,,316,,
either,2,a_neg_reweighted_to_pos,<10mm all,86,3,0.0348837,0.0119336,0.0976103,97.0632,,316,,
either,2,a_neg_reweighted_to_pos,>=20mm all,874,564,0.645309,0.613018,0.676328,97.0632,,316,,
either,2,a_neg_reweighted_to_pos,all lesions,1235,624,0.505263,0.477405,0.533088,97.0632,,316,,
either,2,a_neg_reweighted_to_pos,"all, not separated",1165,623,0.534764,0.506054,0.563245,97.0632,,316,,
either,2,a_neg_reweighted_to_pos,size <5,49,0,0,0,0.0727003,97.0632,,316,,
either,2,a_neg_reweighted_to_pos,size 5-10,37,3,0.0810811,0.0279601,0.21301,97.0632,,316,,
either,2,a_neg_reweighted_to_pos,size 10-20,275,57,0.207273,0.163557,0.259055,97.0632,,316,,
either,2,a_neg_reweighted_to_pos,size 20-40,597,337,0.564489,0.524428,0.603725,97.0632,,316,,
either,2,a_neg_reweighted_to_pos,size >=40,277,227,0.819495,0.76993,0.860319,97.0632,,316,,
either,2,a_neg_reweighted_to_pos,v3 hypo,585,255,0.435897,0.396261,0.47637,97.0632,,316,,
either,2,a_neg_reweighted_to_pos,v3 iso,461,249,0.54013,0.49449,0.585107,97.0632,,316,,
either,2,a_neg_reweighted_to_pos,v3 hyper,189,120,0.634921,0.564227,0.700239,97.0632,,316,,
either,2,a_neg_reweighted_to_pos,phase Arterial,260,141,0.542308,0.481572,0.601811,97.0632,,316,,
either,2,a_neg_reweighted_to_pos,phase Delay,4,1,0.25,0.0455861,0.699364,97.0632,,316,,
either,2,a_neg_reweighted_to_pos,phase Non-contrast,413,162,0.392252,0.346362,0.440127,97.0632,,316,,
either,2,a_neg_reweighted_to_pos,phase Venous,557,319,0.572711,0.531268,0.613158,97.0632,,316,,
either,2,a_neg_reweighted_to_pos,region head,825,432,0.523636,0.489525,0.557529,97.0632,,316,,
either,2,a_neg_reweighted_to_pos,region body,207,99,0.478261,0.411228,0.546086,97.0632,,316,,
either,2,a_neg_reweighted_to_pos,region tail,195,93,0.476923,0.407944,0.546794,97.0632,,316,,
either,2,a_neg_reweighted_to_pos,thickness <=1.5 mm,532,212,0.398496,0.357763,0.440685,97.0632,,316,,
either,2,a_neg_reweighted_to_pos,thickness 1.5-2.5 mm,426,280,0.657277,0.61098,0.700763,97.0632,,316,,
either,2,a_neg_reweighted_to_pos,thickness 2.5-5 mm,273,131,0.479853,0.421281,0.538985,97.0632,,316,,
either,2,a_neg_reweighted_to_pos,thickness >5 mm,4,1,0.25,0.0455861,0.699364,97.0632,,316,,
either,2,a_neg_reweighted_to_pos,tier abutting,174,75,0.431034,0.359725,0.505324,97.0632,,316,,
either,2,a_neg_reweighted_to_pos,tier embedded,111,27,0.243243,0.172893,0.330771,97.0632,,316,,
either,2,a_neg_reweighted_to_pos,tier inside,880,521,0.592045,0.559242,0.624048,97.0632,,316,,
either,2,a_neg_reweighted_to_pos,tier separated,70,1,0.0142857,0.00252618,0.0765837,97.0632,,316,,
either,2,a_neg_reweighted_to_pos,nnU-Net detected,659,434,0.658574,0.621543,0.693766,97.0632,,316,,
either,2,a_neg_reweighted_to_pos,nnU-Net missed,576,190,0.329861,0.292703,0.369274,97.0632,,316,,
either,2,a_neg_reweighted_to_pos,"nnU-Net missed, 10-20mm",204,43,0.210784,0.160422,0.271838,97.0632,,316,,
either,2,a_neg_reweighted_to_pos,"nnU-Net missed, TARGET",74,16,0.216216,0.137703,0.322739,97.0632,,316,,
either,3,a_negatives,TARGET 10-20mm hypo/hyper enhanced,106,19,0.179245,0.117861,0.263066,74.6139,60.2642,316,0.386076,
either,3,a_negatives,10-20mm all,275,42,0.152727,0.115019,0.200005,74.6139,60.2642,316,0.386076,
either,3,a_negatives,10-20mm enhanced,157,27,0.171975,0.120966,0.238652,74.6139,60.2642,316,0.386076,
either,3,a_negatives,10-20mm iso(v3),99,18,0.181818,0.118218,0.26919,74.6139,60.2642,316,0.386076,
either,3,a_negatives,10-20mm iso within 5 HU,66,15,0.227273,0.142851,0.341697,74.6139,60.2642,316,0.386076,
either,3,a_negatives,<10mm all,86,3,0.0348837,0.0119336,0.0976103,74.6139,60.2642,316,0.386076,
either,3,a_negatives,>=20mm all,874,492,0.562929,0.529839,0.595468,74.6139,60.2642,316,0.386076,
either,3,a_negatives,all lesions,1235,537,0.434818,0.407414,0.462626,74.6139,60.2642,316,0.386076,
either,3,a_negatives,"all, not separated",1165,536,0.460086,0.431643,0.488791,74.6139,60.2642,316,0.386076,
either,3,a_negatives,size <5,49,0,0,0,0.0727003,74.6139,60.2642,316,0.386076,
either,3,a_negatives,size 5-10,37,3,0.0810811,0.0279601,0.21301,74.6139,60.2642,316,0.386076,
either,3,a_negatives,size 10-20,275,42,0.152727,0.115019,0.200005,74.6139,60.2642,316,0.386076,
either,3,a_negatives,size 20-40,597,277,0.463987,0.42434,0.504094,74.6139,60.2642,316,0.386076,
either,3,a_negatives,size >=40,277,215,0.776173,0.723501,0.82129,74.6139,60.2642,316,0.386076,
either,3,a_negatives,v3 hypo,585,226,0.386325,0.347731,0.426401,74.6139,60.2642,316,0.386076,
either,3,a_negatives,v3 iso,461,216,0.468547,0.423442,0.514171,74.6139,60.2642,316,0.386076,
either,3,a_negatives,v3 hyper,189,95,0.502646,0.432023,0.573163,74.6139,60.2642,316,0.386076,
either,3,a_negatives,phase Arterial,260,127,0.488462,0.428312,0.548947,74.6139,60.2642,316,0.386076,
either,3,a_negatives,phase Delay,4,1,0.25,0.0455861,0.699364,74.6139,60.2642,316,0.386076,
either,3,a_negatives,phase Non-contrast,413,132,0.319613,0.276477,0.366073,74.6139,60.2642,316,0.386076,
either,3,a_negatives,phase Venous,557,276,0.495512,0.454163,0.536922,74.6139,60.2642,316,0.386076,
either,3,a_negatives,region head,825,368,0.446061,0.412468,0.480153,74.6139,60.2642,316,0.386076,
either,3,a_negatives,region body,207,88,0.425121,0.359741,0.493229,74.6139,60.2642,316,0.386076,
either,3,a_negatives,region tail,195,81,0.415385,0.348504,0.485534,74.6139,60.2642,316,0.386076,
either,3,a_negatives,thickness <=1.5 mm,532,180,0.338346,0.299426,0.379584,74.6139,60.2642,316,0.386076,
either,3,a_negatives,thickness 1.5-2.5 mm,426,240,0.56338,0.515923,0.609704,74.6139,60.2642,316,0.386076,
either,3,a_negatives,thickness 2.5-5 mm,273,116,0.424908,0.36771,0.484191,74.6139,60.2642,316,0.386076,
either,3,a_negatives,thickness >5 mm,4,1,0.25,0.0455861,0.699364,74.6139,60.2642,316,0.386076,
either,3,a_negatives,tier abutting,174,58,0.333333,0.267556,0.406311,74.6139,60.2642,316,0.386076,
either,3,a_negatives,tier embedded,111,23,0.207207,0.142228,0.291775,74.6139,60.2642,316,0.386076,
either,3,a_negatives,tier inside,880,455,0.517045,0.484027,0.549916,74.6139,60.2642,316,0.386076,
either,3,a_negatives,tier separated,70,1,0.0142857,0.00252618,0.0765837,74.6139,60.2642,316,0.386076,
either,3,a_negatives,nnU-Net detected,659,384,0.582701,0.544678,0.619765,74.6139,60.2642,316,0.386076,
either,3,a_negatives,nnU-Net missed,576,153,0.265625,0.231195,0.303161,74.6139,60.2642,316,0.386076,
either,3,a_negatives,"nnU-Net missed, 10-20mm",204,32,0.156863,0.113358,0.213053,74.6139,60.2642,316,0.386076,
either,3,a_negatives,"nnU-Net missed, TARGET",74,12,0.162162,0.0952697,0.2624,74.6139,60.2642,316,0.386076,
either,3,b_positives_nontumor,TARGET 10-20mm hypo/hyper enhanced,106,19,0.179245,0.117861,0.263066,67.9429,67.1097,981,0.0214067,
either,3,b_positives_nontumor,10-20mm all,275,42,0.152727,0.115019,0.200005,67.9429,67.1097,981,0.0214067,
either,3,b_positives_nontumor,10-20mm enhanced,157,27,0.171975,0.120966,0.238652,67.9429,67.1097,981,0.0214067,
either,3,b_positives_nontumor,10-20mm iso(v3),99,18,0.181818,0.118218,0.26919,67.9429,67.1097,981,0.0214067,
either,3,b_positives_nontumor,10-20mm iso within 5 HU,66,15,0.227273,0.142851,0.341697,67.9429,67.1097,981,0.0214067,
either,3,b_positives_nontumor,<10mm all,86,3,0.0348837,0.0119336,0.0976103,67.9429,67.1097,981,0.0214067,
either,3,b_positives_nontumor,>=20mm all,874,492,0.562929,0.529839,0.595468,67.9429,67.1097,981,0.0214067,
either,3,b_positives_nontumor,all lesions,1235,537,0.434818,0.407414,0.462626,67.9429,67.1097,981,0.0214067,
either,3,b_positives_nontumor,"all, not separated",1165,536,0.460086,0.431643,0.488791,67.9429,67.1097,981,0.0214067,
either,3,b_positives_nontumor,size <5,49,0,0,0,0.0727003,67.9429,67.1097,981,0.0214067,
either,3,b_positives_nontumor,size 5-10,37,3,0.0810811,0.0279601,0.21301,67.9429,67.1097,981,0.0214067,
either,3,b_positives_nontumor,size 10-20,275,42,0.152727,0.115019,0.200005,67.9429,67.1097,981,0.0214067,
either,3,b_positives_nontumor,size 20-40,597,277,0.463987,0.42434,0.504094,67.9429,67.1097,981,0.0214067,
either,3,b_positives_nontumor,size >=40,277,215,0.776173,0.723501,0.82129,67.9429,67.1097,981,0.0214067,
either,3,b_positives_nontumor,v3 hypo,585,226,0.386325,0.347731,0.426401,67.9429,67.1097,981,0.0214067,
either,3,b_positives_nontumor,v3 iso,461,216,0.468547,0.423442,0.514171,67.9429,67.1097,981,0.0214067,
either,3,b_positives_nontumor,v3 hyper,189,95,0.502646,0.432023,0.573163,67.9429,67.1097,981,0.0214067,
either,3,b_positives_nontumor,phase Arterial,260,127,0.488462,0.428312,0.548947,67.9429,67.1097,981,0.0214067,
either,3,b_positives_nontumor,phase Delay,4,1,0.25,0.0455861,0.699364,67.9429,67.1097,981,0.0214067,
either,3,b_positives_nontumor,phase Non-contrast,413,132,0.319613,0.276477,0.366073,67.9429,67.1097,981,0.0214067,
either,3,b_positives_nontumor,phase Venous,557,276,0.495512,0.454163,0.536922,67.9429,67.1097,981,0.0214067,
either,3,b_positives_nontumor,region head,825,368,0.446061,0.412468,0.480153,67.9429,67.1097,981,0.0214067,
either,3,b_positives_nontumor,region body,207,88,0.425121,0.359741,0.493229,67.9429,67.1097,981,0.0214067,
either,3,b_positives_nontumor,region tail,195,81,0.415385,0.348504,0.485534,67.9429,67.1097,981,0.0214067,
either,3,b_positives_nontumor,thickness <=1.5 mm,532,180,0.338346,0.299426,0.379584,67.9429,67.1097,981,0.0214067,
either,3,b_positives_nontumor,thickness 1.5-2.5 mm,426,240,0.56338,0.515923,0.609704,67.9429,67.1097,981,0.0214067,
either,3,b_positives_nontumor,thickness 2.5-5 mm,273,116,0.424908,0.36771,0.484191,67.9429,67.1097,981,0.0214067,
either,3,b_positives_nontumor,thickness >5 mm,4,1,0.25,0.0455861,0.699364,67.9429,67.1097,981,0.0214067,
either,3,b_positives_nontumor,tier abutting,174,58,0.333333,0.267556,0.406311,67.9429,67.1097,981,0.0214067,
either,3,b_positives_nontumor,tier embedded,111,23,0.207207,0.142228,0.291775,67.9429,67.1097,981,0.0214067,
either,3,b_positives_nontumor,tier inside,880,455,0.517045,0.484027,0.549916,67.9429,67.1097,981,0.0214067,
either,3,b_positives_nontumor,tier separated,70,1,0.0142857,0.00252618,0.0765837,67.9429,67.1097,981,0.0214067,
either,3,b_positives_nontumor,nnU-Net detected,659,384,0.582701,0.544678,0.619765,67.9429,67.1097,981,0.0214067,
either,3,b_positives_nontumor,nnU-Net missed,576,153,0.265625,0.231195,0.303161,67.9429,67.1097,981,0.0214067,
either,3,b_positives_nontumor,"nnU-Net missed, 10-20mm",204,32,0.156863,0.113358,0.213053,67.9429,67.1097,981,0.0214067,
either,3,b_positives_nontumor,"nnU-Net missed, TARGET",74,12,0.162162,0.0952697,0.2624,67.9429,67.1097,981,0.0214067,
either,3,a_neg_reweighted_to_pos,TARGET 10-20mm hypo/hyper enhanced,106,19,0.179245,0.117861,0.263066,75.9792,,316,,
either,3,a_neg_reweighted_to_pos,10-20mm all,275,42,0.152727,0.115019,0.200005,75.9792,,316,,
either,3,a_neg_reweighted_to_pos,10-20mm enhanced,157,27,0.171975,0.120966,0.238652,75.9792,,316,,
either,3,a_neg_reweighted_to_pos,10-20mm iso(v3),99,18,0.181818,0.118218,0.26919,75.9792,,316,,
either,3,a_neg_reweighted_to_pos,10-20mm iso within 5 HU,66,15,0.227273,0.142851,0.341697,75.9792,,316,,
either,3,a_neg_reweighted_to_pos,<10mm all,86,3,0.0348837,0.0119336,0.0976103,75.9792,,316,,
either,3,a_neg_reweighted_to_pos,>=20mm all,874,492,0.562929,0.529839,0.595468,75.9792,,316,,
either,3,a_neg_reweighted_to_pos,all lesions,1235,537,0.434818,0.407414,0.462626,75.9792,,316,,
either,3,a_neg_reweighted_to_pos,"all, not separated",1165,536,0.460086,0.431643,0.488791,75.9792,,316,,
either,3,a_neg_reweighted_to_pos,size <5,49,0,0,0,0.0727003,75.9792,,316,,
either,3,a_neg_reweighted_to_pos,size 5-10,37,3,0.0810811,0.0279601,0.21301,75.9792,,316,,
either,3,a_neg_reweighted_to_pos,size 10-20,275,42,0.152727,0.115019,0.200005,75.9792,,316,,
either,3,a_neg_reweighted_to_pos,size 20-40,597,277,0.463987,0.42434,0.504094,75.9792,,316,,
either,3,a_neg_reweighted_to_pos,size >=40,277,215,0.776173,0.723501,0.82129,75.9792,,316,,
either,3,a_neg_reweighted_to_pos,v3 hypo,585,226,0.386325,0.347731,0.426401,75.9792,,316,,
either,3,a_neg_reweighted_to_pos,v3 iso,461,216,0.468547,0.423442,0.514171,75.9792,,316,,
either,3,a_neg_reweighted_to_pos,v3 hyper,189,95,0.502646,0.432023,0.573163,75.9792,,316,,
either,3,a_neg_reweighted_to_pos,phase Arterial,260,127,0.488462,0.428312,0.548947,75.9792,,316,,
either,3,a_neg_reweighted_to_pos,phase Delay,4,1,0.25,0.0455861,0.699364,75.9792,,316,,
either,3,a_neg_reweighted_to_pos,phase Non-contrast,413,132,0.319613,0.276477,0.366073,75.9792,,316,,
either,3,a_neg_reweighted_to_pos,phase Venous,557,276,0.495512,0.454163,0.536922,75.9792,,316,,
either,3,a_neg_reweighted_to_pos,region head,825,368,0.446061,0.412468,0.480153,75.9792,,316,,
either,3,a_neg_reweighted_to_pos,region body,207,88,0.425121,0.359741,0.493229,75.9792,,316,,
either,3,a_neg_reweighted_to_pos,region tail,195,81,0.415385,0.348504,0.485534,75.9792,,316,,
either,3,a_neg_reweighted_to_pos,thickness <=1.5 mm,532,180,0.338346,0.299426,0.379584,75.9792,,316,,
either,3,a_neg_reweighted_to_pos,thickness 1.5-2.5 mm,426,240,0.56338,0.515923,0.609704,75.9792,,316,,
either,3,a_neg_reweighted_to_pos,thickness 2.5-5 mm,273,116,0.424908,0.36771,0.484191,75.9792,,316,,
either,3,a_neg_reweighted_to_pos,thickness >5 mm,4,1,0.25,0.0455861,0.699364,75.9792,,316,,
either,3,a_neg_reweighted_to_pos,tier abutting,174,58,0.333333,0.267556,0.406311,75.9792,,316,,
either,3,a_neg_reweighted_to_pos,tier embedded,111,23,0.207207,0.142228,0.291775,75.9792,,316,,
either,3,a_neg_reweighted_to_pos,tier inside,880,455,0.517045,0.484027,0.549916,75.9792,,316,,
either,3,a_neg_reweighted_to_pos,tier separated,70,1,0.0142857,0.00252618,0.0765837,75.9792,,316,,
either,3,a_neg_reweighted_to_pos,nnU-Net detected,659,384,0.582701,0.544678,0.619765,75.9792,,316,,
either,3,a_neg_reweighted_to_pos,nnU-Net missed,576,153,0.265625,0.231195,0.303161,75.9792,,316,,
either,3,a_neg_reweighted_to_pos,"nnU-Net missed, 10-20mm",204,32,0.156863,0.113358,0.213053,75.9792,,316,,
either,3,a_neg_reweighted_to_pos,"nnU-Net missed, TARGET",74,12,0.162162,0.0952697,0.2624,75.9792,,316,,
either,4,a_negatives,TARGET 10-20mm hypo/hyper enhanced,106,12,0.113208,0.0659562,0.187514,34.2405,27.6554,316,0.0253165,
either,4,a_negatives,10-20mm all,275,24,0.0872727,0.059347,0.126571,34.2405,27.6554,316,0.0253165,
either,4,a_negatives,10-20mm enhanced,157,17,0.10828,0.0687107,0.166562,34.2405,27.6554,316,0.0253165,
either,4,a_negatives,10-20mm iso(v3),99,11,0.111111,0.063185,0.188091,34.2405,27.6554,316,0.0253165,
either,4,a_negatives,10-20mm iso within 5 HU,66,9,0.136364,0.0734324,0.239298,34.2405,27.6554,316,0.0253165,
either,4,a_negatives,<10mm all,86,1,0.0116279,0.00205552,0.0629656,34.2405,27.6554,316,0.0253165,
either,4,a_negatives,>=20mm all,874,312,0.356979,0.325905,0.389306,34.2405,27.6554,316,0.0253165,
either,4,a_negatives,all lesions,1235,337,0.272874,0.248764,0.298394,34.2405,27.6554,316,0.0253165,
either,4,a_negatives,"all, not separated",1165,337,0.28927,0.263959,0.315967,34.2405,27.6554,316,0.0253165,
either,4,a_negatives,size <5,49,0,0,0,0.0727003,34.2405,27.6554,316,0.0253165,
either,4,a_negatives,size 5-10,37,1,0.027027,0.00478685,0.138244,34.2405,27.6554,316,0.0253165,
either,4,a_negatives,size 10-20,275,24,0.0872727,0.059347,0.126571,34.2405,27.6554,316,0.0253165,
either,4,a_negatives,size 20-40,597,144,0.241206,0.208612,0.277109,34.2405,27.6554,316,0.0253165,
either,4,a_negatives,size >=40,277,168,0.606498,0.547886,0.662196,34.2405,27.6554,316,0.0253165,
either,4,a_negatives,v3 hypo,585,148,0.252991,0.219453,0.289753,34.2405,27.6554,316,0.0253165,
either,4,a_negatives,v3 iso,461,129,0.279826,0.240796,0.322497,34.2405,27.6554,316,0.0253165,
either,4,a_negatives,v3 hyper,189,60,0.31746,0.255296,0.386897,34.2405,27.6554,316,0.0253165,
either,4,a_negatives,phase Arterial,260,80,0.307692,0.25473,0.366255,34.2405,27.6554,316,0.0253165,
either,4,a_negatives,phase Delay,4,1,0.25,0.0455861,0.699364,34.2405,27.6554,316,0.0253165,
either,4,a_negatives,phase Non-contrast,413,79,0.191283,0.156264,0.231993,34.2405,27.6554,316,0.0253165,
either,4,a_negatives,phase Venous,557,177,0.317774,0.280466,0.357578,34.2405,27.6554,316,0.0253165,
either,4,a_negatives,region head,825,236,0.286061,0.25627,0.317835,34.2405,27.6554,316,0.0253165,
either,4,a_negatives,region body,207,52,0.251208,0.197023,0.314459,34.2405,27.6554,316,0.0253165,
either,4,a_negatives,region tail,195,49,0.251282,0.195606,0.316568,34.2405,27.6554,316,0.0253165,
either,4,a_negatives,thickness <=1.5 mm,532,114,0.214286,0.181531,0.251137,34.2405,27.6554,316,0.0253165,
either,4,a_negatives,thickness 1.5-2.5 mm,426,147,0.34507,0.301492,0.391418,34.2405,27.6554,316,0.0253165,
either,4,a_negatives,thickness 2.5-5 mm,273,76,0.278388,0.228576,0.334351,34.2405,27.6554,316,0.0253165,
either,4,a_negatives,thickness >5 mm,4,0,0,0,0.4899,34.2405,27.6554,316,0.0253165,
either,4,a_negatives,tier abutting,174,39,0.224138,0.168518,0.291676,34.2405,27.6554,316,0.0253165,
either,4,a_negatives,tier embedded,111,17,0.153153,0.097874,0.231637,34.2405,27.6554,316,0.0253165,
either,4,a_negatives,tier inside,880,281,0.319318,0.289357,0.35085,34.2405,27.6554,316,0.0253165,
either,4,a_negatives,tier separated,70,0,0,0,0.0520249,34.2405,27.6554,316,0.0253165,
either,4,a_negatives,nnU-Net detected,659,247,0.37481,0.338677,0.412395,34.2405,27.6554,316,0.0253165,
either,4,a_negatives,nnU-Net missed,576,90,0.15625,0.128886,0.188169,34.2405,27.6554,316,0.0253165,
either,4,a_negatives,"nnU-Net missed, 10-20mm",204,18,0.0882353,0.0565408,0.135151,34.2405,27.6554,316,0.0253165,
either,4,a_negatives,"nnU-Net missed, TARGET",74,8,0.108108,0.0558067,0.19909,34.2405,27.6554,316,0.0253165,
either,4,b_positives_nontumor,TARGET 10-20mm hypo/hyper enhanced,106,12,0.113208,0.0659562,0.187514,30.7472,30.3701,981,0.00509684,
either,4,b_positives_nontumor,10-20mm all,275,24,0.0872727,0.059347,0.126571,30.7472,30.3701,981,0.00509684,
either,4,b_positives_nontumor,10-20mm enhanced,157,17,0.10828,0.0687107,0.166562,30.7472,30.3701,981,0.00509684,
either,4,b_positives_nontumor,10-20mm iso(v3),99,11,0.111111,0.063185,0.188091,30.7472,30.3701,981,0.00509684,
either,4,b_positives_nontumor,10-20mm iso within 5 HU,66,9,0.136364,0.0734324,0.239298,30.7472,30.3701,981,0.00509684,
either,4,b_positives_nontumor,<10mm all,86,1,0.0116279,0.00205552,0.0629656,30.7472,30.3701,981,0.00509684,
either,4,b_positives_nontumor,>=20mm all,874,312,0.356979,0.325905,0.389306,30.7472,30.3701,981,0.00509684,
either,4,b_positives_nontumor,all lesions,1235,337,0.272874,0.248764,0.298394,30.7472,30.3701,981,0.00509684,
either,4,b_positives_nontumor,"all, not separated",1165,337,0.28927,0.263959,0.315967,30.7472,30.3701,981,0.00509684,
either,4,b_positives_nontumor,size <5,49,0,0,0,0.0727003,30.7472,30.3701,981,0.00509684,
either,4,b_positives_nontumor,size 5-10,37,1,0.027027,0.00478685,0.138244,30.7472,30.3701,981,0.00509684,
either,4,b_positives_nontumor,size 10-20,275,24,0.0872727,0.059347,0.126571,30.7472,30.3701,981,0.00509684,
either,4,b_positives_nontumor,size 20-40,597,144,0.241206,0.208612,0.277109,30.7472,30.3701,981,0.00509684,
either,4,b_positives_nontumor,size >=40,277,168,0.606498,0.547886,0.662196,30.7472,30.3701,981,0.00509684,
either,4,b_positives_nontumor,v3 hypo,585,148,0.252991,0.219453,0.289753,30.7472,30.3701,981,0.00509684,
either,4,b_positives_nontumor,v3 iso,461,129,0.279826,0.240796,0.322497,30.7472,30.3701,981,0.00509684,
either,4,b_positives_nontumor,v3 hyper,189,60,0.31746,0.255296,0.386897,30.7472,30.3701,981,0.00509684,
either,4,b_positives_nontumor,phase Arterial,260,80,0.307692,0.25473,0.366255,30.7472,30.3701,981,0.00509684,
either,4,b_positives_nontumor,phase Delay,4,1,0.25,0.0455861,0.699364,30.7472,30.3701,981,0.00509684,
either,4,b_positives_nontumor,phase Non-contrast,413,79,0.191283,0.156264,0.231993,30.7472,30.3701,981,0.00509684,
either,4,b_positives_nontumor,phase Venous,557,177,0.317774,0.280466,0.357578,30.7472,30.3701,981,0.00509684,
either,4,b_positives_nontumor,region head,825,236,0.286061,0.25627,0.317835,30.7472,30.3701,981,0.00509684,
either,4,b_positives_nontumor,region body,207,52,0.251208,0.197023,0.314459,30.7472,30.3701,981,0.00509684,
either,4,b_positives_nontumor,region tail,195,49,0.251282,0.195606,0.316568,30.7472,30.3701,981,0.00509684,
either,4,b_positives_nontumor,thickness <=1.5 mm,532,114,0.214286,0.181531,0.251137,30.7472,30.3701,981,0.00509684,
either,4,b_positives_nontumor,thickness 1.5-2.5 mm,426,147,0.34507,0.301492,0.391418,30.7472,30.3701,981,0.00509684,
either,4,b_positives_nontumor,thickness 2.5-5 mm,273,76,0.278388,0.228576,0.334351,30.7472,30.3701,981,0.00509684,
either,4,b_positives_nontumor,thickness >5 mm,4,0,0,0,0.4899,30.7472,30.3701,981,0.00509684,
either,4,b_positives_nontumor,tier abutting,174,39,0.224138,0.168518,0.291676,30.7472,30.3701,981,0.00509684,
either,4,b_positives_nontumor,tier embedded,111,17,0.153153,0.097874,0.231637,30.7472,30.3701,981,0.00509684,
either,4,b_positives_nontumor,tier inside,880,281,0.319318,0.289357,0.35085,30.7472,30.3701,981,0.00509684,
either,4,b_positives_nontumor,tier separated,70,0,0,0,0.0520249,30.7472,30.3701,981,0.00509684,
either,4,b_positives_nontumor,nnU-Net detected,659,247,0.37481,0.338677,0.412395,30.7472,30.3701,981,0.00509684,
either,4,b_positives_nontumor,nnU-Net missed,576,90,0.15625,0.128886,0.188169,30.7472,30.3701,981,0.00509684,
either,4,b_positives_nontumor,"nnU-Net missed, 10-20mm",204,18,0.0882353,0.0565408,0.135151,30.7472,30.3701,981,0.00509684,
either,4,b_positives_nontumor,"nnU-Net missed, TARGET",74,8,0.108108,0.0558067,0.19909,30.7472,30.3701,981,0.00509684,
either,4,a_neg_reweighted_to_pos,TARGET 10-20mm hypo/hyper enhanced,106,12,0.113208,0.0659562,0.187514,36.2363,,316,,
either,4,a_neg_reweighted_to_pos,10-20mm all,275,24,0.0872727,0.059347,0.126571,36.2363,,316,,
either,4,a_neg_reweighted_to_pos,10-20mm enhanced,157,17,0.10828,0.0687107,0.166562,36.2363,,316,,
either,4,a_neg_reweighted_to_pos,10-20mm iso(v3),99,11,0.111111,0.063185,0.188091,36.2363,,316,,
either,4,a_neg_reweighted_to_pos,10-20mm iso within 5 HU,66,9,0.136364,0.0734324,0.239298,36.2363,,316,,
either,4,a_neg_reweighted_to_pos,<10mm all,86,1,0.0116279,0.00205552,0.0629656,36.2363,,316,,
either,4,a_neg_reweighted_to_pos,>=20mm all,874,312,0.356979,0.325905,0.389306,36.2363,,316,,
either,4,a_neg_reweighted_to_pos,all lesions,1235,337,0.272874,0.248764,0.298394,36.2363,,316,,
either,4,a_neg_reweighted_to_pos,"all, not separated",1165,337,0.28927,0.263959,0.315967,36.2363,,316,,
either,4,a_neg_reweighted_to_pos,size <5,49,0,0,0,0.0727003,36.2363,,316,,
either,4,a_neg_reweighted_to_pos,size 5-10,37,1,0.027027,0.00478685,0.138244,36.2363,,316,,
either,4,a_neg_reweighted_to_pos,size 10-20,275,24,0.0872727,0.059347,0.126571,36.2363,,316,,
either,4,a_neg_reweighted_to_pos,size 20-40,597,144,0.241206,0.208612,0.277109,36.2363,,316,,
either,4,a_neg_reweighted_to_pos,size >=40,277,168,0.606498,0.547886,0.662196,36.2363,,316,,
either,4,a_neg_reweighted_to_pos,v3 hypo,585,148,0.252991,0.219453,0.289753,36.2363,,316,,
either,4,a_neg_reweighted_to_pos,v3 iso,461,129,0.279826,0.240796,0.322497,36.2363,,316,,
either,4,a_neg_reweighted_to_pos,v3 hyper,189,60,0.31746,0.255296,0.386897,36.2363,,316,,
either,4,a_neg_reweighted_to_pos,phase Arterial,260,80,0.307692,0.25473,0.366255,36.2363,,316,,
either,4,a_neg_reweighted_to_pos,phase Delay,4,1,0.25,0.0455861,0.699364,36.2363,,316,,
either,4,a_neg_reweighted_to_pos,phase Non-contrast,413,79,0.191283,0.156264,0.231993,36.2363,,316,,
either,4,a_neg_reweighted_to_pos,phase Venous,557,177,0.317774,0.280466,0.357578,36.2363,,316,,
either,4,a_neg_reweighted_to_pos,region head,825,236,0.286061,0.25627,0.317835,36.2363,,316,,
either,4,a_neg_reweighted_to_pos,region body,207,52,0.251208,0.197023,0.314459,36.2363,,316,,
either,4,a_neg_reweighted_to_pos,region tail,195,49,0.251282,0.195606,0.316568,36.2363,,316,,
either,4,a_neg_reweighted_to_pos,thickness <=1.5 mm,532,114,0.214286,0.181531,0.251137,36.2363,,316,,
either,4,a_neg_reweighted_to_pos,thickness 1.5-2.5 mm,426,147,0.34507,0.301492,0.391418,36.2363,,316,,
either,4,a_neg_reweighted_to_pos,thickness 2.5-5 mm,273,76,0.278388,0.228576,0.334351,36.2363,,316,,
either,4,a_neg_reweighted_to_pos,thickness >5 mm,4,0,0,0,0.4899,36.2363,,316,,
either,4,a_neg_reweighted_to_pos,tier abutting,174,39,0.224138,0.168518,0.291676,36.2363,,316,,
either,4,a_neg_reweighted_to_pos,tier embedded,111,17,0.153153,0.097874,0.231637,36.2363,,316,,
either,4,a_neg_reweighted_to_pos,tier inside,880,281,0.319318,0.289357,0.35085,36.2363,,316,,
either,4,a_neg_reweighted_to_pos,tier separated,70,0,0,0,0.0520249,36.2363,,316,,
either,4,a_neg_reweighted_to_pos,nnU-Net detected,659,247,0.37481,0.338677,0.412395,36.2363,,316,,
either,4,a_neg_reweighted_to_pos,nnU-Net missed,576,90,0.15625,0.128886,0.188169,36.2363,,316,,
either,4,a_neg_reweighted_to_pos,"nnU-Net missed, 10-20mm",204,18,0.0882353,0.0565408,0.135151,36.2363,,316,,
either,4,a_neg_reweighted_to_pos,"nnU-Net missed, TARGET",74,8,0.108108,0.0558067,0.19909,36.2363,,316,,
either,5,a_negatives,TARGET 10-20mm hypo/hyper enhanced,106,8,0.0754717,0.0387364,0.141902,14.0696,11.3637,316,0.00316456,
either,5,a_negatives,10-20mm all,275,12,0.0436364,0.0251351,0.0747123,14.0696,11.3637,316,0.00316456,
either,5,a_negatives,10-20mm enhanced,157,9,0.0573248,0.0304483,0.105347,14.0696,11.3637,316,0.00316456,
either,5,a_negatives,10-20mm iso(v3),99,3,0.030303,0.0103585,0.0853382,14.0696,11.3637,316,0.00316456,
either,5,a_negatives,10-20mm iso within 5 HU,66,3,0.0454545,0.015578,0.125335,14.0696,11.3637,316,0.00316456,
either,5,a_negatives,<10mm all,86,0,0,0,0.0427597,14.0696,11.3637,316,0.00316456,
either,5,a_negatives,>=20mm all,874,183,0.209382,0.183709,0.237599,14.0696,11.3637,316,0.00316456,
either,5,a_negatives,all lesions,1235,195,0.157895,0.138622,0.179289,14.0696,11.3637,316,0.00316456,
either,5,a_negatives,"all, not separated",1165,195,0.167382,0.147045,0.189905,14.0696,11.3637,316,0.00316456,
either,5,a_negatives,size <5,49,0,0,0,0.0727003,14.0696,11.3637,316,0.00316456,
either,5,a_negatives,size 5-10,37,0,0,0,0.094061,14.0696,11.3637,316,0.00316456,
either,5,a_negatives,size 10-20,275,12,0.0436364,0.0251351,0.0747123,14.0696,11.3637,316,0.00316456,
either,5,a_negatives,size 20-40,597,66,0.110553,0.0878456,0.13824,14.0696,11.3637,316,0.00316456,
either,5,a_negatives,size >=40,277,117,0.422383,0.365665,0.481224,14.0696,11.3637,316,0.00316456,
either,5,a_negatives,v3 hypo,585,84,0.14359,0.117495,0.174335,14.0696,11.3637,316,0.00316456,
either,5,a_negatives,v3 iso,461,75,0.16269,0.131809,0.199146,14.0696,11.3637,316,0.00316456,
either,5,a_negatives,v3 hyper,189,36,0.190476,0.140877,0.252407,14.0696,11.3637,316,0.00316456,
either,5,a_negatives,phase Arterial,260,53,0.203846,0.159356,0.25696,14.0696,11.3637,316,0.00316456,
either,5,a_negatives,phase Delay,4,1,0.25,0.0455861,0.699364,14.0696,11.3637,316,0.00316456,
either,5,a_negatives,phase Non-contrast,413,49,0.118644,0.0909169,0.1534,14.0696,11.3637,316,0.00316456,
either,5,a_negatives,phase Venous,557,92,0.165171,0.136646,0.198282,14.0696,11.3637,316,0.00316456,
either,5,a_negatives,region head,825,139,0.168485,0.144493,0.19555,14.0696,11.3637,316,0.00316456,
either,5,a_negatives,region body,207,27,0.130435,0.0912128,0.183124,14.0696,11.3637,316,0.00316456,
either,5,a_negatives,region tail,195,29,0.148718,0.105585,0.205424,14.0696,11.3637,316,0.00316456,
either,5,a_negatives,thickness <=1.5 mm,532,70,0.131579,0.105477,0.162964,14.0696,11.3637,316,0.00316456,
either,5,a_negatives,thickness 1.5-2.5 mm,426,83,0.194836,0.16002,0.235106,14.0696,11.3637,316,0.00316456,
either,5,a_negatives,thickness 2.5-5 mm,273,42,0.153846,0.115877,0.201422,14.0696,11.3637,316,0.00316456,
either,5,a_negatives,thickness >5 mm,4,0,0,0,0.4899,14.0696,11.3637,316,0.00316456,
either,5,a_negatives,tier abutting,174,23,0.132184,0.0897205,0.190538,14.0696,11.3637,316,0.00316456,
either,5,a_negatives,tier embedded,111,11,0.0990991,0.0562396,0.16878,14.0696,11.3637,316,0.00316456,
either,5,a_negatives,tier inside,880,161,0.182955,0.158806,0.209859,14.0696,11.3637,316,0.00316456,
either,5,a_negatives,tier separated,70,0,0,0,0.0520249,14.0696,11.3637,316,0.00316456,
either,5,a_negatives,nnU-Net detected,659,155,0.235205,0.204415,0.269064,14.0696,11.3637,316,0.00316456,
either,5,a_negatives,nnU-Net missed,576,40,0.0694444,0.0514098,0.0931842,14.0696,11.3637,316,0.00316456,
either,5,a_negatives,"nnU-Net missed, 10-20mm",204,9,0.0441176,0.0233811,0.0817066,14.0696,11.3637,316,0.00316456,
either,5,a_negatives,"nnU-Net missed, TARGET",74,5,0.0675676,0.0292037,0.148614,14.0696,11.3637,316,0.00316456,
either,5,b_positives_nontumor,TARGET 10-20mm hypo/hyper enhanced,106,8,0.0754717,0.0387364,0.141902,12.3588,12.2072,981,0,
either,5,b_positives_nontumor,10-20mm all,275,12,0.0436364,0.0251351,0.0747123,12.3588,12.2072,981,0,
either,5,b_positives_nontumor,10-20mm enhanced,157,9,0.0573248,0.0304483,0.105347,12.3588,12.2072,981,0,
either,5,b_positives_nontumor,10-20mm iso(v3),99,3,0.030303,0.0103585,0.0853382,12.3588,12.2072,981,0,
either,5,b_positives_nontumor,10-20mm iso within 5 HU,66,3,0.0454545,0.015578,0.125335,12.3588,12.2072,981,0,
either,5,b_positives_nontumor,<10mm all,86,0,0,0,0.0427597,12.3588,12.2072,981,0,
either,5,b_positives_nontumor,>=20mm all,874,183,0.209382,0.183709,0.237599,12.3588,12.2072,981,0,
either,5,b_positives_nontumor,all lesions,1235,195,0.157895,0.138622,0.179289,12.3588,12.2072,981,0,
either,5,b_positives_nontumor,"all, not separated",1165,195,0.167382,0.147045,0.189905,12.3588,12.2072,981,0,
either,5,b_positives_nontumor,size <5,49,0,0,0,0.0727003,12.3588,12.2072,981,0,
either,5,b_positives_nontumor,size 5-10,37,0,0,0,0.094061,12.3588,12.2072,981,0,
either,5,b_positives_nontumor,size 10-20,275,12,0.0436364,0.0251351,0.0747123,12.3588,12.2072,981,0,
either,5,b_positives_nontumor,size 20-40,597,66,0.110553,0.0878456,0.13824,12.3588,12.2072,981,0,
either,5,b_positives_nontumor,size >=40,277,117,0.422383,0.365665,0.481224,12.3588,12.2072,981,0,
either,5,b_positives_nontumor,v3 hypo,585,84,0.14359,0.117495,0.174335,12.3588,12.2072,981,0,
either,5,b_positives_nontumor,v3 iso,461,75,0.16269,0.131809,0.199146,12.3588,12.2072,981,0,
either,5,b_positives_nontumor,v3 hyper,189,36,0.190476,0.140877,0.252407,12.3588,12.2072,981,0,
either,5,b_positives_nontumor,phase Arterial,260,53,0.203846,0.159356,0.25696,12.3588,12.2072,981,0,
either,5,b_positives_nontumor,phase Delay,4,1,0.25,0.0455861,0.699364,12.3588,12.2072,981,0,
either,5,b_positives_nontumor,phase Non-contrast,413,49,0.118644,0.0909169,0.1534,12.3588,12.2072,981,0,
either,5,b_positives_nontumor,phase Venous,557,92,0.165171,0.136646,0.198282,12.3588,12.2072,981,0,
either,5,b_positives_nontumor,region head,825,139,0.168485,0.144493,0.19555,12.3588,12.2072,981,0,
either,5,b_positives_nontumor,region body,207,27,0.130435,0.0912128,0.183124,12.3588,12.2072,981,0,
either,5,b_positives_nontumor,region tail,195,29,0.148718,0.105585,0.205424,12.3588,12.2072,981,0,
either,5,b_positives_nontumor,thickness <=1.5 mm,532,70,0.131579,0.105477,0.162964,12.3588,12.2072,981,0,
either,5,b_positives_nontumor,thickness 1.5-2.5 mm,426,83,0.194836,0.16002,0.235106,12.3588,12.2072,981,0,
either,5,b_positives_nontumor,thickness 2.5-5 mm,273,42,0.153846,0.115877,0.201422,12.3588,12.2072,981,0,
either,5,b_positives_nontumor,thickness >5 mm,4,0,0,0,0.4899,12.3588,12.2072,981,0,
either,5,b_positives_nontumor,tier abutting,174,23,0.132184,0.0897205,0.190538,12.3588,12.2072,981,0,
either,5,b_positives_nontumor,tier embedded,111,11,0.0990991,0.0562396,0.16878,12.3588,12.2072,981,0,
either,5,b_positives_nontumor,tier inside,880,161,0.182955,0.158806,0.209859,12.3588,12.2072,981,0,
either,5,b_positives_nontumor,tier separated,70,0,0,0,0.0520249,12.3588,12.2072,981,0,
either,5,b_positives_nontumor,nnU-Net detected,659,155,0.235205,0.204415,0.269064,12.3588,12.2072,981,0,
either,5,b_positives_nontumor,nnU-Net missed,576,40,0.0694444,0.0514098,0.0931842,12.3588,12.2072,981,0,
either,5,b_positives_nontumor,"nnU-Net missed, 10-20mm",204,9,0.0441176,0.0233811,0.0817066,12.3588,12.2072,981,0,
either,5,b_positives_nontumor,"nnU-Net missed, TARGET",74,5,0.0675676,0.0292037,0.148614,12.3588,12.2072,981,0,
either,5,a_neg_reweighted_to_pos,TARGET 10-20mm hypo/hyper enhanced,106,8,0.0754717,0.0387364,0.141902,14.6847,,316,,
either,5,a_neg_reweighted_to_pos,10-20mm all,275,12,0.0436364,0.0251351,0.0747123,14.6847,,316,,
either,5,a_neg_reweighted_to_pos,10-20mm enhanced,157,9,0.0573248,0.0304483,0.105347,14.6847,,316,,
either,5,a_neg_reweighted_to_pos,10-20mm iso(v3),99,3,0.030303,0.0103585,0.0853382,14.6847,,316,,
either,5,a_neg_reweighted_to_pos,10-20mm iso within 5 HU,66,3,0.0454545,0.015578,0.125335,14.6847,,316,,
either,5,a_neg_reweighted_to_pos,<10mm all,86,0,0,0,0.0427597,14.6847,,316,,
either,5,a_neg_reweighted_to_pos,>=20mm all,874,183,0.209382,0.183709,0.237599,14.6847,,316,,
either,5,a_neg_reweighted_to_pos,all lesions,1235,195,0.157895,0.138622,0.179289,14.6847,,316,,
either,5,a_neg_reweighted_to_pos,"all, not separated",1165,195,0.167382,0.147045,0.189905,14.6847,,316,,
either,5,a_neg_reweighted_to_pos,size <5,49,0,0,0,0.0727003,14.6847,,316,,
either,5,a_neg_reweighted_to_pos,size 5-10,37,0,0,0,0.094061,14.6847,,316,,
either,5,a_neg_reweighted_to_pos,size 10-20,275,12,0.0436364,0.0251351,0.0747123,14.6847,,316,,
either,5,a_neg_reweighted_to_pos,size 20-40,597,66,0.110553,0.0878456,0.13824,14.6847,,316,,
either,5,a_neg_reweighted_to_pos,size >=40,277,117,0.422383,0.365665,0.481224,14.6847,,316,,
either,5,a_neg_reweighted_to_pos,v3 hypo,585,84,0.14359,0.117495,0.174335,14.6847,,316,,
either,5,a_neg_reweighted_to_pos,v3 iso,461,75,0.16269,0.131809,0.199146,14.6847,,316,,
either,5,a_neg_reweighted_to_pos,v3 hyper,189,36,0.190476,0.140877,0.252407,14.6847,,316,,
either,5,a_neg_reweighted_to_pos,phase Arterial,260,53,0.203846,0.159356,0.25696,14.6847,,316,,
either,5,a_neg_reweighted_to_pos,phase Delay,4,1,0.25,0.0455861,0.699364,14.6847,,316,,
either,5,a_neg_reweighted_to_pos,phase Non-contrast,413,49,0.118644,0.0909169,0.1534,14.6847,,316,,
either,5,a_neg_reweighted_to_pos,phase Venous,557,92,0.165171,0.136646,0.198282,14.6847,,316,,
either,5,a_neg_reweighted_to_pos,region head,825,139,0.168485,0.144493,0.19555,14.6847,,316,,
either,5,a_neg_reweighted_to_pos,region body,207,27,0.130435,0.0912128,0.183124,14.6847,,316,,
either,5,a_neg_reweighted_to_pos,region tail,195,29,0.148718,0.105585,0.205424,14.6847,,316,,
either,5,a_neg_reweighted_to_pos,thickness <=1.5 mm,532,70,0.131579,0.105477,0.162964,14.6847,,316,,
either,5,a_neg_reweighted_to_pos,thickness 1.5-2.5 mm,426,83,0.194836,0.16002,0.235106,14.6847,,316,,
either,5,a_neg_reweighted_to_pos,thickness 2.5-5 mm,273,42,0.153846,0.115877,0.201422,14.6847,,316,,
either,5,a_neg_reweighted_to_pos,thickness >5 mm,4,0,0,0,0.4899,14.6847,,316,,
either,5,a_neg_reweighted_to_pos,tier abutting,174,23,0.132184,0.0897205,0.190538,14.6847,,316,,
either,5,a_neg_reweighted_to_pos,tier embedded,111,11,0.0990991,0.0562396,0.16878,14.6847,,316,,
either,5,a_neg_reweighted_to_pos,tier inside,880,161,0.182955,0.158806,0.209859,14.6847,,316,,
either,5,a_neg_reweighted_to_pos,tier separated,70,0,0,0,0.0520249,14.6847,,316,,
either,5,a_neg_reweighted_to_pos,nnU-Net detected,659,155,0.235205,0.204415,0.269064,14.6847,,316,,
either,5,a_neg_reweighted_to_pos,nnU-Net missed,576,40,0.0694444,0.0514098,0.0931842,14.6847,,316,,
either,5,a_neg_reweighted_to_pos,"nnU-Net missed, 10-20mm",204,9,0.0441176,0.0233811,0.0817066,14.6847,,316,,
either,5,a_neg_reweighted_to_pos,"nnU-Net missed, TARGET",74,5,0.0675676,0.0292037,0.148614,14.6847,,316,,
either,6,a_negatives,TARGET 10-20mm hypo/hyper enhanced,106,4,0.0377358,0.0147706,0.0930355,5.61392,4.53425,316,0,
either,6,a_negatives,10-20mm all,275,6,0.0218182,0.0100368,0.0467754,5.61392,4.53425,316,0,
either,6,a_negatives,10-20mm enhanced,157,5,0.0318471,0.0136782,0.0723792,5.61392,4.53425,316,0,
either,6,a_negatives,10-20mm iso(v3),99,2,0.020202,0.0055576,0.0706917,5.61392,4.53425,316,0,
either,6,a_negatives,10-20mm iso within 5 HU,66,2,0.030303,0.00834974,0.103927,5.61392,4.53425,316,0,
either,6,a_negatives,<10mm all,86,0,0,0,0.0427597,5.61392,4.53425,316,0,
either,6,a_negatives,>=20mm all,874,122,0.139588,0.118185,0.164145,5.61392,4.53425,316,0,
either,6,a_negatives,all lesions,1235,128,0.103644,0.0878553,0.12189,5.61392,4.53425,316,0,
either,6,a_negatives,"all, not separated",1165,128,0.109871,0.0931791,0.129128,5.61392,4.53425,316,0,
either,6,a_negatives,size <5,49,0,0,0,0.0727003,5.61392,4.53425,316,0,
either,6,a_negatives,size 5-10,37,0,0,0,0.094061,5.61392,4.53425,316,0,
either,6,a_negatives,size 10-20,275,6,0.0218182,0.0100368,0.0467754,5.61392,4.53425,316,0,
either,6,a_negatives,size 20-40,597,35,0.0586265,0.042453,0.080444,5.61392,4.53425,316,0,
either,6,a_negatives,size >=40,277,87,0.314079,0.262278,0.370967,5.61392,4.53425,316,0,
either,6,a_negatives,v3 hypo,585,56,0.0957265,0.0744539,0.122274,5.61392,4.53425,316,0,
either,6,a_negatives,v3 iso,461,52,0.112798,0.0870623,0.144934,5.61392,4.53425,316,0,
either,6,a_negatives,v3 hyper,189,20,0.10582,0.0695519,0.157793,5.61392,4.53425,316,0,
either,6,a_negatives,phase Arterial,260,40,0.153846,0.115059,0.202713,5.61392,4.53425,316,0,
either,6,a_negatives,phase Delay,4,0,0,0,0.4899,5.61392,4.53425,316,0,
either,6,a_negatives,phase Non-contrast,413,33,0.0799031,0.0574587,0.110091,5.61392,4.53425,316,0,
either,6,a_negatives,phase Venous,557,55,0.0987433,0.0766497,0.126334,5.61392,4.53425,316,0,
either,6,a_negatives,region head,825,93,0.112727,0.0929166,0.136128,5.61392,4.53425,316,0,
either,6,a_negatives,region body,207,14,0.0676329,0.0407112,0.11031,5.61392,4.53425,316,0,
either,6,a_negatives,region tail,195,21,0.107692,0.0715225,0.159021,5.61392,4.53425,316,0,
either,6,a_negatives,thickness <=1.5 mm,532,49,0.0921053,0.0703707,0.119688,5.61392,4.53425,316,0,
either,6,a_negatives,thickness 1.5-2.5 mm,426,46,0.107981,0.0819362,0.141033,5.61392,4.53425,316,0,
either,6,a_negatives,thickness 2.5-5 mm,273,33,0.120879,0.0873805,0.1649,5.61392,4.53425,316,0,
either,6,a_negatives,thickness >5 mm,4,0,0,0,0.4899,5.61392,4.53425,316,0,
either,6,a_negatives,tier abutting,174,19,0.109195,0.0710277,0.164247,5.61392,4.53425,316,0,
either,6,a_negatives,tier embedded,111,6,0.0540541,0.025006,0.112937,5.61392,4.53425,316,0,
either,6,a_negatives,tier inside,880,103,0.117045,0.0974506,0.139969,5.61392,4.53425,316,0,
either,6,a_negatives,tier separated,70,0,0,0,0.0520249,5.61392,4.53425,316,0,
either,6,a_negatives,nnU-Net detected,659,103,0.156297,0.130572,0.186006,5.61392,4.53425,316,0,
either,6,a_negatives,nnU-Net missed,576,25,0.0434028,0.0295689,0.0632868,5.61392,4.53425,316,0,
either,6,a_negatives,"nnU-Net missed, 10-20mm",204,5,0.0245098,0.0105134,0.0560835,5.61392,4.53425,316,0,
either,6,a_negatives,"nnU-Net missed, TARGET",74,3,0.0405405,0.0138822,0.112549,5.61392,4.53425,316,0,
either,6,b_positives_nontumor,TARGET 10-20mm hypo/hyper enhanced,106,4,0.0377358,0.0147706,0.0930355,5.158,5.09474,981,0,
either,6,b_positives_nontumor,10-20mm all,275,6,0.0218182,0.0100368,0.0467754,5.158,5.09474,981,0,
either,6,b_positives_nontumor,10-20mm enhanced,157,5,0.0318471,0.0136782,0.0723792,5.158,5.09474,981,0,
either,6,b_positives_nontumor,10-20mm iso(v3),99,2,0.020202,0.0055576,0.0706917,5.158,5.09474,981,0,
either,6,b_positives_nontumor,10-20mm iso within 5 HU,66,2,0.030303,0.00834974,0.103927,5.158,5.09474,981,0,
either,6,b_positives_nontumor,<10mm all,86,0,0,0,0.0427597,5.158,5.09474,981,0,
either,6,b_positives_nontumor,>=20mm all,874,122,0.139588,0.118185,0.164145,5.158,5.09474,981,0,
either,6,b_positives_nontumor,all lesions,1235,128,0.103644,0.0878553,0.12189,5.158,5.09474,981,0,
either,6,b_positives_nontumor,"all, not separated",1165,128,0.109871,0.0931791,0.129128,5.158,5.09474,981,0,
either,6,b_positives_nontumor,size <5,49,0,0,0,0.0727003,5.158,5.09474,981,0,
either,6,b_positives_nontumor,size 5-10,37,0,0,0,0.094061,5.158,5.09474,981,0,
either,6,b_positives_nontumor,size 10-20,275,6,0.0218182,0.0100368,0.0467754,5.158,5.09474,981,0,
either,6,b_positives_nontumor,size 20-40,597,35,0.0586265,0.042453,0.080444,5.158,5.09474,981,0,
either,6,b_positives_nontumor,size >=40,277,87,0.314079,0.262278,0.370967,5.158,5.09474,981,0,
either,6,b_positives_nontumor,v3 hypo,585,56,0.0957265,0.0744539,0.122274,5.158,5.09474,981,0,
either,6,b_positives_nontumor,v3 iso,461,52,0.112798,0.0870623,0.144934,5.158,5.09474,981,0,
either,6,b_positives_nontumor,v3 hyper,189,20,0.10582,0.0695519,0.157793,5.158,5.09474,981,0,
either,6,b_positives_nontumor,phase Arterial,260,40,0.153846,0.115059,0.202713,5.158,5.09474,981,0,
either,6,b_positives_nontumor,phase Delay,4,0,0,0,0.4899,5.158,5.09474,981,0,
either,6,b_positives_nontumor,phase Non-contrast,413,33,0.0799031,0.0574587,0.110091,5.158,5.09474,981,0,
either,6,b_positives_nontumor,phase Venous,557,55,0.0987433,0.0766497,0.126334,5.158,5.09474,981,0,
either,6,b_positives_nontumor,region head,825,93,0.112727,0.0929166,0.136128,5.158,5.09474,981,0,
either,6,b_positives_nontumor,region body,207,14,0.0676329,0.0407112,0.11031,5.158,5.09474,981,0,
either,6,b_positives_nontumor,region tail,195,21,0.107692,0.0715225,0.159021,5.158,5.09474,981,0,
either,6,b_positives_nontumor,thickness <=1.5 mm,532,49,0.0921053,0.0703707,0.119688,5.158,5.09474,981,0,
either,6,b_positives_nontumor,thickness 1.5-2.5 mm,426,46,0.107981,0.0819362,0.141033,5.158,5.09474,981,0,
either,6,b_positives_nontumor,thickness 2.5-5 mm,273,33,0.120879,0.0873805,0.1649,5.158,5.09474,981,0,
either,6,b_positives_nontumor,thickness >5 mm,4,0,0,0,0.4899,5.158,5.09474,981,0,
either,6,b_positives_nontumor,tier abutting,174,19,0.109195,0.0710277,0.164247,5.158,5.09474,981,0,
either,6,b_positives_nontumor,tier embedded,111,6,0.0540541,0.025006,0.112937,5.158,5.09474,981,0,
either,6,b_positives_nontumor,tier inside,880,103,0.117045,0.0974506,0.139969,5.158,5.09474,981,0,
either,6,b_positives_nontumor,tier separated,70,0,0,0,0.0520249,5.158,5.09474,981,0,
either,6,b_positives_nontumor,nnU-Net detected,659,103,0.156297,0.130572,0.186006,5.158,5.09474,981,0,
either,6,b_positives_nontumor,nnU-Net missed,576,25,0.0434028,0.0295689,0.0632868,5.158,5.09474,981,0,
either,6,b_positives_nontumor,"nnU-Net missed, 10-20mm",204,5,0.0245098,0.0105134,0.0560835,5.158,5.09474,981,0,
either,6,b_positives_nontumor,"nnU-Net missed, TARGET",74,3,0.0405405,0.0138822,0.112549,5.158,5.09474,981,0,
either,6,a_neg_reweighted_to_pos,TARGET 10-20mm hypo/hyper enhanced,106,4,0.0377358,0.0147706,0.0930355,5.71264,,316,,
either,6,a_neg_reweighted_to_pos,10-20mm all,275,6,0.0218182,0.0100368,0.0467754,5.71264,,316,,
either,6,a_neg_reweighted_to_pos,10-20mm enhanced,157,5,0.0318471,0.0136782,0.0723792,5.71264,,316,,
either,6,a_neg_reweighted_to_pos,10-20mm iso(v3),99,2,0.020202,0.0055576,0.0706917,5.71264,,316,,
either,6,a_neg_reweighted_to_pos,10-20mm iso within 5 HU,66,2,0.030303,0.00834974,0.103927,5.71264,,316,,
either,6,a_neg_reweighted_to_pos,<10mm all,86,0,0,0,0.0427597,5.71264,,316,,
either,6,a_neg_reweighted_to_pos,>=20mm all,874,122,0.139588,0.118185,0.164145,5.71264,,316,,
either,6,a_neg_reweighted_to_pos,all lesions,1235,128,0.103644,0.0878553,0.12189,5.71264,,316,,
either,6,a_neg_reweighted_to_pos,"all, not separated",1165,128,0.109871,0.0931791,0.129128,5.71264,,316,,
either,6,a_neg_reweighted_to_pos,size <5,49,0,0,0,0.0727003,5.71264,,316,,
either,6,a_neg_reweighted_to_pos,size 5-10,37,0,0,0,0.094061,5.71264,,316,,
either,6,a_neg_reweighted_to_pos,size 10-20,275,6,0.0218182,0.0100368,0.0467754,5.71264,,316,,
either,6,a_neg_reweighted_to_pos,size 20-40,597,35,0.0586265,0.042453,0.080444,5.71264,,316,,
either,6,a_neg_reweighted_to_pos,size >=40,277,87,0.314079,0.262278,0.370967,5.71264,,316,,
either,6,a_neg_reweighted_to_pos,v3 hypo,585,56,0.0957265,0.0744539,0.122274,5.71264,,316,,
either,6,a_neg_reweighted_to_pos,v3 iso,461,52,0.112798,0.0870623,0.144934,5.71264,,316,,
either,6,a_neg_reweighted_to_pos,v3 hyper,189,20,0.10582,0.0695519,0.157793,5.71264,,316,,
either,6,a_neg_reweighted_to_pos,phase Arterial,260,40,0.153846,0.115059,0.202713,5.71264,,316,,
either,6,a_neg_reweighted_to_pos,phase Delay,4,0,0,0,0.4899,5.71264,,316,,
either,6,a_neg_reweighted_to_pos,phase Non-contrast,413,33,0.0799031,0.0574587,0.110091,5.71264,,316,,
either,6,a_neg_reweighted_to_pos,phase Venous,557,55,0.0987433,0.0766497,0.126334,5.71264,,316,,
either,6,a_neg_reweighted_to_pos,region head,825,93,0.112727,0.0929166,0.136128,5.71264,,316,,
either,6,a_neg_reweighted_to_pos,region body,207,14,0.0676329,0.0407112,0.11031,5.71264,,316,,
either,6,a_neg_reweighted_to_pos,region tail,195,21,0.107692,0.0715225,0.159021,5.71264,,316,,
either,6,a_neg_reweighted_to_pos,thickness <=1.5 mm,532,49,0.0921053,0.0703707,0.119688,5.71264,,316,,
either,6,a_neg_reweighted_to_pos,thickness 1.5-2.5 mm,426,46,0.107981,0.0819362,0.141033,5.71264,,316,,
either,6,a_neg_reweighted_to_pos,thickness 2.5-5 mm,273,33,0.120879,0.0873805,0.1649,5.71264,,316,,
either,6,a_neg_reweighted_to_pos,thickness >5 mm,4,0,0,0,0.4899,5.71264,,316,,
either,6,a_neg_reweighted_to_pos,tier abutting,174,19,0.109195,0.0710277,0.164247,5.71264,,316,,
either,6,a_neg_reweighted_to_pos,tier embedded,111,6,0.0540541,0.025006,0.112937,5.71264,,316,,
either,6,a_neg_reweighted_to_pos,tier inside,880,103,0.117045,0.0974506,0.139969,5.71264,,316,,
either,6,a_neg_reweighted_to_pos,tier separated,70,0,0,0,0.0520249,5.71264,,316,,
either,6,a_neg_reweighted_to_pos,nnU-Net detected,659,103,0.156297,0.130572,0.186006,5.71264,,316,,
either,6,a_neg_reweighted_to_pos,nnU-Net missed,576,25,0.0434028,0.0295689,0.0632868,5.71264,,316,,
either,6,a_neg_reweighted_to_pos,"nnU-Net missed, 10-20mm",204,5,0.0245098,0.0105134,0.0560835,5.71264,,316,,
either,6,a_neg_reweighted_to_pos,"nnU-Net missed, TARGET",74,3,0.0405405,0.0138822,0.112549,5.71264,,316,,
either,8,a_negatives,TARGET 10-20mm hypo/hyper enhanced,106,2,0.0188679,0.0051895,0.0662006,1.20253,0.971261,316,0,
either,8,a_negatives,10-20mm all,275,3,0.0109091,0.00371681,0.0315778,1.20253,0.971261,316,0,
either,8,a_negatives,10-20mm enhanced,157,2,0.0127389,0.00350036,0.0452532,1.20253,0.971261,316,0,
either,8,a_negatives,10-20mm iso(v3),99,1,0.010101,0.00178526,0.0550167,1.20253,0.971261,316,0,
either,8,a_negatives,10-20mm iso within 5 HU,66,1,0.0151515,0.00267957,0.0809611,1.20253,0.971261,316,0,
either,8,a_negatives,<10mm all,86,0,0,0,0.0427597,1.20253,0.971261,316,0,
either,8,a_negatives,>=20mm all,874,60,0.0686499,0.0537041,0.087371,1.20253,0.971261,316,0,
either,8,a_negatives,all lesions,1235,63,0.0510121,0.0400734,0.0647355,1.20253,0.971261,316,0,
either,8,a_negatives,"all, not separated",1165,63,0.0540773,0.0424941,0.0685916,1.20253,0.971261,316,0,
either,8,a_negatives,size <5,49,0,0,0,0.0727003,1.20253,0.971261,316,0,
either,8,a_negatives,size 5-10,37,0,0,0,0.094061,1.20253,0.971261,316,0,
either,8,a_negatives,size 10-20,275,3,0.0109091,0.00371681,0.0315778,1.20253,0.971261,316,0,
either,8,a_negatives,size 20-40,597,18,0.0301508,0.0191553,0.0471544,1.20253,0.971261,316,0,
either,8,a_negatives,size >=40,277,42,0.151625,0.114173,0.198607,1.20253,0.971261,316,0,
either,8,a_negatives,v3 hypo,585,25,0.042735,0.0291114,0.0623251,1.20253,0.971261,316,0,
either,8,a_negatives,v3 iso,461,25,0.0542299,0.0369988,0.078829,1.20253,0.971261,316,0,
either,8,a_negatives,v3 hyper,189,13,0.0687831,0.0406341,0.114113,1.20253,0.971261,316,0,
either,8,a_negatives,phase Arterial,260,20,0.0769231,0.0503447,0.115822,1.20253,0.971261,316,0,
either,8,a_negatives,phase Delay,4,0,0,0,0.4899,1.20253,0.971261,316,0,
either,8,a_negatives,phase Non-contrast,413,17,0.0411622,0.0258559,0.0649259,1.20253,0.971261,316,0,
either,8,a_negatives,phase Venous,557,26,0.0466786,0.032051,0.0675165,1.20253,0.971261,316,0,
either,8,a_negatives,region head,825,46,0.0557576,0.0420603,0.0735729,1.20253,0.971261,316,0,
either,8,a_negatives,region body,207,6,0.0289855,0.0133504,0.0617846,1.20253,0.971261,316,0,
either,8,a_negatives,region tail,195,11,0.0564103,0.0317869,0.0981739,1.20253,0.971261,316,0,
either,8,a_negatives,thickness <=1.5 mm,532,25,0.0469925,0.0320298,0.0684506,1.20253,0.971261,316,0,
either,8,a_negatives,thickness 1.5-2.5 mm,426,19,0.0446009,0.0287362,0.0686058,1.20253,0.971261,316,0,
either,8,a_negatives,thickness 2.5-5 mm,273,19,0.0695971,0.0450045,0.106135,1.20253,0.971261,316,0,
either,8,a_negatives,thickness >5 mm,4,0,0,0,0.4899,1.20253,0.971261,316,0,
either,8,a_negatives,tier abutting,174,13,0.0747126,0.0441791,0.12362,1.20253,0.971261,316,0,
either,8,a_negatives,tier embedded,111,4,0.036036,0.0141011,0.0890114,1.20253,0.971261,316,0,
either,8,a_negatives,tier inside,880,46,0.0522727,0.0394163,0.0690212,1.20253,0.971261,316,0,
either,8,a_negatives,tier separated,70,0,0,0,0.0520249,1.20253,0.971261,316,0,
either,8,a_negatives,nnU-Net detected,659,50,0.0758725,0.0580228,0.0986385,1.20253,0.971261,316,0,
either,8,a_negatives,nnU-Net missed,576,13,0.0225694,0.0132362,0.0382289,1.20253,0.971261,316,0,
either,8,a_negatives,"nnU-Net missed, 10-20mm",204,2,0.00980392,0.00269266,0.0350361,1.20253,0.971261,316,0,
either,8,a_negatives,"nnU-Net missed, TARGET",74,1,0.0135135,0.0023894,0.0726553,1.20253,0.971261,316,0,
either,8,b_positives_nontumor,TARGET 10-20mm hypo/hyper enhanced,106,2,0.0188679,0.0051895,0.0662006,1.23751,1.22234,981,0,
either,8,b_positives_nontumor,10-20mm all,275,3,0.0109091,0.00371681,0.0315778,1.23751,1.22234,981,0,
either,8,b_positives_nontumor,10-20mm enhanced,157,2,0.0127389,0.00350036,0.0452532,1.23751,1.22234,981,0,
either,8,b_positives_nontumor,10-20mm iso(v3),99,1,0.010101,0.00178526,0.0550167,1.23751,1.22234,981,0,
either,8,b_positives_nontumor,10-20mm iso within 5 HU,66,1,0.0151515,0.00267957,0.0809611,1.23751,1.22234,981,0,
either,8,b_positives_nontumor,<10mm all,86,0,0,0,0.0427597,1.23751,1.22234,981,0,
either,8,b_positives_nontumor,>=20mm all,874,60,0.0686499,0.0537041,0.087371,1.23751,1.22234,981,0,
either,8,b_positives_nontumor,all lesions,1235,63,0.0510121,0.0400734,0.0647355,1.23751,1.22234,981,0,
either,8,b_positives_nontumor,"all, not separated",1165,63,0.0540773,0.0424941,0.0685916,1.23751,1.22234,981,0,
either,8,b_positives_nontumor,size <5,49,0,0,0,0.0727003,1.23751,1.22234,981,0,
either,8,b_positives_nontumor,size 5-10,37,0,0,0,0.094061,1.23751,1.22234,981,0,
either,8,b_positives_nontumor,size 10-20,275,3,0.0109091,0.00371681,0.0315778,1.23751,1.22234,981,0,
either,8,b_positives_nontumor,size 20-40,597,18,0.0301508,0.0191553,0.0471544,1.23751,1.22234,981,0,
either,8,b_positives_nontumor,size >=40,277,42,0.151625,0.114173,0.198607,1.23751,1.22234,981,0,
either,8,b_positives_nontumor,v3 hypo,585,25,0.042735,0.0291114,0.0623251,1.23751,1.22234,981,0,
either,8,b_positives_nontumor,v3 iso,461,25,0.0542299,0.0369988,0.078829,1.23751,1.22234,981,0,
either,8,b_positives_nontumor,v3 hyper,189,13,0.0687831,0.0406341,0.114113,1.23751,1.22234,981,0,
either,8,b_positives_nontumor,phase Arterial,260,20,0.0769231,0.0503447,0.115822,1.23751,1.22234,981,0,
either,8,b_positives_nontumor,phase Delay,4,0,0,0,0.4899,1.23751,1.22234,981,0,
either,8,b_positives_nontumor,phase Non-contrast,413,17,0.0411622,0.0258559,0.0649259,1.23751,1.22234,981,0,
either,8,b_positives_nontumor,phase Venous,557,26,0.0466786,0.032051,0.0675165,1.23751,1.22234,981,0,
either,8,b_positives_nontumor,region head,825,46,0.0557576,0.0420603,0.0735729,1.23751,1.22234,981,0,
either,8,b_positives_nontumor,region body,207,6,0.0289855,0.0133504,0.0617846,1.23751,1.22234,981,0,
either,8,b_positives_nontumor,region tail,195,11,0.0564103,0.0317869,0.0981739,1.23751,1.22234,981,0,
either,8,b_positives_nontumor,thickness <=1.5 mm,532,25,0.0469925,0.0320298,0.0684506,1.23751,1.22234,981,0,
either,8,b_positives_nontumor,thickness 1.5-2.5 mm,426,19,0.0446009,0.0287362,0.0686058,1.23751,1.22234,981,0,
either,8,b_positives_nontumor,thickness 2.5-5 mm,273,19,0.0695971,0.0450045,0.106135,1.23751,1.22234,981,0,
either,8,b_positives_nontumor,thickness >5 mm,4,0,0,0,0.4899,1.23751,1.22234,981,0,
either,8,b_positives_nontumor,tier abutting,174,13,0.0747126,0.0441791,0.12362,1.23751,1.22234,981,0,
either,8,b_positives_nontumor,tier embedded,111,4,0.036036,0.0141011,0.0890114,1.23751,1.22234,981,0,
either,8,b_positives_nontumor,tier inside,880,46,0.0522727,0.0394163,0.0690212,1.23751,1.22234,981,0,
either,8,b_positives_nontumor,tier separated,70,0,0,0,0.0520249,1.23751,1.22234,981,0,
either,8,b_positives_nontumor,nnU-Net detected,659,50,0.0758725,0.0580228,0.0986385,1.23751,1.22234,981,0,
either,8,b_positives_nontumor,nnU-Net missed,576,13,0.0225694,0.0132362,0.0382289,1.23751,1.22234,981,0,
either,8,b_positives_nontumor,"nnU-Net missed, 10-20mm",204,2,0.00980392,0.00269266,0.0350361,1.23751,1.22234,981,0,
either,8,b_positives_nontumor,"nnU-Net missed, TARGET",74,1,0.0135135,0.0023894,0.0726553,1.23751,1.22234,981,0,
either,8,a_neg_reweighted_to_pos,TARGET 10-20mm hypo/hyper enhanced,106,2,0.0188679,0.0051895,0.0662006,1.25004,,316,,
either,8,a_neg_reweighted_to_pos,10-20mm all,275,3,0.0109091,0.00371681,0.0315778,1.25004,,316,,
either,8,a_neg_reweighted_to_pos,10-20mm enhanced,157,2,0.0127389,0.00350036,0.0452532,1.25004,,316,,
either,8,a_neg_reweighted_to_pos,10-20mm iso(v3),99,1,0.010101,0.00178526,0.0550167,1.25004,,316,,
either,8,a_neg_reweighted_to_pos,10-20mm iso within 5 HU,66,1,0.0151515,0.00267957,0.0809611,1.25004,,316,,
either,8,a_neg_reweighted_to_pos,<10mm all,86,0,0,0,0.0427597,1.25004,,316,,
either,8,a_neg_reweighted_to_pos,>=20mm all,874,60,0.0686499,0.0537041,0.087371,1.25004,,316,,
either,8,a_neg_reweighted_to_pos,all lesions,1235,63,0.0510121,0.0400734,0.0647355,1.25004,,316,,
either,8,a_neg_reweighted_to_pos,"all, not separated",1165,63,0.0540773,0.0424941,0.0685916,1.25004,,316,,
either,8,a_neg_reweighted_to_pos,size <5,49,0,0,0,0.0727003,1.25004,,316,,
either,8,a_neg_reweighted_to_pos,size 5-10,37,0,0,0,0.094061,1.25004,,316,,
either,8,a_neg_reweighted_to_pos,size 10-20,275,3,0.0109091,0.00371681,0.0315778,1.25004,,316,,
either,8,a_neg_reweighted_to_pos,size 20-40,597,18,0.0301508,0.0191553,0.0471544,1.25004,,316,,
either,8,a_neg_reweighted_to_pos,size >=40,277,42,0.151625,0.114173,0.198607,1.25004,,316,,
either,8,a_neg_reweighted_to_pos,v3 hypo,585,25,0.042735,0.0291114,0.0623251,1.25004,,316,,
either,8,a_neg_reweighted_to_pos,v3 iso,461,25,0.0542299,0.0369988,0.078829,1.25004,,316,,
either,8,a_neg_reweighted_to_pos,v3 hyper,189,13,0.0687831,0.0406341,0.114113,1.25004,,316,,
either,8,a_neg_reweighted_to_pos,phase Arterial,260,20,0.0769231,0.0503447,0.115822,1.25004,,316,,
either,8,a_neg_reweighted_to_pos,phase Delay,4,0,0,0,0.4899,1.25004,,316,,
either,8,a_neg_reweighted_to_pos,phase Non-contrast,413,17,0.0411622,0.0258559,0.0649259,1.25004,,316,,
either,8,a_neg_reweighted_to_pos,phase Venous,557,26,0.0466786,0.032051,0.0675165,1.25004,,316,,
either,8,a_neg_reweighted_to_pos,region head,825,46,0.0557576,0.0420603,0.0735729,1.25004,,316,,
either,8,a_neg_reweighted_to_pos,region body,207,6,0.0289855,0.0133504,0.0617846,1.25004,,316,,
either,8,a_neg_reweighted_to_pos,region tail,195,11,0.0564103,0.0317869,0.0981739,1.25004,,316,,
either,8,a_neg_reweighted_to_pos,thickness <=1.5 mm,532,25,0.0469925,0.0320298,0.0684506,1.25004,,316,,
either,8,a_neg_reweighted_to_pos,thickness 1.5-2.5 mm,426,19,0.0446009,0.0287362,0.0686058,1.25004,,316,,
either,8,a_neg_reweighted_to_pos,thickness 2.5-5 mm,273,19,0.0695971,0.0450045,0.106135,1.25004,,316,,
either,8,a_neg_reweighted_to_pos,thickness >5 mm,4,0,0,0,0.4899,1.25004,,316,,
either,8,a_neg_reweighted_to_pos,tier abutting,174,13,0.0747126,0.0441791,0.12362,1.25004,,316,,
either,8,a_neg_reweighted_to_pos,tier embedded,111,4,0.036036,0.0141011,0.0890114,1.25004,,316,,
either,8,a_neg_reweighted_to_pos,tier inside,880,46,0.0522727,0.0394163,0.0690212,1.25004,,316,,
either,8,a_neg_reweighted_to_pos,tier separated,70,0,0,0,0.0520249,1.25004,,316,,
either,8,a_neg_reweighted_to_pos,nnU-Net detected,659,50,0.0758725,0.0580228,0.0986385,1.25004,,316,,
either,8,a_neg_reweighted_to_pos,nnU-Net missed,576,13,0.0225694,0.0132362,0.0382289,1.25004,,316,,
either,8,a_neg_reweighted_to_pos,"nnU-Net missed, 10-20mm",204,2,0.00980392,0.00269266,0.0350361,1.25004,,316,,
either,8,a_neg_reweighted_to_pos,"nnU-Net missed, TARGET",74,1,0.0135135,0.0023894,0.0726553,1.25004,,316,,
either,10,a_negatives,TARGET 10-20mm hypo/hyper enhanced,106,0,0,0,0.034974,0.291139,0.235147,316,0,
either,10,a_negatives,10-20mm all,275,0,0,0,0.013777,0.291139,0.235147,316,0,
either,10,a_negatives,10-20mm enhanced,157,0,0,0,0.0238844,0.291139,0.235147,316,0,
either,10,a_negatives,10-20mm iso(v3),99,0,0,0,0.0373545,0.291139,0.235147,316,0,
either,10,a_negatives,10-20mm iso within 5 HU,66,0,0,0,0.0550045,0.291139,0.235147,316,0,
either,10,a_negatives,<10mm all,86,0,0,0,0.0427597,0.291139,0.235147,316,0,
either,10,a_negatives,>=20mm all,874,28,0.0320366,0.0222565,0.0459125,0.291139,0.235147,316,0,
either,10,a_negatives,all lesions,1235,28,0.0226721,0.0157319,0.0325726,0.291139,0.235147,316,0,
either,10,a_negatives,"all, not separated",1165,28,0.0240343,0.0166801,0.0345173,0.291139,0.235147,316,0,
either,10,a_negatives,size <5,49,0,0,0,0.0727003,0.291139,0.235147,316,0,
either,10,a_negatives,size 5-10,37,0,0,0,0.094061,0.291139,0.235147,316,0,
either,10,a_negatives,size 10-20,275,0,0,0,0.013777,0.291139,0.235147,316,0,
either,10,a_negatives,size 20-40,597,9,0.0150754,0.00795101,0.0284007,0.291139,0.235147,316,0,
either,10,a_negatives,size >=40,277,19,0.0685921,0.0443481,0.104638,0.291139,0.235147,316,0,
either,10,a_negatives,v3 hypo,585,14,0.0239316,0.014308,0.039767,0.291139,0.235147,316,0,
either,10,a_negatives,v3 iso,461,11,0.0238612,0.0133748,0.0422175,0.291139,0.235147,316,0,
either,10,a_negatives,v3 hyper,189,3,0.015873,0.00541259,0.045622,0.291139,0.235147,316,0,
either,10,a_negatives,phase Arterial,260,11,0.0423077,0.0237853,0.0741583,0.291139,0.235147,316,0,
either,10,a_negatives,phase Delay,4,0,0,0,0.4899,0.291139,0.235147,316,0,
either,10,a_negatives,phase Non-contrast,413,9,0.0217918,0.0115061,0.0408917,0.291139,0.235147,316,0,
either,10,a_negatives,phase Venous,557,8,0.0143627,0.00729527,0.028083,0.291139,0.235147,316,0,
either,10,a_negatives,region head,825,19,0.0230303,0.0147925,0.0356896,0.291139,0.235147,316,0,
either,10,a_negatives,region body,207,3,0.0144928,0.00494078,0.0417369,0.291139,0.235147,316,0,
either,10,a_negatives,region tail,195,6,0.0307692,0.0141764,0.0654931,0.291139,0.235147,316,0,
either,10,a_negatives,thickness <=1.5 mm,532,13,0.0244361,0.0143351,0.041356,0.291139,0.235147,316,0,
either,10,a_negatives,thickness 1.5-2.5 mm,426,7,0.0164319,0.00798182,0.0335256,0.291139,0.235147,316,0,
either,10,a_negatives,thickness 2.5-5 mm,273,8,0.029304,0.0149219,0.0567494,0.291139,0.235147,316,0,
either,10,a_negatives,thickness >5 mm,4,0,0,0,0.4899,0.291139,0.235147,316,0,
either,10,a_negatives,tier abutting,174,10,0.0574713,0.0315131,0.102548,0.291139,0.235147,316,0,
either,10,a_negatives,tier embedded,111,2,0.018018,0.00495507,0.0633268,0.291139,0.235147,316,0,
either,10,a_negatives,tier inside,880,16,0.0181818,0.011222,0.0293301,0.291139,0.235147,316,0,
either,10,a_negatives,tier separated,70,0,0,0,0.0520249,0.291139,0.235147,316,0,
either,10,a_negatives,nnU-Net detected,659,22,0.0333839,0.0221478,0.0500287,0.291139,0.235147,316,0,
either,10,a_negatives,nnU-Net missed,576,6,0.0104167,0.00478249,0.0225381,0.291139,0.235147,316,0,
either,10,a_negatives,"nnU-Net missed, 10-20mm",204,0,0,0,0.0184833,0.291139,0.235147,316,0,
either,10,a_negatives,"nnU-Net missed, TARGET",74,0,0,0,0.0493515,0.291139,0.235147,316,0,
either,10,b_positives_nontumor,TARGET 10-20mm hypo/hyper enhanced,106,0,0,0,0.034974,0.405708,0.400733,981,0,
either,10,b_positives_nontumor,10-20mm all,275,0,0,0,0.013777,0.405708,0.400733,981,0,
either,10,b_positives_nontumor,10-20mm enhanced,157,0,0,0,0.0238844,0.405708,0.400733,981,0,
either,10,b_positives_nontumor,10-20mm iso(v3),99,0,0,0,0.0373545,0.405708,0.400733,981,0,
either,10,b_positives_nontumor,10-20mm iso within 5 HU,66,0,0,0,0.0550045,0.405708,0.400733,981,0,
either,10,b_positives_nontumor,<10mm all,86,0,0,0,0.0427597,0.405708,0.400733,981,0,
either,10,b_positives_nontumor,>=20mm all,874,28,0.0320366,0.0222565,0.0459125,0.405708,0.400733,981,0,
either,10,b_positives_nontumor,all lesions,1235,28,0.0226721,0.0157319,0.0325726,0.405708,0.400733,981,0,
either,10,b_positives_nontumor,"all, not separated",1165,28,0.0240343,0.0166801,0.0345173,0.405708,0.400733,981,0,
either,10,b_positives_nontumor,size <5,49,0,0,0,0.0727003,0.405708,0.400733,981,0,
either,10,b_positives_nontumor,size 5-10,37,0,0,0,0.094061,0.405708,0.400733,981,0,
either,10,b_positives_nontumor,size 10-20,275,0,0,0,0.013777,0.405708,0.400733,981,0,
either,10,b_positives_nontumor,size 20-40,597,9,0.0150754,0.00795101,0.0284007,0.405708,0.400733,981,0,
either,10,b_positives_nontumor,size >=40,277,19,0.0685921,0.0443481,0.104638,0.405708,0.400733,981,0,
either,10,b_positives_nontumor,v3 hypo,585,14,0.0239316,0.014308,0.039767,0.405708,0.400733,981,0,
either,10,b_positives_nontumor,v3 iso,461,11,0.0238612,0.0133748,0.0422175,0.405708,0.400733,981,0,
either,10,b_positives_nontumor,v3 hyper,189,3,0.015873,0.00541259,0.045622,0.405708,0.400733,981,0,
either,10,b_positives_nontumor,phase Arterial,260,11,0.0423077,0.0237853,0.0741583,0.405708,0.400733,981,0,
either,10,b_positives_nontumor,phase Delay,4,0,0,0,0.4899,0.405708,0.400733,981,0,
either,10,b_positives_nontumor,phase Non-contrast,413,9,0.0217918,0.0115061,0.0408917,0.405708,0.400733,981,0,
either,10,b_positives_nontumor,phase Venous,557,8,0.0143627,0.00729527,0.028083,0.405708,0.400733,981,0,
either,10,b_positives_nontumor,region head,825,19,0.0230303,0.0147925,0.0356896,0.405708,0.400733,981,0,
either,10,b_positives_nontumor,region body,207,3,0.0144928,0.00494078,0.0417369,0.405708,0.400733,981,0,
either,10,b_positives_nontumor,region tail,195,6,0.0307692,0.0141764,0.0654931,0.405708,0.400733,981,0,
either,10,b_positives_nontumor,thickness <=1.5 mm,532,13,0.0244361,0.0143351,0.041356,0.405708,0.400733,981,0,
either,10,b_positives_nontumor,thickness 1.5-2.5 mm,426,7,0.0164319,0.00798182,0.0335256,0.405708,0.400733,981,0,
either,10,b_positives_nontumor,thickness 2.5-5 mm,273,8,0.029304,0.0149219,0.0567494,0.405708,0.400733,981,0,
either,10,b_positives_nontumor,thickness >5 mm,4,0,0,0,0.4899,0.405708,0.400733,981,0,
either,10,b_positives_nontumor,tier abutting,174,10,0.0574713,0.0315131,0.102548,0.405708,0.400733,981,0,
either,10,b_positives_nontumor,tier embedded,111,2,0.018018,0.00495507,0.0633268,0.405708,0.400733,981,0,
either,10,b_positives_nontumor,tier inside,880,16,0.0181818,0.011222,0.0293301,0.405708,0.400733,981,0,
either,10,b_positives_nontumor,tier separated,70,0,0,0,0.0520249,0.405708,0.400733,981,0,
either,10,b_positives_nontumor,nnU-Net detected,659,22,0.0333839,0.0221478,0.0500287,0.405708,0.400733,981,0,
either,10,b_positives_nontumor,nnU-Net missed,576,6,0.0104167,0.00478249,0.0225381,0.405708,0.400733,981,0,
either,10,b_positives_nontumor,"nnU-Net missed, 10-20mm",204,0,0,0,0.0184833,0.405708,0.400733,981,0,
either,10,b_positives_nontumor,"nnU-Net missed, TARGET",74,0,0,0,0.0493515,0.405708,0.400733,981,0,
either,10,a_neg_reweighted_to_pos,TARGET 10-20mm hypo/hyper enhanced,106,0,0,0,0.034974,0.31111,,316,,
either,10,a_neg_reweighted_to_pos,10-20mm all,275,0,0,0,0.013777,0.31111,,316,,
either,10,a_neg_reweighted_to_pos,10-20mm enhanced,157,0,0,0,0.0238844,0.31111,,316,,
either,10,a_neg_reweighted_to_pos,10-20mm iso(v3),99,0,0,0,0.0373545,0.31111,,316,,
either,10,a_neg_reweighted_to_pos,10-20mm iso within 5 HU,66,0,0,0,0.0550045,0.31111,,316,,
either,10,a_neg_reweighted_to_pos,<10mm all,86,0,0,0,0.0427597,0.31111,,316,,
either,10,a_neg_reweighted_to_pos,>=20mm all,874,28,0.0320366,0.0222565,0.0459125,0.31111,,316,,
either,10,a_neg_reweighted_to_pos,all lesions,1235,28,0.0226721,0.0157319,0.0325726,0.31111,,316,,
either,10,a_neg_reweighted_to_pos,"all, not separated",1165,28,0.0240343,0.0166801,0.0345173,0.31111,,316,,
either,10,a_neg_reweighted_to_pos,size <5,49,0,0,0,0.0727003,0.31111,,316,,
either,10,a_neg_reweighted_to_pos,size 5-10,37,0,0,0,0.094061,0.31111,,316,,
either,10,a_neg_reweighted_to_pos,size 10-20,275,0,0,0,0.013777,0.31111,,316,,
either,10,a_neg_reweighted_to_pos,size 20-40,597,9,0.0150754,0.00795101,0.0284007,0.31111,,316,,
either,10,a_neg_reweighted_to_pos,size >=40,277,19,0.0685921,0.0443481,0.104638,0.31111,,316,,
either,10,a_neg_reweighted_to_pos,v3 hypo,585,14,0.0239316,0.014308,0.039767,0.31111,,316,,
either,10,a_neg_reweighted_to_pos,v3 iso,461,11,0.0238612,0.0133748,0.0422175,0.31111,,316,,
either,10,a_neg_reweighted_to_pos,v3 hyper,189,3,0.015873,0.00541259,0.045622,0.31111,,316,,
either,10,a_neg_reweighted_to_pos,phase Arterial,260,11,0.0423077,0.0237853,0.0741583,0.31111,,316,,
either,10,a_neg_reweighted_to_pos,phase Delay,4,0,0,0,0.4899,0.31111,,316,,
either,10,a_neg_reweighted_to_pos,phase Non-contrast,413,9,0.0217918,0.0115061,0.0408917,0.31111,,316,,
either,10,a_neg_reweighted_to_pos,phase Venous,557,8,0.0143627,0.00729527,0.028083,0.31111,,316,,
either,10,a_neg_reweighted_to_pos,region head,825,19,0.0230303,0.0147925,0.0356896,0.31111,,316,,
either,10,a_neg_reweighted_to_pos,region body,207,3,0.0144928,0.00494078,0.0417369,0.31111,,316,,
either,10,a_neg_reweighted_to_pos,region tail,195,6,0.0307692,0.0141764,0.0654931,0.31111,,316,,
either,10,a_neg_reweighted_to_pos,thickness <=1.5 mm,532,13,0.0244361,0.0143351,0.041356,0.31111,,316,,
either,10,a_neg_reweighted_to_pos,thickness 1.5-2.5 mm,426,7,0.0164319,0.00798182,0.0335256,0.31111,,316,,
either,10,a_neg_reweighted_to_pos,thickness 2.5-5 mm,273,8,0.029304,0.0149219,0.0567494,0.31111,,316,,
either,10,a_neg_reweighted_to_pos,thickness >5 mm,4,0,0,0,0.4899,0.31111,,316,,
either,10,a_neg_reweighted_to_pos,tier abutting,174,10,0.0574713,0.0315131,0.102548,0.31111,,316,,
either,10,a_neg_reweighted_to_pos,tier embedded,111,2,0.018018,0.00495507,0.0633268,0.31111,,316,,
either,10,a_neg_reweighted_to_pos,tier inside,880,16,0.0181818,0.011222,0.0293301,0.31111,,316,,
either,10,a_neg_reweighted_to_pos,tier separated,70,0,0,0,0.0520249,0.31111,,316,,
either,10,a_neg_reweighted_to_pos,nnU-Net detected,659,22,0.0333839,0.0221478,0.0500287,0.31111,,316,,
either,10,a_neg_reweighted_to_pos,nnU-Net missed,576,6,0.0104167,0.00478249,0.0225381,0.31111,,316,,
either,10,a_neg_reweighted_to_pos,"nnU-Net missed, 10-20mm",204,0,0,0,0.0184833,0.31111,,316,,
either,10,a_neg_reweighted_to_pos,"nnU-Net missed, TARGET",74,0,0,0,0.0493515,0.31111,,316,,
either,12,a_negatives,TARGET 10-20mm hypo/hyper enhanced,106,0,0,0,0.034974,0.0949367,0.0766785,316,0,
either,12,a_negatives,10-20mm all,275,0,0,0,0.013777,0.0949367,0.0766785,316,0,
either,12,a_negatives,10-20mm enhanced,157,0,0,0,0.0238844,0.0949367,0.0766785,316,0,
either,12,a_negatives,10-20mm iso(v3),99,0,0,0,0.0373545,0.0949367,0.0766785,316,0,
either,12,a_negatives,10-20mm iso within 5 HU,66,0,0,0,0.0550045,0.0949367,0.0766785,316,0,
either,12,a_negatives,<10mm all,86,0,0,0,0.0427597,0.0949367,0.0766785,316,0,
either,12,a_negatives,>=20mm all,874,9,0.0102975,0.00542679,0.0194542,0.0949367,0.0766785,316,0,
either,12,a_negatives,all lesions,1235,9,0.00728745,0.0038386,0.0137921,0.0949367,0.0766785,316,0,
either,12,a_negatives,"all, not separated",1165,9,0.00772532,0.00406954,0.014617,0.0949367,0.0766785,316,0,
either,12,a_negatives,size <5,49,0,0,0,0.0727003,0.0949367,0.0766785,316,0,
either,12,a_negatives,size 5-10,37,0,0,0,0.094061,0.0949367,0.0766785,316,0,
either,12,a_negatives,size 10-20,275,0,0,0,0.013777,0.0949367,0.0766785,316,0,
either,12,a_negatives,size 20-40,597,3,0.00502513,0.00171041,0.0146693,0.0949367,0.0766785,316,0,
either,12,a_negatives,size >=40,277,6,0.0216606,0.00996405,0.0464435,0.0949367,0.0766785,316,0,
either,12,a_negatives,v3 hypo,585,2,0.0034188,0.000938041,0.012379,0.0949367,0.0766785,316,0,
either,12,a_negatives,v3 iso,461,5,0.010846,0.00464134,0.0251357,0.0949367,0.0766785,316,0,
either,12,a_negatives,v3 hyper,189,2,0.010582,0.00290672,0.0377567,0.0949367,0.0766785,316,0,
either,12,a_negatives,phase Arterial,260,3,0.0115385,0.00393166,0.0333695,0.0949367,0.0766785,316,0,
either,12,a_negatives,phase Delay,4,0,0,0,0.4899,0.0949367,0.0766785,316,0,
either,12,a_negatives,phase Non-contrast,413,3,0.00726392,0.00247336,0.0211366,0.0949367,0.0766785,316,0,
either,12,a_negatives,phase Venous,557,3,0.005386,0.00183335,0.0157146,0.0949367,0.0766785,316,0,
either,12,a_negatives,region head,825,7,0.00848485,0.00411597,0.01741,0.0949367,0.0766785,316,0,
either,12,a_negatives,region body,207,1,0.00483092,0.000853263,0.0268528,0.0949367,0.0766785,316,0,
either,12,a_negatives,region tail,195,1,0.00512821,0.000905805,0.0284724,0.0949367,0.0766785,316,0,
either,12,a_negatives,thickness <=1.5 mm,532,5,0.0093985,0.00402091,0.0218106,0.0949367,0.0766785,316,0,
either,12,a_negatives,thickness 1.5-2.5 mm,426,1,0.00234742,0.000414486,0.0131756,0.0949367,0.0766785,316,0,
either,12,a_negatives,thickness 2.5-5 mm,273,3,0.010989,0.00374409,0.0318055,0.0949367,0.0766785,316,0,
either,12,a_negatives,thickness >5 mm,4,0,0,0,0.4899,0.0949367,0.0766785,316,0,
either,12,a_negatives,tier abutting,174,3,0.0172414,0.00588055,0.0494586,0.0949367,0.0766785,316,0,
either,12,a_negatives,tier embedded,111,0,0,0,0.0334513,0.0949367,0.0766785,316,0,
either,12,a_negatives,tier inside,880,6,0.00681818,0.00312843,0.0147951,0.0949367,0.0766785,316,0,
either,12,a_negatives,tier separated,70,0,0,0,0.0520249,0.0949367,0.0766785,316,0,
either,12,a_negatives,nnU-Net detected,659,7,0.0106222,0.00515464,0.0217622,0.0949367,0.0766785,316,0,
either,12,a_negatives,nnU-Net missed,576,2,0.00347222,0.000952706,0.012571,0.0949367,0.0766785,316,0,
either,12,a_negatives,"nnU-Net missed, 10-20mm",204,0,0,0,0.0184833,0.0949367,0.0766785,316,0,
either,12,a_negatives,"nnU-Net missed, TARGET",74,0,0,0,0.0493515,0.0949367,0.0766785,316,0,
either,12,b_positives_nontumor,TARGET 10-20mm hypo/hyper enhanced,106,0,0,0,0.034974,0.156983,0.155057,981,0,
either,12,b_positives_nontumor,10-20mm all,275,0,0,0,0.013777,0.156983,0.155057,981,0,
either,12,b_positives_nontumor,10-20mm enhanced,157,0,0,0,0.0238844,0.156983,0.155057,981,0,
either,12,b_positives_nontumor,10-20mm iso(v3),99,0,0,0,0.0373545,0.156983,0.155057,981,0,
either,12,b_positives_nontumor,10-20mm iso within 5 HU,66,0,0,0,0.0550045,0.156983,0.155057,981,0,
either,12,b_positives_nontumor,<10mm all,86,0,0,0,0.0427597,0.156983,0.155057,981,0,
either,12,b_positives_nontumor,>=20mm all,874,9,0.0102975,0.00542679,0.0194542,0.156983,0.155057,981,0,
either,12,b_positives_nontumor,all lesions,1235,9,0.00728745,0.0038386,0.0137921,0.156983,0.155057,981,0,
either,12,b_positives_nontumor,"all, not separated",1165,9,0.00772532,0.00406954,0.014617,0.156983,0.155057,981,0,
either,12,b_positives_nontumor,size <5,49,0,0,0,0.0727003,0.156983,0.155057,981,0,
either,12,b_positives_nontumor,size 5-10,37,0,0,0,0.094061,0.156983,0.155057,981,0,
either,12,b_positives_nontumor,size 10-20,275,0,0,0,0.013777,0.156983,0.155057,981,0,
either,12,b_positives_nontumor,size 20-40,597,3,0.00502513,0.00171041,0.0146693,0.156983,0.155057,981,0,
either,12,b_positives_nontumor,size >=40,277,6,0.0216606,0.00996405,0.0464435,0.156983,0.155057,981,0,
either,12,b_positives_nontumor,v3 hypo,585,2,0.0034188,0.000938041,0.012379,0.156983,0.155057,981,0,
either,12,b_positives_nontumor,v3 iso,461,5,0.010846,0.00464134,0.0251357,0.156983,0.155057,981,0,
either,12,b_positives_nontumor,v3 hyper,189,2,0.010582,0.00290672,0.0377567,0.156983,0.155057,981,0,
either,12,b_positives_nontumor,phase Arterial,260,3,0.0115385,0.00393166,0.0333695,0.156983,0.155057,981,0,
either,12,b_positives_nontumor,phase Delay,4,0,0,0,0.4899,0.156983,0.155057,981,0,
either,12,b_positives_nontumor,phase Non-contrast,413,3,0.00726392,0.00247336,0.0211366,0.156983,0.155057,981,0,
either,12,b_positives_nontumor,phase Venous,557,3,0.005386,0.00183335,0.0157146,0.156983,0.155057,981,0,
either,12,b_positives_nontumor,region head,825,7,0.00848485,0.00411597,0.01741,0.156983,0.155057,981,0,
either,12,b_positives_nontumor,region body,207,1,0.00483092,0.000853263,0.0268528,0.156983,0.155057,981,0,
either,12,b_positives_nontumor,region tail,195,1,0.00512821,0.000905805,0.0284724,0.156983,0.155057,981,0,
either,12,b_positives_nontumor,thickness <=1.5 mm,532,5,0.0093985,0.00402091,0.0218106,0.156983,0.155057,981,0,
either,12,b_positives_nontumor,thickness 1.5-2.5 mm,426,1,0.00234742,0.000414486,0.0131756,0.156983,0.155057,981,0,
either,12,b_positives_nontumor,thickness 2.5-5 mm,273,3,0.010989,0.00374409,0.0318055,0.156983,0.155057,981,0,
either,12,b_positives_nontumor,thickness >5 mm,4,0,0,0,0.4899,0.156983,0.155057,981,0,
either,12,b_positives_nontumor,tier abutting,174,3,0.0172414,0.00588055,0.0494586,0.156983,0.155057,981,0,
either,12,b_positives_nontumor,tier embedded,111,0,0,0,0.0334513,0.156983,0.155057,981,0,
either,12,b_positives_nontumor,tier inside,880,6,0.00681818,0.00312843,0.0147951,0.156983,0.155057,981,0,
either,12,b_positives_nontumor,tier separated,70,0,0,0,0.0520249,0.156983,0.155057,981,0,
either,12,b_positives_nontumor,nnU-Net detected,659,7,0.0106222,0.00515464,0.0217622,0.156983,0.155057,981,0,
either,12,b_positives_nontumor,nnU-Net missed,576,2,0.00347222,0.000952706,0.012571,0.156983,0.155057,981,0,
either,12,b_positives_nontumor,"nnU-Net missed, 10-20mm",204,0,0,0,0.0184833,0.156983,0.155057,981,0,
either,12,b_positives_nontumor,"nnU-Net missed, TARGET",74,0,0,0,0.0493515,0.156983,0.155057,981,0,
either,12,a_neg_reweighted_to_pos,TARGET 10-20mm hypo/hyper enhanced,106,0,0,0,0.034974,0.126939,,316,,
either,12,a_neg_reweighted_to_pos,10-20mm all,275,0,0,0,0.013777,0.126939,,316,,
either,12,a_neg_reweighted_to_pos,10-20mm enhanced,157,0,0,0,0.0238844,0.126939,,316,,
either,12,a_neg_reweighted_to_pos,10-20mm iso(v3),99,0,0,0,0.0373545,0.126939,,316,,
either,12,a_neg_reweighted_to_pos,10-20mm iso within 5 HU,66,0,0,0,0.0550045,0.126939,,316,,
either,12,a_neg_reweighted_to_pos,<10mm all,86,0,0,0,0.0427597,0.126939,,316,,
either,12,a_neg_reweighted_to_pos,>=20mm all,874,9,0.0102975,0.00542679,0.0194542,0.126939,,316,,
either,12,a_neg_reweighted_to_pos,all lesions,1235,9,0.00728745,0.0038386,0.0137921,0.126939,,316,,
either,12,a_neg_reweighted_to_pos,"all, not separated",1165,9,0.00772532,0.00406954,0.014617,0.126939,,316,,
either,12,a_neg_reweighted_to_pos,size <5,49,0,0,0,0.0727003,0.126939,,316,,
either,12,a_neg_reweighted_to_pos,size 5-10,37,0,0,0,0.094061,0.126939,,316,,
either,12,a_neg_reweighted_to_pos,size 10-20,275,0,0,0,0.013777,0.126939,,316,,
either,12,a_neg_reweighted_to_pos,size 20-40,597,3,0.00502513,0.00171041,0.0146693,0.126939,,316,,
either,12,a_neg_reweighted_to_pos,size >=40,277,6,0.0216606,0.00996405,0.0464435,0.126939,,316,,
either,12,a_neg_reweighted_to_pos,v3 hypo,585,2,0.0034188,0.000938041,0.012379,0.126939,,316,,
either,12,a_neg_reweighted_to_pos,v3 iso,461,5,0.010846,0.00464134,0.0251357,0.126939,,316,,
either,12,a_neg_reweighted_to_pos,v3 hyper,189,2,0.010582,0.00290672,0.0377567,0.126939,,316,,
either,12,a_neg_reweighted_to_pos,phase Arterial,260,3,0.0115385,0.00393166,0.0333695,0.126939,,316,,
either,12,a_neg_reweighted_to_pos,phase Delay,4,0,0,0,0.4899,0.126939,,316,,
either,12,a_neg_reweighted_to_pos,phase Non-contrast,413,3,0.00726392,0.00247336,0.0211366,0.126939,,316,,
either,12,a_neg_reweighted_to_pos,phase Venous,557,3,0.005386,0.00183335,0.0157146,0.126939,,316,,
either,12,a_neg_reweighted_to_pos,region head,825,7,0.00848485,0.00411597,0.01741,0.126939,,316,,
either,12,a_neg_reweighted_to_pos,region body,207,1,0.00483092,0.000853263,0.0268528,0.126939,,316,,
either,12,a_neg_reweighted_to_pos,region tail,195,1,0.00512821,0.000905805,0.0284724,0.126939,,316,,
either,12,a_neg_reweighted_to_pos,thickness <=1.5 mm,532,5,0.0093985,0.00402091,0.0218106,0.126939,,316,,
either,12,a_neg_reweighted_to_pos,thickness 1.5-2.5 mm,426,1,0.00234742,0.000414486,0.0131756,0.126939,,316,,
either,12,a_neg_reweighted_to_pos,thickness 2.5-5 mm,273,3,0.010989,0.00374409,0.0318055,0.126939,,316,,
either,12,a_neg_reweighted_to_pos,thickness >5 mm,4,0,0,0,0.4899,0.126939,,316,,
either,12,a_neg_reweighted_to_pos,tier abutting,174,3,0.0172414,0.00588055,0.0494586,0.126939,,316,,
either,12,a_neg_reweighted_to_pos,tier embedded,111,0,0,0,0.0334513,0.126939,,316,,
either,12,a_neg_reweighted_to_pos,tier inside,880,6,0.00681818,0.00312843,0.0147951,0.126939,,316,,
either,12,a_neg_reweighted_to_pos,tier separated,70,0,0,0,0.0520249,0.126939,,316,,
either,12,a_neg_reweighted_to_pos,nnU-Net detected,659,7,0.0106222,0.00515464,0.0217622,0.126939,,316,,
either,12,a_neg_reweighted_to_pos,nnU-Net missed,576,2,0.00347222,0.000952706,0.012571,0.126939,,316,,
either,12,a_neg_reweighted_to_pos,"nnU-Net missed, 10-20mm",204,0,0,0,0.0184833,0.126939,,316,,
either,12,a_neg_reweighted_to_pos,"nnU-Net missed, TARGET",74,0,0,0,0.0493515,0.126939,,316,,
either,15,a_negatives,TARGET 10-20mm hypo/hyper enhanced,106,0,0,0,0.034974,0.0221519,0.0178916,316,0,
either,15,a_negatives,10-20mm all,275,0,0,0,0.013777,0.0221519,0.0178916,316,0,
either,15,a_negatives,10-20mm enhanced,157,0,0,0,0.0238844,0.0221519,0.0178916,316,0,
either,15,a_negatives,10-20mm iso(v3),99,0,0,0,0.0373545,0.0221519,0.0178916,316,0,
either,15,a_negatives,10-20mm iso within 5 HU,66,0,0,0,0.0550045,0.0221519,0.0178916,316,0,
either,15,a_negatives,<10mm all,86,0,0,0,0.0427597,0.0221519,0.0178916,316,0,
either,15,a_negatives,>=20mm all,874,4,0.00457666,0.00178114,0.0117083,0.0221519,0.0178916,316,0,
either,15,a_negatives,all lesions,1235,4,0.00323887,0.00126021,0.0082984,0.0221519,0.0178916,316,0,
either,15,a_negatives,"all, not separated",1165,4,0.00343348,0.00133598,0.00879508,0.0221519,0.0178916,316,0,
either,15,a_negatives,size <5,49,0,0,0,0.0727003,0.0221519,0.0178916,316,0,
either,15,a_negatives,size 5-10,37,0,0,0,0.094061,0.0221519,0.0178916,316,0,
either,15,a_negatives,size 10-20,275,0,0,0,0.013777,0.0221519,0.0178916,316,0,
either,15,a_negatives,size 20-40,597,1,0.00167504,0.00029574,0.00942662,0.0221519,0.0178916,316,0,
either,15,a_negatives,size >=40,277,3,0.0108303,0.00368993,0.0313533,0.0221519,0.0178916,316,0,
either,15,a_negatives,v3 hypo,585,1,0.0017094,0.000301807,0.00961869,0.0221519,0.0178916,316,0,
either,15,a_negatives,v3 iso,461,3,0.00650759,0.00221555,0.0189564,0.0221519,0.0178916,316,0,
either,15,a_negatives,v3 hyper,189,0,0,0,0.019921,0.0221519,0.0178916,316,0,
either,15,a_negatives,phase Arterial,260,2,0.00769231,0.002112,0.0276089,0.0221519,0.0178916,316,0,
either,15,a_negatives,phase Delay,4,0,0,0,0.4899,0.0221519,0.0178916,316,0,
either,15,a_negatives,phase Non-contrast,413,1,0.00242131,0.000427537,0.0135864,0.0221519,0.0178916,316,0,
either,15,a_negatives,phase Venous,557,1,0.00179533,0.000316982,0.0100988,0.0221519,0.0178916,316,0,
either,15,a_negatives,region head,825,2,0.00242424,0.000665053,0.00879586,0.0221519,0.0178916,316,0,
either,15,a_negatives,region body,207,1,0.00483092,0.000853263,0.0268528,0.0221519,0.0178916,316,0,
either,15,a_negatives,region tail,195,1,0.00512821,0.000905805,0.0284724,0.0221519,0.0178916,316,0,
either,15,a_negatives,thickness <=1.5 mm,532,2,0.0037594,0.00103155,0.0136026,0.0221519,0.0178916,316,0,
either,15,a_negatives,thickness 1.5-2.5 mm,426,0,0,0,0.00893725,0.0221519,0.0178916,316,0,
either,15,a_negatives,thickness 2.5-5 mm,273,2,0.00732601,0.00201132,0.0263139,0.0221519,0.0178916,316,0,
either,15,a_negatives,thickness >5 mm,4,0,0,0,0.4899,0.0221519,0.0178916,316,0,
either,15,a_negatives,tier abutting,174,1,0.00574713,0.0010152,0.031832,0.0221519,0.0178916,316,0,
either,15,a_negatives,tier embedded,111,0,0,0,0.0334513,0.0221519,0.0178916,316,0,
either,15,a_negatives,tier inside,880,3,0.00340909,0.00116004,0.00997499,0.0221519,0.0178916,316,0,
either,15,a_negatives,tier separated,70,0,0,0,0.0520249,0.0221519,0.0178916,316,0,
either,15,a_negatives,nnU-Net detected,659,3,0.00455235,0.00154936,0.0132982,0.0221519,0.0178916,316,0,
either,15,a_negatives,nnU-Net missed,576,1,0.00173611,0.000306524,0.00976795,0.0221519,0.0178916,316,0,
either,15,a_negatives,"nnU-Net missed, 10-20mm",204,0,0,0,0.0184833,0.0221519,0.0178916,316,0,
either,15,a_negatives,"nnU-Net missed, TARGET",74,0,0,0,0.0493515,0.0221519,0.0178916,316,0,
either,15,b_positives_nontumor,TARGET 10-20mm hypo/hyper enhanced,106,0,0,0,0.034974,0.0479103,0.0473227,981,0,
either,15,b_positives_nontumor,10-20mm all,275,0,0,0,0.013777,0.0479103,0.0473227,981,0,
either,15,b_positives_nontumor,10-20mm enhanced,157,0,0,0,0.0238844,0.0479103,0.0473227,981,0,
either,15,b_positives_nontumor,10-20mm iso(v3),99,0,0,0,0.0373545,0.0479103,0.0473227,981,0,
either,15,b_positives_nontumor,10-20mm iso within 5 HU,66,0,0,0,0.0550045,0.0479103,0.0473227,981,0,
either,15,b_positives_nontumor,<10mm all,86,0,0,0,0.0427597,0.0479103,0.0473227,981,0,
either,15,b_positives_nontumor,>=20mm all,874,4,0.00457666,0.00178114,0.0117083,0.0479103,0.0473227,981,0,
either,15,b_positives_nontumor,all lesions,1235,4,0.00323887,0.00126021,0.0082984,0.0479103,0.0473227,981,0,
either,15,b_positives_nontumor,"all, not separated",1165,4,0.00343348,0.00133598,0.00879508,0.0479103,0.0473227,981,0,
either,15,b_positives_nontumor,size <5,49,0,0,0,0.0727003,0.0479103,0.0473227,981,0,
either,15,b_positives_nontumor,size 5-10,37,0,0,0,0.094061,0.0479103,0.0473227,981,0,
either,15,b_positives_nontumor,size 10-20,275,0,0,0,0.013777,0.0479103,0.0473227,981,0,
either,15,b_positives_nontumor,size 20-40,597,1,0.00167504,0.00029574,0.00942662,0.0479103,0.0473227,981,0,
either,15,b_positives_nontumor,size >=40,277,3,0.0108303,0.00368993,0.0313533,0.0479103,0.0473227,981,0,
either,15,b_positives_nontumor,v3 hypo,585,1,0.0017094,0.000301807,0.00961869,0.0479103,0.0473227,981,0,
either,15,b_positives_nontumor,v3 iso,461,3,0.00650759,0.00221555,0.0189564,0.0479103,0.0473227,981,0,
either,15,b_positives_nontumor,v3 hyper,189,0,0,0,0.019921,0.0479103,0.0473227,981,0,
either,15,b_positives_nontumor,phase Arterial,260,2,0.00769231,0.002112,0.0276089,0.0479103,0.0473227,981,0,
either,15,b_positives_nontumor,phase Delay,4,0,0,0,0.4899,0.0479103,0.0473227,981,0,
either,15,b_positives_nontumor,phase Non-contrast,413,1,0.00242131,0.000427537,0.0135864,0.0479103,0.0473227,981,0,
either,15,b_positives_nontumor,phase Venous,557,1,0.00179533,0.000316982,0.0100988,0.0479103,0.0473227,981,0,
either,15,b_positives_nontumor,region head,825,2,0.00242424,0.000665053,0.00879586,0.0479103,0.0473227,981,0,
either,15,b_positives_nontumor,region body,207,1,0.00483092,0.000853263,0.0268528,0.0479103,0.0473227,981,0,
either,15,b_positives_nontumor,region tail,195,1,0.00512821,0.000905805,0.0284724,0.0479103,0.0473227,981,0,
either,15,b_positives_nontumor,thickness <=1.5 mm,532,2,0.0037594,0.00103155,0.0136026,0.0479103,0.0473227,981,0,
either,15,b_positives_nontumor,thickness 1.5-2.5 mm,426,0,0,0,0.00893725,0.0479103,0.0473227,981,0,
either,15,b_positives_nontumor,thickness 2.5-5 mm,273,2,0.00732601,0.00201132,0.0263139,0.0479103,0.0473227,981,0,
either,15,b_positives_nontumor,thickness >5 mm,4,0,0,0,0.4899,0.0479103,0.0473227,981,0,
either,15,b_positives_nontumor,tier abutting,174,1,0.00574713,0.0010152,0.031832,0.0479103,0.0473227,981,0,
either,15,b_positives_nontumor,tier embedded,111,0,0,0,0.0334513,0.0479103,0.0473227,981,0,
either,15,b_positives_nontumor,tier inside,880,3,0.00340909,0.00116004,0.00997499,0.0479103,0.0473227,981,0,
either,15,b_positives_nontumor,tier separated,70,0,0,0,0.0520249,0.0479103,0.0473227,981,0,
either,15,b_positives_nontumor,nnU-Net detected,659,3,0.00455235,0.00154936,0.0132982,0.0479103,0.0473227,981,0,
either,15,b_positives_nontumor,nnU-Net missed,576,1,0.00173611,0.000306524,0.00976795,0.0479103,0.0473227,981,0,
either,15,b_positives_nontumor,"nnU-Net missed, 10-20mm",204,0,0,0,0.0184833,0.0479103,0.0473227,981,0,
either,15,b_positives_nontumor,"nnU-Net missed, TARGET",74,0,0,0,0.0493515,0.0479103,0.0473227,981,0,
either,15,a_neg_reweighted_to_pos,TARGET 10-20mm hypo/hyper enhanced,106,0,0,0,0.034974,0.0421957,,316,,
either,15,a_neg_reweighted_to_pos,10-20mm all,275,0,0,0,0.013777,0.0421957,,316,,
either,15,a_neg_reweighted_to_pos,10-20mm enhanced,157,0,0,0,0.0238844,0.0421957,,316,,
either,15,a_neg_reweighted_to_pos,10-20mm iso(v3),99,0,0,0,0.0373545,0.0421957,,316,,
either,15,a_neg_reweighted_to_pos,10-20mm iso within 5 HU,66,0,0,0,0.0550045,0.0421957,,316,,
either,15,a_neg_reweighted_to_pos,<10mm all,86,0,0,0,0.0427597,0.0421957,,316,,
either,15,a_neg_reweighted_to_pos,>=20mm all,874,4,0.00457666,0.00178114,0.0117083,0.0421957,,316,,
either,15,a_neg_reweighted_to_pos,all lesions,1235,4,0.00323887,0.00126021,0.0082984,0.0421957,,316,,
either,15,a_neg_reweighted_to_pos,"all, not separated",1165,4,0.00343348,0.00133598,0.00879508,0.0421957,,316,,
either,15,a_neg_reweighted_to_pos,size <5,49,0,0,0,0.0727003,0.0421957,,316,,
either,15,a_neg_reweighted_to_pos,size 5-10,37,0,0,0,0.094061,0.0421957,,316,,
either,15,a_neg_reweighted_to_pos,size 10-20,275,0,0,0,0.013777,0.0421957,,316,,
either,15,a_neg_reweighted_to_pos,size 20-40,597,1,0.00167504,0.00029574,0.00942662,0.0421957,,316,,
either,15,a_neg_reweighted_to_pos,size >=40,277,3,0.0108303,0.00368993,0.0313533,0.0421957,,316,,
either,15,a_neg_reweighted_to_pos,v3 hypo,585,1,0.0017094,0.000301807,0.00961869,0.0421957,,316,,
either,15,a_neg_reweighted_to_pos,v3 iso,461,3,0.00650759,0.00221555,0.0189564,0.0421957,,316,,
either,15,a_neg_reweighted_to_pos,v3 hyper,189,0,0,0,0.019921,0.0421957,,316,,
either,15,a_neg_reweighted_to_pos,phase Arterial,260,2,0.00769231,0.002112,0.0276089,0.0421957,,316,,
either,15,a_neg_reweighted_to_pos,phase Delay,4,0,0,0,0.4899,0.0421957,,316,,
either,15,a_neg_reweighted_to_pos,phase Non-contrast,413,1,0.00242131,0.000427537,0.0135864,0.0421957,,316,,
either,15,a_neg_reweighted_to_pos,phase Venous,557,1,0.00179533,0.000316982,0.0100988,0.0421957,,316,,
either,15,a_neg_reweighted_to_pos,region head,825,2,0.00242424,0.000665053,0.00879586,0.0421957,,316,,
either,15,a_neg_reweighted_to_pos,region body,207,1,0.00483092,0.000853263,0.0268528,0.0421957,,316,,
either,15,a_neg_reweighted_to_pos,region tail,195,1,0.00512821,0.000905805,0.0284724,0.0421957,,316,,
either,15,a_neg_reweighted_to_pos,thickness <=1.5 mm,532,2,0.0037594,0.00103155,0.0136026,0.0421957,,316,,
either,15,a_neg_reweighted_to_pos,thickness 1.5-2.5 mm,426,0,0,0,0.00893725,0.0421957,,316,,
either,15,a_neg_reweighted_to_pos,thickness 2.5-5 mm,273,2,0.00732601,0.00201132,0.0263139,0.0421957,,316,,
either,15,a_neg_reweighted_to_pos,thickness >5 mm,4,0,0,0,0.4899,0.0421957,,316,,
either,15,a_neg_reweighted_to_pos,tier abutting,174,1,0.00574713,0.0010152,0.031832,0.0421957,,316,,
either,15,a_neg_reweighted_to_pos,tier embedded,111,0,0,0,0.0334513,0.0421957,,316,,
either,15,a_neg_reweighted_to_pos,tier inside,880,3,0.00340909,0.00116004,0.00997499,0.0421957,,316,,
either,15,a_neg_reweighted_to_pos,tier separated,70,0,0,0,0.0520249,0.0421957,,316,,
either,15,a_neg_reweighted_to_pos,nnU-Net detected,659,3,0.00455235,0.00154936,0.0132982,0.0421957,,316,,
either,15,a_neg_reweighted_to_pos,nnU-Net missed,576,1,0.00173611,0.000306524,0.00976795,0.0421957,,316,,
either,15,a_neg_reweighted_to_pos,"nnU-Net missed, 10-20mm",204,0,0,0,0.0184833,0.0421957,,316,,
either,15,a_neg_reweighted_to_pos,"nnU-Net missed, TARGET",74,0,0,0,0.0493515,0.0421957,,316,,
either,20,a_negatives,TARGET 10-20mm hypo/hyper enhanced,106,0,0,0,0.034974,0.00316456,0.00255595,316,0,
either,20,a_negatives,10-20mm all,275,0,0,0,0.013777,0.00316456,0.00255595,316,0,
either,20,a_negatives,10-20mm enhanced,157,0,0,0,0.0238844,0.00316456,0.00255595,316,0,
either,20,a_negatives,10-20mm iso(v3),99,0,0,0,0.0373545,0.00316456,0.00255595,316,0,
either,20,a_negatives,10-20mm iso within 5 HU,66,0,0,0,0.0550045,0.00316456,0.00255595,316,0,
either,20,a_negatives,<10mm all,86,0,0,0,0.0427597,0.00316456,0.00255595,316,0,
either,20,a_negatives,>=20mm all,874,2,0.00228833,0.000627754,0.00830507,0.00316456,0.00255595,316,0,
either,20,a_negatives,all lesions,1235,2,0.00161943,0.00044421,0.00588557,0.00316456,0.00255595,316,0,
either,20,a_negatives,"all, not separated",1165,2,0.00171674,0.000470908,0.00623796,0.00316456,0.00255595,316,0,
either,20,a_negatives,size <5,49,0,0,0,0.0727003,0.00316456,0.00255595,316,0,
either,20,a_negatives,size 5-10,37,0,0,0,0.094061,0.00316456,0.00255595,316,0,
either,20,a_negatives,size 10-20,275,0,0,0,0.013777,0.00316456,0.00255595,316,0,
either,20,a_negatives,size 20-40,597,1,0.00167504,0.00029574,0.00942662,0.00316456,0.00255595,316,0,
either,20,a_negatives,size >=40,277,1,0.00361011,0.000637541,0.0201628,0.00316456,0.00255595,316,0,
either,20,a_negatives,v3 hypo,585,0,0,0,0.006524,0.00316456,0.00255595,316,0,
either,20,a_negatives,v3 iso,461,2,0.00433839,0.00119053,0.0156789,0.00316456,0.00255595,316,0,
either,20,a_negatives,v3 hyper,189,0,0,0,0.019921,0.00316456,0.00255595,316,0,
either,20,a_negatives,phase Arterial,260,1,0.00384615,0.000679246,0.0214613,0.00316456,0.00255595,316,0,
either,20,a_negatives,phase Delay,4,0,0,0,0.4899,0.00316456,0.00255595,316,0,
either,20,a_negatives,phase Non-contrast,413,1,0.00242131,0.000427537,0.0135864,0.00316456,0.00255595,316,0,
either,20,a_negatives,phase Venous,557,0,0,0,0.00684971,0.00316456,0.00255595,316,0,
either,20,a_negatives,region head,825,1,0.00121212,0.000213996,0.00683391,0.00316456,0.00255595,316,0,
either,20,a_negatives,region body,207,0,0,0,0.0182203,0.00316456,0.00255595,316,0,
either,20,a_negatives,region tail,195,1,0.00512821,0.000905805,0.0284724,0.00316456,0.00255595,316,0,
either,20,a_negatives,thickness <=1.5 mm,532,0,0,0,0.00716928,0.00316456,0.00255595,316,0,
either,20,a_negatives,thickness 1.5-2.5 mm,426,0,0,0,0.00893725,0.00316456,0.00255595,316,0,
either,20,a_negatives,thickness 2.5-5 mm,273,2,0.00732601,0.00201132,0.0263139,0.00316456,0.00255595,316,0,
either,20,a_negatives,thickness >5 mm,4,0,0,0,0.4899,0.00316456,0.00255595,316,0,
either,20,a_negatives,tier abutting,174,1,0.00574713,0.0010152,0.031832,0.00316456,0.00255595,316,0,
either,20,a_negatives,tier embedded,111,0,0,0,0.0334513,0.00316456,0.00255595,316,0,
either,20,a_negatives,tier inside,880,1,0.00113636,0.000200619,0.00640871,0.00316456,0.00255595,316,0,
either,20,a_negatives,tier separated,70,0,0,0,0.0520249,0.00316456,0.00255595,316,0,
either,20,a_negatives,nnU-Net detected,659,1,0.00151745,0.000267911,0.00854505,0.00316456,0.00255595,316,0,
either,20,a_negatives,nnU-Net missed,576,1,0.00173611,0.000306524,0.00976795,0.00316456,0.00255595,316,0,
either,20,a_negatives,"nnU-Net missed, 10-20mm",204,0,0,0,0.0184833,0.00316456,0.00255595,316,0,
either,20,a_negatives,"nnU-Net missed, TARGET",74,0,0,0,0.0493515,0.00316456,0.00255595,316,0,
either,20,b_positives_nontumor,TARGET 10-20mm hypo/hyper enhanced,106,0,0,0,0.034974,0.0142712,0.0140961,981,0,
either,20,b_positives_nontumor,10-20mm all,275,0,0,0,0.013777,0.0142712,0.0140961,981,0,
either,20,b_positives_nontumor,10-20mm enhanced,157,0,0,0,0.0238844,0.0142712,0.0140961,981,0,
either,20,b_positives_nontumor,10-20mm iso(v3),99,0,0,0,0.0373545,0.0142712,0.0140961,981,0,
either,20,b_positives_nontumor,10-20mm iso within 5 HU,66,0,0,0,0.0550045,0.0142712,0.0140961,981,0,
either,20,b_positives_nontumor,<10mm all,86,0,0,0,0.0427597,0.0142712,0.0140961,981,0,
either,20,b_positives_nontumor,>=20mm all,874,2,0.00228833,0.000627754,0.00830507,0.0142712,0.0140961,981,0,
either,20,b_positives_nontumor,all lesions,1235,2,0.00161943,0.00044421,0.00588557,0.0142712,0.0140961,981,0,
either,20,b_positives_nontumor,"all, not separated",1165,2,0.00171674,0.000470908,0.00623796,0.0142712,0.0140961,981,0,
either,20,b_positives_nontumor,size <5,49,0,0,0,0.0727003,0.0142712,0.0140961,981,0,
either,20,b_positives_nontumor,size 5-10,37,0,0,0,0.094061,0.0142712,0.0140961,981,0,
either,20,b_positives_nontumor,size 10-20,275,0,0,0,0.013777,0.0142712,0.0140961,981,0,
either,20,b_positives_nontumor,size 20-40,597,1,0.00167504,0.00029574,0.00942662,0.0142712,0.0140961,981,0,
either,20,b_positives_nontumor,size >=40,277,1,0.00361011,0.000637541,0.0201628,0.0142712,0.0140961,981,0,
either,20,b_positives_nontumor,v3 hypo,585,0,0,0,0.006524,0.0142712,0.0140961,981,0,
either,20,b_positives_nontumor,v3 iso,461,2,0.00433839,0.00119053,0.0156789,0.0142712,0.0140961,981,0,
either,20,b_positives_nontumor,v3 hyper,189,0,0,0,0.019921,0.0142712,0.0140961,981,0,
either,20,b_positives_nontumor,phase Arterial,260,1,0.00384615,0.000679246,0.0214613,0.0142712,0.0140961,981,0,
either,20,b_positives_nontumor,phase Delay,4,0,0,0,0.4899,0.0142712,0.0140961,981,0,
either,20,b_positives_nontumor,phase Non-contrast,413,1,0.00242131,0.000427537,0.0135864,0.0142712,0.0140961,981,0,
either,20,b_positives_nontumor,phase Venous,557,0,0,0,0.00684971,0.0142712,0.0140961,981,0,
either,20,b_positives_nontumor,region head,825,1,0.00121212,0.000213996,0.00683391,0.0142712,0.0140961,981,0,
either,20,b_positives_nontumor,region body,207,0,0,0,0.0182203,0.0142712,0.0140961,981,0,
either,20,b_positives_nontumor,region tail,195,1,0.00512821,0.000905805,0.0284724,0.0142712,0.0140961,981,0,
either,20,b_positives_nontumor,thickness <=1.5 mm,532,0,0,0,0.00716928,0.0142712,0.0140961,981,0,
either,20,b_positives_nontumor,thickness 1.5-2.5 mm,426,0,0,0,0.00893725,0.0142712,0.0140961,981,0,
either,20,b_positives_nontumor,thickness 2.5-5 mm,273,2,0.00732601,0.00201132,0.0263139,0.0142712,0.0140961,981,0,
either,20,b_positives_nontumor,thickness >5 mm,4,0,0,0,0.4899,0.0142712,0.0140961,981,0,
either,20,b_positives_nontumor,tier abutting,174,1,0.00574713,0.0010152,0.031832,0.0142712,0.0140961,981,0,
either,20,b_positives_nontumor,tier embedded,111,0,0,0,0.0334513,0.0142712,0.0140961,981,0,
either,20,b_positives_nontumor,tier inside,880,1,0.00113636,0.000200619,0.00640871,0.0142712,0.0140961,981,0,
either,20,b_positives_nontumor,tier separated,70,0,0,0,0.0520249,0.0142712,0.0140961,981,0,
either,20,b_positives_nontumor,nnU-Net detected,659,1,0.00151745,0.000267911,0.00854505,0.0142712,0.0140961,981,0,
either,20,b_positives_nontumor,nnU-Net missed,576,1,0.00173611,0.000306524,0.00976795,0.0142712,0.0140961,981,0,
either,20,b_positives_nontumor,"nnU-Net missed, 10-20mm",204,0,0,0,0.0184833,0.0142712,0.0140961,981,0,
either,20,b_positives_nontumor,"nnU-Net missed, TARGET",74,0,0,0,0.0493515,0.0142712,0.0140961,981,0,
either,20,a_neg_reweighted_to_pos,TARGET 10-20mm hypo/hyper enhanced,106,0,0,0,0.034974,0.00819742,,316,,
either,20,a_neg_reweighted_to_pos,10-20mm all,275,0,0,0,0.013777,0.00819742,,316,,
either,20,a_neg_reweighted_to_pos,10-20mm enhanced,157,0,0,0,0.0238844,0.00819742,,316,,
either,20,a_neg_reweighted_to_pos,10-20mm iso(v3),99,0,0,0,0.0373545,0.00819742,,316,,
either,20,a_neg_reweighted_to_pos,10-20mm iso within 5 HU,66,0,0,0,0.0550045,0.00819742,,316,,
either,20,a_neg_reweighted_to_pos,<10mm all,86,0,0,0,0.0427597,0.00819742,,316,,
either,20,a_neg_reweighted_to_pos,>=20mm all,874,2,0.00228833,0.000627754,0.00830507,0.00819742,,316,,
either,20,a_neg_reweighted_to_pos,all lesions,1235,2,0.00161943,0.00044421,0.00588557,0.00819742,,316,,
either,20,a_neg_reweighted_to_pos,"all, not separated",1165,2,0.00171674,0.000470908,0.00623796,0.00819742,,316,,
either,20,a_neg_reweighted_to_pos,size <5,49,0,0,0,0.0727003,0.00819742,,316,,
either,20,a_neg_reweighted_to_pos,size 5-10,37,0,0,0,0.094061,0.00819742,,316,,
either,20,a_neg_reweighted_to_pos,size 10-20,275,0,0,0,0.013777,0.00819742,,316,,
either,20,a_neg_reweighted_to_pos,size 20-40,597,1,0.00167504,0.00029574,0.00942662,0.00819742,,316,,
either,20,a_neg_reweighted_to_pos,size >=40,277,1,0.00361011,0.000637541,0.0201628,0.00819742,,316,,
either,20,a_neg_reweighted_to_pos,v3 hypo,585,0,0,0,0.006524,0.00819742,,316,,
either,20,a_neg_reweighted_to_pos,v3 iso,461,2,0.00433839,0.00119053,0.0156789,0.00819742,,316,,
either,20,a_neg_reweighted_to_pos,v3 hyper,189,0,0,0,0.019921,0.00819742,,316,,
either,20,a_neg_reweighted_to_pos,phase Arterial,260,1,0.00384615,0.000679246,0.0214613,0.00819742,,316,,
either,20,a_neg_reweighted_to_pos,phase Delay,4,0,0,0,0.4899,0.00819742,,316,,
either,20,a_neg_reweighted_to_pos,phase Non-contrast,413,1,0.00242131,0.000427537,0.0135864,0.00819742,,316,,
either,20,a_neg_reweighted_to_pos,phase Venous,557,0,0,0,0.00684971,0.00819742,,316,,
either,20,a_neg_reweighted_to_pos,region head,825,1,0.00121212,0.000213996,0.00683391,0.00819742,,316,,
either,20,a_neg_reweighted_to_pos,region body,207,0,0,0,0.0182203,0.00819742,,316,,
either,20,a_neg_reweighted_to_pos,region tail,195,1,0.00512821,0.000905805,0.0284724,0.00819742,,316,,
either,20,a_neg_reweighted_to_pos,thickness <=1.5 mm,532,0,0,0,0.00716928,0.00819742,,316,,
either,20,a_neg_reweighted_to_pos,thickness 1.5-2.5 mm,426,0,0,0,0.00893725,0.00819742,,316,,
either,20,a_neg_reweighted_to_pos,thickness 2.5-5 mm,273,2,0.00732601,0.00201132,0.0263139,0.00819742,,316,,
either,20,a_neg_reweighted_to_pos,thickness >5 mm,4,0,0,0,0.4899,0.00819742,,316,,
either,20,a_neg_reweighted_to_pos,tier abutting,174,1,0.00574713,0.0010152,0.031832,0.00819742,,316,,
either,20,a_neg_reweighted_to_pos,tier embedded,111,0,0,0,0.0334513,0.00819742,,316,,
either,20,a_neg_reweighted_to_pos,tier inside,880,1,0.00113636,0.000200619,0.00640871,0.00819742,,316,,
either,20,a_neg_reweighted_to_pos,tier separated,70,0,0,0,0.0520249,0.00819742,,316,,
either,20,a_neg_reweighted_to_pos,nnU-Net detected,659,1,0.00151745,0.000267911,0.00854505,0.00819742,,316,,
either,20,a_neg_reweighted_to_pos,nnU-Net missed,576,1,0.00173611,0.000306524,0.00976795,0.00819742,,316,,
either,20,a_neg_reweighted_to_pos,"nnU-Net missed, 10-20mm",204,0,0,0,0.0184833,0.00819742,,316,,
either,20,a_neg_reweighted_to_pos,"nnU-Net missed, TARGET",74,0,0,0,0.0493515,0.00819742,,316,,
either,25,a_negatives,TARGET 10-20mm hypo/hyper enhanced,106,0,0,0,0.034974,0.00316456,0.00255595,316,0,
either,25,a_negatives,10-20mm all,275,0,0,0,0.013777,0.00316456,0.00255595,316,0,
either,25,a_negatives,10-20mm enhanced,157,0,0,0,0.0238844,0.00316456,0.00255595,316,0,
either,25,a_negatives,10-20mm iso(v3),99,0,0,0,0.0373545,0.00316456,0.00255595,316,0,
either,25,a_negatives,10-20mm iso within 5 HU,66,0,0,0,0.0550045,0.00316456,0.00255595,316,0,
either,25,a_negatives,<10mm all,86,0,0,0,0.0427597,0.00316456,0.00255595,316,0,
either,25,a_negatives,>=20mm all,874,1,0.00114416,0.000201997,0.00645251,0.00316456,0.00255595,316,0,
either,25,a_negatives,all lesions,1235,1,0.000809717,0.000142945,0.00457243,0.00316456,0.00255595,316,0,
either,25,a_negatives,"all, not separated",1165,1,0.000858369,0.000151535,0.00484623,0.00316456,0.00255595,316,0,
either,25,a_negatives,size <5,49,0,0,0,0.0727003,0.00316456,0.00255595,316,0,
either,25,a_negatives,size 5-10,37,0,0,0,0.094061,0.00316456,0.00255595,316,0,
either,25,a_negatives,size 10-20,275,0,0,0,0.013777,0.00316456,0.00255595,316,0,
either,25,a_negatives,size 20-40,597,0,0,0,0.0063937,0.00316456,0.00255595,316,0,
either,25,a_negatives,size >=40,277,1,0.00361011,0.000637541,0.0201628,0.00316456,0.00255595,316,0,
either,25,a_negatives,v3 hypo,585,0,0,0,0.006524,0.00316456,0.00255595,316,0,
either,25,a_negatives,v3 iso,461,1,0.0021692,0.000383009,0.0121839,0.00316456,0.00255595,316,0,
either,25,a_negatives,v3 hyper,189,0,0,0,0.019921,0.00316456,0.00255595,316,0,
either,25,a_negatives,phase Arterial,260,1,0.00384615,0.000679246,0.0214613,0.00316456,0.00255595,316,0,
either,25,a_negatives,phase Delay,4,0,0,0,0.4899,0.00316456,0.00255595,316,0,
either,25,a_negatives,phase Non-contrast,413,0,0,0,0.00921597,0.00316456,0.00255595,316,0,
either,25,a_negatives,phase Venous,557,0,0,0,0.00684971,0.00316456,0.00255595,316,0,
either,25,a_negatives,region head,825,0,0,0,0.0046349,0.00316456,0.00255595,316,0,
either,25,a_negatives,region body,207,0,0,0,0.0182203,0.00316456,0.00255595,316,0,
either,25,a_negatives,region tail,195,1,0.00512821,0.000905805,0.0284724,0.00316456,0.00255595,316,0,
either,25,a_negatives,thickness <=1.5 mm,532,0,0,0,0.00716928,0.00316456,0.00255595,316,0,
either,25,a_negatives,thickness 1.5-2.5 mm,426,0,0,0,0.00893725,0.00316456,0.00255595,316,0,
either,25,a_negatives,thickness 2.5-5 mm,273,1,0.003663,0.000646886,0.020454,0.00316456,0.00255595,316,0,
either,25,a_negatives,thickness >5 mm,4,0,0,0,0.4899,0.00316456,0.00255595,316,0,
either,25,a_negatives,tier abutting,174,1,0.00574713,0.0010152,0.031832,0.00316456,0.00255595,316,0,
either,25,a_negatives,tier embedded,111,0,0,0,0.0334513,0.00316456,0.00255595,316,0,
either,25,a_negatives,tier inside,880,0,0,0,0.00434648,0.00316456,0.00255595,316,0,
either,25,a_negatives,tier separated,70,0,0,0,0.0520249,0.00316456,0.00255595,316,0,
either,25,a_negatives,nnU-Net detected,659,1,0.00151745,0.000267911,0.00854505,0.00316456,0.00255595,316,0,
either,25,a_negatives,nnU-Net missed,576,0,0,0,0.00662526,0.00316456,0.00255595,316,0,
either,25,a_negatives,"nnU-Net missed, 10-20mm",204,0,0,0,0.0184833,0.00316456,0.00255595,316,0,
either,25,a_negatives,"nnU-Net missed, TARGET",74,0,0,0,0.0493515,0.00316456,0.00255595,316,0,
either,25,b_positives_nontumor,TARGET 10-20mm hypo/hyper enhanced,106,0,0,0,0.034974,0.00917431,0.0090618,981,0,
either,25,b_positives_nontumor,10-20mm all,275,0,0,0,0.013777,0.00917431,0.0090618,981,0,
either,25,b_positives_nontumor,10-20mm enhanced,157,0,0,0,0.0238844,0.00917431,0.0090618,981,0,
either,25,b_positives_nontumor,10-20mm iso(v3),99,0,0,0,0.0373545,0.00917431,0.0090618,981,0,
either,25,b_positives_nontumor,10-20mm iso within 5 HU,66,0,0,0,0.0550045,0.00917431,0.0090618,981,0,
either,25,b_positives_nontumor,<10mm all,86,0,0,0,0.0427597,0.00917431,0.0090618,981,0,
either,25,b_positives_nontumor,>=20mm all,874,1,0.00114416,0.000201997,0.00645251,0.00917431,0.0090618,981,0,
either,25,b_positives_nontumor,all lesions,1235,1,0.000809717,0.000142945,0.00457243,0.00917431,0.0090618,981,0,
either,25,b_positives_nontumor,"all, not separated",1165,1,0.000858369,0.000151535,0.00484623,0.00917431,0.0090618,981,0,
either,25,b_positives_nontumor,size <5,49,0,0,0,0.0727003,0.00917431,0.0090618,981,0,
either,25,b_positives_nontumor,size 5-10,37,0,0,0,0.094061,0.00917431,0.0090618,981,0,
either,25,b_positives_nontumor,size 10-20,275,0,0,0,0.013777,0.00917431,0.0090618,981,0,
either,25,b_positives_nontumor,size 20-40,597,0,0,0,0.0063937,0.00917431,0.0090618,981,0,
either,25,b_positives_nontumor,size >=40,277,1,0.00361011,0.000637541,0.0201628,0.00917431,0.0090618,981,0,
either,25,b_positives_nontumor,v3 hypo,585,0,0,0,0.006524,0.00917431,0.0090618,981,0,
either,25,b_positives_nontumor,v3 iso,461,1,0.0021692,0.000383009,0.0121839,0.00917431,0.0090618,981,0,
either,25,b_positives_nontumor,v3 hyper,189,0,0,0,0.019921,0.00917431,0.0090618,981,0,
either,25,b_positives_nontumor,phase Arterial,260,1,0.00384615,0.000679246,0.0214613,0.00917431,0.0090618,981,0,
either,25,b_positives_nontumor,phase Delay,4,0,0,0,0.4899,0.00917431,0.0090618,981,0,
either,25,b_positives_nontumor,phase Non-contrast,413,0,0,0,0.00921597,0.00917431,0.0090618,981,0,
either,25,b_positives_nontumor,phase Venous,557,0,0,0,0.00684971,0.00917431,0.0090618,981,0,
either,25,b_positives_nontumor,region head,825,0,0,0,0.0046349,0.00917431,0.0090618,981,0,
either,25,b_positives_nontumor,region body,207,0,0,0,0.0182203,0.00917431,0.0090618,981,0,
either,25,b_positives_nontumor,region tail,195,1,0.00512821,0.000905805,0.0284724,0.00917431,0.0090618,981,0,
either,25,b_positives_nontumor,thickness <=1.5 mm,532,0,0,0,0.00716928,0.00917431,0.0090618,981,0,
either,25,b_positives_nontumor,thickness 1.5-2.5 mm,426,0,0,0,0.00893725,0.00917431,0.0090618,981,0,
either,25,b_positives_nontumor,thickness 2.5-5 mm,273,1,0.003663,0.000646886,0.020454,0.00917431,0.0090618,981,0,
either,25,b_positives_nontumor,thickness >5 mm,4,0,0,0,0.4899,0.00917431,0.0090618,981,0,
either,25,b_positives_nontumor,tier abutting,174,1,0.00574713,0.0010152,0.031832,0.00917431,0.0090618,981,0,
either,25,b_positives_nontumor,tier embedded,111,0,0,0,0.0334513,0.00917431,0.0090618,981,0,
either,25,b_positives_nontumor,tier inside,880,0,0,0,0.00434648,0.00917431,0.0090618,981,0,
either,25,b_positives_nontumor,tier separated,70,0,0,0,0.0520249,0.00917431,0.0090618,981,0,
either,25,b_positives_nontumor,nnU-Net detected,659,1,0.00151745,0.000267911,0.00854505,0.00917431,0.0090618,981,0,
either,25,b_positives_nontumor,nnU-Net missed,576,0,0,0,0.00662526,0.00917431,0.0090618,981,0,
either,25,b_positives_nontumor,"nnU-Net missed, 10-20mm",204,0,0,0,0.0184833,0.00917431,0.0090618,981,0,
either,25,b_positives_nontumor,"nnU-Net missed, TARGET",74,0,0,0,0.0493515,0.00917431,0.0090618,981,0,
either,25,a_neg_reweighted_to_pos,TARGET 10-20mm hypo/hyper enhanced,106,0,0,0,0.034974,0.00819742,,316,,
either,25,a_neg_reweighted_to_pos,10-20mm all,275,0,0,0,0.013777,0.00819742,,316,,
either,25,a_neg_reweighted_to_pos,10-20mm enhanced,157,0,0,0,0.0238844,0.00819742,,316,,
either,25,a_neg_reweighted_to_pos,10-20mm iso(v3),99,0,0,0,0.0373545,0.00819742,,316,,
either,25,a_neg_reweighted_to_pos,10-20mm iso within 5 HU,66,0,0,0,0.0550045,0.00819742,,316,,
either,25,a_neg_reweighted_to_pos,<10mm all,86,0,0,0,0.0427597,0.00819742,,316,,
either,25,a_neg_reweighted_to_pos,>=20mm all,874,1,0.00114416,0.000201997,0.00645251,0.00819742,,316,,
either,25,a_neg_reweighted_to_pos,all lesions,1235,1,0.000809717,0.000142945,0.00457243,0.00819742,,316,,
either,25,a_neg_reweighted_to_pos,"all, not separated",1165,1,0.000858369,0.000151535,0.00484623,0.00819742,,316,,
either,25,a_neg_reweighted_to_pos,size <5,49,0,0,0,0.0727003,0.00819742,,316,,
either,25,a_neg_reweighted_to_pos,size 5-10,37,0,0,0,0.094061,0.00819742,,316,,
either,25,a_neg_reweighted_to_pos,size 10-20,275,0,0,0,0.013777,0.00819742,,316,,
either,25,a_neg_reweighted_to_pos,size 20-40,597,0,0,0,0.0063937,0.00819742,,316,,
either,25,a_neg_reweighted_to_pos,size >=40,277,1,0.00361011,0.000637541,0.0201628,0.00819742,,316,,
either,25,a_neg_reweighted_to_pos,v3 hypo,585,0,0,0,0.006524,0.00819742,,316,,
either,25,a_neg_reweighted_to_pos,v3 iso,461,1,0.0021692,0.000383009,0.0121839,0.00819742,,316,,
either,25,a_neg_reweighted_to_pos,v3 hyper,189,0,0,0,0.019921,0.00819742,,316,,
either,25,a_neg_reweighted_to_pos,phase Arterial,260,1,0.00384615,0.000679246,0.0214613,0.00819742,,316,,
either,25,a_neg_reweighted_to_pos,phase Delay,4,0,0,0,0.4899,0.00819742,,316,,
either,25,a_neg_reweighted_to_pos,phase Non-contrast,413,0,0,0,0.00921597,0.00819742,,316,,
either,25,a_neg_reweighted_to_pos,phase Venous,557,0,0,0,0.00684971,0.00819742,,316,,
either,25,a_neg_reweighted_to_pos,region head,825,0,0,0,0.0046349,0.00819742,,316,,
either,25,a_neg_reweighted_to_pos,region body,207,0,0,0,0.0182203,0.00819742,,316,,
either,25,a_neg_reweighted_to_pos,region tail,195,1,0.00512821,0.000905805,0.0284724,0.00819742,,316,,
either,25,a_neg_reweighted_to_pos,thickness <=1.5 mm,532,0,0,0,0.00716928,0.00819742,,316,,
either,25,a_neg_reweighted_to_pos,thickness 1.5-2.5 mm,426,0,0,0,0.00893725,0.00819742,,316,,
either,25,a_neg_reweighted_to_pos,thickness 2.5-5 mm,273,1,0.003663,0.000646886,0.020454,0.00819742,,316,,
either,25,a_neg_reweighted_to_pos,thickness >5 mm,4,0,0,0,0.4899,0.00819742,,316,,
either,25,a_neg_reweighted_to_pos,tier abutting,174,1,0.00574713,0.0010152,0.031832,0.00819742,,316,,
either,25,a_neg_reweighted_to_pos,tier embedded,111,0,0,0,0.0334513,0.00819742,,316,,
either,25,a_neg_reweighted_to_pos,tier inside,880,0,0,0,0.00434648,0.00819742,,316,,
either,25,a_neg_reweighted_to_pos,tier separated,70,0,0,0,0.0520249,0.00819742,,316,,
either,25,a_neg_reweighted_to_pos,nnU-Net detected,659,1,0.00151745,0.000267911,0.00854505,0.00819742,,316,,
either,25,a_neg_reweighted_to_pos,nnU-Net missed,576,0,0,0,0.00662526,0.00819742,,316,,
either,25,a_neg_reweighted_to_pos,"nnU-Net missed, 10-20mm",204,0,0,0,0.0184833,0.00819742,,316,,
either,25,a_neg_reweighted_to_pos,"nnU-Net missed, TARGET",74,0,0,0,0.0493515,0.00819742,,316,,
either,30,a_negatives,TARGET 10-20mm hypo/hyper enhanced,106,0,0,0,0.034974,0,0,316,0,
either,30,a_negatives,10-20mm all,275,0,0,0,0.013777,0,0,316,0,
either,30,a_negatives,10-20mm enhanced,157,0,0,0,0.0238844,0,0,316,0,
either,30,a_negatives,10-20mm iso(v3),99,0,0,0,0.0373545,0,0,316,0,
either,30,a_negatives,10-20mm iso within 5 HU,66,0,0,0,0.0550045,0,0,316,0,
either,30,a_negatives,<10mm all,86,0,0,0,0.0427597,0,0,316,0,
either,30,a_negatives,>=20mm all,874,1,0.00114416,0.000201997,0.00645251,0,0,316,0,
either,30,a_negatives,all lesions,1235,1,0.000809717,0.000142945,0.00457243,0,0,316,0,
either,30,a_negatives,"all, not separated",1165,1,0.000858369,0.000151535,0.00484623,0,0,316,0,
either,30,a_negatives,size <5,49,0,0,0,0.0727003,0,0,316,0,
either,30,a_negatives,size 5-10,37,0,0,0,0.094061,0,0,316,0,
either,30,a_negatives,size 10-20,275,0,0,0,0.013777,0,0,316,0,
either,30,a_negatives,size 20-40,597,0,0,0,0.0063937,0,0,316,0,
either,30,a_negatives,size >=40,277,1,0.00361011,0.000637541,0.0201628,0,0,316,0,
either,30,a_negatives,v3 hypo,585,0,0,0,0.006524,0,0,316,0,
either,30,a_negatives,v3 iso,461,1,0.0021692,0.000383009,0.0121839,0,0,316,0,
either,30,a_negatives,v3 hyper,189,0,0,0,0.019921,0,0,316,0,
either,30,a_negatives,phase Arterial,260,1,0.00384615,0.000679246,0.0214613,0,0,316,0,
either,30,a_negatives,phase Delay,4,0,0,0,0.4899,0,0,316,0,
either,30,a_negatives,phase Non-contrast,413,0,0,0,0.00921597,0,0,316,0,
either,30,a_negatives,phase Venous,557,0,0,0,0.00684971,0,0,316,0,
either,30,a_negatives,region head,825,0,0,0,0.0046349,0,0,316,0,
either,30,a_negatives,region body,207,0,0,0,0.0182203,0,0,316,0,
either,30,a_negatives,region tail,195,1,0.00512821,0.000905805,0.0284724,0,0,316,0,
either,30,a_negatives,thickness <=1.5 mm,532,0,0,0,0.00716928,0,0,316,0,
either,30,a_negatives,thickness 1.5-2.5 mm,426,0,0,0,0.00893725,0,0,316,0,
either,30,a_negatives,thickness 2.5-5 mm,273,1,0.003663,0.000646886,0.020454,0,0,316,0,
either,30,a_negatives,thickness >5 mm,4,0,0,0,0.4899,0,0,316,0,
either,30,a_negatives,tier abutting,174,1,0.00574713,0.0010152,0.031832,0,0,316,0,
either,30,a_negatives,tier embedded,111,0,0,0,0.0334513,0,0,316,0,
either,30,a_negatives,tier inside,880,0,0,0,0.00434648,0,0,316,0,
either,30,a_negatives,tier separated,70,0,0,0,0.0520249,0,0,316,0,
either,30,a_negatives,nnU-Net detected,659,1,0.00151745,0.000267911,0.00854505,0,0,316,0,
either,30,a_negatives,nnU-Net missed,576,0,0,0,0.00662526,0,0,316,0,
either,30,a_negatives,"nnU-Net missed, 10-20mm",204,0,0,0,0.0184833,0,0,316,0,
either,30,a_negatives,"nnU-Net missed, TARGET",74,0,0,0,0.0493515,0,0,316,0,
either,30,b_positives_nontumor,TARGET 10-20mm hypo/hyper enhanced,106,0,0,0,0.034974,0.00713558,0.00704807,981,0,
either,30,b_positives_nontumor,10-20mm all,275,0,0,0,0.013777,0.00713558,0.00704807,981,0,
either,30,b_positives_nontumor,10-20mm enhanced,157,0,0,0,0.0238844,0.00713558,0.00704807,981,0,
either,30,b_positives_nontumor,10-20mm iso(v3),99,0,0,0,0.0373545,0.00713558,0.00704807,981,0,
either,30,b_positives_nontumor,10-20mm iso within 5 HU,66,0,0,0,0.0550045,0.00713558,0.00704807,981,0,
either,30,b_positives_nontumor,<10mm all,86,0,0,0,0.0427597,0.00713558,0.00704807,981,0,
either,30,b_positives_nontumor,>=20mm all,874,1,0.00114416,0.000201997,0.00645251,0.00713558,0.00704807,981,0,
either,30,b_positives_nontumor,all lesions,1235,1,0.000809717,0.000142945,0.00457243,0.00713558,0.00704807,981,0,
either,30,b_positives_nontumor,"all, not separated",1165,1,0.000858369,0.000151535,0.00484623,0.00713558,0.00704807,981,0,
either,30,b_positives_nontumor,size <5,49,0,0,0,0.0727003,0.00713558,0.00704807,981,0,
either,30,b_positives_nontumor,size 5-10,37,0,0,0,0.094061,0.00713558,0.00704807,981,0,
either,30,b_positives_nontumor,size 10-20,275,0,0,0,0.013777,0.00713558,0.00704807,981,0,
either,30,b_positives_nontumor,size 20-40,597,0,0,0,0.0063937,0.00713558,0.00704807,981,0,
either,30,b_positives_nontumor,size >=40,277,1,0.00361011,0.000637541,0.0201628,0.00713558,0.00704807,981,0,
either,30,b_positives_nontumor,v3 hypo,585,0,0,0,0.006524,0.00713558,0.00704807,981,0,
either,30,b_positives_nontumor,v3 iso,461,1,0.0021692,0.000383009,0.0121839,0.00713558,0.00704807,981,0,
either,30,b_positives_nontumor,v3 hyper,189,0,0,0,0.019921,0.00713558,0.00704807,981,0,
either,30,b_positives_nontumor,phase Arterial,260,1,0.00384615,0.000679246,0.0214613,0.00713558,0.00704807,981,0,
either,30,b_positives_nontumor,phase Delay,4,0,0,0,0.4899,0.00713558,0.00704807,981,0,
either,30,b_positives_nontumor,phase Non-contrast,413,0,0,0,0.00921597,0.00713558,0.00704807,981,0,
either,30,b_positives_nontumor,phase Venous,557,0,0,0,0.00684971,0.00713558,0.00704807,981,0,
either,30,b_positives_nontumor,region head,825,0,0,0,0.0046349,0.00713558,0.00704807,981,0,
either,30,b_positives_nontumor,region body,207,0,0,0,0.0182203,0.00713558,0.00704807,981,0,
either,30,b_positives_nontumor,region tail,195,1,0.00512821,0.000905805,0.0284724,0.00713558,0.00704807,981,0,
either,30,b_positives_nontumor,thickness <=1.5 mm,532,0,0,0,0.00716928,0.00713558,0.00704807,981,0,
either,30,b_positives_nontumor,thickness 1.5-2.5 mm,426,0,0,0,0.00893725,0.00713558,0.00704807,981,0,
either,30,b_positives_nontumor,thickness 2.5-5 mm,273,1,0.003663,0.000646886,0.020454,0.00713558,0.00704807,981,0,
either,30,b_positives_nontumor,thickness >5 mm,4,0,0,0,0.4899,0.00713558,0.00704807,981,0,
either,30,b_positives_nontumor,tier abutting,174,1,0.00574713,0.0010152,0.031832,0.00713558,0.00704807,981,0,
either,30,b_positives_nontumor,tier embedded,111,0,0,0,0.0334513,0.00713558,0.00704807,981,0,
either,30,b_positives_nontumor,tier inside,880,0,0,0,0.00434648,0.00713558,0.00704807,981,0,
either,30,b_positives_nontumor,tier separated,70,0,0,0,0.0520249,0.00713558,0.00704807,981,0,
either,30,b_positives_nontumor,nnU-Net detected,659,1,0.00151745,0.000267911,0.00854505,0.00713558,0.00704807,981,0,
either,30,b_positives_nontumor,nnU-Net missed,576,0,0,0,0.00662526,0.00713558,0.00704807,981,0,
either,30,b_positives_nontumor,"nnU-Net missed, 10-20mm",204,0,0,0,0.0184833,0.00713558,0.00704807,981,0,
either,30,b_positives_nontumor,"nnU-Net missed, TARGET",74,0,0,0,0.0493515,0.00713558,0.00704807,981,0,
either,30,a_neg_reweighted_to_pos,TARGET 10-20mm hypo/hyper enhanced,106,0,0,0,0.034974,0,,316,,
either,30,a_neg_reweighted_to_pos,10-20mm all,275,0,0,0,0.013777,0,,316,,
either,30,a_neg_reweighted_to_pos,10-20mm enhanced,157,0,0,0,0.0238844,0,,316,,
either,30,a_neg_reweighted_to_pos,10-20mm iso(v3),99,0,0,0,0.0373545,0,,316,,
either,30,a_neg_reweighted_to_pos,10-20mm iso within 5 HU,66,0,0,0,0.0550045,0,,316,,
either,30,a_neg_reweighted_to_pos,<10mm all,86,0,0,0,0.0427597,0,,316,,
either,30,a_neg_reweighted_to_pos,>=20mm all,874,1,0.00114416,0.000201997,0.00645251,0,,316,,
either,30,a_neg_reweighted_to_pos,all lesions,1235,1,0.000809717,0.000142945,0.00457243,0,,316,,
either,30,a_neg_reweighted_to_pos,"all, not separated",1165,1,0.000858369,0.000151535,0.00484623,0,,316,,
either,30,a_neg_reweighted_to_pos,size <5,49,0,0,0,0.0727003,0,,316,,
either,30,a_neg_reweighted_to_pos,size 5-10,37,0,0,0,0.094061,0,,316,,
either,30,a_neg_reweighted_to_pos,size 10-20,275,0,0,0,0.013777,0,,316,,
either,30,a_neg_reweighted_to_pos,size 20-40,597,0,0,0,0.0063937,0,,316,,
either,30,a_neg_reweighted_to_pos,size >=40,277,1,0.00361011,0.000637541,0.0201628,0,,316,,
either,30,a_neg_reweighted_to_pos,v3 hypo,585,0,0,0,0.006524,0,,316,,
either,30,a_neg_reweighted_to_pos,v3 iso,461,1,0.0021692,0.000383009,0.0121839,0,,316,,
either,30,a_neg_reweighted_to_pos,v3 hyper,189,0,0,0,0.019921,0,,316,,
either,30,a_neg_reweighted_to_pos,phase Arterial,260,1,0.00384615,0.000679246,0.0214613,0,,316,,
either,30,a_neg_reweighted_to_pos,phase Delay,4,0,0,0,0.4899,0,,316,,
either,30,a_neg_reweighted_to_pos,phase Non-contrast,413,0,0,0,0.00921597,0,,316,,
either,30,a_neg_reweighted_to_pos,phase Venous,557,0,0,0,0.00684971,0,,316,,
either,30,a_neg_reweighted_to_pos,region head,825,0,0,0,0.0046349,0,,316,,
either,30,a_neg_reweighted_to_pos,region body,207,0,0,0,0.0182203,0,,316,,
either,30,a_neg_reweighted_to_pos,region tail,195,1,0.00512821,0.000905805,0.0284724,0,,316,,
either,30,a_neg_reweighted_to_pos,thickness <=1.5 mm,532,0,0,0,0.00716928,0,,316,,
either,30,a_neg_reweighted_to_pos,thickness 1.5-2.5 mm,426,0,0,0,0.00893725,0,,316,,
either,30,a_neg_reweighted_to_pos,thickness 2.5-5 mm,273,1,0.003663,0.000646886,0.020454,0,,316,,
either,30,a_neg_reweighted_to_pos,thickness >5 mm,4,0,0,0,0.4899,0,,316,,
either,30,a_neg_reweighted_to_pos,tier abutting,174,1,0.00574713,0.0010152,0.031832,0,,316,,
either,30,a_neg_reweighted_to_pos,tier embedded,111,0,0,0,0.0334513,0,,316,,
either,30,a_neg_reweighted_to_pos,tier inside,880,0,0,0,0.00434648,0,,316,,
either,30,a_neg_reweighted_to_pos,tier separated,70,0,0,0,0.0520249,0,,316,,
either,30,a_neg_reweighted_to_pos,nnU-Net detected,659,1,0.00151745,0.000267911,0.00854505,0,,316,,
either,30,a_neg_reweighted_to_pos,nnU-Net missed,576,0,0,0,0.00662526,0,,316,,
either,30,a_neg_reweighted_to_pos,"nnU-Net missed, 10-20mm",204,0,0,0,0.0184833,0,,316,,
either,30,a_neg_reweighted_to_pos,"nnU-Net missed, TARGET",74,0,0,0,0.0493515,0,,316,,
dark_blobgate,2,a_negatives,TARGET 10-20mm hypo/hyper enhanced,106,8,0.0754717,0.0387364,0.141902,4.19304,3.38663,316,0,
dark_blobgate,2,a_negatives,10-20mm all,275,10,0.0363636,0.0198696,0.0656327,4.19304,3.38663,316,0,
dark_blobgate,2,a_negatives,10-20mm enhanced,157,9,0.0573248,0.0304483,0.105347,4.19304,3.38663,316,0,
dark_blobgate,2,a_negatives,10-20mm iso(v3),99,2,0.020202,0.0055576,0.0706917,4.19304,3.38663,316,0,
dark_blobgate,2,a_negatives,10-20mm iso within 5 HU,66,1,0.0151515,0.00267957,0.0809611,4.19304,3.38663,316,0,
dark_blobgate,2,a_negatives,<10mm all,86,1,0.0116279,0.00205552,0.0629656,4.19304,3.38663,316,0,
dark_blobgate,2,a_negatives,>=20mm all,874,105,0.120137,0.100228,0.143372,4.19304,3.38663,316,0,
dark_blobgate,2,a_negatives,all lesions,1235,116,0.0939271,0.0788924,0.11148,4.19304,3.38663,316,0,
dark_blobgate,2,a_negatives,"all, not separated",1165,115,0.0987124,0.0828806,0.117182,4.19304,3.38663,316,0,
dark_blobgate,2,a_negatives,size <5,49,0,0,0,0.0727003,4.19304,3.38663,316,0,
dark_blobgate,2,a_negatives,size 5-10,37,1,0.027027,0.00478685,0.138244,4.19304,3.38663,316,0,
dark_blobgate,2,a_negatives,size 10-20,275,10,0.0363636,0.0198696,0.0656327,4.19304,3.38663,316,0,
dark_blobgate,2,a_negatives,size 20-40,597,42,0.0703518,0.0524661,0.0937315,4.19304,3.38663,316,0,
dark_blobgate,2,a_negatives,size >=40,277,63,0.227437,0.181998,0.280332,4.19304,3.38663,316,0,
dark_blobgate,2,a_negatives,v3 hypo,585,48,0.0820513,0.0624438,0.107112,4.19304,3.38663,316,0,
dark_blobgate,2,a_negatives,v3 iso,461,45,0.0976139,0.0737543,0.128124,4.19304,3.38663,316,0,
dark_blobgate,2,a_negatives,v3 hyper,189,23,0.121693,0.0824744,0.175984,4.19304,3.38663,316,0,
dark_blobgate,2,a_negatives,phase Arterial,260,37,0.142308,0.105039,0.189993,4.19304,3.38663,316,0,
dark_blobgate,2,a_negatives,phase Delay,4,0,0,0,0.4899,4.19304,3.38663,316,0,
dark_blobgate,2,a_negatives,phase Non-contrast,413,30,0.0726392,0.0513523,0.101803,4.19304,3.38663,316,0,
dark_blobgate,2,a_negatives,phase Venous,557,49,0.0879713,0.0671814,0.114406,4.19304,3.38663,316,0,
dark_blobgate,2,a_negatives,region head,825,79,0.0957576,0.0775106,0.117752,4.19304,3.38663,316,0,
dark_blobgate,2,a_negatives,region body,207,20,0.0966184,0.0634176,0.144519,4.19304,3.38663,316,0,
dark_blobgate,2,a_negatives,region tail,195,17,0.0871795,0.0551417,0.135169,4.19304,3.38663,316,0,
dark_blobgate,2,a_negatives,thickness <=1.5 mm,532,58,0.109023,0.0852877,0.138363,4.19304,3.38663,316,0,
dark_blobgate,2,a_negatives,thickness 1.5-2.5 mm,426,39,0.0915493,0.067693,0.122706,4.19304,3.38663,316,0,
dark_blobgate,2,a_negatives,thickness 2.5-5 mm,273,19,0.0695971,0.0450045,0.106135,4.19304,3.38663,316,0,
dark_blobgate,2,a_negatives,thickness >5 mm,4,0,0,0,0.4899,4.19304,3.38663,316,0,
dark_blobgate,2,a_negatives,tier abutting,174,20,0.114943,0.0756504,0.17087,4.19304,3.38663,316,0,
dark_blobgate,2,a_negatives,tier embedded,111,3,0.027027,0.00923347,0.0764637,4.19304,3.38663,316,0,
dark_blobgate,2,a_negatives,tier inside,880,92,0.104545,0.0860195,0.126509,4.19304,3.38663,316,0,
dark_blobgate,2,a_negatives,tier separated,70,1,0.0142857,0.00252618,0.0765837,4.19304,3.38663,316,0,
dark_blobgate,2,a_negatives,nnU-Net detected,659,84,0.127466,0.104145,0.155105,4.19304,3.38663,316,0,
dark_blobgate,2,a_negatives,nnU-Net missed,576,32,0.0555556,0.0396244,0.0773758,4.19304,3.38663,316,0,
dark_blobgate,2,a_negatives,"nnU-Net missed, 10-20mm",204,7,0.0343137,0.0167189,0.0691234,4.19304,3.38663,316,0,
dark_blobgate,2,a_negatives,"nnU-Net missed, TARGET",74,5,0.0675676,0.0292037,0.148614,4.19304,3.38663,316,0,
dark_blobgate,2,b_positives_nontumor,TARGET 10-20mm hypo/hyper enhanced,106,8,0.0754717,0.0387364,0.141902,3.85423,3.80696,981,0,
dark_blobgate,2,b_positives_nontumor,10-20mm all,275,10,0.0363636,0.0198696,0.0656327,3.85423,3.80696,981,0,
dark_blobgate,2,b_positives_nontumor,10-20mm enhanced,157,9,0.0573248,0.0304483,0.105347,3.85423,3.80696,981,0,
dark_blobgate,2,b_positives_nontumor,10-20mm iso(v3),99,2,0.020202,0.0055576,0.0706917,3.85423,3.80696,981,0,
dark_blobgate,2,b_positives_nontumor,10-20mm iso within 5 HU,66,1,0.0151515,0.00267957,0.0809611,3.85423,3.80696,981,0,
dark_blobgate,2,b_positives_nontumor,<10mm all,86,1,0.0116279,0.00205552,0.0629656,3.85423,3.80696,981,0,
dark_blobgate,2,b_positives_nontumor,>=20mm all,874,105,0.120137,0.100228,0.143372,3.85423,3.80696,981,0,
dark_blobgate,2,b_positives_nontumor,all lesions,1235,116,0.0939271,0.0788924,0.11148,3.85423,3.80696,981,0,
dark_blobgate,2,b_positives_nontumor,"all, not separated",1165,115,0.0987124,0.0828806,0.117182,3.85423,3.80696,981,0,
dark_blobgate,2,b_positives_nontumor,size <5,49,0,0,0,0.0727003,3.85423,3.80696,981,0,
dark_blobgate,2,b_positives_nontumor,size 5-10,37,1,0.027027,0.00478685,0.138244,3.85423,3.80696,981,0,
dark_blobgate,2,b_positives_nontumor,size 10-20,275,10,0.0363636,0.0198696,0.0656327,3.85423,3.80696,981,0,
dark_blobgate,2,b_positives_nontumor,size 20-40,597,42,0.0703518,0.0524661,0.0937315,3.85423,3.80696,981,0,
dark_blobgate,2,b_positives_nontumor,size >=40,277,63,0.227437,0.181998,0.280332,3.85423,3.80696,981,0,
dark_blobgate,2,b_positives_nontumor,v3 hypo,585,48,0.0820513,0.0624438,0.107112,3.85423,3.80696,981,0,
dark_blobgate,2,b_positives_nontumor,v3 iso,461,45,0.0976139,0.0737543,0.128124,3.85423,3.80696,981,0,
dark_blobgate,2,b_positives_nontumor,v3 hyper,189,23,0.121693,0.0824744,0.175984,3.85423,3.80696,981,0,
dark_blobgate,2,b_positives_nontumor,phase Arterial,260,37,0.142308,0.105039,0.189993,3.85423,3.80696,981,0,
dark_blobgate,2,b_positives_nontumor,phase Delay,4,0,0,0,0.4899,3.85423,3.80696,981,0,
dark_blobgate,2,b_positives_nontumor,phase Non-contrast,413,30,0.0726392,0.0513523,0.101803,3.85423,3.80696,981,0,
dark_blobgate,2,b_positives_nontumor,phase Venous,557,49,0.0879713,0.0671814,0.114406,3.85423,3.80696,981,0,
dark_blobgate,2,b_positives_nontumor,region head,825,79,0.0957576,0.0775106,0.117752,3.85423,3.80696,981,0,
dark_blobgate,2,b_positives_nontumor,region body,207,20,0.0966184,0.0634176,0.144519,3.85423,3.80696,981,0,
dark_blobgate,2,b_positives_nontumor,region tail,195,17,0.0871795,0.0551417,0.135169,3.85423,3.80696,981,0,
dark_blobgate,2,b_positives_nontumor,thickness <=1.5 mm,532,58,0.109023,0.0852877,0.138363,3.85423,3.80696,981,0,
dark_blobgate,2,b_positives_nontumor,thickness 1.5-2.5 mm,426,39,0.0915493,0.067693,0.122706,3.85423,3.80696,981,0,
dark_blobgate,2,b_positives_nontumor,thickness 2.5-5 mm,273,19,0.0695971,0.0450045,0.106135,3.85423,3.80696,981,0,
dark_blobgate,2,b_positives_nontumor,thickness >5 mm,4,0,0,0,0.4899,3.85423,3.80696,981,0,
dark_blobgate,2,b_positives_nontumor,tier abutting,174,20,0.114943,0.0756504,0.17087,3.85423,3.80696,981,0,
dark_blobgate,2,b_positives_nontumor,tier embedded,111,3,0.027027,0.00923347,0.0764637,3.85423,3.80696,981,0,
dark_blobgate,2,b_positives_nontumor,tier inside,880,92,0.104545,0.0860195,0.126509,3.85423,3.80696,981,0,
dark_blobgate,2,b_positives_nontumor,tier separated,70,1,0.0142857,0.00252618,0.0765837,3.85423,3.80696,981,0,
dark_blobgate,2,b_positives_nontumor,nnU-Net detected,659,84,0.127466,0.104145,0.155105,3.85423,3.80696,981,0,
dark_blobgate,2,b_positives_nontumor,nnU-Net missed,576,32,0.0555556,0.0396244,0.0773758,3.85423,3.80696,981,0,
dark_blobgate,2,b_positives_nontumor,"nnU-Net missed, 10-20mm",204,7,0.0343137,0.0167189,0.0691234,3.85423,3.80696,981,0,
dark_blobgate,2,b_positives_nontumor,"nnU-Net missed, TARGET",74,5,0.0675676,0.0292037,0.148614,3.85423,3.80696,981,0,
dark_blobgate,2,a_neg_reweighted_to_pos,TARGET 10-20mm hypo/hyper enhanced,106,8,0.0754717,0.0387364,0.141902,3.81883,,316,,
dark_blobgate,2,a_neg_reweighted_to_pos,10-20mm all,275,10,0.0363636,0.0198696,0.0656327,3.81883,,316,,
dark_blobgate,2,a_neg_reweighted_to_pos,10-20mm enhanced,157,9,0.0573248,0.0304483,0.105347,3.81883,,316,,
dark_blobgate,2,a_neg_reweighted_to_pos,10-20mm iso(v3),99,2,0.020202,0.0055576,0.0706917,3.81883,,316,,
dark_blobgate,2,a_neg_reweighted_to_pos,10-20mm iso within 5 HU,66,1,0.0151515,0.00267957,0.0809611,3.81883,,316,,
dark_blobgate,2,a_neg_reweighted_to_pos,<10mm all,86,1,0.0116279,0.00205552,0.0629656,3.81883,,316,,
dark_blobgate,2,a_neg_reweighted_to_pos,>=20mm all,874,105,0.120137,0.100228,0.143372,3.81883,,316,,
dark_blobgate,2,a_neg_reweighted_to_pos,all lesions,1235,116,0.0939271,0.0788924,0.11148,3.81883,,316,,
dark_blobgate,2,a_neg_reweighted_to_pos,"all, not separated",1165,115,0.0987124,0.0828806,0.117182,3.81883,,316,,
dark_blobgate,2,a_neg_reweighted_to_pos,size <5,49,0,0,0,0.0727003,3.81883,,316,,
dark_blobgate,2,a_neg_reweighted_to_pos,size 5-10,37,1,0.027027,0.00478685,0.138244,3.81883,,316,,
dark_blobgate,2,a_neg_reweighted_to_pos,size 10-20,275,10,0.0363636,0.0198696,0.0656327,3.81883,,316,,
dark_blobgate,2,a_neg_reweighted_to_pos,size 20-40,597,42,0.0703518,0.0524661,0.0937315,3.81883,,316,,
dark_blobgate,2,a_neg_reweighted_to_pos,size >=40,277,63,0.227437,0.181998,0.280332,3.81883,,316,,
dark_blobgate,2,a_neg_reweighted_to_pos,v3 hypo,585,48,0.0820513,0.0624438,0.107112,3.81883,,316,,
dark_blobgate,2,a_neg_reweighted_to_pos,v3 iso,461,45,0.0976139,0.0737543,0.128124,3.81883,,316,,
dark_blobgate,2,a_neg_reweighted_to_pos,v3 hyper,189,23,0.121693,0.0824744,0.175984,3.81883,,316,,
dark_blobgate,2,a_neg_reweighted_to_pos,phase Arterial,260,37,0.142308,0.105039,0.189993,3.81883,,316,,
dark_blobgate,2,a_neg_reweighted_to_pos,phase Delay,4,0,0,0,0.4899,3.81883,,316,,
dark_blobgate,2,a_neg_reweighted_to_pos,phase Non-contrast,413,30,0.0726392,0.0513523,0.101803,3.81883,,316,,
dark_blobgate,2,a_neg_reweighted_to_pos,phase Venous,557,49,0.0879713,0.0671814,0.114406,3.81883,,316,,
dark_blobgate,2,a_neg_reweighted_to_pos,region head,825,79,0.0957576,0.0775106,0.117752,3.81883,,316,,
dark_blobgate,2,a_neg_reweighted_to_pos,region body,207,20,0.0966184,0.0634176,0.144519,3.81883,,316,,
dark_blobgate,2,a_neg_reweighted_to_pos,region tail,195,17,0.0871795,0.0551417,0.135169,3.81883,,316,,
dark_blobgate,2,a_neg_reweighted_to_pos,thickness <=1.5 mm,532,58,0.109023,0.0852877,0.138363,3.81883,,316,,
dark_blobgate,2,a_neg_reweighted_to_pos,thickness 1.5-2.5 mm,426,39,0.0915493,0.067693,0.122706,3.81883,,316,,
dark_blobgate,2,a_neg_reweighted_to_pos,thickness 2.5-5 mm,273,19,0.0695971,0.0450045,0.106135,3.81883,,316,,
dark_blobgate,2,a_neg_reweighted_to_pos,thickness >5 mm,4,0,0,0,0.4899,3.81883,,316,,
dark_blobgate,2,a_neg_reweighted_to_pos,tier abutting,174,20,0.114943,0.0756504,0.17087,3.81883,,316,,
dark_blobgate,2,a_neg_reweighted_to_pos,tier embedded,111,3,0.027027,0.00923347,0.0764637,3.81883,,316,,
dark_blobgate,2,a_neg_reweighted_to_pos,tier inside,880,92,0.104545,0.0860195,0.126509,3.81883,,316,,
dark_blobgate,2,a_neg_reweighted_to_pos,tier separated,70,1,0.0142857,0.00252618,0.0765837,3.81883,,316,,
dark_blobgate,2,a_neg_reweighted_to_pos,nnU-Net detected,659,84,0.127466,0.104145,0.155105,3.81883,,316,,
dark_blobgate,2,a_neg_reweighted_to_pos,nnU-Net missed,576,32,0.0555556,0.0396244,0.0773758,3.81883,,316,,
dark_blobgate,2,a_neg_reweighted_to_pos,"nnU-Net missed, 10-20mm",204,7,0.0343137,0.0167189,0.0691234,3.81883,,316,,
dark_blobgate,2,a_neg_reweighted_to_pos,"nnU-Net missed, TARGET",74,5,0.0675676,0.0292037,0.148614,3.81883,,316,,
dark_blobgate,3,a_negatives,TARGET 10-20mm hypo/hyper enhanced,106,6,0.0566038,0.0261973,0.118025,3.14241,2.53806,316,0,
dark_blobgate,3,a_negatives,10-20mm all,275,8,0.0290909,0.0148129,0.0563444,3.14241,2.53806,316,0,
dark_blobgate,3,a_negatives,10-20mm enhanced,157,7,0.044586,0.0217625,0.0891641,3.14241,2.53806,316,0,
dark_blobgate,3,a_negatives,10-20mm iso(v3),99,2,0.020202,0.0055576,0.0706917,3.14241,2.53806,316,0,
dark_blobgate,3,a_negatives,10-20mm iso within 5 HU,66,1,0.0151515,0.00267957,0.0809611,3.14241,2.53806,316,0,
dark_blobgate,3,a_negatives,<10mm all,86,1,0.0116279,0.00205552,0.0629656,3.14241,2.53806,316,0,
dark_blobgate,3,a_negatives,>=20mm all,874,87,0.0995423,0.081412,0.121178,3.14241,2.53806,316,0,
dark_blobgate,3,a_negatives,all lesions,1235,96,0.0777328,0.0640748,0.0940097,3.14241,2.53806,316,0,
dark_blobgate,3,a_negatives,"all, not separated",1165,95,0.0815451,0.0671708,0.0986699,3.14241,2.53806,316,0,
dark_blobgate,3,a_negatives,size <5,49,0,0,0,0.0727003,3.14241,2.53806,316,0,
dark_blobgate,3,a_negatives,size 5-10,37,1,0.027027,0.00478685,0.138244,3.14241,2.53806,316,0,
dark_blobgate,3,a_negatives,size 10-20,275,8,0.0290909,0.0148129,0.0563444,3.14241,2.53806,316,0,
dark_blobgate,3,a_negatives,size 20-40,597,29,0.0485762,0.0340319,0.0688931,3.14241,2.53806,316,0,
dark_blobgate,3,a_negatives,size >=40,277,58,0.209386,0.16561,0.261114,3.14241,2.53806,316,0,
dark_blobgate,3,a_negatives,v3 hypo,585,40,0.0683761,0.0506125,0.0917714,3.14241,2.53806,316,0,
dark_blobgate,3,a_negatives,v3 iso,461,36,0.0780911,0.0569379,0.106218,3.14241,2.53806,316,0,
dark_blobgate,3,a_negatives,v3 hyper,189,20,0.10582,0.0695519,0.157793,3.14241,2.53806,316,0,
dark_blobgate,3,a_negatives,phase Arterial,260,33,0.126923,0.0918215,0.172889,3.14241,2.53806,316,0,
dark_blobgate,3,a_negatives,phase Delay,4,0,0,0,0.4899,3.14241,2.53806,316,0,
dark_blobgate,3,a_negatives,phase Non-contrast,413,21,0.0508475,0.0334946,0.0764791,3.14241,2.53806,316,0,
dark_blobgate,3,a_negatives,phase Venous,557,42,0.0754039,0.0562667,0.100358,3.14241,2.53806,316,0,
dark_blobgate,3,a_negatives,region head,825,64,0.0775758,0.0612171,0.0978502,3.14241,2.53806,316,0,
dark_blobgate,3,a_negatives,region body,207,18,0.0869565,0.0557107,0.133254,3.14241,2.53806,316,0,
dark_blobgate,3,a_negatives,region tail,195,14,0.0717949,0.0432449,0.116891,3.14241,2.53806,316,0,
dark_blobgate,3,a_negatives,thickness <=1.5 mm,532,46,0.0864662,0.0654499,0.113412,3.14241,2.53806,316,0,
dark_blobgate,3,a_negatives,thickness 1.5-2.5 mm,426,32,0.0751174,0.0537089,0.10412,3.14241,2.53806,316,0,
dark_blobgate,3,a_negatives,thickness 2.5-5 mm,273,18,0.0659341,0.0421096,0.101805,3.14241,2.53806,316,0,
dark_blobgate,3,a_negatives,thickness >5 mm,4,0,0,0,0.4899,3.14241,2.53806,316,0,
dark_blobgate,3,a_negatives,tier abutting,174,14,0.0804598,0.0485307,0.130514,3.14241,2.53806,316,0,
dark_blobgate,3,a_negatives,tier embedded,111,2,0.018018,0.00495507,0.0633268,3.14241,2.53806,316,0,
dark_blobgate,3,a_negatives,tier inside,880,79,0.0897727,0.0726258,0.110486,3.14241,2.53806,316,0,
dark_blobgate,3,a_negatives,tier separated,70,1,0.0142857,0.00252618,0.0765837,3.14241,2.53806,316,0,
dark_blobgate,3,a_negatives,nnU-Net detected,659,72,0.109256,0.087664,0.135378,3.14241,2.53806,316,0,
dark_blobgate,3,a_negatives,nnU-Net missed,576,24,0.0416667,0.0281572,0.0612493,3.14241,2.53806,316,0,
dark_blobgate,3,a_negatives,"nnU-Net missed, 10-20mm",204,6,0.0294118,0.0135478,0.0626718,3.14241,2.53806,316,0,
dark_blobgate,3,a_negatives,"nnU-Net missed, TARGET",74,4,0.0540541,0.0212187,0.130906,3.14241,2.53806,316,0,
dark_blobgate,3,b_positives_nontumor,TARGET 10-20mm hypo/hyper enhanced,106,6,0.0566038,0.0261973,0.118025,3.15698,3.11827,981,0,
dark_blobgate,3,b_positives_nontumor,10-20mm all,275,8,0.0290909,0.0148129,0.0563444,3.15698,3.11827,981,0,
dark_blobgate,3,b_positives_nontumor,10-20mm enhanced,157,7,0.044586,0.0217625,0.0891641,3.15698,3.11827,981,0,
dark_blobgate,3,b_positives_nontumor,10-20mm iso(v3),99,2,0.020202,0.0055576,0.0706917,3.15698,3.11827,981,0,
dark_blobgate,3,b_positives_nontumor,10-20mm iso within 5 HU,66,1,0.0151515,0.00267957,0.0809611,3.15698,3.11827,981,0,
dark_blobgate,3,b_positives_nontumor,<10mm all,86,1,0.0116279,0.00205552,0.0629656,3.15698,3.11827,981,0,
dark_blobgate,3,b_positives_nontumor,>=20mm all,874,87,0.0995423,0.081412,0.121178,3.15698,3.11827,981,0,
dark_blobgate,3,b_positives_nontumor,all lesions,1235,96,0.0777328,0.0640748,0.0940097,3.15698,3.11827,981,0,
dark_blobgate,3,b_positives_nontumor,"all, not separated",1165,95,0.0815451,0.0671708,0.0986699,3.15698,3.11827,981,0,
dark_blobgate,3,b_positives_nontumor,size <5,49,0,0,0,0.0727003,3.15698,3.11827,981,0,
dark_blobgate,3,b_positives_nontumor,size 5-10,37,1,0.027027,0.00478685,0.138244,3.15698,3.11827,981,0,
dark_blobgate,3,b_positives_nontumor,size 10-20,275,8,0.0290909,0.0148129,0.0563444,3.15698,3.11827,981,0,
dark_blobgate,3,b_positives_nontumor,size 20-40,597,29,0.0485762,0.0340319,0.0688931,3.15698,3.11827,981,0,
dark_blobgate,3,b_positives_nontumor,size >=40,277,58,0.209386,0.16561,0.261114,3.15698,3.11827,981,0,
dark_blobgate,3,b_positives_nontumor,v3 hypo,585,40,0.0683761,0.0506125,0.0917714,3.15698,3.11827,981,0,
dark_blobgate,3,b_positives_nontumor,v3 iso,461,36,0.0780911,0.0569379,0.106218,3.15698,3.11827,981,0,
dark_blobgate,3,b_positives_nontumor,v3 hyper,189,20,0.10582,0.0695519,0.157793,3.15698,3.11827,981,0,
dark_blobgate,3,b_positives_nontumor,phase Arterial,260,33,0.126923,0.0918215,0.172889,3.15698,3.11827,981,0,
dark_blobgate,3,b_positives_nontumor,phase Delay,4,0,0,0,0.4899,3.15698,3.11827,981,0,
dark_blobgate,3,b_positives_nontumor,phase Non-contrast,413,21,0.0508475,0.0334946,0.0764791,3.15698,3.11827,981,0,
dark_blobgate,3,b_positives_nontumor,phase Venous,557,42,0.0754039,0.0562667,0.100358,3.15698,3.11827,981,0,
dark_blobgate,3,b_positives_nontumor,region head,825,64,0.0775758,0.0612171,0.0978502,3.15698,3.11827,981,0,
dark_blobgate,3,b_positives_nontumor,region body,207,18,0.0869565,0.0557107,0.133254,3.15698,3.11827,981,0,
dark_blobgate,3,b_positives_nontumor,region tail,195,14,0.0717949,0.0432449,0.116891,3.15698,3.11827,981,0,
dark_blobgate,3,b_positives_nontumor,thickness <=1.5 mm,532,46,0.0864662,0.0654499,0.113412,3.15698,3.11827,981,0,
dark_blobgate,3,b_positives_nontumor,thickness 1.5-2.5 mm,426,32,0.0751174,0.0537089,0.10412,3.15698,3.11827,981,0,
dark_blobgate,3,b_positives_nontumor,thickness 2.5-5 mm,273,18,0.0659341,0.0421096,0.101805,3.15698,3.11827,981,0,
dark_blobgate,3,b_positives_nontumor,thickness >5 mm,4,0,0,0,0.4899,3.15698,3.11827,981,0,
dark_blobgate,3,b_positives_nontumor,tier abutting,174,14,0.0804598,0.0485307,0.130514,3.15698,3.11827,981,0,
dark_blobgate,3,b_positives_nontumor,tier embedded,111,2,0.018018,0.00495507,0.0633268,3.15698,3.11827,981,0,
dark_blobgate,3,b_positives_nontumor,tier inside,880,79,0.0897727,0.0726258,0.110486,3.15698,3.11827,981,0,
dark_blobgate,3,b_positives_nontumor,tier separated,70,1,0.0142857,0.00252618,0.0765837,3.15698,3.11827,981,0,
dark_blobgate,3,b_positives_nontumor,nnU-Net detected,659,72,0.109256,0.087664,0.135378,3.15698,3.11827,981,0,
dark_blobgate,3,b_positives_nontumor,nnU-Net missed,576,24,0.0416667,0.0281572,0.0612493,3.15698,3.11827,981,0,
dark_blobgate,3,b_positives_nontumor,"nnU-Net missed, 10-20mm",204,6,0.0294118,0.0135478,0.0626718,3.15698,3.11827,981,0,
dark_blobgate,3,b_positives_nontumor,"nnU-Net missed, TARGET",74,4,0.0540541,0.0212187,0.130906,3.15698,3.11827,981,0,
dark_blobgate,3,a_neg_reweighted_to_pos,TARGET 10-20mm hypo/hyper enhanced,106,6,0.0566038,0.0261973,0.118025,2.98764,,316,,
dark_blobgate,3,a_neg_reweighted_to_pos,10-20mm all,275,8,0.0290909,0.0148129,0.0563444,2.98764,,316,,
dark_blobgate,3,a_neg_reweighted_to_pos,10-20mm enhanced,157,7,0.044586,0.0217625,0.0891641,2.98764,,316,,
dark_blobgate,3,a_neg_reweighted_to_pos,10-20mm iso(v3),99,2,0.020202,0.0055576,0.0706917,2.98764,,316,,
dark_blobgate,3,a_neg_reweighted_to_pos,10-20mm iso within 5 HU,66,1,0.0151515,0.00267957,0.0809611,2.98764,,316,,
dark_blobgate,3,a_neg_reweighted_to_pos,<10mm all,86,1,0.0116279,0.00205552,0.0629656,2.98764,,316,,
dark_blobgate,3,a_neg_reweighted_to_pos,>=20mm all,874,87,0.0995423,0.081412,0.121178,2.98764,,316,,
dark_blobgate,3,a_neg_reweighted_to_pos,all lesions,1235,96,0.0777328,0.0640748,0.0940097,2.98764,,316,,
dark_blobgate,3,a_neg_reweighted_to_pos,"all, not separated",1165,95,0.0815451,0.0671708,0.0986699,2.98764,,316,,
dark_blobgate,3,a_neg_reweighted_to_pos,size <5,49,0,0,0,0.0727003,2.98764,,316,,
dark_blobgate,3,a_neg_reweighted_to_pos,size 5-10,37,1,0.027027,0.00478685,0.138244,2.98764,,316,,
dark_blobgate,3,a_neg_reweighted_to_pos,size 10-20,275,8,0.0290909,0.0148129,0.0563444,2.98764,,316,,
dark_blobgate,3,a_neg_reweighted_to_pos,size 20-40,597,29,0.0485762,0.0340319,0.0688931,2.98764,,316,,
dark_blobgate,3,a_neg_reweighted_to_pos,size >=40,277,58,0.209386,0.16561,0.261114,2.98764,,316,,
dark_blobgate,3,a_neg_reweighted_to_pos,v3 hypo,585,40,0.0683761,0.0506125,0.0917714,2.98764,,316,,
dark_blobgate,3,a_neg_reweighted_to_pos,v3 iso,461,36,0.0780911,0.0569379,0.106218,2.98764,,316,,
dark_blobgate,3,a_neg_reweighted_to_pos,v3 hyper,189,20,0.10582,0.0695519,0.157793,2.98764,,316,,
dark_blobgate,3,a_neg_reweighted_to_pos,phase Arterial,260,33,0.126923,0.0918215,0.172889,2.98764,,316,,
dark_blobgate,3,a_neg_reweighted_to_pos,phase Delay,4,0,0,0,0.4899,2.98764,,316,,
dark_blobgate,3,a_neg_reweighted_to_pos,phase Non-contrast,413,21,0.0508475,0.0334946,0.0764791,2.98764,,316,,
dark_blobgate,3,a_neg_reweighted_to_pos,phase Venous,557,42,0.0754039,0.0562667,0.100358,2.98764,,316,,
dark_blobgate,3,a_neg_reweighted_to_pos,region head,825,64,0.0775758,0.0612171,0.0978502,2.98764,,316,,
dark_blobgate,3,a_neg_reweighted_to_pos,region body,207,18,0.0869565,0.0557107,0.133254,2.98764,,316,,
dark_blobgate,3,a_neg_reweighted_to_pos,region tail,195,14,0.0717949,0.0432449,0.116891,2.98764,,316,,
dark_blobgate,3,a_neg_reweighted_to_pos,thickness <=1.5 mm,532,46,0.0864662,0.0654499,0.113412,2.98764,,316,,
dark_blobgate,3,a_neg_reweighted_to_pos,thickness 1.5-2.5 mm,426,32,0.0751174,0.0537089,0.10412,2.98764,,316,,
dark_blobgate,3,a_neg_reweighted_to_pos,thickness 2.5-5 mm,273,18,0.0659341,0.0421096,0.101805,2.98764,,316,,
dark_blobgate,3,a_neg_reweighted_to_pos,thickness >5 mm,4,0,0,0,0.4899,2.98764,,316,,
dark_blobgate,3,a_neg_reweighted_to_pos,tier abutting,174,14,0.0804598,0.0485307,0.130514,2.98764,,316,,
dark_blobgate,3,a_neg_reweighted_to_pos,tier embedded,111,2,0.018018,0.00495507,0.0633268,2.98764,,316,,
dark_blobgate,3,a_neg_reweighted_to_pos,tier inside,880,79,0.0897727,0.0726258,0.110486,2.98764,,316,,
dark_blobgate,3,a_neg_reweighted_to_pos,tier separated,70,1,0.0142857,0.00252618,0.0765837,2.98764,,316,,
dark_blobgate,3,a_neg_reweighted_to_pos,nnU-Net detected,659,72,0.109256,0.087664,0.135378,2.98764,,316,,
dark_blobgate,3,a_neg_reweighted_to_pos,nnU-Net missed,576,24,0.0416667,0.0281572,0.0612493,2.98764,,316,,
dark_blobgate,3,a_neg_reweighted_to_pos,"nnU-Net missed, 10-20mm",204,6,0.0294118,0.0135478,0.0626718,2.98764,,316,,
dark_blobgate,3,a_neg_reweighted_to_pos,"nnU-Net missed, TARGET",74,4,0.0540541,0.0212187,0.130906,2.98764,,316,,
dark_blobgate,4,a_negatives,TARGET 10-20mm hypo/hyper enhanced,106,4,0.0377358,0.0147706,0.0930355,1.81013,1.462,316,0,
dark_blobgate,4,a_negatives,10-20mm all,275,4,0.0145455,0.00567051,0.0367966,1.81013,1.462,316,0,
dark_blobgate,4,a_negatives,10-20mm enhanced,157,4,0.0254777,0.00995123,0.0636715,1.81013,1.462,316,0,
dark_blobgate,4,a_negatives,10-20mm iso(v3),99,0,0,0,0.0373545,1.81013,1.462,316,0,
dark_blobgate,4,a_negatives,10-20mm iso within 5 HU,66,0,0,0,0.0550045,1.81013,1.462,316,0,
dark_blobgate,4,a_negatives,<10mm all,86,0,0,0,0.0427597,1.81013,1.462,316,0,
dark_blobgate,4,a_negatives,>=20mm all,874,39,0.0446224,0.0328118,0.0604186,1.81013,1.462,316,0,
dark_blobgate,4,a_negatives,all lesions,1235,43,0.0348178,0.0259506,0.04657,1.81013,1.462,316,0,
dark_blobgate,4,a_negatives,"all, not separated",1165,43,0.0369099,0.0275163,0.0493475,1.81013,1.462,316,0,
dark_blobgate,4,a_negatives,size <5,49,0,0,0,0.0727003,1.81013,1.462,316,0,
dark_blobgate,4,a_negatives,size 5-10,37,0,0,0,0.094061,1.81013,1.462,316,0,
dark_blobgate,4,a_negatives,size 10-20,275,4,0.0145455,0.00567051,0.0367966,1.81013,1.462,316,0,
dark_blobgate,4,a_negatives,size 20-40,597,7,0.0117253,0.00569102,0.0240033,1.81013,1.462,316,0,
dark_blobgate,4,a_negatives,size >=40,277,32,0.115523,0.083029,0.158536,1.81013,1.462,316,0,
dark_blobgate,4,a_negatives,v3 hypo,585,19,0.0324786,0.0208894,0.0501681,1.81013,1.462,316,0,
dark_blobgate,4,a_negatives,v3 iso,461,14,0.0303688,0.0181745,0.0503254,1.81013,1.462,316,0,
dark_blobgate,4,a_negatives,v3 hyper,189,10,0.0529101,0.02899,0.094643,1.81013,1.462,316,0,
dark_blobgate,4,a_negatives,phase Arterial,260,19,0.0730769,0.0472789,0.111307,1.81013,1.462,316,0,
dark_blobgate,4,a_negatives,phase Delay,4,0,0,0,0.4899,1.81013,1.462,316,0,
dark_blobgate,4,a_negatives,phase Non-contrast,413,5,0.0121065,0.0051819,0.028024,1.81013,1.462,316,0,
dark_blobgate,4,a_negatives,phase Venous,557,19,0.0341113,0.0219446,0.0526604,1.81013,1.462,316,0,
dark_blobgate,4,a_negatives,region head,825,28,0.0339394,0.0235842,0.0486149,1.81013,1.462,316,0,
dark_blobgate,4,a_negatives,region body,207,8,0.0386473,0.0197108,0.0743958,1.81013,1.462,316,0,
dark_blobgate,4,a_negatives,region tail,195,7,0.0358974,0.0174953,0.0722324,1.81013,1.462,316,0,
dark_blobgate,4,a_negatives,thickness <=1.5 mm,532,17,0.0319549,0.020045,0.0505758,1.81013,1.462,316,0,
dark_blobgate,4,a_negatives,thickness 1.5-2.5 mm,426,18,0.0422535,0.0268917,0.0657973,1.81013,1.462,316,0,
dark_blobgate,4,a_negatives,thickness 2.5-5 mm,273,8,0.029304,0.0149219,0.0567494,1.81013,1.462,316,0,
dark_blobgate,4,a_negatives,thickness >5 mm,4,0,0,0,0.4899,1.81013,1.462,316,0,
dark_blobgate,4,a_negatives,tier abutting,174,7,0.0402299,0.0196215,0.0807015,1.81013,1.462,316,0,
dark_blobgate,4,a_negatives,tier embedded,111,1,0.00900901,0.00159204,0.0492745,1.81013,1.462,316,0,
dark_blobgate,4,a_negatives,tier inside,880,35,0.0397727,0.0287348,0.0548114,1.81013,1.462,316,0,
dark_blobgate,4,a_negatives,tier separated,70,0,0,0,0.0520249,1.81013,1.462,316,0,
dark_blobgate,4,a_negatives,nnU-Net detected,659,35,0.0531108,0.0384331,0.0729684,1.81013,1.462,316,0,
dark_blobgate,4,a_negatives,nnU-Net missed,576,8,0.0138889,0.00705406,0.0271649,1.81013,1.462,316,0,
dark_blobgate,4,a_negatives,"nnU-Net missed, 10-20mm",204,3,0.0147059,0.00501362,0.0423378,1.81013,1.462,316,0,
dark_blobgate,4,a_negatives,"nnU-Net missed, TARGET",74,3,0.0405405,0.0138822,0.112549,1.81013,1.462,316,0,
dark_blobgate,4,b_positives_nontumor,TARGET 10-20mm hypo/hyper enhanced,106,4,0.0377358,0.0147706,0.0930355,1.61876,1.5989,981,0,
dark_blobgate,4,b_positives_nontumor,10-20mm all,275,4,0.0145455,0.00567051,0.0367966,1.61876,1.5989,981,0,
dark_blobgate,4,b_positives_nontumor,10-20mm enhanced,157,4,0.0254777,0.00995123,0.0636715,1.61876,1.5989,981,0,
dark_blobgate,4,b_positives_nontumor,10-20mm iso(v3),99,0,0,0,0.0373545,1.61876,1.5989,981,0,
dark_blobgate,4,b_positives_nontumor,10-20mm iso within 5 HU,66,0,0,0,0.0550045,1.61876,1.5989,981,0,
dark_blobgate,4,b_positives_nontumor,<10mm all,86,0,0,0,0.0427597,1.61876,1.5989,981,0,
dark_blobgate,4,b_positives_nontumor,>=20mm all,874,39,0.0446224,0.0328118,0.0604186,1.61876,1.5989,981,0,
dark_blobgate,4,b_positives_nontumor,all lesions,1235,43,0.0348178,0.0259506,0.04657,1.61876,1.5989,981,0,
dark_blobgate,4,b_positives_nontumor,"all, not separated",1165,43,0.0369099,0.0275163,0.0493475,1.61876,1.5989,981,0,
dark_blobgate,4,b_positives_nontumor,size <5,49,0,0,0,0.0727003,1.61876,1.5989,981,0,
dark_blobgate,4,b_positives_nontumor,size 5-10,37,0,0,0,0.094061,1.61876,1.5989,981,0,
dark_blobgate,4,b_positives_nontumor,size 10-20,275,4,0.0145455,0.00567051,0.0367966,1.61876,1.5989,981,0,
dark_blobgate,4,b_positives_nontumor,size 20-40,597,7,0.0117253,0.00569102,0.0240033,1.61876,1.5989,981,0,
dark_blobgate,4,b_positives_nontumor,size >=40,277,32,0.115523,0.083029,0.158536,1.61876,1.5989,981,0,
dark_blobgate,4,b_positives_nontumor,v3 hypo,585,19,0.0324786,0.0208894,0.0501681,1.61876,1.5989,981,0,
dark_blobgate,4,b_positives_nontumor,v3 iso,461,14,0.0303688,0.0181745,0.0503254,1.61876,1.5989,981,0,
dark_blobgate,4,b_positives_nontumor,v3 hyper,189,10,0.0529101,0.02899,0.094643,1.61876,1.5989,981,0,
dark_blobgate,4,b_positives_nontumor,phase Arterial,260,19,0.0730769,0.0472789,0.111307,1.61876,1.5989,981,0,
dark_blobgate,4,b_positives_nontumor,phase Delay,4,0,0,0,0.4899,1.61876,1.5989,981,0,
dark_blobgate,4,b_positives_nontumor,phase Non-contrast,413,5,0.0121065,0.0051819,0.028024,1.61876,1.5989,981,0,
dark_blobgate,4,b_positives_nontumor,phase Venous,557,19,0.0341113,0.0219446,0.0526604,1.61876,1.5989,981,0,
dark_blobgate,4,b_positives_nontumor,region head,825,28,0.0339394,0.0235842,0.0486149,1.61876,1.5989,981,0,
dark_blobgate,4,b_positives_nontumor,region body,207,8,0.0386473,0.0197108,0.0743958,1.61876,1.5989,981,0,
dark_blobgate,4,b_positives_nontumor,region tail,195,7,0.0358974,0.0174953,0.0722324,1.61876,1.5989,981,0,
dark_blobgate,4,b_positives_nontumor,thickness <=1.5 mm,532,17,0.0319549,0.020045,0.0505758,1.61876,1.5989,981,0,
dark_blobgate,4,b_positives_nontumor,thickness 1.5-2.5 mm,426,18,0.0422535,0.0268917,0.0657973,1.61876,1.5989,981,0,
dark_blobgate,4,b_positives_nontumor,thickness 2.5-5 mm,273,8,0.029304,0.0149219,0.0567494,1.61876,1.5989,981,0,
dark_blobgate,4,b_positives_nontumor,thickness >5 mm,4,0,0,0,0.4899,1.61876,1.5989,981,0,
dark_blobgate,4,b_positives_nontumor,tier abutting,174,7,0.0402299,0.0196215,0.0807015,1.61876,1.5989,981,0,
dark_blobgate,4,b_positives_nontumor,tier embedded,111,1,0.00900901,0.00159204,0.0492745,1.61876,1.5989,981,0,
dark_blobgate,4,b_positives_nontumor,tier inside,880,35,0.0397727,0.0287348,0.0548114,1.61876,1.5989,981,0,
dark_blobgate,4,b_positives_nontumor,tier separated,70,0,0,0,0.0520249,1.61876,1.5989,981,0,
dark_blobgate,4,b_positives_nontumor,nnU-Net detected,659,35,0.0531108,0.0384331,0.0729684,1.61876,1.5989,981,0,
dark_blobgate,4,b_positives_nontumor,nnU-Net missed,576,8,0.0138889,0.00705406,0.0271649,1.61876,1.5989,981,0,
dark_blobgate,4,b_positives_nontumor,"nnU-Net missed, 10-20mm",204,3,0.0147059,0.00501362,0.0423378,1.61876,1.5989,981,0,
dark_blobgate,4,b_positives_nontumor,"nnU-Net missed, TARGET",74,3,0.0405405,0.0138822,0.112549,1.61876,1.5989,981,0,
dark_blobgate,4,a_neg_reweighted_to_pos,TARGET 10-20mm hypo/hyper enhanced,106,4,0.0377358,0.0147706,0.0930355,1.83264,,316,,
dark_blobgate,4,a_neg_reweighted_to_pos,10-20mm all,275,4,0.0145455,0.00567051,0.0367966,1.83264,,316,,
dark_blobgate,4,a_neg_reweighted_to_pos,10-20mm enhanced,157,4,0.0254777,0.00995123,0.0636715,1.83264,,316,,
dark_blobgate,4,a_neg_reweighted_to_pos,10-20mm iso(v3),99,0,0,0,0.0373545,1.83264,,316,,
dark_blobgate,4,a_neg_reweighted_to_pos,10-20mm iso within 5 HU,66,0,0,0,0.0550045,1.83264,,316,,
dark_blobgate,4,a_neg_reweighted_to_pos,<10mm all,86,0,0,0,0.0427597,1.83264,,316,,
dark_blobgate,4,a_neg_reweighted_to_pos,>=20mm all,874,39,0.0446224,0.0328118,0.0604186,1.83264,,316,,
dark_blobgate,4,a_neg_reweighted_to_pos,all lesions,1235,43,0.0348178,0.0259506,0.04657,1.83264,,316,,
dark_blobgate,4,a_neg_reweighted_to_pos,"all, not separated",1165,43,0.0369099,0.0275163,0.0493475,1.83264,,316,,
dark_blobgate,4,a_neg_reweighted_to_pos,size <5,49,0,0,0,0.0727003,1.83264,,316,,
dark_blobgate,4,a_neg_reweighted_to_pos,size 5-10,37,0,0,0,0.094061,1.83264,,316,,
dark_blobgate,4,a_neg_reweighted_to_pos,size 10-20,275,4,0.0145455,0.00567051,0.0367966,1.83264,,316,,
dark_blobgate,4,a_neg_reweighted_to_pos,size 20-40,597,7,0.0117253,0.00569102,0.0240033,1.83264,,316,,
dark_blobgate,4,a_neg_reweighted_to_pos,size >=40,277,32,0.115523,0.083029,0.158536,1.83264,,316,,
dark_blobgate,4,a_neg_reweighted_to_pos,v3 hypo,585,19,0.0324786,0.0208894,0.0501681,1.83264,,316,,
dark_blobgate,4,a_neg_reweighted_to_pos,v3 iso,461,14,0.0303688,0.0181745,0.0503254,1.83264,,316,,
dark_blobgate,4,a_neg_reweighted_to_pos,v3 hyper,189,10,0.0529101,0.02899,0.094643,1.83264,,316,,
dark_blobgate,4,a_neg_reweighted_to_pos,phase Arterial,260,19,0.0730769,0.0472789,0.111307,1.83264,,316,,
dark_blobgate,4,a_neg_reweighted_to_pos,phase Delay,4,0,0,0,0.4899,1.83264,,316,,
dark_blobgate,4,a_neg_reweighted_to_pos,phase Non-contrast,413,5,0.0121065,0.0051819,0.028024,1.83264,,316,,
dark_blobgate,4,a_neg_reweighted_to_pos,phase Venous,557,19,0.0341113,0.0219446,0.0526604,1.83264,,316,,
dark_blobgate,4,a_neg_reweighted_to_pos,region head,825,28,0.0339394,0.0235842,0.0486149,1.83264,,316,,
dark_blobgate,4,a_neg_reweighted_to_pos,region body,207,8,0.0386473,0.0197108,0.0743958,1.83264,,316,,
dark_blobgate,4,a_neg_reweighted_to_pos,region tail,195,7,0.0358974,0.0174953,0.0722324,1.83264,,316,,
dark_blobgate,4,a_neg_reweighted_to_pos,thickness <=1.5 mm,532,17,0.0319549,0.020045,0.0505758,1.83264,,316,,
dark_blobgate,4,a_neg_reweighted_to_pos,thickness 1.5-2.5 mm,426,18,0.0422535,0.0268917,0.0657973,1.83264,,316,,
dark_blobgate,4,a_neg_reweighted_to_pos,thickness 2.5-5 mm,273,8,0.029304,0.0149219,0.0567494,1.83264,,316,,
dark_blobgate,4,a_neg_reweighted_to_pos,thickness >5 mm,4,0,0,0,0.4899,1.83264,,316,,
dark_blobgate,4,a_neg_reweighted_to_pos,tier abutting,174,7,0.0402299,0.0196215,0.0807015,1.83264,,316,,
dark_blobgate,4,a_neg_reweighted_to_pos,tier embedded,111,1,0.00900901,0.00159204,0.0492745,1.83264,,316,,
dark_blobgate,4,a_neg_reweighted_to_pos,tier inside,880,35,0.0397727,0.0287348,0.0548114,1.83264,,316,,
dark_blobgate,4,a_neg_reweighted_to_pos,tier separated,70,0,0,0,0.0520249,1.83264,,316,,
dark_blobgate,4,a_neg_reweighted_to_pos,nnU-Net detected,659,35,0.0531108,0.0384331,0.0729684,1.83264,,316,,
dark_blobgate,4,a_neg_reweighted_to_pos,nnU-Net missed,576,8,0.0138889,0.00705406,0.0271649,1.83264,,316,,
dark_blobgate,4,a_neg_reweighted_to_pos,"nnU-Net missed, 10-20mm",204,3,0.0147059,0.00501362,0.0423378,1.83264,,316,,
dark_blobgate,4,a_neg_reweighted_to_pos,"nnU-Net missed, TARGET",74,3,0.0405405,0.0138822,0.112549,1.83264,,316,,
dark_blobgate,5,a_negatives,TARGET 10-20mm hypo/hyper enhanced,106,1,0.00943396,0.00166723,0.0515148,0.920886,0.743781,316,0,
dark_blobgate,5,a_negatives,10-20mm all,275,1,0.00363636,0.00064218,0.0203073,0.920886,0.743781,316,0,
dark_blobgate,5,a_negatives,10-20mm enhanced,157,1,0.00636943,0.00112522,0.0351937,0.920886,0.743781,316,0,
dark_blobgate,5,a_negatives,10-20mm iso(v3),99,0,0,0,0.0373545,0.920886,0.743781,316,0,
dark_blobgate,5,a_negatives,10-20mm iso within 5 HU,66,0,0,0,0.0550045,0.920886,0.743781,316,0,
dark_blobgate,5,a_negatives,<10mm all,86,0,0,0,0.0427597,0.920886,0.743781,316,0,
dark_blobgate,5,a_negatives,>=20mm all,874,13,0.0148741,0.00871276,0.0252815,0.920886,0.743781,316,0,
dark_blobgate,5,a_negatives,all lesions,1235,14,0.011336,0.00676446,0.0189383,0.920886,0.743781,316,0,
dark_blobgate,5,a_negatives,"all, not separated",1165,14,0.0120172,0.00717165,0.0200704,0.920886,0.743781,316,0,
dark_blobgate,5,a_negatives,size <5,49,0,0,0,0.0727003,0.920886,0.743781,316,0,
dark_blobgate,5,a_negatives,size 5-10,37,0,0,0,0.094061,0.920886,0.743781,316,0,
dark_blobgate,5,a_negatives,size 10-20,275,1,0.00363636,0.00064218,0.0203073,0.920886,0.743781,316,0,
dark_blobgate,5,a_negatives,size 20-40,597,0,0,0,0.0063937,0.920886,0.743781,316,0,
dark_blobgate,5,a_negatives,size >=40,277,13,0.0469314,0.0276289,0.0786289,0.920886,0.743781,316,0,
dark_blobgate,5,a_negatives,v3 hypo,585,5,0.00854701,0.00365608,0.0198504,0.920886,0.743781,316,0,
dark_blobgate,5,a_negatives,v3 iso,461,5,0.010846,0.00464134,0.0251357,0.920886,0.743781,316,0,
dark_blobgate,5,a_negatives,v3 hyper,189,4,0.021164,0.00826018,0.0531457,0.920886,0.743781,316,0,
dark_blobgate,5,a_negatives,phase Arterial,260,8,0.0307692,0.0156719,0.0595308,0.920886,0.743781,316,0,
dark_blobgate,5,a_negatives,phase Delay,4,0,0,0,0.4899,0.920886,0.743781,316,0,
dark_blobgate,5,a_negatives,phase Non-contrast,413,3,0.00726392,0.00247336,0.0211366,0.920886,0.743781,316,0,
dark_blobgate,5,a_negatives,phase Venous,557,3,0.005386,0.00183335,0.0157146,0.920886,0.743781,316,0,
dark_blobgate,5,a_negatives,region head,825,8,0.00969697,0.00492157,0.0190174,0.920886,0.743781,316,0,
dark_blobgate,5,a_negatives,region body,207,4,0.0193237,0.0075395,0.048624,0.920886,0.743781,316,0,
dark_blobgate,5,a_negatives,region tail,195,2,0.0102564,0.00281714,0.0366193,0.920886,0.743781,316,0,
dark_blobgate,5,a_negatives,thickness <=1.5 mm,532,5,0.0093985,0.00402091,0.0218106,0.920886,0.743781,316,0,
dark_blobgate,5,a_negatives,thickness 1.5-2.5 mm,426,8,0.0187793,0.00954571,0.0366146,0.920886,0.743781,316,0,
dark_blobgate,5,a_negatives,thickness 2.5-5 mm,273,1,0.003663,0.000646886,0.020454,0.920886,0.743781,316,0,
dark_blobgate,5,a_negatives,thickness >5 mm,4,0,0,0,0.4899,0.920886,0.743781,316,0,
dark_blobgate,5,a_negatives,tier abutting,174,1,0.00574713,0.0010152,0.031832,0.920886,0.743781,316,0,
dark_blobgate,5,a_negatives,tier embedded,111,0,0,0,0.0334513,0.920886,0.743781,316,0,
dark_blobgate,5,a_negatives,tier inside,880,13,0.0147727,0.00865322,0.0251103,0.920886,0.743781,316,0,
dark_blobgate,5,a_negatives,tier separated,70,0,0,0,0.0520249,0.920886,0.743781,316,0,
dark_blobgate,5,a_negatives,nnU-Net detected,659,12,0.0182094,0.0104466,0.0315568,0.920886,0.743781,316,0,
dark_blobgate,5,a_negatives,nnU-Net missed,576,2,0.00347222,0.000952706,0.012571,0.920886,0.743781,316,0,
dark_blobgate,5,a_negatives,"nnU-Net missed, 10-20mm",204,1,0.00490196,0.000865819,0.0272402,0.920886,0.743781,316,0,
dark_blobgate,5,a_negatives,"nnU-Net missed, TARGET",74,1,0.0135135,0.0023894,0.0726553,0.920886,0.743781,316,0,
dark_blobgate,5,b_positives_nontumor,TARGET 10-20mm hypo/hyper enhanced,106,1,0.00943396,0.00166723,0.0515148,0.719674,0.710848,981,0,
dark_blobgate,5,b_positives_nontumor,10-20mm all,275,1,0.00363636,0.00064218,0.0203073,0.719674,0.710848,981,0,
dark_blobgate,5,b_positives_nontumor,10-20mm enhanced,157,1,0.00636943,0.00112522,0.0351937,0.719674,0.710848,981,0,
dark_blobgate,5,b_positives_nontumor,10-20mm iso(v3),99,0,0,0,0.0373545,0.719674,0.710848,981,0,
dark_blobgate,5,b_positives_nontumor,10-20mm iso within 5 HU,66,0,0,0,0.0550045,0.719674,0.710848,981,0,
dark_blobgate,5,b_positives_nontumor,<10mm all,86,0,0,0,0.0427597,0.719674,0.710848,981,0,
dark_blobgate,5,b_positives_nontumor,>=20mm all,874,13,0.0148741,0.00871276,0.0252815,0.719674,0.710848,981,0,
dark_blobgate,5,b_positives_nontumor,all lesions,1235,14,0.011336,0.00676446,0.0189383,0.719674,0.710848,981,0,
dark_blobgate,5,b_positives_nontumor,"all, not separated",1165,14,0.0120172,0.00717165,0.0200704,0.719674,0.710848,981,0,
dark_blobgate,5,b_positives_nontumor,size <5,49,0,0,0,0.0727003,0.719674,0.710848,981,0,
dark_blobgate,5,b_positives_nontumor,size 5-10,37,0,0,0,0.094061,0.719674,0.710848,981,0,
dark_blobgate,5,b_positives_nontumor,size 10-20,275,1,0.00363636,0.00064218,0.0203073,0.719674,0.710848,981,0,
dark_blobgate,5,b_positives_nontumor,size 20-40,597,0,0,0,0.0063937,0.719674,0.710848,981,0,
dark_blobgate,5,b_positives_nontumor,size >=40,277,13,0.0469314,0.0276289,0.0786289,0.719674,0.710848,981,0,
dark_blobgate,5,b_positives_nontumor,v3 hypo,585,5,0.00854701,0.00365608,0.0198504,0.719674,0.710848,981,0,
dark_blobgate,5,b_positives_nontumor,v3 iso,461,5,0.010846,0.00464134,0.0251357,0.719674,0.710848,981,0,
dark_blobgate,5,b_positives_nontumor,v3 hyper,189,4,0.021164,0.00826018,0.0531457,0.719674,0.710848,981,0,
dark_blobgate,5,b_positives_nontumor,phase Arterial,260,8,0.0307692,0.0156719,0.0595308,0.719674,0.710848,981,0,
dark_blobgate,5,b_positives_nontumor,phase Delay,4,0,0,0,0.4899,0.719674,0.710848,981,0,
dark_blobgate,5,b_positives_nontumor,phase Non-contrast,413,3,0.00726392,0.00247336,0.0211366,0.719674,0.710848,981,0,
dark_blobgate,5,b_positives_nontumor,phase Venous,557,3,0.005386,0.00183335,0.0157146,0.719674,0.710848,981,0,
dark_blobgate,5,b_positives_nontumor,region head,825,8,0.00969697,0.00492157,0.0190174,0.719674,0.710848,981,0,
dark_blobgate,5,b_positives_nontumor,region body,207,4,0.0193237,0.0075395,0.048624,0.719674,0.710848,981,0,
dark_blobgate,5,b_positives_nontumor,region tail,195,2,0.0102564,0.00281714,0.0366193,0.719674,0.710848,981,0,
dark_blobgate,5,b_positives_nontumor,thickness <=1.5 mm,532,5,0.0093985,0.00402091,0.0218106,0.719674,0.710848,981,0,
dark_blobgate,5,b_positives_nontumor,thickness 1.5-2.5 mm,426,8,0.0187793,0.00954571,0.0366146,0.719674,0.710848,981,0,
dark_blobgate,5,b_positives_nontumor,thickness 2.5-5 mm,273,1,0.003663,0.000646886,0.020454,0.719674,0.710848,981,0,
dark_blobgate,5,b_positives_nontumor,thickness >5 mm,4,0,0,0,0.4899,0.719674,0.710848,981,0,
dark_blobgate,5,b_positives_nontumor,tier abutting,174,1,0.00574713,0.0010152,0.031832,0.719674,0.710848,981,0,
dark_blobgate,5,b_positives_nontumor,tier embedded,111,0,0,0,0.0334513,0.719674,0.710848,981,0,
dark_blobgate,5,b_positives_nontumor,tier inside,880,13,0.0147727,0.00865322,0.0251103,0.719674,0.710848,981,0,
dark_blobgate,5,b_positives_nontumor,tier separated,70,0,0,0,0.0520249,0.719674,0.710848,981,0,
dark_blobgate,5,b_positives_nontumor,nnU-Net detected,659,12,0.0182094,0.0104466,0.0315568,0.719674,0.710848,981,0,
dark_blobgate,5,b_positives_nontumor,nnU-Net missed,576,2,0.00347222,0.000952706,0.012571,0.719674,0.710848,981,0,
dark_blobgate,5,b_positives_nontumor,"nnU-Net missed, 10-20mm",204,1,0.00490196,0.000865819,0.0272402,0.719674,0.710848,981,0,
dark_blobgate,5,b_positives_nontumor,"nnU-Net missed, TARGET",74,1,0.0135135,0.0023894,0.0726553,0.719674,0.710848,981,0,
dark_blobgate,5,a_neg_reweighted_to_pos,TARGET 10-20mm hypo/hyper enhanced,106,1,0.00943396,0.00166723,0.0515148,0.947834,,316,,
dark_blobgate,5,a_neg_reweighted_to_pos,10-20mm all,275,1,0.00363636,0.00064218,0.0203073,0.947834,,316,,
dark_blobgate,5,a_neg_reweighted_to_pos,10-20mm enhanced,157,1,0.00636943,0.00112522,0.0351937,0.947834,,316,,
dark_blobgate,5,a_neg_reweighted_to_pos,10-20mm iso(v3),99,0,0,0,0.0373545,0.947834,,316,,
dark_blobgate,5,a_neg_reweighted_to_pos,10-20mm iso within 5 HU,66,0,0,0,0.0550045,0.947834,,316,,
dark_blobgate,5,a_neg_reweighted_to_pos,<10mm all,86,0,0,0,0.0427597,0.947834,,316,,
dark_blobgate,5,a_neg_reweighted_to_pos,>=20mm all,874,13,0.0148741,0.00871276,0.0252815,0.947834,,316,,
dark_blobgate,5,a_neg_reweighted_to_pos,all lesions,1235,14,0.011336,0.00676446,0.0189383,0.947834,,316,,
dark_blobgate,5,a_neg_reweighted_to_pos,"all, not separated",1165,14,0.0120172,0.00717165,0.0200704,0.947834,,316,,
dark_blobgate,5,a_neg_reweighted_to_pos,size <5,49,0,0,0,0.0727003,0.947834,,316,,
dark_blobgate,5,a_neg_reweighted_to_pos,size 5-10,37,0,0,0,0.094061,0.947834,,316,,
dark_blobgate,5,a_neg_reweighted_to_pos,size 10-20,275,1,0.00363636,0.00064218,0.0203073,0.947834,,316,,
dark_blobgate,5,a_neg_reweighted_to_pos,size 20-40,597,0,0,0,0.0063937,0.947834,,316,,
dark_blobgate,5,a_neg_reweighted_to_pos,size >=40,277,13,0.0469314,0.0276289,0.0786289,0.947834,,316,,
dark_blobgate,5,a_neg_reweighted_to_pos,v3 hypo,585,5,0.00854701,0.00365608,0.0198504,0.947834,,316,,
dark_blobgate,5,a_neg_reweighted_to_pos,v3 iso,461,5,0.010846,0.00464134,0.0251357,0.947834,,316,,
dark_blobgate,5,a_neg_reweighted_to_pos,v3 hyper,189,4,0.021164,0.00826018,0.0531457,0.947834,,316,,
dark_blobgate,5,a_neg_reweighted_to_pos,phase Arterial,260,8,0.0307692,0.0156719,0.0595308,0.947834,,316,,
dark_blobgate,5,a_neg_reweighted_to_pos,phase Delay,4,0,0,0,0.4899,0.947834,,316,,
dark_blobgate,5,a_neg_reweighted_to_pos,phase Non-contrast,413,3,0.00726392,0.00247336,0.0211366,0.947834,,316,,
dark_blobgate,5,a_neg_reweighted_to_pos,phase Venous,557,3,0.005386,0.00183335,0.0157146,0.947834,,316,,
dark_blobgate,5,a_neg_reweighted_to_pos,region head,825,8,0.00969697,0.00492157,0.0190174,0.947834,,316,,
dark_blobgate,5,a_neg_reweighted_to_pos,region body,207,4,0.0193237,0.0075395,0.048624,0.947834,,316,,
dark_blobgate,5,a_neg_reweighted_to_pos,region tail,195,2,0.0102564,0.00281714,0.0366193,0.947834,,316,,
dark_blobgate,5,a_neg_reweighted_to_pos,thickness <=1.5 mm,532,5,0.0093985,0.00402091,0.0218106,0.947834,,316,,
dark_blobgate,5,a_neg_reweighted_to_pos,thickness 1.5-2.5 mm,426,8,0.0187793,0.00954571,0.0366146,0.947834,,316,,
dark_blobgate,5,a_neg_reweighted_to_pos,thickness 2.5-5 mm,273,1,0.003663,0.000646886,0.020454,0.947834,,316,,
dark_blobgate,5,a_neg_reweighted_to_pos,thickness >5 mm,4,0,0,0,0.4899,0.947834,,316,,
dark_blobgate,5,a_neg_reweighted_to_pos,tier abutting,174,1,0.00574713,0.0010152,0.031832,0.947834,,316,,
dark_blobgate,5,a_neg_reweighted_to_pos,tier embedded,111,0,0,0,0.0334513,0.947834,,316,,
dark_blobgate,5,a_neg_reweighted_to_pos,tier inside,880,13,0.0147727,0.00865322,0.0251103,0.947834,,316,,
dark_blobgate,5,a_neg_reweighted_to_pos,tier separated,70,0,0,0,0.0520249,0.947834,,316,,
dark_blobgate,5,a_neg_reweighted_to_pos,nnU-Net detected,659,12,0.0182094,0.0104466,0.0315568,0.947834,,316,,
dark_blobgate,5,a_neg_reweighted_to_pos,nnU-Net missed,576,2,0.00347222,0.000952706,0.012571,0.947834,,316,,
dark_blobgate,5,a_neg_reweighted_to_pos,"nnU-Net missed, 10-20mm",204,1,0.00490196,0.000865819,0.0272402,0.947834,,316,,
dark_blobgate,5,a_neg_reweighted_to_pos,"nnU-Net missed, TARGET",74,1,0.0135135,0.0023894,0.0726553,0.947834,,316,,
dark_blobgate,6,a_negatives,TARGET 10-20mm hypo/hyper enhanced,106,0,0,0,0.034974,0.455696,0.368057,316,0,
dark_blobgate,6,a_negatives,10-20mm all,275,0,0,0,0.013777,0.455696,0.368057,316,0,
dark_blobgate,6,a_negatives,10-20mm enhanced,157,0,0,0,0.0238844,0.455696,0.368057,316,0,
dark_blobgate,6,a_negatives,10-20mm iso(v3),99,0,0,0,0.0373545,0.455696,0.368057,316,0,
dark_blobgate,6,a_negatives,10-20mm iso within 5 HU,66,0,0,0,0.0550045,0.455696,0.368057,316,0,
dark_blobgate,6,a_negatives,<10mm all,86,0,0,0,0.0427597,0.455696,0.368057,316,0,
dark_blobgate,6,a_negatives,>=20mm all,874,5,0.00572082,0.00244596,0.0133218,0.455696,0.368057,316,0,
dark_blobgate,6,a_negatives,all lesions,1235,5,0.00404858,0.00173049,0.00944253,0.455696,0.368057,316,0,
dark_blobgate,6,a_negatives,"all, not separated",1165,5,0.00429185,0.00183454,0.0100076,0.455696,0.368057,316,0,
dark_blobgate,6,a_negatives,size <5,49,0,0,0,0.0727003,0.455696,0.368057,316,0,
dark_blobgate,6,a_negatives,size 5-10,37,0,0,0,0.094061,0.455696,0.368057,316,0,
dark_blobgate,6,a_negatives,size 10-20,275,0,0,0,0.013777,0.455696,0.368057,316,0,
dark_blobgate,6,a_negatives,size 20-40,597,0,0,0,0.0063937,0.455696,0.368057,316,0,
dark_blobgate,6,a_negatives,size >=40,277,5,0.0180505,0.00773403,0.0415521,0.455696,0.368057,316,0,
dark_blobgate,6,a_negatives,v3 hypo,585,1,0.0017094,0.000301807,0.00961869,0.455696,0.368057,316,0,
dark_blobgate,6,a_negatives,v3 iso,461,2,0.00433839,0.00119053,0.0156789,0.455696,0.368057,316,0,
dark_blobgate,6,a_negatives,v3 hyper,189,2,0.010582,0.00290672,0.0377567,0.455696,0.368057,316,0,
dark_blobgate,6,a_negatives,phase Arterial,260,3,0.0115385,0.00393166,0.0333695,0.455696,0.368057,316,0,
dark_blobgate,6,a_negatives,phase Delay,4,0,0,0,0.4899,0.455696,0.368057,316,0,
dark_blobgate,6,a_negatives,phase Non-contrast,413,1,0.00242131,0.000427537,0.0135864,0.455696,0.368057,316,0,
dark_blobgate,6,a_negatives,phase Venous,557,1,0.00179533,0.000316982,0.0100988,0.455696,0.368057,316,0,
dark_blobgate,6,a_negatives,region head,825,3,0.00363636,0.00123742,0.0106365,0.455696,0.368057,316,0,
dark_blobgate,6,a_negatives,region body,207,1,0.00483092,0.000853263,0.0268528,0.455696,0.368057,316,0,
dark_blobgate,6,a_negatives,region tail,195,1,0.00512821,0.000905805,0.0284724,0.455696,0.368057,316,0,
dark_blobgate,6,a_negatives,thickness <=1.5 mm,532,0,0,0,0.00716928,0.455696,0.368057,316,0,
dark_blobgate,6,a_negatives,thickness 1.5-2.5 mm,426,4,0.00938967,0.00365729,0.0238915,0.455696,0.368057,316,0,
dark_blobgate,6,a_negatives,thickness 2.5-5 mm,273,1,0.003663,0.000646886,0.020454,0.455696,0.368057,316,0,
dark_blobgate,6,a_negatives,thickness >5 mm,4,0,0,0,0.4899,0.455696,0.368057,316,0,
dark_blobgate,6,a_negatives,tier abutting,174,1,0.00574713,0.0010152,0.031832,0.455696,0.368057,316,0,
dark_blobgate,6,a_negatives,tier embedded,111,0,0,0,0.0334513,0.455696,0.368057,316,0,
dark_blobgate,6,a_negatives,tier inside,880,4,0.00454545,0.00176899,0.0116289,0.455696,0.368057,316,0,
dark_blobgate,6,a_negatives,tier separated,70,0,0,0,0.0520249,0.455696,0.368057,316,0,
dark_blobgate,6,a_negatives,nnU-Net detected,659,5,0.00758725,0.003245,0.0176372,0.455696,0.368057,316,0,
dark_blobgate,6,a_negatives,nnU-Net missed,576,0,0,0,0.00662526,0.455696,0.368057,316,0,
dark_blobgate,6,a_negatives,"nnU-Net missed, 10-20mm",204,0,0,0,0.0184833,0.455696,0.368057,316,0,
dark_blobgate,6,a_negatives,"nnU-Net missed, TARGET",74,0,0,0,0.0493515,0.455696,0.368057,316,0,
dark_blobgate,6,b_positives_nontumor,TARGET 10-20mm hypo/hyper enhanced,106,0,0,0,0.034974,0.331295,0.327232,981,0,
dark_blobgate,6,b_positives_nontumor,10-20mm all,275,0,0,0,0.013777,0.331295,0.327232,981,0,
dark_blobgate,6,b_positives_nontumor,10-20mm enhanced,157,0,0,0,0.0238844,0.331295,0.327232,981,0,
dark_blobgate,6,b_positives_nontumor,10-20mm iso(v3),99,0,0,0,0.0373545,0.331295,0.327232,981,0,
dark_blobgate,6,b_positives_nontumor,10-20mm iso within 5 HU,66,0,0,0,0.0550045,0.331295,0.327232,981,0,
dark_blobgate,6,b_positives_nontumor,<10mm all,86,0,0,0,0.0427597,0.331295,0.327232,981,0,
dark_blobgate,6,b_positives_nontumor,>=20mm all,874,5,0.00572082,0.00244596,0.0133218,0.331295,0.327232,981,0,
dark_blobgate,6,b_positives_nontumor,all lesions,1235,5,0.00404858,0.00173049,0.00944253,0.331295,0.327232,981,0,
dark_blobgate,6,b_positives_nontumor,"all, not separated",1165,5,0.00429185,0.00183454,0.0100076,0.331295,0.327232,981,0,
dark_blobgate,6,b_positives_nontumor,size <5,49,0,0,0,0.0727003,0.331295,0.327232,981,0,
dark_blobgate,6,b_positives_nontumor,size 5-10,37,0,0,0,0.094061,0.331295,0.327232,981,0,
dark_blobgate,6,b_positives_nontumor,size 10-20,275,0,0,0,0.013777,0.331295,0.327232,981,0,
dark_blobgate,6,b_positives_nontumor,size 20-40,597,0,0,0,0.0063937,0.331295,0.327232,981,0,
dark_blobgate,6,b_positives_nontumor,size >=40,277,5,0.0180505,0.00773403,0.0415521,0.331295,0.327232,981,0,
dark_blobgate,6,b_positives_nontumor,v3 hypo,585,1,0.0017094,0.000301807,0.00961869,0.331295,0.327232,981,0,
dark_blobgate,6,b_positives_nontumor,v3 iso,461,2,0.00433839,0.00119053,0.0156789,0.331295,0.327232,981,0,
dark_blobgate,6,b_positives_nontumor,v3 hyper,189,2,0.010582,0.00290672,0.0377567,0.331295,0.327232,981,0,
dark_blobgate,6,b_positives_nontumor,phase Arterial,260,3,0.0115385,0.00393166,0.0333695,0.331295,0.327232,981,0,
dark_blobgate,6,b_positives_nontumor,phase Delay,4,0,0,0,0.4899,0.331295,0.327232,981,0,
dark_blobgate,6,b_positives_nontumor,phase Non-contrast,413,1,0.00242131,0.000427537,0.0135864,0.331295,0.327232,981,0,
dark_blobgate,6,b_positives_nontumor,phase Venous,557,1,0.00179533,0.000316982,0.0100988,0.331295,0.327232,981,0,
dark_blobgate,6,b_positives_nontumor,region head,825,3,0.00363636,0.00123742,0.0106365,0.331295,0.327232,981,0,
dark_blobgate,6,b_positives_nontumor,region body,207,1,0.00483092,0.000853263,0.0268528,0.331295,0.327232,981,0,
dark_blobgate,6,b_positives_nontumor,region tail,195,1,0.00512821,0.000905805,0.0284724,0.331295,0.327232,981,0,
dark_blobgate,6,b_positives_nontumor,thickness <=1.5 mm,532,0,0,0,0.00716928,0.331295,0.327232,981,0,
dark_blobgate,6,b_positives_nontumor,thickness 1.5-2.5 mm,426,4,0.00938967,0.00365729,0.0238915,0.331295,0.327232,981,0,
dark_blobgate,6,b_positives_nontumor,thickness 2.5-5 mm,273,1,0.003663,0.000646886,0.020454,0.331295,0.327232,981,0,
dark_blobgate,6,b_positives_nontumor,thickness >5 mm,4,0,0,0,0.4899,0.331295,0.327232,981,0,
dark_blobgate,6,b_positives_nontumor,tier abutting,174,1,0.00574713,0.0010152,0.031832,0.331295,0.327232,981,0,
dark_blobgate,6,b_positives_nontumor,tier embedded,111,0,0,0,0.0334513,0.331295,0.327232,981,0,
dark_blobgate,6,b_positives_nontumor,tier inside,880,4,0.00454545,0.00176899,0.0116289,0.331295,0.327232,981,0,
dark_blobgate,6,b_positives_nontumor,tier separated,70,0,0,0,0.0520249,0.331295,0.327232,981,0,
dark_blobgate,6,b_positives_nontumor,nnU-Net detected,659,5,0.00758725,0.003245,0.0176372,0.331295,0.327232,981,0,
dark_blobgate,6,b_positives_nontumor,nnU-Net missed,576,0,0,0,0.00662526,0.331295,0.327232,981,0,
dark_blobgate,6,b_positives_nontumor,"nnU-Net missed, 10-20mm",204,0,0,0,0.0184833,0.331295,0.327232,981,0,
dark_blobgate,6,b_positives_nontumor,"nnU-Net missed, TARGET",74,0,0,0,0.0493515,0.331295,0.327232,981,0,
dark_blobgate,6,a_neg_reweighted_to_pos,TARGET 10-20mm hypo/hyper enhanced,106,0,0,0,0.034974,0.463926,,316,,
dark_blobgate,6,a_neg_reweighted_to_pos,10-20mm all,275,0,0,0,0.013777,0.463926,,316,,
dark_blobgate,6,a_neg_reweighted_to_pos,10-20mm enhanced,157,0,0,0,0.0238844,0.463926,,316,,
dark_blobgate,6,a_neg_reweighted_to_pos,10-20mm iso(v3),99,0,0,0,0.0373545,0.463926,,316,,
dark_blobgate,6,a_neg_reweighted_to_pos,10-20mm iso within 5 HU,66,0,0,0,0.0550045,0.463926,,316,,
dark_blobgate,6,a_neg_reweighted_to_pos,<10mm all,86,0,0,0,0.0427597,0.463926,,316,,
dark_blobgate,6,a_neg_reweighted_to_pos,>=20mm all,874,5,0.00572082,0.00244596,0.0133218,0.463926,,316,,
dark_blobgate,6,a_neg_reweighted_to_pos,all lesions,1235,5,0.00404858,0.00173049,0.00944253,0.463926,,316,,
dark_blobgate,6,a_neg_reweighted_to_pos,"all, not separated",1165,5,0.00429185,0.00183454,0.0100076,0.463926,,316,,
dark_blobgate,6,a_neg_reweighted_to_pos,size <5,49,0,0,0,0.0727003,0.463926,,316,,
dark_blobgate,6,a_neg_reweighted_to_pos,size 5-10,37,0,0,0,0.094061,0.463926,,316,,
dark_blobgate,6,a_neg_reweighted_to_pos,size 10-20,275,0,0,0,0.013777,0.463926,,316,,
dark_blobgate,6,a_neg_reweighted_to_pos,size 20-40,597,0,0,0,0.0063937,0.463926,,316,,
dark_blobgate,6,a_neg_reweighted_to_pos,size >=40,277,5,0.0180505,0.00773403,0.0415521,0.463926,,316,,
dark_blobgate,6,a_neg_reweighted_to_pos,v3 hypo,585,1,0.0017094,0.000301807,0.00961869,0.463926,,316,,
dark_blobgate,6,a_neg_reweighted_to_pos,v3 iso,461,2,0.00433839,0.00119053,0.0156789,0.463926,,316,,
dark_blobgate,6,a_neg_reweighted_to_pos,v3 hyper,189,2,0.010582,0.00290672,0.0377567,0.463926,,316,,
dark_blobgate,6,a_neg_reweighted_to_pos,phase Arterial,260,3,0.0115385,0.00393166,0.0333695,0.463926,,316,,
dark_blobgate,6,a_neg_reweighted_to_pos,phase Delay,4,0,0,0,0.4899,0.463926,,316,,
dark_blobgate,6,a_neg_reweighted_to_pos,phase Non-contrast,413,1,0.00242131,0.000427537,0.0135864,0.463926,,316,,
dark_blobgate,6,a_neg_reweighted_to_pos,phase Venous,557,1,0.00179533,0.000316982,0.0100988,0.463926,,316,,
dark_blobgate,6,a_neg_reweighted_to_pos,region head,825,3,0.00363636,0.00123742,0.0106365,0.463926,,316,,
dark_blobgate,6,a_neg_reweighted_to_pos,region body,207,1,0.00483092,0.000853263,0.0268528,0.463926,,316,,
dark_blobgate,6,a_neg_reweighted_to_pos,region tail,195,1,0.00512821,0.000905805,0.0284724,0.463926,,316,,
dark_blobgate,6,a_neg_reweighted_to_pos,thickness <=1.5 mm,532,0,0,0,0.00716928,0.463926,,316,,
dark_blobgate,6,a_neg_reweighted_to_pos,thickness 1.5-2.5 mm,426,4,0.00938967,0.00365729,0.0238915,0.463926,,316,,
dark_blobgate,6,a_neg_reweighted_to_pos,thickness 2.5-5 mm,273,1,0.003663,0.000646886,0.020454,0.463926,,316,,
dark_blobgate,6,a_neg_reweighted_to_pos,thickness >5 mm,4,0,0,0,0.4899,0.463926,,316,,
dark_blobgate,6,a_neg_reweighted_to_pos,tier abutting,174,1,0.00574713,0.0010152,0.031832,0.463926,,316,,
dark_blobgate,6,a_neg_reweighted_to_pos,tier embedded,111,0,0,0,0.0334513,0.463926,,316,,
dark_blobgate,6,a_neg_reweighted_to_pos,tier inside,880,4,0.00454545,0.00176899,0.0116289,0.463926,,316,,
dark_blobgate,6,a_neg_reweighted_to_pos,tier separated,70,0,0,0,0.0520249,0.463926,,316,,
dark_blobgate,6,a_neg_reweighted_to_pos,nnU-Net detected,659,5,0.00758725,0.003245,0.0176372,0.463926,,316,,
dark_blobgate,6,a_neg_reweighted_to_pos,nnU-Net missed,576,0,0,0,0.00662526,0.463926,,316,,
dark_blobgate,6,a_neg_reweighted_to_pos,"nnU-Net missed, 10-20mm",204,0,0,0,0.0184833,0.463926,,316,,
dark_blobgate,6,a_neg_reweighted_to_pos,"nnU-Net missed, TARGET",74,0,0,0,0.0493515,0.463926,,316,,
dark_blobgate,8,a_negatives,TARGET 10-20mm hypo/hyper enhanced,106,0,0,0,0.034974,0.0791139,0.0638987,316,0,
dark_blobgate,8,a_negatives,10-20mm all,275,0,0,0,0.013777,0.0791139,0.0638987,316,0,
dark_blobgate,8,a_negatives,10-20mm enhanced,157,0,0,0,0.0238844,0.0791139,0.0638987,316,0,
dark_blobgate,8,a_negatives,10-20mm iso(v3),99,0,0,0,0.0373545,0.0791139,0.0638987,316,0,
dark_blobgate,8,a_negatives,10-20mm iso within 5 HU,66,0,0,0,0.0550045,0.0791139,0.0638987,316,0,
dark_blobgate,8,a_negatives,<10mm all,86,0,0,0,0.0427597,0.0791139,0.0638987,316,0,
dark_blobgate,8,a_negatives,>=20mm all,874,2,0.00228833,0.000627754,0.00830507,0.0791139,0.0638987,316,0,
dark_blobgate,8,a_negatives,all lesions,1235,2,0.00161943,0.00044421,0.00588557,0.0791139,0.0638987,316,0,
dark_blobgate,8,a_negatives,"all, not separated",1165,2,0.00171674,0.000470908,0.00623796,0.0791139,0.0638987,316,0,
dark_blobgate,8,a_negatives,size <5,49,0,0,0,0.0727003,0.0791139,0.0638987,316,0,
dark_blobgate,8,a_negatives,size 5-10,37,0,0,0,0.094061,0.0791139,0.0638987,316,0,
dark_blobgate,8,a_negatives,size 10-20,275,0,0,0,0.013777,0.0791139,0.0638987,316,0,
dark_blobgate,8,a_negatives,size 20-40,597,0,0,0,0.0063937,0.0791139,0.0638987,316,0,
dark_blobgate,8,a_negatives,size >=40,277,2,0.00722022,0.00198224,0.0259395,0.0791139,0.0638987,316,0,
dark_blobgate,8,a_negatives,v3 hypo,585,0,0,0,0.006524,0.0791139,0.0638987,316,0,
dark_blobgate,8,a_negatives,v3 iso,461,1,0.0021692,0.000383009,0.0121839,0.0791139,0.0638987,316,0,
dark_blobgate,8,a_negatives,v3 hyper,189,1,0.00529101,0.00093458,0.0293576,0.0791139,0.0638987,316,0,
dark_blobgate,8,a_negatives,phase Arterial,260,1,0.00384615,0.000679246,0.0214613,0.0791139,0.0638987,316,0,
dark_blobgate,8,a_negatives,phase Delay,4,0,0,0,0.4899,0.0791139,0.0638987,316,0,
dark_blobgate,8,a_negatives,phase Non-contrast,413,0,0,0,0.00921597,0.0791139,0.0638987,316,0,
dark_blobgate,8,a_negatives,phase Venous,557,1,0.00179533,0.000316982,0.0100988,0.0791139,0.0638987,316,0,
dark_blobgate,8,a_negatives,region head,825,0,0,0,0.0046349,0.0791139,0.0638987,316,0,
dark_blobgate,8,a_negatives,region body,207,1,0.00483092,0.000853263,0.0268528,0.0791139,0.0638987,316,0,
dark_blobgate,8,a_negatives,region tail,195,1,0.00512821,0.000905805,0.0284724,0.0791139,0.0638987,316,0,
dark_blobgate,8,a_negatives,thickness <=1.5 mm,532,0,0,0,0.00716928,0.0791139,0.0638987,316,0,
dark_blobgate,8,a_negatives,thickness 1.5-2.5 mm,426,1,0.00234742,0.000414486,0.0131756,0.0791139,0.0638987,316,0,
dark_blobgate,8,a_negatives,thickness 2.5-5 mm,273,1,0.003663,0.000646886,0.020454,0.0791139,0.0638987,316,0,
dark_blobgate,8,a_negatives,thickness >5 mm,4,0,0,0,0.4899,0.0791139,0.0638987,316,0,
dark_blobgate,8,a_negatives,tier abutting,174,1,0.00574713,0.0010152,0.031832,0.0791139,0.0638987,316,0,
dark_blobgate,8,a_negatives,tier embedded,111,0,0,0,0.0334513,0.0791139,0.0638987,316,0,
dark_blobgate,8,a_negatives,tier inside,880,1,0.00113636,0.000200619,0.00640871,0.0791139,0.0638987,316,0,
dark_blobgate,8,a_negatives,tier separated,70,0,0,0,0.0520249,0.0791139,0.0638987,316,0,
dark_blobgate,8,a_negatives,nnU-Net detected,659,2,0.0030349,0.000832657,0.0109976,0.0791139,0.0638987,316,0,
dark_blobgate,8,a_negatives,nnU-Net missed,576,0,0,0,0.00662526,0.0791139,0.0638987,316,0,
dark_blobgate,8,a_negatives,"nnU-Net missed, 10-20mm",204,0,0,0,0.0184833,0.0791139,0.0638987,316,0,
dark_blobgate,8,a_negatives,"nnU-Net missed, TARGET",74,0,0,0,0.0493515,0.0791139,0.0638987,316,0,
dark_blobgate,8,b_positives_nontumor,TARGET 10-20mm hypo/hyper enhanced,106,0,0,0,0.034974,0.0723751,0.0714875,981,0,
dark_blobgate,8,b_positives_nontumor,10-20mm all,275,0,0,0,0.013777,0.0723751,0.0714875,981,0,
dark_blobgate,8,b_positives_nontumor,10-20mm enhanced,157,0,0,0,0.0238844,0.0723751,0.0714875,981,0,
dark_blobgate,8,b_positives_nontumor,10-20mm iso(v3),99,0,0,0,0.0373545,0.0723751,0.0714875,981,0,
dark_blobgate,8,b_positives_nontumor,10-20mm iso within 5 HU,66,0,0,0,0.0550045,0.0723751,0.0714875,981,0,
dark_blobgate,8,b_positives_nontumor,<10mm all,86,0,0,0,0.0427597,0.0723751,0.0714875,981,0,
dark_blobgate,8,b_positives_nontumor,>=20mm all,874,2,0.00228833,0.000627754,0.00830507,0.0723751,0.0714875,981,0,
dark_blobgate,8,b_positives_nontumor,all lesions,1235,2,0.00161943,0.00044421,0.00588557,0.0723751,0.0714875,981,0,
dark_blobgate,8,b_positives_nontumor,"all, not separated",1165,2,0.00171674,0.000470908,0.00623796,0.0723751,0.0714875,981,0,
dark_blobgate,8,b_positives_nontumor,size <5,49,0,0,0,0.0727003,0.0723751,0.0714875,981,0,
dark_blobgate,8,b_positives_nontumor,size 5-10,37,0,0,0,0.094061,0.0723751,0.0714875,981,0,
dark_blobgate,8,b_positives_nontumor,size 10-20,275,0,0,0,0.013777,0.0723751,0.0714875,981,0,
dark_blobgate,8,b_positives_nontumor,size 20-40,597,0,0,0,0.0063937,0.0723751,0.0714875,981,0,
dark_blobgate,8,b_positives_nontumor,size >=40,277,2,0.00722022,0.00198224,0.0259395,0.0723751,0.0714875,981,0,
dark_blobgate,8,b_positives_nontumor,v3 hypo,585,0,0,0,0.006524,0.0723751,0.0714875,981,0,
dark_blobgate,8,b_positives_nontumor,v3 iso,461,1,0.0021692,0.000383009,0.0121839,0.0723751,0.0714875,981,0,
dark_blobgate,8,b_positives_nontumor,v3 hyper,189,1,0.00529101,0.00093458,0.0293576,0.0723751,0.0714875,981,0,
dark_blobgate,8,b_positives_nontumor,phase Arterial,260,1,0.00384615,0.000679246,0.0214613,0.0723751,0.0714875,981,0,
dark_blobgate,8,b_positives_nontumor,phase Delay,4,0,0,0,0.4899,0.0723751,0.0714875,981,0,
dark_blobgate,8,b_positives_nontumor,phase Non-contrast,413,0,0,0,0.00921597,0.0723751,0.0714875,981,0,
dark_blobgate,8,b_positives_nontumor,phase Venous,557,1,0.00179533,0.000316982,0.0100988,0.0723751,0.0714875,981,0,
dark_blobgate,8,b_positives_nontumor,region head,825,0,0,0,0.0046349,0.0723751,0.0714875,981,0,
dark_blobgate,8,b_positives_nontumor,region body,207,1,0.00483092,0.000853263,0.0268528,0.0723751,0.0714875,981,0,
dark_blobgate,8,b_positives_nontumor,region tail,195,1,0.00512821,0.000905805,0.0284724,0.0723751,0.0714875,981,0,
dark_blobgate,8,b_positives_nontumor,thickness <=1.5 mm,532,0,0,0,0.00716928,0.0723751,0.0714875,981,0,
dark_blobgate,8,b_positives_nontumor,thickness 1.5-2.5 mm,426,1,0.00234742,0.000414486,0.0131756,0.0723751,0.0714875,981,0,
dark_blobgate,8,b_positives_nontumor,thickness 2.5-5 mm,273,1,0.003663,0.000646886,0.020454,0.0723751,0.0714875,981,0,
dark_blobgate,8,b_positives_nontumor,thickness >5 mm,4,0,0,0,0.4899,0.0723751,0.0714875,981,0,
dark_blobgate,8,b_positives_nontumor,tier abutting,174,1,0.00574713,0.0010152,0.031832,0.0723751,0.0714875,981,0,
dark_blobgate,8,b_positives_nontumor,tier embedded,111,0,0,0,0.0334513,0.0723751,0.0714875,981,0,
dark_blobgate,8,b_positives_nontumor,tier inside,880,1,0.00113636,0.000200619,0.00640871,0.0723751,0.0714875,981,0,
dark_blobgate,8,b_positives_nontumor,tier separated,70,0,0,0,0.0520249,0.0723751,0.0714875,981,0,
dark_blobgate,8,b_positives_nontumor,nnU-Net detected,659,2,0.0030349,0.000832657,0.0109976,0.0723751,0.0714875,981,0,
dark_blobgate,8,b_positives_nontumor,nnU-Net missed,576,0,0,0,0.00662526,0.0723751,0.0714875,981,0,
dark_blobgate,8,b_positives_nontumor,"nnU-Net missed, 10-20mm",204,0,0,0,0.0184833,0.0723751,0.0714875,981,0,
dark_blobgate,8,b_positives_nontumor,"nnU-Net missed, TARGET",74,0,0,0,0.0493515,0.0723751,0.0714875,981,0,
dark_blobgate,8,a_neg_reweighted_to_pos,TARGET 10-20mm hypo/hyper enhanced,106,0,0,0,0.034974,0.075127,,316,,
dark_blobgate,8,a_neg_reweighted_to_pos,10-20mm all,275,0,0,0,0.013777,0.075127,,316,,
dark_blobgate,8,a_neg_reweighted_to_pos,10-20mm enhanced,157,0,0,0,0.0238844,0.075127,,316,,
dark_blobgate,8,a_neg_reweighted_to_pos,10-20mm iso(v3),99,0,0,0,0.0373545,0.075127,,316,,
dark_blobgate,8,a_neg_reweighted_to_pos,10-20mm iso within 5 HU,66,0,0,0,0.0550045,0.075127,,316,,
dark_blobgate,8,a_neg_reweighted_to_pos,<10mm all,86,0,0,0,0.0427597,0.075127,,316,,
dark_blobgate,8,a_neg_reweighted_to_pos,>=20mm all,874,2,0.00228833,0.000627754,0.00830507,0.075127,,316,,
dark_blobgate,8,a_neg_reweighted_to_pos,all lesions,1235,2,0.00161943,0.00044421,0.00588557,0.075127,,316,,
dark_blobgate,8,a_neg_reweighted_to_pos,"all, not separated",1165,2,0.00171674,0.000470908,0.00623796,0.075127,,316,,
dark_blobgate,8,a_neg_reweighted_to_pos,size <5,49,0,0,0,0.0727003,0.075127,,316,,
dark_blobgate,8,a_neg_reweighted_to_pos,size 5-10,37,0,0,0,0.094061,0.075127,,316,,
dark_blobgate,8,a_neg_reweighted_to_pos,size 10-20,275,0,0,0,0.013777,0.075127,,316,,
dark_blobgate,8,a_neg_reweighted_to_pos,size 20-40,597,0,0,0,0.0063937,0.075127,,316,,
dark_blobgate,8,a_neg_reweighted_to_pos,size >=40,277,2,0.00722022,0.00198224,0.0259395,0.075127,,316,,
dark_blobgate,8,a_neg_reweighted_to_pos,v3 hypo,585,0,0,0,0.006524,0.075127,,316,,
dark_blobgate,8,a_neg_reweighted_to_pos,v3 iso,461,1,0.0021692,0.000383009,0.0121839,0.075127,,316,,
dark_blobgate,8,a_neg_reweighted_to_pos,v3 hyper,189,1,0.00529101,0.00093458,0.0293576,0.075127,,316,,
dark_blobgate,8,a_neg_reweighted_to_pos,phase Arterial,260,1,0.00384615,0.000679246,0.0214613,0.075127,,316,,
dark_blobgate,8,a_neg_reweighted_to_pos,phase Delay,4,0,0,0,0.4899,0.075127,,316,,
dark_blobgate,8,a_neg_reweighted_to_pos,phase Non-contrast,413,0,0,0,0.00921597,0.075127,,316,,
dark_blobgate,8,a_neg_reweighted_to_pos,phase Venous,557,1,0.00179533,0.000316982,0.0100988,0.075127,,316,,
dark_blobgate,8,a_neg_reweighted_to_pos,region head,825,0,0,0,0.0046349,0.075127,,316,,
dark_blobgate,8,a_neg_reweighted_to_pos,region body,207,1,0.00483092,0.000853263,0.0268528,0.075127,,316,,
dark_blobgate,8,a_neg_reweighted_to_pos,region tail,195,1,0.00512821,0.000905805,0.0284724,0.075127,,316,,
dark_blobgate,8,a_neg_reweighted_to_pos,thickness <=1.5 mm,532,0,0,0,0.00716928,0.075127,,316,,
dark_blobgate,8,a_neg_reweighted_to_pos,thickness 1.5-2.5 mm,426,1,0.00234742,0.000414486,0.0131756,0.075127,,316,,
dark_blobgate,8,a_neg_reweighted_to_pos,thickness 2.5-5 mm,273,1,0.003663,0.000646886,0.020454,0.075127,,316,,
dark_blobgate,8,a_neg_reweighted_to_pos,thickness >5 mm,4,0,0,0,0.4899,0.075127,,316,,
dark_blobgate,8,a_neg_reweighted_to_pos,tier abutting,174,1,0.00574713,0.0010152,0.031832,0.075127,,316,,
dark_blobgate,8,a_neg_reweighted_to_pos,tier embedded,111,0,0,0,0.0334513,0.075127,,316,,
dark_blobgate,8,a_neg_reweighted_to_pos,tier inside,880,1,0.00113636,0.000200619,0.00640871,0.075127,,316,,
dark_blobgate,8,a_neg_reweighted_to_pos,tier separated,70,0,0,0,0.0520249,0.075127,,316,,
dark_blobgate,8,a_neg_reweighted_to_pos,nnU-Net detected,659,2,0.0030349,0.000832657,0.0109976,0.075127,,316,,
dark_blobgate,8,a_neg_reweighted_to_pos,nnU-Net missed,576,0,0,0,0.00662526,0.075127,,316,,
dark_blobgate,8,a_neg_reweighted_to_pos,"nnU-Net missed, 10-20mm",204,0,0,0,0.0184833,0.075127,,316,,
dark_blobgate,8,a_neg_reweighted_to_pos,"nnU-Net missed, TARGET",74,0,0,0,0.0493515,0.075127,,316,,
dark_blobgate,10,a_negatives,TARGET 10-20mm hypo/hyper enhanced,106,0,0,0,0.034974,0.028481,0.0230035,316,0,
dark_blobgate,10,a_negatives,10-20mm all,275,0,0,0,0.013777,0.028481,0.0230035,316,0,
dark_blobgate,10,a_negatives,10-20mm enhanced,157,0,0,0,0.0238844,0.028481,0.0230035,316,0,
dark_blobgate,10,a_negatives,10-20mm iso(v3),99,0,0,0,0.0373545,0.028481,0.0230035,316,0,
dark_blobgate,10,a_negatives,10-20mm iso within 5 HU,66,0,0,0,0.0550045,0.028481,0.0230035,316,0,
dark_blobgate,10,a_negatives,<10mm all,86,0,0,0,0.0427597,0.028481,0.0230035,316,0,
dark_blobgate,10,a_negatives,>=20mm all,874,1,0.00114416,0.000201997,0.00645251,0.028481,0.0230035,316,0,
dark_blobgate,10,a_negatives,all lesions,1235,1,0.000809717,0.000142945,0.00457243,0.028481,0.0230035,316,0,
dark_blobgate,10,a_negatives,"all, not separated",1165,1,0.000858369,0.000151535,0.00484623,0.028481,0.0230035,316,0,
dark_blobgate,10,a_negatives,size <5,49,0,0,0,0.0727003,0.028481,0.0230035,316,0,
dark_blobgate,10,a_negatives,size 5-10,37,0,0,0,0.094061,0.028481,0.0230035,316,0,
dark_blobgate,10,a_negatives,size 10-20,275,0,0,0,0.013777,0.028481,0.0230035,316,0,
dark_blobgate,10,a_negatives,size 20-40,597,0,0,0,0.0063937,0.028481,0.0230035,316,0,
dark_blobgate,10,a_negatives,size >=40,277,1,0.00361011,0.000637541,0.0201628,0.028481,0.0230035,316,0,
dark_blobgate,10,a_negatives,v3 hypo,585,0,0,0,0.006524,0.028481,0.0230035,316,0,
dark_blobgate,10,a_negatives,v3 iso,461,1,0.0021692,0.000383009,0.0121839,0.028481,0.0230035,316,0,
dark_blobgate,10,a_negatives,v3 hyper,189,0,0,0,0.019921,0.028481,0.0230035,316,0,
dark_blobgate,10,a_negatives,phase Arterial,260,1,0.00384615,0.000679246,0.0214613,0.028481,0.0230035,316,0,
dark_blobgate,10,a_negatives,phase Delay,4,0,0,0,0.4899,0.028481,0.0230035,316,0,
dark_blobgate,10,a_negatives,phase Non-contrast,413,0,0,0,0.00921597,0.028481,0.0230035,316,0,
dark_blobgate,10,a_negatives,phase Venous,557,0,0,0,0.00684971,0.028481,0.0230035,316,0,
dark_blobgate,10,a_negatives,region head,825,0,0,0,0.0046349,0.028481,0.0230035,316,0,
dark_blobgate,10,a_negatives,region body,207,0,0,0,0.0182203,0.028481,0.0230035,316,0,
dark_blobgate,10,a_negatives,region tail,195,1,0.00512821,0.000905805,0.0284724,0.028481,0.0230035,316,0,
dark_blobgate,10,a_negatives,thickness <=1.5 mm,532,0,0,0,0.00716928,0.028481,0.0230035,316,0,
dark_blobgate,10,a_negatives,thickness 1.5-2.5 mm,426,0,0,0,0.00893725,0.028481,0.0230035,316,0,
dark_blobgate,10,a_negatives,thickness 2.5-5 mm,273,1,0.003663,0.000646886,0.020454,0.028481,0.0230035,316,0,
dark_blobgate,10,a_negatives,thickness >5 mm,4,0,0,0,0.4899,0.028481,0.0230035,316,0,
dark_blobgate,10,a_negatives,tier abutting,174,1,0.00574713,0.0010152,0.031832,0.028481,0.0230035,316,0,
dark_blobgate,10,a_negatives,tier embedded,111,0,0,0,0.0334513,0.028481,0.0230035,316,0,
dark_blobgate,10,a_negatives,tier inside,880,0,0,0,0.00434648,0.028481,0.0230035,316,0,
dark_blobgate,10,a_negatives,tier separated,70,0,0,0,0.0520249,0.028481,0.0230035,316,0,
dark_blobgate,10,a_negatives,nnU-Net detected,659,1,0.00151745,0.000267911,0.00854505,0.028481,0.0230035,316,0,
dark_blobgate,10,a_negatives,nnU-Net missed,576,0,0,0,0.00662526,0.028481,0.0230035,316,0,
dark_blobgate,10,a_negatives,"nnU-Net missed, 10-20mm",204,0,0,0,0.0184833,0.028481,0.0230035,316,0,
dark_blobgate,10,a_negatives,"nnU-Net missed, TARGET",74,0,0,0,0.0493515,0.028481,0.0230035,316,0,
dark_blobgate,10,b_positives_nontumor,TARGET 10-20mm hypo/hyper enhanced,106,0,0,0,0.034974,0.0234455,0.0231579,981,0,
dark_blobgate,10,b_positives_nontumor,10-20mm all,275,0,0,0,0.013777,0.0234455,0.0231579,981,0,
dark_blobgate,10,b_positives_nontumor,10-20mm enhanced,157,0,0,0,0.0238844,0.0234455,0.0231579,981,0,
dark_blobgate,10,b_positives_nontumor,10-20mm iso(v3),99,0,0,0,0.0373545,0.0234455,0.0231579,981,0,
dark_blobgate,10,b_positives_nontumor,10-20mm iso within 5 HU,66,0,0,0,0.0550045,0.0234455,0.0231579,981,0,
dark_blobgate,10,b_positives_nontumor,<10mm all,86,0,0,0,0.0427597,0.0234455,0.0231579,981,0,
dark_blobgate,10,b_positives_nontumor,>=20mm all,874,1,0.00114416,0.000201997,0.00645251,0.0234455,0.0231579,981,0,
dark_blobgate,10,b_positives_nontumor,all lesions,1235,1,0.000809717,0.000142945,0.00457243,0.0234455,0.0231579,981,0,
dark_blobgate,10,b_positives_nontumor,"all, not separated",1165,1,0.000858369,0.000151535,0.00484623,0.0234455,0.0231579,981,0,
dark_blobgate,10,b_positives_nontumor,size <5,49,0,0,0,0.0727003,0.0234455,0.0231579,981,0,
dark_blobgate,10,b_positives_nontumor,size 5-10,37,0,0,0,0.094061,0.0234455,0.0231579,981,0,
dark_blobgate,10,b_positives_nontumor,size 10-20,275,0,0,0,0.013777,0.0234455,0.0231579,981,0,
dark_blobgate,10,b_positives_nontumor,size 20-40,597,0,0,0,0.0063937,0.0234455,0.0231579,981,0,
dark_blobgate,10,b_positives_nontumor,size >=40,277,1,0.00361011,0.000637541,0.0201628,0.0234455,0.0231579,981,0,
dark_blobgate,10,b_positives_nontumor,v3 hypo,585,0,0,0,0.006524,0.0234455,0.0231579,981,0,
dark_blobgate,10,b_positives_nontumor,v3 iso,461,1,0.0021692,0.000383009,0.0121839,0.0234455,0.0231579,981,0,
dark_blobgate,10,b_positives_nontumor,v3 hyper,189,0,0,0,0.019921,0.0234455,0.0231579,981,0,
dark_blobgate,10,b_positives_nontumor,phase Arterial,260,1,0.00384615,0.000679246,0.0214613,0.0234455,0.0231579,981,0,
dark_blobgate,10,b_positives_nontumor,phase Delay,4,0,0,0,0.4899,0.0234455,0.0231579,981,0,
dark_blobgate,10,b_positives_nontumor,phase Non-contrast,413,0,0,0,0.00921597,0.0234455,0.0231579,981,0,
dark_blobgate,10,b_positives_nontumor,phase Venous,557,0,0,0,0.00684971,0.0234455,0.0231579,981,0,
dark_blobgate,10,b_positives_nontumor,region head,825,0,0,0,0.0046349,0.0234455,0.0231579,981,0,
dark_blobgate,10,b_positives_nontumor,region body,207,0,0,0,0.0182203,0.0234455,0.0231579,981,0,
dark_blobgate,10,b_positives_nontumor,region tail,195,1,0.00512821,0.000905805,0.0284724,0.0234455,0.0231579,981,0,
dark_blobgate,10,b_positives_nontumor,thickness <=1.5 mm,532,0,0,0,0.00716928,0.0234455,0.0231579,981,0,
dark_blobgate,10,b_positives_nontumor,thickness 1.5-2.5 mm,426,0,0,0,0.00893725,0.0234455,0.0231579,981,0,
dark_blobgate,10,b_positives_nontumor,thickness 2.5-5 mm,273,1,0.003663,0.000646886,0.020454,0.0234455,0.0231579,981,0,
dark_blobgate,10,b_positives_nontumor,thickness >5 mm,4,0,0,0,0.4899,0.0234455,0.0231579,981,0,
dark_blobgate,10,b_positives_nontumor,tier abutting,174,1,0.00574713,0.0010152,0.031832,0.0234455,0.0231579,981,0,
dark_blobgate,10,b_positives_nontumor,tier embedded,111,0,0,0,0.0334513,0.0234455,0.0231579,981,0,
dark_blobgate,10,b_positives_nontumor,tier inside,880,0,0,0,0.00434648,0.0234455,0.0231579,981,0,
dark_blobgate,10,b_positives_nontumor,tier separated,70,0,0,0,0.0520249,0.0234455,0.0231579,981,0,
dark_blobgate,10,b_positives_nontumor,nnU-Net detected,659,1,0.00151745,0.000267911,0.00854505,0.0234455,0.0231579,981,0,
dark_blobgate,10,b_positives_nontumor,nnU-Net missed,576,0,0,0,0.00662526,0.0234455,0.0231579,981,0,
dark_blobgate,10,b_positives_nontumor,"nnU-Net missed, 10-20mm",204,0,0,0,0.0184833,0.0234455,0.0231579,981,0,
dark_blobgate,10,b_positives_nontumor,"nnU-Net missed, TARGET",74,0,0,0,0.0493515,0.0234455,0.0231579,981,0,
dark_blobgate,10,a_neg_reweighted_to_pos,TARGET 10-20mm hypo/hyper enhanced,106,0,0,0,0.034974,0.0337315,,316,,
dark_blobgate,10,a_neg_reweighted_to_pos,10-20mm all,275,0,0,0,0.013777,0.0337315,,316,,
dark_blobgate,10,a_neg_reweighted_to_pos,10-20mm enhanced,157,0,0,0,0.0238844,0.0337315,,316,,
dark_blobgate,10,a_neg_reweighted_to_pos,10-20mm iso(v3),99,0,0,0,0.0373545,0.0337315,,316,,
dark_blobgate,10,a_neg_reweighted_to_pos,10-20mm iso within 5 HU,66,0,0,0,0.0550045,0.0337315,,316,,
dark_blobgate,10,a_neg_reweighted_to_pos,<10mm all,86,0,0,0,0.0427597,0.0337315,,316,,
dark_blobgate,10,a_neg_reweighted_to_pos,>=20mm all,874,1,0.00114416,0.000201997,0.00645251,0.0337315,,316,,
dark_blobgate,10,a_neg_reweighted_to_pos,all lesions,1235,1,0.000809717,0.000142945,0.00457243,0.0337315,,316,,
dark_blobgate,10,a_neg_reweighted_to_pos,"all, not separated",1165,1,0.000858369,0.000151535,0.00484623,0.0337315,,316,,
dark_blobgate,10,a_neg_reweighted_to_pos,size <5,49,0,0,0,0.0727003,0.0337315,,316,,
dark_blobgate,10,a_neg_reweighted_to_pos,size 5-10,37,0,0,0,0.094061,0.0337315,,316,,
dark_blobgate,10,a_neg_reweighted_to_pos,size 10-20,275,0,0,0,0.013777,0.0337315,,316,,
dark_blobgate,10,a_neg_reweighted_to_pos,size 20-40,597,0,0,0,0.0063937,0.0337315,,316,,
dark_blobgate,10,a_neg_reweighted_to_pos,size >=40,277,1,0.00361011,0.000637541,0.0201628,0.0337315,,316,,
dark_blobgate,10,a_neg_reweighted_to_pos,v3 hypo,585,0,0,0,0.006524,0.0337315,,316,,
dark_blobgate,10,a_neg_reweighted_to_pos,v3 iso,461,1,0.0021692,0.000383009,0.0121839,0.0337315,,316,,
dark_blobgate,10,a_neg_reweighted_to_pos,v3 hyper,189,0,0,0,0.019921,0.0337315,,316,,
dark_blobgate,10,a_neg_reweighted_to_pos,phase Arterial,260,1,0.00384615,0.000679246,0.0214613,0.0337315,,316,,
dark_blobgate,10,a_neg_reweighted_to_pos,phase Delay,4,0,0,0,0.4899,0.0337315,,316,,
dark_blobgate,10,a_neg_reweighted_to_pos,phase Non-contrast,413,0,0,0,0.00921597,0.0337315,,316,,
dark_blobgate,10,a_neg_reweighted_to_pos,phase Venous,557,0,0,0,0.00684971,0.0337315,,316,,
dark_blobgate,10,a_neg_reweighted_to_pos,region head,825,0,0,0,0.0046349,0.0337315,,316,,
dark_blobgate,10,a_neg_reweighted_to_pos,region body,207,0,0,0,0.0182203,0.0337315,,316,,
dark_blobgate,10,a_neg_reweighted_to_pos,region tail,195,1,0.00512821,0.000905805,0.0284724,0.0337315,,316,,
dark_blobgate,10,a_neg_reweighted_to_pos,thickness <=1.5 mm,532,0,0,0,0.00716928,0.0337315,,316,,
dark_blobgate,10,a_neg_reweighted_to_pos,thickness 1.5-2.5 mm,426,0,0,0,0.00893725,0.0337315,,316,,
dark_blobgate,10,a_neg_reweighted_to_pos,thickness 2.5-5 mm,273,1,0.003663,0.000646886,0.020454,0.0337315,,316,,
dark_blobgate,10,a_neg_reweighted_to_pos,thickness >5 mm,4,0,0,0,0.4899,0.0337315,,316,,
dark_blobgate,10,a_neg_reweighted_to_pos,tier abutting,174,1,0.00574713,0.0010152,0.031832,0.0337315,,316,,
dark_blobgate,10,a_neg_reweighted_to_pos,tier embedded,111,0,0,0,0.0334513,0.0337315,,316,,
dark_blobgate,10,a_neg_reweighted_to_pos,tier inside,880,0,0,0,0.00434648,0.0337315,,316,,
dark_blobgate,10,a_neg_reweighted_to_pos,tier separated,70,0,0,0,0.0520249,0.0337315,,316,,
dark_blobgate,10,a_neg_reweighted_to_pos,nnU-Net detected,659,1,0.00151745,0.000267911,0.00854505,0.0337315,,316,,
dark_blobgate,10,a_neg_reweighted_to_pos,nnU-Net missed,576,0,0,0,0.00662526,0.0337315,,316,,
dark_blobgate,10,a_neg_reweighted_to_pos,"nnU-Net missed, 10-20mm",204,0,0,0,0.0184833,0.0337315,,316,,
dark_blobgate,10,a_neg_reweighted_to_pos,"nnU-Net missed, TARGET",74,0,0,0,0.0493515,0.0337315,,316,,
dark_blobgate,12,a_negatives,TARGET 10-20mm hypo/hyper enhanced,106,0,0,0,0.034974,0.0126582,0.0102238,316,0,
dark_blobgate,12,a_negatives,10-20mm all,275,0,0,0,0.013777,0.0126582,0.0102238,316,0,
dark_blobgate,12,a_negatives,10-20mm enhanced,157,0,0,0,0.0238844,0.0126582,0.0102238,316,0,
dark_blobgate,12,a_negatives,10-20mm iso(v3),99,0,0,0,0.0373545,0.0126582,0.0102238,316,0,
dark_blobgate,12,a_negatives,10-20mm iso within 5 HU,66,0,0,0,0.0550045,0.0126582,0.0102238,316,0,
dark_blobgate,12,a_negatives,<10mm all,86,0,0,0,0.0427597,0.0126582,0.0102238,316,0,
dark_blobgate,12,a_negatives,>=20mm all,874,1,0.00114416,0.000201997,0.00645251,0.0126582,0.0102238,316,0,
dark_blobgate,12,a_negatives,all lesions,1235,1,0.000809717,0.000142945,0.00457243,0.0126582,0.0102238,316,0,
dark_blobgate,12,a_negatives,"all, not separated",1165,1,0.000858369,0.000151535,0.00484623,0.0126582,0.0102238,316,0,
dark_blobgate,12,a_negatives,size <5,49,0,0,0,0.0727003,0.0126582,0.0102238,316,0,
dark_blobgate,12,a_negatives,size 5-10,37,0,0,0,0.094061,0.0126582,0.0102238,316,0,
dark_blobgate,12,a_negatives,size 10-20,275,0,0,0,0.013777,0.0126582,0.0102238,316,0,
dark_blobgate,12,a_negatives,size 20-40,597,0,0,0,0.0063937,0.0126582,0.0102238,316,0,
dark_blobgate,12,a_negatives,size >=40,277,1,0.00361011,0.000637541,0.0201628,0.0126582,0.0102238,316,0,
dark_blobgate,12,a_negatives,v3 hypo,585,0,0,0,0.006524,0.0126582,0.0102238,316,0,
dark_blobgate,12,a_negatives,v3 iso,461,1,0.0021692,0.000383009,0.0121839,0.0126582,0.0102238,316,0,
dark_blobgate,12,a_negatives,v3 hyper,189,0,0,0,0.019921,0.0126582,0.0102238,316,0,
dark_blobgate,12,a_negatives,phase Arterial,260,1,0.00384615,0.000679246,0.0214613,0.0126582,0.0102238,316,0,
dark_blobgate,12,a_negatives,phase Delay,4,0,0,0,0.4899,0.0126582,0.0102238,316,0,
dark_blobgate,12,a_negatives,phase Non-contrast,413,0,0,0,0.00921597,0.0126582,0.0102238,316,0,
dark_blobgate,12,a_negatives,phase Venous,557,0,0,0,0.00684971,0.0126582,0.0102238,316,0,
dark_blobgate,12,a_negatives,region head,825,0,0,0,0.0046349,0.0126582,0.0102238,316,0,
dark_blobgate,12,a_negatives,region body,207,0,0,0,0.0182203,0.0126582,0.0102238,316,0,
dark_blobgate,12,a_negatives,region tail,195,1,0.00512821,0.000905805,0.0284724,0.0126582,0.0102238,316,0,
dark_blobgate,12,a_negatives,thickness <=1.5 mm,532,0,0,0,0.00716928,0.0126582,0.0102238,316,0,
dark_blobgate,12,a_negatives,thickness 1.5-2.5 mm,426,0,0,0,0.00893725,0.0126582,0.0102238,316,0,
dark_blobgate,12,a_negatives,thickness 2.5-5 mm,273,1,0.003663,0.000646886,0.020454,0.0126582,0.0102238,316,0,
dark_blobgate,12,a_negatives,thickness >5 mm,4,0,0,0,0.4899,0.0126582,0.0102238,316,0,
dark_blobgate,12,a_negatives,tier abutting,174,1,0.00574713,0.0010152,0.031832,0.0126582,0.0102238,316,0,
dark_blobgate,12,a_negatives,tier embedded,111,0,0,0,0.0334513,0.0126582,0.0102238,316,0,
dark_blobgate,12,a_negatives,tier inside,880,0,0,0,0.00434648,0.0126582,0.0102238,316,0,
dark_blobgate,12,a_negatives,tier separated,70,0,0,0,0.0520249,0.0126582,0.0102238,316,0,
dark_blobgate,12,a_negatives,nnU-Net detected,659,1,0.00151745,0.000267911,0.00854505,0.0126582,0.0102238,316,0,
dark_blobgate,12,a_negatives,nnU-Net missed,576,0,0,0,0.00662526,0.0126582,0.0102238,316,0,
dark_blobgate,12,a_negatives,"nnU-Net missed, 10-20mm",204,0,0,0,0.0184833,0.0126582,0.0102238,316,0,
dark_blobgate,12,a_negatives,"nnU-Net missed, TARGET",74,0,0,0,0.0493515,0.0126582,0.0102238,316,0,
dark_blobgate,12,b_positives_nontumor,TARGET 10-20mm hypo/hyper enhanced,106,0,0,0,0.034974,0.00713558,0.00704807,981,0,
dark_blobgate,12,b_positives_nontumor,10-20mm all,275,0,0,0,0.013777,0.00713558,0.00704807,981,0,
dark_blobgate,12,b_positives_nontumor,10-20mm enhanced,157,0,0,0,0.0238844,0.00713558,0.00704807,981,0,
dark_blobgate,12,b_positives_nontumor,10-20mm iso(v3),99,0,0,0,0.0373545,0.00713558,0.00704807,981,0,
dark_blobgate,12,b_positives_nontumor,10-20mm iso within 5 HU,66,0,0,0,0.0550045,0.00713558,0.00704807,981,0,
dark_blobgate,12,b_positives_nontumor,<10mm all,86,0,0,0,0.0427597,0.00713558,0.00704807,981,0,
dark_blobgate,12,b_positives_nontumor,>=20mm all,874,1,0.00114416,0.000201997,0.00645251,0.00713558,0.00704807,981,0,
dark_blobgate,12,b_positives_nontumor,all lesions,1235,1,0.000809717,0.000142945,0.00457243,0.00713558,0.00704807,981,0,
dark_blobgate,12,b_positives_nontumor,"all, not separated",1165,1,0.000858369,0.000151535,0.00484623,0.00713558,0.00704807,981,0,
dark_blobgate,12,b_positives_nontumor,size <5,49,0,0,0,0.0727003,0.00713558,0.00704807,981,0,
dark_blobgate,12,b_positives_nontumor,size 5-10,37,0,0,0,0.094061,0.00713558,0.00704807,981,0,
dark_blobgate,12,b_positives_nontumor,size 10-20,275,0,0,0,0.013777,0.00713558,0.00704807,981,0,
dark_blobgate,12,b_positives_nontumor,size 20-40,597,0,0,0,0.0063937,0.00713558,0.00704807,981,0,
dark_blobgate,12,b_positives_nontumor,size >=40,277,1,0.00361011,0.000637541,0.0201628,0.00713558,0.00704807,981,0,
dark_blobgate,12,b_positives_nontumor,v3 hypo,585,0,0,0,0.006524,0.00713558,0.00704807,981,0,
dark_blobgate,12,b_positives_nontumor,v3 iso,461,1,0.0021692,0.000383009,0.0121839,0.00713558,0.00704807,981,0,
dark_blobgate,12,b_positives_nontumor,v3 hyper,189,0,0,0,0.019921,0.00713558,0.00704807,981,0,
dark_blobgate,12,b_positives_nontumor,phase Arterial,260,1,0.00384615,0.000679246,0.0214613,0.00713558,0.00704807,981,0,
dark_blobgate,12,b_positives_nontumor,phase Delay,4,0,0,0,0.4899,0.00713558,0.00704807,981,0,
dark_blobgate,12,b_positives_nontumor,phase Non-contrast,413,0,0,0,0.00921597,0.00713558,0.00704807,981,0,
dark_blobgate,12,b_positives_nontumor,phase Venous,557,0,0,0,0.00684971,0.00713558,0.00704807,981,0,
dark_blobgate,12,b_positives_nontumor,region head,825,0,0,0,0.0046349,0.00713558,0.00704807,981,0,
dark_blobgate,12,b_positives_nontumor,region body,207,0,0,0,0.0182203,0.00713558,0.00704807,981,0,
dark_blobgate,12,b_positives_nontumor,region tail,195,1,0.00512821,0.000905805,0.0284724,0.00713558,0.00704807,981,0,
dark_blobgate,12,b_positives_nontumor,thickness <=1.5 mm,532,0,0,0,0.00716928,0.00713558,0.00704807,981,0,
dark_blobgate,12,b_positives_nontumor,thickness 1.5-2.5 mm,426,0,0,0,0.00893725,0.00713558,0.00704807,981,0,
dark_blobgate,12,b_positives_nontumor,thickness 2.5-5 mm,273,1,0.003663,0.000646886,0.020454,0.00713558,0.00704807,981,0,
dark_blobgate,12,b_positives_nontumor,thickness >5 mm,4,0,0,0,0.4899,0.00713558,0.00704807,981,0,
dark_blobgate,12,b_positives_nontumor,tier abutting,174,1,0.00574713,0.0010152,0.031832,0.00713558,0.00704807,981,0,
dark_blobgate,12,b_positives_nontumor,tier embedded,111,0,0,0,0.0334513,0.00713558,0.00704807,981,0,
dark_blobgate,12,b_positives_nontumor,tier inside,880,0,0,0,0.00434648,0.00713558,0.00704807,981,0,
dark_blobgate,12,b_positives_nontumor,tier separated,70,0,0,0,0.0520249,0.00713558,0.00704807,981,0,
dark_blobgate,12,b_positives_nontumor,nnU-Net detected,659,1,0.00151745,0.000267911,0.00854505,0.00713558,0.00704807,981,0,
dark_blobgate,12,b_positives_nontumor,nnU-Net missed,576,0,0,0,0.00662526,0.00713558,0.00704807,981,0,
dark_blobgate,12,b_positives_nontumor,"nnU-Net missed, 10-20mm",204,0,0,0,0.0184833,0.00713558,0.00704807,981,0,
dark_blobgate,12,b_positives_nontumor,"nnU-Net missed, TARGET",74,0,0,0,0.0493515,0.00713558,0.00704807,981,0,
dark_blobgate,12,a_neg_reweighted_to_pos,TARGET 10-20mm hypo/hyper enhanced,106,0,0,0,0.034974,0.0176034,,316,,
dark_blobgate,12,a_neg_reweighted_to_pos,10-20mm all,275,0,0,0,0.013777,0.0176034,,316,,
dark_blobgate,12,a_neg_reweighted_to_pos,10-20mm enhanced,157,0,0,0,0.0238844,0.0176034,,316,,
dark_blobgate,12,a_neg_reweighted_to_pos,10-20mm iso(v3),99,0,0,0,0.0373545,0.0176034,,316,,
dark_blobgate,12,a_neg_reweighted_to_pos,10-20mm iso within 5 HU,66,0,0,0,0.0550045,0.0176034,,316,,
dark_blobgate,12,a_neg_reweighted_to_pos,<10mm all,86,0,0,0,0.0427597,0.0176034,,316,,
dark_blobgate,12,a_neg_reweighted_to_pos,>=20mm all,874,1,0.00114416,0.000201997,0.00645251,0.0176034,,316,,
dark_blobgate,12,a_neg_reweighted_to_pos,all lesions,1235,1,0.000809717,0.000142945,0.00457243,0.0176034,,316,,
dark_blobgate,12,a_neg_reweighted_to_pos,"all, not separated",1165,1,0.000858369,0.000151535,0.00484623,0.0176034,,316,,
dark_blobgate,12,a_neg_reweighted_to_pos,size <5,49,0,0,0,0.0727003,0.0176034,,316,,
dark_blobgate,12,a_neg_reweighted_to_pos,size 5-10,37,0,0,0,0.094061,0.0176034,,316,,
dark_blobgate,12,a_neg_reweighted_to_pos,size 10-20,275,0,0,0,0.013777,0.0176034,,316,,
dark_blobgate,12,a_neg_reweighted_to_pos,size 20-40,597,0,0,0,0.0063937,0.0176034,,316,,
dark_blobgate,12,a_neg_reweighted_to_pos,size >=40,277,1,0.00361011,0.000637541,0.0201628,0.0176034,,316,,
dark_blobgate,12,a_neg_reweighted_to_pos,v3 hypo,585,0,0,0,0.006524,0.0176034,,316,,
dark_blobgate,12,a_neg_reweighted_to_pos,v3 iso,461,1,0.0021692,0.000383009,0.0121839,0.0176034,,316,,
dark_blobgate,12,a_neg_reweighted_to_pos,v3 hyper,189,0,0,0,0.019921,0.0176034,,316,,
dark_blobgate,12,a_neg_reweighted_to_pos,phase Arterial,260,1,0.00384615,0.000679246,0.0214613,0.0176034,,316,,
dark_blobgate,12,a_neg_reweighted_to_pos,phase Delay,4,0,0,0,0.4899,0.0176034,,316,,
dark_blobgate,12,a_neg_reweighted_to_pos,phase Non-contrast,413,0,0,0,0.00921597,0.0176034,,316,,
dark_blobgate,12,a_neg_reweighted_to_pos,phase Venous,557,0,0,0,0.00684971,0.0176034,,316,,
dark_blobgate,12,a_neg_reweighted_to_pos,region head,825,0,0,0,0.0046349,0.0176034,,316,,
dark_blobgate,12,a_neg_reweighted_to_pos,region body,207,0,0,0,0.0182203,0.0176034,,316,,
dark_blobgate,12,a_neg_reweighted_to_pos,region tail,195,1,0.00512821,0.000905805,0.0284724,0.0176034,,316,,
dark_blobgate,12,a_neg_reweighted_to_pos,thickness <=1.5 mm,532,0,0,0,0.00716928,0.0176034,,316,,
dark_blobgate,12,a_neg_reweighted_to_pos,thickness 1.5-2.5 mm,426,0,0,0,0.00893725,0.0176034,,316,,
dark_blobgate,12,a_neg_reweighted_to_pos,thickness 2.5-5 mm,273,1,0.003663,0.000646886,0.020454,0.0176034,,316,,
dark_blobgate,12,a_neg_reweighted_to_pos,thickness >5 mm,4,0,0,0,0.4899,0.0176034,,316,,
dark_blobgate,12,a_neg_reweighted_to_pos,tier abutting,174,1,0.00574713,0.0010152,0.031832,0.0176034,,316,,
dark_blobgate,12,a_neg_reweighted_to_pos,tier embedded,111,0,0,0,0.0334513,0.0176034,,316,,
dark_blobgate,12,a_neg_reweighted_to_pos,tier inside,880,0,0,0,0.00434648,0.0176034,,316,,
dark_blobgate,12,a_neg_reweighted_to_pos,tier separated,70,0,0,0,0.0520249,0.0176034,,316,,
dark_blobgate,12,a_neg_reweighted_to_pos,nnU-Net detected,659,1,0.00151745,0.000267911,0.00854505,0.0176034,,316,,
dark_blobgate,12,a_neg_reweighted_to_pos,nnU-Net missed,576,0,0,0,0.00662526,0.0176034,,316,,
dark_blobgate,12,a_neg_reweighted_to_pos,"nnU-Net missed, 10-20mm",204,0,0,0,0.0184833,0.0176034,,316,,
dark_blobgate,12,a_neg_reweighted_to_pos,"nnU-Net missed, TARGET",74,0,0,0,0.0493515,0.0176034,,316,,
dark_blobgate,15,a_negatives,TARGET 10-20mm hypo/hyper enhanced,106,0,0,0,0.034974,0.00316456,0.00255595,316,0,
dark_blobgate,15,a_negatives,10-20mm all,275,0,0,0,0.013777,0.00316456,0.00255595,316,0,
dark_blobgate,15,a_negatives,10-20mm enhanced,157,0,0,0,0.0238844,0.00316456,0.00255595,316,0,
dark_blobgate,15,a_negatives,10-20mm iso(v3),99,0,0,0,0.0373545,0.00316456,0.00255595,316,0,
dark_blobgate,15,a_negatives,10-20mm iso within 5 HU,66,0,0,0,0.0550045,0.00316456,0.00255595,316,0,
dark_blobgate,15,a_negatives,<10mm all,86,0,0,0,0.0427597,0.00316456,0.00255595,316,0,
dark_blobgate,15,a_negatives,>=20mm all,874,1,0.00114416,0.000201997,0.00645251,0.00316456,0.00255595,316,0,
dark_blobgate,15,a_negatives,all lesions,1235,1,0.000809717,0.000142945,0.00457243,0.00316456,0.00255595,316,0,
dark_blobgate,15,a_negatives,"all, not separated",1165,1,0.000858369,0.000151535,0.00484623,0.00316456,0.00255595,316,0,
dark_blobgate,15,a_negatives,size <5,49,0,0,0,0.0727003,0.00316456,0.00255595,316,0,
dark_blobgate,15,a_negatives,size 5-10,37,0,0,0,0.094061,0.00316456,0.00255595,316,0,
dark_blobgate,15,a_negatives,size 10-20,275,0,0,0,0.013777,0.00316456,0.00255595,316,0,
dark_blobgate,15,a_negatives,size 20-40,597,0,0,0,0.0063937,0.00316456,0.00255595,316,0,
dark_blobgate,15,a_negatives,size >=40,277,1,0.00361011,0.000637541,0.0201628,0.00316456,0.00255595,316,0,
dark_blobgate,15,a_negatives,v3 hypo,585,0,0,0,0.006524,0.00316456,0.00255595,316,0,
dark_blobgate,15,a_negatives,v3 iso,461,1,0.0021692,0.000383009,0.0121839,0.00316456,0.00255595,316,0,
dark_blobgate,15,a_negatives,v3 hyper,189,0,0,0,0.019921,0.00316456,0.00255595,316,0,
dark_blobgate,15,a_negatives,phase Arterial,260,1,0.00384615,0.000679246,0.0214613,0.00316456,0.00255595,316,0,
dark_blobgate,15,a_negatives,phase Delay,4,0,0,0,0.4899,0.00316456,0.00255595,316,0,
dark_blobgate,15,a_negatives,phase Non-contrast,413,0,0,0,0.00921597,0.00316456,0.00255595,316,0,
dark_blobgate,15,a_negatives,phase Venous,557,0,0,0,0.00684971,0.00316456,0.00255595,316,0,
dark_blobgate,15,a_negatives,region head,825,0,0,0,0.0046349,0.00316456,0.00255595,316,0,
dark_blobgate,15,a_negatives,region body,207,0,0,0,0.0182203,0.00316456,0.00255595,316,0,
dark_blobgate,15,a_negatives,region tail,195,1,0.00512821,0.000905805,0.0284724,0.00316456,0.00255595,316,0,
dark_blobgate,15,a_negatives,thickness <=1.5 mm,532,0,0,0,0.00716928,0.00316456,0.00255595,316,0,
dark_blobgate,15,a_negatives,thickness 1.5-2.5 mm,426,0,0,0,0.00893725,0.00316456,0.00255595,316,0,
dark_blobgate,15,a_negatives,thickness 2.5-5 mm,273,1,0.003663,0.000646886,0.020454,0.00316456,0.00255595,316,0,
dark_blobgate,15,a_negatives,thickness >5 mm,4,0,0,0,0.4899,0.00316456,0.00255595,316,0,
dark_blobgate,15,a_negatives,tier abutting,174,1,0.00574713,0.0010152,0.031832,0.00316456,0.00255595,316,0,
dark_blobgate,15,a_negatives,tier embedded,111,0,0,0,0.0334513,0.00316456,0.00255595,316,0,
dark_blobgate,15,a_negatives,tier inside,880,0,0,0,0.00434648,0.00316456,0.00255595,316,0,
dark_blobgate,15,a_negatives,tier separated,70,0,0,0,0.0520249,0.00316456,0.00255595,316,0,
dark_blobgate,15,a_negatives,nnU-Net detected,659,1,0.00151745,0.000267911,0.00854505,0.00316456,0.00255595,316,0,
dark_blobgate,15,a_negatives,nnU-Net missed,576,0,0,0,0.00662526,0.00316456,0.00255595,316,0,
dark_blobgate,15,a_negatives,"nnU-Net missed, 10-20mm",204,0,0,0,0.0184833,0.00316456,0.00255595,316,0,
dark_blobgate,15,a_negatives,"nnU-Net missed, TARGET",74,0,0,0,0.0493515,0.00316456,0.00255595,316,0,
dark_blobgate,15,b_positives_nontumor,TARGET 10-20mm hypo/hyper enhanced,106,0,0,0,0.034974,0.00203874,0.00201373,981,0,
dark_blobgate,15,b_positives_nontumor,10-20mm all,275,0,0,0,0.013777,0.00203874,0.00201373,981,0,
dark_blobgate,15,b_positives_nontumor,10-20mm enhanced,157,0,0,0,0.0238844,0.00203874,0.00201373,981,0,
dark_blobgate,15,b_positives_nontumor,10-20mm iso(v3),99,0,0,0,0.0373545,0.00203874,0.00201373,981,0,
dark_blobgate,15,b_positives_nontumor,10-20mm iso within 5 HU,66,0,0,0,0.0550045,0.00203874,0.00201373,981,0,
dark_blobgate,15,b_positives_nontumor,<10mm all,86,0,0,0,0.0427597,0.00203874,0.00201373,981,0,
dark_blobgate,15,b_positives_nontumor,>=20mm all,874,1,0.00114416,0.000201997,0.00645251,0.00203874,0.00201373,981,0,
dark_blobgate,15,b_positives_nontumor,all lesions,1235,1,0.000809717,0.000142945,0.00457243,0.00203874,0.00201373,981,0,
dark_blobgate,15,b_positives_nontumor,"all, not separated",1165,1,0.000858369,0.000151535,0.00484623,0.00203874,0.00201373,981,0,
dark_blobgate,15,b_positives_nontumor,size <5,49,0,0,0,0.0727003,0.00203874,0.00201373,981,0,
dark_blobgate,15,b_positives_nontumor,size 5-10,37,0,0,0,0.094061,0.00203874,0.00201373,981,0,
dark_blobgate,15,b_positives_nontumor,size 10-20,275,0,0,0,0.013777,0.00203874,0.00201373,981,0,
dark_blobgate,15,b_positives_nontumor,size 20-40,597,0,0,0,0.0063937,0.00203874,0.00201373,981,0,
dark_blobgate,15,b_positives_nontumor,size >=40,277,1,0.00361011,0.000637541,0.0201628,0.00203874,0.00201373,981,0,
dark_blobgate,15,b_positives_nontumor,v3 hypo,585,0,0,0,0.006524,0.00203874,0.00201373,981,0,
dark_blobgate,15,b_positives_nontumor,v3 iso,461,1,0.0021692,0.000383009,0.0121839,0.00203874,0.00201373,981,0,
dark_blobgate,15,b_positives_nontumor,v3 hyper,189,0,0,0,0.019921,0.00203874,0.00201373,981,0,
dark_blobgate,15,b_positives_nontumor,phase Arterial,260,1,0.00384615,0.000679246,0.0214613,0.00203874,0.00201373,981,0,
dark_blobgate,15,b_positives_nontumor,phase Delay,4,0,0,0,0.4899,0.00203874,0.00201373,981,0,
dark_blobgate,15,b_positives_nontumor,phase Non-contrast,413,0,0,0,0.00921597,0.00203874,0.00201373,981,0,
dark_blobgate,15,b_positives_nontumor,phase Venous,557,0,0,0,0.00684971,0.00203874,0.00201373,981,0,
dark_blobgate,15,b_positives_nontumor,region head,825,0,0,0,0.0046349,0.00203874,0.00201373,981,0,
dark_blobgate,15,b_positives_nontumor,region body,207,0,0,0,0.0182203,0.00203874,0.00201373,981,0,
dark_blobgate,15,b_positives_nontumor,region tail,195,1,0.00512821,0.000905805,0.0284724,0.00203874,0.00201373,981,0,
dark_blobgate,15,b_positives_nontumor,thickness <=1.5 mm,532,0,0,0,0.00716928,0.00203874,0.00201373,981,0,
dark_blobgate,15,b_positives_nontumor,thickness 1.5-2.5 mm,426,0,0,0,0.00893725,0.00203874,0.00201373,981,0,
dark_blobgate,15,b_positives_nontumor,thickness 2.5-5 mm,273,1,0.003663,0.000646886,0.020454,0.00203874,0.00201373,981,0,
dark_blobgate,15,b_positives_nontumor,thickness >5 mm,4,0,0,0,0.4899,0.00203874,0.00201373,981,0,
dark_blobgate,15,b_positives_nontumor,tier abutting,174,1,0.00574713,0.0010152,0.031832,0.00203874,0.00201373,981,0,
dark_blobgate,15,b_positives_nontumor,tier embedded,111,0,0,0,0.0334513,0.00203874,0.00201373,981,0,
dark_blobgate,15,b_positives_nontumor,tier inside,880,0,0,0,0.00434648,0.00203874,0.00201373,981,0,
dark_blobgate,15,b_positives_nontumor,tier separated,70,0,0,0,0.0520249,0.00203874,0.00201373,981,0,
dark_blobgate,15,b_positives_nontumor,nnU-Net detected,659,1,0.00151745,0.000267911,0.00854505,0.00203874,0.00201373,981,0,
dark_blobgate,15,b_positives_nontumor,nnU-Net missed,576,0,0,0,0.00662526,0.00203874,0.00201373,981,0,
dark_blobgate,15,b_positives_nontumor,"nnU-Net missed, 10-20mm",204,0,0,0,0.0184833,0.00203874,0.00201373,981,0,
dark_blobgate,15,b_positives_nontumor,"nnU-Net missed, TARGET",74,0,0,0,0.0493515,0.00203874,0.00201373,981,0,
dark_blobgate,15,a_neg_reweighted_to_pos,TARGET 10-20mm hypo/hyper enhanced,106,0,0,0,0.034974,0.00313533,,316,,
dark_blobgate,15,a_neg_reweighted_to_pos,10-20mm all,275,0,0,0,0.013777,0.00313533,,316,,
dark_blobgate,15,a_neg_reweighted_to_pos,10-20mm enhanced,157,0,0,0,0.0238844,0.00313533,,316,,
dark_blobgate,15,a_neg_reweighted_to_pos,10-20mm iso(v3),99,0,0,0,0.0373545,0.00313533,,316,,
dark_blobgate,15,a_neg_reweighted_to_pos,10-20mm iso within 5 HU,66,0,0,0,0.0550045,0.00313533,,316,,
dark_blobgate,15,a_neg_reweighted_to_pos,<10mm all,86,0,0,0,0.0427597,0.00313533,,316,,
dark_blobgate,15,a_neg_reweighted_to_pos,>=20mm all,874,1,0.00114416,0.000201997,0.00645251,0.00313533,,316,,
dark_blobgate,15,a_neg_reweighted_to_pos,all lesions,1235,1,0.000809717,0.000142945,0.00457243,0.00313533,,316,,
dark_blobgate,15,a_neg_reweighted_to_pos,"all, not separated",1165,1,0.000858369,0.000151535,0.00484623,0.00313533,,316,,
dark_blobgate,15,a_neg_reweighted_to_pos,size <5,49,0,0,0,0.0727003,0.00313533,,316,,
dark_blobgate,15,a_neg_reweighted_to_pos,size 5-10,37,0,0,0,0.094061,0.00313533,,316,,
dark_blobgate,15,a_neg_reweighted_to_pos,size 10-20,275,0,0,0,0.013777,0.00313533,,316,,
dark_blobgate,15,a_neg_reweighted_to_pos,size 20-40,597,0,0,0,0.0063937,0.00313533,,316,,
dark_blobgate,15,a_neg_reweighted_to_pos,size >=40,277,1,0.00361011,0.000637541,0.0201628,0.00313533,,316,,
dark_blobgate,15,a_neg_reweighted_to_pos,v3 hypo,585,0,0,0,0.006524,0.00313533,,316,,
dark_blobgate,15,a_neg_reweighted_to_pos,v3 iso,461,1,0.0021692,0.000383009,0.0121839,0.00313533,,316,,
dark_blobgate,15,a_neg_reweighted_to_pos,v3 hyper,189,0,0,0,0.019921,0.00313533,,316,,
dark_blobgate,15,a_neg_reweighted_to_pos,phase Arterial,260,1,0.00384615,0.000679246,0.0214613,0.00313533,,316,,
dark_blobgate,15,a_neg_reweighted_to_pos,phase Delay,4,0,0,0,0.4899,0.00313533,,316,,
dark_blobgate,15,a_neg_reweighted_to_pos,phase Non-contrast,413,0,0,0,0.00921597,0.00313533,,316,,
dark_blobgate,15,a_neg_reweighted_to_pos,phase Venous,557,0,0,0,0.00684971,0.00313533,,316,,
dark_blobgate,15,a_neg_reweighted_to_pos,region head,825,0,0,0,0.0046349,0.00313533,,316,,
dark_blobgate,15,a_neg_reweighted_to_pos,region body,207,0,0,0,0.0182203,0.00313533,,316,,
dark_blobgate,15,a_neg_reweighted_to_pos,region tail,195,1,0.00512821,0.000905805,0.0284724,0.00313533,,316,,
dark_blobgate,15,a_neg_reweighted_to_pos,thickness <=1.5 mm,532,0,0,0,0.00716928,0.00313533,,316,,
dark_blobgate,15,a_neg_reweighted_to_pos,thickness 1.5-2.5 mm,426,0,0,0,0.00893725,0.00313533,,316,,
dark_blobgate,15,a_neg_reweighted_to_pos,thickness 2.5-5 mm,273,1,0.003663,0.000646886,0.020454,0.00313533,,316,,
dark_blobgate,15,a_neg_reweighted_to_pos,thickness >5 mm,4,0,0,0,0.4899,0.00313533,,316,,
dark_blobgate,15,a_neg_reweighted_to_pos,tier abutting,174,1,0.00574713,0.0010152,0.031832,0.00313533,,316,,
dark_blobgate,15,a_neg_reweighted_to_pos,tier embedded,111,0,0,0,0.0334513,0.00313533,,316,,
dark_blobgate,15,a_neg_reweighted_to_pos,tier inside,880,0,0,0,0.00434648,0.00313533,,316,,
dark_blobgate,15,a_neg_reweighted_to_pos,tier separated,70,0,0,0,0.0520249,0.00313533,,316,,
dark_blobgate,15,a_neg_reweighted_to_pos,nnU-Net detected,659,1,0.00151745,0.000267911,0.00854505,0.00313533,,316,,
dark_blobgate,15,a_neg_reweighted_to_pos,nnU-Net missed,576,0,0,0,0.00662526,0.00313533,,316,,
dark_blobgate,15,a_neg_reweighted_to_pos,"nnU-Net missed, 10-20mm",204,0,0,0,0.0184833,0.00313533,,316,,
dark_blobgate,15,a_neg_reweighted_to_pos,"nnU-Net missed, TARGET",74,0,0,0,0.0493515,0.00313533,,316,,
dark_blobgate,20,a_negatives,TARGET 10-20mm hypo/hyper enhanced,106,0,0,0,0.034974,0,0,316,0,
dark_blobgate,20,a_negatives,10-20mm all,275,0,0,0,0.013777,0,0,316,0,
dark_blobgate,20,a_negatives,10-20mm enhanced,157,0,0,0,0.0238844,0,0,316,0,
dark_blobgate,20,a_negatives,10-20mm iso(v3),99,0,0,0,0.0373545,0,0,316,0,
dark_blobgate,20,a_negatives,10-20mm iso within 5 HU,66,0,0,0,0.0550045,0,0,316,0,
dark_blobgate,20,a_negatives,<10mm all,86,0,0,0,0.0427597,0,0,316,0,
dark_blobgate,20,a_negatives,>=20mm all,874,0,0,0,0.00437619,0,0,316,0,
dark_blobgate,20,a_negatives,all lesions,1235,0,0,0,0.00310096,0,0,316,0,
dark_blobgate,20,a_negatives,"all, not separated",1165,0,0,0,0.00328667,0,0,316,0,
dark_blobgate,20,a_negatives,size <5,49,0,0,0,0.0727003,0,0,316,0,
dark_blobgate,20,a_negatives,size 5-10,37,0,0,0,0.094061,0,0,316,0,
dark_blobgate,20,a_negatives,size 10-20,275,0,0,0,0.013777,0,0,316,0,
dark_blobgate,20,a_negatives,size 20-40,597,0,0,0,0.0063937,0,0,316,0,
dark_blobgate,20,a_negatives,size >=40,277,0,0,0,0.0136789,0,0,316,0,
dark_blobgate,20,a_negatives,v3 hypo,585,0,0,0,0.006524,0,0,316,0,
dark_blobgate,20,a_negatives,v3 iso,461,0,0,8.67362e-19,0.00826432,0,0,316,0,
dark_blobgate,20,a_negatives,v3 hyper,189,0,0,0,0.019921,0,0,316,0,
dark_blobgate,20,a_negatives,phase Arterial,260,0,0,0,0.0145603,0,0,316,0,
dark_blobgate,20,a_negatives,phase Delay,4,0,0,0,0.4899,0,0,316,0,
dark_blobgate,20,a_negatives,phase Non-contrast,413,0,0,0,0.00921597,0,0,316,0,
dark_blobgate,20,a_negatives,phase Venous,557,0,0,0,0.00684971,0,0,316,0,
dark_blobgate,20,a_negatives,region head,825,0,0,0,0.0046349,0,0,316,0,
dark_blobgate,20,a_negatives,region body,207,0,0,0,0.0182203,0,0,316,0,
dark_blobgate,20,a_negatives,region tail,195,0,0,0,0.0193199,0,0,316,0,
dark_blobgate,20,a_negatives,thickness <=1.5 mm,532,0,0,0,0.00716928,0,0,316,0,
dark_blobgate,20,a_negatives,thickness 1.5-2.5 mm,426,0,0,0,0.00893725,0,0,316,0,
dark_blobgate,20,a_negatives,thickness 2.5-5 mm,273,0,0,0,0.0138765,0,0,316,0,
dark_blobgate,20,a_negatives,thickness >5 mm,4,0,0,0,0.4899,0,0,316,0,
dark_blobgate,20,a_negatives,tier abutting,174,0,0,0,0.0216012,0,0,316,0,
dark_blobgate,20,a_negatives,tier embedded,111,0,0,0,0.0334513,0,0,316,0,
dark_blobgate,20,a_negatives,tier inside,880,0,0,0,0.00434648,0,0,316,0,
dark_blobgate,20,a_negatives,tier separated,70,0,0,0,0.0520249,0,0,316,0,
dark_blobgate,20,a_negatives,nnU-Net detected,659,0,0,0,0.00579565,0,0,316,0,
dark_blobgate,20,a_negatives,nnU-Net missed,576,0,0,0,0.00662526,0,0,316,0,
dark_blobgate,20,a_negatives,"nnU-Net missed, 10-20mm",204,0,0,0,0.0184833,0,0,316,0,
dark_blobgate,20,a_negatives,"nnU-Net missed, TARGET",74,0,0,0,0.0493515,0,0,316,0,
dark_blobgate,20,b_positives_nontumor,TARGET 10-20mm hypo/hyper enhanced,106,0,0,0,0.034974,0,0,981,0,
dark_blobgate,20,b_positives_nontumor,10-20mm all,275,0,0,0,0.013777,0,0,981,0,
dark_blobgate,20,b_positives_nontumor,10-20mm enhanced,157,0,0,0,0.0238844,0,0,981,0,
dark_blobgate,20,b_positives_nontumor,10-20mm iso(v3),99,0,0,0,0.0373545,0,0,981,0,
dark_blobgate,20,b_positives_nontumor,10-20mm iso within 5 HU,66,0,0,0,0.0550045,0,0,981,0,
dark_blobgate,20,b_positives_nontumor,<10mm all,86,0,0,0,0.0427597,0,0,981,0,
dark_blobgate,20,b_positives_nontumor,>=20mm all,874,0,0,0,0.00437619,0,0,981,0,
dark_blobgate,20,b_positives_nontumor,all lesions,1235,0,0,0,0.00310096,0,0,981,0,
dark_blobgate,20,b_positives_nontumor,"all, not separated",1165,0,0,0,0.00328667,0,0,981,0,
dark_blobgate,20,b_positives_nontumor,size <5,49,0,0,0,0.0727003,0,0,981,0,
dark_blobgate,20,b_positives_nontumor,size 5-10,37,0,0,0,0.094061,0,0,981,0,
dark_blobgate,20,b_positives_nontumor,size 10-20,275,0,0,0,0.013777,0,0,981,0,
dark_blobgate,20,b_positives_nontumor,size 20-40,597,0,0,0,0.0063937,0,0,981,0,
dark_blobgate,20,b_positives_nontumor,size >=40,277,0,0,0,0.0136789,0,0,981,0,
dark_blobgate,20,b_positives_nontumor,v3 hypo,585,0,0,0,0.006524,0,0,981,0,
dark_blobgate,20,b_positives_nontumor,v3 iso,461,0,0,8.67362e-19,0.00826432,0,0,981,0,
dark_blobgate,20,b_positives_nontumor,v3 hyper,189,0,0,0,0.019921,0,0,981,0,
dark_blobgate,20,b_positives_nontumor,phase Arterial,260,0,0,0,0.0145603,0,0,981,0,
dark_blobgate,20,b_positives_nontumor,phase Delay,4,0,0,0,0.4899,0,0,981,0,
dark_blobgate,20,b_positives_nontumor,phase Non-contrast,413,0,0,0,0.00921597,0,0,981,0,
dark_blobgate,20,b_positives_nontumor,phase Venous,557,0,0,0,0.00684971,0,0,981,0,
dark_blobgate,20,b_positives_nontumor,region head,825,0,0,0,0.0046349,0,0,981,0,
dark_blobgate,20,b_positives_nontumor,region body,207,0,0,0,0.0182203,0,0,981,0,
dark_blobgate,20,b_positives_nontumor,region tail,195,0,0,0,0.0193199,0,0,981,0,
dark_blobgate,20,b_positives_nontumor,thickness <=1.5 mm,532,0,0,0,0.00716928,0,0,981,0,
dark_blobgate,20,b_positives_nontumor,thickness 1.5-2.5 mm,426,0,0,0,0.00893725,0,0,981,0,
dark_blobgate,20,b_positives_nontumor,thickness 2.5-5 mm,273,0,0,0,0.0138765,0,0,981,0,
dark_blobgate,20,b_positives_nontumor,thickness >5 mm,4,0,0,0,0.4899,0,0,981,0,
dark_blobgate,20,b_positives_nontumor,tier abutting,174,0,0,0,0.0216012,0,0,981,0,
dark_blobgate,20,b_positives_nontumor,tier embedded,111,0,0,0,0.0334513,0,0,981,0,
dark_blobgate,20,b_positives_nontumor,tier inside,880,0,0,0,0.00434648,0,0,981,0,
dark_blobgate,20,b_positives_nontumor,tier separated,70,0,0,0,0.0520249,0,0,981,0,
dark_blobgate,20,b_positives_nontumor,nnU-Net detected,659,0,0,0,0.00579565,0,0,981,0,
dark_blobgate,20,b_positives_nontumor,nnU-Net missed,576,0,0,0,0.00662526,0,0,981,0,
dark_blobgate,20,b_positives_nontumor,"nnU-Net missed, 10-20mm",204,0,0,0,0.0184833,0,0,981,0,
dark_blobgate,20,b_positives_nontumor,"nnU-Net missed, TARGET",74,0,0,0,0.0493515,0,0,981,0,
dark_blobgate,20,a_neg_reweighted_to_pos,TARGET 10-20mm hypo/hyper enhanced,106,0,0,0,0.034974,0,,316,,
dark_blobgate,20,a_neg_reweighted_to_pos,10-20mm all,275,0,0,0,0.013777,0,,316,,
dark_blobgate,20,a_neg_reweighted_to_pos,10-20mm enhanced,157,0,0,0,0.0238844,0,,316,,
dark_blobgate,20,a_neg_reweighted_to_pos,10-20mm iso(v3),99,0,0,0,0.0373545,0,,316,,
dark_blobgate,20,a_neg_reweighted_to_pos,10-20mm iso within 5 HU,66,0,0,0,0.0550045,0,,316,,
dark_blobgate,20,a_neg_reweighted_to_pos,<10mm all,86,0,0,0,0.0427597,0,,316,,
dark_blobgate,20,a_neg_reweighted_to_pos,>=20mm all,874,0,0,0,0.00437619,0,,316,,
dark_blobgate,20,a_neg_reweighted_to_pos,all lesions,1235,0,0,0,0.00310096,0,,316,,
dark_blobgate,20,a_neg_reweighted_to_pos,"all, not separated",1165,0,0,0,0.00328667,0,,316,,
dark_blobgate,20,a_neg_reweighted_to_pos,size <5,49,0,0,0,0.0727003,0,,316,,
dark_blobgate,20,a_neg_reweighted_to_pos,size 5-10,37,0,0,0,0.094061,0,,316,,
dark_blobgate,20,a_neg_reweighted_to_pos,size 10-20,275,0,0,0,0.013777,0,,316,,
dark_blobgate,20,a_neg_reweighted_to_pos,size 20-40,597,0,0,0,0.0063937,0,,316,,
dark_blobgate,20,a_neg_reweighted_to_pos,size >=40,277,0,0,0,0.0136789,0,,316,,
dark_blobgate,20,a_neg_reweighted_to_pos,v3 hypo,585,0,0,0,0.006524,0,,316,,
dark_blobgate,20,a_neg_reweighted_to_pos,v3 iso,461,0,0,8.67362e-19,0.00826432,0,,316,,
dark_blobgate,20,a_neg_reweighted_to_pos,v3 hyper,189,0,0,0,0.019921,0,,316,,
dark_blobgate,20,a_neg_reweighted_to_pos,phase Arterial,260,0,0,0,0.0145603,0,,316,,
dark_blobgate,20,a_neg_reweighted_to_pos,phase Delay,4,0,0,0,0.4899,0,,316,,
dark_blobgate,20,a_neg_reweighted_to_pos,phase Non-contrast,413,0,0,0,0.00921597,0,,316,,
dark_blobgate,20,a_neg_reweighted_to_pos,phase Venous,557,0,0,0,0.00684971,0,,316,,
dark_blobgate,20,a_neg_reweighted_to_pos,region head,825,0,0,0,0.0046349,0,,316,,
dark_blobgate,20,a_neg_reweighted_to_pos,region body,207,0,0,0,0.0182203,0,,316,,
dark_blobgate,20,a_neg_reweighted_to_pos,region tail,195,0,0,0,0.0193199,0,,316,,
dark_blobgate,20,a_neg_reweighted_to_pos,thickness <=1.5 mm,532,0,0,0,0.00716928,0,,316,,
dark_blobgate,20,a_neg_reweighted_to_pos,thickness 1.5-2.5 mm,426,0,0,0,0.00893725,0,,316,,
dark_blobgate,20,a_neg_reweighted_to_pos,thickness 2.5-5 mm,273,0,0,0,0.0138765,0,,316,,
dark_blobgate,20,a_neg_reweighted_to_pos,thickness >5 mm,4,0,0,0,0.4899,0,,316,,
dark_blobgate,20,a_neg_reweighted_to_pos,tier abutting,174,0,0,0,0.0216012,0,,316,,
dark_blobgate,20,a_neg_reweighted_to_pos,tier embedded,111,0,0,0,0.0334513,0,,316,,
dark_blobgate,20,a_neg_reweighted_to_pos,tier inside,880,0,0,0,0.00434648,0,,316,,
dark_blobgate,20,a_neg_reweighted_to_pos,tier separated,70,0,0,0,0.0520249,0,,316,,
dark_blobgate,20,a_neg_reweighted_to_pos,nnU-Net detected,659,0,0,0,0.00579565,0,,316,,
dark_blobgate,20,a_neg_reweighted_to_pos,nnU-Net missed,576,0,0,0,0.00662526,0,,316,,
dark_blobgate,20,a_neg_reweighted_to_pos,"nnU-Net missed, 10-20mm",204,0,0,0,0.0184833,0,,316,,
dark_blobgate,20,a_neg_reweighted_to_pos,"nnU-Net missed, TARGET",74,0,0,0,0.0493515,0,,316,,
dark_blobgate,25,a_negatives,TARGET 10-20mm hypo/hyper enhanced,106,0,0,0,0.034974,0,0,316,0,
dark_blobgate,25,a_negatives,10-20mm all,275,0,0,0,0.013777,0,0,316,0,
dark_blobgate,25,a_negatives,10-20mm enhanced,157,0,0,0,0.0238844,0,0,316,0,
dark_blobgate,25,a_negatives,10-20mm iso(v3),99,0,0,0,0.0373545,0,0,316,0,
dark_blobgate,25,a_negatives,10-20mm iso within 5 HU,66,0,0,0,0.0550045,0,0,316,0,
dark_blobgate,25,a_negatives,<10mm all,86,0,0,0,0.0427597,0,0,316,0,
dark_blobgate,25,a_negatives,>=20mm all,874,0,0,0,0.00437619,0,0,316,0,
dark_blobgate,25,a_negatives,all lesions,1235,0,0,0,0.00310096,0,0,316,0,
dark_blobgate,25,a_negatives,"all, not separated",1165,0,0,0,0.00328667,0,0,316,0,
dark_blobgate,25,a_negatives,size <5,49,0,0,0,0.0727003,0,0,316,0,
dark_blobgate,25,a_negatives,size 5-10,37,0,0,0,0.094061,0,0,316,0,
dark_blobgate,25,a_negatives,size 10-20,275,0,0,0,0.013777,0,0,316,0,
dark_blobgate,25,a_negatives,size 20-40,597,0,0,0,0.0063937,0,0,316,0,
dark_blobgate,25,a_negatives,size >=40,277,0,0,0,0.0136789,0,0,316,0,
dark_blobgate,25,a_negatives,v3 hypo,585,0,0,0,0.006524,0,0,316,0,
dark_blobgate,25,a_negatives,v3 iso,461,0,0,8.67362e-19,0.00826432,0,0,316,0,
dark_blobgate,25,a_negatives,v3 hyper,189,0,0,0,0.019921,0,0,316,0,
dark_blobgate,25,a_negatives,phase Arterial,260,0,0,0,0.0145603,0,0,316,0,
dark_blobgate,25,a_negatives,phase Delay,4,0,0,0,0.4899,0,0,316,0,
dark_blobgate,25,a_negatives,phase Non-contrast,413,0,0,0,0.00921597,0,0,316,0,
dark_blobgate,25,a_negatives,phase Venous,557,0,0,0,0.00684971,0,0,316,0,
dark_blobgate,25,a_negatives,region head,825,0,0,0,0.0046349,0,0,316,0,
dark_blobgate,25,a_negatives,region body,207,0,0,0,0.0182203,0,0,316,0,
dark_blobgate,25,a_negatives,region tail,195,0,0,0,0.0193199,0,0,316,0,
dark_blobgate,25,a_negatives,thickness <=1.5 mm,532,0,0,0,0.00716928,0,0,316,0,
dark_blobgate,25,a_negatives,thickness 1.5-2.5 mm,426,0,0,0,0.00893725,0,0,316,0,
dark_blobgate,25,a_negatives,thickness 2.5-5 mm,273,0,0,0,0.0138765,0,0,316,0,
dark_blobgate,25,a_negatives,thickness >5 mm,4,0,0,0,0.4899,0,0,316,0,
dark_blobgate,25,a_negatives,tier abutting,174,0,0,0,0.0216012,0,0,316,0,
dark_blobgate,25,a_negatives,tier embedded,111,0,0,0,0.0334513,0,0,316,0,
dark_blobgate,25,a_negatives,tier inside,880,0,0,0,0.00434648,0,0,316,0,
dark_blobgate,25,a_negatives,tier separated,70,0,0,0,0.0520249,0,0,316,0,
dark_blobgate,25,a_negatives,nnU-Net detected,659,0,0,0,0.00579565,0,0,316,0,
dark_blobgate,25,a_negatives,nnU-Net missed,576,0,0,0,0.00662526,0,0,316,0,
dark_blobgate,25,a_negatives,"nnU-Net missed, 10-20mm",204,0,0,0,0.0184833,0,0,316,0,
dark_blobgate,25,a_negatives,"nnU-Net missed, TARGET",74,0,0,0,0.0493515,0,0,316,0,
dark_blobgate,25,b_positives_nontumor,TARGET 10-20mm hypo/hyper enhanced,106,0,0,0,0.034974,0,0,981,0,
dark_blobgate,25,b_positives_nontumor,10-20mm all,275,0,0,0,0.013777,0,0,981,0,
dark_blobgate,25,b_positives_nontumor,10-20mm enhanced,157,0,0,0,0.0238844,0,0,981,0,
dark_blobgate,25,b_positives_nontumor,10-20mm iso(v3),99,0,0,0,0.0373545,0,0,981,0,
dark_blobgate,25,b_positives_nontumor,10-20mm iso within 5 HU,66,0,0,0,0.0550045,0,0,981,0,
dark_blobgate,25,b_positives_nontumor,<10mm all,86,0,0,0,0.0427597,0,0,981,0,
dark_blobgate,25,b_positives_nontumor,>=20mm all,874,0,0,0,0.00437619,0,0,981,0,
dark_blobgate,25,b_positives_nontumor,all lesions,1235,0,0,0,0.00310096,0,0,981,0,
dark_blobgate,25,b_positives_nontumor,"all, not separated",1165,0,0,0,0.00328667,0,0,981,0,
dark_blobgate,25,b_positives_nontumor,size <5,49,0,0,0,0.0727003,0,0,981,0,
dark_blobgate,25,b_positives_nontumor,size 5-10,37,0,0,0,0.094061,0,0,981,0,
dark_blobgate,25,b_positives_nontumor,size 10-20,275,0,0,0,0.013777,0,0,981,0,
dark_blobgate,25,b_positives_nontumor,size 20-40,597,0,0,0,0.0063937,0,0,981,0,
dark_blobgate,25,b_positives_nontumor,size >=40,277,0,0,0,0.0136789,0,0,981,0,
dark_blobgate,25,b_positives_nontumor,v3 hypo,585,0,0,0,0.006524,0,0,981,0,
dark_blobgate,25,b_positives_nontumor,v3 iso,461,0,0,8.67362e-19,0.00826432,0,0,981,0,
dark_blobgate,25,b_positives_nontumor,v3 hyper,189,0,0,0,0.019921,0,0,981,0,
dark_blobgate,25,b_positives_nontumor,phase Arterial,260,0,0,0,0.0145603,0,0,981,0,
dark_blobgate,25,b_positives_nontumor,phase Delay,4,0,0,0,0.4899,0,0,981,0,
dark_blobgate,25,b_positives_nontumor,phase Non-contrast,413,0,0,0,0.00921597,0,0,981,0,
dark_blobgate,25,b_positives_nontumor,phase Venous,557,0,0,0,0.00684971,0,0,981,0,
dark_blobgate,25,b_positives_nontumor,region head,825,0,0,0,0.0046349,0,0,981,0,
dark_blobgate,25,b_positives_nontumor,region body,207,0,0,0,0.0182203,0,0,981,0,
dark_blobgate,25,b_positives_nontumor,region tail,195,0,0,0,0.0193199,0,0,981,0,
dark_blobgate,25,b_positives_nontumor,thickness <=1.5 mm,532,0,0,0,0.00716928,0,0,981,0,
dark_blobgate,25,b_positives_nontumor,thickness 1.5-2.5 mm,426,0,0,0,0.00893725,0,0,981,0,
dark_blobgate,25,b_positives_nontumor,thickness 2.5-5 mm,273,0,0,0,0.0138765,0,0,981,0,
dark_blobgate,25,b_positives_nontumor,thickness >5 mm,4,0,0,0,0.4899,0,0,981,0,
dark_blobgate,25,b_positives_nontumor,tier abutting,174,0,0,0,0.0216012,0,0,981,0,
dark_blobgate,25,b_positives_nontumor,tier embedded,111,0,0,0,0.0334513,0,0,981,0,
dark_blobgate,25,b_positives_nontumor,tier inside,880,0,0,0,0.00434648,0,0,981,0,
dark_blobgate,25,b_positives_nontumor,tier separated,70,0,0,0,0.0520249,0,0,981,0,
dark_blobgate,25,b_positives_nontumor,nnU-Net detected,659,0,0,0,0.00579565,0,0,981,0,
dark_blobgate,25,b_positives_nontumor,nnU-Net missed,576,0,0,0,0.00662526,0,0,981,0,
dark_blobgate,25,b_positives_nontumor,"nnU-Net missed, 10-20mm",204,0,0,0,0.0184833,0,0,981,0,
dark_blobgate,25,b_positives_nontumor,"nnU-Net missed, TARGET",74,0,0,0,0.0493515,0,0,981,0,
dark_blobgate,25,a_neg_reweighted_to_pos,TARGET 10-20mm hypo/hyper enhanced,106,0,0,0,0.034974,0,,316,,
dark_blobgate,25,a_neg_reweighted_to_pos,10-20mm all,275,0,0,0,0.013777,0,,316,,
dark_blobgate,25,a_neg_reweighted_to_pos,10-20mm enhanced,157,0,0,0,0.0238844,0,,316,,
dark_blobgate,25,a_neg_reweighted_to_pos,10-20mm iso(v3),99,0,0,0,0.0373545,0,,316,,
dark_blobgate,25,a_neg_reweighted_to_pos,10-20mm iso within 5 HU,66,0,0,0,0.0550045,0,,316,,
dark_blobgate,25,a_neg_reweighted_to_pos,<10mm all,86,0,0,0,0.0427597,0,,316,,
dark_blobgate,25,a_neg_reweighted_to_pos,>=20mm all,874,0,0,0,0.00437619,0,,316,,
dark_blobgate,25,a_neg_reweighted_to_pos,all lesions,1235,0,0,0,0.00310096,0,,316,,
dark_blobgate,25,a_neg_reweighted_to_pos,"all, not separated",1165,0,0,0,0.00328667,0,,316,,
dark_blobgate,25,a_neg_reweighted_to_pos,size <5,49,0,0,0,0.0727003,0,,316,,
dark_blobgate,25,a_neg_reweighted_to_pos,size 5-10,37,0,0,0,0.094061,0,,316,,
dark_blobgate,25,a_neg_reweighted_to_pos,size 10-20,275,0,0,0,0.013777,0,,316,,
dark_blobgate,25,a_neg_reweighted_to_pos,size 20-40,597,0,0,0,0.0063937,0,,316,,
dark_blobgate,25,a_neg_reweighted_to_pos,size >=40,277,0,0,0,0.0136789,0,,316,,
dark_blobgate,25,a_neg_reweighted_to_pos,v3 hypo,585,0,0,0,0.006524,0,,316,,
dark_blobgate,25,a_neg_reweighted_to_pos,v3 iso,461,0,0,8.67362e-19,0.00826432,0,,316,,
dark_blobgate,25,a_neg_reweighted_to_pos,v3 hyper,189,0,0,0,0.019921,0,,316,,
dark_blobgate,25,a_neg_reweighted_to_pos,phase Arterial,260,0,0,0,0.0145603,0,,316,,
dark_blobgate,25,a_neg_reweighted_to_pos,phase Delay,4,0,0,0,0.4899,0,,316,,
dark_blobgate,25,a_neg_reweighted_to_pos,phase Non-contrast,413,0,0,0,0.00921597,0,,316,,
dark_blobgate,25,a_neg_reweighted_to_pos,phase Venous,557,0,0,0,0.00684971,0,,316,,
dark_blobgate,25,a_neg_reweighted_to_pos,region head,825,0,0,0,0.0046349,0,,316,,
dark_blobgate,25,a_neg_reweighted_to_pos,region body,207,0,0,0,0.0182203,0,,316,,
dark_blobgate,25,a_neg_reweighted_to_pos,region tail,195,0,0,0,0.0193199,0,,316,,
dark_blobgate,25,a_neg_reweighted_to_pos,thickness <=1.5 mm,532,0,0,0,0.00716928,0,,316,,
dark_blobgate,25,a_neg_reweighted_to_pos,thickness 1.5-2.5 mm,426,0,0,0,0.00893725,0,,316,,
dark_blobgate,25,a_neg_reweighted_to_pos,thickness 2.5-5 mm,273,0,0,0,0.0138765,0,,316,,
dark_blobgate,25,a_neg_reweighted_to_pos,thickness >5 mm,4,0,0,0,0.4899,0,,316,,
dark_blobgate,25,a_neg_reweighted_to_pos,tier abutting,174,0,0,0,0.0216012,0,,316,,
dark_blobgate,25,a_neg_reweighted_to_pos,tier embedded,111,0,0,0,0.0334513,0,,316,,
dark_blobgate,25,a_neg_reweighted_to_pos,tier inside,880,0,0,0,0.00434648,0,,316,,
dark_blobgate,25,a_neg_reweighted_to_pos,tier separated,70,0,0,0,0.0520249,0,,316,,
dark_blobgate,25,a_neg_reweighted_to_pos,nnU-Net detected,659,0,0,0,0.00579565,0,,316,,
dark_blobgate,25,a_neg_reweighted_to_pos,nnU-Net missed,576,0,0,0,0.00662526,0,,316,,
dark_blobgate,25,a_neg_reweighted_to_pos,"nnU-Net missed, 10-20mm",204,0,0,0,0.0184833,0,,316,,
dark_blobgate,25,a_neg_reweighted_to_pos,"nnU-Net missed, TARGET",74,0,0,0,0.0493515,0,,316,,
dark_blobgate,30,a_negatives,TARGET 10-20mm hypo/hyper enhanced,106,0,0,0,0.034974,0,0,316,0,
dark_blobgate,30,a_negatives,10-20mm all,275,0,0,0,0.013777,0,0,316,0,
dark_blobgate,30,a_negatives,10-20mm enhanced,157,0,0,0,0.0238844,0,0,316,0,
dark_blobgate,30,a_negatives,10-20mm iso(v3),99,0,0,0,0.0373545,0,0,316,0,
dark_blobgate,30,a_negatives,10-20mm iso within 5 HU,66,0,0,0,0.0550045,0,0,316,0,
dark_blobgate,30,a_negatives,<10mm all,86,0,0,0,0.0427597,0,0,316,0,
dark_blobgate,30,a_negatives,>=20mm all,874,0,0,0,0.00437619,0,0,316,0,
dark_blobgate,30,a_negatives,all lesions,1235,0,0,0,0.00310096,0,0,316,0,
dark_blobgate,30,a_negatives,"all, not separated",1165,0,0,0,0.00328667,0,0,316,0,
dark_blobgate,30,a_negatives,size <5,49,0,0,0,0.0727003,0,0,316,0,
dark_blobgate,30,a_negatives,size 5-10,37,0,0,0,0.094061,0,0,316,0,
dark_blobgate,30,a_negatives,size 10-20,275,0,0,0,0.013777,0,0,316,0,
dark_blobgate,30,a_negatives,size 20-40,597,0,0,0,0.0063937,0,0,316,0,
dark_blobgate,30,a_negatives,size >=40,277,0,0,0,0.0136789,0,0,316,0,
dark_blobgate,30,a_negatives,v3 hypo,585,0,0,0,0.006524,0,0,316,0,
dark_blobgate,30,a_negatives,v3 iso,461,0,0,8.67362e-19,0.00826432,0,0,316,0,
dark_blobgate,30,a_negatives,v3 hyper,189,0,0,0,0.019921,0,0,316,0,
dark_blobgate,30,a_negatives,phase Arterial,260,0,0,0,0.0145603,0,0,316,0,
dark_blobgate,30,a_negatives,phase Delay,4,0,0,0,0.4899,0,0,316,0,
dark_blobgate,30,a_negatives,phase Non-contrast,413,0,0,0,0.00921597,0,0,316,0,
dark_blobgate,30,a_negatives,phase Venous,557,0,0,0,0.00684971,0,0,316,0,
dark_blobgate,30,a_negatives,region head,825,0,0,0,0.0046349,0,0,316,0,
dark_blobgate,30,a_negatives,region body,207,0,0,0,0.0182203,0,0,316,0,
dark_blobgate,30,a_negatives,region tail,195,0,0,0,0.0193199,0,0,316,0,
dark_blobgate,30,a_negatives,thickness <=1.5 mm,532,0,0,0,0.00716928,0,0,316,0,
dark_blobgate,30,a_negatives,thickness 1.5-2.5 mm,426,0,0,0,0.00893725,0,0,316,0,
dark_blobgate,30,a_negatives,thickness 2.5-5 mm,273,0,0,0,0.0138765,0,0,316,0,
dark_blobgate,30,a_negatives,thickness >5 mm,4,0,0,0,0.4899,0,0,316,0,
dark_blobgate,30,a_negatives,tier abutting,174,0,0,0,0.0216012,0,0,316,0,
dark_blobgate,30,a_negatives,tier embedded,111,0,0,0,0.0334513,0,0,316,0,
dark_blobgate,30,a_negatives,tier inside,880,0,0,0,0.00434648,0,0,316,0,
dark_blobgate,30,a_negatives,tier separated,70,0,0,0,0.0520249,0,0,316,0,
dark_blobgate,30,a_negatives,nnU-Net detected,659,0,0,0,0.00579565,0,0,316,0,
dark_blobgate,30,a_negatives,nnU-Net missed,576,0,0,0,0.00662526,0,0,316,0,
dark_blobgate,30,a_negatives,"nnU-Net missed, 10-20mm",204,0,0,0,0.0184833,0,0,316,0,
dark_blobgate,30,a_negatives,"nnU-Net missed, TARGET",74,0,0,0,0.0493515,0,0,316,0,
dark_blobgate,30,b_positives_nontumor,TARGET 10-20mm hypo/hyper enhanced,106,0,0,0,0.034974,0,0,981,0,
dark_blobgate,30,b_positives_nontumor,10-20mm all,275,0,0,0,0.013777,0,0,981,0,
dark_blobgate,30,b_positives_nontumor,10-20mm enhanced,157,0,0,0,0.0238844,0,0,981,0,
dark_blobgate,30,b_positives_nontumor,10-20mm iso(v3),99,0,0,0,0.0373545,0,0,981,0,
dark_blobgate,30,b_positives_nontumor,10-20mm iso within 5 HU,66,0,0,0,0.0550045,0,0,981,0,
dark_blobgate,30,b_positives_nontumor,<10mm all,86,0,0,0,0.0427597,0,0,981,0,
dark_blobgate,30,b_positives_nontumor,>=20mm all,874,0,0,0,0.00437619,0,0,981,0,
dark_blobgate,30,b_positives_nontumor,all lesions,1235,0,0,0,0.00310096,0,0,981,0,
dark_blobgate,30,b_positives_nontumor,"all, not separated",1165,0,0,0,0.00328667,0,0,981,0,
dark_blobgate,30,b_positives_nontumor,size <5,49,0,0,0,0.0727003,0,0,981,0,
dark_blobgate,30,b_positives_nontumor,size 5-10,37,0,0,0,0.094061,0,0,981,0,
dark_blobgate,30,b_positives_nontumor,size 10-20,275,0,0,0,0.013777,0,0,981,0,
dark_blobgate,30,b_positives_nontumor,size 20-40,597,0,0,0,0.0063937,0,0,981,0,
dark_blobgate,30,b_positives_nontumor,size >=40,277,0,0,0,0.0136789,0,0,981,0,
dark_blobgate,30,b_positives_nontumor,v3 hypo,585,0,0,0,0.006524,0,0,981,0,
dark_blobgate,30,b_positives_nontumor,v3 iso,461,0,0,8.67362e-19,0.00826432,0,0,981,0,
dark_blobgate,30,b_positives_nontumor,v3 hyper,189,0,0,0,0.019921,0,0,981,0,
dark_blobgate,30,b_positives_nontumor,phase Arterial,260,0,0,0,0.0145603,0,0,981,0,
dark_blobgate,30,b_positives_nontumor,phase Delay,4,0,0,0,0.4899,0,0,981,0,
dark_blobgate,30,b_positives_nontumor,phase Non-contrast,413,0,0,0,0.00921597,0,0,981,0,
dark_blobgate,30,b_positives_nontumor,phase Venous,557,0,0,0,0.00684971,0,0,981,0,
dark_blobgate,30,b_positives_nontumor,region head,825,0,0,0,0.0046349,0,0,981,0,
dark_blobgate,30,b_positives_nontumor,region body,207,0,0,0,0.0182203,0,0,981,0,
dark_blobgate,30,b_positives_nontumor,region tail,195,0,0,0,0.0193199,0,0,981,0,
dark_blobgate,30,b_positives_nontumor,thickness <=1.5 mm,532,0,0,0,0.00716928,0,0,981,0,
dark_blobgate,30,b_positives_nontumor,thickness 1.5-2.5 mm,426,0,0,0,0.00893725,0,0,981,0,
dark_blobgate,30,b_positives_nontumor,thickness 2.5-5 mm,273,0,0,0,0.0138765,0,0,981,0,
dark_blobgate,30,b_positives_nontumor,thickness >5 mm,4,0,0,0,0.4899,0,0,981,0,
dark_blobgate,30,b_positives_nontumor,tier abutting,174,0,0,0,0.0216012,0,0,981,0,
dark_blobgate,30,b_positives_nontumor,tier embedded,111,0,0,0,0.0334513,0,0,981,0,
dark_blobgate,30,b_positives_nontumor,tier inside,880,0,0,0,0.00434648,0,0,981,0,
dark_blobgate,30,b_positives_nontumor,tier separated,70,0,0,0,0.0520249,0,0,981,0,
dark_blobgate,30,b_positives_nontumor,nnU-Net detected,659,0,0,0,0.00579565,0,0,981,0,
dark_blobgate,30,b_positives_nontumor,nnU-Net missed,576,0,0,0,0.00662526,0,0,981,0,
dark_blobgate,30,b_positives_nontumor,"nnU-Net missed, 10-20mm",204,0,0,0,0.0184833,0,0,981,0,
dark_blobgate,30,b_positives_nontumor,"nnU-Net missed, TARGET",74,0,0,0,0.0493515,0,0,981,0,
dark_blobgate,30,a_neg_reweighted_to_pos,TARGET 10-20mm hypo/hyper enhanced,106,0,0,0,0.034974,0,,316,,
dark_blobgate,30,a_neg_reweighted_to_pos,10-20mm all,275,0,0,0,0.013777,0,,316,,
dark_blobgate,30,a_neg_reweighted_to_pos,10-20mm enhanced,157,0,0,0,0.0238844,0,,316,,
dark_blobgate,30,a_neg_reweighted_to_pos,10-20mm iso(v3),99,0,0,0,0.0373545,0,,316,,
dark_blobgate,30,a_neg_reweighted_to_pos,10-20mm iso within 5 HU,66,0,0,0,0.0550045,0,,316,,
dark_blobgate,30,a_neg_reweighted_to_pos,<10mm all,86,0,0,0,0.0427597,0,,316,,
dark_blobgate,30,a_neg_reweighted_to_pos,>=20mm all,874,0,0,0,0.00437619,0,,316,,
dark_blobgate,30,a_neg_reweighted_to_pos,all lesions,1235,0,0,0,0.00310096,0,,316,,
dark_blobgate,30,a_neg_reweighted_to_pos,"all, not separated",1165,0,0,0,0.00328667,0,,316,,
dark_blobgate,30,a_neg_reweighted_to_pos,size <5,49,0,0,0,0.0727003,0,,316,,
dark_blobgate,30,a_neg_reweighted_to_pos,size 5-10,37,0,0,0,0.094061,0,,316,,
dark_blobgate,30,a_neg_reweighted_to_pos,size 10-20,275,0,0,0,0.013777,0,,316,,
dark_blobgate,30,a_neg_reweighted_to_pos,size 20-40,597,0,0,0,0.0063937,0,,316,,
dark_blobgate,30,a_neg_reweighted_to_pos,size >=40,277,0,0,0,0.0136789,0,,316,,
dark_blobgate,30,a_neg_reweighted_to_pos,v3 hypo,585,0,0,0,0.006524,0,,316,,
dark_blobgate,30,a_neg_reweighted_to_pos,v3 iso,461,0,0,8.67362e-19,0.00826432,0,,316,,
dark_blobgate,30,a_neg_reweighted_to_pos,v3 hyper,189,0,0,0,0.019921,0,,316,,
dark_blobgate,30,a_neg_reweighted_to_pos,phase Arterial,260,0,0,0,0.0145603,0,,316,,
dark_blobgate,30,a_neg_reweighted_to_pos,phase Delay,4,0,0,0,0.4899,0,,316,,
dark_blobgate,30,a_neg_reweighted_to_pos,phase Non-contrast,413,0,0,0,0.00921597,0,,316,,
dark_blobgate,30,a_neg_reweighted_to_pos,phase Venous,557,0,0,0,0.00684971,0,,316,,
dark_blobgate,30,a_neg_reweighted_to_pos,region head,825,0,0,0,0.0046349,0,,316,,
dark_blobgate,30,a_neg_reweighted_to_pos,region body,207,0,0,0,0.0182203,0,,316,,
dark_blobgate,30,a_neg_reweighted_to_pos,region tail,195,0,0,0,0.0193199,0,,316,,
dark_blobgate,30,a_neg_reweighted_to_pos,thickness <=1.5 mm,532,0,0,0,0.00716928,0,,316,,
dark_blobgate,30,a_neg_reweighted_to_pos,thickness 1.5-2.5 mm,426,0,0,0,0.00893725,0,,316,,
dark_blobgate,30,a_neg_reweighted_to_pos,thickness 2.5-5 mm,273,0,0,0,0.0138765,0,,316,,
dark_blobgate,30,a_neg_reweighted_to_pos,thickness >5 mm,4,0,0,0,0.4899,0,,316,,
dark_blobgate,30,a_neg_reweighted_to_pos,tier abutting,174,0,0,0,0.0216012,0,,316,,
dark_blobgate,30,a_neg_reweighted_to_pos,tier embedded,111,0,0,0,0.0334513,0,,316,,
dark_blobgate,30,a_neg_reweighted_to_pos,tier inside,880,0,0,0,0.00434648,0,,316,,
dark_blobgate,30,a_neg_reweighted_to_pos,tier separated,70,0,0,0,0.0520249,0,,316,,
dark_blobgate,30,a_neg_reweighted_to_pos,nnU-Net detected,659,0,0,0,0.00579565,0,,316,,
dark_blobgate,30,a_neg_reweighted_to_pos,nnU-Net missed,576,0,0,0,0.00662526,0,,316,,
dark_blobgate,30,a_neg_reweighted_to_pos,"nnU-Net missed, 10-20mm",204,0,0,0,0.0184833,0,,316,,
dark_blobgate,30,a_neg_reweighted_to_pos,"nnU-Net missed, TARGET",74,0,0,0,0.0493515,0,,316,,
dark,,a_negatives,TARGET 10-20mm hypo/hyper enhanced,106,0,0,0,0.034974,0.996835,0.805124,316,,1
dark,,a_negatives,10-20mm all,275,0,0,0,0.013777,0.996835,0.805124,316,,1
dark,,a_negatives,10-20mm enhanced,157,0,0,0,0.0238844,0.996835,0.805124,316,,1
dark,,a_negatives,10-20mm iso(v3),99,0,0,0,0.0373545,0.996835,0.805124,316,,1
dark,,a_negatives,10-20mm iso within 5 HU,66,0,0,0,0.0550045,0.996835,0.805124,316,,1
dark,,a_negatives,<10mm all,86,1,0.0116279,0.00205552,0.0629656,0.996835,0.805124,316,,1
dark,,a_negatives,>=20mm all,874,24,0.02746,0.0185212,0.0405345,0.996835,0.805124,316,,1
dark,,a_negatives,all lesions,1235,25,0.0202429,0.0137485,0.0297128,0.996835,0.805124,316,,1
dark,,a_negatives,"all, not separated",1165,25,0.0214592,0.0145769,0.0314872,0.996835,0.805124,316,,1
dark,,a_negatives,size <5,49,0,0,0,0.0727003,0.996835,0.805124,316,,1
dark,,a_negatives,size 5-10,37,1,0.027027,0.00478685,0.138244,0.996835,0.805124,316,,1
dark,,a_negatives,size 10-20,275,0,0,0,0.013777,0.996835,0.805124,316,,1
dark,,a_negatives,size 20-40,597,11,0.0184255,0.0103189,0.0326901,0.996835,0.805124,316,,1
dark,,a_negatives,size >=40,277,13,0.0469314,0.0276289,0.0786289,0.996835,0.805124,316,,1
dark,,a_negatives,v3 hypo,585,8,0.0136752,0.00694529,0.0267507,0.996835,0.805124,316,,1
dark,,a_negatives,v3 iso,461,14,0.0303688,0.0181745,0.0503254,0.996835,0.805124,316,,1
dark,,a_negatives,v3 hyper,189,3,0.015873,0.00541259,0.045622,0.996835,0.805124,316,,1
dark,,a_negatives,phase Arterial,260,8,0.0307692,0.0156719,0.0595308,0.996835,0.805124,316,,1
dark,,a_negatives,phase Delay,4,0,0,0,0.4899,0.996835,0.805124,316,,1
dark,,a_negatives,phase Non-contrast,413,8,0.0193705,0.00984716,0.0377527,0.996835,0.805124,316,,1
dark,,a_negatives,phase Venous,557,9,0.016158,0.00852352,0.0304208,0.996835,0.805124,316,,1
dark,,a_negatives,region head,825,19,0.0230303,0.0147925,0.0356896,0.996835,0.805124,316,,1
dark,,a_negatives,region body,207,3,0.0144928,0.00494078,0.0417369,0.996835,0.805124,316,,1
dark,,a_negatives,region tail,195,3,0.0153846,0.00524562,0.0442491,0.996835,0.805124,316,,1
dark,,a_negatives,thickness <=1.5 mm,532,9,0.0169173,0.00892518,0.0318361,0.996835,0.805124,316,,1
dark,,a_negatives,thickness 1.5-2.5 mm,426,11,0.0258216,0.0144782,0.0456407,0.996835,0.805124,316,,1
dark,,a_negatives,thickness 2.5-5 mm,273,5,0.018315,0.0078477,0.0421506,0.996835,0.805124,316,,1
dark,,a_negatives,thickness >5 mm,4,0,0,0,0.4899,0.996835,0.805124,316,,1
dark,,a_negatives,tier abutting,174,5,0.0287356,0.0123351,0.065496,0.996835,0.805124,316,,1
dark,,a_negatives,tier embedded,111,0,0,0,0.0334513,0.996835,0.805124,316,,1
dark,,a_negatives,tier inside,880,20,0.0227273,0.0147597,0.0348437,0.996835,0.805124,316,,1
dark,,a_negatives,tier separated,70,0,0,0,0.0520249,0.996835,0.805124,316,,1
dark,,a_negatives,nnU-Net detected,659,19,0.0288316,0.018534,0.0445906,0.996835,0.805124,316,,1
dark,,a_negatives,nnU-Net missed,576,6,0.0104167,0.00478249,0.0225381,0.996835,0.805124,316,,1
dark,,a_negatives,"nnU-Net missed, 10-20mm",204,0,0,0,0.0184833,0.996835,0.805124,316,,1
dark,,a_negatives,"nnU-Net missed, TARGET",74,0,0,0,0.0493515,0.996835,0.805124,316,,1
dark,,b_positives_nontumor,TARGET 10-20mm hypo/hyper enhanced,106,0,0,0,0.034974,0.796126,0.786363,981,,1
dark,,b_positives_nontumor,10-20mm all,275,0,0,0,0.013777,0.796126,0.786363,981,,1
dark,,b_positives_nontumor,10-20mm enhanced,157,0,0,0,0.0238844,0.796126,0.786363,981,,1
dark,,b_positives_nontumor,10-20mm iso(v3),99,0,0,0,0.0373545,0.796126,0.786363,981,,1
dark,,b_positives_nontumor,10-20mm iso within 5 HU,66,0,0,0,0.0550045,0.796126,0.786363,981,,1
dark,,b_positives_nontumor,<10mm all,86,1,0.0116279,0.00205552,0.0629656,0.796126,0.786363,981,,1
dark,,b_positives_nontumor,>=20mm all,874,24,0.02746,0.0185212,0.0405345,0.796126,0.786363,981,,1
dark,,b_positives_nontumor,all lesions,1235,25,0.0202429,0.0137485,0.0297128,0.796126,0.786363,981,,1
dark,,b_positives_nontumor,"all, not separated",1165,25,0.0214592,0.0145769,0.0314872,0.796126,0.786363,981,,1
dark,,b_positives_nontumor,size <5,49,0,0,0,0.0727003,0.796126,0.786363,981,,1
dark,,b_positives_nontumor,size 5-10,37,1,0.027027,0.00478685,0.138244,0.796126,0.786363,981,,1
dark,,b_positives_nontumor,size 10-20,275,0,0,0,0.013777,0.796126,0.786363,981,,1
dark,,b_positives_nontumor,size 20-40,597,11,0.0184255,0.0103189,0.0326901,0.796126,0.786363,981,,1
dark,,b_positives_nontumor,size >=40,277,13,0.0469314,0.0276289,0.0786289,0.796126,0.786363,981,,1
dark,,b_positives_nontumor,v3 hypo,585,8,0.0136752,0.00694529,0.0267507,0.796126,0.786363,981,,1
dark,,b_positives_nontumor,v3 iso,461,14,0.0303688,0.0181745,0.0503254,0.796126,0.786363,981,,1
dark,,b_positives_nontumor,v3 hyper,189,3,0.015873,0.00541259,0.045622,0.796126,0.786363,981,,1
dark,,b_positives_nontumor,phase Arterial,260,8,0.0307692,0.0156719,0.0595308,0.796126,0.786363,981,,1
dark,,b_positives_nontumor,phase Delay,4,0,0,0,0.4899,0.796126,0.786363,981,,1
dark,,b_positives_nontumor,phase Non-contrast,413,8,0.0193705,0.00984716,0.0377527,0.796126,0.786363,981,,1
dark,,b_positives_nontumor,phase Venous,557,9,0.016158,0.00852352,0.0304208,0.796126,0.786363,981,,1
dark,,b_positives_nontumor,region head,825,19,0.0230303,0.0147925,0.0356896,0.796126,0.786363,981,,1
dark,,b_positives_nontumor,region body,207,3,0.0144928,0.00494078,0.0417369,0.796126,0.786363,981,,1
dark,,b_positives_nontumor,region tail,195,3,0.0153846,0.00524562,0.0442491,0.796126,0.786363,981,,1
dark,,b_positives_nontumor,thickness <=1.5 mm,532,9,0.0169173,0.00892518,0.0318361,0.796126,0.786363,981,,1
dark,,b_positives_nontumor,thickness 1.5-2.5 mm,426,11,0.0258216,0.0144782,0.0456407,0.796126,0.786363,981,,1
dark,,b_positives_nontumor,thickness 2.5-5 mm,273,5,0.018315,0.0078477,0.0421506,0.796126,0.786363,981,,1
dark,,b_positives_nontumor,thickness >5 mm,4,0,0,0,0.4899,0.796126,0.786363,981,,1
dark,,b_positives_nontumor,tier abutting,174,5,0.0287356,0.0123351,0.065496,0.796126,0.786363,981,,1
dark,,b_positives_nontumor,tier embedded,111,0,0,0,0.0334513,0.796126,0.786363,981,,1
dark,,b_positives_nontumor,tier inside,880,20,0.0227273,0.0147597,0.0348437,0.796126,0.786363,981,,1
dark,,b_positives_nontumor,tier separated,70,0,0,0,0.0520249,0.796126,0.786363,981,,1
dark,,b_positives_nontumor,nnU-Net detected,659,19,0.0288316,0.018534,0.0445906,0.796126,0.786363,981,,1
dark,,b_positives_nontumor,nnU-Net missed,576,6,0.0104167,0.00478249,0.0225381,0.796126,0.786363,981,,1
dark,,b_positives_nontumor,"nnU-Net missed, 10-20mm",204,0,0,0,0.0184833,0.796126,0.786363,981,,1
dark,,b_positives_nontumor,"nnU-Net missed, TARGET",74,0,0,0,0.0493515,0.796126,0.786363,981,,1
dark,,a_negatives,TARGET 10-20mm hypo/hyper enhanced,106,1,0.00943396,0.00166723,0.0515148,1.99367,1.61025,316,,2
dark,,a_negatives,10-20mm all,275,2,0.00727273,0.00199667,0.0261254,1.99367,1.61025,316,,2
dark,,a_negatives,10-20mm enhanced,157,2,0.0127389,0.00350036,0.0452532,1.99367,1.61025,316,,2
dark,,a_negatives,10-20mm iso(v3),99,1,0.010101,0.00178526,0.0550167,1.99367,1.61025,316,,2
dark,,a_negatives,10-20mm iso within 5 HU,66,0,0,0,0.0550045,1.99367,1.61025,316,,2
dark,,a_negatives,<10mm all,86,1,0.0116279,0.00205552,0.0629656,1.99367,1.61025,316,,2
dark,,a_negatives,>=20mm all,874,40,0.0457666,0.0337877,0.0617211,1.99367,1.61025,316,,2
dark,,a_negatives,all lesions,1235,43,0.0348178,0.0259506,0.04657,1.99367,1.61025,316,,2
dark,,a_negatives,"all, not separated",1165,43,0.0369099,0.0275163,0.0493475,1.99367,1.61025,316,,2
dark,,a_negatives,size <5,49,0,0,0,0.0727003,1.99367,1.61025,316,,2
dark,,a_negatives,size 5-10,37,1,0.027027,0.00478685,0.138244,1.99367,1.61025,316,,2
dark,,a_negatives,size 10-20,275,2,0.00727273,0.00199667,0.0261254,1.99367,1.61025,316,,2
dark,,a_negatives,size 20-40,597,18,0.0301508,0.0191553,0.0471544,1.99367,1.61025,316,,2
dark,,a_negatives,size >=40,277,22,0.0794224,0.0530316,0.117319,1.99367,1.61025,316,,2
dark,,a_negatives,v3 hypo,585,13,0.0222222,0.0130319,0.0376466,1.99367,1.61025,316,,2
dark,,a_negatives,v3 iso,461,22,0.0477223,0.0317233,0.0711969,1.99367,1.61025,316,,2
dark,,a_negatives,v3 hyper,189,8,0.042328,0.0216016,0.0812891,1.99367,1.61025,316,,2
dark,,a_negatives,phase Arterial,260,16,0.0615385,0.0382303,0.0976149,1.99367,1.61025,316,,2
dark,,a_negatives,phase Delay,4,0,0,0,0.4899,1.99367,1.61025,316,,2
dark,,a_negatives,phase Non-contrast,413,11,0.0266344,0.0149359,0.0470579,1.99367,1.61025,316,,2
dark,,a_negatives,phase Venous,557,16,0.0287253,0.0177573,0.0461495,1.99367,1.61025,316,,2
dark,,a_negatives,region head,825,35,0.0424242,0.0306602,0.0584299,1.99367,1.61025,316,,2
dark,,a_negatives,region body,207,5,0.0241546,0.0103604,0.0552889,1.99367,1.61025,316,,2
dark,,a_negatives,region tail,195,3,0.0153846,0.00524562,0.0442491,1.99367,1.61025,316,,2
dark,,a_negatives,thickness <=1.5 mm,532,16,0.0300752,0.0185955,0.0482929,1.99367,1.61025,316,,2
dark,,a_negatives,thickness 1.5-2.5 mm,426,20,0.0469484,0.0305943,0.0714004,1.99367,1.61025,316,,2
dark,,a_negatives,thickness 2.5-5 mm,273,7,0.025641,0.0124747,0.0519722,1.99367,1.61025,316,,2
dark,,a_negatives,thickness >5 mm,4,0,0,0,0.4899,1.99367,1.61025,316,,2
dark,,a_negatives,tier abutting,174,8,0.045977,0.0234784,0.0880906,1.99367,1.61025,316,,2
dark,,a_negatives,tier embedded,111,0,0,0,0.0334513,1.99367,1.61025,316,,2
dark,,a_negatives,tier inside,880,35,0.0397727,0.0287348,0.0548114,1.99367,1.61025,316,,2
dark,,a_negatives,tier separated,70,0,0,0,0.0520249,1.99367,1.61025,316,,2
dark,,a_negatives,nnU-Net detected,659,36,0.0546282,0.0397174,0.0747015,1.99367,1.61025,316,,2
dark,,a_negatives,nnU-Net missed,576,7,0.0121528,0.00589894,0.0248708,1.99367,1.61025,316,,2
dark,,a_negatives,"nnU-Net missed, 10-20mm",204,1,0.00490196,0.000865819,0.0272402,1.99367,1.61025,316,,2
dark,,a_negatives,"nnU-Net missed, TARGET",74,0,0,0,0.0493515,1.99367,1.61025,316,,2
dark,,b_positives_nontumor,TARGET 10-20mm hypo/hyper enhanced,106,1,0.00943396,0.00166723,0.0515148,1.61672,1.59689,981,,2
dark,,b_positives_nontumor,10-20mm all,275,2,0.00727273,0.00199667,0.0261254,1.61672,1.59689,981,,2
dark,,b_positives_nontumor,10-20mm enhanced,157,2,0.0127389,0.00350036,0.0452532,1.61672,1.59689,981,,2
dark,,b_positives_nontumor,10-20mm iso(v3),99,1,0.010101,0.00178526,0.0550167,1.61672,1.59689,981,,2
dark,,b_positives_nontumor,10-20mm iso within 5 HU,66,0,0,0,0.0550045,1.61672,1.59689,981,,2
dark,,b_positives_nontumor,<10mm all,86,1,0.0116279,0.00205552,0.0629656,1.61672,1.59689,981,,2
dark,,b_positives_nontumor,>=20mm all,874,40,0.0457666,0.0337877,0.0617211,1.61672,1.59689,981,,2
dark,,b_positives_nontumor,all lesions,1235,43,0.0348178,0.0259506,0.04657,1.61672,1.59689,981,,2
dark,,b_positives_nontumor,"all, not separated",1165,43,0.0369099,0.0275163,0.0493475,1.61672,1.59689,981,,2
dark,,b_positives_nontumor,size <5,49,0,0,0,0.0727003,1.61672,1.59689,981,,2
dark,,b_positives_nontumor,size 5-10,37,1,0.027027,0.00478685,0.138244,1.61672,1.59689,981,,2
dark,,b_positives_nontumor,size 10-20,275,2,0.00727273,0.00199667,0.0261254,1.61672,1.59689,981,,2
dark,,b_positives_nontumor,size 20-40,597,18,0.0301508,0.0191553,0.0471544,1.61672,1.59689,981,,2
dark,,b_positives_nontumor,size >=40,277,22,0.0794224,0.0530316,0.117319,1.61672,1.59689,981,,2
dark,,b_positives_nontumor,v3 hypo,585,13,0.0222222,0.0130319,0.0376466,1.61672,1.59689,981,,2
dark,,b_positives_nontumor,v3 iso,461,22,0.0477223,0.0317233,0.0711969,1.61672,1.59689,981,,2
dark,,b_positives_nontumor,v3 hyper,189,8,0.042328,0.0216016,0.0812891,1.61672,1.59689,981,,2
dark,,b_positives_nontumor,phase Arterial,260,16,0.0615385,0.0382303,0.0976149,1.61672,1.59689,981,,2
dark,,b_positives_nontumor,phase Delay,4,0,0,0,0.4899,1.61672,1.59689,981,,2
dark,,b_positives_nontumor,phase Non-contrast,413,11,0.0266344,0.0149359,0.0470579,1.61672,1.59689,981,,2
dark,,b_positives_nontumor,phase Venous,557,16,0.0287253,0.0177573,0.0461495,1.61672,1.59689,981,,2
dark,,b_positives_nontumor,region head,825,35,0.0424242,0.0306602,0.0584299,1.61672,1.59689,981,,2
dark,,b_positives_nontumor,region body,207,5,0.0241546,0.0103604,0.0552889,1.61672,1.59689,981,,2
dark,,b_positives_nontumor,region tail,195,3,0.0153846,0.00524562,0.0442491,1.61672,1.59689,981,,2
dark,,b_positives_nontumor,thickness <=1.5 mm,532,16,0.0300752,0.0185955,0.0482929,1.61672,1.59689,981,,2
dark,,b_positives_nontumor,thickness 1.5-2.5 mm,426,20,0.0469484,0.0305943,0.0714004,1.61672,1.59689,981,,2
dark,,b_positives_nontumor,thickness 2.5-5 mm,273,7,0.025641,0.0124747,0.0519722,1.61672,1.59689,981,,2
dark,,b_positives_nontumor,thickness >5 mm,4,0,0,0,0.4899,1.61672,1.59689,981,,2
dark,,b_positives_nontumor,tier abutting,174,8,0.045977,0.0234784,0.0880906,1.61672,1.59689,981,,2
dark,,b_positives_nontumor,tier embedded,111,0,0,0,0.0334513,1.61672,1.59689,981,,2
dark,,b_positives_nontumor,tier inside,880,35,0.0397727,0.0287348,0.0548114,1.61672,1.59689,981,,2
dark,,b_positives_nontumor,tier separated,70,0,0,0,0.0520249,1.61672,1.59689,981,,2
dark,,b_positives_nontumor,nnU-Net detected,659,36,0.0546282,0.0397174,0.0747015,1.61672,1.59689,981,,2
dark,,b_positives_nontumor,nnU-Net missed,576,7,0.0121528,0.00589894,0.0248708,1.61672,1.59689,981,,2
dark,,b_positives_nontumor,"nnU-Net missed, 10-20mm",204,1,0.00490196,0.000865819,0.0272402,1.61672,1.59689,981,,2
dark,,b_positives_nontumor,"nnU-Net missed, TARGET",74,0,0,0,0.0493515,1.61672,1.59689,981,,2
dark,,a_negatives,TARGET 10-20mm hypo/hyper enhanced,106,2,0.0188679,0.0051895,0.0662006,2.99051,2.41537,316,,3
dark,,a_negatives,10-20mm all,275,3,0.0109091,0.00371681,0.0315778,2.99051,2.41537,316,,3
dark,,a_negatives,10-20mm enhanced,157,3,0.0191083,0.00651936,0.0546688,2.99051,2.41537,316,,3
dark,,a_negatives,10-20mm iso(v3),99,1,0.010101,0.00178526,0.0550167,2.99051,2.41537,316,,3
dark,,a_negatives,10-20mm iso within 5 HU,66,0,0,0,0.0550045,2.99051,2.41537,316,,3
dark,,a_negatives,<10mm all,86,1,0.0116279,0.00205552,0.0629656,2.99051,2.41537,316,,3
dark,,a_negatives,>=20mm all,874,60,0.0686499,0.0537041,0.087371,2.99051,2.41537,316,,3
dark,,a_negatives,all lesions,1235,64,0.0518219,0.0407898,0.0656335,2.99051,2.41537,316,,3
dark,,a_negatives,"all, not separated",1165,64,0.0549356,0.043254,0.0695428,2.99051,2.41537,316,,3
dark,,a_negatives,size <5,49,0,0,0,0.0727003,2.99051,2.41537,316,,3
dark,,a_negatives,size 5-10,37,1,0.027027,0.00478685,0.138244,2.99051,2.41537,316,,3
dark,,a_negatives,size 10-20,275,3,0.0109091,0.00371681,0.0315778,2.99051,2.41537,316,,3
dark,,a_negatives,size 20-40,597,27,0.0452261,0.0312655,0.0650021,2.99051,2.41537,316,,3
dark,,a_negatives,size >=40,277,33,0.119134,0.0860993,0.162588,2.99051,2.41537,316,,3
dark,,a_negatives,v3 hypo,585,22,0.0376068,0.024964,0.056283,2.99051,2.41537,316,,3
dark,,a_negatives,v3 iso,461,27,0.0585683,0.0405603,0.0838726,2.99051,2.41537,316,,3
dark,,a_negatives,v3 hyper,189,15,0.0793651,0.0486835,0.126806,2.99051,2.41537,316,,3
dark,,a_negatives,phase Arterial,260,21,0.0807692,0.0534324,0.120314,2.99051,2.41537,316,,3
dark,,a_negatives,phase Delay,4,0,0,0,0.4899,2.99051,2.41537,316,,3
dark,,a_negatives,phase Non-contrast,413,16,0.0387409,0.0239847,0.0619991,2.99051,2.41537,316,,3
dark,,a_negatives,phase Venous,557,27,0.048474,0.0335251,0.0696085,2.99051,2.41537,316,,3
dark,,a_negatives,region head,825,52,0.0630303,0.0483875,0.0817238,2.99051,2.41537,316,,3
dark,,a_negatives,region body,207,6,0.0289855,0.0133504,0.0617846,2.99051,2.41537,316,,3
dark,,a_negatives,region tail,195,6,0.0307692,0.0141764,0.0654931,2.99051,2.41537,316,,3
dark,,a_negatives,thickness <=1.5 mm,532,20,0.037594,0.0244659,0.0573523,2.99051,2.41537,316,,3
dark,,a_negatives,thickness 1.5-2.5 mm,426,34,0.0798122,0.057674,0.109461,2.99051,2.41537,316,,3
dark,,a_negatives,thickness 2.5-5 mm,273,10,0.03663,0.0200161,0.0661039,2.99051,2.41537,316,,3
dark,,a_negatives,thickness >5 mm,4,0,0,0,0.4899,2.99051,2.41537,316,,3
dark,,a_negatives,tier abutting,174,9,0.0517241,0.0274475,0.0953674,2.99051,2.41537,316,,3
dark,,a_negatives,tier embedded,111,1,0.00900901,0.00159204,0.0492745,2.99051,2.41537,316,,3
dark,,a_negatives,tier inside,880,54,0.0613636,0.0473333,0.079207,2.99051,2.41537,316,,3
dark,,a_negatives,tier separated,70,0,0,0,0.0520249,2.99051,2.41537,316,,3
dark,,a_negatives,nnU-Net detected,659,54,0.0819423,0.0633447,0.105386,2.99051,2.41537,316,,3
dark,,a_negatives,nnU-Net missed,576,10,0.0173611,0.00945693,0.0316605,2.99051,2.41537,316,,3
dark,,a_negatives,"nnU-Net missed, 10-20mm",204,2,0.00980392,0.00269266,0.0350361,2.99051,2.41537,316,,3
dark,,a_negatives,"nnU-Net missed, TARGET",74,1,0.0135135,0.0023894,0.0726553,2.99051,2.41537,316,,3
dark,,b_positives_nontumor,TARGET 10-20mm hypo/hyper enhanced,106,2,0.0188679,0.0051895,0.0662006,2.4261,2.39634,981,,3
dark,,b_positives_nontumor,10-20mm all,275,3,0.0109091,0.00371681,0.0315778,2.4261,2.39634,981,,3
dark,,b_positives_nontumor,10-20mm enhanced,157,3,0.0191083,0.00651936,0.0546688,2.4261,2.39634,981,,3
dark,,b_positives_nontumor,10-20mm iso(v3),99,1,0.010101,0.00178526,0.0550167,2.4261,2.39634,981,,3
dark,,b_positives_nontumor,10-20mm iso within 5 HU,66,0,0,0,0.0550045,2.4261,2.39634,981,,3
dark,,b_positives_nontumor,<10mm all,86,1,0.0116279,0.00205552,0.0629656,2.4261,2.39634,981,,3
dark,,b_positives_nontumor,>=20mm all,874,60,0.0686499,0.0537041,0.087371,2.4261,2.39634,981,,3
dark,,b_positives_nontumor,all lesions,1235,64,0.0518219,0.0407898,0.0656335,2.4261,2.39634,981,,3
dark,,b_positives_nontumor,"all, not separated",1165,64,0.0549356,0.043254,0.0695428,2.4261,2.39634,981,,3
dark,,b_positives_nontumor,size <5,49,0,0,0,0.0727003,2.4261,2.39634,981,,3
dark,,b_positives_nontumor,size 5-10,37,1,0.027027,0.00478685,0.138244,2.4261,2.39634,981,,3
dark,,b_positives_nontumor,size 10-20,275,3,0.0109091,0.00371681,0.0315778,2.4261,2.39634,981,,3
dark,,b_positives_nontumor,size 20-40,597,27,0.0452261,0.0312655,0.0650021,2.4261,2.39634,981,,3
dark,,b_positives_nontumor,size >=40,277,33,0.119134,0.0860993,0.162588,2.4261,2.39634,981,,3
dark,,b_positives_nontumor,v3 hypo,585,22,0.0376068,0.024964,0.056283,2.4261,2.39634,981,,3
dark,,b_positives_nontumor,v3 iso,461,27,0.0585683,0.0405603,0.0838726,2.4261,2.39634,981,,3
dark,,b_positives_nontumor,v3 hyper,189,15,0.0793651,0.0486835,0.126806,2.4261,2.39634,981,,3
dark,,b_positives_nontumor,phase Arterial,260,21,0.0807692,0.0534324,0.120314,2.4261,2.39634,981,,3
dark,,b_positives_nontumor,phase Delay,4,0,0,0,0.4899,2.4261,2.39634,981,,3
dark,,b_positives_nontumor,phase Non-contrast,413,16,0.0387409,0.0239847,0.0619991,2.4261,2.39634,981,,3
dark,,b_positives_nontumor,phase Venous,557,27,0.048474,0.0335251,0.0696085,2.4261,2.39634,981,,3
dark,,b_positives_nontumor,region head,825,52,0.0630303,0.0483875,0.0817238,2.4261,2.39634,981,,3
dark,,b_positives_nontumor,region body,207,6,0.0289855,0.0133504,0.0617846,2.4261,2.39634,981,,3
dark,,b_positives_nontumor,region tail,195,6,0.0307692,0.0141764,0.0654931,2.4261,2.39634,981,,3
dark,,b_positives_nontumor,thickness <=1.5 mm,532,20,0.037594,0.0244659,0.0573523,2.4261,2.39634,981,,3
dark,,b_positives_nontumor,thickness 1.5-2.5 mm,426,34,0.0798122,0.057674,0.109461,2.4261,2.39634,981,,3
dark,,b_positives_nontumor,thickness 2.5-5 mm,273,10,0.03663,0.0200161,0.0661039,2.4261,2.39634,981,,3
dark,,b_positives_nontumor,thickness >5 mm,4,0,0,0,0.4899,2.4261,2.39634,981,,3
dark,,b_positives_nontumor,tier abutting,174,9,0.0517241,0.0274475,0.0953674,2.4261,2.39634,981,,3
dark,,b_positives_nontumor,tier embedded,111,1,0.00900901,0.00159204,0.0492745,2.4261,2.39634,981,,3
dark,,b_positives_nontumor,tier inside,880,54,0.0613636,0.0473333,0.079207,2.4261,2.39634,981,,3
dark,,b_positives_nontumor,tier separated,70,0,0,0,0.0520249,2.4261,2.39634,981,,3
dark,,b_positives_nontumor,nnU-Net detected,659,54,0.0819423,0.0633447,0.105386,2.4261,2.39634,981,,3
dark,,b_positives_nontumor,nnU-Net missed,576,10,0.0173611,0.00945693,0.0316605,2.4261,2.39634,981,,3
dark,,b_positives_nontumor,"nnU-Net missed, 10-20mm",204,2,0.00980392,0.00269266,0.0350361,2.4261,2.39634,981,,3
dark,,b_positives_nontumor,"nnU-Net missed, TARGET",74,1,0.0135135,0.0023894,0.0726553,2.4261,2.39634,981,,3
dark,,a_negatives,TARGET 10-20mm hypo/hyper enhanced,106,2,0.0188679,0.0051895,0.0662006,4.98418,4.02562,316,,5
dark,,a_negatives,10-20mm all,275,4,0.0145455,0.00567051,0.0367966,4.98418,4.02562,316,,5
dark,,a_negatives,10-20mm enhanced,157,4,0.0254777,0.00995123,0.0636715,4.98418,4.02562,316,,5
dark,,a_negatives,10-20mm iso(v3),99,2,0.020202,0.0055576,0.0706917,4.98418,4.02562,316,,5
dark,,a_negatives,10-20mm iso within 5 HU,66,1,0.0151515,0.00267957,0.0809611,4.98418,4.02562,316,,5
dark,,a_negatives,<10mm all,86,1,0.0116279,0.00205552,0.0629656,4.98418,4.02562,316,,5
dark,,a_negatives,>=20mm all,874,91,0.104119,0.0855733,0.12613,4.98418,4.02562,316,,5
dark,,a_negatives,all lesions,1235,96,0.0777328,0.0640748,0.0940097,4.98418,4.02562,316,,5
dark,,a_negatives,"all, not separated",1165,96,0.0824034,0.0679519,0.0995999,4.98418,4.02562,316,,5
dark,,a_negatives,size <5,49,0,0,0,0.0727003,4.98418,4.02562,316,,5
dark,,a_negatives,size 5-10,37,1,0.027027,0.00478685,0.138244,4.98418,4.02562,316,,5
dark,,a_negatives,size 10-20,275,4,0.0145455,0.00567051,0.0367966,4.98418,4.02562,316,,5
dark,,a_negatives,size 20-40,597,43,0.0720268,0.0539104,0.0956158,4.98418,4.02562,316,,5
dark,,a_negatives,size >=40,277,48,0.173285,0.133262,0.222247,4.98418,4.02562,316,,5
dark,,a_negatives,v3 hypo,585,26,0.0444444,0.0305079,0.0643251,4.98418,4.02562,316,,5
dark,,a_negatives,v3 iso,461,42,0.0911063,0.0681084,0.120863,4.98418,4.02562,316,,5
dark,,a_negatives,v3 hyper,189,28,0.148148,0.10453,0.205785,4.98418,4.02562,316,,5
dark,,a_negatives,phase Arterial,260,29,0.111538,0.0787904,0.155599,4.98418,4.02562,316,,5
dark,,a_negatives,phase Delay,4,1,0.25,0.0455861,0.699364,4.98418,4.02562,316,,5
dark,,a_negatives,phase Non-contrast,413,25,0.0605327,0.0413341,0.0878315,4.98418,4.02562,316,,5
dark,,a_negatives,phase Venous,557,41,0.0736086,0.0547207,0.0983379,4.98418,4.02562,316,,5
dark,,a_negatives,region head,825,80,0.0969697,0.0786053,0.11907,4.98418,4.02562,316,,5
dark,,a_negatives,region body,207,8,0.0386473,0.0197108,0.0743958,4.98418,4.02562,316,,5
dark,,a_negatives,region tail,195,8,0.0410256,0.0209323,0.0788537,4.98418,4.02562,316,,5
dark,,a_negatives,thickness <=1.5 mm,532,31,0.0582707,0.0413516,0.0815235,4.98418,4.02562,316,,5
dark,,a_negatives,thickness 1.5-2.5 mm,426,49,0.115023,0.0881064,0.148822,4.98418,4.02562,316,,5
dark,,a_negatives,thickness 2.5-5 mm,273,16,0.0586081,0.0363935,0.0930725,4.98418,4.02562,316,,5
dark,,a_negatives,thickness >5 mm,4,0,0,0,0.4899,4.98418,4.02562,316,,5
dark,,a_negatives,tier abutting,174,12,0.0689655,0.0398877,0.116665,4.98418,4.02562,316,,5
dark,,a_negatives,tier embedded,111,2,0.018018,0.00495507,0.0633268,4.98418,4.02562,316,,5
dark,,a_negatives,tier inside,880,82,0.0931818,0.0757043,0.114196,4.98418,4.02562,316,,5
dark,,a_negatives,tier separated,70,0,0,0,0.0520249,4.98418,4.02562,316,,5
dark,,a_negatives,nnU-Net detected,659,77,0.116844,0.0945084,0.14362,4.98418,4.02562,316,,5
dark,,a_negatives,nnU-Net missed,576,19,0.0329861,0.0212173,0.0509431,4.98418,4.02562,316,,5
dark,,a_negatives,"nnU-Net missed, 10-20mm",204,2,0.00980392,0.00269266,0.0350361,4.98418,4.02562,316,,5
dark,,a_negatives,"nnU-Net missed, TARGET",74,1,0.0135135,0.0023894,0.0726553,4.98418,4.02562,316,,5
dark,,b_positives_nontumor,TARGET 10-20mm hypo/hyper enhanced,106,2,0.0188679,0.0051895,0.0662006,4.0683,4.0184,981,,5
dark,,b_positives_nontumor,10-20mm all,275,4,0.0145455,0.00567051,0.0367966,4.0683,4.0184,981,,5
dark,,b_positives_nontumor,10-20mm enhanced,157,4,0.0254777,0.00995123,0.0636715,4.0683,4.0184,981,,5
dark,,b_positives_nontumor,10-20mm iso(v3),99,2,0.020202,0.0055576,0.0706917,4.0683,4.0184,981,,5
dark,,b_positives_nontumor,10-20mm iso within 5 HU,66,1,0.0151515,0.00267957,0.0809611,4.0683,4.0184,981,,5
dark,,b_positives_nontumor,<10mm all,86,1,0.0116279,0.00205552,0.0629656,4.0683,4.0184,981,,5
dark,,b_positives_nontumor,>=20mm all,874,91,0.104119,0.0855733,0.12613,4.0683,4.0184,981,,5
dark,,b_positives_nontumor,all lesions,1235,96,0.0777328,0.0640748,0.0940097,4.0683,4.0184,981,,5
dark,,b_positives_nontumor,"all, not separated",1165,96,0.0824034,0.0679519,0.0995999,4.0683,4.0184,981,,5
dark,,b_positives_nontumor,size <5,49,0,0,0,0.0727003,4.0683,4.0184,981,,5
dark,,b_positives_nontumor,size 5-10,37,1,0.027027,0.00478685,0.138244,4.0683,4.0184,981,,5
dark,,b_positives_nontumor,size 10-20,275,4,0.0145455,0.00567051,0.0367966,4.0683,4.0184,981,,5
dark,,b_positives_nontumor,size 20-40,597,43,0.0720268,0.0539104,0.0956158,4.0683,4.0184,981,,5
dark,,b_positives_nontumor,size >=40,277,48,0.173285,0.133262,0.222247,4.0683,4.0184,981,,5
dark,,b_positives_nontumor,v3 hypo,585,26,0.0444444,0.0305079,0.0643251,4.0683,4.0184,981,,5
dark,,b_positives_nontumor,v3 iso,461,42,0.0911063,0.0681084,0.120863,4.0683,4.0184,981,,5
dark,,b_positives_nontumor,v3 hyper,189,28,0.148148,0.10453,0.205785,4.0683,4.0184,981,,5
dark,,b_positives_nontumor,phase Arterial,260,29,0.111538,0.0787904,0.155599,4.0683,4.0184,981,,5
dark,,b_positives_nontumor,phase Delay,4,1,0.25,0.0455861,0.699364,4.0683,4.0184,981,,5
dark,,b_positives_nontumor,phase Non-contrast,413,25,0.0605327,0.0413341,0.0878315,4.0683,4.0184,981,,5
dark,,b_positives_nontumor,phase Venous,557,41,0.0736086,0.0547207,0.0983379,4.0683,4.0184,981,,5
dark,,b_positives_nontumor,region head,825,80,0.0969697,0.0786053,0.11907,4.0683,4.0184,981,,5
dark,,b_positives_nontumor,region body,207,8,0.0386473,0.0197108,0.0743958,4.0683,4.0184,981,,5
dark,,b_positives_nontumor,region tail,195,8,0.0410256,0.0209323,0.0788537,4.0683,4.0184,981,,5
dark,,b_positives_nontumor,thickness <=1.5 mm,532,31,0.0582707,0.0413516,0.0815235,4.0683,4.0184,981,,5
dark,,b_positives_nontumor,thickness 1.5-2.5 mm,426,49,0.115023,0.0881064,0.148822,4.0683,4.0184,981,,5
dark,,b_positives_nontumor,thickness 2.5-5 mm,273,16,0.0586081,0.0363935,0.0930725,4.0683,4.0184,981,,5
dark,,b_positives_nontumor,thickness >5 mm,4,0,0,0,0.4899,4.0683,4.0184,981,,5
dark,,b_positives_nontumor,tier abutting,174,12,0.0689655,0.0398877,0.116665,4.0683,4.0184,981,,5
dark,,b_positives_nontumor,tier embedded,111,2,0.018018,0.00495507,0.0633268,4.0683,4.0184,981,,5
dark,,b_positives_nontumor,tier inside,880,82,0.0931818,0.0757043,0.114196,4.0683,4.0184,981,,5
dark,,b_positives_nontumor,tier separated,70,0,0,0,0.0520249,4.0683,4.0184,981,,5
dark,,b_positives_nontumor,nnU-Net detected,659,77,0.116844,0.0945084,0.14362,4.0683,4.0184,981,,5
dark,,b_positives_nontumor,nnU-Net missed,576,19,0.0329861,0.0212173,0.0509431,4.0683,4.0184,981,,5
dark,,b_positives_nontumor,"nnU-Net missed, 10-20mm",204,2,0.00980392,0.00269266,0.0350361,4.0683,4.0184,981,,5
dark,,b_positives_nontumor,"nnU-Net missed, TARGET",74,1,0.0135135,0.0023894,0.0726553,4.0683,4.0184,981,,5
dark,,a_negatives,TARGET 10-20mm hypo/hyper enhanced,106,3,0.0283019,0.00967111,0.079927,9.95253,8.03846,316,,10
dark,,a_negatives,10-20mm all,275,7,0.0254545,0.0123836,0.0516011,9.95253,8.03846,316,,10
dark,,a_negatives,10-20mm enhanced,157,6,0.0382166,0.0176304,0.0808615,9.95253,8.03846,316,,10
dark,,a_negatives,10-20mm iso(v3),99,4,0.040404,0.0158224,0.0993217,9.95253,8.03846,316,,10
dark,,a_negatives,10-20mm iso within 5 HU,66,3,0.0454545,0.015578,0.125335,9.95253,8.03846,316,,10
dark,,a_negatives,<10mm all,86,1,0.0116279,0.00205552,0.0629656,9.95253,8.03846,316,,10
dark,,a_negatives,>=20mm all,874,128,0.146453,0.12456,0.17144,9.95253,8.03846,316,,10
dark,,a_negatives,all lesions,1235,136,0.110121,0.0938565,0.128804,9.95253,8.03846,316,,10
dark,,a_negatives,"all, not separated",1165,136,0.116738,0.0995458,0.13645,9.95253,8.03846,316,,10
dark,,a_negatives,size <5,49,0,0,0,0.0727003,9.95253,8.03846,316,,10
dark,,a_negatives,size 5-10,37,1,0.027027,0.00478685,0.138244,9.95253,8.03846,316,,10
dark,,a_negatives,size 10-20,275,7,0.0254545,0.0123836,0.0516011,9.95253,8.03846,316,,10
dark,,a_negatives,size 20-40,597,66,0.110553,0.0878456,0.13824,9.95253,8.03846,316,,10
dark,,a_negatives,size >=40,277,62,0.223827,0.17871,0.276499,9.95253,8.03846,316,,10
dark,,a_negatives,v3 hypo,585,37,0.0632479,0.0462314,0.085963,9.95253,8.03846,316,,10
dark,,a_negatives,v3 iso,461,57,0.123644,0.0966686,0.156841,9.95253,8.03846,316,,10
dark,,a_negatives,v3 hyper,189,42,0.222222,0.168817,0.286694,9.95253,8.03846,316,,10
dark,,a_negatives,phase Arterial,260,34,0.130769,0.0951094,0.177181,9.95253,8.03846,316,,10
dark,,a_negatives,phase Delay,4,1,0.25,0.0455861,0.699364,9.95253,8.03846,316,,10
dark,,a_negatives,phase Non-contrast,413,38,0.0920097,0.0677684,0.123771,9.95253,8.03846,316,,10
dark,,a_negatives,phase Venous,557,63,0.113106,0.0894095,0.142103,9.95253,8.03846,316,,10
dark,,a_negatives,region head,825,114,0.138182,0.116305,0.163412,9.95253,8.03846,316,,10
dark,,a_negatives,region body,207,12,0.057971,0.0334691,0.0985808,9.95253,8.03846,316,,10
dark,,a_negatives,region tail,195,10,0.0512821,0.0280904,0.091812,9.95253,8.03846,316,,10
dark,,a_negatives,thickness <=1.5 mm,532,44,0.0827068,0.0621855,0.109211,9.95253,8.03846,316,,10
dark,,a_negatives,thickness 1.5-2.5 mm,426,71,0.166667,0.134288,0.205003,9.95253,8.03846,316,,10
dark,,a_negatives,thickness 2.5-5 mm,273,21,0.0769231,0.0508599,0.114728,9.95253,8.03846,316,,10
dark,,a_negatives,thickness >5 mm,4,0,0,0,0.4899,9.95253,8.03846,316,,10
dark,,a_negatives,tier abutting,174,14,0.0804598,0.0485307,0.130514,9.95253,8.03846,316,,10
dark,,a_negatives,tier embedded,111,5,0.045045,0.0193915,0.101136,9.95253,8.03846,316,,10
dark,,a_negatives,tier inside,880,117,0.132955,0.112109,0.156991,9.95253,8.03846,316,,10
dark,,a_negatives,tier separated,70,0,0,0,0.0520249,9.95253,8.03846,316,,10
dark,,a_negatives,nnU-Net detected,659,106,0.16085,0.134777,0.190854,9.95253,8.03846,316,,10
dark,,a_negatives,nnU-Net missed,576,30,0.0520833,0.0367233,0.0733785,9.95253,8.03846,316,,10
dark,,a_negatives,"nnU-Net missed, 10-20mm",204,5,0.0245098,0.0105134,0.0560835,9.95253,8.03846,316,,10
dark,,a_negatives,"nnU-Net missed, TARGET",74,2,0.027027,0.0074432,0.0932947,9.95253,8.03846,316,,10
dark,,b_positives_nontumor,TARGET 10-20mm hypo/hyper enhanced,106,3,0.0283019,0.00967111,0.079927,8.26606,8.16468,981,,10
dark,,b_positives_nontumor,10-20mm all,275,7,0.0254545,0.0123836,0.0516011,8.26606,8.16468,981,,10
dark,,b_positives_nontumor,10-20mm enhanced,157,6,0.0382166,0.0176304,0.0808615,8.26606,8.16468,981,,10
dark,,b_positives_nontumor,10-20mm iso(v3),99,4,0.040404,0.0158224,0.0993217,8.26606,8.16468,981,,10
dark,,b_positives_nontumor,10-20mm iso within 5 HU,66,3,0.0454545,0.015578,0.125335,8.26606,8.16468,981,,10
dark,,b_positives_nontumor,<10mm all,86,1,0.0116279,0.00205552,0.0629656,8.26606,8.16468,981,,10
dark,,b_positives_nontumor,>=20mm all,874,128,0.146453,0.12456,0.17144,8.26606,8.16468,981,,10
dark,,b_positives_nontumor,all lesions,1235,136,0.110121,0.0938565,0.128804,8.26606,8.16468,981,,10
dark,,b_positives_nontumor,"all, not separated",1165,136,0.116738,0.0995458,0.13645,8.26606,8.16468,981,,10
dark,,b_positives_nontumor,size <5,49,0,0,0,0.0727003,8.26606,8.16468,981,,10
dark,,b_positives_nontumor,size 5-10,37,1,0.027027,0.00478685,0.138244,8.26606,8.16468,981,,10
dark,,b_positives_nontumor,size 10-20,275,7,0.0254545,0.0123836,0.0516011,8.26606,8.16468,981,,10
dark,,b_positives_nontumor,size 20-40,597,66,0.110553,0.0878456,0.13824,8.26606,8.16468,981,,10
dark,,b_positives_nontumor,size >=40,277,62,0.223827,0.17871,0.276499,8.26606,8.16468,981,,10
dark,,b_positives_nontumor,v3 hypo,585,37,0.0632479,0.0462314,0.085963,8.26606,8.16468,981,,10
dark,,b_positives_nontumor,v3 iso,461,57,0.123644,0.0966686,0.156841,8.26606,8.16468,981,,10
dark,,b_positives_nontumor,v3 hyper,189,42,0.222222,0.168817,0.286694,8.26606,8.16468,981,,10
dark,,b_positives_nontumor,phase Arterial,260,34,0.130769,0.0951094,0.177181,8.26606,8.16468,981,,10
dark,,b_positives_nontumor,phase Delay,4,1,0.25,0.0455861,0.699364,8.26606,8.16468,981,,10
dark,,b_positives_nontumor,phase Non-contrast,413,38,0.0920097,0.0677684,0.123771,8.26606,8.16468,981,,10
dark,,b_positives_nontumor,phase Venous,557,63,0.113106,0.0894095,0.142103,8.26606,8.16468,981,,10
dark,,b_positives_nontumor,region head,825,114,0.138182,0.116305,0.163412,8.26606,8.16468,981,,10
dark,,b_positives_nontumor,region body,207,12,0.057971,0.0334691,0.0985808,8.26606,8.16468,981,,10
dark,,b_positives_nontumor,region tail,195,10,0.0512821,0.0280904,0.091812,8.26606,8.16468,981,,10
dark,,b_positives_nontumor,thickness <=1.5 mm,532,44,0.0827068,0.0621855,0.109211,8.26606,8.16468,981,,10
dark,,b_positives_nontumor,thickness 1.5-2.5 mm,426,71,0.166667,0.134288,0.205003,8.26606,8.16468,981,,10
dark,,b_positives_nontumor,thickness 2.5-5 mm,273,21,0.0769231,0.0508599,0.114728,8.26606,8.16468,981,,10
dark,,b_positives_nontumor,thickness >5 mm,4,0,0,0,0.4899,8.26606,8.16468,981,,10
dark,,b_positives_nontumor,tier abutting,174,14,0.0804598,0.0485307,0.130514,8.26606,8.16468,981,,10
dark,,b_positives_nontumor,tier embedded,111,5,0.045045,0.0193915,0.101136,8.26606,8.16468,981,,10
dark,,b_positives_nontumor,tier inside,880,117,0.132955,0.112109,0.156991,8.26606,8.16468,981,,10
dark,,b_positives_nontumor,tier separated,70,0,0,0,0.0520249,8.26606,8.16468,981,,10
dark,,b_positives_nontumor,nnU-Net detected,659,106,0.16085,0.134777,0.190854,8.26606,8.16468,981,,10
dark,,b_positives_nontumor,nnU-Net missed,576,30,0.0520833,0.0367233,0.0733785,8.26606,8.16468,981,,10
dark,,b_positives_nontumor,"nnU-Net missed, 10-20mm",204,5,0.0245098,0.0105134,0.0560835,8.26606,8.16468,981,,10
dark,,b_positives_nontumor,"nnU-Net missed, TARGET",74,2,0.027027,0.0074432,0.0932947,8.26606,8.16468,981,,10
dark,,a_negatives,TARGET 10-20mm hypo/hyper enhanced,106,3,0.0283019,0.00967111,0.079927,19.8703,16.0488,316,,20
dark,,a_negatives,10-20mm all,275,11,0.04,0.0224795,0.0701953,19.8703,16.0488,316,,20
dark,,a_negatives,10-20mm enhanced,157,7,0.044586,0.0217625,0.0891641,19.8703,16.0488,316,,20
dark,,a_negatives,10-20mm iso(v3),99,7,0.0707071,0.0346698,0.138816,19.8703,16.0488,316,,20
dark,,a_negatives,10-20mm iso within 5 HU,66,6,0.0909091,0.0423324,0.184489,19.8703,16.0488,316,,20
dark,,a_negatives,<10mm all,86,1,0.0116279,0.00205552,0.0629656,19.8703,16.0488,316,,20
dark,,a_negatives,>=20mm all,874,214,0.244851,0.2175,0.274435,19.8703,16.0488,316,,20
dark,,a_negatives,all lesions,1235,226,0.182996,0.162425,0.205533,19.8703,16.0488,316,,20
dark,,a_negatives,"all, not separated",1165,226,0.193991,0.172306,0.217689,19.8703,16.0488,316,,20
dark,,a_negatives,size <5,49,0,0,0,0.0727003,19.8703,16.0488,316,,20
dark,,a_negatives,size 5-10,37,1,0.027027,0.00478685,0.138244,19.8703,16.0488,316,,20
dark,,a_negatives,size 10-20,275,11,0.04,0.0224795,0.0701953,19.8703,16.0488,316,,20
dark,,a_negatives,size 20-40,597,111,0.18593,0.156764,0.219111,19.8703,16.0488,316,,20
dark,,a_negatives,size >=40,277,103,0.371841,0.317042,0.430146,19.8703,16.0488,316,,20
dark,,a_negatives,v3 hypo,585,68,0.116239,0.0927341,0.144752,19.8703,16.0488,316,,20
dark,,a_negatives,v3 iso,461,97,0.210412,0.175674,0.249937,19.8703,16.0488,316,,20
dark,,a_negatives,v3 hyper,189,61,0.322751,0.2602,0.392365,19.8703,16.0488,316,,20
dark,,a_negatives,phase Arterial,260,54,0.207692,0.162815,0.261082,19.8703,16.0488,316,,20
dark,,a_negatives,phase Delay,4,1,0.25,0.0455861,0.699364,19.8703,16.0488,316,,20
dark,,a_negatives,phase Non-contrast,413,53,0.128329,0.0994647,0.164045,19.8703,16.0488,316,,20
dark,,a_negatives,phase Venous,557,118,0.211849,0.179947,0.247699,19.8703,16.0488,316,,20
dark,,a_negatives,region head,825,178,0.215758,0.189039,0.245111,19.8703,16.0488,316,,20
dark,,a_negatives,region body,207,25,0.120773,0.0831573,0.172208,19.8703,16.0488,316,,20
dark,,a_negatives,region tail,195,23,0.117949,0.0798935,0.170766,19.8703,16.0488,316,,20
dark,,a_negatives,thickness <=1.5 mm,532,75,0.140977,0.113974,0.173129,19.8703,16.0488,316,,20
dark,,a_negatives,thickness 1.5-2.5 mm,426,118,0.276995,0.236635,0.321342,19.8703,16.0488,316,,20
dark,,a_negatives,thickness 2.5-5 mm,273,32,0.117216,0.0842642,0.160792,19.8703,16.0488,316,,20
dark,,a_negatives,thickness >5 mm,4,1,0.25,0.0455861,0.699364,19.8703,16.0488,316,,20
dark,,a_negatives,tier abutting,174,22,0.126437,0.0849988,0.184014,19.8703,16.0488,316,,20
dark,,a_negatives,tier embedded,111,7,0.0630631,0.0308803,0.124478,19.8703,16.0488,316,,20
dark,,a_negatives,tier inside,880,197,0.223864,0.197557,0.252571,19.8703,16.0488,316,,20
dark,,a_negatives,tier separated,70,0,0,0,0.0520249,19.8703,16.0488,316,,20
dark,,a_negatives,nnU-Net detected,659,176,0.267071,0.234712,0.30213,19.8703,16.0488,316,,20
dark,,a_negatives,nnU-Net missed,576,50,0.0868056,0.0664632,0.112623,19.8703,16.0488,316,,20
dark,,a_negatives,"nnU-Net missed, 10-20mm",204,8,0.0392157,0.0200026,0.0754624,19.8703,16.0488,316,,20
dark,,a_negatives,"nnU-Net missed, TARGET",74,2,0.027027,0.0074432,0.0932947,19.8703,16.0488,316,,20
dark,,b_positives_nontumor,TARGET 10-20mm hypo/hyper enhanced,106,3,0.0283019,0.00967111,0.079927,16.6432,16.4391,981,,20
dark,,b_positives_nontumor,10-20mm all,275,11,0.04,0.0224795,0.0701953,16.6432,16.4391,981,,20
dark,,b_positives_nontumor,10-20mm enhanced,157,7,0.044586,0.0217625,0.0891641,16.6432,16.4391,981,,20
dark,,b_positives_nontumor,10-20mm iso(v3),99,7,0.0707071,0.0346698,0.138816,16.6432,16.4391,981,,20
dark,,b_positives_nontumor,10-20mm iso within 5 HU,66,6,0.0909091,0.0423324,0.184489,16.6432,16.4391,981,,20
dark,,b_positives_nontumor,<10mm all,86,1,0.0116279,0.00205552,0.0629656,16.6432,16.4391,981,,20
dark,,b_positives_nontumor,>=20mm all,874,214,0.244851,0.2175,0.274435,16.6432,16.4391,981,,20
dark,,b_positives_nontumor,all lesions,1235,226,0.182996,0.162425,0.205533,16.6432,16.4391,981,,20
dark,,b_positives_nontumor,"all, not separated",1165,226,0.193991,0.172306,0.217689,16.6432,16.4391,981,,20
dark,,b_positives_nontumor,size <5,49,0,0,0,0.0727003,16.6432,16.4391,981,,20
dark,,b_positives_nontumor,size 5-10,37,1,0.027027,0.00478685,0.138244,16.6432,16.4391,981,,20
dark,,b_positives_nontumor,size 10-20,275,11,0.04,0.0224795,0.0701953,16.6432,16.4391,981,,20
dark,,b_positives_nontumor,size 20-40,597,111,0.18593,0.156764,0.219111,16.6432,16.4391,981,,20
dark,,b_positives_nontumor,size >=40,277,103,0.371841,0.317042,0.430146,16.6432,16.4391,981,,20
dark,,b_positives_nontumor,v3 hypo,585,68,0.116239,0.0927341,0.144752,16.6432,16.4391,981,,20
dark,,b_positives_nontumor,v3 iso,461,97,0.210412,0.175674,0.249937,16.6432,16.4391,981,,20
dark,,b_positives_nontumor,v3 hyper,189,61,0.322751,0.2602,0.392365,16.6432,16.4391,981,,20
dark,,b_positives_nontumor,phase Arterial,260,54,0.207692,0.162815,0.261082,16.6432,16.4391,981,,20
dark,,b_positives_nontumor,phase Delay,4,1,0.25,0.0455861,0.699364,16.6432,16.4391,981,,20
dark,,b_positives_nontumor,phase Non-contrast,413,53,0.128329,0.0994647,0.164045,16.6432,16.4391,981,,20
dark,,b_positives_nontumor,phase Venous,557,118,0.211849,0.179947,0.247699,16.6432,16.4391,981,,20
dark,,b_positives_nontumor,region head,825,178,0.215758,0.189039,0.245111,16.6432,16.4391,981,,20
dark,,b_positives_nontumor,region body,207,25,0.120773,0.0831573,0.172208,16.6432,16.4391,981,,20
dark,,b_positives_nontumor,region tail,195,23,0.117949,0.0798935,0.170766,16.6432,16.4391,981,,20
dark,,b_positives_nontumor,thickness <=1.5 mm,532,75,0.140977,0.113974,0.173129,16.6432,16.4391,981,,20
dark,,b_positives_nontumor,thickness 1.5-2.5 mm,426,118,0.276995,0.236635,0.321342,16.6432,16.4391,981,,20
dark,,b_positives_nontumor,thickness 2.5-5 mm,273,32,0.117216,0.0842642,0.160792,16.6432,16.4391,981,,20
dark,,b_positives_nontumor,thickness >5 mm,4,1,0.25,0.0455861,0.699364,16.6432,16.4391,981,,20
dark,,b_positives_nontumor,tier abutting,174,22,0.126437,0.0849988,0.184014,16.6432,16.4391,981,,20
dark,,b_positives_nontumor,tier embedded,111,7,0.0630631,0.0308803,0.124478,16.6432,16.4391,981,,20
dark,,b_positives_nontumor,tier inside,880,197,0.223864,0.197557,0.252571,16.6432,16.4391,981,,20
dark,,b_positives_nontumor,tier separated,70,0,0,0,0.0520249,16.6432,16.4391,981,,20
dark,,b_positives_nontumor,nnU-Net detected,659,176,0.267071,0.234712,0.30213,16.6432,16.4391,981,,20
dark,,b_positives_nontumor,nnU-Net missed,576,50,0.0868056,0.0664632,0.112623,16.6432,16.4391,981,,20
dark,,b_positives_nontumor,"nnU-Net missed, 10-20mm",204,8,0.0392157,0.0200026,0.0754624,16.6432,16.4391,981,,20
dark,,b_positives_nontumor,"nnU-Net missed, TARGET",74,2,0.027027,0.0074432,0.0932947,16.6432,16.4391,981,,20
dark,,a_negatives,TARGET 10-20mm hypo/hyper enhanced,106,15,0.141509,0.0876696,0.220425,49.2943,39.814,316,,50
dark,,a_negatives,10-20mm all,275,30,0.109091,0.0774901,0.151463,49.2943,39.814,316,,50
dark,,a_negatives,10-20mm enhanced,157,20,0.127389,0.0839985,0.188578,49.2943,39.814,316,,50
dark,,a_negatives,10-20mm iso(v3),99,10,0.10101,0.0557961,0.176032,49.2943,39.814,316,,50
dark,,a_negatives,10-20mm iso within 5 HU,66,9,0.136364,0.0734324,0.239298,49.2943,39.814,316,,50
dark,,a_negatives,<10mm all,86,2,0.0232558,0.00640079,0.0808817,49.2943,39.814,316,,50
dark,,a_negatives,>=20mm all,874,376,0.430206,0.397757,0.463265,49.2943,39.814,316,,50
dark,,a_negatives,all lesions,1235,408,0.330364,0.304693,0.357087,49.2943,39.814,316,,50
dark,,a_negatives,"all, not separated",1165,406,0.348498,0.321674,0.376318,49.2943,39.814,316,,50
dark,,a_negatives,size <5,49,0,0,0,0.0727003,49.2943,39.814,316,,50
dark,,a_negatives,size 5-10,37,2,0.0540541,0.0149507,0.17705,49.2943,39.814,316,,50
dark,,a_negatives,size 10-20,275,30,0.109091,0.0774901,0.151463,49.2943,39.814,316,,50
dark,,a_negatives,size 20-40,597,208,0.348409,0.311267,0.387489,49.2943,39.814,316,,50
dark,,a_negatives,size >=40,277,168,0.606498,0.547886,0.662196,49.2943,39.814,316,,50
dark,,a_negatives,v3 hypo,585,154,0.263248,0.229188,0.300397,49.2943,39.814,316,,50
dark,,a_negatives,v3 iso,461,166,0.360087,0.317589,0.404897,49.2943,39.814,316,,50
dark,,a_negatives,v3 hyper,189,88,0.465608,0.395886,0.536701,49.2943,39.814,316,,50
dark,,a_negatives,phase Arterial,260,96,0.369231,0.312871,0.429399,49.2943,39.814,316,,50
dark,,a_negatives,phase Delay,4,1,0.25,0.0455861,0.699364,49.2943,39.814,316,,50
dark,,a_negatives,phase Non-contrast,413,109,0.263923,0.22373,0.308467,49.2943,39.814,316,,50
dark,,a_negatives,phase Venous,557,202,0.362657,0.323797,0.403399,49.2943,39.814,316,,50
dark,,a_negatives,region head,825,297,0.36,0.327964,0.393334,49.2943,39.814,316,,50
dark,,a_negatives,region body,207,61,0.294686,0.236774,0.360079,49.2943,39.814,316,,50
dark,,a_negatives,region tail,195,49,0.251282,0.195606,0.316568,49.2943,39.814,316,,50
dark,,a_negatives,thickness <=1.5 mm,532,145,0.272556,0.23645,0.311924,49.2943,39.814,316,,50
dark,,a_negatives,thickness 1.5-2.5 mm,426,189,0.443662,0.397195,0.491136,49.2943,39.814,316,,50
dark,,a_negatives,thickness 2.5-5 mm,273,73,0.267399,0.218389,0.322865,49.2943,39.814,316,,50
dark,,a_negatives,thickness >5 mm,4,1,0.25,0.0455861,0.699364,49.2943,39.814,316,,50
dark,,a_negatives,tier abutting,174,50,0.287356,0.225281,0.358618,49.2943,39.814,316,,50
dark,,a_negatives,tier embedded,111,17,0.153153,0.097874,0.231637,49.2943,39.814,316,,50
dark,,a_negatives,tier inside,880,339,0.385227,0.353639,0.417814,49.2943,39.814,316,,50
dark,,a_negatives,tier separated,70,2,0.0285714,0.00787045,0.0983244,49.2943,39.814,316,,50
dark,,a_negatives,nnU-Net detected,659,295,0.447648,0.410095,0.485808,49.2943,39.814,316,,50
dark,,a_negatives,nnU-Net missed,576,113,0.196181,0.165808,0.230579,49.2943,39.814,316,,50
dark,,a_negatives,"nnU-Net missed, 10-20mm",204,21,0.102941,0.0683196,0.152241,49.2943,39.814,316,,50
dark,,a_negatives,"nnU-Net missed, TARGET",74,9,0.121622,0.0653224,0.215268,49.2943,39.814,316,,50
dark,,b_positives_nontumor,TARGET 10-20mm hypo/hyper enhanced,106,15,0.141509,0.0876696,0.220425,41.6065,41.0963,981,,50
dark,,b_positives_nontumor,10-20mm all,275,30,0.109091,0.0774901,0.151463,41.6065,41.0963,981,,50
dark,,b_positives_nontumor,10-20mm enhanced,157,20,0.127389,0.0839985,0.188578,41.6065,41.0963,981,,50
dark,,b_positives_nontumor,10-20mm iso(v3),99,10,0.10101,0.0557961,0.176032,41.6065,41.0963,981,,50
dark,,b_positives_nontumor,10-20mm iso within 5 HU,66,9,0.136364,0.0734324,0.239298,41.6065,41.0963,981,,50
dark,,b_positives_nontumor,<10mm all,86,2,0.0232558,0.00640079,0.0808817,41.6065,41.0963,981,,50
dark,,b_positives_nontumor,>=20mm all,874,376,0.430206,0.397757,0.463265,41.6065,41.0963,981,,50
dark,,b_positives_nontumor,all lesions,1235,408,0.330364,0.304693,0.357087,41.6065,41.0963,981,,50
dark,,b_positives_nontumor,"all, not separated",1165,406,0.348498,0.321674,0.376318,41.6065,41.0963,981,,50
dark,,b_positives_nontumor,size <5,49,0,0,0,0.0727003,41.6065,41.0963,981,,50
dark,,b_positives_nontumor,size 5-10,37,2,0.0540541,0.0149507,0.17705,41.6065,41.0963,981,,50
dark,,b_positives_nontumor,size 10-20,275,30,0.109091,0.0774901,0.151463,41.6065,41.0963,981,,50
dark,,b_positives_nontumor,size 20-40,597,208,0.348409,0.311267,0.387489,41.6065,41.0963,981,,50
dark,,b_positives_nontumor,size >=40,277,168,0.606498,0.547886,0.662196,41.6065,41.0963,981,,50
dark,,b_positives_nontumor,v3 hypo,585,154,0.263248,0.229188,0.300397,41.6065,41.0963,981,,50
dark,,b_positives_nontumor,v3 iso,461,166,0.360087,0.317589,0.404897,41.6065,41.0963,981,,50
dark,,b_positives_nontumor,v3 hyper,189,88,0.465608,0.395886,0.536701,41.6065,41.0963,981,,50
dark,,b_positives_nontumor,phase Arterial,260,96,0.369231,0.312871,0.429399,41.6065,41.0963,981,,50
dark,,b_positives_nontumor,phase Delay,4,1,0.25,0.0455861,0.699364,41.6065,41.0963,981,,50
dark,,b_positives_nontumor,phase Non-contrast,413,109,0.263923,0.22373,0.308467,41.6065,41.0963,981,,50
dark,,b_positives_nontumor,phase Venous,557,202,0.362657,0.323797,0.403399,41.6065,41.0963,981,,50
dark,,b_positives_nontumor,region head,825,297,0.36,0.327964,0.393334,41.6065,41.0963,981,,50
dark,,b_positives_nontumor,region body,207,61,0.294686,0.236774,0.360079,41.6065,41.0963,981,,50
dark,,b_positives_nontumor,region tail,195,49,0.251282,0.195606,0.316568,41.6065,41.0963,981,,50
dark,,b_positives_nontumor,thickness <=1.5 mm,532,145,0.272556,0.23645,0.311924,41.6065,41.0963,981,,50
dark,,b_positives_nontumor,thickness 1.5-2.5 mm,426,189,0.443662,0.397195,0.491136,41.6065,41.0963,981,,50
dark,,b_positives_nontumor,thickness 2.5-5 mm,273,73,0.267399,0.218389,0.322865,41.6065,41.0963,981,,50
dark,,b_positives_nontumor,thickness >5 mm,4,1,0.25,0.0455861,0.699364,41.6065,41.0963,981,,50
dark,,b_positives_nontumor,tier abutting,174,50,0.287356,0.225281,0.358618,41.6065,41.0963,981,,50
dark,,b_positives_nontumor,tier embedded,111,17,0.153153,0.097874,0.231637,41.6065,41.0963,981,,50
dark,,b_positives_nontumor,tier inside,880,339,0.385227,0.353639,0.417814,41.6065,41.0963,981,,50
dark,,b_positives_nontumor,tier separated,70,2,0.0285714,0.00787045,0.0983244,41.6065,41.0963,981,,50
dark,,b_positives_nontumor,nnU-Net detected,659,295,0.447648,0.410095,0.485808,41.6065,41.0963,981,,50
dark,,b_positives_nontumor,nnU-Net missed,576,113,0.196181,0.165808,0.230579,41.6065,41.0963,981,,50
dark,,b_positives_nontumor,"nnU-Net missed, 10-20mm",204,21,0.102941,0.0683196,0.152241,41.6065,41.0963,981,,50
dark,,b_positives_nontumor,"nnU-Net missed, TARGET",74,9,0.121622,0.0653224,0.215268,41.6065,41.0963,981,,50
bright,,a_negatives,TARGET 10-20mm hypo/hyper enhanced,106,2,0.0188679,0.0051895,0.0662006,1,0.80768,316,,1
bright,,a_negatives,10-20mm all,275,3,0.0109091,0.00371681,0.0315778,1,0.80768,316,,1
bright,,a_negatives,10-20mm enhanced,157,2,0.0127389,0.00350036,0.0452532,1,0.80768,316,,1
bright,,a_negatives,10-20mm iso(v3),99,1,0.010101,0.00178526,0.0550167,1,0.80768,316,,1
bright,,a_negatives,10-20mm iso within 5 HU,66,1,0.0151515,0.00267957,0.0809611,1,0.80768,316,,1
bright,,a_negatives,<10mm all,86,0,0,0,0.0427597,1,0.80768,316,,1
bright,,a_negatives,>=20mm all,874,45,0.0514874,0.0386999,0.0682004,1,0.80768,316,,1
bright,,a_negatives,all lesions,1235,48,0.0388664,0.0294389,0.0511538,1,0.80768,316,,1
bright,,a_negatives,"all, not separated",1165,48,0.0412017,0.0312157,0.0542036,1,0.80768,316,,1
bright,,a_negatives,size <5,49,0,0,0,0.0727003,1,0.80768,316,,1
bright,,a_negatives,size 5-10,37,0,0,0,0.094061,1,0.80768,316,,1
bright,,a_negatives,size 10-20,275,3,0.0109091,0.00371681,0.0315778,1,0.80768,316,,1
bright,,a_negatives,size 20-40,597,18,0.0301508,0.0191553,0.0471544,1,0.80768,316,,1
bright,,a_negatives,size >=40,277,27,0.0974729,0.0678553,0.138103,1,0.80768,316,,1
bright,,a_negatives,v3 hypo,585,21,0.0358974,0.023597,0.0542535,1,0.80768,316,,1
bright,,a_negatives,v3 iso,461,17,0.0368764,0.023149,0.0582585,1,0.80768,316,,1
bright,,a_negatives,v3 hyper,189,10,0.0529101,0.02899,0.094643,1,0.80768,316,,1
bright,,a_negatives,phase Arterial,260,10,0.0384615,0.0210232,0.0693401,1,0.80768,316,,1
bright,,a_negatives,phase Delay,4,0,0,0,0.4899,1,0.80768,316,,1
bright,,a_negatives,phase Non-contrast,413,8,0.0193705,0.00984716,0.0377527,1,0.80768,316,,1
bright,,a_negatives,phase Venous,557,30,0.05386,0.0379846,0.0758472,1,0.80768,316,,1
bright,,a_negatives,region head,825,32,0.0387879,0.0276074,0.0542438,1,0.80768,316,,1
bright,,a_negatives,region body,207,4,0.0193237,0.0075395,0.048624,1,0.80768,316,,1
bright,,a_negatives,region tail,195,12,0.0615385,0.0355492,0.10447,1,0.80768,316,,1
bright,,a_negatives,thickness <=1.5 mm,532,10,0.018797,0.0102415,0.0342523,1,0.80768,316,,1
bright,,a_negatives,thickness 1.5-2.5 mm,426,25,0.0586854,0.0400627,0.0851964,1,0.80768,316,,1
bright,,a_negatives,thickness 2.5-5 mm,273,13,0.047619,0.0280368,0.0797563,1,0.80768,316,,1
bright,,a_negatives,thickness >5 mm,4,0,0,0,0.4899,1,0.80768,316,,1
bright,,a_negatives,tier abutting,174,5,0.0287356,0.0123351,0.065496,1,0.80768,316,,1
bright,,a_negatives,tier embedded,111,1,0.00900901,0.00159204,0.0492745,1,0.80768,316,,1
bright,,a_negatives,tier inside,880,42,0.0477273,0.0355012,0.0638849,1,0.80768,316,,1
bright,,a_negatives,tier separated,70,0,0,0,0.0520249,1,0.80768,316,,1
bright,,a_negatives,nnU-Net detected,659,34,0.0515933,0.0371527,0.0712316,1,0.80768,316,,1
bright,,a_negatives,nnU-Net missed,576,14,0.0243056,0.0145324,0.0403819,1,0.80768,316,,1
bright,,a_negatives,"nnU-Net missed, 10-20mm",204,3,0.0147059,0.00501362,0.0423378,1,0.80768,316,,1
bright,,a_negatives,"nnU-Net missed, TARGET",74,2,0.027027,0.0074432,0.0932947,1,0.80768,316,,1
bright,,b_positives_nontumor,TARGET 10-20mm hypo/hyper enhanced,106,2,0.0188679,0.0051895,0.0662006,0.779817,0.770253,981,,1
bright,,b_positives_nontumor,10-20mm all,275,3,0.0109091,0.00371681,0.0315778,0.779817,0.770253,981,,1
bright,,b_positives_nontumor,10-20mm enhanced,157,2,0.0127389,0.00350036,0.0452532,0.779817,0.770253,981,,1
bright,,b_positives_nontumor,10-20mm iso(v3),99,1,0.010101,0.00178526,0.0550167,0.779817,0.770253,981,,1
bright,,b_positives_nontumor,10-20mm iso within 5 HU,66,1,0.0151515,0.00267957,0.0809611,0.779817,0.770253,981,,1
bright,,b_positives_nontumor,<10mm all,86,0,0,0,0.0427597,0.779817,0.770253,981,,1
bright,,b_positives_nontumor,>=20mm all,874,45,0.0514874,0.0386999,0.0682004,0.779817,0.770253,981,,1
bright,,b_positives_nontumor,all lesions,1235,48,0.0388664,0.0294389,0.0511538,0.779817,0.770253,981,,1
bright,,b_positives_nontumor,"all, not separated",1165,48,0.0412017,0.0312157,0.0542036,0.779817,0.770253,981,,1
bright,,b_positives_nontumor,size <5,49,0,0,0,0.0727003,0.779817,0.770253,981,,1
bright,,b_positives_nontumor,size 5-10,37,0,0,0,0.094061,0.779817,0.770253,981,,1
bright,,b_positives_nontumor,size 10-20,275,3,0.0109091,0.00371681,0.0315778,0.779817,0.770253,981,,1
bright,,b_positives_nontumor,size 20-40,597,18,0.0301508,0.0191553,0.0471544,0.779817,0.770253,981,,1
bright,,b_positives_nontumor,size >=40,277,27,0.0974729,0.0678553,0.138103,0.779817,0.770253,981,,1
bright,,b_positives_nontumor,v3 hypo,585,21,0.0358974,0.023597,0.0542535,0.779817,0.770253,981,,1
bright,,b_positives_nontumor,v3 iso,461,17,0.0368764,0.023149,0.0582585,0.779817,0.770253,981,,1
bright,,b_positives_nontumor,v3 hyper,189,10,0.0529101,0.02899,0.094643,0.779817,0.770253,981,,1
bright,,b_positives_nontumor,phase Arterial,260,10,0.0384615,0.0210232,0.0693401,0.779817,0.770253,981,,1
bright,,b_positives_nontumor,phase Delay,4,0,0,0,0.4899,0.779817,0.770253,981,,1
bright,,b_positives_nontumor,phase Non-contrast,413,8,0.0193705,0.00984716,0.0377527,0.779817,0.770253,981,,1
bright,,b_positives_nontumor,phase Venous,557,30,0.05386,0.0379846,0.0758472,0.779817,0.770253,981,,1
bright,,b_positives_nontumor,region head,825,32,0.0387879,0.0276074,0.0542438,0.779817,0.770253,981,,1
bright,,b_positives_nontumor,region body,207,4,0.0193237,0.0075395,0.048624,0.779817,0.770253,981,,1
bright,,b_positives_nontumor,region tail,195,12,0.0615385,0.0355492,0.10447,0.779817,0.770253,981,,1
bright,,b_positives_nontumor,thickness <=1.5 mm,532,10,0.018797,0.0102415,0.0342523,0.779817,0.770253,981,,1
bright,,b_positives_nontumor,thickness 1.5-2.5 mm,426,25,0.0586854,0.0400627,0.0851964,0.779817,0.770253,981,,1
bright,,b_positives_nontumor,thickness 2.5-5 mm,273,13,0.047619,0.0280368,0.0797563,0.779817,0.770253,981,,1
bright,,b_positives_nontumor,thickness >5 mm,4,0,0,0,0.4899,0.779817,0.770253,981,,1
bright,,b_positives_nontumor,tier abutting,174,5,0.0287356,0.0123351,0.065496,0.779817,0.770253,981,,1
bright,,b_positives_nontumor,tier embedded,111,1,0.00900901,0.00159204,0.0492745,0.779817,0.770253,981,,1
bright,,b_positives_nontumor,tier inside,880,42,0.0477273,0.0355012,0.0638849,0.779817,0.770253,981,,1
bright,,b_positives_nontumor,tier separated,70,0,0,0,0.0520249,0.779817,0.770253,981,,1
bright,,b_positives_nontumor,nnU-Net detected,659,34,0.0515933,0.0371527,0.0712316,0.779817,0.770253,981,,1
bright,,b_positives_nontumor,nnU-Net missed,576,14,0.0243056,0.0145324,0.0403819,0.779817,0.770253,981,,1
bright,,b_positives_nontumor,"nnU-Net missed, 10-20mm",204,3,0.0147059,0.00501362,0.0423378,0.779817,0.770253,981,,1
bright,,b_positives_nontumor,"nnU-Net missed, TARGET",74,2,0.027027,0.0074432,0.0932947,0.779817,0.770253,981,,1
bright,,a_negatives,TARGET 10-20mm hypo/hyper enhanced,106,3,0.0283019,0.00967111,0.079927,1.99684,1.6128,316,,2
bright,,a_negatives,10-20mm all,275,5,0.0181818,0.00779045,0.0418492,1.99684,1.6128,316,,2
bright,,a_negatives,10-20mm enhanced,157,4,0.0254777,0.00995123,0.0636715,1.99684,1.6128,316,,2
bright,,a_negatives,10-20mm iso(v3),99,2,0.020202,0.0055576,0.0706917,1.99684,1.6128,316,,2
bright,,a_negatives,10-20mm iso within 5 HU,66,1,0.0151515,0.00267957,0.0809611,1.99684,1.6128,316,,2
bright,,a_negatives,<10mm all,86,0,0,0,0.0427597,1.99684,1.6128,316,,2
bright,,a_negatives,>=20mm all,874,67,0.076659,0.0608145,0.0962088,1.99684,1.6128,316,,2
bright,,a_negatives,all lesions,1235,72,0.0582996,0.0465498,0.0727888,1.99684,1.6128,316,,2
bright,,a_negatives,"all, not separated",1165,72,0.0618026,0.0493631,0.0771225,1.99684,1.6128,316,,2
bright,,a_negatives,size <5,49,0,0,0,0.0727003,1.99684,1.6128,316,,2
bright,,a_negatives,size 5-10,37,0,0,0,0.094061,1.99684,1.6128,316,,2
bright,,a_negatives,size 10-20,275,5,0.0181818,0.00779045,0.0418492,1.99684,1.6128,316,,2
bright,,a_negatives,size 20-40,597,27,0.0452261,0.0312655,0.0650021,1.99684,1.6128,316,,2
bright,,a_negatives,size >=40,277,40,0.144404,0.107872,0.190665,1.99684,1.6128,316,,2
bright,,a_negatives,v3 hypo,585,30,0.0512821,0.0361547,0.0722643,1.99684,1.6128,316,,2
bright,,a_negatives,v3 iso,461,24,0.0520607,0.0352309,0.0762944,1.99684,1.6128,316,,2
bright,,a_negatives,v3 hyper,189,18,0.0952381,0.0610928,0.14551,1.99684,1.6128,316,,2
bright,,a_negatives,phase Arterial,260,17,0.0653846,0.0412199,0.102206,1.99684,1.6128,316,,2
bright,,a_negatives,phase Delay,4,0,0,0,0.4899,1.99684,1.6128,316,,2
bright,,a_negatives,phase Non-contrast,413,14,0.0338983,0.0202979,0.0560899,1.99684,1.6128,316,,2
bright,,a_negatives,phase Venous,557,41,0.0736086,0.0547207,0.0983379,1.99684,1.6128,316,,2
bright,,a_negatives,region head,825,50,0.0606061,0.0462711,0.0790141,1.99684,1.6128,316,,2
bright,,a_negatives,region body,207,6,0.0289855,0.0133504,0.0617846,1.99684,1.6128,316,,2
bright,,a_negatives,region tail,195,16,0.0820513,0.0511343,0.129118,1.99684,1.6128,316,,2
bright,,a_negatives,thickness <=1.5 mm,532,20,0.037594,0.0244659,0.0573523,1.99684,1.6128,316,,2
bright,,a_negatives,thickness 1.5-2.5 mm,426,34,0.0798122,0.057674,0.109461,1.99684,1.6128,316,,2
bright,,a_negatives,thickness 2.5-5 mm,273,18,0.0659341,0.0421096,0.101805,1.99684,1.6128,316,,2
bright,,a_negatives,thickness >5 mm,4,0,0,0,0.4899,1.99684,1.6128,316,,2
bright,,a_negatives,tier abutting,174,9,0.0517241,0.0274475,0.0953674,1.99684,1.6128,316,,2
bright,,a_negatives,tier embedded,111,3,0.027027,0.00923347,0.0764637,1.99684,1.6128,316,,2
bright,,a_negatives,tier inside,880,60,0.0681818,0.0533354,0.086782,1.99684,1.6128,316,,2
bright,,a_negatives,tier separated,70,0,0,0,0.0520249,1.99684,1.6128,316,,2
bright,,a_negatives,nnU-Net detected,659,56,0.0849772,0.0660183,0.108747,1.99684,1.6128,316,,2
bright,,a_negatives,nnU-Net missed,576,16,0.0277778,0.0171692,0.0446436,1.99684,1.6128,316,,2
bright,,a_negatives,"nnU-Net missed, 10-20mm",204,4,0.0196078,0.00765076,0.0493234,1.99684,1.6128,316,,2
bright,,a_negatives,"nnU-Net missed, TARGET",74,2,0.027027,0.0074432,0.0932947,1.99684,1.6128,316,,2
bright,,b_positives_nontumor,TARGET 10-20mm hypo/hyper enhanced,106,3,0.0283019,0.00967111,0.079927,1.55657,1.53749,981,,2
bright,,b_positives_nontumor,10-20mm all,275,5,0.0181818,0.00779045,0.0418492,1.55657,1.53749,981,,2
bright,,b_positives_nontumor,10-20mm enhanced,157,4,0.0254777,0.00995123,0.0636715,1.55657,1.53749,981,,2
bright,,b_positives_nontumor,10-20mm iso(v3),99,2,0.020202,0.0055576,0.0706917,1.55657,1.53749,981,,2
bright,,b_positives_nontumor,10-20mm iso within 5 HU,66,1,0.0151515,0.00267957,0.0809611,1.55657,1.53749,981,,2
bright,,b_positives_nontumor,<10mm all,86,0,0,0,0.0427597,1.55657,1.53749,981,,2
bright,,b_positives_nontumor,>=20mm all,874,67,0.076659,0.0608145,0.0962088,1.55657,1.53749,981,,2
bright,,b_positives_nontumor,all lesions,1235,72,0.0582996,0.0465498,0.0727888,1.55657,1.53749,981,,2
bright,,b_positives_nontumor,"all, not separated",1165,72,0.0618026,0.0493631,0.0771225,1.55657,1.53749,981,,2
bright,,b_positives_nontumor,size <5,49,0,0,0,0.0727003,1.55657,1.53749,981,,2
bright,,b_positives_nontumor,size 5-10,37,0,0,0,0.094061,1.55657,1.53749,981,,2
bright,,b_positives_nontumor,size 10-20,275,5,0.0181818,0.00779045,0.0418492,1.55657,1.53749,981,,2
bright,,b_positives_nontumor,size 20-40,597,27,0.0452261,0.0312655,0.0650021,1.55657,1.53749,981,,2
bright,,b_positives_nontumor,size >=40,277,40,0.144404,0.107872,0.190665,1.55657,1.53749,981,,2
bright,,b_positives_nontumor,v3 hypo,585,30,0.0512821,0.0361547,0.0722643,1.55657,1.53749,981,,2
bright,,b_positives_nontumor,v3 iso,461,24,0.0520607,0.0352309,0.0762944,1.55657,1.53749,981,,2
bright,,b_positives_nontumor,v3 hyper,189,18,0.0952381,0.0610928,0.14551,1.55657,1.53749,981,,2
bright,,b_positives_nontumor,phase Arterial,260,17,0.0653846,0.0412199,0.102206,1.55657,1.53749,981,,2
bright,,b_positives_nontumor,phase Delay,4,0,0,0,0.4899,1.55657,1.53749,981,,2
bright,,b_positives_nontumor,phase Non-contrast,413,14,0.0338983,0.0202979,0.0560899,1.55657,1.53749,981,,2
bright,,b_positives_nontumor,phase Venous,557,41,0.0736086,0.0547207,0.0983379,1.55657,1.53749,981,,2
bright,,b_positives_nontumor,region head,825,50,0.0606061,0.0462711,0.0790141,1.55657,1.53749,981,,2
bright,,b_positives_nontumor,region body,207,6,0.0289855,0.0133504,0.0617846,1.55657,1.53749,981,,2
bright,,b_positives_nontumor,region tail,195,16,0.0820513,0.0511343,0.129118,1.55657,1.53749,981,,2
bright,,b_positives_nontumor,thickness <=1.5 mm,532,20,0.037594,0.0244659,0.0573523,1.55657,1.53749,981,,2
bright,,b_positives_nontumor,thickness 1.5-2.5 mm,426,34,0.0798122,0.057674,0.109461,1.55657,1.53749,981,,2
bright,,b_positives_nontumor,thickness 2.5-5 mm,273,18,0.0659341,0.0421096,0.101805,1.55657,1.53749,981,,2
bright,,b_positives_nontumor,thickness >5 mm,4,0,0,0,0.4899,1.55657,1.53749,981,,2
bright,,b_positives_nontumor,tier abutting,174,9,0.0517241,0.0274475,0.0953674,1.55657,1.53749,981,,2
bright,,b_positives_nontumor,tier embedded,111,3,0.027027,0.00923347,0.0764637,1.55657,1.53749,981,,2
bright,,b_positives_nontumor,tier inside,880,60,0.0681818,0.0533354,0.086782,1.55657,1.53749,981,,2
bright,,b_positives_nontumor,tier separated,70,0,0,0,0.0520249,1.55657,1.53749,981,,2
bright,,b_positives_nontumor,nnU-Net detected,659,56,0.0849772,0.0660183,0.108747,1.55657,1.53749,981,,2
bright,,b_positives_nontumor,nnU-Net missed,576,16,0.0277778,0.0171692,0.0446436,1.55657,1.53749,981,,2
bright,,b_positives_nontumor,"nnU-Net missed, 10-20mm",204,4,0.0196078,0.00765076,0.0493234,1.55657,1.53749,981,,2
bright,,b_positives_nontumor,"nnU-Net missed, TARGET",74,2,0.027027,0.0074432,0.0932947,1.55657,1.53749,981,,2
bright,,a_negatives,TARGET 10-20mm hypo/hyper enhanced,106,3,0.0283019,0.00967111,0.079927,2.99367,2.41793,316,,3
bright,,a_negatives,10-20mm all,275,5,0.0181818,0.00779045,0.0418492,2.99367,2.41793,316,,3
bright,,a_negatives,10-20mm enhanced,157,4,0.0254777,0.00995123,0.0636715,2.99367,2.41793,316,,3
bright,,a_negatives,10-20mm iso(v3),99,2,0.020202,0.0055576,0.0706917,2.99367,2.41793,316,,3
bright,,a_negatives,10-20mm iso within 5 HU,66,1,0.0151515,0.00267957,0.0809611,2.99367,2.41793,316,,3
bright,,a_negatives,<10mm all,86,1,0.0116279,0.00205552,0.0629656,2.99367,2.41793,316,,3
bright,,a_negatives,>=20mm all,874,87,0.0995423,0.081412,0.121178,2.99367,2.41793,316,,3
bright,,a_negatives,all lesions,1235,93,0.0753036,0.0618672,0.091374,2.99367,2.41793,316,,3
bright,,a_negatives,"all, not separated",1165,93,0.0798283,0.0656102,0.0968084,2.99367,2.41793,316,,3
bright,,a_negatives,size <5,49,0,0,0,0.0727003,2.99367,2.41793,316,,3
bright,,a_negatives,size 5-10,37,1,0.027027,0.00478685,0.138244,2.99367,2.41793,316,,3
bright,,a_negatives,size 10-20,275,5,0.0181818,0.00779045,0.0418492,2.99367,2.41793,316,,3
bright,,a_negatives,size 20-40,597,34,0.0569514,0.041038,0.0785303,2.99367,2.41793,316,,3
bright,,a_negatives,size >=40,277,53,0.191336,0.149359,0.241757,2.99367,2.41793,316,,3
bright,,a_negatives,v3 hypo,585,35,0.0598291,0.0433302,0.0820713,2.99367,2.41793,316,,3
bright,,a_negatives,v3 iso,461,35,0.0759219,0.0550937,0.10376,2.99367,2.41793,316,,3
bright,,a_negatives,v3 hyper,189,23,0.121693,0.0824744,0.175984,2.99367,2.41793,316,,3
bright,,a_negatives,phase Arterial,260,19,0.0730769,0.0472789,0.111307,2.99367,2.41793,316,,3
bright,,a_negatives,phase Delay,4,0,0,0,0.4899,2.99367,2.41793,316,,3
bright,,a_negatives,phase Non-contrast,413,21,0.0508475,0.0334946,0.0764791,2.99367,2.41793,316,,3
bright,,a_negatives,phase Venous,557,53,0.0951526,0.0734831,0.122368,2.99367,2.41793,316,,3
bright,,a_negatives,region head,825,63,0.0763636,0.0601402,0.0965141,2.99367,2.41793,316,,3
bright,,a_negatives,region body,207,8,0.0386473,0.0197108,0.0743958,2.99367,2.41793,316,,3
bright,,a_negatives,region tail,195,22,0.112821,0.0756945,0.164907,2.99367,2.41793,316,,3
bright,,a_negatives,thickness <=1.5 mm,532,24,0.0451128,0.0305002,0.0662478,2.99367,2.41793,316,,3
bright,,a_negatives,thickness 1.5-2.5 mm,426,46,0.107981,0.0819362,0.141033,2.99367,2.41793,316,,3
bright,,a_negatives,thickness 2.5-5 mm,273,23,0.0842491,0.0567937,0.123243,2.99367,2.41793,316,,3
bright,,a_negatives,thickness >5 mm,4,0,0,0,0.4899,2.99367,2.41793,316,,3
bright,,a_negatives,tier abutting,174,10,0.0574713,0.0315131,0.102548,2.99367,2.41793,316,,3
bright,,a_negatives,tier embedded,111,3,0.027027,0.00923347,0.0764637,2.99367,2.41793,316,,3
bright,,a_negatives,tier inside,880,80,0.0909091,0.073651,0.111723,2.99367,2.41793,316,,3
bright,,a_negatives,tier separated,70,0,0,0,0.0520249,2.99367,2.41793,316,,3
bright,,a_negatives,nnU-Net detected,659,71,0.107739,0.0862993,0.133726,2.99367,2.41793,316,,3
bright,,a_negatives,nnU-Net missed,576,22,0.0381944,0.0253561,0.057152,2.99367,2.41793,316,,3
bright,,a_negatives,"nnU-Net missed, 10-20mm",204,4,0.0196078,0.00765076,0.0493234,2.99367,2.41793,316,,3
bright,,a_negatives,"nnU-Net missed, TARGET",74,2,0.027027,0.0074432,0.0932947,2.99367,2.41793,316,,3
bright,,b_positives_nontumor,TARGET 10-20mm hypo/hyper enhanced,106,3,0.0283019,0.00967111,0.079927,2.33945,2.31076,981,,3
bright,,b_positives_nontumor,10-20mm all,275,5,0.0181818,0.00779045,0.0418492,2.33945,2.31076,981,,3
bright,,b_positives_nontumor,10-20mm enhanced,157,4,0.0254777,0.00995123,0.0636715,2.33945,2.31076,981,,3
bright,,b_positives_nontumor,10-20mm iso(v3),99,2,0.020202,0.0055576,0.0706917,2.33945,2.31076,981,,3
bright,,b_positives_nontumor,10-20mm iso within 5 HU,66,1,0.0151515,0.00267957,0.0809611,2.33945,2.31076,981,,3
bright,,b_positives_nontumor,<10mm all,86,1,0.0116279,0.00205552,0.0629656,2.33945,2.31076,981,,3
bright,,b_positives_nontumor,>=20mm all,874,87,0.0995423,0.081412,0.121178,2.33945,2.31076,981,,3
bright,,b_positives_nontumor,all lesions,1235,93,0.0753036,0.0618672,0.091374,2.33945,2.31076,981,,3
bright,,b_positives_nontumor,"all, not separated",1165,93,0.0798283,0.0656102,0.0968084,2.33945,2.31076,981,,3
bright,,b_positives_nontumor,size <5,49,0,0,0,0.0727003,2.33945,2.31076,981,,3
bright,,b_positives_nontumor,size 5-10,37,1,0.027027,0.00478685,0.138244,2.33945,2.31076,981,,3
bright,,b_positives_nontumor,size 10-20,275,5,0.0181818,0.00779045,0.0418492,2.33945,2.31076,981,,3
bright,,b_positives_nontumor,size 20-40,597,34,0.0569514,0.041038,0.0785303,2.33945,2.31076,981,,3
bright,,b_positives_nontumor,size >=40,277,53,0.191336,0.149359,0.241757,2.33945,2.31076,981,,3
bright,,b_positives_nontumor,v3 hypo,585,35,0.0598291,0.0433302,0.0820713,2.33945,2.31076,981,,3
bright,,b_positives_nontumor,v3 iso,461,35,0.0759219,0.0550937,0.10376,2.33945,2.31076,981,,3
bright,,b_positives_nontumor,v3 hyper,189,23,0.121693,0.0824744,0.175984,2.33945,2.31076,981,,3
bright,,b_positives_nontumor,phase Arterial,260,19,0.0730769,0.0472789,0.111307,2.33945,2.31076,981,,3
bright,,b_positives_nontumor,phase Delay,4,0,0,0,0.4899,2.33945,2.31076,981,,3
bright,,b_positives_nontumor,phase Non-contrast,413,21,0.0508475,0.0334946,0.0764791,2.33945,2.31076,981,,3
bright,,b_positives_nontumor,phase Venous,557,53,0.0951526,0.0734831,0.122368,2.33945,2.31076,981,,3
bright,,b_positives_nontumor,region head,825,63,0.0763636,0.0601402,0.0965141,2.33945,2.31076,981,,3
bright,,b_positives_nontumor,region body,207,8,0.0386473,0.0197108,0.0743958,2.33945,2.31076,981,,3
bright,,b_positives_nontumor,region tail,195,22,0.112821,0.0756945,0.164907,2.33945,2.31076,981,,3
bright,,b_positives_nontumor,thickness <=1.5 mm,532,24,0.0451128,0.0305002,0.0662478,2.33945,2.31076,981,,3
bright,,b_positives_nontumor,thickness 1.5-2.5 mm,426,46,0.107981,0.0819362,0.141033,2.33945,2.31076,981,,3
bright,,b_positives_nontumor,thickness 2.5-5 mm,273,23,0.0842491,0.0567937,0.123243,2.33945,2.31076,981,,3
bright,,b_positives_nontumor,thickness >5 mm,4,0,0,0,0.4899,2.33945,2.31076,981,,3
bright,,b_positives_nontumor,tier abutting,174,10,0.0574713,0.0315131,0.102548,2.33945,2.31076,981,,3
bright,,b_positives_nontumor,tier embedded,111,3,0.027027,0.00923347,0.0764637,2.33945,2.31076,981,,3
bright,,b_positives_nontumor,tier inside,880,80,0.0909091,0.073651,0.111723,2.33945,2.31076,981,,3
bright,,b_positives_nontumor,tier separated,70,0,0,0,0.0520249,2.33945,2.31076,981,,3
bright,,b_positives_nontumor,nnU-Net detected,659,71,0.107739,0.0862993,0.133726,2.33945,2.31076,981,,3
bright,,b_positives_nontumor,nnU-Net missed,576,22,0.0381944,0.0253561,0.057152,2.33945,2.31076,981,,3
bright,,b_positives_nontumor,"nnU-Net missed, 10-20mm",204,4,0.0196078,0.00765076,0.0493234,2.33945,2.31076,981,,3
bright,,b_positives_nontumor,"nnU-Net missed, TARGET",74,2,0.027027,0.0074432,0.0932947,2.33945,2.31076,981,,3
bright,,a_negatives,TARGET 10-20mm hypo/hyper enhanced,106,3,0.0283019,0.00967111,0.079927,4.98734,4.02818,316,,5
bright,,a_negatives,10-20mm all,275,6,0.0218182,0.0100368,0.0467754,4.98734,4.02818,316,,5
bright,,a_negatives,10-20mm enhanced,157,4,0.0254777,0.00995123,0.0636715,4.98734,4.02818,316,,5
bright,,a_negatives,10-20mm iso(v3),99,3,0.030303,0.0103585,0.0853382,4.98734,4.02818,316,,5
bright,,a_negatives,10-20mm iso within 5 HU,66,2,0.030303,0.00834974,0.103927,4.98734,4.02818,316,,5
bright,,a_negatives,<10mm all,86,1,0.0116279,0.00205552,0.0629656,4.98734,4.02818,316,,5
bright,,a_negatives,>=20mm all,874,126,0.144165,0.122433,0.169011,4.98734,4.02818,316,,5
bright,,a_negatives,all lesions,1235,133,0.107692,0.0916038,0.126214,4.98734,4.02818,316,,5
bright,,a_negatives,"all, not separated",1165,133,0.114163,0.0971558,0.133707,4.98734,4.02818,316,,5
bright,,a_negatives,size <5,49,0,0,0,0.0727003,4.98734,4.02818,316,,5
bright,,a_negatives,size 5-10,37,1,0.027027,0.00478685,0.138244,4.98734,4.02818,316,,5
bright,,a_negatives,size 10-20,275,6,0.0218182,0.0100368,0.0467754,4.98734,4.02818,316,,5
bright,,a_negatives,size 20-40,597,49,0.0820771,0.0626393,0.106859,4.98734,4.02818,316,,5
bright,,a_negatives,size >=40,277,77,0.277978,0.22853,0.3335,4.98734,4.02818,316,,5
bright,,a_negatives,v3 hypo,585,56,0.0957265,0.0744539,0.122274,4.98734,4.02818,316,,5
bright,,a_negatives,v3 iso,461,44,0.0954447,0.0718682,0.125708,4.98734,4.02818,316,,5
bright,,a_negatives,v3 hyper,189,33,0.174603,0.127113,0.235057,4.98734,4.02818,316,,5
bright,,a_negatives,phase Arterial,260,29,0.111538,0.0787904,0.155599,4.98734,4.02818,316,,5
bright,,a_negatives,phase Delay,4,0,0,0,0.4899,4.98734,4.02818,316,,5
bright,,a_negatives,phase Non-contrast,413,28,0.0677966,0.0473193,0.0962403,4.98734,4.02818,316,,5
bright,,a_negatives,phase Venous,557,76,0.136445,0.110417,0.167454,4.98734,4.02818,316,,5
bright,,a_negatives,region head,825,91,0.110303,0.0907056,0.133513,4.98734,4.02818,316,,5
bright,,a_negatives,region body,207,15,0.0724638,0.0444023,0.116105,4.98734,4.02818,316,,5
bright,,a_negatives,region tail,195,27,0.138462,0.096934,0.193959,4.98734,4.02818,316,,5
bright,,a_negatives,thickness <=1.5 mm,532,37,0.0695489,0.0508757,0.0943941,4.98734,4.02818,316,,5
bright,,a_negatives,thickness 1.5-2.5 mm,426,58,0.13615,0.106818,0.171986,4.98734,4.02818,316,,5
bright,,a_negatives,thickness 2.5-5 mm,273,38,0.139194,0.103119,0.185283,4.98734,4.02818,316,,5
bright,,a_negatives,thickness >5 mm,4,0,0,0,0.4899,4.98734,4.02818,316,,5
bright,,a_negatives,tier abutting,174,13,0.0747126,0.0441791,0.12362,4.98734,4.02818,316,,5
bright,,a_negatives,tier embedded,111,3,0.027027,0.00923347,0.0764637,4.98734,4.02818,316,,5
bright,,a_negatives,tier inside,880,117,0.132955,0.112109,0.156991,4.98734,4.02818,316,,5
bright,,a_negatives,tier separated,70,0,0,0,0.0520249,4.98734,4.02818,316,,5
bright,,a_negatives,nnU-Net detected,659,103,0.156297,0.130572,0.186006,4.98734,4.02818,316,,5
bright,,a_negatives,nnU-Net missed,576,30,0.0520833,0.0367233,0.0733785,4.98734,4.02818,316,,5
bright,,a_negatives,"nnU-Net missed, 10-20mm",204,5,0.0245098,0.0105134,0.0560835,4.98734,4.02818,316,,5
bright,,a_negatives,"nnU-Net missed, TARGET",74,2,0.027027,0.0074432,0.0932947,4.98734,4.02818,316,,5
bright,,b_positives_nontumor,TARGET 10-20mm hypo/hyper enhanced,106,3,0.0283019,0.00967111,0.079927,3.92355,3.87543,981,,5
bright,,b_positives_nontumor,10-20mm all,275,6,0.0218182,0.0100368,0.0467754,3.92355,3.87543,981,,5
bright,,b_positives_nontumor,10-20mm enhanced,157,4,0.0254777,0.00995123,0.0636715,3.92355,3.87543,981,,5
bright,,b_positives_nontumor,10-20mm iso(v3),99,3,0.030303,0.0103585,0.0853382,3.92355,3.87543,981,,5
bright,,b_positives_nontumor,10-20mm iso within 5 HU,66,2,0.030303,0.00834974,0.103927,3.92355,3.87543,981,,5
bright,,b_positives_nontumor,<10mm all,86,1,0.0116279,0.00205552,0.0629656,3.92355,3.87543,981,,5
bright,,b_positives_nontumor,>=20mm all,874,126,0.144165,0.122433,0.169011,3.92355,3.87543,981,,5
bright,,b_positives_nontumor,all lesions,1235,133,0.107692,0.0916038,0.126214,3.92355,3.87543,981,,5
bright,,b_positives_nontumor,"all, not separated",1165,133,0.114163,0.0971558,0.133707,3.92355,3.87543,981,,5
bright,,b_positives_nontumor,size <5,49,0,0,0,0.0727003,3.92355,3.87543,981,,5
bright,,b_positives_nontumor,size 5-10,37,1,0.027027,0.00478685,0.138244,3.92355,3.87543,981,,5
bright,,b_positives_nontumor,size 10-20,275,6,0.0218182,0.0100368,0.0467754,3.92355,3.87543,981,,5
bright,,b_positives_nontumor,size 20-40,597,49,0.0820771,0.0626393,0.106859,3.92355,3.87543,981,,5
bright,,b_positives_nontumor,size >=40,277,77,0.277978,0.22853,0.3335,3.92355,3.87543,981,,5
bright,,b_positives_nontumor,v3 hypo,585,56,0.0957265,0.0744539,0.122274,3.92355,3.87543,981,,5
bright,,b_positives_nontumor,v3 iso,461,44,0.0954447,0.0718682,0.125708,3.92355,3.87543,981,,5
bright,,b_positives_nontumor,v3 hyper,189,33,0.174603,0.127113,0.235057,3.92355,3.87543,981,,5
bright,,b_positives_nontumor,phase Arterial,260,29,0.111538,0.0787904,0.155599,3.92355,3.87543,981,,5
bright,,b_positives_nontumor,phase Delay,4,0,0,0,0.4899,3.92355,3.87543,981,,5
bright,,b_positives_nontumor,phase Non-contrast,413,28,0.0677966,0.0473193,0.0962403,3.92355,3.87543,981,,5
bright,,b_positives_nontumor,phase Venous,557,76,0.136445,0.110417,0.167454,3.92355,3.87543,981,,5
bright,,b_positives_nontumor,region head,825,91,0.110303,0.0907056,0.133513,3.92355,3.87543,981,,5
bright,,b_positives_nontumor,region body,207,15,0.0724638,0.0444023,0.116105,3.92355,3.87543,981,,5
bright,,b_positives_nontumor,region tail,195,27,0.138462,0.096934,0.193959,3.92355,3.87543,981,,5
bright,,b_positives_nontumor,thickness <=1.5 mm,532,37,0.0695489,0.0508757,0.0943941,3.92355,3.87543,981,,5
bright,,b_positives_nontumor,thickness 1.5-2.5 mm,426,58,0.13615,0.106818,0.171986,3.92355,3.87543,981,,5
bright,,b_positives_nontumor,thickness 2.5-5 mm,273,38,0.139194,0.103119,0.185283,3.92355,3.87543,981,,5
bright,,b_positives_nontumor,thickness >5 mm,4,0,0,0,0.4899,3.92355,3.87543,981,,5
bright,,b_positives_nontumor,tier abutting,174,13,0.0747126,0.0441791,0.12362,3.92355,3.87543,981,,5
bright,,b_positives_nontumor,tier embedded,111,3,0.027027,0.00923347,0.0764637,3.92355,3.87543,981,,5
bright,,b_positives_nontumor,tier inside,880,117,0.132955,0.112109,0.156991,3.92355,3.87543,981,,5
bright,,b_positives_nontumor,tier separated,70,0,0,0,0.0520249,3.92355,3.87543,981,,5
bright,,b_positives_nontumor,nnU-Net detected,659,103,0.156297,0.130572,0.186006,3.92355,3.87543,981,,5
bright,,b_positives_nontumor,nnU-Net missed,576,30,0.0520833,0.0367233,0.0733785,3.92355,3.87543,981,,5
bright,,b_positives_nontumor,"nnU-Net missed, 10-20mm",204,5,0.0245098,0.0105134,0.0560835,3.92355,3.87543,981,,5
bright,,b_positives_nontumor,"nnU-Net missed, TARGET",74,2,0.027027,0.0074432,0.0932947,3.92355,3.87543,981,,5
bright,,a_negatives,TARGET 10-20mm hypo/hyper enhanced,106,7,0.0660377,0.0323537,0.130077,9.96835,8.05124,316,,10
bright,,a_negatives,10-20mm all,275,11,0.04,0.0224795,0.0701953,9.96835,8.05124,316,,10
bright,,a_negatives,10-20mm enhanced,157,8,0.0509554,0.0260428,0.0973183,9.96835,8.05124,316,,10
bright,,a_negatives,10-20mm iso(v3),99,3,0.030303,0.0103585,0.0853382,9.96835,8.05124,316,,10
bright,,a_negatives,10-20mm iso within 5 HU,66,2,0.030303,0.00834974,0.103927,9.96835,8.05124,316,,10
bright,,a_negatives,<10mm all,86,1,0.0116279,0.00205552,0.0629656,9.96835,8.05124,316,,10
bright,,a_negatives,>=20mm all,874,187,0.213959,0.188053,0.242369,9.96835,8.05124,316,,10
bright,,a_negatives,all lesions,1235,199,0.161134,0.141684,0.182685,9.96835,8.05124,316,,10
bright,,a_negatives,"all, not separated",1165,199,0.170815,0.150294,0.1935,9.96835,8.05124,316,,10
bright,,a_negatives,size <5,49,0,0,0,0.0727003,9.96835,8.05124,316,,10
bright,,a_negatives,size 5-10,37,1,0.027027,0.00478685,0.138244,9.96835,8.05124,316,,10
bright,,a_negatives,size 10-20,275,11,0.04,0.0224795,0.0701953,9.96835,8.05124,316,,10
bright,,a_negatives,size 20-40,597,78,0.130653,0.105963,0.160066,9.96835,8.05124,316,,10
bright,,a_negatives,size >=40,277,109,0.393502,0.337804,0.452114,9.96835,8.05124,316,,10
bright,,a_negatives,v3 hypo,585,85,0.145299,0.119055,0.176171,9.96835,8.05124,316,,10
bright,,a_negatives,v3 iso,461,71,0.154013,0.123934,0.189811,9.96835,8.05124,316,,10
bright,,a_negatives,v3 hyper,189,43,0.227513,0.173523,0.29236,9.96835,8.05124,316,,10
bright,,a_negatives,phase Arterial,260,48,0.184615,0.142166,0.236249,9.96835,8.05124,316,,10
bright,,a_negatives,phase Delay,4,0,0,0,0.4899,9.96835,8.05124,316,,10
bright,,a_negatives,phase Non-contrast,413,42,0.101695,0.0761188,0.134613,9.96835,8.05124,316,,10
bright,,a_negatives,phase Venous,557,109,0.195691,0.164875,0.230676,9.96835,8.05124,316,,10
bright,,a_negatives,region head,825,139,0.168485,0.144493,0.19555,9.96835,8.05124,316,,10
bright,,a_negatives,region body,207,20,0.0966184,0.0634176,0.144519,9.96835,8.05124,316,,10
bright,,a_negatives,region tail,195,40,0.205128,0.154411,0.267239,9.96835,8.05124,316,,10
bright,,a_negatives,thickness <=1.5 mm,532,63,0.118421,0.0936624,0.148651,9.96835,8.05124,316,,10
bright,,a_negatives,thickness 1.5-2.5 mm,426,86,0.201878,0.166502,0.242583,9.96835,8.05124,316,,10
bright,,a_negatives,thickness 2.5-5 mm,273,50,0.18315,0.141772,0.233322,9.96835,8.05124,316,,10
bright,,a_negatives,thickness >5 mm,4,0,0,0,0.4899,9.96835,8.05124,316,,10
bright,,a_negatives,tier abutting,174,21,0.12069,0.0803082,0.177458,9.96835,8.05124,316,,10
bright,,a_negatives,tier embedded,111,4,0.036036,0.0141011,0.0890114,9.96835,8.05124,316,,10
bright,,a_negatives,tier inside,880,174,0.197727,0.17275,0.225332,9.96835,8.05124,316,,10
bright,,a_negatives,tier separated,70,0,0,0,0.0520249,9.96835,8.05124,316,,10
bright,,a_negatives,nnU-Net detected,659,155,0.235205,0.204415,0.269064,9.96835,8.05124,316,,10
bright,,a_negatives,nnU-Net missed,576,44,0.0763889,0.0573938,0.100997,9.96835,8.05124,316,,10
bright,,a_negatives,"nnU-Net missed, 10-20mm",204,9,0.0441176,0.0233811,0.0817066,9.96835,8.05124,316,,10
bright,,a_negatives,"nnU-Net missed, TARGET",74,5,0.0675676,0.0292037,0.148614,9.96835,8.05124,316,,10
bright,,b_positives_nontumor,TARGET 10-20mm hypo/hyper enhanced,106,7,0.0660377,0.0323537,0.130077,7.99592,7.89786,981,,10
bright,,b_positives_nontumor,10-20mm all,275,11,0.04,0.0224795,0.0701953,7.99592,7.89786,981,,10
bright,,b_positives_nontumor,10-20mm enhanced,157,8,0.0509554,0.0260428,0.0973183,7.99592,7.89786,981,,10
bright,,b_positives_nontumor,10-20mm iso(v3),99,3,0.030303,0.0103585,0.0853382,7.99592,7.89786,981,,10
bright,,b_positives_nontumor,10-20mm iso within 5 HU,66,2,0.030303,0.00834974,0.103927,7.99592,7.89786,981,,10
bright,,b_positives_nontumor,<10mm all,86,1,0.0116279,0.00205552,0.0629656,7.99592,7.89786,981,,10
bright,,b_positives_nontumor,>=20mm all,874,187,0.213959,0.188053,0.242369,7.99592,7.89786,981,,10
bright,,b_positives_nontumor,all lesions,1235,199,0.161134,0.141684,0.182685,7.99592,7.89786,981,,10
bright,,b_positives_nontumor,"all, not separated",1165,199,0.170815,0.150294,0.1935,7.99592,7.89786,981,,10
bright,,b_positives_nontumor,size <5,49,0,0,0,0.0727003,7.99592,7.89786,981,,10
bright,,b_positives_nontumor,size 5-10,37,1,0.027027,0.00478685,0.138244,7.99592,7.89786,981,,10
bright,,b_positives_nontumor,size 10-20,275,11,0.04,0.0224795,0.0701953,7.99592,7.89786,981,,10
bright,,b_positives_nontumor,size 20-40,597,78,0.130653,0.105963,0.160066,7.99592,7.89786,981,,10
bright,,b_positives_nontumor,size >=40,277,109,0.393502,0.337804,0.452114,7.99592,7.89786,981,,10
bright,,b_positives_nontumor,v3 hypo,585,85,0.145299,0.119055,0.176171,7.99592,7.89786,981,,10
bright,,b_positives_nontumor,v3 iso,461,71,0.154013,0.123934,0.189811,7.99592,7.89786,981,,10
bright,,b_positives_nontumor,v3 hyper,189,43,0.227513,0.173523,0.29236,7.99592,7.89786,981,,10
bright,,b_positives_nontumor,phase Arterial,260,48,0.184615,0.142166,0.236249,7.99592,7.89786,981,,10
bright,,b_positives_nontumor,phase Delay,4,0,0,0,0.4899,7.99592,7.89786,981,,10
bright,,b_positives_nontumor,phase Non-contrast,413,42,0.101695,0.0761188,0.134613,7.99592,7.89786,981,,10
bright,,b_positives_nontumor,phase Venous,557,109,0.195691,0.164875,0.230676,7.99592,7.89786,981,,10
bright,,b_positives_nontumor,region head,825,139,0.168485,0.144493,0.19555,7.99592,7.89786,981,,10
bright,,b_positives_nontumor,region body,207,20,0.0966184,0.0634176,0.144519,7.99592,7.89786,981,,10
bright,,b_positives_nontumor,region tail,195,40,0.205128,0.154411,0.267239,7.99592,7.89786,981,,10
bright,,b_positives_nontumor,thickness <=1.5 mm,532,63,0.118421,0.0936624,0.148651,7.99592,7.89786,981,,10
bright,,b_positives_nontumor,thickness 1.5-2.5 mm,426,86,0.201878,0.166502,0.242583,7.99592,7.89786,981,,10
bright,,b_positives_nontumor,thickness 2.5-5 mm,273,50,0.18315,0.141772,0.233322,7.99592,7.89786,981,,10
bright,,b_positives_nontumor,thickness >5 mm,4,0,0,0,0.4899,7.99592,7.89786,981,,10
bright,,b_positives_nontumor,tier abutting,174,21,0.12069,0.0803082,0.177458,7.99592,7.89786,981,,10
bright,,b_positives_nontumor,tier embedded,111,4,0.036036,0.0141011,0.0890114,7.99592,7.89786,981,,10
bright,,b_positives_nontumor,tier inside,880,174,0.197727,0.17275,0.225332,7.99592,7.89786,981,,10
bright,,b_positives_nontumor,tier separated,70,0,0,0,0.0520249,7.99592,7.89786,981,,10
bright,,b_positives_nontumor,nnU-Net detected,659,155,0.235205,0.204415,0.269064,7.99592,7.89786,981,,10
bright,,b_positives_nontumor,nnU-Net missed,576,44,0.0763889,0.0573938,0.100997,7.99592,7.89786,981,,10
bright,,b_positives_nontumor,"nnU-Net missed, 10-20mm",204,9,0.0441176,0.0233811,0.0817066,7.99592,7.89786,981,,10
bright,,b_positives_nontumor,"nnU-Net missed, TARGET",74,5,0.0675676,0.0292037,0.148614,7.99592,7.89786,981,,10
bright,,a_negatives,TARGET 10-20mm hypo/hyper enhanced,106,10,0.0943396,0.0520519,0.165002,19.8797,16.0565,316,,20
bright,,a_negatives,10-20mm all,275,17,0.0618182,0.0389506,0.0967594,19.8797,16.0565,316,,20
bright,,a_negatives,10-20mm enhanced,157,12,0.0764331,0.0442606,0.128839,19.8797,16.0565,316,,20
bright,,a_negatives,10-20mm iso(v3),99,6,0.0606061,0.0280694,0.125969,19.8797,16.0565,316,,20
bright,,a_negatives,10-20mm iso within 5 HU,66,5,0.0757576,0.0327916,0.165394,19.8797,16.0565,316,,20
bright,,a_negatives,<10mm all,86,1,0.0116279,0.00205552,0.0629656,19.8797,16.0565,316,,20
bright,,a_negatives,>=20mm all,874,273,0.312357,0.282508,0.343848,19.8797,16.0565,316,,20
bright,,a_negatives,all lesions,1235,291,0.235628,0.2128,0.260094,19.8797,16.0565,316,,20
bright,,a_negatives,"all, not separated",1165,291,0.249785,0.225777,0.275439,19.8797,16.0565,316,,20
bright,,a_negatives,size <5,49,0,0,0,0.0727003,19.8797,16.0565,316,,20
bright,,a_negatives,size 5-10,37,1,0.027027,0.00478685,0.138244,19.8797,16.0565,316,,20
bright,,a_negatives,size 10-20,275,17,0.0618182,0.0389506,0.0967594,19.8797,16.0565,316,,20
bright,,a_negatives,size 20-40,597,129,0.21608,0.184936,0.250855,19.8797,16.0565,316,,20
bright,,a_negatives,size >=40,277,144,0.519856,0.461151,0.578017,19.8797,16.0565,316,,20
bright,,a_negatives,v3 hypo,585,124,0.211966,0.18078,0.24691,19.8797,16.0565,316,,20
bright,,a_negatives,v3 iso,461,107,0.232104,0.195875,0.272761,19.8797,16.0565,316,,20
bright,,a_negatives,v3 hyper,189,60,0.31746,0.255296,0.386897,19.8797,16.0565,316,,20
bright,,a_negatives,phase Arterial,260,77,0.296154,0.243951,0.354293,19.8797,16.0565,316,,20
bright,,a_negatives,phase Delay,4,0,0,0,0.4899,19.8797,16.0565,316,,20
bright,,a_negatives,phase Non-contrast,413,64,0.154964,0.123259,0.193028,19.8797,16.0565,316,,20
bright,,a_negatives,phase Venous,557,150,0.2693,0.234133,0.307627,19.8797,16.0565,316,,20
bright,,a_negatives,region head,825,198,0.24,0.212104,0.270306,19.8797,16.0565,316,,20
bright,,a_negatives,region body,207,40,0.193237,0.145238,0.252414,19.8797,16.0565,316,,20
bright,,a_negatives,region tail,195,53,0.271795,0.21421,0.338198,19.8797,16.0565,316,,20
bright,,a_negatives,thickness <=1.5 mm,532,90,0.169173,0.139712,0.203377,19.8797,16.0565,316,,20
bright,,a_negatives,thickness 1.5-2.5 mm,426,134,0.314554,0.272283,0.36014,19.8797,16.0565,316,,20
bright,,a_negatives,thickness 2.5-5 mm,273,67,0.245421,0.198138,0.29977,19.8797,16.0565,316,,20
bright,,a_negatives,thickness >5 mm,4,0,0,0,0.4899,19.8797,16.0565,316,,20
bright,,a_negatives,tier abutting,174,31,0.178161,0.128446,0.24178,19.8797,16.0565,316,,20
bright,,a_negatives,tier embedded,111,9,0.0810811,0.0432415,0.146947,19.8797,16.0565,316,,20
bright,,a_negatives,tier inside,880,251,0.285227,0.256378,0.315943,19.8797,16.0565,316,,20
bright,,a_negatives,tier separated,70,0,0,0,0.0520249,19.8797,16.0565,316,,20
bright,,a_negatives,nnU-Net detected,659,224,0.339909,0.304764,0.376909,19.8797,16.0565,316,,20
bright,,a_negatives,nnU-Net missed,576,67,0.116319,0.0926418,0.145081,19.8797,16.0565,316,,20
bright,,a_negatives,"nnU-Net missed, 10-20mm",204,15,0.0735294,0.0450627,0.117761,19.8797,16.0565,316,,20
bright,,a_negatives,"nnU-Net missed, TARGET",74,8,0.108108,0.0558067,0.19909,19.8797,16.0565,316,,20
bright,,b_positives_nontumor,TARGET 10-20mm hypo/hyper enhanced,106,10,0.0943396,0.0520519,0.165002,16.422,16.2206,981,,20
bright,,b_positives_nontumor,10-20mm all,275,17,0.0618182,0.0389506,0.0967594,16.422,16.2206,981,,20
bright,,b_positives_nontumor,10-20mm enhanced,157,12,0.0764331,0.0442606,0.128839,16.422,16.2206,981,,20
bright,,b_positives_nontumor,10-20mm iso(v3),99,6,0.0606061,0.0280694,0.125969,16.422,16.2206,981,,20
bright,,b_positives_nontumor,10-20mm iso within 5 HU,66,5,0.0757576,0.0327916,0.165394,16.422,16.2206,981,,20
bright,,b_positives_nontumor,<10mm all,86,1,0.0116279,0.00205552,0.0629656,16.422,16.2206,981,,20
bright,,b_positives_nontumor,>=20mm all,874,273,0.312357,0.282508,0.343848,16.422,16.2206,981,,20
bright,,b_positives_nontumor,all lesions,1235,291,0.235628,0.2128,0.260094,16.422,16.2206,981,,20
bright,,b_positives_nontumor,"all, not separated",1165,291,0.249785,0.225777,0.275439,16.422,16.2206,981,,20
bright,,b_positives_nontumor,size <5,49,0,0,0,0.0727003,16.422,16.2206,981,,20
bright,,b_positives_nontumor,size 5-10,37,1,0.027027,0.00478685,0.138244,16.422,16.2206,981,,20
bright,,b_positives_nontumor,size 10-20,275,17,0.0618182,0.0389506,0.0967594,16.422,16.2206,981,,20
bright,,b_positives_nontumor,size 20-40,597,129,0.21608,0.184936,0.250855,16.422,16.2206,981,,20
bright,,b_positives_nontumor,size >=40,277,144,0.519856,0.461151,0.578017,16.422,16.2206,981,,20
bright,,b_positives_nontumor,v3 hypo,585,124,0.211966,0.18078,0.24691,16.422,16.2206,981,,20
bright,,b_positives_nontumor,v3 iso,461,107,0.232104,0.195875,0.272761,16.422,16.2206,981,,20
bright,,b_positives_nontumor,v3 hyper,189,60,0.31746,0.255296,0.386897,16.422,16.2206,981,,20
bright,,b_positives_nontumor,phase Arterial,260,77,0.296154,0.243951,0.354293,16.422,16.2206,981,,20
bright,,b_positives_nontumor,phase Delay,4,0,0,0,0.4899,16.422,16.2206,981,,20
bright,,b_positives_nontumor,phase Non-contrast,413,64,0.154964,0.123259,0.193028,16.422,16.2206,981,,20
bright,,b_positives_nontumor,phase Venous,557,150,0.2693,0.234133,0.307627,16.422,16.2206,981,,20
bright,,b_positives_nontumor,region head,825,198,0.24,0.212104,0.270306,16.422,16.2206,981,,20
bright,,b_positives_nontumor,region body,207,40,0.193237,0.145238,0.252414,16.422,16.2206,981,,20
bright,,b_positives_nontumor,region tail,195,53,0.271795,0.21421,0.338198,16.422,16.2206,981,,20
bright,,b_positives_nontumor,thickness <=1.5 mm,532,90,0.169173,0.139712,0.203377,16.422,16.2206,981,,20
bright,,b_positives_nontumor,thickness 1.5-2.5 mm,426,134,0.314554,0.272283,0.36014,16.422,16.2206,981,,20
bright,,b_positives_nontumor,thickness 2.5-5 mm,273,67,0.245421,0.198138,0.29977,16.422,16.2206,981,,20
bright,,b_positives_nontumor,thickness >5 mm,4,0,0,0,0.4899,16.422,16.2206,981,,20
bright,,b_positives_nontumor,tier abutting,174,31,0.178161,0.128446,0.24178,16.422,16.2206,981,,20
bright,,b_positives_nontumor,tier embedded,111,9,0.0810811,0.0432415,0.146947,16.422,16.2206,981,,20
bright,,b_positives_nontumor,tier inside,880,251,0.285227,0.256378,0.315943,16.422,16.2206,981,,20
bright,,b_positives_nontumor,tier separated,70,0,0,0,0.0520249,16.422,16.2206,981,,20
bright,,b_positives_nontumor,nnU-Net detected,659,224,0.339909,0.304764,0.376909,16.422,16.2206,981,,20
bright,,b_positives_nontumor,nnU-Net missed,576,67,0.116319,0.0926418,0.145081,16.422,16.2206,981,,20
bright,,b_positives_nontumor,"nnU-Net missed, 10-20mm",204,15,0.0735294,0.0450627,0.117761,16.422,16.2206,981,,20
bright,,b_positives_nontumor,"nnU-Net missed, TARGET",74,8,0.108108,0.0558067,0.19909,16.422,16.2206,981,,20
bright,,a_negatives,TARGET 10-20mm hypo/hyper enhanced,106,15,0.141509,0.0876696,0.220425,49.2563,39.7833,316,,50
bright,,a_negatives,10-20mm all,275,38,0.138182,0.102356,0.183977,49.2563,39.7833,316,,50
bright,,a_negatives,10-20mm enhanced,157,22,0.140127,0.0943927,0.203053,49.2563,39.7833,316,,50
bright,,a_negatives,10-20mm iso(v3),99,14,0.141414,0.0861441,0.223474,49.2563,39.7833,316,,50
bright,,a_negatives,10-20mm iso within 5 HU,66,11,0.166667,0.0956949,0.274308,49.2563,39.7833,316,,50
bright,,a_negatives,<10mm all,86,1,0.0116279,0.00205552,0.0629656,49.2563,39.7833,316,,50
bright,,a_negatives,>=20mm all,874,453,0.518307,0.485172,0.551281,49.2563,39.7833,316,,50
bright,,a_negatives,all lesions,1235,492,0.398381,0.371432,0.42596,49.2563,39.7833,316,,50
bright,,a_negatives,"all, not separated",1165,492,0.422318,0.394255,0.450891,49.2563,39.7833,316,,50
bright,,a_negatives,size <5,49,0,0,0,0.0727003,49.2563,39.7833,316,,50
bright,,a_negatives,size 5-10,37,1,0.027027,0.00478685,0.138244,49.2563,39.7833,316,,50
bright,,a_negatives,size 10-20,275,38,0.138182,0.102356,0.183977,49.2563,39.7833,316,,50
bright,,a_negatives,size 20-40,597,252,0.422111,0.383113,0.462104,49.2563,39.7833,316,,50
bright,,a_negatives,size >=40,277,201,0.725632,0.670269,0.774822,49.2563,39.7833,316,,50
bright,,a_negatives,v3 hypo,585,202,0.345299,0.307891,0.384726,49.2563,39.7833,316,,50
bright,,a_negatives,v3 iso,461,195,0.422993,0.378714,0.468546,49.2563,39.7833,316,,50
bright,,a_negatives,v3 hyper,189,95,0.502646,0.432023,0.573163,49.2563,39.7833,316,,50
bright,,a_negatives,phase Arterial,260,118,0.453846,0.394439,0.514597,49.2563,39.7833,316,,50
bright,,a_negatives,phase Delay,4,0,0,0,0.4899,49.2563,39.7833,316,,50
bright,,a_negatives,phase Non-contrast,413,121,0.292978,0.251152,0.33862,49.2563,39.7833,316,,50
bright,,a_negatives,phase Venous,557,252,0.452424,0.411555,0.493945,49.2563,39.7833,316,,50
bright,,a_negatives,region head,825,337,0.408485,0.375441,0.442377,49.2563,39.7833,316,,50
bright,,a_negatives,region body,207,72,0.347826,0.286249,0.414948,49.2563,39.7833,316,,50
bright,,a_negatives,region tail,195,83,0.425641,0.358337,0.495818,49.2563,39.7833,316,,50
bright,,a_negatives,thickness <=1.5 mm,532,156,0.293233,0.256141,0.33329,49.2563,39.7833,316,,50
bright,,a_negatives,thickness 1.5-2.5 mm,426,225,0.528169,0.480723,0.575111,49.2563,39.7833,316,,50
bright,,a_negatives,thickness 2.5-5 mm,273,111,0.406593,0.350013,0.465767,49.2563,39.7833,316,,50
bright,,a_negatives,thickness >5 mm,4,0,0,0,0.4899,49.2563,39.7833,316,,50
bright,,a_negatives,tier abutting,174,53,0.304598,0.241044,0.376593,49.2563,39.7833,316,,50
bright,,a_negatives,tier embedded,111,14,0.126126,0.0766379,0.200628,49.2563,39.7833,316,,50
bright,,a_negatives,tier inside,880,425,0.482955,0.450084,0.515973,49.2563,39.7833,316,,50
bright,,a_negatives,tier separated,70,0,0,0,0.0520249,49.2563,39.7833,316,,50
bright,,a_negatives,nnU-Net detected,659,364,0.552352,0.514192,0.589905,49.2563,39.7833,316,,50
bright,,a_negatives,nnU-Net missed,576,128,0.222222,0.190173,0.257952,49.2563,39.7833,316,,50
bright,,a_negatives,"nnU-Net missed, 10-20mm",204,30,0.147059,0.104993,0.202172,49.2563,39.7833,316,,50
bright,,a_negatives,"nnU-Net missed, TARGET",74,11,0.148649,0.0850797,0.246897,49.2563,39.7833,316,,50
bright,,b_positives_nontumor,TARGET 10-20mm hypo/hyper enhanced,106,15,0.141509,0.0876696,0.220425,41.7941,41.2815,981,,50
bright,,b_positives_nontumor,10-20mm all,275,38,0.138182,0.102356,0.183977,41.7941,41.2815,981,,50
bright,,b_positives_nontumor,10-20mm enhanced,157,22,0.140127,0.0943927,0.203053,41.7941,41.2815,981,,50
bright,,b_positives_nontumor,10-20mm iso(v3),99,14,0.141414,0.0861441,0.223474,41.7941,41.2815,981,,50
bright,,b_positives_nontumor,10-20mm iso within 5 HU,66,11,0.166667,0.0956949,0.274308,41.7941,41.2815,981,,50
bright,,b_positives_nontumor,<10mm all,86,1,0.0116279,0.00205552,0.0629656,41.7941,41.2815,981,,50
bright,,b_positives_nontumor,>=20mm all,874,453,0.518307,0.485172,0.551281,41.7941,41.2815,981,,50
bright,,b_positives_nontumor,all lesions,1235,492,0.398381,0.371432,0.42596,41.7941,41.2815,981,,50
bright,,b_positives_nontumor,"all, not separated",1165,492,0.422318,0.394255,0.450891,41.7941,41.2815,981,,50
bright,,b_positives_nontumor,size <5,49,0,0,0,0.0727003,41.7941,41.2815,981,,50
bright,,b_positives_nontumor,size 5-10,37,1,0.027027,0.00478685,0.138244,41.7941,41.2815,981,,50
bright,,b_positives_nontumor,size 10-20,275,38,0.138182,0.102356,0.183977,41.7941,41.2815,981,,50
bright,,b_positives_nontumor,size 20-40,597,252,0.422111,0.383113,0.462104,41.7941,41.2815,981,,50
bright,,b_positives_nontumor,size >=40,277,201,0.725632,0.670269,0.774822,41.7941,41.2815,981,,50
bright,,b_positives_nontumor,v3 hypo,585,202,0.345299,0.307891,0.384726,41.7941,41.2815,981,,50
bright,,b_positives_nontumor,v3 iso,461,195,0.422993,0.378714,0.468546,41.7941,41.2815,981,,50
bright,,b_positives_nontumor,v3 hyper,189,95,0.502646,0.432023,0.573163,41.7941,41.2815,981,,50
bright,,b_positives_nontumor,phase Arterial,260,118,0.453846,0.394439,0.514597,41.7941,41.2815,981,,50
bright,,b_positives_nontumor,phase Delay,4,0,0,0,0.4899,41.7941,41.2815,981,,50
bright,,b_positives_nontumor,phase Non-contrast,413,121,0.292978,0.251152,0.33862,41.7941,41.2815,981,,50
bright,,b_positives_nontumor,phase Venous,557,252,0.452424,0.411555,0.493945,41.7941,41.2815,981,,50
bright,,b_positives_nontumor,region head,825,337,0.408485,0.375441,0.442377,41.7941,41.2815,981,,50
bright,,b_positives_nontumor,region body,207,72,0.347826,0.286249,0.414948,41.7941,41.2815,981,,50
bright,,b_positives_nontumor,region tail,195,83,0.425641,0.358337,0.495818,41.7941,41.2815,981,,50
bright,,b_positives_nontumor,thickness <=1.5 mm,532,156,0.293233,0.256141,0.33329,41.7941,41.2815,981,,50
bright,,b_positives_nontumor,thickness 1.5-2.5 mm,426,225,0.528169,0.480723,0.575111,41.7941,41.2815,981,,50
bright,,b_positives_nontumor,thickness 2.5-5 mm,273,111,0.406593,0.350013,0.465767,41.7941,41.2815,981,,50
bright,,b_positives_nontumor,thickness >5 mm,4,0,0,0,0.4899,41.7941,41.2815,981,,50
bright,,b_positives_nontumor,tier abutting,174,53,0.304598,0.241044,0.376593,41.7941,41.2815,981,,50
bright,,b_positives_nontumor,tier embedded,111,14,0.126126,0.0766379,0.200628,41.7941,41.2815,981,,50
bright,,b_positives_nontumor,tier inside,880,425,0.482955,0.450084,0.515973,41.7941,41.2815,981,,50
bright,,b_positives_nontumor,tier separated,70,0,0,0,0.0520249,41.7941,41.2815,981,,50
bright,,b_positives_nontumor,nnU-Net detected,659,364,0.552352,0.514192,0.589905,41.7941,41.2815,981,,50
bright,,b_positives_nontumor,nnU-Net missed,576,128,0.222222,0.190173,0.257952,41.7941,41.2815,981,,50
bright,,b_positives_nontumor,"nnU-Net missed, 10-20mm",204,30,0.147059,0.104993,0.202172,41.7941,41.2815,981,,50
bright,,b_positives_nontumor,"nnU-Net missed, TARGET",74,11,0.148649,0.0850797,0.246897,41.7941,41.2815,981,,50
either,,a_negatives,TARGET 10-20mm hypo/hyper enhanced,106,2,0.0188679,0.0051895,0.0662006,1.99684,1.6128,316,,1
either,,a_negatives,10-20mm all,275,3,0.0109091,0.00371681,0.0315778,1.99684,1.6128,316,,1
either,,a_negatives,10-20mm enhanced,157,2,0.0127389,0.00350036,0.0452532,1.99684,1.6128,316,,1
either,,a_negatives,10-20mm iso(v3),99,1,0.010101,0.00178526,0.0550167,1.99684,1.6128,316,,1
either,,a_negatives,10-20mm iso within 5 HU,66,1,0.0151515,0.00267957,0.0809611,1.99684,1.6128,316,,1
either,,a_negatives,<10mm all,86,1,0.0116279,0.00205552,0.0629656,1.99684,1.6128,316,,1
either,,a_negatives,>=20mm all,874,60,0.0686499,0.0537041,0.087371,1.99684,1.6128,316,,1
either,,a_negatives,all lesions,1235,64,0.0518219,0.0407898,0.0656335,1.99684,1.6128,316,,1
either,,a_negatives,"all, not separated",1165,64,0.0549356,0.043254,0.0695428,1.99684,1.6128,316,,1
either,,a_negatives,size <5,49,0,0,0,0.0727003,1.99684,1.6128,316,,1
either,,a_negatives,size 5-10,37,1,0.027027,0.00478685,0.138244,1.99684,1.6128,316,,1
either,,a_negatives,size 10-20,275,3,0.0109091,0.00371681,0.0315778,1.99684,1.6128,316,,1
either,,a_negatives,size 20-40,597,26,0.0435511,0.0298911,0.0630479,1.99684,1.6128,316,,1
either,,a_negatives,size >=40,277,34,0.122744,0.0891802,0.166628,1.99684,1.6128,316,,1
either,,a_negatives,v3 hypo,585,27,0.0461538,0.0319108,0.0663187,1.99684,1.6128,316,,1
either,,a_negatives,v3 iso,461,25,0.0542299,0.0369988,0.078829,1.99684,1.6128,316,,1
either,,a_negatives,v3 hyper,189,12,0.0634921,0.0366894,0.107686,1.99684,1.6128,316,,1
either,,a_negatives,phase Arterial,260,13,0.05,0.0294497,0.0836546,1.99684,1.6128,316,,1
either,,a_negatives,phase Delay,4,0,0,0,0.4899,1.99684,1.6128,316,,1
either,,a_negatives,phase Non-contrast,413,16,0.0387409,0.0239847,0.0619991,1.99684,1.6128,316,,1
either,,a_negatives,phase Venous,557,35,0.0628366,0.0455251,0.0861371,1.99684,1.6128,316,,1
either,,a_negatives,region head,825,47,0.0569697,0.0431101,0.0749361,1.99684,1.6128,316,,1
either,,a_negatives,region body,207,5,0.0241546,0.0103604,0.0552889,1.99684,1.6128,316,,1
either,,a_negatives,region tail,195,12,0.0615385,0.0355492,0.10447,1.99684,1.6128,316,,1
either,,a_negatives,thickness <=1.5 mm,532,17,0.0319549,0.020045,0.0505758,1.99684,1.6128,316,,1
either,,a_negatives,thickness 1.5-2.5 mm,426,32,0.0751174,0.0537089,0.10412,1.99684,1.6128,316,,1
either,,a_negatives,thickness 2.5-5 mm,273,15,0.0549451,0.0335765,0.0886653,1.99684,1.6128,316,,1
either,,a_negatives,thickness >5 mm,4,0,0,0,0.4899,1.99684,1.6128,316,,1
either,,a_negatives,tier abutting,174,7,0.0402299,0.0196215,0.0807015,1.99684,1.6128,316,,1
either,,a_negatives,tier embedded,111,1,0.00900901,0.00159204,0.0492745,1.99684,1.6128,316,,1
either,,a_negatives,tier inside,880,56,0.0636364,0.0493284,0.0817376,1.99684,1.6128,316,,1
either,,a_negatives,tier separated,70,0,0,0,0.0520249,1.99684,1.6128,316,,1
either,,a_negatives,nnU-Net detected,659,47,0.0713202,0.0540552,0.0935541,1.99684,1.6128,316,,1
either,,a_negatives,nnU-Net missed,576,17,0.0295139,0.0185072,0.0467548,1.99684,1.6128,316,,1
either,,a_negatives,"nnU-Net missed, 10-20mm",204,3,0.0147059,0.00501362,0.0423378,1.99684,1.6128,316,,1
either,,a_negatives,"nnU-Net missed, TARGET",74,2,0.027027,0.0074432,0.0932947,1.99684,1.6128,316,,1
either,,b_positives_nontumor,TARGET 10-20mm hypo/hyper enhanced,106,2,0.0188679,0.0051895,0.0662006,1.57594,1.55662,981,,1
either,,b_positives_nontumor,10-20mm all,275,3,0.0109091,0.00371681,0.0315778,1.57594,1.55662,981,,1
either,,b_positives_nontumor,10-20mm enhanced,157,2,0.0127389,0.00350036,0.0452532,1.57594,1.55662,981,,1
either,,b_positives_nontumor,10-20mm iso(v3),99,1,0.010101,0.00178526,0.0550167,1.57594,1.55662,981,,1
either,,b_positives_nontumor,10-20mm iso within 5 HU,66,1,0.0151515,0.00267957,0.0809611,1.57594,1.55662,981,,1
either,,b_positives_nontumor,<10mm all,86,1,0.0116279,0.00205552,0.0629656,1.57594,1.55662,981,,1
either,,b_positives_nontumor,>=20mm all,874,60,0.0686499,0.0537041,0.087371,1.57594,1.55662,981,,1
either,,b_positives_nontumor,all lesions,1235,64,0.0518219,0.0407898,0.0656335,1.57594,1.55662,981,,1
either,,b_positives_nontumor,"all, not separated",1165,64,0.0549356,0.043254,0.0695428,1.57594,1.55662,981,,1
either,,b_positives_nontumor,size <5,49,0,0,0,0.0727003,1.57594,1.55662,981,,1
either,,b_positives_nontumor,size 5-10,37,1,0.027027,0.00478685,0.138244,1.57594,1.55662,981,,1
either,,b_positives_nontumor,size 10-20,275,3,0.0109091,0.00371681,0.0315778,1.57594,1.55662,981,,1
either,,b_positives_nontumor,size 20-40,597,26,0.0435511,0.0298911,0.0630479,1.57594,1.55662,981,,1
either,,b_positives_nontumor,size >=40,277,34,0.122744,0.0891802,0.166628,1.57594,1.55662,981,,1
either,,b_positives_nontumor,v3 hypo,585,27,0.0461538,0.0319108,0.0663187,1.57594,1.55662,981,,1
either,,b_positives_nontumor,v3 iso,461,25,0.0542299,0.0369988,0.078829,1.57594,1.55662,981,,1
either,,b_positives_nontumor,v3 hyper,189,12,0.0634921,0.0366894,0.107686,1.57594,1.55662,981,,1
either,,b_positives_nontumor,phase Arterial,260,13,0.05,0.0294497,0.0836546,1.57594,1.55662,981,,1
either,,b_positives_nontumor,phase Delay,4,0,0,0,0.4899,1.57594,1.55662,981,,1
either,,b_positives_nontumor,phase Non-contrast,413,16,0.0387409,0.0239847,0.0619991,1.57594,1.55662,981,,1
either,,b_positives_nontumor,phase Venous,557,35,0.0628366,0.0455251,0.0861371,1.57594,1.55662,981,,1
either,,b_positives_nontumor,region head,825,47,0.0569697,0.0431101,0.0749361,1.57594,1.55662,981,,1
either,,b_positives_nontumor,region body,207,5,0.0241546,0.0103604,0.0552889,1.57594,1.55662,981,,1
either,,b_positives_nontumor,region tail,195,12,0.0615385,0.0355492,0.10447,1.57594,1.55662,981,,1
either,,b_positives_nontumor,thickness <=1.5 mm,532,17,0.0319549,0.020045,0.0505758,1.57594,1.55662,981,,1
either,,b_positives_nontumor,thickness 1.5-2.5 mm,426,32,0.0751174,0.0537089,0.10412,1.57594,1.55662,981,,1
either,,b_positives_nontumor,thickness 2.5-5 mm,273,15,0.0549451,0.0335765,0.0886653,1.57594,1.55662,981,,1
either,,b_positives_nontumor,thickness >5 mm,4,0,0,0,0.4899,1.57594,1.55662,981,,1
either,,b_positives_nontumor,tier abutting,174,7,0.0402299,0.0196215,0.0807015,1.57594,1.55662,981,,1
either,,b_positives_nontumor,tier embedded,111,1,0.00900901,0.00159204,0.0492745,1.57594,1.55662,981,,1
either,,b_positives_nontumor,tier inside,880,56,0.0636364,0.0493284,0.0817376,1.57594,1.55662,981,,1
either,,b_positives_nontumor,tier separated,70,0,0,0,0.0520249,1.57594,1.55662,981,,1
either,,b_positives_nontumor,nnU-Net detected,659,47,0.0713202,0.0540552,0.0935541,1.57594,1.55662,981,,1
either,,b_positives_nontumor,nnU-Net missed,576,17,0.0295139,0.0185072,0.0467548,1.57594,1.55662,981,,1
either,,b_positives_nontumor,"nnU-Net missed, 10-20mm",204,3,0.0147059,0.00501362,0.0423378,1.57594,1.55662,981,,1
either,,b_positives_nontumor,"nnU-Net missed, TARGET",74,2,0.027027,0.0074432,0.0932947,1.57594,1.55662,981,,1
either,,a_negatives,TARGET 10-20mm hypo/hyper enhanced,106,4,0.0377358,0.0147706,0.0930355,3.99051,3.22305,316,,2
either,,a_negatives,10-20mm all,275,7,0.0254545,0.0123836,0.0516011,3.99051,3.22305,316,,2
either,,a_negatives,10-20mm enhanced,157,6,0.0382166,0.0176304,0.0808615,3.99051,3.22305,316,,2
either,,a_negatives,10-20mm iso(v3),99,3,0.030303,0.0103585,0.0853382,3.99051,3.22305,316,,2
either,,a_negatives,10-20mm iso within 5 HU,66,1,0.0151515,0.00267957,0.0809611,3.99051,3.22305,316,,2
either,,a_negatives,<10mm all,86,1,0.0116279,0.00205552,0.0629656,3.99051,3.22305,316,,2
either,,a_negatives,>=20mm all,874,93,0.106407,0.0876584,0.128601,3.99051,3.22305,316,,2
either,,a_negatives,all lesions,1235,101,0.0817814,0.0677635,0.0983931,3.99051,3.22305,316,,2
either,,a_negatives,"all, not separated",1165,101,0.0866953,0.0718647,0.104243,3.99051,3.22305,316,,2
either,,a_negatives,size <5,49,0,0,0,0.0727003,3.99051,3.22305,316,,2
either,,a_negatives,size 5-10,37,1,0.027027,0.00478685,0.138244,3.99051,3.22305,316,,2
either,,a_negatives,size 10-20,275,7,0.0254545,0.0123836,0.0516011,3.99051,3.22305,316,,2
either,,a_negatives,size 20-40,597,39,0.0653266,0.0481529,0.0880587,3.99051,3.22305,316,,2
either,,a_negatives,size >=40,277,54,0.194946,0.152598,0.24564,3.99051,3.22305,316,,2
either,,a_negatives,v3 hypo,585,38,0.0649573,0.0476881,0.0879029,3.99051,3.22305,316,,2
either,,a_negatives,v3 iso,461,39,0.0845987,0.0625015,0.113562,3.99051,3.22305,316,,2
either,,a_negatives,v3 hyper,189,24,0.126984,0.0868372,0.181993,3.99051,3.22305,316,,2
either,,a_negatives,phase Arterial,260,26,0.1,0.0691588,0.142489,3.99051,3.22305,316,,2
either,,a_negatives,phase Delay,4,0,0,0,0.4899,3.99051,3.22305,316,,2
either,,a_negatives,phase Non-contrast,413,25,0.0605327,0.0413341,0.0878315,3.99051,3.22305,316,,2
either,,a_negatives,phase Venous,557,50,0.0897666,0.0687527,0.1164,3.99051,3.22305,316,,2
either,,a_negatives,region head,825,77,0.0933333,0.0753243,0.115112,3.99051,3.22305,316,,2
either,,a_negatives,region body,207,8,0.0386473,0.0197108,0.0743958,3.99051,3.22305,316,,2
either,,a_negatives,region tail,195,16,0.0820513,0.0511343,0.129118,3.99051,3.22305,316,,2
either,,a_negatives,thickness <=1.5 mm,532,33,0.0620301,0.0445064,0.0858336,3.99051,3.22305,316,,2
either,,a_negatives,thickness 1.5-2.5 mm,426,46,0.107981,0.0819362,0.141033,3.99051,3.22305,316,,2
either,,a_negatives,thickness 2.5-5 mm,273,22,0.0805861,0.0538176,0.118995,3.99051,3.22305,316,,2
either,,a_negatives,thickness >5 mm,4,0,0,0,0.4899,3.99051,3.22305,316,,2
either,,a_negatives,tier abutting,174,13,0.0747126,0.0441791,0.12362,3.99051,3.22305,316,,2
either,,a_negatives,tier embedded,111,3,0.027027,0.00923347,0.0764637,3.99051,3.22305,316,,2
either,,a_negatives,tier inside,880,85,0.0965909,0.0787905,0.117898,3.99051,3.22305,316,,2
either,,a_negatives,tier separated,70,0,0,0,0.0520249,3.99051,3.22305,316,,2
either,,a_negatives,nnU-Net detected,659,81,0.122914,0.100008,0.15019,3.99051,3.22305,316,,2
either,,a_negatives,nnU-Net missed,576,20,0.0347222,0.0225878,0.0530218,3.99051,3.22305,316,,2
either,,a_negatives,"nnU-Net missed, 10-20mm",204,5,0.0245098,0.0105134,0.0560835,3.99051,3.22305,316,,2
either,,a_negatives,"nnU-Net missed, TARGET",74,2,0.027027,0.0074432,0.0932947,3.99051,3.22305,316,,2
either,,b_positives_nontumor,TARGET 10-20mm hypo/hyper enhanced,106,4,0.0377358,0.0147706,0.0930355,3.17329,3.13438,981,,2
either,,b_positives_nontumor,10-20mm all,275,7,0.0254545,0.0123836,0.0516011,3.17329,3.13438,981,,2
either,,b_positives_nontumor,10-20mm enhanced,157,6,0.0382166,0.0176304,0.0808615,3.17329,3.13438,981,,2
either,,b_positives_nontumor,10-20mm iso(v3),99,3,0.030303,0.0103585,0.0853382,3.17329,3.13438,981,,2
either,,b_positives_nontumor,10-20mm iso within 5 HU,66,1,0.0151515,0.00267957,0.0809611,3.17329,3.13438,981,,2
either,,b_positives_nontumor,<10mm all,86,1,0.0116279,0.00205552,0.0629656,3.17329,3.13438,981,,2
either,,b_positives_nontumor,>=20mm all,874,93,0.106407,0.0876584,0.128601,3.17329,3.13438,981,,2
either,,b_positives_nontumor,all lesions,1235,101,0.0817814,0.0677635,0.0983931,3.17329,3.13438,981,,2
either,,b_positives_nontumor,"all, not separated",1165,101,0.0866953,0.0718647,0.104243,3.17329,3.13438,981,,2
either,,b_positives_nontumor,size <5,49,0,0,0,0.0727003,3.17329,3.13438,981,,2
either,,b_positives_nontumor,size 5-10,37,1,0.027027,0.00478685,0.138244,3.17329,3.13438,981,,2
either,,b_positives_nontumor,size 10-20,275,7,0.0254545,0.0123836,0.0516011,3.17329,3.13438,981,,2
either,,b_positives_nontumor,size 20-40,597,39,0.0653266,0.0481529,0.0880587,3.17329,3.13438,981,,2
either,,b_positives_nontumor,size >=40,277,54,0.194946,0.152598,0.24564,3.17329,3.13438,981,,2
either,,b_positives_nontumor,v3 hypo,585,38,0.0649573,0.0476881,0.0879029,3.17329,3.13438,981,,2
either,,b_positives_nontumor,v3 iso,461,39,0.0845987,0.0625015,0.113562,3.17329,3.13438,981,,2
either,,b_positives_nontumor,v3 hyper,189,24,0.126984,0.0868372,0.181993,3.17329,3.13438,981,,2
either,,b_positives_nontumor,phase Arterial,260,26,0.1,0.0691588,0.142489,3.17329,3.13438,981,,2
either,,b_positives_nontumor,phase Delay,4,0,0,0,0.4899,3.17329,3.13438,981,,2
either,,b_positives_nontumor,phase Non-contrast,413,25,0.0605327,0.0413341,0.0878315,3.17329,3.13438,981,,2
either,,b_positives_nontumor,phase Venous,557,50,0.0897666,0.0687527,0.1164,3.17329,3.13438,981,,2
either,,b_positives_nontumor,region head,825,77,0.0933333,0.0753243,0.115112,3.17329,3.13438,981,,2
either,,b_positives_nontumor,region body,207,8,0.0386473,0.0197108,0.0743958,3.17329,3.13438,981,,2
either,,b_positives_nontumor,region tail,195,16,0.0820513,0.0511343,0.129118,3.17329,3.13438,981,,2
either,,b_positives_nontumor,thickness <=1.5 mm,532,33,0.0620301,0.0445064,0.0858336,3.17329,3.13438,981,,2
either,,b_positives_nontumor,thickness 1.5-2.5 mm,426,46,0.107981,0.0819362,0.141033,3.17329,3.13438,981,,2
either,,b_positives_nontumor,thickness 2.5-5 mm,273,22,0.0805861,0.0538176,0.118995,3.17329,3.13438,981,,2
either,,b_positives_nontumor,thickness >5 mm,4,0,0,0,0.4899,3.17329,3.13438,981,,2
either,,b_positives_nontumor,tier abutting,174,13,0.0747126,0.0441791,0.12362,3.17329,3.13438,981,,2
either,,b_positives_nontumor,tier embedded,111,3,0.027027,0.00923347,0.0764637,3.17329,3.13438,981,,2
either,,b_positives_nontumor,tier inside,880,85,0.0965909,0.0787905,0.117898,3.17329,3.13438,981,,2
either,,b_positives_nontumor,tier separated,70,0,0,0,0.0520249,3.17329,3.13438,981,,2
either,,b_positives_nontumor,nnU-Net detected,659,81,0.122914,0.100008,0.15019,3.17329,3.13438,981,,2
either,,b_positives_nontumor,nnU-Net missed,576,20,0.0347222,0.0225878,0.0530218,3.17329,3.13438,981,,2
either,,b_positives_nontumor,"nnU-Net missed, 10-20mm",204,5,0.0245098,0.0105134,0.0560835,3.17329,3.13438,981,,2
either,,b_positives_nontumor,"nnU-Net missed, TARGET",74,2,0.027027,0.0074432,0.0932947,3.17329,3.13438,981,,2
either,,a_negatives,TARGET 10-20mm hypo/hyper enhanced,106,5,0.0471698,0.0203138,0.1057,5.98418,4.8333,316,,3
either,,a_negatives,10-20mm all,275,8,0.0290909,0.0148129,0.0563444,5.98418,4.8333,316,,3
either,,a_negatives,10-20mm enhanced,157,7,0.044586,0.0217625,0.0891641,5.98418,4.8333,316,,3
either,,a_negatives,10-20mm iso(v3),99,3,0.030303,0.0103585,0.0853382,5.98418,4.8333,316,,3
either,,a_negatives,10-20mm iso within 5 HU,66,1,0.0151515,0.00267957,0.0809611,5.98418,4.8333,316,,3
either,,a_negatives,<10mm all,86,2,0.0232558,0.00640079,0.0808817,5.98418,4.8333,316,,3
either,,a_negatives,>=20mm all,874,121,0.138444,0.117125,0.162928,5.98418,4.8333,316,,3
either,,a_negatives,all lesions,1235,131,0.106073,0.0901034,0.124485,5.98418,4.8333,316,,3
either,,a_negatives,"all, not separated",1165,131,0.112446,0.0955641,0.131876,5.98418,4.8333,316,,3
either,,a_negatives,size <5,49,0,0,0,0.0727003,5.98418,4.8333,316,,3
either,,a_negatives,size 5-10,37,2,0.0540541,0.0149507,0.17705,5.98418,4.8333,316,,3
either,,a_negatives,size 10-20,275,8,0.0290909,0.0148129,0.0563444,5.98418,4.8333,316,,3
either,,a_negatives,size 20-40,597,52,0.0871022,0.0670404,0.112444,5.98418,4.8333,316,,3
either,,a_negatives,size >=40,277,69,0.249097,0.201831,0.303229,5.98418,4.8333,316,,3
either,,a_negatives,v3 hypo,585,50,0.0854701,0.0654311,0.110918,5.98418,4.8333,316,,3
either,,a_negatives,v3 iso,461,49,0.106291,0.0813373,0.137751,5.98418,4.8333,316,,3
either,,a_negatives,v3 hyper,189,32,0.169312,0.122559,0.22924,5.98418,4.8333,316,,3
either,,a_negatives,phase Arterial,260,30,0.115385,0.0820291,0.15994,5.98418,4.8333,316,,3
either,,a_negatives,phase Delay,4,0,0,0,0.4899,5.98418,4.8333,316,,3
either,,a_negatives,phase Non-contrast,413,33,0.0799031,0.0574587,0.110091,5.98418,4.8333,316,,3
either,,a_negatives,phase Venous,557,68,0.122083,0.0974528,0.15189,5.98418,4.8333,316,,3
either,,a_negatives,region head,825,97,0.117576,0.0973478,0.141349,5.98418,4.8333,316,,3
either,,a_negatives,region body,207,11,0.0531401,0.0299281,0.0926359,5.98418,4.8333,316,,3
either,,a_negatives,region tail,195,23,0.117949,0.0798935,0.170766,5.98418,4.8333,316,,3
either,,a_negatives,thickness <=1.5 mm,532,37,0.0695489,0.0508757,0.0943941,5.98418,4.8333,316,,3
either,,a_negatives,thickness 1.5-2.5 mm,426,67,0.157277,0.125787,0.194893,5.98418,4.8333,316,,3
either,,a_negatives,thickness 2.5-5 mm,273,27,0.0989011,0.0688629,0.140071,5.98418,4.8333,316,,3
either,,a_negatives,thickness >5 mm,4,0,0,0,0.4899,5.98418,4.8333,316,,3
either,,a_negatives,tier abutting,174,14,0.0804598,0.0485307,0.130514,5.98418,4.8333,316,,3
either,,a_negatives,tier embedded,111,3,0.027027,0.00923347,0.0764637,5.98418,4.8333,316,,3
either,,a_negatives,tier inside,880,114,0.129545,0.108958,0.153353,5.98418,4.8333,316,,3
either,,a_negatives,tier separated,70,0,0,0,0.0520249,5.98418,4.8333,316,,3
either,,a_negatives,nnU-Net detected,659,104,0.157815,0.131973,0.187623,5.98418,4.8333,316,,3
either,,a_negatives,nnU-Net missed,576,27,0.046875,0.0324124,0.0673417,5.98418,4.8333,316,,3
either,,a_negatives,"nnU-Net missed, 10-20mm",204,6,0.0294118,0.0135478,0.0626718,5.98418,4.8333,316,,3
either,,a_negatives,"nnU-Net missed, TARGET",74,3,0.0405405,0.0138822,0.112549,5.98418,4.8333,316,,3
either,,b_positives_nontumor,TARGET 10-20mm hypo/hyper enhanced,106,5,0.0471698,0.0203138,0.1057,4.76555,4.7071,981,,3
either,,b_positives_nontumor,10-20mm all,275,8,0.0290909,0.0148129,0.0563444,4.76555,4.7071,981,,3
either,,b_positives_nontumor,10-20mm enhanced,157,7,0.044586,0.0217625,0.0891641,4.76555,4.7071,981,,3
either,,b_positives_nontumor,10-20mm iso(v3),99,3,0.030303,0.0103585,0.0853382,4.76555,4.7071,981,,3
either,,b_positives_nontumor,10-20mm iso within 5 HU,66,1,0.0151515,0.00267957,0.0809611,4.76555,4.7071,981,,3
either,,b_positives_nontumor,<10mm all,86,2,0.0232558,0.00640079,0.0808817,4.76555,4.7071,981,,3
either,,b_positives_nontumor,>=20mm all,874,121,0.138444,0.117125,0.162928,4.76555,4.7071,981,,3
either,,b_positives_nontumor,all lesions,1235,131,0.106073,0.0901034,0.124485,4.76555,4.7071,981,,3
either,,b_positives_nontumor,"all, not separated",1165,131,0.112446,0.0955641,0.131876,4.76555,4.7071,981,,3
either,,b_positives_nontumor,size <5,49,0,0,0,0.0727003,4.76555,4.7071,981,,3
either,,b_positives_nontumor,size 5-10,37,2,0.0540541,0.0149507,0.17705,4.76555,4.7071,981,,3
either,,b_positives_nontumor,size 10-20,275,8,0.0290909,0.0148129,0.0563444,4.76555,4.7071,981,,3
either,,b_positives_nontumor,size 20-40,597,52,0.0871022,0.0670404,0.112444,4.76555,4.7071,981,,3
either,,b_positives_nontumor,size >=40,277,69,0.249097,0.201831,0.303229,4.76555,4.7071,981,,3
either,,b_positives_nontumor,v3 hypo,585,50,0.0854701,0.0654311,0.110918,4.76555,4.7071,981,,3
either,,b_positives_nontumor,v3 iso,461,49,0.106291,0.0813373,0.137751,4.76555,4.7071,981,,3
either,,b_positives_nontumor,v3 hyper,189,32,0.169312,0.122559,0.22924,4.76555,4.7071,981,,3
either,,b_positives_nontumor,phase Arterial,260,30,0.115385,0.0820291,0.15994,4.76555,4.7071,981,,3
either,,b_positives_nontumor,phase Delay,4,0,0,0,0.4899,4.76555,4.7071,981,,3
either,,b_positives_nontumor,phase Non-contrast,413,33,0.0799031,0.0574587,0.110091,4.76555,4.7071,981,,3
either,,b_positives_nontumor,phase Venous,557,68,0.122083,0.0974528,0.15189,4.76555,4.7071,981,,3
either,,b_positives_nontumor,region head,825,97,0.117576,0.0973478,0.141349,4.76555,4.7071,981,,3
either,,b_positives_nontumor,region body,207,11,0.0531401,0.0299281,0.0926359,4.76555,4.7071,981,,3
either,,b_positives_nontumor,region tail,195,23,0.117949,0.0798935,0.170766,4.76555,4.7071,981,,3
either,,b_positives_nontumor,thickness <=1.5 mm,532,37,0.0695489,0.0508757,0.0943941,4.76555,4.7071,981,,3
either,,b_positives_nontumor,thickness 1.5-2.5 mm,426,67,0.157277,0.125787,0.194893,4.76555,4.7071,981,,3
either,,b_positives_nontumor,thickness 2.5-5 mm,273,27,0.0989011,0.0688629,0.140071,4.76555,4.7071,981,,3
either,,b_positives_nontumor,thickness >5 mm,4,0,0,0,0.4899,4.76555,4.7071,981,,3
either,,b_positives_nontumor,tier abutting,174,14,0.0804598,0.0485307,0.130514,4.76555,4.7071,981,,3
either,,b_positives_nontumor,tier embedded,111,3,0.027027,0.00923347,0.0764637,4.76555,4.7071,981,,3
either,,b_positives_nontumor,tier inside,880,114,0.129545,0.108958,0.153353,4.76555,4.7071,981,,3
either,,b_positives_nontumor,tier separated,70,0,0,0,0.0520249,4.76555,4.7071,981,,3
either,,b_positives_nontumor,nnU-Net detected,659,104,0.157815,0.131973,0.187623,4.76555,4.7071,981,,3
either,,b_positives_nontumor,nnU-Net missed,576,27,0.046875,0.0324124,0.0673417,4.76555,4.7071,981,,3
either,,b_positives_nontumor,"nnU-Net missed, 10-20mm",204,6,0.0294118,0.0135478,0.0626718,4.76555,4.7071,981,,3
either,,b_positives_nontumor,"nnU-Net missed, TARGET",74,3,0.0405405,0.0138822,0.112549,4.76555,4.7071,981,,3
either,,a_negatives,TARGET 10-20mm hypo/hyper enhanced,106,5,0.0471698,0.0203138,0.1057,9.97152,8.05379,316,,5
either,,a_negatives,10-20mm all,275,10,0.0363636,0.0198696,0.0656327,9.97152,8.05379,316,,5
either,,a_negatives,10-20mm enhanced,157,8,0.0509554,0.0260428,0.0973183,9.97152,8.05379,316,,5
either,,a_negatives,10-20mm iso(v3),99,5,0.0505051,0.0217629,0.112829,9.97152,8.05379,316,,5
either,,a_negatives,10-20mm iso within 5 HU,66,3,0.0454545,0.015578,0.125335,9.97152,8.05379,316,,5
either,,a_negatives,<10mm all,86,2,0.0232558,0.00640079,0.0808817,9.97152,8.05379,316,,5
either,,a_negatives,>=20mm all,874,177,0.202517,0.177202,0.230436,9.97152,8.05379,316,,5
either,,a_negatives,all lesions,1235,189,0.153036,0.134035,0.17419,9.97152,8.05379,316,,5
either,,a_negatives,"all, not separated",1165,189,0.162232,0.142177,0.184506,9.97152,8.05379,316,,5
either,,a_negatives,size <5,49,0,0,0,0.0727003,9.97152,8.05379,316,,5
either,,a_negatives,size 5-10,37,2,0.0540541,0.0149507,0.17705,9.97152,8.05379,316,,5
either,,a_negatives,size 10-20,275,10,0.0363636,0.0198696,0.0656327,9.97152,8.05379,316,,5
either,,a_negatives,size 20-40,597,79,0.132328,0.107483,0.161875,9.97152,8.05379,316,,5
either,,a_negatives,size >=40,277,98,0.353791,0.299833,0.411749,9.97152,8.05379,316,,5
either,,a_negatives,v3 hypo,585,72,0.123077,0.0988869,0.152185,9.97152,8.05379,316,,5
either,,a_negatives,v3 iso,461,70,0.151844,0.12197,0.187472,9.97152,8.05379,316,,5
either,,a_negatives,v3 hyper,189,47,0.248677,0.192471,0.314897,9.97152,8.05379,316,,5
either,,a_negatives,phase Arterial,260,46,0.176923,0.135341,0.227913,9.97152,8.05379,316,,5
either,,a_negatives,phase Delay,4,1,0.25,0.0455861,0.699364,9.97152,8.05379,316,,5
either,,a_negatives,phase Non-contrast,413,44,0.106538,0.0803242,0.140003,9.97152,8.05379,316,,5
either,,a_negatives,phase Venous,557,98,0.175943,0.14657,0.209754,9.97152,8.05379,316,,5
either,,a_negatives,region head,825,140,0.169697,0.145627,0.196829,9.97152,8.05379,316,,5
either,,a_negatives,region body,207,20,0.0966184,0.0634176,0.144519,9.97152,8.05379,316,,5
either,,a_negatives,region tail,195,29,0.148718,0.105585,0.205424,9.97152,8.05379,316,,5
either,,a_negatives,thickness <=1.5 mm,532,57,0.107143,0.0836199,0.136299,9.97152,8.05379,316,,5
either,,a_negatives,thickness 1.5-2.5 mm,426,88,0.206573,0.170833,0.247558,9.97152,8.05379,316,,5
either,,a_negatives,thickness 2.5-5 mm,273,44,0.161172,0.122306,0.209442,9.97152,8.05379,316,,5
either,,a_negatives,thickness >5 mm,4,0,0,0,0.4899,9.97152,8.05379,316,,5
either,,a_negatives,tier abutting,174,18,0.103448,0.0664421,0.157586,9.97152,8.05379,316,,5
either,,a_negatives,tier embedded,111,4,0.036036,0.0141011,0.0890114,9.97152,8.05379,316,,5
either,,a_negatives,tier inside,880,167,0.189773,0.165234,0.217008,9.97152,8.05379,316,,5
either,,a_negatives,tier separated,70,0,0,0,0.0520249,9.97152,8.05379,316,,5
either,,a_negatives,nnU-Net detected,659,147,0.223065,0.192937,0.256404,9.97152,8.05379,316,,5
either,,a_negatives,nnU-Net missed,576,42,0.0729167,0.054395,0.0970974,9.97152,8.05379,316,,5
either,,a_negatives,"nnU-Net missed, 10-20mm",204,7,0.0343137,0.0167189,0.0691234,9.97152,8.05379,316,,5
either,,a_negatives,"nnU-Net missed, TARGET",74,3,0.0405405,0.0138822,0.112549,9.97152,8.05379,316,,5
either,,b_positives_nontumor,TARGET 10-20mm hypo/hyper enhanced,106,5,0.0471698,0.0203138,0.1057,7.99185,7.89383,981,,5
either,,b_positives_nontumor,10-20mm all,275,10,0.0363636,0.0198696,0.0656327,7.99185,7.89383,981,,5
either,,b_positives_nontumor,10-20mm enhanced,157,8,0.0509554,0.0260428,0.0973183,7.99185,7.89383,981,,5
either,,b_positives_nontumor,10-20mm iso(v3),99,5,0.0505051,0.0217629,0.112829,7.99185,7.89383,981,,5
either,,b_positives_nontumor,10-20mm iso within 5 HU,66,3,0.0454545,0.015578,0.125335,7.99185,7.89383,981,,5
either,,b_positives_nontumor,<10mm all,86,2,0.0232558,0.00640079,0.0808817,7.99185,7.89383,981,,5
either,,b_positives_nontumor,>=20mm all,874,177,0.202517,0.177202,0.230436,7.99185,7.89383,981,,5
either,,b_positives_nontumor,all lesions,1235,189,0.153036,0.134035,0.17419,7.99185,7.89383,981,,5
either,,b_positives_nontumor,"all, not separated",1165,189,0.162232,0.142177,0.184506,7.99185,7.89383,981,,5
either,,b_positives_nontumor,size <5,49,0,0,0,0.0727003,7.99185,7.89383,981,,5
either,,b_positives_nontumor,size 5-10,37,2,0.0540541,0.0149507,0.17705,7.99185,7.89383,981,,5
either,,b_positives_nontumor,size 10-20,275,10,0.0363636,0.0198696,0.0656327,7.99185,7.89383,981,,5
either,,b_positives_nontumor,size 20-40,597,79,0.132328,0.107483,0.161875,7.99185,7.89383,981,,5
either,,b_positives_nontumor,size >=40,277,98,0.353791,0.299833,0.411749,7.99185,7.89383,981,,5
either,,b_positives_nontumor,v3 hypo,585,72,0.123077,0.0988869,0.152185,7.99185,7.89383,981,,5
either,,b_positives_nontumor,v3 iso,461,70,0.151844,0.12197,0.187472,7.99185,7.89383,981,,5
either,,b_positives_nontumor,v3 hyper,189,47,0.248677,0.192471,0.314897,7.99185,7.89383,981,,5
either,,b_positives_nontumor,phase Arterial,260,46,0.176923,0.135341,0.227913,7.99185,7.89383,981,,5
either,,b_positives_nontumor,phase Delay,4,1,0.25,0.0455861,0.699364,7.99185,7.89383,981,,5
either,,b_positives_nontumor,phase Non-contrast,413,44,0.106538,0.0803242,0.140003,7.99185,7.89383,981,,5
either,,b_positives_nontumor,phase Venous,557,98,0.175943,0.14657,0.209754,7.99185,7.89383,981,,5
either,,b_positives_nontumor,region head,825,140,0.169697,0.145627,0.196829,7.99185,7.89383,981,,5
either,,b_positives_nontumor,region body,207,20,0.0966184,0.0634176,0.144519,7.99185,7.89383,981,,5
either,,b_positives_nontumor,region tail,195,29,0.148718,0.105585,0.205424,7.99185,7.89383,981,,5
either,,b_positives_nontumor,thickness <=1.5 mm,532,57,0.107143,0.0836199,0.136299,7.99185,7.89383,981,,5
either,,b_positives_nontumor,thickness 1.5-2.5 mm,426,88,0.206573,0.170833,0.247558,7.99185,7.89383,981,,5
either,,b_positives_nontumor,thickness 2.5-5 mm,273,44,0.161172,0.122306,0.209442,7.99185,7.89383,981,,5
either,,b_positives_nontumor,thickness >5 mm,4,0,0,0,0.4899,7.99185,7.89383,981,,5
either,,b_positives_nontumor,tier abutting,174,18,0.103448,0.0664421,0.157586,7.99185,7.89383,981,,5
either,,b_positives_nontumor,tier embedded,111,4,0.036036,0.0141011,0.0890114,7.99185,7.89383,981,,5
either,,b_positives_nontumor,tier inside,880,167,0.189773,0.165234,0.217008,7.99185,7.89383,981,,5
either,,b_positives_nontumor,tier separated,70,0,0,0,0.0520249,7.99185,7.89383,981,,5
either,,b_positives_nontumor,nnU-Net detected,659,147,0.223065,0.192937,0.256404,7.99185,7.89383,981,,5
either,,b_positives_nontumor,nnU-Net missed,576,42,0.0729167,0.054395,0.0970974,7.99185,7.89383,981,,5
either,,b_positives_nontumor,"nnU-Net missed, 10-20mm",204,7,0.0343137,0.0167189,0.0691234,7.99185,7.89383,981,,5
either,,b_positives_nontumor,"nnU-Net missed, TARGET",74,3,0.0405405,0.0138822,0.112549,7.99185,7.89383,981,,5
either,,a_negatives,TARGET 10-20mm hypo/hyper enhanced,106,10,0.0943396,0.0520519,0.165002,19.9209,16.0897,316,,10
either,,a_negatives,10-20mm all,275,18,0.0654545,0.0418004,0.101082,19.9209,16.0897,316,,10
either,,a_negatives,10-20mm enhanced,157,14,0.089172,0.0538603,0.144108,19.9209,16.0897,316,,10
either,,a_negatives,10-20mm iso(v3),99,7,0.0707071,0.0346698,0.138816,19.9209,16.0897,316,,10
either,,a_negatives,10-20mm iso within 5 HU,66,5,0.0757576,0.0327916,0.165394,19.9209,16.0897,316,,10
either,,a_negatives,<10mm all,86,2,0.0232558,0.00640079,0.0808817,19.9209,16.0897,316,,10
either,,a_negatives,>=20mm all,874,246,0.281465,0.252656,0.312186,19.9209,16.0897,316,,10
either,,a_negatives,all lesions,1235,266,0.215385,0.193358,0.239176,19.9209,16.0897,316,,10
either,,a_negatives,"all, not separated",1165,266,0.228326,0.205138,0.2533,19.9209,16.0897,316,,10
either,,a_negatives,size <5,49,0,0,0,0.0727003,19.9209,16.0897,316,,10
either,,a_negatives,size 5-10,37,2,0.0540541,0.0149507,0.17705,19.9209,16.0897,316,,10
either,,a_negatives,size 10-20,275,18,0.0654545,0.0418004,0.101082,19.9209,16.0897,316,,10
either,,a_negatives,size 20-40,597,119,0.19933,0.169251,0.233254,19.9209,16.0897,316,,10
either,,a_negatives,size >=40,277,127,0.458484,0.400772,0.517331,19.9209,16.0897,316,,10
either,,a_negatives,v3 hypo,585,107,0.182906,0.153681,0.216268,19.9209,16.0897,316,,10
either,,a_negatives,v3 iso,461,98,0.212581,0.177687,0.252226,19.9209,16.0897,316,,10
either,,a_negatives,v3 hyper,189,61,0.322751,0.2602,0.392365,19.9209,16.0897,316,,10
either,,a_negatives,phase Arterial,260,64,0.246154,0.19774,0.30196,19.9209,16.0897,316,,10
either,,a_negatives,phase Delay,4,1,0.25,0.0455861,0.699364,19.9209,16.0897,316,,10
either,,a_negatives,phase Non-contrast,413,61,0.1477,0.116731,0.185162,19.9209,16.0897,316,,10
either,,a_negatives,phase Venous,557,140,0.251346,0.217108,0.288992,19.9209,16.0897,316,,10
either,,a_negatives,region head,825,196,0.237576,0.209792,0.267792,19.9209,16.0897,316,,10
either,,a_negatives,region body,207,27,0.130435,0.0912128,0.183124,19.9209,16.0897,316,,10
either,,a_negatives,region tail,195,43,0.220513,0.168033,0.283792,19.9209,16.0897,316,,10
either,,a_negatives,thickness <=1.5 mm,532,87,0.163534,0.134537,0.197355,19.9209,16.0897,316,,10
either,,a_negatives,thickness 1.5-2.5 mm,426,123,0.288732,0.247737,0.333504,19.9209,16.0897,316,,10
either,,a_negatives,thickness 2.5-5 mm,273,56,0.205128,0.161478,0.256962,19.9209,16.0897,316,,10
either,,a_negatives,thickness >5 mm,4,0,0,0,0.4899,19.9209,16.0897,316,,10
either,,a_negatives,tier abutting,174,26,0.149425,0.104057,0.20994,19.9209,16.0897,316,,10
either,,a_negatives,tier embedded,111,7,0.0630631,0.0308803,0.124478,19.9209,16.0897,316,,10
either,,a_negatives,tier inside,880,233,0.264773,0.236689,0.294901,19.9209,16.0897,316,,10
either,,a_negatives,tier separated,70,0,0,0,0.0520249,19.9209,16.0897,316,,10
either,,a_negatives,nnU-Net detected,659,203,0.308042,0.27399,0.34432,19.9209,16.0897,316,,10
either,,a_negatives,nnU-Net missed,576,63,0.109375,0.0864272,0.137499,19.9209,16.0897,316,,10
either,,a_negatives,"nnU-Net missed, 10-20mm",204,14,0.0686275,0.0413163,0.111885,19.9209,16.0897,316,,10
either,,a_negatives,"nnU-Net missed, TARGET",74,7,0.0945946,0.0465793,0.182625,19.9209,16.0897,316,,10
either,,b_positives_nontumor,TARGET 10-20mm hypo/hyper enhanced,106,10,0.0943396,0.0520519,0.165002,16.262,16.0625,981,,10
either,,b_positives_nontumor,10-20mm all,275,18,0.0654545,0.0418004,0.101082,16.262,16.0625,981,,10
either,,b_positives_nontumor,10-20mm enhanced,157,14,0.089172,0.0538603,0.144108,16.262,16.0625,981,,10
either,,b_positives_nontumor,10-20mm iso(v3),99,7,0.0707071,0.0346698,0.138816,16.262,16.0625,981,,10
either,,b_positives_nontumor,10-20mm iso within 5 HU,66,5,0.0757576,0.0327916,0.165394,16.262,16.0625,981,,10
either,,b_positives_nontumor,<10mm all,86,2,0.0232558,0.00640079,0.0808817,16.262,16.0625,981,,10
either,,b_positives_nontumor,>=20mm all,874,246,0.281465,0.252656,0.312186,16.262,16.0625,981,,10
either,,b_positives_nontumor,all lesions,1235,266,0.215385,0.193358,0.239176,16.262,16.0625,981,,10
either,,b_positives_nontumor,"all, not separated",1165,266,0.228326,0.205138,0.2533,16.262,16.0625,981,,10
either,,b_positives_nontumor,size <5,49,0,0,0,0.0727003,16.262,16.0625,981,,10
either,,b_positives_nontumor,size 5-10,37,2,0.0540541,0.0149507,0.17705,16.262,16.0625,981,,10
either,,b_positives_nontumor,size 10-20,275,18,0.0654545,0.0418004,0.101082,16.262,16.0625,981,,10
either,,b_positives_nontumor,size 20-40,597,119,0.19933,0.169251,0.233254,16.262,16.0625,981,,10
either,,b_positives_nontumor,size >=40,277,127,0.458484,0.400772,0.517331,16.262,16.0625,981,,10
either,,b_positives_nontumor,v3 hypo,585,107,0.182906,0.153681,0.216268,16.262,16.0625,981,,10
either,,b_positives_nontumor,v3 iso,461,98,0.212581,0.177687,0.252226,16.262,16.0625,981,,10
either,,b_positives_nontumor,v3 hyper,189,61,0.322751,0.2602,0.392365,16.262,16.0625,981,,10
either,,b_positives_nontumor,phase Arterial,260,64,0.246154,0.19774,0.30196,16.262,16.0625,981,,10
either,,b_positives_nontumor,phase Delay,4,1,0.25,0.0455861,0.699364,16.262,16.0625,981,,10
either,,b_positives_nontumor,phase Non-contrast,413,61,0.1477,0.116731,0.185162,16.262,16.0625,981,,10
either,,b_positives_nontumor,phase Venous,557,140,0.251346,0.217108,0.288992,16.262,16.0625,981,,10
either,,b_positives_nontumor,region head,825,196,0.237576,0.209792,0.267792,16.262,16.0625,981,,10
either,,b_positives_nontumor,region body,207,27,0.130435,0.0912128,0.183124,16.262,16.0625,981,,10
either,,b_positives_nontumor,region tail,195,43,0.220513,0.168033,0.283792,16.262,16.0625,981,,10
either,,b_positives_nontumor,thickness <=1.5 mm,532,87,0.163534,0.134537,0.197355,16.262,16.0625,981,,10
either,,b_positives_nontumor,thickness 1.5-2.5 mm,426,123,0.288732,0.247737,0.333504,16.262,16.0625,981,,10
either,,b_positives_nontumor,thickness 2.5-5 mm,273,56,0.205128,0.161478,0.256962,16.262,16.0625,981,,10
either,,b_positives_nontumor,thickness >5 mm,4,0,0,0,0.4899,16.262,16.0625,981,,10
either,,b_positives_nontumor,tier abutting,174,26,0.149425,0.104057,0.20994,16.262,16.0625,981,,10
either,,b_positives_nontumor,tier embedded,111,7,0.0630631,0.0308803,0.124478,16.262,16.0625,981,,10
either,,b_positives_nontumor,tier inside,880,233,0.264773,0.236689,0.294901,16.262,16.0625,981,,10
either,,b_positives_nontumor,tier separated,70,0,0,0,0.0520249,16.262,16.0625,981,,10
either,,b_positives_nontumor,nnU-Net detected,659,203,0.308042,0.27399,0.34432,16.262,16.0625,981,,10
either,,b_positives_nontumor,nnU-Net missed,576,63,0.109375,0.0864272,0.137499,16.262,16.0625,981,,10
either,,b_positives_nontumor,"nnU-Net missed, 10-20mm",204,14,0.0686275,0.0413163,0.111885,16.262,16.0625,981,,10
either,,b_positives_nontumor,"nnU-Net missed, TARGET",74,7,0.0945946,0.0465793,0.182625,16.262,16.0625,981,,10
either,,a_negatives,TARGET 10-20mm hypo/hyper enhanced,106,13,0.122642,0.0730905,0.198588,39.75,32.1053,316,,20
either,,a_negatives,10-20mm all,275,28,0.101818,0.0713871,0.143221,39.75,32.1053,316,,20
either,,a_negatives,10-20mm enhanced,157,19,0.121019,0.0788595,0.181282,39.75,32.1053,316,,20
either,,a_negatives,10-20mm iso(v3),99,13,0.131313,0.0783717,0.211799,39.75,32.1053,316,,20
either,,a_negatives,10-20mm iso within 5 HU,66,11,0.166667,0.0956949,0.274308,39.75,32.1053,316,,20
either,,a_negatives,<10mm all,86,2,0.0232558,0.00640079,0.0808817,39.75,32.1053,316,,20
either,,a_negatives,>=20mm all,874,364,0.416476,0.384228,0.449455,39.75,32.1053,316,,20
either,,a_negatives,all lesions,1235,394,0.319028,0.293628,0.345551,39.75,32.1053,316,,20
either,,a_negatives,"all, not separated",1165,394,0.338197,0.311602,0.365857,39.75,32.1053,316,,20
either,,a_negatives,size <5,49,0,0,0,0.0727003,39.75,32.1053,316,,20
either,,a_negatives,size 5-10,37,2,0.0540541,0.0149507,0.17705,39.75,32.1053,316,,20
either,,a_negatives,size 10-20,275,28,0.101818,0.0713871,0.143221,39.75,32.1053,316,,20
either,,a_negatives,size 20-40,597,193,0.323283,0.286996,0.36183,39.75,32.1053,316,,20
either,,a_negatives,size >=40,277,171,0.617329,0.558855,0.672592,39.75,32.1053,316,,20
either,,a_negatives,v3 hypo,585,160,0.273504,0.238947,0.311017,39.75,32.1053,316,,20
either,,a_negatives,v3 iso,461,151,0.327549,0.286285,0.371663,39.75,32.1053,316,,20
either,,a_negatives,v3 hyper,189,83,0.439153,0.370309,0.510422,39.75,32.1053,316,,20
either,,a_negatives,phase Arterial,260,97,0.373077,0.316539,0.433311,39.75,32.1053,316,,20
either,,a_negatives,phase Delay,4,1,0.25,0.0455861,0.699364,39.75,32.1053,316,,20
either,,a_negatives,phase Non-contrast,413,89,0.215496,0.178559,0.257677,39.75,32.1053,316,,20
either,,a_negatives,phase Venous,557,207,0.371634,0.332509,0.412517,39.75,32.1053,316,,20
either,,a_negatives,region head,825,279,0.338182,0.306715,0.371149,39.75,32.1053,316,,20
either,,a_negatives,region body,207,56,0.270531,0.214603,0.334822,39.75,32.1053,316,,20
either,,a_negatives,region tail,195,59,0.302564,0.242414,0.370343,39.75,32.1053,316,,20
either,,a_negatives,thickness <=1.5 mm,532,123,0.231203,0.19738,0.26888,39.75,32.1053,316,,20
either,,a_negatives,thickness 1.5-2.5 mm,426,194,0.455399,0.408716,0.502879,39.75,32.1053,316,,20
either,,a_negatives,thickness 2.5-5 mm,273,76,0.278388,0.228576,0.334351,39.75,32.1053,316,,20
either,,a_negatives,thickness >5 mm,4,1,0.25,0.0455861,0.699364,39.75,32.1053,316,,20
either,,a_negatives,tier abutting,174,39,0.224138,0.168518,0.291676,39.75,32.1053,316,,20
either,,a_negatives,tier embedded,111,14,0.126126,0.0766379,0.200628,39.75,32.1053,316,,20
either,,a_negatives,tier inside,880,341,0.3875,0.355867,0.420111,39.75,32.1053,316,,20
either,,a_negatives,tier separated,70,0,0,0,0.0520249,39.75,32.1053,316,,20
either,,a_negatives,nnU-Net detected,659,295,0.447648,0.410095,0.485808,39.75,32.1053,316,,20
either,,a_negatives,nnU-Net missed,576,99,0.171875,0.143264,0.204834,39.75,32.1053,316,,20
either,,a_negatives,"nnU-Net missed, 10-20mm",204,23,0.112745,0.0763117,0.163494,39.75,32.1053,316,,20
either,,a_negatives,"nnU-Net missed, TARGET",74,10,0.135135,0.0750897,0.231194,39.75,32.1053,316,,20
either,,b_positives_nontumor,TARGET 10-20mm hypo/hyper enhanced,106,13,0.122642,0.0730905,0.198588,33.0652,32.6597,981,,20
either,,b_positives_nontumor,10-20mm all,275,28,0.101818,0.0713871,0.143221,33.0652,32.6597,981,,20
either,,b_positives_nontumor,10-20mm enhanced,157,19,0.121019,0.0788595,0.181282,33.0652,32.6597,981,,20
either,,b_positives_nontumor,10-20mm iso(v3),99,13,0.131313,0.0783717,0.211799,33.0652,32.6597,981,,20
either,,b_positives_nontumor,10-20mm iso within 5 HU,66,11,0.166667,0.0956949,0.274308,33.0652,32.6597,981,,20
either,,b_positives_nontumor,<10mm all,86,2,0.0232558,0.00640079,0.0808817,33.0652,32.6597,981,,20
either,,b_positives_nontumor,>=20mm all,874,364,0.416476,0.384228,0.449455,33.0652,32.6597,981,,20
either,,b_positives_nontumor,all lesions,1235,394,0.319028,0.293628,0.345551,33.0652,32.6597,981,,20
either,,b_positives_nontumor,"all, not separated",1165,394,0.338197,0.311602,0.365857,33.0652,32.6597,981,,20
either,,b_positives_nontumor,size <5,49,0,0,0,0.0727003,33.0652,32.6597,981,,20
either,,b_positives_nontumor,size 5-10,37,2,0.0540541,0.0149507,0.17705,33.0652,32.6597,981,,20
either,,b_positives_nontumor,size 10-20,275,28,0.101818,0.0713871,0.143221,33.0652,32.6597,981,,20
either,,b_positives_nontumor,size 20-40,597,193,0.323283,0.286996,0.36183,33.0652,32.6597,981,,20
either,,b_positives_nontumor,size >=40,277,171,0.617329,0.558855,0.672592,33.0652,32.6597,981,,20
either,,b_positives_nontumor,v3 hypo,585,160,0.273504,0.238947,0.311017,33.0652,32.6597,981,,20
either,,b_positives_nontumor,v3 iso,461,151,0.327549,0.286285,0.371663,33.0652,32.6597,981,,20
either,,b_positives_nontumor,v3 hyper,189,83,0.439153,0.370309,0.510422,33.0652,32.6597,981,,20
either,,b_positives_nontumor,phase Arterial,260,97,0.373077,0.316539,0.433311,33.0652,32.6597,981,,20
either,,b_positives_nontumor,phase Delay,4,1,0.25,0.0455861,0.699364,33.0652,32.6597,981,,20
either,,b_positives_nontumor,phase Non-contrast,413,89,0.215496,0.178559,0.257677,33.0652,32.6597,981,,20
either,,b_positives_nontumor,phase Venous,557,207,0.371634,0.332509,0.412517,33.0652,32.6597,981,,20
either,,b_positives_nontumor,region head,825,279,0.338182,0.306715,0.371149,33.0652,32.6597,981,,20
either,,b_positives_nontumor,region body,207,56,0.270531,0.214603,0.334822,33.0652,32.6597,981,,20
either,,b_positives_nontumor,region tail,195,59,0.302564,0.242414,0.370343,33.0652,32.6597,981,,20
either,,b_positives_nontumor,thickness <=1.5 mm,532,123,0.231203,0.19738,0.26888,33.0652,32.6597,981,,20
either,,b_positives_nontumor,thickness 1.5-2.5 mm,426,194,0.455399,0.408716,0.502879,33.0652,32.6597,981,,20
either,,b_positives_nontumor,thickness 2.5-5 mm,273,76,0.278388,0.228576,0.334351,33.0652,32.6597,981,,20
either,,b_positives_nontumor,thickness >5 mm,4,1,0.25,0.0455861,0.699364,33.0652,32.6597,981,,20
either,,b_positives_nontumor,tier abutting,174,39,0.224138,0.168518,0.291676,33.0652,32.6597,981,,20
either,,b_positives_nontumor,tier embedded,111,14,0.126126,0.0766379,0.200628,33.0652,32.6597,981,,20
either,,b_positives_nontumor,tier inside,880,341,0.3875,0.355867,0.420111,33.0652,32.6597,981,,20
either,,b_positives_nontumor,tier separated,70,0,0,0,0.0520249,33.0652,32.6597,981,,20
either,,b_positives_nontumor,nnU-Net detected,659,295,0.447648,0.410095,0.485808,33.0652,32.6597,981,,20
either,,b_positives_nontumor,nnU-Net missed,576,99,0.171875,0.143264,0.204834,33.0652,32.6597,981,,20
either,,b_positives_nontumor,"nnU-Net missed, 10-20mm",204,23,0.112745,0.0763117,0.163494,33.0652,32.6597,981,,20
either,,b_positives_nontumor,"nnU-Net missed, TARGET",74,10,0.135135,0.0750897,0.231194,33.0652,32.6597,981,,20
either,,a_negatives,TARGET 10-20mm hypo/hyper enhanced,106,24,0.226415,0.157134,0.314833,98.5506,79.5974,316,,50
either,,a_negatives,10-20mm all,275,58,0.210909,0.166843,0.262941,98.5506,79.5974,316,,50
either,,a_negatives,10-20mm enhanced,157,35,0.22293,0.164884,0.294211,98.5506,79.5974,316,,50
either,,a_negatives,10-20mm iso(v3),99,22,0.222222,0.15158,0.313617,98.5506,79.5974,316,,50
either,,a_negatives,10-20mm iso within 5 HU,66,18,0.272727,0.180032,0.390425,98.5506,79.5974,316,,50
either,,a_negatives,<10mm all,86,3,0.0348837,0.0119336,0.0976103,98.5506,79.5974,316,,50
either,,a_negatives,>=20mm all,874,565,0.646453,0.61418,0.677444,98.5506,79.5974,316,,50
either,,a_negatives,all lesions,1235,626,0.506883,0.479021,0.534702,98.5506,79.5974,316,,50
either,,a_negatives,"all, not separated",1165,624,0.535622,0.506913,0.564097,98.5506,79.5974,316,,50
either,,a_negatives,size <5,49,0,0,0,0.0727003,98.5506,79.5974,316,,50
either,,a_negatives,size 5-10,37,3,0.0810811,0.0279601,0.21301,98.5506,79.5974,316,,50
either,,a_negatives,size 10-20,275,58,0.210909,0.166843,0.262941,98.5506,79.5974,316,,50
either,,a_negatives,size 20-40,597,337,0.564489,0.524428,0.603725,98.5506,79.5974,316,,50
either,,a_negatives,size >=40,277,228,0.823105,0.773838,0.863532,98.5506,79.5974,316,,50
either,,a_negatives,v3 hypo,585,256,0.437607,0.397942,0.478086,98.5506,79.5974,316,,50
either,,a_negatives,v3 iso,461,250,0.542299,0.496657,0.587242,98.5506,79.5974,316,,50
either,,a_negatives,v3 hyper,189,120,0.634921,0.564227,0.700239,98.5506,79.5974,316,,50
either,,a_negatives,phase Arterial,260,141,0.542308,0.481572,0.601811,98.5506,79.5974,316,,50
either,,a_negatives,phase Delay,4,1,0.25,0.0455861,0.699364,98.5506,79.5974,316,,50
either,,a_negatives,phase Non-contrast,413,163,0.394673,0.348711,0.442577,98.5506,79.5974,316,,50
either,,a_negatives,phase Venous,557,320,0.574506,0.533073,0.614919,98.5506,79.5974,316,,50
either,,a_negatives,region head,825,432,0.523636,0.489525,0.557529,98.5506,79.5974,316,,50
either,,a_negatives,region body,207,99,0.478261,0.411228,0.546086,98.5506,79.5974,316,,50
either,,a_negatives,region tail,195,94,0.482051,0.412944,0.551852,98.5506,79.5974,316,,50
either,,a_negatives,thickness <=1.5 mm,532,213,0.400376,0.359597,0.442583,98.5506,79.5974,316,,50
either,,a_negatives,thickness 1.5-2.5 mm,426,280,0.657277,0.61098,0.700763,98.5506,79.5974,316,,50
either,,a_negatives,thickness 2.5-5 mm,273,132,0.483516,0.424877,0.542613,98.5506,79.5974,316,,50
either,,a_negatives,thickness >5 mm,4,1,0.25,0.0455861,0.699364,98.5506,79.5974,316,,50
either,,a_negatives,tier abutting,174,75,0.431034,0.359725,0.505324,98.5506,79.5974,316,,50
either,,a_negatives,tier embedded,111,27,0.243243,0.172893,0.330771,98.5506,79.5974,316,,50
either,,a_negatives,tier inside,880,522,0.593182,0.560388,0.625166,98.5506,79.5974,316,,50
either,,a_negatives,tier separated,70,2,0.0285714,0.00787045,0.0983244,98.5506,79.5974,316,,50
either,,a_negatives,nnU-Net detected,659,434,0.658574,0.621543,0.693766,98.5506,79.5974,316,,50
either,,a_negatives,nnU-Net missed,576,192,0.333333,0.296051,0.372824,98.5506,79.5974,316,,50
either,,a_negatives,"nnU-Net missed, 10-20mm",204,44,0.215686,0.164778,0.277105,98.5506,79.5974,316,,50
either,,a_negatives,"nnU-Net missed, TARGET",74,16,0.216216,0.137703,0.322739,98.5506,79.5974,316,,50
either,,b_positives_nontumor,TARGET 10-20mm hypo/hyper enhanced,106,24,0.226415,0.157134,0.314833,83.4006,82.3778,981,,50
either,,b_positives_nontumor,10-20mm all,275,58,0.210909,0.166843,0.262941,83.4006,82.3778,981,,50
either,,b_positives_nontumor,10-20mm enhanced,157,35,0.22293,0.164884,0.294211,83.4006,82.3778,981,,50
either,,b_positives_nontumor,10-20mm iso(v3),99,22,0.222222,0.15158,0.313617,83.4006,82.3778,981,,50
either,,b_positives_nontumor,10-20mm iso within 5 HU,66,18,0.272727,0.180032,0.390425,83.4006,82.3778,981,,50
either,,b_positives_nontumor,<10mm all,86,3,0.0348837,0.0119336,0.0976103,83.4006,82.3778,981,,50
either,,b_positives_nontumor,>=20mm all,874,565,0.646453,0.61418,0.677444,83.4006,82.3778,981,,50
either,,b_positives_nontumor,all lesions,1235,626,0.506883,0.479021,0.534702,83.4006,82.3778,981,,50
either,,b_positives_nontumor,"all, not separated",1165,624,0.535622,0.506913,0.564097,83.4006,82.3778,981,,50
either,,b_positives_nontumor,size <5,49,0,0,0,0.0727003,83.4006,82.3778,981,,50
either,,b_positives_nontumor,size 5-10,37,3,0.0810811,0.0279601,0.21301,83.4006,82.3778,981,,50
either,,b_positives_nontumor,size 10-20,275,58,0.210909,0.166843,0.262941,83.4006,82.3778,981,,50
either,,b_positives_nontumor,size 20-40,597,337,0.564489,0.524428,0.603725,83.4006,82.3778,981,,50
either,,b_positives_nontumor,size >=40,277,228,0.823105,0.773838,0.863532,83.4006,82.3778,981,,50
either,,b_positives_nontumor,v3 hypo,585,256,0.437607,0.397942,0.478086,83.4006,82.3778,981,,50
either,,b_positives_nontumor,v3 iso,461,250,0.542299,0.496657,0.587242,83.4006,82.3778,981,,50
either,,b_positives_nontumor,v3 hyper,189,120,0.634921,0.564227,0.700239,83.4006,82.3778,981,,50
either,,b_positives_nontumor,phase Arterial,260,141,0.542308,0.481572,0.601811,83.4006,82.3778,981,,50
either,,b_positives_nontumor,phase Delay,4,1,0.25,0.0455861,0.699364,83.4006,82.3778,981,,50
either,,b_positives_nontumor,phase Non-contrast,413,163,0.394673,0.348711,0.442577,83.4006,82.3778,981,,50
either,,b_positives_nontumor,phase Venous,557,320,0.574506,0.533073,0.614919,83.4006,82.3778,981,,50
either,,b_positives_nontumor,region head,825,432,0.523636,0.489525,0.557529,83.4006,82.3778,981,,50
either,,b_positives_nontumor,region body,207,99,0.478261,0.411228,0.546086,83.4006,82.3778,981,,50
either,,b_positives_nontumor,region tail,195,94,0.482051,0.412944,0.551852,83.4006,82.3778,981,,50
either,,b_positives_nontumor,thickness <=1.5 mm,532,213,0.400376,0.359597,0.442583,83.4006,82.3778,981,,50
either,,b_positives_nontumor,thickness 1.5-2.5 mm,426,280,0.657277,0.61098,0.700763,83.4006,82.3778,981,,50
either,,b_positives_nontumor,thickness 2.5-5 mm,273,132,0.483516,0.424877,0.542613,83.4006,82.3778,981,,50
either,,b_positives_nontumor,thickness >5 mm,4,1,0.25,0.0455861,0.699364,83.4006,82.3778,981,,50
either,,b_positives_nontumor,tier abutting,174,75,0.431034,0.359725,0.505324,83.4006,82.3778,981,,50
either,,b_positives_nontumor,tier embedded,111,27,0.243243,0.172893,0.330771,83.4006,82.3778,981,,50
either,,b_positives_nontumor,tier inside,880,522,0.593182,0.560388,0.625166,83.4006,82.3778,981,,50
either,,b_positives_nontumor,tier separated,70,2,0.0285714,0.00787045,0.0983244,83.4006,82.3778,981,,50
either,,b_positives_nontumor,nnU-Net detected,659,434,0.658574,0.621543,0.693766,83.4006,82.3778,981,,50
either,,b_positives_nontumor,nnU-Net missed,576,192,0.333333,0.296051,0.372824,83.4006,82.3778,981,,50
either,,b_positives_nontumor,"nnU-Net missed, 10-20mm",204,44,0.215686,0.164778,0.277105,83.4006,82.3778,981,,50
either,,b_positives_nontumor,"nnU-Net missed, TARGET",74,16,0.216216,0.137703,0.322739,83.4006,82.3778,981,,50
