case_id,lesion_id,fold,official_split,ct_phase,spacing_x_mm,spacing_y_mm,spacing_z_mm,slice_axis,slice_thickness_mm,gt_vox,vol_mm3,diam_mm,diam_bin,tiny_flag,n_lesions_in_case,largest_in_case,dHU,attenuation_v2,lesion_dice,detected_any,region,region_source,u,tier,excluded,mpd_present,dist_to_mpd_mm,gt_vox_iso,in_sr_frac,vol_mm3_pass,in_sr_frac_iso,z_dark_s1.5,z_dark_s2,z_dark_s2.5,z_dark_s3,z_dark_s4,z_dark_s5,z_dark_s6,rank_dark_s1.5,rank_dark_s2,rank_dark_s2.5,rank_dark_s3,rank_dark_s4,rank_dark_s5,rank_dark_s6,rank_dark,z_dark,sigma_dark,blobness_dark,n_peaks_dark,smax_dil2_dark,smax_dil2_free_dark,patch_n_dark,patch_frac_ge_dark,patch_med_dark,patch_p95_dark,z_bright_s1.5,z_bright_s2,z_bright_s2.5,z_bright_s3,z_bright_s4,z_bright_s5,z_bright_s6,rank_bright_s1.5,rank_bright_s2,rank_bright_s2.5,rank_bright_s3,rank_bright_s4,rank_bright_s5,rank_bright_s6,rank_bright,z_bright,sigma_bright,blobness_bright,n_peaks_bright,smax_dil2_bright,smax_dil2_free_bright,patch_n_bright,patch_frac_ge_bright,patch_med_bright,patch_p95_bright,patch_radius_mm,dHU_core_global,attenuation_v3,sigma_hu,cnr,nnunet_peak_p_dil2,missed,thick_bin,enhanced,contrast_v3,iso5,target
PanTS_00000003,1,3,train,Venous,0.818359,0.818359,7.5,2,7.5,1055,5299.09,27.0544,20-40,False,1,True,14,hyperattenuating,0.480311,True,head,mask_ring,0.153915,inside,False,True,7.5,5279,1,5299.09,1,4.27214,3.55823,3.01477,2.6203,1.80508,0.907739,0.358826,19,10,12,23,9,,,19,3.89913,1.5,0.0238625,50,4.27214,4.27214,200,0.31,3.27849,7.85324,6.78718,5.70679,4.87134,4.2783,3.6119,3.24057,3.16802,,,40,40,,10,,,,,,50,6.78718,6.78718,200,0.315,3.53649,10.8748,12.8153,14,hyper,7.625,1.836,0.997686,False,>5,True,hyper,False,False
PanTS_00000026,1,1,train,Non-contrast,0.628906,0.628906,5,2,5,7244,14325.8,55.0219,>=40,False,1,True,0,isoattenuating,0,False,body,mask_ring,0.65935,inside,False,True,34.7713,14290,0.999586,14325.8,0.99944,7.64574,7.32244,6.50332,5.79173,4.83637,4.42114,3.60445,13,8,4,3,3,2,1,14,7.64574,1.5,0.114279,50,7.64574,7.64574,200,0.9,9.42647,11.1662,6.36224,5.35852,3.88522,2.68119,2.92077,2.50742,1.6062,40,26,9,15,10,5,,44,3.24757,1.5,0.0876417,50,6.36224,10.2584,200,0.065,5.06323,6.93959,17.0664,2,iso,5.967,0.3352,0.141934,True,2.5-5,False,iso,True,False
PanTS_00000029,1,4,train,Venous,0.849609,0.849609,2.5,2,2.5,1613,2910.8,20.9241,20-40,False,1,True,-17,hypoattenuating,0.839829,True,body,mask_ring,0.641708,inside,False,True,3.06331,2852,1,2910.8,1,2.56103,1.79315,1.35254,1.14709,0.983396,1.1147,1.05977,,,,28,13,,,,,,,50,2.56103,2.56103,200,0.825,3.24313,4.66791,3.31978,3.0634,2.96621,2.90692,2.93633,3.25801,3.45625,23,12,8,6,5,,,27,3.31978,1.5,0.151627,50,3.45625,3.45625,200,0.54,3.50904,4.88886,10.8574,-33,hypo,16.58,-1.991,0.997981,False,1.5-2.5,True,hypo,False,False
PanTS_00000031,1,3,train,Non-contrast,0.822266,0.822266,5,2,5,337,1139.26,19.3172,10-20,False,2,True,-43,hypoattenuating,0,False,tail,mask_ring,0.982557,embedded,False,True,113.802,1155,0.329377,1139.26,0.322078,2.42057,2.25089,1.95209,1.79653,1.59009,1.18486,0.915486,,,,38,,,,,,,,50,2.42057,2.9634,200,0.835,3.9271,9.27434,2.55215,2.33419,2.0656,2.01029,2.04988,2.01399,1.90953,,,,,,,,,,,,50,2.55215,3.64791,200,0.83,3.25496,10.8479,8.47906,-42,hypo,8.288,-5.068,0.0156636,True,2.5-5,False,hypo,False,False
PanTS_00000031,2,3,train,Non-contrast,0.822266,0.822266,5,2,5,203,686.263,17.3647,10-20,False,2,False,-4,isoattenuating,0,False,head,mask_ring,0.213813,embedded,False,True,14.1683,715,0.901478,686.263,0.893706,7.12001,6.03342,4.91771,4.02164,3.00599,2.49042,2.07119,,38,22,,,,,,,,,50,7.12001,9.20872,200,0.075,3.97941,8.13498,9.3519,7.75086,6.35976,5.54168,5.3948,5.07984,4.45034,,,,,,,,,,,,50,9.3519,9.3519,200,0.02,3.18511,6.36757,7.47185,-12.5,hypo,8.288,-1.508,0.0101697,True,2.5-5,False,hypo,False,False
PanTS_00000035,1,1,train,Non-contrast,0.75,0.75,5,2,5,937,2635.31,25.4092,20-40,False,1,True,9,isoattenuating,0,False,tail,mask_ring,0.775807,inside,False,True,61.1581,2645,1,2635.31,1,4.10483,3.61539,2.91805,2.37953,1.76874,1.5501,1.4736,,,,36,,,,,,,,50,4.10483,4.10483,200,0.405,3.93553,5.53999,4.33909,3.63018,2.83895,2.24897,1.8429,1.53424,1.19128,10,10,15,30,20,18,,11,4.33909,1.5,0.364924,50,4.33909,4.33909,200,0.205,3.70227,5.81671,10.5687,15,hyper,7.293,2.057,1.48546e-05,True,2.5-5,False,hyper,False,False
PanTS_00000036,1,3,train,Non-contrast,1.5,1.5,1.5,2,1.5,82,276.75,14.151,10-20,False,1,True,-12,hypoattenuating,0,False,tail,mask_ring,0.783159,inside,False,False,,264,1,276.75,1,1.97854,1.74306,1.24572,0.985342,0.601001,0.416636,0.443487,31,14,,,,,,32,1.58135,1.5,0.376493,50,1.97854,1.97854,200,0.59,2.14656,3.24471,7.1784,5.31133,4.23564,3.51689,2.61343,2.11215,2.31365,4,7,2,2,2,3,,4,4.60882,1.5,0.594998,50,7.1784,7.1784,200,0.12,2.66173,9.32986,6.04265,-4.5,iso,26.69,-0.1686,8.78454e-05,True,<=1.5,False,iso,True,False
PanTS_00000040,1,2,train,Non-contrast,0.78125,0.78125,1,2,1,3459,2111.21,31.8065,20-40,False,1,True,-9,isoattenuating,0,False,,none,,separated,True,True,104.785,1423,0,2111.21,0,,,,,,,,,,,,,,,,,,,50,,2.85121,,,,,,,,,,,,,,,,,,,,,,,50,,2.23507,,,,,9.95818,-9,iso,50.39,-0.1786,0.000245369,True,<=1.5,False,iso,False,False
PanTS_00000042,1,3,train,Non-contrast,0.865234,0.865234,2.5,2,2.5,3263,6106.95,25.924,20-40,False,1,True,-1,isoattenuating,0.89335,True,head,mask_ring,0.159453,inside,False,True,2.44725,6045,1,6106.95,1,3.46247,3.86428,4.28102,4.19024,3.0309,1.69542,1.66747,36,31,18,36,16,4,,43,3.46247,1.5,0.0753154,50,4.28102,4.28102,200,0.545,4.38903,6.37139,2.68207,2.44791,2.22594,2.40228,2.51506,2.20263,2.00056,46,30,20,19,18,,,48,2.68207,1.5,0.193635,50,2.68207,2.68207,200,0.955,4.35224,5.41244,13.3391,-8,iso,15.91,-0.5027,0.998118,False,1.5-2.5,False,iso,False,False
PanTS_00000047,1,1,train,Non-contrast,0.78125,0.78125,0.8,2,0.8,12539,6122.56,44.0039,>=40,False,2,True,6,isoattenuating,0.206058,True,head,mask_ring,0.110686,inside,False,False,,6088,0.98397,6122.56,0.983903,3.80256,3.93339,3.27834,2.75637,1.70929,1.65863,1.47268,1,2,15,17,23,7,4,5,3.93339,2,0.432373,50,3.93339,3.93339,200,0.12,3.5481,3.96333,4.14535,3.52502,3.11477,2.76014,2.36194,2.51746,2.7061,6,9,11,11,16,,16,8,4.14535,1.5,0.301739,50,4.14535,4.14535,200,0.285,3.74619,4.79084,13.3488,5,iso,31.83,0.1571,0.965544,False,<=1.5,False,iso,True,False
PanTS_00000047,2,1,train,Non-contrast,0.78125,0.78125,0.8,2,0.8,369,180.176,15.4233,10-20,False,2,False,1,isoattenuating,0,False,body,mask_ring,0.572773,embedded,False,False,,204,1,180.176,1,1.75637,1.71858,2.121,1.89923,1.27568,1.0564,1.09424,,,,,,,,,,,,50,2.121,2.121,200,0.73,2.53719,3.69512,2.76876,2.22231,2.29558,2.12438,1.59634,1.43661,1.3082,,,,,,,,,,,,50,2.76876,2.76876,200,0.515,2.80215,4.29364,5.50377,-12,hypo,31.83,-0.3771,2.29173e-05,True,<=1.5,False,hypo,False,False
PanTS_00000049,1,1,train,Venous,0.820312,0.820312,2.5,2,2.5,7109,11959.3,37.8622,20-40,False,1,True,-57,hypoattenuating,0,False,body,mask_ring,0.437637,inside,False,True,9.48133,11890,1,11959.3,1,3.59063,3.20286,2.77859,2.65786,2.3737,2.24386,2.50199,25,44,37,,33,6,,27,3.59063,1.5,0.19023,50,3.59063,3.59063,200,0.735,3.75447,4.90721,4.57365,3.47653,2.53711,2.39568,2.04387,1.65307,1.56141,3,9,30,44,22,,,5,4.57365,1.5,0.158421,50,4.57365,4.57365,200,0.305,4.01162,5.8114,16.1864,-58,hypo,23.54,-2.464,0.00102022,True,1.5-2.5,True,hypo,False,False
PanTS_00000050,1,3,train,Non-contrast,0.976562,0.976562,1.25,2,1.25,3210,3826.61,37.6316,20-40,False,2,True,-13,hypoattenuating,0,False,head,mask_ring,0.0954613,abutting,False,True,16.2898,3532,0.755452,3826.61,0.764723,4.45195,3.72933,3.3596,2.92627,2.38298,2.58061,2.63471,30,30,25,15,5,3,,32,2.52405,1.5,0.234087,50,4.45195,6.42703,200,0.01,3.24913,3.86779,2.39423,1.88165,1.99625,1.98511,1.66804,1.45069,1.70903,48,44,27,22,12,8,,46,2.39423,1.5,0.208471,50,2.39423,7.71704,200,0.995,4.16023,8.25143,11.7031,-9,iso,16.24,-0.554,0.121634,True,<=1.5,False,iso,False,False
PanTS_00000050,2,3,train,Non-contrast,0.976562,0.976562,1.25,2,1.25,1768,2107.62,27.326,20-40,False,2,False,23,hyperattenuating,0,False,head,mask_ring,0.100354,abutting,False,True,1.38107,2054,0.529412,2107.62,0.532132,3.10774,2.80806,2.53851,2.25975,1.88178,1.54762,1.41071,42,36,31,13,,,,43,2.33142,1.5,0.153195,50,3.10774,3.95749,200,0.46,3.05269,3.86779,4.37159,3.31641,2.07921,1.47247,1.42897,1.16546,1.50458,,,29,21,14,,,,,,,50,4.37159,4.37159,200,0.32,3.91875,8.25143,9.95367,30,hyper,16.24,1.847,0.458697,True,<=1.5,False,hyper,False,False
PanTS_00000074,1,4,train,Non-contrast,0.888672,0.888672,5,2,5,320,1263.58,15.0452,10-20,False,1,True,31.5,hyperattenuating,0,False,head,mask_ring,0.54374,inside,False,True,11.5869,1255,1,1263.58,1,2.52,2.35918,2.27206,2.17234,1.76768,1.21508,1.5237,,,,,,,,,,,,50,2.52,2.52,200,0.565,2.59758,5.60882,2.39342,1.89149,2.06409,2.21804,2.64804,2.95151,2.78787,,,28,16,6,4,3,26,2.95151,5,0.28823,50,2.95151,2.95151,200,0.56,3.13368,5.13981,8.70664,40,hyper,13.26,3.016,8.44804e-05,True,2.5-5,False,hyper,False,False
PanTS_00000084,1,2,train,Venous,0.78125,0.78125,2.5,2,2.5,2686,4098.51,25.3033,20-40,False,1,True,-28,hypoattenuating,0.787524,True,head,mask_ring,0.147224,inside,False,True,6.06363,4167,1,4098.51,1,2.16499,2.06045,1.76959,1.65949,1.49479,1.2464,0.86749,,,,,21,7,4,,,,,50,2.16499,2.16499,200,1,3.73007,5.56149,2.32103,2.25494,1.96459,1.82913,1.73032,1.60196,1.4808,,,,,,,,,,,,50,2.32103,2.32103,200,0.975,3.66127,5.24572,11.9276,-42,hypo,18.23,-2.303,0.999973,False,1.5-2.5,True,hypo,False,False
PanTS_00000086,1,2,train,Venous,0.701172,0.701172,2.5,2,2.5,6556,8058.02,45.1329,>=40,False,1,True,5,isoattenuating,0.415904,True,head,mask_ring,0.135803,inside,False,True,5.04892,8040,1,8058.02,1,4.35703,3.52914,2.54716,1.73312,0.811022,0.606473,0.442346,,,,49,22,9,7,,,,,50,4.35703,4.35703,200,0.715,4.85021,6.77043,3.54436,3.65407,3.56015,3.19102,2.6141,2.69179,2.65462,,36,33,16,12,11,8,,,,,50,3.65407,3.65407,200,0.735,4.01051,7.36996,14.4369,4,iso,10.61,0.3771,0.999972,False,1.5-2.5,True,iso,True,False
PanTS_00000091,1,1,train,Non-contrast,0.544922,0.544922,2,2,2,3361,1996.03,28.467,20-40,False,2,True,-8,isoattenuating,0,False,body,mask_ring,0.429135,inside,False,False,,1905,0.990479,1996.03,0.993176,3.07287,2.96004,2.76588,2.50941,2.6672,2.36704,1.95448,,49,45,38,,,,,,,,50,3.07287,4.42216,200,0.89,6.5472,10.5203,3.83858,3.53982,3.04518,2.51262,1.98461,1.80668,1.73066,47,,,37,,,,,,,,50,3.83858,3.83858,200,0.535,4.00996,6.24477,9.81075,-11,hypo,4.31,-2.552,0.00564191,True,1.5-2.5,False,hypo,False,False
PanTS_00000091,2,1,train,Non-contrast,0.544922,0.544922,2,2,2,1203,714.437,23.305,20-40,False,2,False,-9,isoattenuating,0,False,tail,mask_ring,0.898627,embedded,False,False,,760,0.507897,714.437,0.459211,2.45102,2.22675,1.70711,1.23884,0.683845,0.383731,0.487901,,,37,26,12,9,6,,,,,50,2.45102,2.45102,200,0.87,5.1275,10.1132,2.40618,1.85905,1.2945,1.03742,0.742555,0.649169,0.555281,,,,50,,,,,,,,50,2.40618,2.78435,200,0.895,3.41215,6.44458,7.54573,-12,hypo,4.31,-2.784,0.000445956,True,1.5-2.5,False,hypo,False,False
PanTS_00000099,1,0,train,Non-contrast,0.617188,0.617188,0.8,2,0.8,220,67.042,6.17562,5-10,False,2,False,-4,isoattenuating,0,False,head,mask_ring,0.0833745,embedded,False,False,,63,1,67.042,1,2.03377,1.74299,1.34534,1.32919,1.27379,0.733214,0.235103,,,,,,,,,,,,50,2.03377,2.03377,200,0.75,2.56517,4.14678,1.85275,1.35246,1.27059,1.29801,1.35595,1.31731,1.29327,,,,,,,,,,,,50,1.85275,1.85275,200,0.96,2.95582,4.04076,4.52011,-16,hypo,28.84,-0.5547,0.000671928,True,<=1.5,False,hypo,False,False
PanTS_00000099,2,0,train,Non-contrast,0.617188,0.617188,0.8,2,0.8,14298,4357.12,29.4811,20-40,False,2,True,-46,hypoattenuating,0,False,head,mask_ring,0.291322,embedded,False,False,,4395,0.377675,4357.12,0.384983,3.78359,4.39409,4.0052,3.73019,3.16571,2.24215,1.73649,19,4,7,7,,,,6,4.39409,2,0.322822,50,4.39409,4.92309,200,0.23,4.19137,4.99679,3.07531,2.65927,2.41405,1.92835,1.06544,0.967298,1.31481,49,,,,,,,,,,,50,3.07531,3.55674,200,0.98,3.8543,5.40801,12.1322,-50,hypo,28.84,-1.734,0.836354,True,<=1.5,False,hypo,False,False
PanTS_00000100,1,4,train,Non-contrast,5,0.766,0.766,0,5,635,1862.95,18.2949,10-20,False,2,True,-3,isoattenuating,0,False,head,mask_ring,,inside,False,True,19.5507,1845,1,1862.95,1,3.1972,2.88126,2.45019,2.3952,2.0522,1.41873,1.11997,,34,21,15,,,,,,,,50,3.1972,3.87695,200,0.845,4.99671,6.68998,4.26655,3.71486,3.77223,3.81736,3.7163,3.43256,2.93184,11,11,8,5,1,3,1,15,4.26655,1.5,0.138181,50,4.26655,4.26655,200,0.59,4.55858,6.23173,9.63316,-4,iso,4.641,-0.8618,1.46815e-05,True,2.5-5,False,iso,True,False
PanTS_00000100,2,4,train,Non-contrast,5,0.766,0.766,0,5,239,701.173,17.272,10-20,False,2,False,-60,hypoattenuating,0,False,,none,,separated,True,True,77.9919,0,0,701.173,,,,,,,,,,,,,,,,,,,,50,,,,,,,,,,,,,,,,,,,,,,,,,50,,,,,,,7.51119,-60,hypo,4.641,-12.93,0.000150006,True,2.5-5,False,hypo,False,False
PanTS_00000113,1,2,train,Non-contrast,0.769531,0.769531,4,2,4,317,750.882,15.7926,10-20,False,1,True,-29,hypoattenuating,0,False,head,mask_ring,0.561729,abutting,False,False,,757,0,750.882,0,1.92224,1.76634,1.59546,1.51141,1.46788,1.24566,0.947512,,,,,,,,,,,,50,1.92224,4.54176,200,0.97,4.70619,10.1556,-1.92224,-1.76634,-1.59546,-1.51141,-1.46788,-1.24566,-0.947512,,,,,,,,,,,,50,-0.947512,3.15486,200,1,3.30966,7.33071,7.63847,-26,hypo,5.967,-4.357,0.000125338,True,2.5-5,False,hypo,False,False
PanTS_00000117,1,3,train,Venous,0.806641,0.806641,2.5,2,2.5,4744,7716.94,32.3809,20-40,False,1,True,-34,hypoattenuating,0.810796,True,head,mask_ring,0.196096,inside,False,True,0,7715,1,7716.94,1,2.53751,2.62944,2.67135,2.48366,1.95393,1.65879,1.49215,,,43,27,15,6,2,,,,,50,2.67135,2.67135,200,0.985,3.75282,5.93032,2.90455,2.70896,2.10458,1.61302,1.44705,1.51945,1.57459,,,,,,,,,,,,50,2.90455,2.90455,200,0.885,3.66565,5.57566,14.2589,-43,hypo,15.25,-2.82,0.99777,False,1.5-2.5,True,hypo,False,False
PanTS_00000128,1,0,train,Non-contrast,0.818359,0.818359,3.75,2,3.75,17232,43276.8,81.3807,>=40,False,1,True,3,isoattenuating,0.642835,True,head,mask_ring,0.177185,inside,False,True,3.75,43407,0.940866,43276.8,0.942336,3.60043,2.87085,2.96689,3.18817,2.92442,2.52436,1.98963,47,,,37,10,2,1,,,,,50,3.60043,3.60043,200,0.995,4.72846,5.6044,3.70672,3.48238,3.1986,2.97534,2.74395,2.51991,2.34519,23,21,26,21,11,,17,28,3.70672,1.5,0.120087,50,3.70672,3.70672,200,0.97,4.45826,5.18208,23.7799,-2,iso,10.94,-0.1828,0.999021,False,2.5-5,False,iso,True,False
PanTS_00000162,1,4,train,Venous,0.958984,0.958984,2.5,2,2.5,1639,3768.27,28.6879,20-40,False,1,True,13,hyperattenuating,0.443632,True,head,mask_ring,0.122603,inside,False,True,1.91797,3862,1,3768.27,1,2.36981,2.40844,2.48622,2.70354,2.38897,1.8084,1.36827,,,,,,,,,,,,50,2.70354,2.70354,200,0.975,3.56156,4.37641,2.1507,2.25246,2.14865,2.02127,1.84241,1.45773,1.43672,,,45,36,22,20,11,,,,,50,2.25246,2.25246,200,0.955,3.94447,5.6862,11.6535,4,iso,12.93,0.3094,0.997439,False,1.5-2.5,True,iso,True,False
PanTS_00000164,1,4,train,Non-contrast,0.712891,0.712891,5,2,5,1772,4502.77,25.0852,20-40,False,1,True,-7,isoattenuating,0,False,head,mask_ring,0.0748899,inside,False,True,11.4063,4570,1,4502.77,1,3.66343,3.15507,2.29508,1.99273,1.92677,1.98382,1.83586,,50,28,15,6,,,,,,,50,3.66343,3.75562,200,0.945,5.62708,7.94005,5.68881,4.57008,3.8867,3.16174,2.39308,1.77438,1.803,3,10,16,15,13,9,9,5,5.68881,1.5,0.184072,50,5.68881,5.68881,200,0.32,4.98221,8.72199,12.2439,-8,iso,8.62,-0.9281,0.00737437,True,2.5-5,False,iso,False,False
PanTS_00000167,1,0,train,Venous,0.818359,0.818359,2.5,2,2.5,1296,2169.87,20.7565,20-40,False,1,True,-9,isoattenuating,0.421901,True,head,mask_ring,0.182055,inside,False,True,0,2173,1,2169.87,1,6.87729,5.25159,4.04018,3.0052,1.81746,0.910337,0.614852,7,6,11,11,11,5,4,7,6.3782,1.5,0.0303148,50,6.87729,6.87729,200,0.03,4.34641,5.5674,7.07914,5.68005,5.31702,5.26698,4.37638,3.39157,2.59393,,,,,,,,,,,,50,7.07914,7.07914,200,0.05,3.41455,7.00653,10.0312,-14,hypo,10.94,-1.28,0.999926,False,1.5-2.5,True,hypo,False,False
PanTS_00000180,1,0,train,Non-contrast,5,0.810547,0.810547,0,5,93,305.499,9.06219,5-10,False,1,True,-47,hypoattenuating,0,False,tail,mask_ring,0.951126,inside,False,True,72.8928,305,1,305.499,1,0.954103,0.547575,0.280496,0.211801,0.26852,0.158766,-0.0383851,,,,,,,,,,,,50,0.954103,0.954103,200,1,3.42871,5.4204,2.23704,2.55138,2.75401,2.85366,3.05464,3.09303,2.87782,,,,,,,,,,,,50,3.09303,3.09303,200,0.4,2.87875,3.93694,6.17805,-48,hypo,10.28,-4.671,0.000230507,True,2.5-5,False,hypo,False,False
PanTS_00000199,1,4,train,Venous,0.751953,0.751953,2.5,2,2.5,779,1101.18,18.3429,10-20,False,1,True,-9,isoattenuating,0.124088,True,head,mask_ring,0.245864,inside,False,True,2.25586,1038,1,1101.18,1,2.31911,2.16077,1.95911,1.82075,1.55297,1.0993,0.487351,,46,27,17,11,5,,,,,,50,2.31911,2.31911,200,0.83,3.57638,4.69769,2.33045,2.19775,2.14714,2.29449,2.25014,1.92652,1.82159,,28,,11,8,5,3,,,,,50,2.33045,2.33045,200,0.81,3.06234,4.49185,8.40605,-15,hypo,8.951,-1.676,0.8415,False,1.5-2.5,True,hypo,False,True
PanTS_00000220,1,1,train,Non-contrast,1.5,1.5,1.5,2,1.5,784,2646,29.0086,20-40,False,1,True,-16.5,hypoattenuating,0.357634,True,head,pc1_boundary,-0.0368491,separated,True,True,31.8198,2189,0,2646,0,,,,,,,,,,,,,,,,,,,50,,2.98054,,,,,,,,,,,,,,,,,,,,,,,50,,3.37836,,,,,10.5803,-26,hypo,98.46,-0.2641,0.981979,False,<=1.5,False,hypo,False,False
PanTS_00000231,1,2,train,Venous,0.898438,0.898438,2.5,2,2.5,1256,2534.58,22.3147,20-40,False,1,True,9,isoattenuating,0.0714667,True,head,mask_ring,0.28468,inside,False,True,0,2729,1,2534.58,1,3.74318,3.38361,2.94993,2.51642,1.8145,1.05402,0.530737,50,32,21,19,2,2,3,,,,,50,3.74318,3.74318,200,0.9,5.10248,7.21328,2.71085,2.50941,2.19747,2.15527,2.54668,2.63027,2.72921,,,,35,18,12,,,,,,50,2.72921,2.72921,200,0.965,4.29354,5.82998,10.4581,10,iso,13.26,0.7541,0.984694,False,1.5-2.5,True,iso,False,False
PanTS_00000246,1,1,train,Arterial,0.890625,0.890625,1.25,2,1.25,264178,261937,101.9,>=40,False,1,True,-75,hypoattenuating,0,False,tail,mask_ring,1.01326,abutting,False,True,62.6161,242041,0.00244911,261937,0.00259873,3.93477,3.22588,3.10658,2.77042,2.19106,1.84997,1.5519,46,20,7,,,,,47,3.30543,1.5,0.0393322,50,3.93477,4.76113,200,1,4.82614,5.29474,5.70024,5.03568,3.99319,3.12555,1.92044,1.78389,1.53089,,,,,,,,,,,,50,5.70024,9.28104,200,1,8.10328,8.10328,41.692,-69,hypo,21.22,-3.252,3.1324e-05,True,<=1.5,True,hypo,False,False
PanTS_00000251,1,4,train,Non-contrast,0.753906,0.753906,5,2,5,555,1577.24,24.51,20-40,False,1,True,-1,isoattenuating,0,False,tail,mask_ring,0.722527,inside,False,True,62.7704,1610,1,1577.24,1,3.57933,2.97779,2.82328,2.58518,2.14688,2.06633,1.89325,,,37,,,,,,,,,50,3.57933,3.69284,200,0.715,4.28959,6.95027,2.63463,2.36708,2.05802,1.75141,1.32361,1.02929,0.96835,,,,47,25,,,,,,,50,2.63463,4.10465,200,0.925,3.78729,6.50487,9.22109,1,iso,12.6,0.07938,0.468479,True,2.5-5,False,iso,True,False
PanTS_00000252,1,1,train,Non-contrast,0.78125,0.78125,0.8,2,0.8,11873,5797.36,32.6526,20-40,False,2,True,-2,isoattenuating,0,False,head,mask_ring,0.155092,inside,False,True,72.6681,5756,1,5797.36,1,2.84109,3.35281,2.95277,2.45115,1.95718,1.46446,0.991305,37,,15,16,5,,,,,,,50,3.35281,3.35281,200,0.37,3.16952,4.14221,3.42084,3.0206,2.93464,2.6938,2.10012,2.00797,1.837,21,,,43,29,18,,25,3.42084,1.5,0.223347,50,3.42084,3.42084,200,0.69,3.64587,4.42409,13.1442,0,iso,64.31,0,0.000166688,True,<=1.5,False,iso,True,False
PanTS_00000252,2,1,train,Non-contrast,0.78125,0.78125,0.8,2,0.8,997,486.816,15.8911,10-20,False,2,False,-20,hypoattenuating,0,False,head,mask_ring,0.1923,inside,False,True,80.1338,540,1,486.816,1,2.46662,2.50933,2.244,1.82945,0.969623,0.19956,0.304197,,,,,,,,,,,,50,2.50933,2.90097,200,0.545,2.59468,3.66828,2.96883,2.71321,2.9052,2.99715,2.90908,2.49734,1.98053,,,,38,6,,,,,,,50,2.99715,2.99715,200,0.665,3.11424,4.01293,6.88006,-22,hypo,64.31,-0.3421,4.31502e-05,True,<=1.5,False,hypo,False,False
PanTS_00000259,1,2,train,Non-contrast,0.667969,0.667969,3,2,3,474,634.471,14.0223,10-20,False,2,False,14,hyperattenuating,0,False,head,mask_ring,0.180118,inside,False,True,10.6875,642,1,634.471,1,2.86572,2.71593,2.59364,2.31569,2.37003,2.11103,1.7236,,,,,,16,,,,,,50,2.86572,2.86572,200,0.62,3.11784,4.38792,2.02141,1.73529,1.37411,0.86327,0.350663,0.403828,0.462615,,,,,27,,,,,,,50,2.02141,2.02141,200,0.805,2.71758,5.32314,7.33058,14,hyper,11.6,1.207,0.00116723,True,2.5-5,False,hyper,False,False
PanTS_00000259,2,2,train,Non-contrast,0.667969,0.667969,3,2,3,5116,6848.01,33.0809,20-40,False,2,True,-4,isoattenuating,0,False,body,mask_ring,0.564329,inside,False,True,20.8117,6819,1,6848.01,1,3.15554,3.16545,2.93579,2.83735,2.6359,2.82048,2.87123,,,,,27,,14,,,,,50,3.16545,3.20341,200,0.82,3.95871,4.52937,6.15215,5.43423,4.68574,4.15785,3.73585,3.47904,3.17609,4,4,45,35,15,10,,4,6.15215,1.5,0.302063,50,6.15215,6.15215,200,0.12,3.83838,6.56666,13.7804,-2,iso,11.6,-0.1724,0.0196814,True,2.5-5,False,iso,True,False
PanTS_00000270,1,4,train,Arterial,0.742188,0.742188,1.25,2,1.25,23437,16137.6,41.2435,>=40,False,1,True,,unknown,0.233234,True,body,mask_ring,,inside,False,False,,16167,0.873149,16137.6,0.877528,3.78356,3.54404,3.16057,3.25471,3.25871,3.03474,2.91773,1,1,1,2,1,1,,1,3.54274,1.5,0.109453,50,3.78356,4.55367,200,0.475,3.54274,4.26166,10.9008,10.2459,8.9406,7.52284,5.13023,3.9311,3.39015,1,1,1,1,1,1,1,1,10.9008,1.5,0.0564427,50,10.9008,12.3205,200,0,3.65721,10.5602,17.6765,7,iso,17.24,0.4061,0.996434,False,<=1.5,True,iso,False,False
PanTS_00000290,1,3,train,Venous,1.5,1.5,1.5,2,1.5,1149,3877.88,25.6759,20-40,False,1,True,1,isoattenuating,0.689634,True,head,mask_ring,0.254527,inside,False,True,18.6748,3978,1,3877.88,1,3.34805,2.52379,2.00383,1.75994,1.99667,2.32006,2.27154,,49,29,16,5,4,3,,,,,50,3.34805,3.34805,200,0.875,4.14137,5.12397,2.86157,2.24191,1.78826,1.57281,1.72614,1.97288,2.22273,,,,46,23,,,,,,,50,2.86157,2.86157,200,0.91,3.97783,6.22443,11.7462,2,iso,15.91,0.1257,0.997766,False,<=1.5,True,iso,True,False
PanTS_00000352,1,2,train,Non-contrast,0.873047,0.873047,2.5,2,2.5,5080,9680.08,32.6429,20-40,False,1,True,1,isoattenuating,0.563406,True,head,mask_ring,0.154808,inside,False,True,0.873047,9705,1,9680.08,1,5.51771,3.57404,2.70301,2.42611,1.99937,1.56892,1.76567,2,3,9,8,6,4,,2,5.51771,1.5,0.118319,50,5.51771,5.51771,200,0.01,3.42674,3.95187,5.26422,4.09916,3.87525,4.31021,4.40047,3.91375,3.57561,3,9,34,38,24,19,14,3,5.26422,1.5,0.0805795,50,5.26422,5.26422,200,0.065,3.58313,5.46979,15.221,1,iso,15.25,0.06557,0.999219,False,1.5-2.5,False,iso,True,False
PanTS_00000363,1,4,train,Venous,0.742188,0.742188,1.25,2,1.25,17647,12150.9,42.8091,>=40,False,1,True,-27,hypoattenuating,0.755289,True,head,mask_ring,0.242876,inside,False,True,3.22118,12201,0.86043,12150.9,0.857881,4.30174,3.92064,3.82556,3.65446,2.5823,2.22918,1.99436,,,23,17,4,3,1,,,,,50,4.30174,4.30174,200,0.98,6.51718,8.46126,3.47774,3.29409,2.75876,2.35459,2.60574,2.8,2.9403,,42,34,33,23,18,,,,,,50,3.47774,3.47774,200,0.985,6.60435,8.89388,16.2618,-27,hypo,13.26,-2.036,0.998047,False,<=1.5,True,hypo,False,False
PanTS_00000368,1,4,train,Arterial,0.683594,0.683594,0.8,2,0.8,5702,2131.64,33.9059,20-40,False,1,True,-13,hypoattenuating,0.0245594,True,body,pc1_boundary,0.560039,abutting,False,True,11.646,2178,0.454577,2131.64,0.486226,2.85654,2.45853,2.16686,2.00401,1.4077,1.09697,1.07827,,,27,10,,,,,,,,50,2.85654,3.12773,200,0.885,4.76109,8.44516,3.92722,3.17831,2.40841,1.6055,0.700616,0.473656,0.492396,,,,48,28,,,,,,,50,3.92722,3.92722,200,0.78,5.63688,7.56623,9.98377,-16,hypo,15.91,-1.005,0.901921,False,<=1.5,True,hypo,False,False
PanTS_00000371,1,4,train,Non-contrast,0.703125,0.703125,0.913607,2,0.913607,944,426.38,15.7745,10-20,False,1,True,14,hyperattenuating,0,False,tail,mask_ring,0.941531,inside,False,True,51.9779,467,1,426.38,1,0.99213,0.591208,0.819202,1.09535,1.31455,1.09628,0.828281,,,,,,,,,,,,50,1.31455,1.31455,200,0.995,2.76897,3.98768,2.59809,2.70561,2.71656,2.57745,2.72944,3.21271,3.14527,,35,11,9,17,,2,,,,,50,3.21271,3.21271,200,0.36,2.84231,4.52328,6.66913,22,hyper,16.58,1.327,2.46829e-05,True,<=1.5,False,hyper,False,False
PanTS_00000416,1,2,train,Non-contrast,0.78125,0.78125,0.8,2,0.8,6458,3153.32,22.4738,20-40,False,1,True,-13,hypoattenuating,0,False,head,mask_ring,0.18127,inside,False,True,73.7367,3177,1,3153.32,1,4.15449,3.88067,3.17563,2.56234,1.49631,1.5174,1.58757,6,2,34,40,7,3,,7,4.15449,1.5,0.00653032,50,4.15449,4.15449,200,0.145,3.59976,4.31293,3.33275,2.5203,1.88312,1.84305,1.66556,1.55322,1.66713,28,,,,30,,,37,3.33275,1.5,0.33239,50,3.33275,3.33275,200,0.49,3.32662,4.38497,11.0969,-13,hypo,30.5,-0.4262,0.275958,True,<=1.5,False,hypo,False,False
PanTS_00000423,1,0,train,Non-contrast,0.927734,0.927734,2.5,2,2.5,1588,3416.94,24.2943,20-40,False,1,True,-4,isoattenuating,0.823496,True,head,mask_ring,0.155213,inside,False,True,0.927734,3502,1,3416.94,1,4.75286,3.16732,2.78649,2.61938,2.54885,2.37718,1.94207,2,12,17,16,,,,2,4.75286,1.5,0.0279295,50,4.75286,4.75286,200,0.025,3.60106,4.72374,6.42703,5.89973,5.05552,4.22366,3.10589,3.11833,3.3277,14,14,19,15,10,,3,15,3.00654,1.5,0.30223,50,6.42703,6.54657,200,0.01,3.50132,5.25472,11.3436,-4,iso,8.62,-0.4641,0.999847,False,1.5-2.5,False,iso,True,False
PanTS_00000449,1,1,train,Venous,0.78125,0.78125,5,2,5,22847,69723.5,64.1252,>=40,False,1,True,13,hyperattenuating,0.46137,True,head,mask_ring,0.170072,inside,False,True,0.78125,69560,1,69723.5,1,6.28719,5.20167,5.62498,5.77161,5.53615,4.86426,4.17391,7,16,8,4,1,1,1,7,6.28719,1.5,0.0871706,50,6.28719,6.28719,200,0.665,7.02855,7.49435,6.18392,5.52483,4.44146,3.93287,3.67015,3.66814,3.21424,3,4,9,11,7,7,2,4,6.18392,1.5,0.35963,50,6.18392,6.18392,200,0.765,6.61508,7.762,27.5327,13,hyper,11.93,1.089,0.997379,False,2.5-5,True,hyper,False,False
PanTS_00000451,1,1,train,Non-contrast,1.5,1.5,1.5,2,1.5,132,445.5,15.0748,10-20,False,1,True,11,hyperattenuating,0,False,head,mask_ring,0.312041,inside,False,False,,447,1,445.5,1,1.90411,1.52378,1.32073,0.892221,0.414803,1.10068,1.39176,,,,,,,,,,,,50,1.90411,1.90411,200,0.935,3.47452,4.55503,1.7655,1.8076,1.69869,1.42992,1.78755,1.82647,1.69519,,,,49,,,10,,,,,50,1.82647,1.82647,200,0.85,2.95453,4.46284,6.73791,6.5,iso,17.57,0.3699,0.195902,True,<=1.5,False,iso,False,False
PanTS_00000463,1,0,train,Non-contrast,5,0.742188,0.742188,0,5,215,592.155,10.7396,10-20,False,1,True,3,isoattenuating,0,False,head,mask_ring,,inside,False,True,18.7963,590,1,592.155,1,1.97713,2.15172,2.13444,1.91914,1.33452,0.617269,-0.0560631,,,,,5,,,,,,,50,2.15172,2.15172,200,0.745,2.49308,3.97154,1.6575,1.51827,1.67896,1.75114,1.81441,1.80179,1.79222,,,47,,,,,,,,,50,1.81441,1.81441,200,0.995,2.61005,3.31717,7.20934,11.5,hyper,12.93,0.8895,0.0643001,True,2.5-5,False,hyper,False,False
PanTS_00000465,1,3,train,Non-contrast,1,0.871094,0.871094,0,1,54150,41089.3,89.0518,>=40,False,2,True,-30,hypoattenuating,0.827225,True,tail,mask_ring,0.535379,inside,False,True,4.79639,41103,0.90109,41089.3,0.900713,4.85729,4.48111,3.6833,3.46939,2.86531,2.53887,2.30236,24,8,11,18,10,2,2,12,4.48111,2,0.207916,50,4.85729,4.85729,200,0.865,5.3817,5.75453,7.9252,6.48203,5.71824,5.18902,4.13174,3.23533,2.64932,24,16,10,10,14,9,2,22,4.81123,2.5,0.208282,50,7.9252,7.9252,200,0.455,7.53821,7.96214,23.4065,-31,hypo,22.21,-1.396,0.99687,False,<=1.5,False,hypo,False,False
PanTS_00000465,2,3,train,Non-contrast,1,0.871094,0.871094,0,1,23814,18070.2,49.6382,>=40,False,2,False,-4,isoattenuating,0,False,body,mask_ring,0.181151,inside,False,True,4.36294,18126,0.859746,18070.2,0.859153,3.81525,3.60859,3.72979,3.73183,3.2616,2.64754,2.19904,37,46,,28,19,,1,42,3.57882,1.5,0.353962,50,3.81525,3.81525,200,1,5.25348,5.56683,3.56101,2.93576,2.72693,2.49065,2.49106,2.53229,2.2005,40,26,22,20,13,7,4,42,3.56101,1.5,0.304742,50,3.56101,6.36263,200,1,6.81285,7.96214,18.2789,-5,iso,22.21,-0.2251,0.0226508,True,<=1.5,False,iso,True,False
PanTS_00000482,1,1,train,Non-contrast,0.90625,0.90625,0.8,2,0.8,616,404.731,21.4872,20-40,False,1,True,-1,isoattenuating,0,False,head,mask_ring,0.262041,embedded,False,False,,426,1,404.731,1,1.68115,1.46013,1.37563,1.23228,1.14184,0.885134,0.635492,,,,,,,,,,,,50,1.68115,1.68115,200,0.94,2.38127,3.05145,2.86945,2.4615,2.4198,2.39323,2.05673,2.17263,2.23833,,,,,,,,,,,,50,2.86945,2.86945,200,0.445,2.79975,3.67143,6.58873,8,iso,40.45,0.1978,7.72219e-05,True,<=1.5,False,iso,False,False
PanTS_00000485,1,3,train,Venous,0.878906,0.878906,2.5,2,2.5,1272,2456.47,20.6938,20-40,False,1,True,81,hyperattenuating,0,False,head,mask_ring,0.102846,inside,False,False,,2418,1,2456.47,1,2.60164,2.44609,2.28509,1.95667,1.53538,1.55022,1.35969,21,13,,,,,,22,2.60164,1.5,0.0456753,50,2.60164,2.60164,200,0.41,2.51057,3.34298,2.7481,2.80966,3.03775,3.35988,4.37755,4.28321,3.37382,30,16,3,1,1,1,1,1,4.37755,4,0.697073,50,4.37755,4.37755,200,0.06,3.38151,4.66352,10.3703,100,hyper,14.26,7.015,2.12781e-05,True,1.5-2.5,True,hyper,False,False
PanTS_00000488,1,3,train,Non-contrast,0.728726,0.728726,5,2,5,477,1266.53,28.1923,20-40,False,1,True,-10,isoattenuating,0,False,tail,mask_ring,0.811103,inside,False,True,67.5358,1250,1,1266.53,1,3.74155,3.25288,2.91265,2.55052,1.95167,1.72284,1.53685,,39,22,11,7,,,,,,,50,3.74155,3.74155,200,0.745,4.71112,6.2959,2.39263,2.08467,1.72023,1.6451,1.46621,1.14873,1.21299,,,,44,20,,,,,,,50,2.39263,2.39263,200,0.915,3.58754,5.24174,8.71186,-23,hypo,10.61,-2.168,0.00164848,True,2.5-5,False,hypo,False,False
PanTS_00000554,1,0,train,Arterial,0.767578,0.767578,1.25,2,1.25,23632,17404.3,55.5241,>=40,False,1,True,-44,hypoattenuating,0,False,head,mask_ring,0.194441,embedded,False,True,3.43271,17627,0.327395,17404.3,0.326885,3.11011,2.86641,3.01759,3.02523,2.65425,2.486,2.20706,,,49,26,,,,,,,,50,3.11011,5.6126,200,1,7.6006,9.51716,8.17795,5.67392,4.1317,2.82189,2.6742,2.46593,1.93527,11,9,36,50,,,,11,8.17795,1.5,0.487432,50,8.17795,10.6418,200,0.375,6.8429,14.1829,18.0764,-50,hypo,15.25,-3.279,0.0281942,True,<=1.5,True,hypo,False,False
PanTS_00000557,1,0,train,Non-contrast,0.625,0.625,0.8,2,0.8,690,215.625,13.3774,10-20,False,2,True,-17,hypoattenuating,0,False,body,mask_ring,0.579169,embedded,False,True,25.7231,201,0.905797,215.625,0.900498,3.37599,4.25323,4.42162,4.56047,4.65672,5.5527,4.79537,,50,36,,,,,,,,,50,5.5527,6.29145,200,0.235,3.25527,10.439,2.43553,2.53862,2.38764,2.09356,1.04927,0.600688,0.193321,,,,,,,,,,,,50,2.53862,3.19307,200,0.74,3.0351,5.14206,5.71995,-13,hypo,22.87,-0.5683,8.68221e-05,True,<=1.5,False,hypo,False,False
PanTS_00000557,2,0,train,Non-contrast,0.625,0.625,0.8,2,0.8,229,71.5625,9.4576,5-10,False,2,False,-6,isoattenuating,0,False,body,mask_ring,0.629979,embedded,False,True,30.412,75,1,71.5625,1,1.49035,1.50865,0.947461,0.516922,0.139226,-0.237005,-0.231448,,,,,,,,,,,,50,1.50865,1.50865,200,0.9,2.35996,6.9668,2.49329,2.51373,2.33062,2.14912,1.71137,1.82128,1.89696,,,,,,,,,,,,50,2.51373,2.51373,200,0.655,2.84086,4.57386,4.57552,-29.5,hypo,22.87,-1.29,2.85209e-05,True,<=1.5,False,hypo,False,False
PanTS_00000564,1,0,train,Venous,0.724609,0.724609,2.5,2,2.5,1099,1442.6,16.478,10-20,False,1,True,-43,hypoattenuating,0.62069,True,tail,mask_ring,0.776657,inside,False,True,2.5,1432,1,1442.6,1,2.95355,2.80008,2.42118,2.03198,0.663479,0.182946,0.175459,36,17,10,7,5,,,37,2.95355,1.5,0.434539,50,2.95355,2.95355,200,0.745,3.8855,4.98474,2.93558,2.9521,3.06646,3.04679,3.13659,3.31845,3.235,,20,,,,,,,,,,50,3.31845,3.31845,200,0.475,3.27763,4.46681,9.00948,-71,hypo,10.28,-6.909,0.999987,False,1.5-2.5,True,hypo,False,True
PanTS_00000574,1,3,train,Non-contrast,0.8125,0.8125,2.5,2,2.5,2927,4830.69,32.515,20-40,False,1,True,-3,isoattenuating,0.0196211,True,head,mask_ring,0.11932,inside,False,False,,4883,0.999317,4830.69,1,2.97595,2.61047,2.4595,2.77798,2.88462,2.72826,2.65261,7,9,8,7,,,,9,2.97595,1.5,0.110263,50,2.97595,2.97595,200,0.76,3.32304,4.14676,7.62468,5.38586,4.42861,4.0817,3.35075,2.85138,2.48131,19,25,14,12,8,1,1,20,2.48131,6,0.294743,50,7.62468,7.62468,200,0.02,3.74613,5.82258,12.4867,-1,iso,13.26,-0.07541,0.605537,False,1.5-2.5,False,iso,True,False
PanTS_00000592,1,2,train,Non-contrast,0.976562,0.976562,0.8,2,0.8,603,460.052,13.2507,10-20,False,1,True,2,isoattenuating,0,False,body,mask_ring,0.359773,inside,False,True,7.10948,481,1,460.052,1,2.56413,2.08295,2.03141,1.99816,1.54892,0.947775,0.610706,,,,,14,,,,,,,50,2.56413,2.56413,200,0.475,2.52353,3.92694,2.22299,2.10779,2.03971,2.15693,2.00036,2.04972,2.26503,,,,,,,,,,,,50,2.26503,2.26503,200,0.935,2.91515,3.89265,6.78894,2,iso,26.85,0.07448,0.480951,True,<=1.5,False,iso,True,False
PanTS_00000605,1,3,train,Venous,0.660156,0.660156,3,2,3,3948,5161.69,31.8242,20-40,False,1,True,-31,hypoattenuating,0.746939,True,head,mask_ring,0.269217,inside,False,True,0,5043,1,5161.69,1,2.80045,2.39686,2.61456,2.46608,2.27147,2.00517,1.7132,,,48,20,9,3,1,,,,,50,2.80045,2.80045,200,1,5.34963,8.3964,4.11927,3.73264,2.95171,2.11427,1.92194,1.78536,1.70707,14,10,24,34,,,,16,4.11927,1.5,0.0213645,50,4.11927,4.11927,200,0.55,4.15268,6.08855,12.721,-48,hypo,5.636,-8.517,0.998345,False,2.5-5,True,hypo,False,False
PanTS_00000623,1,2,train,Non-contrast,0.878906,0.878906,0.8,2,0.8,1937,1197.03,23.442,20-40,False,1,True,-11,hypoattenuating,0,False,head,mask_ring,0.0768964,embedded,False,False,,1243,0.769231,1197.03,0.786002,2.29431,1.87124,1.3916,1.03041,0.557617,0.232948,0.246294,,,,36,,,,,,,,50,2.29431,2.29431,200,0.89,3.0897,4.29896,2.29009,1.90386,1.62056,1.64645,1.80707,1.64545,1.41057,,,,,41,16,14,,,,,50,2.29009,2.54123,200,0.945,2.90911,4.09736,8.58676,-11,hypo,42.1,-0.2613,0.0019839,True,<=1.5,False,hypo,False,False
PanTS_00000626,1,3,train,Non-contrast,0.851562,0.851562,1,2,1,6204,4498.88,30.4366,20-40,False,1,True,1,isoattenuating,0,False,head,mask_ring,0.218804,inside,False,True,21.2007,4512,1,4498.88,1,2.64606,2.04955,2.24729,2.18781,1.57873,0.92371,0.525505,29,,39,22,7,3,3,35,2.64606,1.5,0.408593,50,2.64606,2.64606,200,0.91,2.97596,3.59434,2.86591,2.67612,2.75782,2.65308,2.60356,2.34667,2.05141,45,37,22,16,13,12,11,,,,,50,2.86591,2.86591,200,0.96,3.6396,4.40395,12.2409,-1,iso,46.74,-0.02139,0.00147794,True,<=1.5,False,iso,True,False
PanTS_00000654,1,2,train,Non-contrast,0.78125,0.78125,0.8,2,0.8,4462,2178.71,25.9116,20-40,False,1,True,13,hyperattenuating,0,False,head,mask_ring,0.292603,inside,False,False,,2200,1,2178.71,1,2.50444,1.86565,1.44319,1.21632,1.27309,0.927462,0.359221,31,,,43,5,,,34,2.50444,1.5,0.240237,50,2.50444,2.50444,200,0.68,2.58031,2.95841,2.72165,2.68858,2.65835,2.52513,2.21061,2.07746,1.99502,,44,32,18,17,9,7,,,,,50,2.72165,2.72165,200,0.98,3.27166,3.9294,10.0421,14,hyper,35.8,0.391,0.00303374,True,<=1.5,False,hyper,False,False
PanTS_00000656,1,1,train,Venous,0.869141,0.869141,2.5,2,2.5,5075,9584.21,35.689,20-40,False,1,True,-31,hypoattenuating,0.810329,True,head,mask_ring,0.214059,inside,False,True,2.60742,9592,1,9584.21,1,2.79955,2.55447,2.16346,1.95279,1.69796,1.43895,1.37374,,,,,26,13,4,,,,,50,2.79955,2.79955,200,0.875,3.25861,3.99794,3.2326,2.83592,2.5403,2.18316,1.57513,1.09387,0.883932,12,,33,37,33,30,,17,3.2326,1.5,0.271621,50,3.2326,3.2326,200,0.45,3.16909,4.02619,15.1772,-35,hypo,26.52,-1.32,0.996864,False,1.5-2.5,True,hypo,False,False
PanTS_00000674,1,0,train,Non-contrast,0.703125,0.703125,2.5,2,2.5,273,337.418,10.5885,10-20,False,1,True,-7,isoattenuating,0,False,body,mask_ring,0.454878,inside,False,True,28.4638,314,1,337.418,1,1.38726,1.02829,1.06769,1.07905,1.15006,1.27387,1.28047,,,,,,,,,,,,50,1.38726,1.38726,200,0.98,2.44286,3.9878,2.34251,2.48575,2.41629,2.45099,2.24777,1.9367,1.80385,,,,47,,,,,,,,50,2.48575,2.48575,200,0.575,2.59075,4.10904,6.31877,0,iso,10.61,0,0.370055,True,1.5-2.5,False,iso,True,False
PanTS_00000675,1,1,train,Non-contrast,1,0.953125,0.953125,0,1,3711,3371.25,21.5287,20-40,False,1,True,0,isoattenuating,0,False,head,mask_ring,0.123056,inside,False,False,,3342,1,3371.25,1,2.82906,2.25957,1.95291,1.69343,1.44377,1.09251,0.859953,,,,47,,,,,,,,50,2.82906,2.82906,200,0.98,3.78504,4.69419,2.78068,2.61221,2.38137,2.23174,2.1577,2.27051,2.12197,,43,30,22,18,,,,,,,50,2.78068,2.78068,200,0.865,3.59662,5.04926,11.3018,1,iso,20.22,0.04945,0.00059418,True,<=1.5,False,iso,True,False
PanTS_00000693,1,3,train,Venous,0.837891,0.837891,2.5,2,2.5,4912,8621.31,32.1678,20-40,False,1,True,-4,isoattenuating,0.52884,True,head,mask_ring,0.180091,inside,False,True,0,8610,1,8621.31,1,2.99306,2.46544,2.49433,2.15064,1.83564,1.74498,1.67632,13,,23,10,3,2,,13,2.99306,1.5,0.00651743,50,2.99306,2.99306,200,0.6,3.50258,3.72402,3.61297,3.84108,3.83945,3.6505,2.95993,2.33784,2.77485,5,5,5,11,13,,,7,3.61297,1.5,0.671303,50,3.84108,3.84108,200,0.55,3.87063,5.30155,14.7202,-6,iso,23.21,-0.2585,0.998221,False,1.5-2.5,True,iso,False,False
PanTS_00000696,1,3,train,Arterial,0.761719,0.761719,1.25,2,1.25,23666,17164.2,55.4963,>=40,False,1,True,-10,isoattenuating,0.495295,True,head,mask_ring,0.273346,inside,False,True,0,17217,0.955971,17164.2,0.959517,6.59123,5.5634,4.69283,3.64239,2.9356,2.36274,1.9012,1,2,5,8,5,2,,1,6.59123,1.5,0.0118956,50,6.59123,6.93852,200,0.045,5.20577,6.31676,9.93925,6.84762,4.81246,3.3687,2.17846,2.32989,2.188,2,5,44,10,17,14,11,3,9.29266,1.5,0.0141352,50,9.93925,9.93925,200,0.275,9.32044,10.9848,18.0022,-7,iso,17.24,-0.4061,0.993926,False,<=1.5,True,iso,False,False
PanTS_00000715,1,1,train,Non-contrast,0.833984,0.833984,5,2,5,514,1787.51,17.3496,10-20,False,1,True,5,isoattenuating,0.351893,True,body,mask_ring,0.615184,inside,False,True,28.7929,1780,1,1787.51,1,2.55793,2.01858,1.67442,1.42394,1.48562,1.32798,1.12345,,,,,,,,,,,,50,2.55793,2.8245,200,0.845,3.32531,4.93271,7.24955,5.43644,4.64548,4.03899,3.43051,3.27306,3.35231,26,13,14,13,,,,28,2.79627,1.5,0.145741,50,7.24955,7.24955,200,0.005,2.9876,4.42211,9.5287,11,hyper,9.946,1.106,0.997301,False,2.5-5,False,hyper,False,False
PanTS_00000723,1,1,train,Venous,0.742188,0.742188,2.5,2,2.5,1527,2102.84,21.6633,20-40,False,1,True,-52,hypoattenuating,0.222769,True,head,mask_ring,0.130612,inside,False,True,15,2094,1,2102.84,1,6.13483,4.68916,3.6047,3.38385,2.86841,1.99739,1.38688,14,17,11,5,3,1,1,15,6.13483,1.5,0.00259818,50,6.13483,6.13483,200,0.345,5.49029,8.81375,10.4313,10.1765,8.86302,8.53753,6.7191,4.65305,3.30425,1,,41,35,,1,1,1,10.4313,1.5,0.0896392,50,10.4313,10.4313,200,0,4.52946,8.98091,9.94766,-66,hypo,15.58,-4.236,0.997434,False,1.5-2.5,True,hypo,False,False
PanTS_00000727,1,1,train,Arterial,0.830078,0.830078,5,2,5,7457,25690.5,52.5596,>=40,False,1,True,-17,hypoattenuating,0.871114,True,tail,mask_ring,0.706251,inside,False,True,0.830078,25635,0.999195,25690.5,0.999064,2.94848,2.53111,2.39496,2.27163,2.22836,2.87035,3.15423,39,36,25,20,11,6,2,40,2.94848,1.5,0.225827,50,3.15423,3.53563,200,1,5.09172,6.76063,3.84448,3.07565,2.98367,2.80365,2.41143,2.80603,3.2475,14,12,14,7,9,6,4,16,3.50583,1.5,0.14498,50,3.84448,3.84448,200,0.895,4.59106,8.28869,20.3046,-18,hypo,14.26,-1.263,0.997327,False,2.5-5,True,hypo,False,False
PanTS_00000730,1,0,train,Venous,0.746094,0.746094,5,2,5,2592,7214.26,37.4445,20-40,False,1,True,-67,hypoattenuating,0.694025,True,tail,mask_ring,0.809999,inside,False,True,0,7075,1,7214.26,1,3.71087,3.10511,2.92759,2.774,2.7795,2.52584,2.29313,,,30,12,4,3,,,,,,50,3.71087,3.71087,200,0.93,4.89453,5.92999,3.46384,3.27122,3.0967,2.908,2.38906,1.81886,1.31849,42,,42,31,,,,,,,,50,3.46384,3.46384,200,0.795,4.3832,6.22551,13.9867,-82,hypo,9.283,-8.834,0.992539,False,2.5-5,True,hypo,False,False
PanTS_00000750,1,4,train,Venous,0.769531,0.769531,2.5,2,2.5,1106,1637.37,20.6193,20-40,False,1,True,35.5,hyperattenuating,0,False,body,mask_ring,0.311743,inside,False,True,0,1657,1,1637.37,1,2.08278,2.01367,2.0886,1.98352,1.76104,1.44988,1.48693,37,,,,,,,45,2.08278,1.5,0.00159919,50,2.0886,2.0886,200,0.86,2.44981,2.82214,2.18944,2.16397,2.07892,2.23997,2.25596,3.01221,3.46655,,42,20,13,7,6,,,,,,50,3.46655,3.46655,200,0.245,3.0194,4.01408,9.31172,37,hyper,16.58,2.232,4.72062e-05,True,1.5-2.5,True,hyper,False,False
PanTS_00000761,1,1,train,Non-contrast,0.683594,0.683594,1.25,2,1.25,2229,1302.02,19.5613,10-20,False,1,True,-58,hypoattenuating,0.63528,True,head,mask_ring,0.269268,abutting,False,True,11.743,1306,0.234634,1302.02,0.220521,3.4081,2.74618,1.94618,1.99807,1.76223,1.4905,1.40866,,,32,,2,,,,,,,50,3.4081,4.06155,200,0.735,3.90665,5.06599,2.61981,1.68194,0.995643,1.07667,1.31959,1.31555,1.12467,47,,45,35,,,,,,,,50,2.61981,3.71637,200,0.74,3.55998,5.62427,8.77396,-56,hypo,6.63,-8.446,0.997399,False,<=1.5,False,hypo,False,False
PanTS_00000766,1,2,train,Venous,1.5,1.5,1.5,2,1.5,140,472.5,18.1246,10-20,False,2,False,7,isoattenuating,0,False,tail,mask_ring,0.797966,inside,False,True,61.2066,474,1,472.5,1,1.4546,1.00625,0.324378,-0.00586391,-0.12334,0.07329,0.0611778,,,,36,,,,,,,,50,1.4546,1.4546,200,0.985,3.1069,5.27538,2.62398,2.72473,2.73933,2.62902,2.35772,2.49184,2.6151,,41,24,17,14,5,6,,,,,50,2.73933,2.73933,200,0.655,3.24084,7.85802,6.83175,2,iso,18.23,0.1097,0.000271592,True,<=1.5,True,iso,True,False
PanTS_00000766,2,2,train,Venous,1.5,1.5,1.5,2,1.5,228,769.5,17.3638,10-20,False,2,True,21,hyperattenuating,0.00663717,True,head,mask_ring,0.153536,inside,False,True,13.5831,771,1,769.5,1,1.2868,1.16664,1.25184,1.1501,0.729287,0.388892,0.40316,,,,29,,,,,,,,50,1.2868,1.2868,200,0.99,3.47917,5.62775,2.19614,1.94801,1.69218,1.62144,1.52233,1.51998,1.53013,,,,,27,,,,,,,50,2.19614,2.19614,200,0.965,3.33641,8.75166,7.68469,26.5,hyper,18.23,1.453,0.921711,False,<=1.5,True,hyper,False,True
PanTS_00000771,1,0,train,Venous,0.898438,0.898438,2.5,2,2.5,5822,11748.7,40.6902,>=40,False,1,True,-74,hypoattenuating,0.921069,True,head,mask_ring,0.280317,inside,False,True,0,11735,1,11748.7,1,4.42377,3.72224,3.08786,2.92307,2.45734,2.29605,2.22876,,10,9,5,5,3,2,,,,,50,4.42377,4.42377,200,0.345,3.68638,5.79868,3.33787,2.82827,2.62701,2.34881,2.15525,1.86954,1.60367,49,,40,33,27,,,,,,,50,3.33787,3.33787,200,0.72,4.07502,5.96314,16.1026,-81,hypo,13.92,-5.817,0.999659,False,1.5-2.5,True,hypo,False,False
PanTS_00000797,1,0,train,Venous,0.777344,0.777344,3,2,3,1113,2017.64,23.376,20-40,False,1,True,-14,hypoattenuating,0,False,tail,mask_ring,0.982283,inside,False,True,86.7319,2025,1,2017.64,1,5.90785,4.98041,4.44508,3.84411,2.66956,3.03161,3.02528,,43,,37,,,,,,,,50,5.90785,5.90785,200,0.22,5.26058,7.72478,5.90282,5.60322,5.19194,4.74676,4.43684,4.49889,4.14449,3,1,1,1,1,1,1,3,5.90282,1.5,0.313134,50,5.90282,5.90282,200,0.065,4.20762,6.10883,9.83883,-7,iso,8.62,-0.8121,4.74786e-06,True,2.5-5,True,iso,False,False
PanTS_00000806,1,4,train,Arterial,0.976562,0.976562,2.5,2,2.5,1095,2610.68,24.4113,20-40,False,1,True,0,isoattenuating,0.504241,True,body,mask_ring,0.573235,inside,False,True,5.25895,2771,1,2610.68,1,3.16755,2.90648,2.53446,2.28401,1.50152,1.425,1.37232,,,,,,,,,,,,50,3.16755,3.16755,200,0.825,4.14326,5.43323,3.91846,3.7563,3.43097,3.06788,2.40053,2.13015,2.1998,46,,,7,7,7,,,,,,50,3.91846,3.91846,200,0.51,3.95869,5.24095,10.5419,6,iso,20.55,0.2919,0.997985,False,1.5-2.5,True,iso,False,False
PanTS_00000811,1,3,train,Arterial,0.763672,0.763672,1,2,1,11433,6667.67,32.3597,20-40,False,1,True,5,isoattenuating,0.459827,True,head,mask_ring,0.0816635,inside,False,True,1,6663,0.999825,6667.67,0.99985,3.1353,3.1339,2.73012,2.23985,1.39927,1.54445,1.61813,,,,42,16,6,,,,,,50,3.1353,3.1353,200,0.975,3.93262,4.81128,2.4902,2.02033,1.80896,1.7903,1.76199,1.64377,1.6181,,50,,41,17,12,9,,,,,50,2.4902,2.4902,200,0.985,3.77003,5.88343,13.676,5,iso,10.94,0.457,0.997921,False,<=1.5,True,iso,True,False
PanTS_00000814,1,0,train,Venous,0.732422,0.732422,1.2,2,1.2,25095,16154.4,67.9123,>=40,False,2,True,-4,isoattenuating,0,False,body,mask_ring,0.574321,inside,False,True,16.456,16158,0.966009,16154.4,0.964414,6.80305,6.6712,6.25307,5.6632,4.95902,4.70676,4.53444,,33,18,9,7,2,3,,,,,50,6.80305,7.03501,200,0.845,9.8346,14.556,4.55791,4.7876,3.71834,2.86482,2.09175,1.82582,1.54262,32,13,12,10,7,8,,33,4.216,1.5,0.165596,50,4.7876,4.83912,200,0.565,5.2438,16.4402,17.682,-4,iso,11.27,-0.3549,7.22608e-05,True,<=1.5,True,iso,True,False
PanTS_00000814,2,0,train,Venous,0.732422,0.732422,1.2,2,1.2,1075,692.01,13.0493,10-20,False,2,False,-9,isoattenuating,0,False,tail,mask_ring,0.986123,inside,False,True,92.2603,728,1,692.01,1,7.22597,5.71522,4.5862,4.16306,4.52384,4.15476,3.68909,,,,,,,,,,,,50,7.22597,7.22597,200,0.235,5.08115,9.98875,6.6236,7.44554,7.42163,7.13972,5.87337,4.67906,3.79778,6,29,11,,2,1,,6,6.6236,1.5,0.118204,50,7.44554,7.44554,200,0.03,2.88865,5.67138,7.48708,-11,hypo,11.27,-0.9759,4.39105e-06,True,<=1.5,True,hypo,False,True
PanTS_00000836,1,0,train,Non-contrast,0.628906,0.628906,0.8,2,0.8,27034,8554.06,34.4585,20-40,False,1,True,-3,isoattenuating,0.764596,True,head,mask_ring,0.176358,abutting,False,True,5.76024,8572,0.167308,8554.06,0.162622,2.38997,2.2949,2.25679,1.64134,0.793052,0.405273,0.165644,22,21,11,8,4,2,,25,2.38997,1.5,0.0124426,50,2.38997,5.3523,200,1,5.06722,5.84521,13.1256,9.67933,8.85982,8.15729,6.20815,4.61111,4.1202,2,20,14,7,,,,2,13.1256,1.5,0.278629,48,13.1256,16.2667,200,0.62,16.0142,16.0142,14.6871,-3,iso,12.93,-0.232,0.999735,False,<=1.5,False,iso,True,False
PanTS_00000839,1,4,train,Non-contrast,0.703125,0.703125,5,2,5,382,944.275,18.5763,10-20,False,1,True,-29,hypoattenuating,0,False,tail,mask_ring,0.99437,abutting,False,True,116.646,920,0.706806,944.275,0.708696,2.95992,2.61556,2.19572,1.78299,1.59039,1.66338,1.91939,,,,,,,,,,,,50,2.95992,3.43788,200,0.73,3.76808,6.14781,2.73009,2.23525,2.21299,2.3257,2.07875,1.82123,1.92393,,,40,,,,,,,,,50,2.73009,3.08697,200,0.8,3.47811,4.79118,8.08607,-9,iso,36.8,-0.2446,0.000295957,True,2.5-5,False,iso,False,False
PanTS_00000849,1,2,train,Venous,0.871094,0.871094,2.5,2,2.5,405,768.29,17.5088,10-20,False,1,True,15,hyperattenuating,0,False,head,mask_ring,0.415323,inside,False,True,0,727,1,768.29,1,2.39648,1.92823,1.5753,1.21417,1.28422,1.38441,1.26716,,,,26,,,,,,,,50,2.39648,2.39648,200,0.835,3.23708,4.36651,2.33372,2.16034,2.22997,2.21387,2.16082,1.89362,2.14259,,,30,18,7,7,,,,,,50,2.33372,2.33372,200,0.805,2.81966,4.32002,7.68171,30,hyper,13.26,2.262,0.0492221,True,1.5-2.5,True,hyper,False,True
PanTS_00000855,1,1,train,Arterial,0.638672,0.638672,5,2,5,263,536.391,13.3841,10-20,False,2,False,4,isoattenuating,0,False,body,mask_ring,0.606173,inside,False,True,49.7861,505,1,536.391,1,3.75035,3.58592,3.48194,3.14736,2.265,1.47245,1.41973,,,,,,,,,,,,50,3.75035,3.75035,200,0.525,3.83298,5.4582,2.50468,2.17046,2.16508,2.02382,1.41818,0.751996,0.854677,38,24,10,16,,,,43,2.50468,1.5,0.0860116,50,2.50468,2.50468,200,0.695,2.97425,4.4305,7.04039,10,iso,6.299,1.588,0.0268612,True,2.5-5,True,iso,False,False
PanTS_00000855,2,1,train,Arterial,0.638672,0.638672,5,2,5,273,556.786,17.3889,10-20,False,2,True,3,isoattenuating,0,False,head,mask_ring,0.245402,embedded,False,True,15.0678,545,0.421245,556.786,0.40367,1.94765,1.60807,1.76043,2.0096,2.04573,1.54597,0.992865,,,41,,,,,,,,,50,2.04573,4.00017,200,0.875,3.54948,5.45577,1.97025,1.59032,1.58624,1.46017,0.769043,0.800273,0.935043,,,,,,,,,,,,50,1.97025,2.13514,200,0.895,2.95855,4.90737,7.10348,1.5,iso,6.299,0.2381,0.00357964,True,2.5-5,True,iso,True,False
PanTS_00000860,1,4,train,Non-contrast,0.837891,0.837891,2.5,2,2.5,11166,19598,48.02,>=40,False,1,True,-1,isoattenuating,0.810397,True,head,mask_ring,0.171673,inside,False,True,0.837891,19658,0.986208,19598,0.985909,6.68807,5.32702,4.39227,3.37608,2.294,1.96247,1.59376,4,6,2,7,15,6,3,4,5.28318,1.5,0.0817141,50,6.68807,6.68807,200,0.04,4.53145,5.21033,9.18023,8.46614,7.04214,6.33555,5.33732,4.46588,4.12996,1,2,5,5,21,20,8,2,9.18023,1.5,0.0156417,50,9.18023,9.18023,200,0.065,4.47867,9.529,18.7253,-4,iso,21.22,-0.1885,0.996882,False,1.5-2.5,False,iso,True,False
PanTS_00000862,1,3,train,Venous,0.9375,0.9375,2.5,2,2.5,1580,3471.68,21.9419,20-40,False,1,True,28,hyperattenuating,0.427776,True,head,mask_ring,0.2999,inside,False,True,8.71645,3439,1,3471.68,1,4.60325,3.55612,2.26203,1.17255,1.18632,0.806309,0.335302,,,,,22,8,4,,,,,50,4.60325,4.60325,200,0.265,3.5384,11.3668,5.28125,3.92681,3.02621,2.43239,1.72722,2.35122,2.64624,18,,,25,,8,8,20,4.98405,1.5,0.0325996,50,5.28125,5.28125,200,0.2,4.10179,5.90946,11.3933,13,hyper,14.92,0.8714,0.997766,False,1.5-2.5,True,hyper,False,False
PanTS_00000871,1,1,train,Non-contrast,0.839844,0.839844,0.8,2,0.8,15541,8769.33,39.6429,20-40,False,4,True,0,isoattenuating,0.619385,True,head,mask_ring,0.137874,inside,False,False,,8877,0.991957,8769.33,0.991551,6.14906,6.40484,5.56513,4.71118,3.17696,2.18774,2.01316,3,1,1,1,4,,,1,6.40484,2,0.0193394,50,6.40484,6.40484,200,0.015,4.56295,6.20834,6.94096,6.36256,6.79231,6.94653,7.18201,7.72401,7.9672,3,18,33,24,11,7,4,9,4.35917,1.5,0.484757,50,7.9672,10.0297,200,0,4.17775,4.94321,14.7926,4,iso,35.14,0.1138,0.99687,False,<=1.5,False,iso,True,False
PanTS_00000871,2,1,train,Non-contrast,0.839844,0.839844,0.8,2,0.8,835,471.166,18.0351,10-20,False,4,False,3,isoattenuating,0.000337325,True,head,mask_ring,0.23332,embedded,False,False,,450,1,471.166,1,2.20992,2.39144,2.08161,1.58451,0.747997,0.303624,-0.0103694,,,40,21,10,,,,,,,50,2.39144,2.39144,200,0.805,3.43376,4.98169,2.00402,1.85505,1.61496,1.48104,1.6283,1.68136,1.68336,,,,,,,9,,,,,50,2.00402,2.00402,200,0.975,3.49843,4.71399,6.8272,2,iso,35.14,0.05691,0.908456,False,<=1.5,False,iso,True,False
PanTS_00000871,3,1,train,Non-contrast,0.839844,0.839844,0.8,2,0.8,4,2.25708,2.4,<5,True,4,False,21,hyperattenuating,0,False,head,mask_ring,0.204904,embedded,False,False,,0,1,2.25708,,,,,,,,,,,,,,,,,,,,50,,,,,,,,,,,,,,,,,,,,,,,,,50,,,,,,,2.81374,22,hyper,35.14,0.626,0.000498447,True,<=1.5,False,hyper,False,False
PanTS_00000871,4,1,train,Non-contrast,0.839844,0.839844,0.8,2,0.8,264,148.967,12.0787,10-20,False,4,False,6.5,isoattenuating,0,False,head,mask_ring,0.307236,embedded,False,False,,150,1,148.967,1,3.65496,3.68391,3.07837,2.32304,1.31408,1.02127,0.859739,44,35,,15,,,,,,,,50,3.68391,3.68391,200,0.23,2.89974,4.6163,2.50077,2.30921,1.85827,1.60933,1.41542,1.34905,1.3249,,,,,,,,,,,,50,2.50077,2.50077,200,0.76,3.17404,4.34763,5.28852,8,iso,35.14,0.2277,0.0341971,True,<=1.5,False,iso,False,False
PanTS_00000878,1,2,train,Venous,0.84375,0.84375,2.5,2,2.5,3593,6394.77,35.5226,20-40,False,1,True,-2,isoattenuating,0.463248,True,body,mask_ring,0.506863,inside,False,True,0,6312,1,6394.77,1,4.34018,3.57885,2.79358,2.26969,1.86148,2.14083,2.29557,42,32,10,16,6,,,45,3.11643,1.5,0.180381,50,4.34018,4.34018,200,0.725,5.14821,5.93077,4.62045,4.70492,4.07197,3.50957,3.53784,3.25508,3.00612,9,7,6,6,4,2,2,12,4.51147,1.5,0.725521,50,4.70492,4.70492,200,0.28,4.17562,6.37755,13.5145,-4,iso,18.9,-0.2117,0.997399,False,1.5-2.5,True,iso,True,False
PanTS_00000881,1,0,train,Arterial,1,1,1,2,1,4668,4668,27.5136,20-40,False,1,True,-19,hypoattenuating,0.696569,True,body,pc1_boundary,0.660839,separated,True,True,29.0689,4668,0,4668,0,,,,,,,,,,,,,,,,,,,50,,2.68323,,,,,,,,,,,,,,,,,,,,,,,50,,3.69746,,,,,12.3677,-16,hypo,20.55,-0.7784,0.999914,False,<=1.5,True,hypo,False,False
PanTS_00000911,1,4,train,Venous,0.955078,0.955078,1.25,2,1.25,2368,2700.04,36.1761,20-40,False,1,True,-4,isoattenuating,0,False,head,mask_ring,0.124163,inside,False,False,,2776,0.999578,2700.04,0.998559,5.99148,4.97147,3.66848,2.84796,2.09078,1.53655,1.28886,,,42,24,13,5,2,,,,,50,5.99148,6.10328,200,0.685,6.88753,9.37873,2.96741,2.42412,1.87615,1.73872,1.77869,1.514,1.2481,,,47,37,20,,,,,,,50,2.96741,3.26173,200,0.92,4.77201,7.42251,10.6383,-4,iso,5.967,-0.6703,0.0432848,True,<=1.5,True,iso,True,False
PanTS_00000927,1,4,train,Non-contrast,0.820312,0.820312,1,2,1,11301,7604.59,29.7975,20-40,False,1,True,16,hyperattenuating,0.473919,True,body,mask_ring,0.559544,inside,False,True,0.820312,7629,0.997168,7604.59,0.997378,3.77507,2.8526,2.47185,2.11379,1.7798,1.78631,2.17241,7,37,,40,,,,8,3.77507,1.5,0.563066,50,3.77507,3.77507,200,0.325,3.61918,4.10598,3.31381,2.37949,2.38348,2.29622,2.25982,2.44774,2.86922,,38,26,17,8,7,2,41,2.86922,6,0.100149,50,3.31381,3.31381,200,0.41,3.26373,4.41393,14.1991,20,hyper,11.93,1.676,0.996771,False,<=1.5,False,hyper,False,False
PanTS_00000930,1,3,train,Non-contrast,0.861328,0.861328,7.5,2,7.5,1305,7261.21,41.6031,>=40,False,2,True,-30,hypoattenuating,0,False,body,mask_ring,0.644102,abutting,False,True,69.5193,7276,0.284291,7261.21,0.273777,2.91475,2.76782,2.65039,2.57739,2.18566,1.68022,1.34764,,,36,21,12,,3,,,,,50,2.91475,3.79894,200,0.97,5.62208,7.60741,2.24944,1.85013,1.88979,1.60002,1.19525,0.809977,0.47292,,,,,,,,,,,,50,2.24944,4.16852,200,1,4.36713,6.82825,14.0127,-30,hypo,9.946,-3.016,0.0013617,True,>5,False,hypo,False,False
PanTS_00000930,2,3,train,Non-contrast,0.861328,0.861328,7.5,2,7.5,1018,5664.3,45.8076,>=40,False,2,False,-4,isoattenuating,0.260299,True,body,mask_ring,0.529803,inside,False,True,37.8281,5389,0.904715,5664.3,0.907033,2.86989,2.1637,2.12495,2.04083,1.8966,1.71418,1.38031,,,,28,14,8,4,,,,,50,2.86989,4.99911,200,0.965,5.26395,7.32994,2.98433,3.01214,2.7252,2.4598,2.99464,3.63449,3.7986,,,41,26,17,12,,,,,,50,3.7986,3.7986,200,0.79,4.23599,6.0681,13.0582,12.5,hyper,9.946,1.257,0.996293,False,>5,False,hyper,False,False
PanTS_00000932,1,2,train,Non-contrast,5,0.884766,0.884766,0,5,172,673.217,13.7353,10-20,False,2,True,-19,hypoattenuating,0,False,head,mask_ring,,abutting,False,True,15.8456,705,0,673.217,0,2.31542,2.34854,2.14714,1.84829,1.1811,0.568486,0.11774,,,,,,,,,,,,50,2.34854,2.6207,200,0.83,3.52316,5.69908,0.828193,0.715562,0.606923,0.601073,0.715436,0.760784,0.716349,,,,,,,,,,,,50,0.828193,9.2846,200,1,3.25637,5.18296,7.43695,-11.5,hypo,12.6,-0.9129,0.000138193,True,2.5-5,False,hypo,False,False
PanTS_00000932,2,2,train,Non-contrast,5,0.884766,0.884766,0,5,105,410.975,12.0341,10-20,False,2,False,-16,hypoattenuating,0,False,head,mask_ring,,embedded,False,True,20,425,0,410.975,0,3.07249,3.05394,2.7189,2.23041,1.20168,0.21274,0.0771836,,,,,6,,,,,,,50,3.07249,4.7732,200,0.62,3.43401,5.40463,1.32602,0.713998,0.752694,0.825531,1.33963,1.19075,1.65598,,,,,,,,,,,,50,1.65598,9.07273,200,0.985,3.302,5.27323,6.61221,-11.5,hypo,12.6,-0.9129,3.85289e-05,True,2.5-5,False,hypo,False,False
PanTS_00000945,1,3,train,Venous,0.800781,0.800781,2.5,2,2.5,3400,5450.63,27.6907,20-40,False,1,True,14,hyperattenuating,0.37191,True,head,mask_ring,0.182182,inside,False,True,0,5536,1,5450.63,1,3.0833,2.53174,1.80895,1.39554,0.996427,0.509121,-0.0377288,39,,27,17,7,5,5,46,2.82334,1.5,0.094191,50,3.0833,3.0833,200,0.835,3.46188,4.01945,2.98012,2.22122,1.82648,1.91537,1.86299,1.98027,2.15157,26,39,32,22,14,8,9,38,2.98012,1.5,0.145964,50,2.98012,2.98012,200,0.88,3.99336,5.44585,12.9174,9,iso,18.23,0.4936,0.996827,False,1.5-2.5,True,iso,False,False
PanTS_00000966,1,0,train,Venous,0.683594,0.683594,4,2,4,787,1471.06,19.2034,10-20,False,1,True,-16,hypoattenuating,0.336201,True,head,mask_ring,0.0824252,inside,False,True,0.683594,1403,1,1471.06,1,2.70048,2.61013,2.61038,2.50648,2.39918,2.49631,2.44686,,,32,22,,1,1,,,,,50,2.70048,2.70048,200,0.92,3.52715,4.40759,2.13265,1.91795,1.69302,1.31602,1.47983,1.23098,1.08451,,,,,,,,,,,,50,2.13265,2.13265,200,0.885,3.10609,5.14808,9.05528,-13.5,hypo,8.62,-1.566,0.970964,False,2.5-5,True,hypo,False,True
PanTS_00001012,1,0,train,Venous,0.894531,0.894531,2.5,2,2.5,433,866.201,14.8421,10-20,False,1,True,-19,hypoattenuating,0.0738446,True,head,mask_ring,0.0575596,inside,False,True,5,902,1,866.201,1,6.16107,4.47063,3.2384,2.47187,1.47597,0.961993,0.900714,2,2,13,6,,,,2,5.89199,1.5,0.0756096,50,6.16107,6.16107,200,0,3.40648,4.41769,7.57885,5.30065,4.70179,4.50197,3.65652,3.00866,2.72709,,,,,,,,,,,,50,7.57885,7.57885,200,0.045,3.26038,6.07398,7.91348,-23,hypo,11.93,-1.927,0.998531,False,1.5-2.5,True,hypo,False,True
PanTS_00001016,1,0,train,Venous,0.689453,0.689453,2.5,2,2.5,18965,22537.3,47.3444,>=40,False,1,True,-69,hypoattenuating,0.816228,True,body,mask_ring,0.564182,inside,False,True,5,22635,1,22537.3,1,3.2942,2.92395,2.49397,2.34214,1.94722,1.67792,1.47102,,,,44,17,5,2,,,,,50,3.2942,3.2942,200,0.995,4.9706,6.32487,4.51913,3.42836,2.31869,1.99135,1.61121,1.88968,2.10427,12,14,33,44,32,24,,12,4.51913,1.5,0.0115972,50,4.51913,4.51913,200,0.76,5.92925,6.79105,19.5228,-77,hypo,10.94,-7.038,0.999406,False,1.5-2.5,True,hypo,False,False
PanTS_00001021,1,2,train,Non-contrast,0.703125,0.703125,0.8,2,0.8,3980,1574.12,31.0867,20-40,False,1,True,-26,hypoattenuating,0,False,body,pc1_boundary,0.605308,embedded,False,True,23.373,1552,0.573367,1574.12,0.580541,2.87118,2.20202,1.89639,1.55831,1.27913,1.0731,1.19767,,,50,23,6,,,,,,,50,2.87118,2.87118,200,0.85,4.12766,6.28378,2.43429,2.93071,3.18688,3.22911,2.80784,2.28399,1.90461,,,,14,,12,,,,,,50,3.22911,3.22911,200,0.72,3.63876,7.38196,9.21633,-32,hypo,30.5,-1.049,0.000971646,True,<=1.5,False,hypo,False,False
PanTS_00001030,1,4,train,Venous,0.744141,0.744141,2.5,2,2.5,4867,6737.7,35.0353,20-40,False,1,True,-8,isoattenuating,0.678937,True,head,mask_ring,0.0497176,inside,False,True,12.5975,6664,1,6737.7,1,4.72491,4.05903,3.50568,2.92988,1.65101,1.96553,2.2745,,,,30,,,,,,,,50,4.72491,4.72491,200,0.775,5.34086,7.03296,4.07686,3.60338,3.17801,2.84633,2.17333,2.0285,2.23658,48,41,32,25,21,16,11,48,4.07686,1.5,0.142682,50,4.07686,4.07686,200,0.715,4.4843,5.98487,13.7168,-6,iso,8.62,-0.6961,0.996577,False,1.5-2.5,True,iso,False,False
PanTS_00001048,1,4,train,Arterial,0.732,0.732,5,2,5,735,1969.15,19.083,10-20,False,1,True,-11,hypoattenuating,0,False,head,mask_ring,0.210889,abutting,False,True,47.595,1995,0.104762,1969.15,0.103258,1.62172,1.08095,1.04049,1.27815,1.0726,0.783929,0.864858,,,,,,,,,,,,50,1.62172,4.39655,200,1,3.79439,4.61869,2.21785,1.59774,1.33246,1.21301,1.35525,1.21488,1.18963,,,,43,,12,,,,,,50,2.21785,2.8521,200,0.965,3.44469,5.15031,9.77554,-12,hypo,9.283,-1.293,0.000139277,True,2.5-5,True,hypo,False,True
PanTS_00001053,1,2,train,Venous,0.703125,0.703125,5,2,5,914,2259.34,18.1669,10-20,False,1,True,-4,isoattenuating,0,False,tail,mask_ring,0.806961,inside,False,True,61.8488,2265,1,2259.34,1,4.61265,4.35429,3.92988,3.35633,2.9471,2.60731,2.3197,,,46,31,,,,,,,,50,4.61265,4.61265,200,0.75,5.46841,7.85017,3.94912,4.36583,3.78338,3.25419,2.50603,2.37846,2.14054,,29,19,8,8,5,,,,,,50,4.36583,4.36583,200,0.315,3.72645,6.6537,10.1401,-3,iso,13.26,-0.2262,0.000611834,True,2.5-5,True,iso,True,False
PanTS_00001055,1,0,train,Non-contrast,0.9375,0.9375,2.5,2,2.5,6734,14796.4,35.981,20-40,False,1,True,3,isoattenuating,0.841282,True,head,mask_ring,0.0774494,inside,False,True,2.67,14756,1,14796.4,1,4.6707,3.17972,2.3355,1.93974,1.77259,1.30502,0.852545,23,,,36,11,3,1,25,3.24798,1.5,0.209177,50,4.6707,4.6707,200,0,3.50385,4.00673,6.43334,6.0018,5.07136,4.46218,3.89036,3.4786,3.06514,3,2,1,1,2,8,3,3,6.43334,1.5,0.0114975,50,6.43334,6.43334,200,0.07,3.84635,7.24579,17.2296,-1,iso,16.41,-0.06094,0.99991,False,1.5-2.5,False,iso,True,False
PanTS_00001070,1,2,train,Venous,0.666016,0.666016,1.25,2,1.25,8515,4721.33,25.8916,20-40,False,1,True,-62,hypoattenuating,0.928959,True,head,mask_ring,0.153728,inside,False,True,2.5,4699,1,4721.33,1,3.19068,3.13093,3.0493,2.92114,2.98243,3.67822,3.77356,,48,25,17,1,1,1,,,,,50,3.77356,3.77356,200,0.85,5.42944,6.47044,2.45339,2.34048,2.26391,2.16068,1.45387,1.00076,1.19696,,,46,,,,,,,,,50,2.45339,2.45339,200,0.97,3.53801,4.80077,12.407,-67,hypo,10.61,-6.316,0.999778,False,<=1.5,True,hypo,False,False
PanTS_00001077,1,3,train,Venous,0.917969,0.917969,2.5,2,2.5,3609,7602.96,39.0911,20-40,False,1,True,18,hyperattenuating,0,False,head,mask_ring,0.300287,inside,False,True,0,7605,1,7602.96,1,3.69826,3.58541,3.06469,2.48212,2.18601,1.82002,1.50747,29,11,19,27,33,11,,31,3.69826,1.5,0.00756115,50,3.69826,3.69826,200,0.625,3.74108,4.89568,3.0383,2.50269,2.38945,2.40946,2.2742,1.98075,1.72319,,50,35,27,8,6,7,,,,,50,3.0383,3.0383,200,0.765,3.80471,4.92487,14.1983,18,hyper,16.91,1.065,4.94716e-05,True,1.5-2.5,True,hyper,False,False
PanTS_00001079,1,3,train,Arterial,0.931641,0.931641,2.5,2,2.5,434,941.73,13.4946,10-20,False,1,True,17,hyperattenuating,0,False,head,mask_ring,0.16979,inside,False,True,0.931641,895,1,941.73,1,1.80154,1.52772,1.2271,0.932308,0.444936,0.336437,0.382065,,,,49,,,,,,,,50,1.80154,1.80154,200,0.92,2.39701,3.36779,2.45048,2.17029,2.00718,1.74344,1.33269,1.47167,1.65319,,,26,49,24,10,,,,,,50,2.45048,2.45048,200,0.71,2.60958,3.63106,8.08059,17,hyper,12.6,1.349,6.25371e-05,True,1.5-2.5,True,hyper,False,True
PanTS_00001081,1,2,train,Non-contrast,0.658203,0.658203,1.25,2,1.25,15437,8359.74,34.9027,20-40,False,1,True,-13,hypoattenuating,0.730548,True,head,mask_ring,0.0896748,abutting,False,True,1.4127,8396,0.651033,8359.74,0.649119,4.01577,4.24721,3.81146,3.38892,2.65382,2.20361,2.30744,,42,35,13,,,,,,,,50,4.24721,4.24721,200,0.95,5.2672,6.97653,3.48468,3.83168,3.50021,2.89773,1.5424,1.77752,1.97287,27,22,24,24,17,,,32,2.97045,1.5,0.220305,50,3.83168,4.34742,200,0.795,4.51909,9.30398,14.5903,-13,hypo,10.28,-1.265,0.999141,False,<=1.5,False,hypo,False,False
PanTS_00001082,1,2,train,Arterial,0.756,0.756,0.8,2,0.8,15801,7224.67,43.1384,>=40,False,1,True,3,isoattenuating,0.40217,True,head,mask_ring,0.113132,embedded,False,True,4.53074,7185,0.495855,7224.67,0.493667,4.17651,3.22794,2.89645,2.63568,1.98647,1.24841,1.11442,,,,,13,,,,,,,50,4.17651,4.17651,200,0.24,3.58154,4.76584,4.82395,3.52838,2.49872,2.23846,1.91617,1.31335,1.06782,9,18,,43,28,21,13,9,4.18436,1.5,0.0391771,50,4.82395,5.38782,200,0.205,3.76673,5.19819,13.9925,3,iso,9.283,0.3232,0.998862,False,<=1.5,True,iso,True,False
PanTS_00001085,1,1,train,Venous,0.976562,0.976562,2.5,2,2.5,1920,4577.63,25.0282,20-40,False,1,True,-32,hypoattenuating,0.452723,True,head,mask_ring,0.152378,inside,False,True,3.31939,4334,1,4577.63,1,4.12596,2.58275,2.17848,2.1411,2.16425,2.25824,1.99424,16,23,19,10,4,1,1,18,3.57341,1.5,0.000519819,50,4.12596,4.12596,200,0.14,2.97664,9.04325,9.04337,6.45319,4.89678,3.3964,1.72813,1.79066,1.63613,,,,,32,,,,,,,50,9.04337,9.04337,200,0.035,3.40188,9.03919,12.3003,-48,hypo,9.946,-4.826,0.997498,False,1.5-2.5,True,hypo,False,False
PanTS_00001086,1,2,train,Venous,0.851562,0.851562,2.5,2,2.5,1813,3286.78,21.3821,20-40,False,1,True,24,hyperattenuating,0,False,head,mask_ring,0.168718,inside,False,True,0,3283,1,3286.78,1,3.21619,2.78248,2.61506,2.34986,1.90135,1.36801,1.31797,5,,29,21,11,,,8,3.21619,1.5,0.234516,50,3.21619,3.21619,200,0.31,3.11691,3.66121,3.01076,2.61649,2.60004,2.32942,2.85029,2.79642,2.46339,16,20,14,12,7,6,5,22,3.01076,1.5,0.356195,50,3.01076,3.01076,200,0.71,3.57766,4.91893,11.2235,9,iso,14.26,0.6313,0.460668,True,1.5-2.5,True,iso,False,False
PanTS_00001091,1,4,train,Arterial,0.798828,0.798828,1.5,2,1.5,3348,3204.67,28.6689,20-40,False,1,True,17,hyperattenuating,0.00512237,True,head,mask_ring,0.193383,inside,False,True,1.59766,3165,0.997909,3204.67,0.998736,3.77682,2.21973,2.15963,2.08601,1.80544,1.65613,1.60157,5,,,,,,,5,3.77682,1.5,0.027451,50,3.77682,3.77682,200,0.05,2.95933,3.66966,6.03994,5.92029,5.20752,4.49812,3.47675,2.86976,2.42232,16,8,6,4,2,3,,16,6.03994,1.5,0.0144819,50,6.03994,6.03994,200,0.305,3.90757,7.25917,11.146,15,hyper,15.58,0.9627,0.664812,False,<=1.5,True,hyper,False,False
PanTS_00001111,1,1,train,Non-contrast,0.78125,0.78125,0.8,2,0.8,1367,667.48,13.1394,10-20,False,1,True,-14,hypoattenuating,0,False,head,mask_ring,0.172522,inside,False,False,,708,1,667.48,1,1.91807,1.73276,1.93089,1.9227,1.38931,0.96028,0.707715,,,,33,,,,,,,,50,1.93089,1.93089,200,0.97,3.12963,4.16631,2.51201,2.42654,2.48613,2.3585,1.99033,1.9154,1.87522,,,,,,,,,,,,50,2.51201,2.51201,200,0.745,2.85106,4.46113,7.42146,-18,hypo,21.88,-0.8227,0.00262144,True,<=1.5,False,hypo,False,False
PanTS_00001121,1,0,train,Arterial,0.78125,0.78125,0.8,2,0.8,5404,2638.67,23.2773,20-40,False,1,True,8,isoattenuating,0,False,head,mask_ring,0.154464,inside,False,True,18.7245,2654,1,2638.67,1,2.10371,2.11914,1.95862,1.72672,1.17669,1.00596,0.894078,,,,,,6,,,,,,50,2.11914,2.11914,200,0.975,2.79515,3.29147,2.57459,2.01844,1.81223,1.75838,1.56782,1.58892,1.65726,,,,47,26,17,10,,,,,50,2.57459,2.57459,200,0.97,3.43601,4.14539,10.5723,12,hyper,54.04,0.2221,0.0106114,True,<=1.5,True,hyper,False,False
PanTS_00001145,1,2,train,Venous,0.625,0.625,5,2,5,1192,2328.12,21.4786,20-40,False,1,True,-26,hypoattenuating,0.584189,True,head,mask_ring,0.269219,inside,False,True,10,2320,1,2328.12,1,3.46787,3.21487,3.06521,2.80465,2.47228,2.26337,1.72654,43,26,13,12,3,2,1,45,3.46591,1.5,0.628366,50,3.46787,3.46787,200,0.645,4.29852,6.88282,3.56589,2.935,2.15043,1.77564,1.4913,1.71128,1.71712,,45,37,32,21,,,,,,,50,3.56589,3.56589,200,0.595,3.99023,5.81945,10.2219,-41,hypo,9.283,-4.417,0.999912,False,2.5-5,True,hypo,False,False
PanTS_00001154,1,4,train,Arterial,0.773438,0.773438,2.5,2,2.5,3318,4962.12,29.4409,20-40,False,1,True,13,hyperattenuating,0.27684,True,head,mask_ring,0.0460891,inside,False,True,0.773438,4980,0.896323,4962.12,0.893976,2.79642,2.85397,2.82099,2.4005,1.65046,1.42802,1.30178,,,,,42,16,,,,,,50,2.85397,2.85397,200,0.75,3.3087,4.28995,4.20214,4.45149,4.28842,3.94148,3.25907,2.77175,2.21612,,,,,,,12,,,,,50,4.45149,4.45149,200,0.265,3.77387,5.74936,12.581,14,hyper,18.23,0.7678,0.996213,False,1.5-2.5,True,hyper,False,False
PanTS_00001168,1,4,train,Venous,0.808594,0.808594,2.5,2,2.5,808,1320.72,17.8264,10-20,False,1,True,-10,isoattenuating,0,False,tail,mask_ring,0.770714,inside,False,True,68.1374,1337,1,1320.72,1,2.09058,1.61103,1.4165,1.1929,0.803277,0.979564,1.26305,,,,,,,,,,,,50,2.09058,2.09058,200,0.955,3.70481,5.51347,2.37452,2.34105,2.09493,1.7981,1.61853,1.58281,1.62035,,30,23,23,12,7,,,,,,50,2.37452,2.37452,200,0.81,3.22067,5.97259,8.80625,-5,iso,11.93,-0.4189,0.0181247,True,1.5-2.5,True,iso,True,False
PanTS_00001182,1,0,train,Venous,0.976562,0.976562,1.25,2,1.25,76733,91472.8,72.6042,>=40,False,1,True,-58,hypoattenuating,0.823831,True,tail,mask_ring,1.21179,abutting,False,True,29.701,86736,0.0084579,91472.8,0.00895822,3.63031,3.5123,3.34075,2.97794,2.39473,1.86052,1.48633,,,28,14,,,,,,,,50,3.63031,4.65052,200,1,5.58786,6.03959,4.68136,3.52296,2.81094,2.20747,1.73664,1.8717,1.87813,,,,,,,,,,,,50,4.68136,5.43763,200,0.94,4.83999,5.74607,29.9512,-59,hypo,18.57,-3.178,0.99593,False,<=1.5,True,hypo,False,False
PanTS_00001183,1,4,train,Venous,0.675781,0.675781,5,2,5,64032,146211,83.151,>=40,False,1,True,14,hyperattenuating,0.132744,True,tail,mask_ring,0.795402,abutting,False,True,14.4934,146125,0.348841,146211,0.348489,7.96969,8.09504,8.46821,8.37019,7.34845,5.67127,4.9958,4,6,6,8,11,8,3,4,6.84374,1.5,0.0172766,50,8.46821,10.2902,200,0.06,7.31627,9.06365,5.46549,5.45881,5.50118,5.69981,4.72121,3.48119,2.80254,3,2,1,1,1,1,1,3,5.46549,1.5,0.0571229,50,5.69981,7.97953,200,0.66,6.38461,6.38461,34.6811,16,hyper,10.61,1.508,0.994445,False,2.5-5,True,hyper,False,False
PanTS_00001186,1,2,train,Venous,0.841797,0.841797,5,2,5,7367,26102.1,41.7541,>=40,False,1,True,-95,hypoattenuating,0.925488,True,head,mask_ring,0.135942,inside,False,True,6.53571,26020,1,26102.1,1,3.20489,1.87603,1.74941,1.75233,1.74778,1.81476,1.85141,,,38,17,7,3,2,,,,,50,3.20489,3.20489,200,1,5.25325,6.21432,6.45341,4.249,2.99128,2.65013,2.29392,2.13985,2.25948,1,2,12,15,20,23,16,1,6.45341,1.5,0.0983333,50,6.45341,6.45341,200,0,4.27819,5.29991,20.4019,-103,hypo,9.614,-10.71,0.999051,False,2.5-5,True,hypo,False,False
PanTS_00001193,1,2,train,Arterial,0.625,0.625,5,2,5,3637,7103.52,31.2812,20-40,False,2,True,9,isoattenuating,0.279158,True,tail,mask_ring,0.614645,abutting,False,True,36.7051,7095,0.180368,7103.52,0.180409,1.99994,1.6512,1.63179,1.53409,1.42193,1.44865,1.55473,,,,,,,,,,,,50,1.99994,3.57527,200,1,3.57943,4.32472,3.38167,3.14366,3.12336,3.06573,2.79635,2.49755,2.22261,22,14,14,13,,,,25,2.7749,1.5,0.306717,50,3.38167,3.38167,200,0.56,3.66899,7.405,13.9251,12,hyper,6.962,1.724,0.904482,False,2.5-5,True,hyper,False,False
PanTS_00001193,2,2,train,Arterial,0.625,0.625,5,2,5,3044,5945.31,39.8875,20-40,False,2,False,9,isoattenuating,0.420571,True,head,mask_ring,0.279495,inside,False,True,0.625,5910,0.940867,5945.31,0.941963,4.11779,3.71449,3.36743,2.9551,2.81315,2.66287,2.54525,2,2,35,23,,4,,2,4.11779,1.5,0.559174,50,4.11779,4.11779,200,0.06,3.5866,4.26858,4.46928,3.10635,2.56553,2.57014,2.62208,2.4252,2.64153,4,3,6,6,7,3,6,4,4.46928,1.5,0.0978201,50,4.46928,4.46928,200,0.275,3.63397,7.405,13.2382,16.5,hyper,6.962,2.37,0.999784,False,2.5-5,True,hyper,False,False
PanTS_00001197,1,2,train,Non-contrast,0.976562,0.976562,0.8,2,0.8,1339,1021.58,24.9379,20-40,False,1,True,-2,isoattenuating,0.484224,True,head,mask_ring,0.254759,embedded,False,True,14.5432,964,0.787901,1021.58,0.802905,2.91023,2.66971,2.24733,2.16323,1.64539,1.09673,0.63672,,,,27,3,1,,,,,,50,2.91023,2.91023,200,0.595,3.03036,4.30071,2.66321,2.38177,1.97777,1.57929,1.13904,0.981661,0.926941,,,,,,,,,,,,50,2.66321,2.66321,200,0.92,3.35256,4.1386,8.2478,-9,iso,43.76,-0.2057,0.97857,False,<=1.5,False,iso,False,False
PanTS_00001215,1,4,train,Venous,0.853516,0.853516,1.5,2,1.5,464,507.029,13.1214,10-20,False,1,True,-1,isoattenuating,0,False,head,mask_ring,0.257801,inside,False,True,30.6411,513,1,507.029,1,2.07049,1.65235,1.40938,1.09234,0.972726,0.750603,0.558945,,,,,,,,,,,,50,2.07049,2.07049,200,0.845,2.69297,4.17313,2.70091,2.52658,2.40043,2.25713,2.19837,2.02795,1.80345,,47,29,23,9,10,9,,,,,50,2.70091,2.70091,200,0.54,2.76205,3.8103,6.94669,-6.5,iso,20.89,-0.3112,2.14449e-05,True,<=1.5,True,iso,False,False
PanTS_00001254,1,4,train,Arterial,0.966797,0.966797,1.5,2,1.5,1672,2344.22,27.0465,20-40,False,1,True,7.5,isoattenuating,0.413478,True,head,mask_ring,0.205554,inside,False,False,,2412,1,2344.22,1,1.96528,1.65296,1.55577,1.42169,1.09553,0.799997,0.708681,,,,,,,,,,,,50,1.96528,1.96528,200,1,3.19289,4.29739,2.82805,3.00041,2.60984,2.24736,2.1824,2.00886,1.72525,48,16,12,16,11,,,,,,,50,3.00041,3.00041,200,0.55,3.10137,4.3909,10.2408,8,iso,17.57,0.4553,0.997668,False,<=1.5,True,iso,False,False
PanTS_00001258,1,2,train,Non-contrast,0.535156,0.535156,5,2,5,1259,1802.84,22.2372,20-40,False,1,True,-10,isoattenuating,0,False,head,mask_ring,0.306036,embedded,False,False,,1770,0.456712,1802.84,0.456497,3.82455,3.08361,2.45207,1.91272,1.31638,0.989687,0.845763,,,44,25,,,,,,,,50,3.82455,3.82455,200,0.825,5.28598,7.46612,2.63611,2.07275,1.77752,1.94696,2.11521,2.22718,2.3436,,,,48,17,,,,,,,50,2.63611,2.63611,200,0.95,4.5555,5.8428,9.55016,-8,iso,3.315,-2.413,0.0126249,True,2.5-5,False,iso,False,False
PanTS_00001261,1,0,train,Non-contrast,0.769531,0.769531,4,2,4,115,272.402,9.17246,5-10,False,1,True,-2,isoattenuating,0,False,body,mask_ring,0.542067,inside,False,True,9.73389,273,1,272.402,1,1.68173,0.813279,0.70076,0.790889,0.813079,0.615411,0.387265,,,,,,,,,,,,50,1.68173,1.68173,200,0.835,2.7185,4.22112,2.45154,2.03273,1.66418,1.64563,2.06827,2.18022,2.08032,,,,,,,,,,,,50,2.45154,2.45154,200,0.675,2.74726,4.56691,6.02137,-10.5,hypo,16.58,-0.6334,8.41511e-05,True,2.5-5,False,hypo,False,False
PanTS_00001268,1,1,train,Venous,0.892,0.892,0.8,2,0.8,10094,6425.15,29.2424,20-40,False,1,True,4,isoattenuating,0.800341,True,head,mask_ring,0.0973135,inside,False,True,0.8,6519,0.966317,6425.15,0.961497,3.4709,3.06701,3.33079,3.19218,2.61108,2.2033,1.80878,14,7,14,11,6,2,2,13,3.03362,1.5,0.0191753,50,3.4709,3.4709,200,0.395,3.34546,4.74066,5.92895,5.62007,5.19304,4.83616,4.33696,4.18906,3.79822,3,3,25,15,11,7,5,4,5.92895,1.5,0.0575917,50,5.92895,5.92895,200,0.385,5.22083,10.0434,13.5327,-5,iso,12.6,-0.3969,0.993385,False,<=1.5,True,iso,True,False
PanTS_00001275,1,0,train,Non-contrast,0.783203,0.783203,1,2,1,4689,2876.27,22.6601,20-40,False,2,True,3,isoattenuating,0,False,head,mask_ring,0.163146,inside,False,True,5.57288,2868,1,2876.27,1,2.20576,1.94799,1.86954,1.81014,1.41262,1.52187,1.45715,,,,44,,,,,,,,50,2.20576,2.20576,200,0.925,3.06838,3.75386,2.47944,2.20407,1.99778,1.8068,1.78065,1.68244,1.64592,,29,44,22,16,12,11,,,,,50,2.47944,2.47944,200,0.88,3.04995,3.88738,10.8223,7,iso,16.58,0.4223,0.624437,True,<=1.5,False,iso,False,False
PanTS_00001275,2,0,train,Non-contrast,0.783203,0.783203,1,2,1,471,288.915,12.167,10-20,False,2,False,-18,hypoattenuating,0,False,tail,mask_ring,0.848056,inside,False,True,106.549,285,1,288.915,1,1.009,0.678771,0.433421,0.173984,0.239464,0.529842,0.708558,,,,,,,,,,,,50,1.009,1.009,200,0.995,2.37126,3.7343,2.39736,2.17335,1.9347,1.90444,2.17456,2.59618,2.36128,,33,29,25,11,,,,,,,50,2.59618,2.59618,200,0.395,2.48622,3.5961,6.10104,-18,hypo,16.58,-1.086,0.000123395,True,<=1.5,False,hypo,False,False
PanTS_00001277,1,1,train,Arterial,0.78125,0.78125,1,2,1,3366,2054.44,20.4547,20-40,False,1,True,-8,isoattenuating,0,False,head,mask_ring,0.0737726,inside,False,True,1.4902,2064,1,2054.44,1,2.94397,2.49914,2.16361,2.07204,2.3014,2.14709,1.95048,18,21,21,13,8,,,26,2.94397,1.5,0.146933,50,2.94397,2.94397,200,0.73,3.22323,4.15754,2.18731,2.22251,2.46185,2.51992,2.79933,3.35334,4.19304,,,43,27,12,,4,,,,,50,4.19304,4.19304,200,0.385,3.92551,6.85619,9.88621,-11.5,hypo,13.26,-0.8672,0.0116422,True,<=1.5,True,hypo,False,False
PanTS_00001297,1,1,train,Venous,0.878906,0.878906,2.5,2,2.5,3287,6347.82,29.9895,20-40,False,1,True,3,isoattenuating,0.397227,True,head,mask_ring,0.145829,inside,False,True,2.5,6232,1,6347.82,1,3.35125,2.68285,2.90907,2.88007,2.13307,1.52826,1.41471,,,,,20,11,6,,,,,50,3.35125,3.35125,200,0.56,3.46496,4.90552,2.51799,2.01461,1.81354,1.84738,1.9787,2.25462,2.26616,,,37,25,16,,,,,,,50,2.51799,2.51799,200,0.99,4.34926,4.95827,13.4863,-5,iso,17.9,-0.2793,0.997561,False,1.5-2.5,True,iso,True,False
PanTS_00001321,1,4,train,Arterial,1.5,1.5,1.5,2,1.5,1974,6662.25,35.05,20-40,False,1,True,3,isoattenuating,0,False,head,mask_ring,0.478803,inside,False,False,,6687,0.906788,6662.25,0.911171,4.32619,3.6679,2.84255,2.32383,1.40904,1.24298,1.01901,28,19,20,9,,,,32,3.0054,1.5,0.170667,50,4.32619,4.54126,200,0.69,4.82236,7.25412,6.22777,5.37556,4.89284,4.29741,3.41181,2.97387,2.72527,11,29,25,13,8,5,4,13,3.65885,1.5,0.188832,50,6.22777,10.368,200,0.425,5.06136,16.0004,13.6729,6,iso,15.25,0.3934,0.000821534,True,<=1.5,True,iso,False,False
PanTS_00001326,1,0,train,Arterial,0.742188,0.742188,0.625,2,0.625,17685,6088.54,28.9659,20-40,False,1,True,-93,hypoattenuating,0,False,body,mask_ring,0.160062,inside,False,True,17.9947,6186,0.995985,6088.54,0.99515,3.31993,3.29825,3.00476,2.64102,1.91962,1.51322,1.45828,,50,29,18,1,1,1,,,,,50,3.31993,3.31993,200,0.615,3.66434,4.40416,4.87351,4.44811,3.61198,2.76675,1.95503,1.81814,1.54812,15,13,13,29,17,,,16,3.07615,1.5,0.279503,50,4.87351,4.87351,200,0.36,3.76525,8.03902,13.3277,-91,hypo,10.61,-8.578,0.020469,True,<=1.5,True,hypo,False,False
PanTS_00001327,1,4,train,Non-contrast,0.59375,0.59375,0.8,2,0.8,5614,1583.32,27.4401,20-40,False,2,True,-7,isoattenuating,0,False,head,mask_ring,0.115907,embedded,False,False,,1560,0.50285,1583.32,0.526923,2.0277,1.81813,2.05815,1.79378,0.744337,0.496968,0.178312,,,,,23,,,,,,,50,2.05815,2.79113,200,0.975,5.66777,11.2344,2.11566,1.82864,1.94598,1.90937,1.68425,2.62776,3.04498,,,,,,,,,,,,50,3.04498,3.04498,200,0.765,4.12451,14.3205,9.23037,-6,iso,15.25,-0.3934,0.123207,True,<=1.5,False,iso,False,False
PanTS_00001327,2,4,train,Non-contrast,0.59375,0.59375,0.8,2,0.8,342,96.4547,13.2875,10-20,False,2,False,-28,hypoattenuating,0,False,head,pc1_boundary,0.337668,abutting,False,False,,81,0.763158,96.4547,0.716049,3.42486,3.83304,3.76391,3.3804,2.20467,1.69811,1.41447,,,26,20,,,,,,,,50,3.83304,3.83304,200,0.475,3.65927,8.82027,1.94319,2.55503,2.26077,1.68199,0.53051,-0.25598,-0.299734,,,,,,,,,,,,50,2.55503,2.55503,200,0.605,2.80638,6.61323,4.84497,-37,hypo,15.25,-2.426,0.000235972,True,<=1.5,False,hypo,False,False
PanTS_00001331,1,4,train,Venous,0.828125,0.828125,2.5,2,2.5,3344,5733.21,26.5552,20-40,False,1,True,-47,hypoattenuating,0.652023,True,head,mask_ring,0.184638,inside,False,True,0,5622,1,5733.21,1,6.92767,4.35552,3.11912,2.53869,1.71078,1.70215,1.59949,3,1,4,3,2,2,1,3,6.92767,1.5,0.0918507,50,6.92767,6.92767,200,0.09,3.8155,7.89873,5.65,4.05036,2.92036,2.27433,2.03272,1.62432,1.37516,,,29,19,18,9,,,,,,50,5.65,5.65,200,0.265,3.71062,6.84474,13.1029,-63,hypo,15.58,-4.043,0.997384,False,1.5-2.5,True,hypo,False,False
PanTS_00001347,1,4,train,Venous,0.820312,0.820312,2.5,2,2.5,2733,4597.67,38.6257,20-40,False,1,True,0,isoattenuating,0.51574,True,head,mask_ring,0.237944,inside,False,True,2.59405,4473,1,4597.67,1,2.99452,2.02053,1.58444,1.56647,1.86967,1.80251,2.12745,32,,,34,12,8,4,37,2.99452,1.5,0.186111,50,2.99452,2.99452,200,0.725,3.23645,4.0411,4.17451,5.12201,5.26164,4.85785,3.73856,2.91456,2.54058,3,,,,,,,,,,,50,5.26164,5.26164,200,0.055,3.66632,5.33873,12.3153,-5,iso,16.91,-0.2957,0.998595,False,1.5-2.5,True,iso,True,False
PanTS_00001351,1,2,train,Arterial,0.585938,0.585938,0.807299,2,0.807299,10725,2972.59,28.7827,20-40,False,1,True,-14,hypoattenuating,0,False,head,mask_ring,-0.0134038,abutting,False,True,41.3226,2848,0.670023,2972.59,0.676966,4.63138,3.25544,2.43265,1.96646,1.30599,0.90905,0.915753,,,41,,,,,,,,,50,4.63138,4.63138,200,0.815,5.39981,6.43918,3.87011,3.62198,3.10523,2.80955,2.67216,2.48299,2.05408,21,17,19,17,13,,,24,3.87011,1.5,0.354546,50,3.87011,4.26682,200,0.77,4.3536,5.18976,10.9197,-17,hypo,9.946,-1.709,0.00025614,True,<=1.5,True,hypo,False,False
PanTS_00001352,1,1,train,Non-contrast,0.78125,0.78125,0.8,2,0.8,23658,11551.8,53.7395,>=40,False,2,True,-5,isoattenuating,0,False,head,mask_ring,0.238962,inside,False,True,14.7623,11541,0.973751,11551.8,0.972446,5.99114,5.88831,3.62927,2.84438,2.21342,1.43625,1.21143,1,8,50,4,7,3,,1,5.99114,1.5,0.411485,50,5.99114,6.40654,200,0,2.98706,4.79512,7.70915,7.49826,6.81919,5.84558,4.62272,4.09167,3.55125,3,3,3,3,5,14,16,3,7.70915,1.5,0.176545,50,7.70915,8.37545,200,0.16,4.29868,8.57636,16.0234,-4,iso,25.86,-0.1547,0.00053998,True,<=1.5,False,iso,True,False
PanTS_00001352,2,1,train,Non-contrast,0.78125,0.78125,0.8,2,0.8,140,68.3594,8.71296,5-10,False,2,False,-30,hypoattenuating,0,False,head,mask_ring,0.150042,embedded,False,True,33.1752,66,1,68.3594,1,1.91781,1.28488,0.945352,0.514826,0.0329494,0.144376,0.219666,,,,,,,,,,,,50,1.91781,1.91781,200,0.585,2.0447,3.12956,2.32882,1.94959,1.61385,1.46823,1.24948,1.18331,1.14767,,,,,,,,,,,,50,2.32882,2.32882,200,0.8,2.78494,4.25069,4.53651,-20.5,hypo,25.86,-0.7928,0.000162193,True,<=1.5,False,hypo,False,False
PanTS_00001359,1,2,train,Non-contrast,0.976562,0.976562,5,2,5,535,2551.08,24.4921,20-40,False,1,True,8,isoattenuating,0.371728,True,head,mask_ring,0.179269,inside,False,False,,2565,1,2551.08,1,2.55253,2.53937,2.15918,1.62794,1.02915,0.620433,0.46329,,,,38,,,,,,,,50,2.55253,2.55253,200,0.895,3.1623,4.25244,2.6228,2.0274,1.8934,1.90388,1.83527,1.80396,1.72855,,,,43,23,,,,,,,50,2.6228,2.6228,200,0.845,3.15484,4.58395,10.4764,20.5,hyper,17.24,1.189,0.98838,False,2.5-5,False,hyper,False,False
PanTS_00001361,1,2,train,Non-contrast,0.78125,0.78125,0.8,2,0.8,6749,3295.41,24.9969,20-40,False,1,True,0,isoattenuating,0,False,tail,mask_ring,0.85738,inside,False,False,,3279,1,3295.41,1,2.58448,2.49535,2.31228,2.12814,1.92519,1.97669,1.76272,48,,48,25,9,,,,,,,50,2.58448,2.58448,200,0.85,3.31357,4.7288,2.80165,2.77644,2.91414,2.79177,2.20384,1.99102,2.07517,,28,12,10,14,11,4,48,2.91414,2.5,0.367417,50,2.91414,2.91414,200,0.93,3.72173,4.61257,11.2315,3,iso,32.49,0.09234,0.00171404,True,<=1.5,False,iso,True,False
PanTS_00001387,1,2,train,Venous,0.804688,0.804688,5,2,5,1507,4879.08,26.1552,20-40,False,1,True,-31,hypoattenuating,0.0415854,True,head,mask_ring,0.266335,inside,False,True,7.13449,4790,1,4879.08,1,2.74371,2.70809,2.60453,2.67932,2.48019,1.86069,2.0606,,,,43,15,,,,,,,50,2.74371,2.74371,200,0.725,3.27457,6.17322,3.6399,2.98772,2.36966,1.92212,1.5192,1.24277,1.3222,8,13,23,27,21,17,13,8,3.6399,1.5,0.0809042,50,3.6399,3.71444,200,0.19,3.09168,4.41261,12.5216,-24,hypo,10.61,-2.262,0.627267,False,2.5-5,True,hypo,False,False
PanTS_00001423,1,2,train,Non-contrast,1,1,1,2,1,1251,1251,25.02,20-40,False,1,True,-20,hypoattenuating,0.465066,True,head,mask_ring,0.118004,embedded,False,True,7.07107,1251,0.649081,1251,0.649081,1.59097,1.53827,1.51263,1.35369,0.731397,0.0584782,-0.11516,,,,,,,,,,,,50,1.59097,2.39778,200,0.995,3.01767,4.00579,1.90128,1.77969,1.69481,1.54828,1.45081,1.72411,1.85995,,,,48,,,,,,,,50,1.90128,2.37879,200,0.915,3.08647,4.11684,8.6843,-20,hypo,8.288,-2.413,0.995842,False,<=1.5,False,hypo,False,False
PanTS_00001436,1,1,train,Arterial,0.742188,0.742188,1.25,2,1.25,18804,12947.6,44.6418,>=40,False,2,True,-26,hypoattenuating,0.620371,True,head,mask_ring,0.304452,abutting,False,True,14.7175,13071,0.583706,12947.6,0.578533,4.75007,4.3348,3.8719,3.61654,3.03134,3.03762,2.77725,29,30,35,22,6,3,3,30,4.75007,1.5,0.0598377,50,4.75007,4.75007,200,0.94,6.22993,8.01789,10.2922,7.59224,5.56634,4.94283,3.69932,2.99725,2.58986,9,14,14,13,28,8,,11,10.2922,1.5,0.0372613,50,10.2922,13.9437,200,0.64,11.835,13.606,16.5669,-28,hypo,14.59,-1.92,0.99661,False,<=1.5,True,hypo,False,False
PanTS_00001436,2,1,train,Arterial,0.742188,0.742188,1.25,2,1.25,4554,3135.67,27.4107,20-40,False,2,False,-42,hypoattenuating,0,False,head,pc1_boundary,0.133626,abutting,False,True,19.3889,3112,0.0285463,3135.67,0.0257069,4.00682,4.27182,3.86937,3.52096,2.96595,2.72973,2.872,,,,,,,,,,,,50,4.27182,6.99425,200,0.74,5.15773,7.21148,2.97248,2.6703,2.16133,1.68457,1.22756,0.485047,-0.0774015,,,,,,,,,,,,50,2.97248,3.27457,200,0.94,9.06423,12.7626,11.0799,-45,hypo,14.59,-3.085,6.35219e-05,True,<=1.5,True,hypo,False,False
PanTS_00001438,1,1,train,Non-contrast,0.976562,0.976562,2.5,2,2.5,413,984.668,16.1903,10-20,False,4,False,-26,hypoattenuating,0,False,tail,mask_ring,0.98767,inside,False,True,0.976562,1009,0.961259,984.668,0.95441,2.32308,1.92413,1.70075,1.40766,1.12051,1.70582,2.66642,,,,,,,,,,,,50,2.66642,2.68691,200,0.685,2.87674,3.96512,3.87623,3.39306,2.98303,2.89598,2.93721,2.96301,2.70418,7,8,16,12,10,,,9,3.87623,1.5,0.484002,50,3.87623,3.87623,200,0.105,3.0032,4.03956,8.17164,-35,hypo,11.27,-3.105,0.015937,True,1.5-2.5,False,hypo,False,False
PanTS_00001438,2,1,train,Non-contrast,0.976562,0.976562,2.5,2,2.5,2772,6608.96,45.129,>=40,False,4,False,-39,hypoattenuating,0.0513687,True,body,mask_ring,0.483711,abutting,False,True,6.63879,6725,0.0440115,6608.96,0.0440149,2.64878,2.05583,1.9622,1.60573,1.23818,1.11975,0.870462,,,,,,,,,,,,50,2.64878,2.64878,200,0.985,3.3276,4.61982,1.92727,1.52567,1.28615,1.22525,1.0272,1.02954,0.976108,,,,,,,,,,,,50,1.92727,1.98525,200,1,3.48114,4.27531,13.6417,-41,hypo,11.27,-3.637,0.658143,False,1.5-2.5,False,hypo,False,False
PanTS_00001438,3,1,train,Non-contrast,0.976562,0.976562,2.5,2,2.5,10893,25970.9,66.3801,>=40,False,4,True,-27,hypoattenuating,0.393879,True,body,mask_ring,0.544267,abutting,False,True,6.98869,24138,0.0257964,25970.9,0.0272185,2.50695,2.20777,2.03906,1.7785,1.76384,1.80389,1.62357,,,,,,,,,,,,50,2.50695,3.43281,200,1,3.65392,8.49142,2.68834,2.70142,2.35145,2.26805,2.14614,1.99729,1.61314,,,,,,,,,,,,50,2.70142,3.79137,200,0.995,3.95944,8.97484,20.371,-31,hypo,11.27,-2.75,0.991472,False,1.5-2.5,False,hypo,False,False
PanTS_00001438,4,1,train,Non-contrast,0.976562,0.976562,2.5,2,2.5,1519,3621.57,36.4594,20-40,False,4,False,4,isoattenuating,0.199933,True,head,mask_ring,0.0116426,embedded,False,True,0.976562,3729,0.614878,3621.57,0.606061,6.15434,4.49771,4.13906,3.27737,2.45529,2.00197,1.49632,,40,,,,,,,,,,50,6.15434,10.5914,200,0.025,3.22404,4.61741,3.60043,2.65495,2.65843,2.74579,3.21562,3.6661,3.69557,14,45,,,43,,,16,3.60043,1.5,0.310854,50,3.69557,3.96153,200,0.27,3.31685,5.04011,11.5266,-1,iso,11.27,-0.08872,0.992123,False,1.5-2.5,False,iso,True,False
PanTS_00001450,1,4,train,Non-contrast,0.833984,0.833984,2.5,2,2.5,588,1022.43,22.4943,20-40,False,1,True,-22,hypoattenuating,0.562696,True,head,mask_ring,0.325747,inside,False,True,3.11892,1072,1,1022.43,1,2.91156,2.66205,2.47348,2.78583,3.25243,2.10667,0.816097,,,39,32,,,,,,,,50,3.25243,3.25243,200,0.51,3.26781,3.97214,2.05371,1.81502,1.7836,1.79179,1.93773,1.82602,1.5742,,,48,,,,,,,,,50,2.05371,2.05371,200,0.89,3.3528,5.51083,8.24954,-27.5,hypo,13.59,-2.023,0.983971,False,1.5-2.5,False,hypo,False,False
PanTS_00001471,1,2,train,Non-contrast,0.722656,0.722656,5,2,5,2018,5269.32,29.4953,20-40,False,2,True,-26,hypoattenuating,0,False,head,mask_ring,0.333445,embedded,False,True,10.1297,5330,0.634291,5269.32,0.636773,3.9098,3.48306,2.99216,2.63547,1.99322,1.45725,1.1616,,,42,20,7,,,,,,,50,3.9098,3.9098,200,0.83,4.73698,5.53262,1.86922,1.87892,1.53327,1.28218,1.04545,1.16352,1.19846,,,,,27,,,,,,,50,1.87892,2.45286,200,1,3.81752,5.21853,12.795,-33,hypo,9.283,-3.555,0.00427294,True,2.5-5,False,hypo,False,False
PanTS_00001471,2,2,train,Non-contrast,0.722656,0.722656,5,2,5,153,399.507,18.0664,10-20,False,2,False,-60,hypoattenuating,0,False,body,pc1_boundary,0.382366,separated,True,True,36.8675,380,0,399.507,0,,,,,,,,,,,,,,,,,,,50,,1.84994,,,,,,,,,,,,,,,,,,,,,,,50,,1.76827,,,,,6.5689,-50,hypo,9.283,-5.386,0.000900447,True,2.5-5,False,hypo,False,False
PanTS_00001472,1,3,train,Arterial,0.869141,0.869141,0.8,2,0.8,6553,3960.14,27.2711,20-40,False,1,True,10,isoattenuating,0,False,body,mask_ring,0.387353,embedded,False,False,,3879,0.983366,3960.14,0.977572,3.63792,3.4892,2.88752,2.29004,1.32681,0.755385,0.468917,3,17,29,23,11,6,1,15,3.63792,1.5,0.204099,50,3.63792,3.63792,200,0.425,3.54228,4.53605,2.64644,2.59333,2.51404,2.31477,2.23858,2.04329,1.80793,,,,,27,14,11,,,,,50,2.64644,2.64644,200,0.96,3.46971,4.66315,11.8146,16,hyper,48.4,0.3306,0.000265302,True,<=1.5,True,hyper,False,False
PanTS_00001477,1,0,train,Non-contrast,0.703125,0.703125,0.8,2,0.8,28334,11206.3,49.1396,>=40,False,2,True,1,isoattenuating,0.0234558,True,head,mask_ring,0.00214798,inside,False,False,,11164,0.968765,11206.3,0.975099,4.67844,5.02957,4.61417,3.90414,2.42019,1.61254,1.29052,,49,20,22,11,2,2,,,,,50,5.02957,6.13718,200,0.95,7.45718,8.4616,3.80713,5.44218,6.15232,5.70686,4.00041,2.88363,2.52746,39,26,13,9,6,5,,38,4.01643,2,0.333731,50,6.15232,6.15232,200,0.38,5.00183,7.1538,15.8822,4,iso,24.53,0.163,0.995977,False,<=1.5,False,iso,True,False
PanTS_00001477,2,0,train,Non-contrast,0.703125,0.703125,0.8,2,0.8,88,34.8047,6.9404,5-10,False,2,False,-1,isoattenuating,0,False,body,pc1_boundary,0.621328,separated,True,False,,34,0,34.8047,0,2.16911,2.01252,1.17383,0.346208,-0.323841,-0.157309,-0.0395166,,,,,,,,,,,,50,2.16911,2.16911,200,0.605,2.67197,6.67222,1.66429,1.26079,1.24508,1.32097,1.37726,1.50065,1.4075,,,,,,,,,,,,50,1.66429,2.49765,200,0.945,3.00228,5.51466,4.02543,-2,iso,24.53,-0.08152,8.20353e-06,True,<=1.5,False,iso,True,False
PanTS_00001488,1,0,train,Non-contrast,0.947266,0.947266,2.5,2,2.5,2411,5408.55,34.6306,20-40,False,1,True,-23,hypoattenuating,0.81329,True,head,mask_ring,0.227415,inside,False,True,0.947266,5231,0.85815,5408.55,0.861977,3.56975,3.29025,2.81875,2.34297,1.51746,1.22467,1.27214,,,,43,14,5,,,,,,50,3.56975,3.56975,200,0.605,3.86321,6.35206,3.69031,3.00344,2.44503,2.18896,2.1311,1.90563,1.68857,25,23,30,27,24,20,,26,3.69031,1.5,0.340223,50,3.69031,3.69031,200,0.54,3.73934,6.68231,12.8892,-28,hypo,10.61,-2.639,0.999943,False,1.5-2.5,False,hypo,False,False
PanTS_00001500,1,0,train,Venous,0.796875,0.796875,2.5,2,2.5,1248,1981.23,21.1807,20-40,False,1,True,-34,hypoattenuating,0.21727,True,head,mask_ring,0.0816079,inside,False,True,4.77077,1938,1,1981.23,1,5.37914,4.0726,3.13602,2.49164,1.58488,1.31461,1.11429,13,21,32,34,17,15,,13,5.37914,1.5,0.177295,50,5.37914,5.37914,200,0.1,4.09247,7.67152,5.31579,5.65693,5.82315,5.58581,5.04633,4.23634,3.52909,,,,,,,,,,,,50,5.82315,5.82315,200,0.07,3.50872,6.55897,9.7914,-43,hypo,13.26,-3.243,0.753013,False,1.5-2.5,True,hypo,False,False
PanTS_00001502,1,2,train,Non-contrast,0.710938,0.710938,0.8,2,0.8,1497,605.306,24.5753,20-40,False,1,True,-5,isoattenuating,0,False,head,mask_ring,-0.0180383,embedded,False,False,,617,0.991984,605.306,1,2.80065,2.84019,2.60628,2.40267,2.07217,1.709,1.49407,,,,48,,,,,,,,50,2.84019,2.84019,200,0.82,3.877,5.18983,2.6666,2.31431,2.01755,1.69321,1.96975,2.07832,2.11312,,,,,,,,,,,,50,2.6666,2.6666,200,0.72,3.32246,4.90303,7.24762,-18,hypo,19.23,-0.9361,0.000840999,True,<=1.5,False,hypo,False,False
PanTS_00001515,1,2,train,Non-contrast,0.923828,0.923828,2.5,2,2.5,1601,3415.97,24.7998,20-40,False,1,True,-23,hypoattenuating,0,False,head,mask_ring,0.0784867,inside,False,True,3.10867,3449,1,3415.97,1,5.06233,3.72179,2.67747,2.70619,2.93683,2.61249,2.20787,24,32,19,10,6,,,26,5.06233,1.5,0.207145,50,5.06233,5.06233,200,0.495,5.04207,6.5874,6.56008,6.25128,5.36464,4.35127,2.91112,2.75421,3.02321,5,2,32,28,8,10,9,5,6.40959,1.5,0.149048,50,6.56008,6.56008,200,0,4.38346,6.21126,11.3428,-23,hypo,13.59,-1.692,0.0177804,True,1.5-2.5,False,hypo,False,False
PanTS_00001517,1,3,train,Non-contrast,0.976562,0.976562,2.5,2,2.5,162,386.238,12.0618,10-20,False,1,True,9,isoattenuating,0,False,head,mask_ring,0.0582169,inside,False,True,0.976562,362,1,386.238,1,1.2272,0.654268,0.372536,0.211829,-0.0191694,-0.248452,-0.277359,,,,,,,,,,,,50,1.2272,1.2272,200,0.95,1.80458,2.37101,2.36945,2.21612,2.08893,2.00432,2.2628,2.34844,2.32625,40,30,26,25,16,9,7,,,,,50,2.36945,2.36945,200,0.865,2.65981,3.35922,6.51775,6.5,iso,11.93,0.5446,1.4064e-05,True,1.5-2.5,False,iso,False,False
PanTS_00001519,1,1,train,Non-contrast,0.683594,0.683594,1.25,2,1.25,1130,660.062,15.3098,10-20,False,1,True,-17,hypoattenuating,0.477641,True,head,mask_ring,0.203408,abutting,False,True,14.567,631,0.2,660.062,0.196513,1.32117,0.922681,0.995121,0.9732,0.944025,0.881254,0.799576,,,,,,,,,,,,50,1.32117,1.50123,200,0.98,2.61961,3.35814,1.07507,0.941925,0.865282,0.794814,0.943185,1.12618,1.2259,,,,,,,,,,,,50,1.2259,2.13472,200,0.98,2.338,4.02827,7.4013,-23,hypo,6.299,-3.651,0.888372,False,<=1.5,False,hypo,False,False
PanTS_00001536,1,3,train,Non-contrast,0.78125,0.78125,0.8,2,0.8,3543,1729.98,37.4715,20-40,False,1,True,0,isoattenuating,0,False,head,mask_ring,0.216481,abutting,False,True,11.0775,1782,0.182331,1729.98,0.202581,3.73546,3.23784,2.73834,2.26631,1.31001,0.769538,0.387452,50,29,16,10,,,,50,3.73546,1.5,0.289867,50,3.73546,4.36414,200,0.815,4.74094,6.09997,2.01175,1.5574,1.13439,0.862777,0.971593,1.23749,1.60657,,,,,,,,,,,,50,2.01175,3.76444,200,1,4.04788,4.97872,9.44705,-1,iso,19.89,-0.05027,0.000219096,True,<=1.5,False,iso,True,False
PanTS_00001541,1,1,train,Venous,0.703125,0.703125,2.5,2,2.5,6964,8607.24,33.9839,20-40,False,1,True,-13,hypoattenuating,0.431398,True,tail,mask_ring,0.944218,inside,False,True,119.963,8664,1,8607.24,1,6.59119,6.53404,5.52828,4.30131,3.54682,3.99381,4.14926,,48,32,18,8,8,,,,,,50,6.59119,6.59119,200,0.385,6.53362,8.3986,6.05898,5.54934,4.5767,4.28857,3.45554,3.37577,3.0842,12,8,5,6,1,1,1,13,4.82743,2,0.379912,50,6.05898,6.05898,200,0.1,4.62718,7.75805,14.7133,-17,hypo,11.93,-1.424,0.993747,False,1.5-2.5,True,hypo,False,False
PanTS_00001542,1,3,train,Venous,0.9375,0.9375,2.5,2,2.5,9672,21252,40.8324,>=40,False,1,True,25,hyperattenuating,0.901122,True,head,mask_ring,0.110017,inside,False,True,5,21380,1,21252,1,3.01597,2.29164,1.79567,1.9246,1.99861,1.84308,1.65214,19,36,,39,11,5,,23,3.01597,1.5,0.292854,50,3.01597,3.01597,200,0.99,3.59417,4.29745,3.74332,3.01431,2.39049,2.38278,2.51641,2.49638,2.40268,22,24,26,18,8,5,5,23,3.74332,1.5,0.286571,50,3.74332,3.74332,200,0.99,5.76553,6.15741,19.1832,21,hyper,22.54,0.9315,0.997001,False,1.5-2.5,True,hyper,False,False
PanTS_00001568,1,3,train,Non-contrast,0.820312,0.820312,5,2,5,9660,32501.6,50.337,>=40,False,1,True,0,isoattenuating,0.814238,True,head,mask_ring,0.132727,inside,False,True,2.32019,32450,1,32501.6,1,6.90024,5.10976,3.77701,2.78911,2.14217,1.55885,1.23893,1,1,2,3,4,2,1,1,6.90024,1.5,0.105053,50,6.90024,6.90024,200,0.02,4.19825,4.79915,8.09948,7.71384,6.91313,6.40018,4.9537,3.6535,2.64184,2,25,18,22,19,9,11,26,4.01993,1.5,0.242969,50,8.09948,8.09948,200,0.27,5.07747,8.1298,21.7973,-5,iso,13.26,-0.3771,0.997099,False,2.5-5,False,iso,True,False
PanTS_00001582,1,4,train,Venous,0.816406,0.816406,2.5,2,2.5,9299,15494.9,37.623,20-40,False,1,True,41,hyperattenuating,0.736895,True,head,mask_ring,0.106804,inside,False,True,0,15513,1,15494.9,1,4.01083,4.07452,4.02415,3.6108,3.58771,3.76044,3.3996,3,5,,,6,15,,9,3.96745,1.5,0.161106,50,4.07452,4.07452,200,0.11,3.5377,4.63859,6.13387,5.29431,4.49983,3.6313,2.14023,2.03366,2.48952,17,18,23,20,8,8,6,23,3.75721,1.5,0.517857,50,6.13387,6.13387,200,0.305,4.43098,7.13643,17.4656,43,hyper,13.26,3.243,0.997622,False,1.5-2.5,True,hyper,False,False
PanTS_00001583,1,3,train,Non-contrast,0.785156,0.785156,1.25,2,1.25,4216,3248.8,35.0451,20-40,False,2,False,5,isoattenuating,0.437916,True,body,mask_ring,0.470394,inside,False,True,11.8435,3224,0.922913,3248.8,0.927419,2.18365,2.09037,2.01705,1.6907,1.0878,0.679029,0.293798,,,,46,14,,,,,,,50,2.18365,2.18365,200,1,4.08304,4.83924,2.49097,2.13429,2.1811,2.10449,2.16102,2.11065,2.08612,,,,46,31,,14,,,,,50,2.49097,2.49097,200,0.985,3.51763,4.63289,11.1878,5,iso,10.61,0.4713,0.996864,False,<=1.5,False,iso,True,False
PanTS_00001583,2,3,train,Non-contrast,0.785156,0.785156,1.25,2,1.25,15662,12068.9,36.187,20-40,False,2,True,5,isoattenuating,0.275063,True,tail,mask_ring,0.940905,inside,False,True,11.7199,12106,0.998659,12068.9,0.999091,3.49493,3.28388,3.12888,3.03791,2.4862,2.07857,2.06489,48,44,35,37,13,7,,,,,,50,3.49493,3.63353,200,0.965,4.51338,4.83924,3.00619,2.46647,2.37097,2.35863,2.44098,2.58792,2.47958,43,,46,29,16,15,7,49,3.00619,1.5,0.317103,50,3.00619,3.00619,200,0.87,4.13913,5.14661,16.2296,9,iso,10.61,0.8484,0.998136,False,<=1.5,False,iso,False,False
PanTS_00001592,1,1,train,Non-contrast,0.921875,0.921875,3.75,2,3.75,1375,4382.06,24.8864,20-40,False,1,True,-12,hypoattenuating,0.883136,True,head,mask_ring,0.240766,inside,False,True,8.8032,4387,1,4382.06,1,2.69127,2.36335,2.03605,1.68913,1.42291,1.28851,1.31048,,,,17,2,1,,,,,,50,2.69127,2.69127,200,0.955,3.87476,5.22468,3.00725,2.60193,2.26372,2.00356,1.69238,1.50259,1.33352,,,50,43,35,,,,,,,50,3.00725,3.00725,200,0.9,3.99183,4.48844,12.1515,-27,hypo,12.93,-2.088,0.997498,False,2.5-5,False,hypo,False,False
PanTS_00001601,1,1,train,Venous,0.777344,0.777344,2.5,2,2.5,5067,7654.51,38.9398,20-40,False,1,True,11,hyperattenuating,0,False,head,mask_ring,0.179748,inside,False,True,2.5,7803,1,7654.51,1,4.69592,4.8086,4.15295,3.37565,2.21719,1.49228,1.09014,,8,7,6,15,,,,,,,50,4.8086,4.8086,200,0.52,4.93909,7.59656,4.67401,3.69101,3.11377,2.66709,1.9976,2.34195,2.79264,11,16,16,20,22,17,12,12,4.67401,1.5,0.144541,50,4.67401,4.67401,200,0.44,4.39505,8.1458,14.2258,13,hyper,15.58,0.8343,0.308659,True,1.5-2.5,True,hyper,False,False
PanTS_00001612,1,1,train,Non-contrast,0.8125,0.8125,2.5,2,2.5,3163,5220.19,35.4703,20-40,False,1,True,-31,hypoattenuating,0.304367,True,body,mask_ring,0.483152,abutting,False,True,22.7715,5254,0.042681,5220.19,0.0513894,1.80817,1.5126,1.3308,1.21791,1.05962,0.798678,0.477362,,,,32,,,,,,,,50,1.80817,1.80825,200,1,2.77106,3.85695,1.32651,1.37941,1.38474,1.33195,1.17779,0.995512,0.886041,,,,,,,,,,,,50,1.38474,3.43292,200,1,3.15875,4.84171,12.7613,-29,hypo,9.283,-3.124,0.996888,False,1.5-2.5,False,hypo,False,False
PanTS_00001618,1,0,train,Venous,0.740234,0.740234,2.5,2,2.5,1946,2665.76,25.5933,20-40,False,1,True,17,hyperattenuating,0.235672,True,head,mask_ring,0.235576,inside,False,True,2.5,2723,1,2665.76,1,4.20265,3.43892,3.08973,2.85792,2.44861,1.97371,1.76236,,,40,29,,,,,,,,50,4.20265,4.20265,200,0.595,4.47379,7.45377,2.77144,2.33218,2.27785,1.83547,1.58429,1.6691,1.93271,,,39,27,16,12,6,,,,,50,2.77144,2.77144,200,0.87,4.61186,5.89255,10.6016,19,hyper,13.59,1.398,0.998595,False,1.5-2.5,True,hyper,False,False
PanTS_00001645,1,2,train,Non-contrast,0.78125,0.78125,0.8,2,0.8,38363,18731.9,49.8701,>=40,False,1,True,-9,isoattenuating,0.0205872,True,head,mask_ring,0.0925907,abutting,False,True,25.26,18716,0.365039,18731.9,0.360921,2.56987,3.49247,3.32154,2.92664,1.83723,1.42575,1.39141,,,39,23,5,,,,,,,50,3.49247,8.28677,200,1,7.19228,9.30904,4.47157,5.11371,5.28182,4.70287,3.82442,3.21722,2.767,,,48,45,21,13,,,,,,50,5.28182,8.51281,200,0.685,5.48768,20.4022,18.4752,-10,iso,21.55,-0.4641,0.770206,False,<=1.5,False,iso,False,False
PanTS_00001649,1,4,train,Arterial,1,1,1,2,1,2154,2154,21.1187,20-40,False,1,True,-14.9844,hypoattenuating,0,False,head,mask_ring,0.241667,inside,False,True,12.083,2154,1,2154,1,2.05705,2.15385,2.12275,1.98447,1.52071,1.62708,1.73924,,,,,19,13,,,,,,50,2.15385,2.15385,200,0.95,4.04658,6.37634,2.73031,2.37802,1.76246,1.58858,1.099,0.947771,0.788112,,,,,47,39,,,,,,50,2.73031,2.73031,200,0.905,3.97981,8.30768,10.0116,-13.98,hypo,9.935,-1.407,0.000137655,True,<=1.5,True,hypo,False,False
PanTS_00001650,1,4,train,Non-contrast,0.703125,0.703125,5,2,5,128,316.406,8.33634,5-10,False,2,False,-31,hypoattenuating,0,False,body,mask_ring,0.390164,inside,False,True,25.1977,325,1,316.406,1,1.47166,2.06258,2.29738,2.31046,2.07846,1.89994,1.73862,,,,29,,,,,,,,50,2.31046,2.31046,200,0.655,3.24214,5.36023,2.31626,1.84217,2.11033,2.17553,1.80288,1.64239,1.61237,,,,,,,,,,,,50,2.31626,2.31626,200,0.74,3.00641,4.8959,6.22719,-36,hypo,9.614,-3.745,0.000120536,True,2.5-5,False,hypo,False,False
PanTS_00001650,2,4,train,Non-contrast,0.703125,0.703125,5,2,5,8264,20428,42.9947,>=40,False,2,True,-30,hypoattenuating,0.855724,True,tail,mask_ring,0.872053,inside,False,True,63.3721,20430,0.881292,20428,0.881302,5.02829,4.64764,3.98817,3.19615,2.26158,2.28817,2.44857,49,35,26,12,,2,1,,,,,50,5.02829,6.49024,200,0.62,5.03427,6.99686,10.4504,9.90787,8.37734,6.71893,5.36498,4.76997,3.92893,1,1,1,1,1,2,5,1,10.4504,1.5,0.322015,50,10.4504,10.4504,200,0,5.85139,7.12621,18.9582,-31,hypo,9.614,-3.224,0.996925,False,2.5-5,False,hypo,False,False
PanTS_00001655,1,0,train,Arterial,0.871094,0.871094,1.25,2,1.25,95351,90441,67.5475,>=40,False,1,True,-6,isoattenuating,0.820711,True,tail,mask_ring,0.674903,inside,False,True,7.85129,90428,0.965517,90441,0.964944,4.28236,4.31321,3.7935,3.97748,3.63775,2.90996,2.50514,11,5,15,13,5,1,1,12,4.31321,2,0.384017,50,4.31321,4.31321,200,0.97,4.61064,5.54995,8.47364,7.91341,7.03133,6.25581,4.59764,3.83111,3.77538,2,2,2,3,7,6,6,2,8.34466,1.5,0.199081,50,8.47364,8.47364,200,0.58,8.58447,8.82596,29.8457,-3,iso,27.85,-0.1077,0.999441,False,<=1.5,True,iso,True,False
PanTS_00001669,1,0,train,Non-contrast,1.5,1.5,1.5,2,1.5,102,344.25,16.6358,10-20,False,1,True,8,isoattenuating,0.0492721,True,head,mask_ring,0.0898633,inside,False,True,35.9374,345,1,344.25,1,1.64414,1.50382,1.35778,1.14293,0.919156,0.849362,0.989927,,,,,,,,,,,,50,1.64414,1.64414,200,0.97,2.61312,3.5224,2.34805,2.41776,2.129,1.93707,2.25161,2.53707,2.36467,,44,31,19,,,,,,,,50,2.53707,2.53707,200,0.745,2.95328,5.18958,6.34772,1.5,iso,47.08,0.03186,0.957596,False,<=1.5,False,iso,True,False
PanTS_00001670,1,4,train,Non-contrast,0.703125,0.703125,0.8,2,0.8,1499,592.866,19.1773,10-20,False,1,True,10,isoattenuating,0,False,head,mask_ring,0.197474,inside,False,True,29.3638,615,1,592.866,1,3.14302,1.6739,1.27164,1.59102,1.71213,1.97995,2.12215,16,,,,,,,16,3.14302,1.5,0.000360225,50,3.14302,3.14302,200,0.12,2.44341,3.95688,5.19285,4.37059,3.69322,3.53886,3.47717,3.45252,3.04424,,,,,,,,,,,,50,5.19285,5.19285,200,0.18,2.94882,8.37352,7.21142,12,hyper,30.5,0.3934,0.00523028,True,<=1.5,False,hyper,False,False
PanTS_00001672,1,4,train,Non-contrast,0.722656,0.722656,0.8,2,0.8,29864,12476.7,50.3717,>=40,False,1,True,0,isoattenuating,0.60298,True,head,mask_ring,0.21419,abutting,False,False,,12561,0.724853,12476.7,0.727012,3.42732,3.09092,2.73072,2.22403,2.33924,2.37606,2.39065,,,44,16,4,,,,,,,50,3.42732,4.55313,200,0.935,4.09523,4.92221,3.75947,3.62816,3.50706,3.3868,2.90522,3.14663,3.11762,5,4,4,3,5,5,4,6,3.75947,1.5,0.221807,50,3.75947,10.9476,200,0.42,3.72384,4.13496,16.3881,0,iso,33.48,0,0.997622,False,<=1.5,False,iso,True,False
PanTS_00001678,1,1,train,Non-contrast,1.5,1.5,1.5,2,1.5,206,695.25,20.4022,20-40,False,1,True,-15,hypoattenuating,0,False,tail,mask_ring,0.972832,inside,False,True,73.7902,708,1,695.25,0.99435,3.80192,3.24175,2.69492,2.12616,2.78131,2.84465,2.6168,,,,,,,,,,,,50,3.80192,3.80192,200,0.63,4.23502,5.47742,2.82708,2.57113,2.02526,1.74381,1.45743,1.10881,0.763798,,36,35,31,21,,,,,,,50,2.82708,2.82708,200,0.695,3.33032,5.47834,7.49563,-15,hypo,19.89,-0.7541,3.80014e-06,True,<=1.5,False,hypo,False,False
PanTS_00001683,1,2,train,Venous,0.742188,0.742188,2.5,2,2.5,2399,3303.68,22.506,20-40,False,1,True,-39,hypoattenuating,0.686092,True,head,mask_ring,0.0701515,inside,False,True,3.88117,3294,1,3303.68,1,4.81805,3.36965,2.41863,2.11548,2.05108,1.49533,1.11547,11,23,16,7,1,1,1,11,4.81805,1.5,0.0670375,50,4.81805,4.81805,200,0.22,4.45255,5.207,6.53909,5.60701,4.70968,4.08048,3.08775,2.42724,1.98695,38,35,33,31,28,,,45,2.97029,1.5,0.14767,50,6.53909,6.53909,200,0.025,3.74368,5.77115,11.2392,-52,hypo,11.93,-4.357,0.999973,False,1.5-2.5,True,hypo,False,False
PanTS_00001727,1,3,train,Non-contrast,0.75,0.75,3,2,3,984,1660.5,17.621,10-20,False,2,False,-7,isoattenuating,0,False,head,mask_ring,0.425514,inside,False,True,13.4164,1674,1,1660.5,1,2.93394,2.9116,2.75095,2.31095,1.87585,1.42058,0.833233,,,,,,,,,,,,50,2.93394,2.93394,200,0.92,3.67683,5.05539,3.07138,2.44893,2.65316,2.79935,2.70817,2.1454,2.37924,41,36,18,14,8,8,,45,2.85443,1.5,0.317772,50,3.07138,3.07138,200,0.71,3.43043,6.26406,9.34599,-14,hypo,10.61,-1.32,0.00690384,True,2.5-5,False,hypo,False,False
PanTS_00001727,2,3,train,Non-contrast,0.75,0.75,3,2,3,11973,20204.4,63.9306,>=40,False,2,True,-3,isoattenuating,0.767739,True,head,mask_ring,0.242167,inside,False,True,0.75,20172,0.79838,20204.4,0.797987,3.94705,3.48726,3.0227,2.56053,2.18162,2.31672,2.26854,27,29,25,15,6,3,1,29,3.41474,1.5,0.154198,50,3.94705,3.94705,200,0.795,4.97881,5.17628,4.06051,3.67448,3.74549,3.68846,3.16727,2.61006,2.67467,11,25,24,21,11,5,4,12,3.91645,1.5,0.172798,50,4.06051,4.47132,200,0.81,5.24481,6.31808,18.8961,-8,iso,10.61,-0.7541,0.997007,False,2.5-5,False,iso,False,False
PanTS_00001732,1,2,train,Venous,0.763672,0.763672,2.5,2,2.5,27046,39432.7,52.9095,>=40,False,1,True,-56,hypoattenuating,0.802085,True,head,mask_ring,0.200223,inside,False,True,3.71908,39668,1,39432.7,1,5.27362,4.14009,3.67586,3.35958,2.9094,2.56395,2.23284,8,23,,43,12,5,3,8,5.27362,1.5,0.266151,50,5.27362,5.27362,200,0.37,5.22929,7.01159,5.41899,4.69369,4.475,4.16593,3.38931,2.82712,2.82382,1,4,2,1,1,5,10,1,5.41899,1.5,0.0236552,50,5.41899,5.41899,200,0,4.12184,5.24163,23.1149,-61,hypo,13.59,-4.488,0.998545,False,1.5-2.5,True,hypo,False,False
PanTS_00001736,1,0,train,Arterial,1,1,1,2,1,3740,3740,32.1403,20-40,False,1,True,-10.0099,hypoattenuating,0.543898,True,head,mask_ring,0.191572,inside,False,False,,3740,1,3740,1,3.16528,2.49057,1.96375,1.66699,1.18311,0.996889,0.899852,,,,40,14,6,2,,,,,50,3.16528,3.16528,200,0.985,4.82347,6.38073,4.14579,4.67078,4.59592,4.60751,4.35136,3.60748,2.81186,,,,,,,,,,,,50,4.67078,4.67078,200,0.515,4.74121,10.1315,11.6293,-10.99,hypo,9.611,-1.143,0.999619,False,<=1.5,True,hypo,False,False
PanTS_00001749,1,0,train,Non-contrast,0.976562,0.976562,3.75,2,3.75,4721,16883.6,50.1517,>=40,False,2,True,2,isoattenuating,0.82704,True,head,mask_ring,-0.00523907,abutting,False,True,49.2532,15577,0.00910824,16883.6,0.00802465,2.14688,2.17631,2.05324,1.7961,1.11751,0.307377,-0.148988,,,,,,,,,,,,50,2.17631,7.13952,200,0.995,3.06205,3.85781,2.74064,3.37422,3.55232,3.39416,3.05363,2.77607,2.47296,,,,,,,,,,,,50,3.55232,9.51536,200,0.975,3.9932,5.1426,17.9145,-1,iso,9.946,-0.1005,0.999865,False,2.5-5,False,iso,True,False
PanTS_00001749,2,0,train,Non-contrast,0.976562,0.976562,3.75,2,3.75,105,375.509,10.6969,10-20,False,2,False,-13,hypoattenuating,0,False,head,pc1_boundary,-0.0879648,separated,True,True,60.0784,394,0,375.509,0,,,,,,,,,,,,,,,,,,,50,,1.62771,,,,,,,,,,,,,,,,,,,,,,,50,,0.856496,,,,,6.47552,-21,hypo,9.946,-2.111,1.03298e-05,True,2.5-5,False,hypo,False,False
PanTS_00001751,1,4,train,Non-contrast,1.5,1.5,1.5,2,1.5,558,1883.25,24.8294,20-40,False,2,False,10,isoattenuating,0,False,tail,mask_ring,0.836187,inside,False,True,54.9295,1857,1,1883.25,1,2.69495,2.46018,2.02062,1.69043,1.63945,1.51755,1.35067,,,,,,,,,,,,50,2.69495,2.69495,200,0.94,4.5196,6.2141,3.96195,3.53237,2.92434,3.09326,3.11428,2.91656,2.66706,45,14,15,14,7,7,9,,,,,50,3.96195,3.96195,200,0.545,4.08954,7.73851,9.66078,10,iso,5.636,1.774,0.000193357,True,<=1.5,False,iso,False,False
PanTS_00001751,2,4,train,Non-contrast,1.5,1.5,1.5,2,1.5,1106,3732.75,38.5065,20-40,False,2,True,-19,hypoattenuating,0.0892001,True,head,mask_ring,0.128972,inside,False,True,3.67423,3762,1,3732.75,1,3.23549,3.00724,2.75891,2.31129,1.681,1.30278,1.09408,,,35,24,16,,2,,,,,50,3.23549,3.23549,200,0.93,4.98898,6.91332,4.39865,3.5731,2.61829,2.07185,1.91669,2.10162,2.12296,,,44,34,21,15,,,,,,50,4.39865,4.39865,200,0.475,4.34994,8.31976,11.6231,-21,hypo,5.636,-3.726,0.794305,False,<=1.5,False,hypo,False,False
PanTS_00001771,1,2,train,Arterial,0.976562,0.976562,5,2,5,192,915.527,15.1873,10-20,False,1,True,8,isoattenuating,0.19696,True,head,mask_ring,0.164066,inside,False,False,,915,1,915.527,1,2.0084,1.75056,1.46687,1.38456,1.41586,1.439,1.20488,,,,25,,,,,,,,50,2.0084,2.28104,200,0.915,2.83747,3.82789,1.81613,1.21802,0.969822,0.98799,1.24342,1.69423,2.015,,,,46,,,,,,,,50,2.015,2.015,200,0.97,2.87877,4.30374,8.02367,10,iso,12.93,0.7734,0.99846,False,2.5-5,True,iso,False,False
PanTS_00001787,1,1,train,Non-contrast,0.888672,0.888672,5,2,5,267,1054.3,19.4476,10-20,False,1,True,-1,isoattenuating,0,False,head,mask_ring,0.00845778,inside,False,False,,1075,1,1054.3,1,1.75637,1.67918,1.64551,1.67073,1.48659,0.91178,0.792859,,,,,,,,,,,,50,1.75637,1.85319,200,0.93,3.23789,5.04909,2.83484,2.41386,2.33177,2.20192,2.11203,1.84554,1.61825,,,,42,18,14,11,,,,,50,2.83484,2.83484,200,0.77,3.23421,4.29863,8.31382,-4.5,iso,12.93,-0.348,0.000336005,True,2.5-5,False,iso,True,False
PanTS_00001802,1,4,train,Non-contrast,0.898438,0.898438,0.8,2,0.8,3150,2034.12,18.8384,10-20,False,1,True,17,hyperattenuating,0,False,body,mask_ring,0.366763,inside,False,False,,2056,1,2034.12,1,2.6943,2.63373,2.40396,2.08163,1.34362,0.939676,0.983117,,,,,,,,,,,,50,2.6943,2.6943,200,0.31,2.60142,3.17007,2.66403,2.39377,2.26789,1.99237,1.90025,2.18649,2.30544,,,,48,31,12,7,,,,,50,2.66403,2.66403,200,0.925,3.3181,4.03868,9.86012,17,hyper,38.12,0.4459,2.60703e-05,True,<=1.5,False,hyper,False,False
PanTS_00001816,1,3,train,Non-contrast,0.802734,0.802734,2.5,2,2.5,17746,28588,57.4192,>=40,False,1,True,-18,hypoattenuating,0.525259,True,body,mask_ring,0.544505,inside,False,True,26.126,28627,0.892032,28588,0.89185,5.13893,4.90003,4.72035,4.81316,4.20746,3.47625,2.79486,44,28,16,9,2,5,3,46,5.13893,1.5,0.440065,50,5.13893,5.16099,200,1,8.32305,11.62,6.62281,5.34151,4.53589,4.1283,2.84786,1.87801,1.78083,19,14,23,38,23,12,,19,4.9689,1.5,0.0845007,50,6.62281,7.00271,200,0.635,6.84359,8.29984,20.9685,-19,hypo,6.63,-2.866,0.990496,False,1.5-2.5,False,hypo,False,False
PanTS_00001823,1,4,train,Non-contrast,1.5,1.5,1.5,2,1.5,154,519.75,11.5217,10-20,False,1,True,-25,hypoattenuating,0,False,head,mask_ring,0.104808,inside,False,False,,513,1,519.75,1,3.88861,4.27163,3.72377,3.36812,3.22025,3.07896,2.51614,,,34,24,,,,,,,,50,4.27163,4.27163,200,0.615,5.23183,8.72633,4.20699,4.23629,3.65409,2.81162,1.28888,0.770251,0.620464,,,17,18,,,,,,,,50,4.23629,4.23629,200,0.435,3.56962,6.91149,6.98772,-29,hypo,11.27,-2.573,9.79977e-05,True,<=1.5,False,hypo,False,False
PanTS_00001826,1,4,train,Non-contrast,0.777344,0.777344,0.7,2,0.7,56922,24077.1,63.2024,>=40,False,1,True,-18,hypoattenuating,0,False,body,mask_ring,0.456636,inside,False,True,3.1872,24107,0.705878,24077.1,0.704733,4.83343,3.97854,3.70184,3.21377,2.53118,2.24547,1.95078,,,29,20,10,2,1,,,,,50,4.83343,6.27704,200,0.995,6.34451,8.21141,4.88455,4.64625,3.68254,2.85723,2.21366,1.61831,1.29866,12,32,40,17,18,15,8,,,,,50,4.88455,4.88455,200,0.82,5.63511,7.38677,19.9131,-19,hypo,8.951,-2.123,0.0451838,True,<=1.5,False,hypo,False,False
PanTS_00001829,1,2,train,Non-contrast,0.976562,0.976562,0.8,2,0.8,596,454.711,13.2507,10-20,False,1,True,2,isoattenuating,0,False,body,mask_ring,0.359827,inside,False,True,7.10948,476,1,454.711,1,2.56431,2.08133,2.03047,1.99749,1.54877,0.947486,0.591647,,,,,14,,,,,,,50,2.56431,2.56431,200,0.45,2.52328,3.49038,2.2189,2.103,2.03649,2.15523,1.99955,2.04919,2.26485,,,,,,,,,,,,50,2.26485,2.26485,200,0.87,2.78462,3.99801,6.77034,2,iso,26.85,0.07448,0.484552,True,<=1.5,False,iso,True,False
PanTS_00001840,1,3,train,Non-contrast,3,0.767578,0.767578,0,3,10990,19425.1,37.0396,20-40,False,1,True,-29,hypoattenuating,0.897133,True,head,mask_ring,,inside,False,True,7.07672,19488,0.884531,19425.1,0.885365,4.06164,3.77556,3.40099,3.69888,3.46791,2.74478,1.77003,22,22,16,14,6,,,25,3.76647,1.5,0.0988744,50,4.06164,4.06164,200,0.69,4.99787,5.8891,4.04389,3.35851,3.17199,2.93722,2.42602,2.06551,2.00419,37,31,23,15,12,9,,47,2.56992,1.5,0.133556,50,4.04389,4.04389,200,0.96,5.4615,6.51127,18.676,-36,hypo,9.614,-3.745,0.997054,False,2.5-5,False,hypo,False,False
PanTS_00001850,1,1,train,Non-contrast,0.976562,0.976562,1.25,2,1.25,13322,15881,46.4407,>=40,False,1,True,0,isoattenuating,0.800807,True,head,mask_ring,0.055691,abutting,False,True,36.8901,16538,0.693665,15881,0.689745,2.76536,2.85386,2.78166,2.47403,1.99868,2.35024,2.29909,,39,29,6,4,3,,,,,,50,2.85386,6.25872,200,0.935,3.46785,6.03874,2.37355,2.03278,1.76718,1.40606,1.24316,1.26611,1.55679,45,33,21,14,9,5,2,48,2.37355,1.5,0.184264,50,2.37355,8.3113,200,1,4.85266,9.10144,17.593,-1,iso,16.91,-0.05915,0.997444,False,<=1.5,False,iso,True,False
PanTS_00001856,1,1,train,Venous,0.777344,0.777344,2.5,2,2.5,1750,2643.65,26.6273,20-40,False,1,True,30,hyperattenuating,0.204286,True,head,mask_ring,0.193064,inside,False,True,0.777344,2726,1,2643.65,1,2.5531,2.37024,2.42143,2.3681,1.90163,1.35686,1.33793,,44,34,20,,,,,,,,50,2.5531,2.5531,200,0.955,3.82542,5.12883,2.50498,2.05833,2.07151,2.05222,2.52297,2.86182,3.08343,,,43,27,7,3,,,,,,50,3.08343,3.08343,200,0.75,3.98352,5.04005,10.5777,32,hyper,15.25,2.098,0.952309,False,1.5-2.5,True,hyper,False,False
PanTS_00001870,1,2,train,Non-contrast,0.947266,0.947266,2.5,2,2.5,879,1971.84,23.8411,20-40,False,1,True,11,hyperattenuating,0,False,head,mask_ring,0.20636,inside,False,False,,1928,1,1971.84,1,1.32385,0.978652,0.84546,0.776255,0.718145,0.731685,0.66714,,42,20,,,,,,,,,50,1.32385,1.32385,200,1,2.45562,4.0204,2.54764,2.60253,2.54558,2.4039,2.06221,2.03603,2.12188,26,18,9,8,9,,,31,2.54764,1.5,0.0355196,50,2.60253,2.60253,200,0.925,3.11753,3.71846,9.77907,15,hyper,13.59,1.104,0.00120189,True,1.5-2.5,False,hyper,False,False
PanTS_00001873,1,4,train,Non-contrast,0.742188,0.742188,5,2,5,4094,11275.7,53.4574,>=40,False,1,True,7.5,isoattenuating,0.186233,True,tail,mask_ring,0.816265,inside,False,True,38.5982,11485,0.701514,11275.7,0.698128,4.45051,4.22505,3.8965,3.85212,3.01099,2.63846,2.89351,29,14,7,5,2,1,1,30,3.8255,1.5,0.337396,50,4.45051,4.95755,200,0.915,6.32252,7.9701,4.37404,4.61576,4.57903,3.91593,2.50447,2.00382,1.48443,6,5,8,2,1,1,2,9,4.32578,1.5,0.0432294,50,4.61576,4.88474,200,0.505,4.71221,7.46555,15.9108,10,iso,10.61,0.9426,0.99589,False,2.5-5,False,iso,False,False
PanTS_00001874,1,2,train,Non-contrast,0.785156,0.785156,0.7,2,0.7,964,415.994,13.7834,10-20,False,1,True,-8,isoattenuating,0,False,head,mask_ring,0.060049,abutting,False,True,10.534,447,0.930498,415.994,0.914989,0.763383,0.462667,0.288321,0.265594,0.548899,0.71087,0.807654,,,,,,,,,,,,50,0.807654,0.840374,200,1,2.08448,2.9635,1.29054,1.13326,0.917952,0.793978,0.767798,0.908942,1.02566,,,50,35,18,11,,,,,,50,1.29054,1.35113,200,1,2.41811,3.16035,6.63091,-9,iso,7.625,-1.18,0.0450155,True,<=1.5,False,iso,False,False
PanTS_00001876,1,1,train,Non-contrast,0.722656,0.722656,0.625,2,0.625,491,160.26,11.2746,10-20,False,2,False,-18,hypoattenuating,0,False,head,mask_ring,-0.0126682,embedded,False,False,,159,1,160.26,1,1.97581,2.13233,2.07912,1.82288,1.0377,0.367934,0.00838583,,,,20,,,,,,,,50,2.13233,2.13233,200,0.75,2.78634,3.95611,2.84059,2.40927,1.84937,1.73122,1.65738,1.48418,1.50331,,,,,,,,,,,,50,2.84059,2.84059,200,0.445,2.78767,3.67566,5.3696,-22,hypo,42.1,-0.5225,0.00338978,True,<=1.5,False,hypo,False,False
PanTS_00001876,2,1,train,Non-contrast,0.722656,0.722656,0.625,2,0.625,27967,9128.28,39.4021,20-40,False,2,True,0,isoattenuating,0.630572,True,head,mask_ring,0.225558,abutting,False,False,,9099,0.712304,9128.28,0.70733,3.53457,3.16311,2.36586,2.50559,2.20188,2.25296,2.19519,16,30,,24,,,,23,3.53457,1.5,0.307369,50,3.53457,4.48831,200,0.765,4.00947,4.84327,3.0624,3.31745,3.38464,3.31821,2.78908,3.10471,3.05969,36,14,6,3,7,7,,21,3.38464,2.5,0.266409,50,3.38464,11.5335,200,0.705,3.57059,4.03554,14.9648,0,iso,42.1,0,0.997133,False,<=1.5,False,iso,True,False
PanTS_00001878,1,4,train,Non-contrast,0.835,0.835,5,2,5,24854,86644.1,135.095,>=40,False,2,True,2,isoattenuating,0.591607,True,head,mask_ring,0.202591,abutting,False,False,,86325,0.144967,86644.1,0.145404,3.90619,3.72271,3.12522,2.39762,1.81023,1.19395,0.945464,45,24,18,32,10,3,2,46,3.90619,1.5,0.256052,50,3.90619,4.28071,200,0.985,5.50865,5.90064,2.69931,1.87331,1.62026,1.8226,2.40209,2.25481,1.95243,,,,,36,25,,,,,,50,2.69931,8.96514,200,0.995,7.00357,9.65977,29.4505,3,iso,5.967,0.5027,0.995189,False,2.5-5,False,iso,True,False
PanTS_00001878,2,4,train,Non-contrast,0.835,0.835,5,2,5,1969,6864.18,62.0637,>=40,False,2,False,-3,isoattenuating,0.073823,True,tail,mask_ring,0.855549,abutting,False,False,,6905,0.575927,6864.18,0.586821,4.15838,3.49035,2.89348,2.23557,1.77243,1.96328,2.16752,31,29,21,19,11,5,3,31,4.15838,1.5,0.0868713,50,4.15838,4.15838,200,0.845,4.79151,5.90064,6.96048,7.43587,7.80393,7.68537,6.82542,6.07102,5.19285,,46,29,22,13,,2,,,,,50,7.80393,10.6926,200,0.01,5.54207,7.51832,13.7896,-7,iso,5.967,-1.173,0.997817,False,2.5-5,False,iso,False,False
PanTS_00001913,1,1,train,Venous,0.916016,0.916016,3,2,3,5069,12760,46.8974,>=40,False,1,True,26,hyperattenuating,0,False,tail,mask_ring,0.83382,inside,False,True,63.8571,12951,1,12760,1,3.34477,3.1647,2.74352,2.44142,2.62406,2.59879,2.24662,18,10,12,37,11,,,19,3.34477,1.5,0.466585,50,3.34477,3.34477,200,0.7,3.5659,4.17569,4.41156,4.21279,3.92962,3.64414,3.23477,2.83468,2.87927,3,1,1,1,1,2,1,3,4.41156,1.5,0.104512,50,4.41156,4.41156,200,0.075,3.87866,4.55883,16.4962,33,hyper,21.88,1.508,3.45373e-05,True,2.5-5,True,hyper,False,False
PanTS_00001922,1,2,train,Venous,0.742188,0.742188,2.5,2,2.5,1339,1843.95,21.2137,20-40,False,1,True,11,hyperattenuating,0.390139,True,head,mask_ring,0.263546,inside,False,True,0.742188,1851,1,1843.95,1,2.50512,2.23233,2.42946,2.54152,2.31902,1.66089,0.828393,41,27,18,13,,,,47,2.50512,1.5,0.133202,50,2.54152,2.54152,200,0.98,3.58568,8.12124,4.98902,3.84374,3.13264,2.78776,2.4343,2.16668,1.93092,5,46,,,,,,7,4.98902,1.5,0.0390063,50,4.98902,4.98902,200,0.33,4.6352,6.69767,9.60711,-7,iso,13.26,-0.5279,0.999967,False,1.5-2.5,True,iso,False,False
PanTS_00001923,1,2,train,Non-contrast,0.732422,0.732422,2,2,2,22105,23716.1,48.6504,>=40,False,1,True,-41,hypoattenuating,0.879061,True,tail,mask_ring,0.886239,inside,False,True,11.0065,23640,0.991948,23716.1,0.983418,3.83429,3.42386,2.98425,3.21876,3.17692,2.51929,2.0323,13,13,20,13,13,4,,13,3.83429,1.5,0.0369269,50,3.83429,4.19493,200,0.85,4.30163,4.52006,7.73287,8.92295,7.73315,7.61021,7.26729,6.15022,5.03719,1,1,1,2,5,22,4,1,8.92295,2,0.675289,50,8.92295,8.92295,200,0,5.41742,7.49835,19.8232,-41,hypo,12.93,-3.171,0.99876,False,1.5-2.5,False,hypo,False,False
PanTS_00001941,1,0,train,Venous,0.884766,0.884766,2.5,2,2.5,1779,3481.55,22.1718,20-40,False,1,True,7,isoattenuating,0.299636,True,head,mask_ring,0.304435,inside,False,True,4.33301,3423,1,3481.55,1,3.79265,3.16129,2.59838,2.3707,1.76612,1.20832,0.624568,14,17,23,32,10,,,14,3.79265,1.5,0.109454,50,3.79265,3.79265,200,0.4,3.52734,4.99158,3.76455,4.10089,4.28471,4.23671,3.89775,3.60982,3.14434,,,,,,,,,,,,50,4.28471,4.28471,200,0.16,3.43494,6.14123,11.4022,12,hyper,20.89,0.5746,0.998283,False,1.5-2.5,True,hyper,False,False
PanTS_00001946,1,0,train,Arterial,0.742188,0.742188,1.25,2,1.25,114710,78984,87.8829,>=40,False,1,True,-19,hypoattenuating,0.304128,True,head,mask_ring,0.159262,abutting,False,True,6.75499,78752,0.449246,78984,0.449258,3.78171,2.88707,2.82981,2.45921,2.18799,1.99022,1.56312,,,,45,13,2,2,,,,,50,3.78171,5.9278,200,1,6.38104,7.17826,11.2513,8.77131,6.56564,4.90051,2.83503,2.81393,2.72444,2,6,6,4,13,19,15,2,11.2513,1.5,0.000661635,50,11.2513,11.2513,200,0.18,9.06268,12.3029,28.6165,-19,hypo,8.951,-2.123,0.985072,False,<=1.5,True,hypo,False,False
PanTS_00001964,1,4,train,Venous,0.779297,0.779297,2.5,2,2.5,2543,3860.93,27.647,20-40,False,1,True,30,hyperattenuating,0.677845,True,head,mask_ring,0.166807,inside,False,True,2.5,3866,1,3860.93,1,5.71318,5.04832,4.0267,2.78193,0.968049,1.10057,1.13489,19,42,21,11,6,,,20,2.61258,1.5,0.0440047,50,5.71318,5.71318,200,0.115,2.80487,8.42075,4.76727,3.49871,2.6387,2.35331,2.21588,1.96581,1.8804,11,29,17,7,3,3,4,11,4.76727,1.5,0.0111991,50,4.76727,4.76727,200,0.15,3.15713,5.44775,11.732,26,hyper,16.91,1.538,0.998066,False,1.5-2.5,True,hyper,False,False
PanTS_00001968,1,2,train,Non-contrast,0.814453,0.814453,0.625,2,0.625,2236,927.009,24.641,20-40,False,1,True,-12,hypoattenuating,0,False,head,mask_ring,0.280097,inside,False,True,15.9017,978,1,927.009,1,2.63017,2.29437,2.15132,1.97679,1.65027,1.37534,1.04172,,,,,,,,,,,,50,2.63017,2.63017,200,0.775,3.73673,5.12177,2.64176,2.31959,1.74607,1.27105,0.903511,0.739965,0.584904,,47,46,44,,,,,,,,50,2.64176,2.64176,200,0.675,3.11154,4.79867,8.04874,-9,iso,30.5,-0.2951,0.056444,True,<=1.5,False,iso,False,False
PanTS_00001973,1,4,train,Arterial,0.742188,0.742188,1.25,2,1.25,43715,30100.1,45.4974,>=40,False,1,True,-90,hypoattenuating,0,False,body,mask_ring,0.602767,abutting,False,True,2.95355,30232,0.176141,30100.1,0.178354,2.3393,1.92894,1.86794,1.68488,1.6808,1.54649,1.3408,,,45,23,,,,,,,,50,2.3393,3.17298,200,1,4.68533,5.73073,6.16124,5.87048,5.13645,4.24725,2.96606,2.13688,1.97987,42,22,18,17,20,18,,43,3.21352,1.5,0.110334,50,6.16124,7.59457,200,0.585,6.9653,8.9517,21.2972,-90,hypo,16.24,-5.54,0.00024633,True,<=1.5,True,hypo,False,False
PanTS_00001996,1,2,train,Non-contrast,0.955078,0.955078,2.5,2,2.5,1139,2597.42,22.2091,20-40,False,3,True,-4,isoattenuating,0.313519,True,head,pc1_boundary,0.123664,separated,True,True,13.7547,2445,0,2597.42,0,,,,,,,,,,,,,,,,,,,50,,1.68535,,,,,,,,,,,,,,,,,,,,,,,50,,2.55933,,,,,10.5274,-4,iso,11.27,-0.3549,0.996784,False,1.5-2.5,False,iso,True,False
PanTS_00001996,2,2,train,Non-contrast,0.955078,0.955078,2.5,2,2.5,351,800.433,19.4954,10-20,False,3,False,3,isoattenuating,0.124138,True,head,mask_ring,0.162514,abutting,False,True,7.89931,749,0.680912,800.433,0.695594,1.20276,1.05182,1.18896,1.14889,0.839954,0.468851,0.070362,,,,,,,,,,,,50,1.20276,1.20276,200,0.98,2.72564,3.96447,1.34896,1.2469,1.13595,0.937911,0.768682,0.813565,0.87288,,,,50,,,,,,,,50,1.34896,2.81033,200,1,2.52155,3.68501,7.75986,5,iso,11.27,0.4436,0.998728,False,1.5-2.5,False,iso,True,False
PanTS_00001996,3,2,train,Non-contrast,0.955078,0.955078,2.5,2,2.5,126,287.335,12.1436,10-20,False,3,False,-11.5,hypoattenuating,0,False,tail,mask_ring,0.751545,inside,False,True,57.9997,311,1,287.335,1,2.19287,1.63826,1.21208,1.32123,1.35067,1.14558,0.82586,,,,,,,,,,,,50,2.19287,2.19287,200,0.635,2.48776,3.66219,1.60021,1.47445,1.24406,1.08785,0.970056,1.17039,1.43504,,,,43,19,,,,,,,50,1.60021,1.60021,200,0.945,2.32941,3.64737,6.09355,-14,hypo,11.27,-1.242,0.305594,True,1.5-2.5,False,hypo,False,False
PanTS_00002012,1,2,train,Arterial,0.693359,0.693359,2.5,2,2.5,4758,5718.48,26.7191,20-40,False,1,True,2,isoattenuating,0.702438,True,head,mask_ring,0.164267,inside,False,True,0.693359,5682,0.989281,5718.48,0.988208,3.31113,2.88157,2.72298,2.46791,1.88483,1.75651,1.43893,4,7,7,2,4,2,,5,3.31113,1.5,0.0943514,50,3.31113,3.31113,200,0.23,2.8925,6.58963,3.72157,3.21827,2.83588,2.44387,2.61892,2.55992,2.29453,5,22,16,18,16,12,,8,3.72157,1.5,0.0103467,50,3.72157,3.9944,200,0.48,3.6677,5.01842,13.0934,-9,iso,14.92,-0.6033,0.999986,False,1.5-2.5,True,iso,False,False
PanTS_00002014,1,1,train,Venous,0.949219,0.949219,5,2,5,2626,11830.3,36.4678,20-40,False,1,True,16,hyperattenuating,0.57748,True,head,mask_ring,0.0755366,inside,False,True,1.3424,11730,1,11830.3,1,3.07992,2.28644,1.81614,1.65676,1.22314,1.16579,0.914598,,,,47,22,7,4,,,,,50,3.07992,3.07992,200,0.915,3.57967,4.85658,3.29234,3.2844,2.95459,2.60278,2.97096,3.18356,3.0142,49,30,11,15,10,13,4,,,,,50,3.29234,3.29234,200,0.845,3.76589,5.17922,16.1352,8,iso,27.18,0.2943,0.989632,False,2.5-5,True,iso,False,False
PanTS_00002028,1,1,train,Venous,0.976562,0.976562,2.5,2,2.5,2212,5273.81,25.623,20-40,False,1,True,-20,hypoattenuating,0.606899,True,tail,mask_ring,0.70805,inside,False,True,0,4830,1,5273.81,1,2.14729,1.93991,1.71005,1.49669,1.43191,0.944962,0.101898,,,34,21,3,1,1,,,,,50,2.14729,2.14729,200,1,3.82192,5.4275,1.96043,1.99219,2.02426,2.14638,2.55652,3.02993,3.43315,,,,24,12,,,,,,,50,3.43315,3.43315,200,0.715,3.59544,4.29036,12.7981,-30,hypo,12.27,-2.446,0.997556,False,1.5-2.5,True,hypo,False,False
PanTS_00002071,1,4,train,Arterial,0.742188,0.742188,1.25,2,1.25,26736,18409.2,43.13,>=40,False,1,True,-28,hypoattenuating,0.816191,True,head,mask_ring,0.0299598,inside,False,True,1.04961,18457,0.993492,18409.2,0.992144,3.67858,3.04109,2.69018,2.56873,2.01703,1.79089,1.59198,,,,30,7,5,2,,,,,50,3.67858,3.67858,200,0.995,6.3379,6.90083,7.70692,5.40312,4.49298,3.73197,2.99608,2.79167,2.58479,12,11,9,8,19,6,8,16,7.09791,1.5,0.170445,50,7.70692,7.70692,200,0.72,9.4656,10.7619,18.38,-27,hypo,16.58,-1.629,0.996943,False,<=1.5,True,hypo,False,False
PanTS_00002081,1,1,train,Non-contrast,1.29688,5,1.29688,2,1.29688,1022,8594.43,36.9047,20-40,False,1,True,10,isoattenuating,0,False,head,mask_ring,0.254304,inside,False,True,1.29688,8555,0.802348,8594.43,0.793805,3.29965,2.74335,2.47997,1.98602,1.1846,0.509268,0.188092,27,43,34,14,7,,,36,3.29965,1.5,0.405962,50,3.29965,3.60839,200,0.915,4.06303,4.86609,2.72476,2.7225,2.50722,2.42565,2.50999,2.55052,2.31676,,,,45,25,16,11,,,,,50,2.72476,4.12957,200,1,4.12545,4.97751,14.707,11,hyper,18.57,0.5925,9.64785e-05,True,<=1.5,False,hyper,False,False
PanTS_00002091,1,0,train,Non-contrast,0.78125,0.78125,0.8,2,0.8,33877,16541.5,46.6586,>=40,False,1,True,4,isoattenuating,0.678952,True,head,mask_ring,0.21446,inside,False,False,,16410,0.857484,16541.5,0.858562,3.143,3.30295,3.09208,2.48284,1.69228,1.66731,1.52165,40,,15,18,6,5,,,,,,50,3.30295,3.81923,200,0.895,3.87922,4.30238,2.93926,2.9288,2.75322,2.65821,2.41817,2.31436,2.12426,,44,35,30,20,13,12,,,,,50,2.93926,3.25782,200,1,3.96743,4.53379,17.8062,5,iso,55.36,0.09031,0.999017,False,<=1.5,False,iso,True,False
PanTS_00002094,1,2,train,Arterial,0.679688,0.679688,1.25,2,1.25,18610,10746.7,42.746,>=40,False,1,True,-73,hypoattenuating,0.617042,True,head,mask_ring,0.216033,inside,False,True,0,10728,0.912789,10746.7,0.911074,3.27217,2.99389,2.85397,2.99289,2.93799,2.84387,2.56079,,47,45,19,7,2,1,,,,,50,3.27217,3.27217,200,0.95,4.70448,6.53931,7.86308,6.56254,5.1533,4.03763,2.74047,2.15569,1.8851,8,12,,,31,18,11,9,7.4965,1.5,0.0518761,50,7.86308,7.86308,200,0.225,6.94628,9.28025,15.6898,-78,hypo,11.6,-6.722,0.999832,False,<=1.5,True,hypo,False,False
PanTS_00002095,1,0,train,Non-contrast,0.800781,0.800781,0.8,2,0.8,4833,2479.33,30.6163,20-40,False,2,True,4,isoattenuating,0.148823,True,head,mask_ring,0.0952111,inside,False,False,,2504,1,2479.33,1,2.848,1.95321,1.73884,1.61325,1.70312,1.48987,0.785434,,,,,30,,,,,,,50,2.848,2.848,200,0.925,3.719,4.74111,3.00798,2.99135,3.31824,3.17283,2.83071,3.11526,3.21698,,,,42,18,12,8,,,,,50,3.31824,3.31824,200,0.705,3.62705,4.73166,10.3962,4,iso,32.16,0.1244,0.994531,False,<=1.5,False,iso,True,False
PanTS_00002095,2,0,train,Non-contrast,0.800781,0.800781,0.8,2,0.8,24,12.312,3.39577,<5,False,2,False,25.5,hyperattenuating,0.00702885,True,head,mask_ring,0.0962101,inside,False,False,,16,1,12.312,1,1.91711,1.30177,0.831856,0.619451,0.51851,-0.00961248,-0.787893,,,,,,,,,,,,50,1.91711,1.91711,200,0.54,2.04969,3.78122,0.885133,0.593588,0.52731,0.46689,0.562841,0.922239,1.58583,,,,,,,,,,,,50,1.58583,1.58583,200,0.915,2.40866,3.88791,3.43245,25.5,hyper,32.16,0.793,0.996108,False,<=1.5,False,hyper,False,False
PanTS_00002098,1,1,train,Arterial,0.900391,0.900391,1.25,2,1.25,1209,1225.18,18.1017,10-20,False,1,True,-60,hypoattenuating,0,False,body,mask_ring,0.676988,inside,False,True,9.65257,1262,1,1225.18,1,2.07939,2.06562,2.14712,2.21599,1.50343,0.537406,0.526364,,,33,17,8,3,,,,,,50,2.21599,2.21599,200,0.95,3.25659,4.42938,5.02323,4.69959,3.91159,3.16506,2.18726,2.26948,2.38954,8,7,8,14,,,,8,4.98713,1.5,0.0256598,50,5.02323,5.02323,200,0.16,2.9498,6.3741,8.63799,-80,hypo,15.91,-5.027,2.49738e-05,True,<=1.5,True,hypo,False,True
PanTS_00002102,1,4,train,Arterial,1,1,1,2,1,2055,2055,28.6531,20-40,False,6,True,-5.98154,isoattenuating,0,False,head,mask_ring,0.168467,inside,False,True,11.6619,2055,1,2055,1,2.19904,1.90401,1.7066,1.57868,1.2941,1.05467,0.702323,,,,,,19,,,,,,50,2.19904,2.19904,200,0.925,4.32582,6.20694,1.77595,1.658,1.35181,1.08615,1.46217,1.63921,1.5673,,,,,,,,,,,,50,1.77595,1.77595,200,0.99,3.98251,7.50333,9.88693,-7.019,iso,16.25,-0.432,0.000852567,True,<=1.5,True,iso,False,False
PanTS_00002102,2,4,train,Arterial,1,1,1,2,1,9,9,2.82843,<5,False,6,False,-2.99077,isoattenuating,0,False,head,mask_ring,0.247915,inside,False,True,23.0434,9,1,9,1,2.90552,2.3452,2.06226,2.00725,1.29381,0.533895,0.0496946,,,,,,,,,,,,50,2.90552,2.90552,200,0.255,1.89668,4.42264,1.62132,0.960537,1.15299,1.49732,2.13497,2.51661,2.5296,,,,,,,,,,,,50,2.5296,2.5296,200,0.42,2.31072,4.32972,3.29038,-2.014,iso,16.25,-0.124,0.000711057,True,<=1.5,True,iso,True,False
PanTS_00002102,3,4,train,Arterial,1,1,1,2,1,3,3,2,<5,True,6,False,-30.9758,hypoattenuating,0,False,head,mask_ring,0.289967,inside,False,True,30.2655,3,1,3,1,0.629187,0.346102,-0.0882081,-0.457005,-1.13674,-1.08596,-0.470208,,,,,,,,,,,,50,0.629187,0.629187,200,0.935,1.55016,4.25039,1.36971,1.58896,1.95563,2.04738,1.87093,1.65707,1.42299,,,,,,,,,,,,50,2.04738,2.04738,200,0.54,2.14182,3.90806,2.8947,-30,hypo,16.25,-1.846,0.00033732,True,<=1.5,True,hypo,False,False
PanTS_00002102,4,4,train,Arterial,1,1,1,2,1,3,3,2,<5,True,6,False,8.02625,isoattenuating,0,False,head,mask_ring,0.243414,inside,False,True,22.2036,3,1,3,1,3.71874,3.8452,3.48784,2.96586,2.00886,1.19924,0.632659,,,,,,,,,,,,50,3.8452,3.8452,200,0.125,1.57688,4.43507,1.32479,1.0852,0.7819,0.529168,0.0409097,-0.139597,0.405623,,,,,,,,,,,,50,1.32479,1.32479,200,0.88,2.34689,3.87618,2.8947,9.003,iso,16.25,0.5541,0.00146075,True,<=1.5,True,iso,False,False
PanTS_00002102,5,4,train,Arterial,1,1,1,2,1,588,588,22.561,20-40,False,6,False,-5.98154,isoattenuating,0,False,head,mask_ring,0.249083,inside,False,True,2,588,1,588,1,2.79091,2.07169,1.50093,1.41655,1.60594,1.42374,0.975884,,,,,,,,,,,,50,2.79091,2.79091,200,0.715,3.77457,5.71339,2.73298,1.80405,1.2968,0.861416,1.04448,1.04638,1.00386,,,,,,,,,,,,50,2.73298,2.73298,200,0.755,3.46835,6.88962,7.19712,7.996,iso,16.25,0.4921,0.00103829,True,<=1.5,True,iso,False,False
PanTS_00002102,6,4,train,Arterial,1,1,1,2,1,3,3,2,<5,True,6,False,-32.99,hypoattenuating,0,False,head,mask_ring,0.28302,inside,False,True,23.8537,3,1,3,1,1.12952,0.723123,0.452487,0.1851,-0.196977,-0.180549,0.00212071,,,,,,,,,,,,50,1.12952,1.12952,200,0.71,1.69055,4.51994,1.23931,0.656476,0.435647,0.680317,1.19334,1.16413,0.921817,,,,,,,,,,,,50,1.23931,1.23931,200,0.885,2.20483,4.21407,2.8947,-32.01,hypo,16.25,-1.97,0.000407653,True,<=1.5,True,hypo,False,False
PanTS_00002107,1,0,train,Non-contrast,0.710938,0.710938,0.8,2,0.8,1514,612.179,24.5753,20-40,False,1,True,-5,isoattenuating,0,False,head,mask_ring,-0.0182947,embedded,False,False,,627,0.992074,612.179,1,2.8044,2.84324,2.60788,2.4043,2.07373,1.78377,1.49427,,,,48,,,,,,,,50,2.84324,2.84324,200,0.865,4.01538,5.32091,2.66605,2.31643,2.01991,1.69293,1.97033,2.0791,2.11353,,,,,,,,,,,,50,2.66605,2.66605,200,0.65,3.12739,4.83804,7.2674,-14,hypo,19.23,-0.7281,0.00128682,True,<=1.5,False,hypo,False,False
PanTS_00002123,1,3,train,Non-contrast,0.822266,0.822266,0.8,2,0.8,1501,811.886,25.0974,20-40,False,2,False,0,isoattenuating,0,False,head,mask_ring,0.00787558,inside,False,True,58.6677,798,1,811.886,1,2.4754,1.92148,1.15656,1.09615,1.11871,0.885636,0.824217,,,,,,,,,,,,50,2.4754,2.4754,200,0.645,2.61253,3.38013,3.00119,2.23577,2.2731,2.42079,2.08241,1.83406,1.87865,,,,,,,,,,,,50,3.00119,3.00119,200,0.615,3.18133,4.43846,7.7872,3.5,iso,59.01,0.05931,0.00013342,True,<=1.5,False,iso,True,False
PanTS_00002123,2,3,train,Non-contrast,0.822266,0.822266,0.8,2,0.8,5905,3193.99,32.5166,20-40,False,2,True,7,isoattenuating,0,False,head,mask_ring,0.125934,inside,False,True,31.0731,3183,1,3193.99,1,2.54964,2.23874,2.10489,2.08549,1.6639,1.21931,0.917008,,,,,,,,,,,,50,2.54964,2.54964,200,0.855,2.92073,3.55359,2.99576,2.79853,2.85382,2.83751,2.38142,2.44642,2.41035,,,33,25,33,29,,,,,,50,2.99576,2.99576,200,0.84,3.39306,4.43846,11.1358,8,iso,59.01,0.1356,0.000140919,True,<=1.5,False,iso,False,False
PanTS_00002126,1,4,train,Non-contrast,1.5,1.5,1.5,2,1.5,94,317.25,13.5,10-20,False,1,True,-52.5,hypoattenuating,0,False,head,mask_ring,0.163529,embedded,False,True,15.6605,309,0.946809,317.25,0.935275,2.40289,2.35388,2.62599,2.67841,1.98223,1.08681,0.746664,,,,,,,,,,,,50,2.67841,3.52044,200,0.77,3.57432,5.2469,2.3763,1.84782,1.61464,1.4026,0.920002,0.224317,0.020696,,,,42,,,,,,,,50,2.3763,2.90126,200,0.6,2.71389,5.88816,6.23095,-45.5,hypo,28.51,-1.596,0.000214022,True,<=1.5,False,hypo,False,False
PanTS_00002142,1,3,train,Non-contrast,0.78125,0.78125,0.8,2,0.8,7751,3784.67,30.3272,20-40,False,2,True,-11,hypoattenuating,0.492192,True,head,mask_ring,0.00782325,inside,False,True,34.3165,3723,1,3784.67,1,2.45421,2.47378,2.44056,2.04976,1.3928,1.0232,0.934356,,29,,,10,4,,,,,,50,2.47378,2.47378,200,0.725,2.70109,3.29908,3.171,2.68305,2.39877,1.99475,1.79294,1.68636,1.67871,33,45,47,50,30,22,11,34,3.171,1.5,0.249627,50,3.171,3.171,200,0.705,3.27334,3.82593,11.6675,-8,iso,55.7,-0.1436,0.997872,False,<=1.5,False,iso,False,False
PanTS_00002142,2,3,train,Non-contrast,0.78125,0.78125,0.8,2,0.8,3642,1778.32,26.1673,20-40,False,2,False,6,isoattenuating,0,False,head,mask_ring,0.120745,inside,False,True,9.31669,1833,1,1778.32,1,2.33159,1.80138,1.66886,1.35088,0.691063,0.326739,0.19896,,,,,,,,,,,,50,2.33159,2.33159,200,0.72,2.57974,3.19325,2.7667,2.61217,2.65008,2.24427,2.21458,2.22876,2.18144,,,,35,38,27,,,,,,50,2.7667,2.7667,200,0.915,3.20692,3.82593,9.51578,10,iso,55.7,0.1795,0.000144824,True,<=1.5,False,iso,False,False
PanTS_00002177,1,2,train,Non-contrast,0.75,0.75,0.8,2,0.8,8595,3867.75,29.4404,20-40,False,1,True,8,isoattenuating,0,False,head,mask_ring,0.0790542,abutting,False,True,20.4044,3888,0.818034,3867.75,0.816615,2.33807,2.2416,2.21988,2.07476,1.85255,1.64557,1.27534,30,36,38,22,,,,32,2.30403,1.5,0.711616,50,2.33807,2.33807,200,0.9,2.61373,2.99579,2.19937,1.66816,1.44535,1.47352,1.55301,1.89055,2.10579,,,,36,16,,,,,,,50,2.19937,2.57771,200,1,3.14191,3.51912,11.7377,8,iso,36.14,0.2214,7.22608e-05,True,<=1.5,False,iso,False,False
PanTS_00002186,1,4,train,Non-contrast,0.78125,0.78125,0.8,2,0.8,669,326.66,12.5614,10-20,False,1,True,2,isoattenuating,0,False,head,mask_ring,0.492494,inside,False,True,12.2269,342,1,326.66,1,1.84426,1.55971,0.831956,0.0734717,-0.767277,-0.930933,-0.83423,,,,,,,,,,,,50,1.84426,1.84426,200,0.825,2.26512,2.97868,2.36056,2.41889,2.38272,2.32066,2.36131,2.35412,2.25576,,,,32,14,6,5,,,,,50,2.41889,2.41889,200,0.755,2.73575,3.49289,6.27237,-4.5,iso,55.03,-0.08177,2.49738e-05,True,<=1.5,False,iso,True,False
PanTS_00002187,1,0,train,Non-contrast,1.54492,5,1.54492,2,1.54492,631,7530.3,35.076,20-40,False,2,True,0,isoattenuating,0,False,head,mask_ring,0.225401,inside,False,True,8.31966,7510,0.667195,7530.3,0.67217,2.72887,2.62794,2.36914,2.54844,2.178,1.22139,0.551542,,28,16,5,2,2,2,,,,,50,2.72887,4.57685,200,0.975,4.06091,4.72183,2.92674,2.94921,2.74513,2.56631,2.40177,2.20207,1.96708,,,,,36,19,13,,,,,50,2.94921,3.02715,200,1,4.39413,5.20706,14.1593,-3,iso,21.55,-0.1392,0.000401335,True,1.5-2.5,False,iso,True,False
PanTS_00002187,2,0,train,Non-contrast,1.54492,5,1.54492,2,1.54492,8,95.4713,5.5703,5-10,False,2,False,15,hyperattenuating,0,False,head,mask_ring,0.352416,inside,False,True,11.0218,90,1,95.4713,1,0.798795,0.836517,1.08559,1.58353,1.51931,0.673613,-0.0278886,,,,,,,,,,,,50,1.58353,1.58353,200,0.785,2.27496,3.93175,1.76076,1.86468,2.24096,2.4688,2.33298,1.77091,1.50129,,,,,,,,,,,,50,2.4688,2.4688,200,0.77,3.07269,4.42023,4.83527,15,hyper,21.55,0.6961,0.000160931,True,1.5-2.5,False,hyper,False,False
PanTS_00002196,1,4,train,Non-contrast,0.828125,0.828125,5,2,5,250,857.239,13.6578,10-20,False,2,False,-22,hypoattenuating,0,False,body,mask_ring,,inside,False,True,8.91918,850,1,857.239,1,1.22718,0.883051,0.728449,0.608184,0.808208,1.03378,1.22186,,,,,,,,,,,,50,1.22718,1.95891,200,0.985,3.11362,5.62109,1.92924,1.71988,1.73549,1.83272,2.03078,2.37811,2.49586,,,,,,,,,,,,50,2.49586,2.49586,200,0.94,3.78393,8.52774,7.89302,-29.5,hypo,8.288,-3.559,0.00117867,True,2.5-5,False,hypo,False,False
PanTS_00002196,2,4,train,Non-contrast,0.828125,0.828125,5,2,5,486,1666.47,17.5831,10-20,False,2,True,-5,isoattenuating,0,False,body,mask_ring,,inside,False,True,17.4514,1655,1,1666.47,1,4.7047,4.6055,4.25155,3.9967,4.1239,3.60474,2.9001,12,14,,,,,,13,4.03534,1.5,0.0785076,50,4.7047,4.7047,200,0.15,3.15543,6.27844,2.56942,1.97194,1.68477,1.40948,1.58984,1.68701,1.70336,,50,42,27,17,10,,,,,,50,2.56942,2.56942,200,0.97,4.49095,10.0478,9.35478,-4,iso,8.288,-0.4826,2.68978e-05,True,2.5-5,False,iso,True,False
PanTS_00002205,1,3,train,Venous,1,1,1,2,1,1554,1554,30.7409,20-40,False,6,True,-24.9943,hypoattenuating,0,False,body,mask_ring,0.547756,inside,False,True,59.6741,1554,1,1554,1,3.99263,3.87896,3.66066,3.05691,1.71342,1.0449,0.900396,,,,,,31,,,,,,50,3.99263,3.99263,200,0.305,3.56556,5.26607,3.46644,2.43736,1.61059,1.20187,1.24276,1.07418,0.915534,,,,,,,,,,,,50,3.46644,3.46644,200,0.515,3.50131,5.81683,9.18545,-26,hypo,9.955,-2.612,9.09884e-05,True,<=1.5,True,hypo,False,False
PanTS_00002205,2,3,train,Venous,1,1,1,2,1,21,21,3.74166,<5,False,6,False,-5.00496,isoattenuating,0,False,body,mask_ring,0.645844,inside,False,True,105.816,21,1,21,1,1.65181,1.52072,1.27988,1.2598,1.50267,1.4324,1.12792,,,,,,,,,,,,50,1.65181,1.65181,200,0.72,1.95594,4.2164,1.97275,2.19524,2.09628,1.78373,0.939801,0.391561,0.0990617,,,,,,,,,,,,50,2.19524,2.19524,200,0.54,2.30674,3.78691,3.7115,-6.012,iso,9.955,-0.6039,1.75029e-05,True,<=1.5,True,iso,False,False
PanTS_00002205,3,3,train,Venous,1,1,1,2,1,4,4,1.41421,<5,True,6,False,-61.0056,hypoattenuating,0,False,body,pc1_boundary,0.402458,inside,False,True,40.7308,4,1,4,1,1.61827,1.7058,1.49371,1.24943,0.85251,0.327135,-0.0584535,,,,,,,,,,,,50,1.7058,1.7058,200,0.465,1.6115,3.86011,1.28826,1.06622,1.14877,1.29428,1.31908,1.13332,0.964692,,,,,,,,,,,,50,1.31908,1.31908,200,0.855,2.07591,3.81886,2.98475,-62.01,hypo,9.955,-6.229,1.94093e-06,True,<=1.5,True,hypo,False,False
PanTS_00002205,4,3,train,Venous,1,1,1,2,1,489,489,16.2481,10-20,False,6,False,-63.9963,hypoattenuating,0.391195,True,tail,pc1_boundary,0.709547,inside,False,True,105.991,489,1,489,1,2.61889,2.2236,1.96929,2.25336,2.27897,1.66998,1.11833,,,,,,,,,,,,50,2.61889,2.61889,200,0.67,2.97134,4.99472,2.51482,2.18868,2.07126,2.07903,1.81691,1.40103,0.973495,,,,,,,,,,,,50,2.51482,2.51482,200,0.795,3.03057,5.1359,6.88735,-72.51,hypo,9.955,-7.284,0.998436,False,<=1.5,True,hypo,False,True
PanTS_00002205,5,3,train,Venous,1,1,1,2,1,6,6,2.23607,<5,True,6,False,-56.5042,hypoattenuating,0,False,tail,pc1_boundary,0.760686,inside,False,True,122.87,6,1,6,1,2.02094,1.76874,1.69069,1.63104,1.29577,0.90749,0.602094,,,,,,,,,,,,50,2.02094,2.02094,200,0.435,1.86912,3.73288,0.879968,0.616885,0.387129,0.238364,0.360867,0.439261,0.470169,,,,,,,,,,,,50,0.879968,0.879968,200,0.955,2.22027,4.13209,3.12725,-57.51,hypo,9.955,-5.777,0.000376293,True,<=1.5,True,hypo,False,False
PanTS_00002205,6,3,train,Venous,1,1,1,2,1,93,93,12.2474,10-20,False,6,False,-53.0098,hypoattenuating,0,False,tail,pc1_boundary,0.880341,inside,False,True,149.963,93,1,93,1,2.41296,2.09888,1.5987,1.38996,1.35157,1.45288,1.57961,,,,,,,,,,,,50,2.41296,2.41296,200,0.505,2.41625,3.93383,1.88104,1.68291,1.56367,1.4628,1.23736,0.999253,0.715007,,,,,,,,,,,,50,1.88104,1.88104,200,0.9,2.61848,4.28549,4.81059,-42.02,hypo,9.955,-4.221,9.46126e-05,True,<=1.5,True,hypo,False,True
PanTS_00002211,1,2,train,Non-contrast,0.976562,0.976562,0.625,2,0.625,18174,10832.5,37.8699,20-40,False,1,True,9,isoattenuating,0.77668,True,head,mask_ring,0.0817253,inside,False,True,33.367,10938,0.95356,10832.5,0.952002,2.52129,2.40669,2.58423,2.52316,2.01995,1.45833,1.14006,36,48,,44,10,,,42,2.52129,1.5,0.556279,50,2.58423,2.95982,200,0.8,2.90916,3.58438,3.45499,2.51142,2.3067,2.28348,2.39598,2.30644,2.07251,44,47,36,32,20,13,7,46,3.18843,1.5,0.307112,50,3.45499,3.45499,200,0.855,3.8668,4.44007,15.7261,9,iso,46.74,0.1925,0.999723,False,<=1.5,False,iso,False,False
PanTS_00002213,1,2,train,Non-contrast,0.658203,0.658203,2.51689,2,2.51689,3395,3701.89,28.8301,20-40,False,2,True,-16,hypoattenuating,0.370802,True,head,mask_ring,0.0794129,inside,False,True,6.01413,3777,0.779971,3701.89,0.772306,3.66012,3.88512,3.3356,3.0044,2.77768,2.37078,2.11268,,,31,15,,,,,,,,50,3.88512,3.88512,200,0.905,5.17878,7.58014,2.56414,2.36669,1.87992,1.4465,1.30502,1.48253,1.73917,,39,30,27,21,,,,,,,50,2.56414,2.92815,200,1,4.00202,7.60784,11.5965,-17,hypo,9.614,-1.768,0.99912,False,2.5-5,False,hypo,False,False
PanTS_00002213,2,2,train,Non-contrast,0.658203,0.658203,2.51689,2,2.51689,985,1074.04,19.0032,10-20,False,2,False,-5,isoattenuating,0,False,body,mask_ring,0.382095,inside,False,True,36.0044,1040,1,1074.04,1,1.5554,0.976455,0.979723,1.1079,1.15873,1.04984,0.822037,,,39,25,,,,,,,,50,1.5554,1.5554,200,1,4.37016,6.56326,2.28252,2.18366,1.94282,1.93427,2.09831,1.9074,2.22419,,40,29,,12,,,,,,,50,2.28252,2.28252,200,0.97,3.6918,5.49675,8.35298,-4,iso,9.614,-0.4161,0.00025614,True,2.5-5,False,iso,True,False
PanTS_00002232,1,2,train,Arterial,0.820312,0.820312,2.5,2,2.5,3867,6505.37,26.1627,20-40,False,1,True,-28,hypoattenuating,0.840493,True,body,mask_ring,0.643076,inside,False,True,0.820312,6521,1,6505.37,1,4.04663,4.36557,4.19549,3.85447,3.70192,3.28011,2.90692,,,35,19,7,,,,,,,50,4.36557,4.36557,200,0.775,4.66099,6.12823,4.18278,4.08063,3.99557,3.86479,3.66843,3.17548,3.26765,21,26,30,8,4,4,4,24,4.18278,1.5,0.412838,50,4.18278,4.18278,200,0.62,4.50526,6.3159,13.5805,-29,hypo,13.59,-2.134,0.999946,False,1.5-2.5,True,hypo,False,False
PanTS_00002235,1,0,train,Non-contrast,0.748047,0.748047,5,2,5,572,1600.38,18.3799,10-20,False,3,False,4,isoattenuating,0,False,body,mask_ring,0.643356,inside,False,True,50.0191,1610,1,1600.38,1,1.94108,1.28563,0.838598,0.947181,1.01828,0.757228,0.373403,,,40,23,,,,,,,,50,1.94108,1.94108,200,0.97,3.75987,5.77332,2.17174,2.03727,1.93446,1.83482,2.25502,2.2421,2.4338,,41,33,24,9,6,6,,,,,50,2.4338,2.4338,200,0.93,3.46767,4.84831,9.25624,13.5,hyper,8.62,1.566,0.00273622,True,2.5-5,False,hyper,False,False
PanTS_00002235,2,0,train,Non-contrast,0.748047,0.748047,5,2,5,833,2330.63,31.3259,20-40,False,3,True,3,isoattenuating,0,False,head,pc1_boundary,0.189268,separated,True,True,22.3749,2290,0,2330.63,0,,,,,,,,,,,,,,,,,,,50,,3.30752,,,,,,,,,,,,,,,,,,,,,,,50,,2.6805,,,,,10.2249,30,hyper,8.62,3.48,0.000148258,True,2.5-5,False,hyper,False,False
PanTS_00002235,3,0,train,Non-contrast,0.748047,0.748047,5,2,5,366,1024.02,15.7921,10-20,False,3,False,-8.5,isoattenuating,0,False,head,mask_ring,0.0931069,abutting,False,True,16.5095,1010,0.54918,1024.02,0.573267,2.19936,2.32989,2.34342,2.36028,2.09929,1.71098,1.3115,,,,,,,,,,,,50,2.36028,2.86715,200,0.825,3.35527,5.62023,4.3314,3.49805,2.66072,2.01833,1.18982,0.917244,0.852619,,,,,16,,,,,,,50,4.3314,5.01606,200,0.145,3.25748,4.81923,8.25278,-5,iso,8.62,-0.5801,0.000312588,True,2.5-5,False,iso,True,False
PanTS_00002243,1,3,train,Non-contrast,0.761719,0.761719,5,2,5,2666,7734.27,41.3677,>=40,False,1,True,-8,isoattenuating,0,False,tail,mask_ring,0.916188,inside,False,True,63.8986,7710,0.98162,7734.27,0.979767,3.98975,4.53905,4.64702,4.50918,4.27356,3.78715,3.25894,,,34,13,7,4,,,,,,50,4.64702,5.351,200,0.86,6.26577,9.63526,3.95815,3.42944,3.83137,3.73725,2.9083,1.94578,1.21375,36,32,15,11,15,7,9,36,3.95815,1.5,0.219568,50,3.95815,3.96811,200,0.8,4.98029,6.13731,14.2681,0,iso,12.6,0,0.0319192,True,2.5-5,False,iso,True,False
PanTS_00002249,1,0,train,Non-contrast,0.78125,0.78125,2,2,2,51940,63403.3,77.4629,>=40,False,1,True,36,hyperattenuating,0.682864,True,tail,mask_ring,0.815742,inside,False,False,,63070,0.734501,63403.3,0.72762,4.14999,4.23054,3.87455,4.1401,4.28016,3.48047,2.44162,13,6,22,11,9,8,2,9,3.96643,2,0.0269642,50,4.28016,4.28016,200,0.11,3.94147,4.59622,3.81009,3.78424,3.27632,3.06629,2.65823,2.2904,2.05717,16,8,6,4,5,4,1,19,3.46494,1.5,0.157162,50,3.81009,3.92005,200,0.885,4.50314,4.87245,26.7367,40,hyper,12.27,3.261,0.997556,False,1.5-2.5,False,hyper,False,False
PanTS_00002262,1,4,train,Non-contrast,0.765625,0.765625,0.8,2,0.8,1589,745.154,20.3314,20-40,False,1,True,,unknown,0,False,head,mask_ring,,abutting,False,False,,691,0.681561,745.154,0.68741,3.33038,2.60259,1.74533,1.7109,1.01593,0.324343,-0.0183204,4,5,3,4,,,,4,3.33038,1.5,0.150661,50,3.33038,3.33038,200,0.265,3.12402,3.99292,3.19224,2.08541,1.77899,2.03024,2.23063,2.07602,2.28384,8,24,25,,,,,13,3.19224,1.5,0.594985,50,3.19224,3.19224,200,0.835,4.32083,5.7447,7.62409,-38,hypo,42.1,-0.9025,6.32743e-05,True,<=1.5,False,hypo,False,False
PanTS_00002269,1,4,train,Venous,0.777344,0.777344,1.25,2,1.25,19466,14703.2,42.0432,>=40,False,1,True,-9,isoattenuating,0.742353,True,head,mask_ring,0.354441,inside,False,True,0,14677,0.978732,14703.2,0.980854,4.31278,3.89067,3.81919,3.7628,3.52309,3.07867,2.49073,14,37,31,16,6,3,2,16,4.31278,1.5,0.00366179,50,4.31278,4.57882,200,0.84,5.13235,8.11373,3.55755,3.42164,3.69723,3.93757,4.04387,3.78184,3.28051,,39,26,16,10,7,6,,,,,50,4.04387,4.06083,200,0.91,5.36676,6.77027,17.1976,-8,iso,18.57,-0.4309,0.99711,False,<=1.5,True,iso,False,False
PanTS_00002275,1,0,train,Non-contrast,0.689453,0.689453,1.5,2,1.5,6800,4848.53,27.9327,20-40,False,1,True,-9,isoattenuating,0.166361,True,head,mask_ring,0.128592,abutting,False,True,23.2473,4839,0.246324,4848.53,0.253565,3.10539,3.22469,2.93464,2.5761,1.8861,1.3,1.33088,,,34,24,,,,,,,,50,3.22469,3.22469,200,0.98,6.95293,8.28476,2.71184,2.32497,1.72616,1.2918,1.14788,0.666358,0.329287,,,43,30,,,,,,,,50,2.71184,4.08413,200,1,4.62888,5.05554,12.4996,-9,iso,8.288,-1.086,0.922343,False,<=1.5,False,iso,False,False
PanTS_00002276,1,1,train,Non-contrast,1.5,1.5,1.5,2,1.5,554,1869.75,21.1069,20-40,False,1,True,6,isoattenuating,0,False,body,mask_ring,0.646102,inside,False,True,46.5242,1863,1,1869.75,1,1.91371,1.92211,1.64215,1.28095,0.750433,0.441519,0.390583,,,,,,,,,,,,50,1.92211,1.92211,200,0.86,2.41817,3.22725,2.72436,2.58673,2.40732,2.44571,2.59409,2.5796,2.49779,40,32,30,16,9,3,2,47,2.72436,1.5,0.368957,50,2.72436,2.72436,200,0.715,3.02602,4.36648,9.64243,9,iso,12.93,0.6961,3.53563e-05,True,<=1.5,False,iso,False,False
PanTS_00002279,1,1,train,Venous,0.777344,0.777344,2.5,2,2.5,4643,7013.99,35.8786,20-40,False,1,True,-2,isoattenuating,0.455629,True,head,mask_ring,0.110691,inside,False,True,0,7040,1,7013.99,1,5.14252,3.60173,2.40608,2.36779,2.20043,1.94076,1.6064,4,1,9,14,3,,3,4,4.96976,1.5,0.0154786,50,5.14252,5.14252,200,0.025,3.14961,3.60647,3.25081,3.22535,3.33993,3.37487,3.1628,2.96718,3.20917,,,46,39,17,14,8,,,,,50,3.37487,3.37487,200,0.465,3.30099,4.70539,13.8748,-4,iso,21.55,-0.1856,0.997464,False,1.5-2.5,True,iso,True,False
PanTS_00002287,1,2,train,Non-contrast,0.785156,0.785156,2.5,2,2.5,883,1360.86,26.0816,20-40,False,1,True,0,isoattenuating,0.109208,True,head,mask_ring,0.176709,inside,False,False,,1376,1,1360.86,1,1.74025,1.42524,1.40413,1.32411,1.11341,0.90967,0.991679,,,34,20,,,,,,,,50,1.74025,1.74025,200,0.945,3.96316,6.44492,3.06665,2.57224,2.02553,1.58713,1.09103,1.3792,1.51188,,,,,,,,,,,,50,3.06665,3.06665,200,0.715,3.66905,6.32624,8.8745,-1,iso,9.283,-0.1077,0.803174,False,1.5-2.5,False,iso,True,False
PanTS_00002304,1,3,train,Arterial,0.742188,0.742188,1.25,2,1.25,13420,9240.39,37.4854,20-40,False,1,True,-7,isoattenuating,0.741241,True,head,mask_ring,0.0566004,inside,False,True,0,9364,1,9240.39,1,2.86821,2.4782,2.12322,2.06905,2.3854,2.49518,2.1089,,,,,24,7,6,,,,,50,2.86821,2.86821,200,0.995,4.09924,5.86536,4.66506,3.78694,3.11619,2.80419,2.76605,2.55043,2.12253,,,43,28,15,11,9,,,,,50,4.66506,4.66506,200,0.615,5.25345,7.5726,15.0177,-3,iso,20.22,-0.1483,0.996727,False,<=1.5,True,iso,True,False
PanTS_00002323,1,1,train,Non-contrast,0.941406,0.941406,5,2,5,205,908.401,17.2006,10-20,False,1,True,-14,hypoattenuating,0,False,body,mask_ring,0.490744,inside,False,True,38.4737,910,0.97561,908.401,0.968132,2.81695,2.04958,2.14775,2.58333,2.8947,2.91921,2.76128,,48,34,29,,,,,,,,50,2.91921,2.91921,200,0.83,4.48103,6.21246,3.63048,3.59199,3.18236,2.8187,2.3153,2.21396,1.66301,,,,,,,,,,,,50,3.63048,3.70963,200,0.345,3.21922,4.86875,8.008,-17,hypo,7.625,-2.23,0.103749,True,2.5-5,False,hypo,False,False
PanTS_00002329,1,1,train,Venous,0.695312,0.695312,1.25,2,1.25,11885,7182.38,27.3492,20-40,False,1,True,3,isoattenuating,0.446304,True,tail,mask_ring,0.905123,inside,False,False,,7094,1,7182.38,1,3.90471,3.77547,3.50168,2.89375,2.18045,2.17995,2.23834,18,21,48,21,9,4,,19,3.69274,1.5,0.0124392,50,3.90471,3.90471,200,0.365,3.72873,4.25794,3.6057,3.39052,3.16715,3.09327,2.67096,2.48707,2.45732,6,5,6,2,1,1,1,8,3.6057,1.5,0.307065,50,3.6057,3.6057,200,0.55,3.69859,4.88265,13.9691,-2,iso,13.92,-0.1436,0.978508,False,<=1.5,True,iso,True,False
PanTS_00002340,1,1,train,Non-contrast,0.976562,0.976562,1,2,1,789,752.449,14.0461,10-20,False,1,True,10,isoattenuating,0,False,tail,mask_ring,0.557866,inside,False,True,23.0638,735,1,752.449,1,1.49987,1.27568,1.14812,1.09047,1.31382,1.28815,1.33234,,,,34,,,,,,,,50,1.49987,1.49987,200,0.985,2.84749,3.98205,2.30259,2.41449,2.28887,2.00771,1.66737,1.68976,2.05562,,22,13,10,12,9,,,,,,50,2.41449,2.41449,200,0.785,2.92812,6.27198,7.64239,11,hyper,15.58,0.706,0.014337,True,<=1.5,False,hyper,False,False
PanTS_00002345,1,4,train,Venous,0.976562,0.976562,5,2,5,932,4444.12,25.6495,20-40,False,1,True,-7,isoattenuating,0.588117,True,head,mask_ring,0.111339,inside,False,True,3.52104,4370,1,4444.12,1,2.61719,1.99401,1.76908,1.62703,1.24728,0.834549,0.405748,,,45,32,8,2,1,,,,,50,2.61719,2.61719,200,0.945,3.78801,5.15343,2.35776,1.95581,1.98797,1.96507,1.59413,1.69898,1.65324,,,,,,,,,,,,50,2.35776,2.35776,200,0.995,3.7489,4.98876,12.1992,-14,hypo,9.283,-1.508,0.997389,False,2.5-5,True,hypo,False,False
PanTS_00002353,1,0,train,Non-contrast,1.5,1.5,1.5,2,1.5,894,3017.25,29.0086,20-40,False,1,True,-8,isoattenuating,0,False,head,mask_ring,0.0743731,inside,False,True,13.5831,3039,0.991051,3017.25,0.99309,4.70113,3.59549,2.88218,2.41165,1.79113,1.58724,1.41506,,38,25,25,10,8,,,,,,50,4.70113,4.77475,200,0.545,4.82479,8.86333,6.94639,5.63505,4.93663,4.27857,4.28241,4.72042,4.65882,1,11,10,2,3,1,1,1,6.94639,1.5,0.0512967,50,6.94639,6.94639,200,0.035,4.26625,6.84281,10.9641,-6,iso,7.293,-0.8227,0.000255141,True,<=1.5,False,iso,False,False
PanTS_00002362,1,2,train,Non-contrast,0.662,0.662,0.8,2,0.8,16358,5735.04,53.1526,>=40,False,2,True,-4,isoattenuating,0,False,head,mask_ring,0.124558,abutting,False,False,,5796,0.667135,5735.04,0.658213,4.64832,3.98936,2.83391,2.04804,1.03082,0.762428,0.584364,47,39,20,8,5,,,,,,,50,4.64832,4.64832,200,0.91,6.9479,11.1332,3.8007,3.88767,3.09982,2.60276,2.46164,3.24776,3.92198,28,19,42,20,19,,4,32,3.88767,2,0.0922093,50,3.92198,3.92198,200,0.835,4.99891,17.3758,13.1041,-4,iso,24.2,-0.1653,0.00059418,True,<=1.5,False,iso,True,False
PanTS_00002362,2,2,train,Non-contrast,0.662,0.662,0.8,2,0.8,1260,441.75,22.3687,20-40,False,2,False,-11,hypoattenuating,0,False,head,pc1_boundary,0.231748,separated,True,False,,443,0,441.75,0,0.878579,0.432005,0.400731,0.371754,0.138921,0.077246,0.00923815,,,,,,,,,,,,50,0.878579,3.68974,200,1,5.09077,7.58844,1.11917,1.31758,1.31357,1.47492,1.44906,1.17444,0.998716,,,,,,,,,,,,50,1.47492,3.1396,200,1,3.95572,6.45757,6.72457,-10.5,hypo,24.2,-0.4339,0.000340629,True,<=1.5,False,hypo,False,False
PanTS_00002388,1,1,train,Arterial,0.763672,0.763672,1.25,2,1.25,33662,24539.4,58.0039,>=40,False,1,True,-12,hypoattenuating,0.739834,True,head,mask_ring,0.147792,inside,False,True,0,24490,0.974511,24539.4,0.973989,4.18888,3.37889,2.81678,2.45354,2.1503,2.39152,2.36003,14,11,15,12,2,2,1,14,4.18888,1.5,0.187999,50,4.18888,4.18888,200,0.82,4.94824,5.49663,6.54832,5.08506,5.15132,5.36287,4.94125,4.02544,3.24981,9,18,18,17,10,10,8,9,6.54832,1.5,0.0399345,50,6.54832,9.11527,200,0.855,7.8998,9.25521,20.0271,-6,iso,21.88,-0.2742,0.997493,False,<=1.5,True,iso,False,False
PanTS_00002396,1,3,train,Non-contrast,0.787109,0.787109,2.59024,2,2.59024,758,1216.41,23.7962,20-40,False,1,True,0,isoattenuating,0,False,tail,mask_ring,0.877137,inside,False,True,71.9521,1251,1,1216.41,1,2.40957,2.88979,2.90301,2.44788,1.50151,0.912992,1.11676,,18,,,,,,,,,,50,2.90301,2.90301,200,0.695,3.22646,3.92056,2.2926,2.54401,2.49798,2.47238,2.66415,3.07453,3.2239,,,40,25,,,,,,,,50,3.2239,3.2239,200,0.475,3.18463,4.67993,8.62211,30.5,hyper,13.1,2.329,0.000374096,True,2.5-5,False,hyper,False,False
PanTS_00002417,1,4,train,Non-contrast,0.732422,0.732422,5,2,5,361,968.278,18.1132,10-20,False,2,True,-8,isoattenuating,0,False,tail,mask_ring,0.946859,inside,False,True,58.5001,960,0.839335,968.278,0.827083,3.41139,3.65053,3.52556,3.8103,4.01429,4.00449,3.77214,,33,16,7,3,,,,,,,50,4.01429,4.01429,200,0.71,4.61913,6.84588,3.19984,2.94301,2.56406,2.43615,1.99215,1.4959,1.1037,,23,24,20,,,,,,,,50,3.19984,3.19984,200,0.725,3.90173,5.65331,8.1372,-12,hypo,13.59,-0.8829,6.60521e-05,True,2.5-5,False,hypo,False,False
PanTS_00002417,2,4,train,Non-contrast,0.732422,0.732422,5,2,5,284,761.748,16.3842,10-20,False,2,False,7,isoattenuating,0,False,head,mask_ring,0.46013,abutting,False,True,29.3008,815,0.285211,761.748,0.282209,4.65967,4.09559,3.10637,2.23968,1.67725,1.38867,1.31437,,,30,,,,,,,,,50,4.65967,4.65967,200,0.4,4.27824,6.46028,2.40359,1.51652,0.936316,0.837382,0.668151,1.06301,1.50856,,,,,,,,,,,,50,2.40359,6.90552,200,0.91,3.68924,5.5302,7.66553,14,hyper,13.59,1.03,0.000164747,True,2.5-5,False,hyper,False,False
PanTS_00002435,1,3,train,Arterial,0.742188,0.742188,1.25,2,1.25,14171,9757.5,45.1244,>=40,False,1,True,-41,hypoattenuating,0.173487,True,head,mask_ring,0.174068,inside,False,True,0,9777,0.978759,9757.5,0.980362,4.95745,4.73169,3.7567,3.35327,2.33024,1.62163,1.17046,,,18,14,11,,3,,,,,50,4.95745,4.95745,200,0.82,5.84366,6.492,3.30254,2.65791,1.94741,1.97786,2.34438,2.50166,2.61042,,40,50,41,,18,14,,,,,50,3.30254,3.92866,200,0.93,4.81428,9.19979,15.2561,-51,hypo,14.92,-3.419,0.996925,False,<=1.5,True,hypo,False,False
PanTS_00002445,1,1,train,Non-contrast,0.785,0.785,0.8,2,0.8,19667,9695.44,51.7465,>=40,False,1,True,2,isoattenuating,0.159866,True,head,mask_ring,0.147393,inside,False,True,15.4851,9735,0.979153,9695.44,0.979866,3.22342,2.99892,2.9959,2.62228,2.2212,2.40244,2.79233,,,40,21,10,7,,,,,,50,3.22342,3.42164,200,1,5.52007,7.82692,4.30305,3.48243,3.05339,2.60473,2.11464,2.0862,2.01057,11,25,26,23,19,12,5,16,4.30305,1.5,0.656843,50,4.30305,4.30305,200,0.66,4.5486,6.04189,15.228,2,iso,6.962,0.2873,0.89275,False,<=1.5,False,iso,True,False
PanTS_00002451,1,1,train,Non-contrast,5,0.75,0.75,0,5,2107,5925.94,29.0485,20-40,False,1,True,3,isoattenuating,0,False,head,mask_ring,,inside,False,False,,5930,1,5925.94,1,3.02571,2.90064,2.70525,2.4261,1.7757,1.99983,1.72874,37,35,22,7,5,,,38,2.25094,1.5,0.210726,50,3.02571,3.02571,200,0.99,4.47138,5.46558,3.22759,3.29297,3.08802,3.00046,3.17284,3.5319,3.47463,32,25,7,4,10,,,37,2.9478,1.5,0.0913576,50,3.5319,3.5319,200,0.935,4.83573,7.63435,13.2259,4,iso,11.6,0.3447,2.73214e-05,True,2.5-5,False,iso,True,False
PanTS_00002464,1,3,train,Non-contrast,0.816406,0.816406,2.5,2,2.5,829,1381.36,18.516,10-20,False,2,False,-10,isoattenuating,0,False,tail,mask_ring,1.00537,inside,False,True,0.816406,1381,0.989144,1381.36,0.991311,1.72203,1.73001,1.86851,1.87788,1.3165,0.54129,0.454251,,,,,,,,,,,,50,1.87788,1.87788,200,0.935,2.74962,3.92471,3.19226,2.94852,3.06324,3.22016,3.08788,3.21625,3.2334,36,13,,6,,3,,45,2.68292,1.5,0.0919151,50,3.2334,3.26931,200,0.39,3.06658,4.04757,8.90886,-22,hypo,15.25,-1.443,0.00645061,True,1.5-2.5,False,hypo,False,False
PanTS_00002464,2,3,train,Non-contrast,0.816406,0.816406,2.5,2,2.5,2684,4472.34,31.8019,20-40,False,2,True,20,hyperattenuating,0.250326,True,head,mask_ring,0.164036,inside,False,True,0.816406,4497,1,4472.34,1,4.918,3.58262,2.91666,2.76807,1.93326,1.50172,1.17095,6,13,28,23,,4,,6,4.35176,1.5,0.00862251,50,4.918,4.918,200,0.06,3.02379,5.18805,4.9677,6.02632,5.67956,5.05188,3.87159,2.96637,2.30676,4,,40,33,,,4,7,4.9677,1.5,0.0601356,50,6.02632,6.02632,200,0.01,3.30982,5.98598,12.2207,13,hyper,15.25,0.8525,0.971725,False,1.5-2.5,False,hyper,False,False
PanTS_00002466,1,3,train,Non-contrast,0.78125,0.78125,0.8,2,0.8,38417,18758.3,50.1203,>=40,False,1,True,-12,hypoattenuating,0.401406,True,head,mask_ring,0.014764,abutting,False,True,25.3685,18910,0.355285,18758.3,0.359598,3.32618,3.18835,3.64323,3.27455,1.96618,1.15363,1.23063,,,24,12,,,,,,,,50,3.64323,7.01179,200,1,7.65551,8.43669,4.83206,5.60035,5.32488,4.96697,3.99035,3.2254,2.74782,14,48,35,25,,11,,15,4.83206,1.5,0.0573995,50,5.60035,6.56431,200,0.585,5.65597,11.46,18.483,-12,hypo,21.55,-0.5569,0.996708,False,<=1.5,False,hypo,False,False
PanTS_00002468,1,1,train,Non-contrast,0.78125,0.78125,0.8,2,0.8,6568,3207.03,22.5416,20-40,False,1,True,-12,hypoattenuating,0,False,head,mask_ring,0.182702,inside,False,True,73.7367,3207,0.999848,3207.03,1,4.49709,4.10806,3.24998,2.50821,1.45399,1.65546,1.74977,3,1,,16,6,2,,3,4.49709,1.5,0.0421898,50,4.49709,4.49709,200,0.08,3.72303,5.45708,3.29582,2.624,1.98053,1.83922,1.67942,1.56802,1.69782,,,,46,28,,,,,,,50,3.29582,3.29582,200,0.675,3.6612,4.82147,11.1483,-11,hypo,29.84,-0.3687,0.094594,True,<=1.5,False,hypo,False,False
PanTS_00002479,1,4,train,Non-contrast,0.765625,0.765625,0.8,2,0.8,289,135.525,9.03649,5-10,False,5,False,1,isoattenuating,0,False,head,pc1_boundary,0.341987,embedded,False,False,,117,1,135.525,1,1.78207,1.78016,1.53839,1.63291,1.69634,1.74952,1.61473,,,,,,,,,,,,50,1.78207,1.78207,200,0.91,2.39689,3.25773,2.67192,2.03358,1.86083,1.23542,0.309408,0.233879,0.303699,,,,,,,,,,,,50,2.67192,2.67192,200,0.525,2.69119,3.69944,5.18647,15,hyper,41.44,0.362,7.60248e-05,True,<=1.5,False,hyper,False,False
PanTS_00002479,2,4,train,Non-contrast,0.765625,0.765625,0.8,2,0.8,36,16.882,3.62095,<5,False,5,False,-10.5,hypoattenuating,0,False,body,pc1_boundary,0.478969,embedded,False,False,,14,1,16.882,1,1.37039,1.11686,1.77366,2.04663,1.84084,1.54237,1.3021,,,,,,,,,,,,50,2.04663,2.04663,200,0.42,1.87839,2.94732,1.84503,0.944285,0.347003,0.340258,0.0963637,0.0245727,0.312586,,,,,,,,,,,,50,1.84503,1.84503,200,0.83,2.35166,3.47837,3.5914,-11.5,hypo,41.44,-0.2775,1.23631e-05,True,<=1.5,False,hypo,False,False
PanTS_00002479,3,4,train,Non-contrast,0.765625,0.765625,0.8,2,0.8,12,5.62734,2.84688,<5,True,5,False,-67,hypoattenuating,0,False,body,pc1_boundary,0.459412,embedded,False,False,,6,1,5.62734,1,1.33181,1.78421,2.19021,2.24172,1.83332,1.35391,0.883047,,,,,,,,,,,,50,2.24172,2.24172,200,0.265,1.77642,2.85771,2.21855,1.26117,0.713048,0.518258,0.231491,0.362631,0.701817,,,,,,,,,,,,50,2.21855,2.21855,200,0.53,2.26995,3.36385,3.10341,-68,hypo,41.44,-1.641,8.73261e-06,True,<=1.5,False,hypo,False,False
PanTS_00002479,4,4,train,Non-contrast,0.765625,0.765625,0.8,2,0.8,1625,762.036,20.3314,20-40,False,5,True,0,isoattenuating,0,False,head,mask_ring,0.648372,embedded,False,False,,705,0.96,762.036,0.960284,2.16308,1.77529,1.34251,1.1637,0.588351,0.142666,-0.0890869,,,,,24,,,,,,,50,2.16308,2.16308,200,0.915,2.69423,4.24386,2.47816,1.53476,1.67577,1.91354,1.85018,1.83256,1.87378,,,,,36,,,,,,,50,2.47816,2.47816,200,0.935,3.09744,3.94458,7.66625,-6,iso,41.44,-0.1448,8.7503e-05,True,<=1.5,False,iso,False,False
PanTS_00002479,5,4,train,Non-contrast,0.765625,0.765625,0.8,2,0.8,156,73.1555,7.59856,5-10,False,5,False,-3,isoattenuating,0,False,body,pc1_boundary,0.651869,embedded,False,False,,60,1,73.1555,1,1.62821,1.11424,0.955933,1.13223,1.18025,1.19643,1.16421,,,,,,,,,,,,50,1.62821,1.62821,200,0.905,2.26859,3.20065,3.05498,2.21798,2.08255,2.1489,2.12183,1.68058,1.36239,,,,,,,,,,,,50,3.05498,3.05498,200,0.36,2.69978,3.76237,4.59449,19,hyper,41.44,0.4585,0.000114122,True,<=1.5,False,hyper,False,False
PanTS_00002483,1,1,train,Non-contrast,0.878906,0.878906,0.8,2,0.8,1749,1080.85,16.5233,10-20,False,1,True,-2,isoattenuating,0,False,head,mask_ring,0.0634797,inside,False,False,,1086,1,1080.85,1,2.18818,1.4594,1.0453,0.962613,0.706448,0.402577,0.318345,,,,,,,,,,,,50,2.18818,2.18818,200,0.845,2.5235,3.20745,2.24673,2.15341,2.15185,2.38262,2.6926,2.8954,2.80352,,,,32,,,,,,,,50,2.8954,2.8954,200,0.615,3.01582,3.7821,8.36637,-4,iso,37.13,-0.1077,0.000461906,True,<=1.5,False,iso,True,False
PanTS_00002495,1,2,train,Non-contrast,0.782,0.782,5,2,5,2688,8218.88,31.8181,20-40,False,1,True,-24,hypoattenuating,0.824424,True,body,mask_ring,0.606757,abutting,False,True,24.0766,8195,0.24442,8218.88,0.244051,2.63298,2.36921,2.23306,2.24968,2.12895,1.8879,1.62118,,,,32,6,,1,,,,,50,2.63298,2.97005,200,1,4.60721,5.67081,3.47181,2.62354,2.23605,1.99934,1.58477,1.64409,1.51129,16,24,35,24,,8,6,20,3.47181,1.5,0.254055,50,3.47181,3.49402,200,0.675,3.80191,4.87461,14.5191,-22,hypo,4.973,-4.424,0.999789,False,2.5-5,False,hypo,False,False
PanTS_00002497,1,1,train,Non-contrast,0.628906,0.628906,5,2,5,577,1141.08,16.7955,10-20,False,2,False,0,isoattenuating,0,False,tail,mask_ring,0.621718,inside,False,False,,1180,1,1141.08,1,3.19264,3.02378,2.85537,3.16137,3.80707,3.70577,3.49511,,,,,,,,,,,,50,3.80707,4.13619,200,0.71,4.55183,5.67481,1.93511,2.19778,2.35467,2.26903,2.22537,2.1877,1.75126,41,23,17,11,,,,47,1.73698,1.5,0.350006,50,2.35467,2.35467,200,0.86,3.03206,4.5469,8.48251,0,iso,5.967,0,2.44908e-05,True,2.5-5,False,iso,True,False
PanTS_00002497,2,1,train,Non-contrast,0.628906,0.628906,5,2,5,1574,3112.76,32.3472,20-40,False,2,True,2,isoattenuating,0,False,head,mask_ring,0.129613,inside,False,False,,3145,0.994282,3112.76,0.996502,5.25621,3.64556,3.19298,2.91436,1.8546,2.14083,2.36271,5,16,21,10,5,4,,5,5.25621,1.5,0.0263651,50,5.25621,5.25621,200,0.335,4.79678,8.34154,6.23526,5.04642,4.06776,3.56422,2.37586,1.78065,1.82328,,42,28,14,,,,,,,,50,6.23526,6.23526,200,0,3.80315,5.72403,11.0577,2,iso,5.967,0.3352,0.00287275,True,2.5-5,False,iso,True,False
PanTS_00002498,1,2,train,Arterial,1,1,1,2,1,4599,4599,32.45,20-40,False,1,True,-7.01915,isoattenuating,0.506442,True,head,mask_ring,0.164658,inside,False,True,1,4599,1,4599,1,2.86352,2.9173,2.37626,1.90802,1.10576,1.01654,1.06618,,,,42,12,7,2,,,,,50,2.9173,2.9173,200,0.79,3.65847,5.23498,10.0732,8.39037,6.39101,4.83254,2.93237,2.80807,2.51913,1,5,9,9,16,,,1,10.0732,1.5,0.00548129,50,10.0732,10.0732,200,0,5.69466,9.19283,12.3163,-7.996,iso,12.28,-0.651,0.998536,False,<=1.5,True,iso,False,False
PanTS_00002514,1,2,train,Venous,0.923828,0.923828,2.5,2,2.5,1880,4011.25,25.4903,20-40,False,1,True,39,hyperattenuating,0,False,head,mask_ring,0.153251,inside,False,True,0.923828,3994,1,4011.25,1,3.21255,2.79564,2.85249,2.87048,2.34586,1.35466,0.485477,,,,,,,,,,,,50,3.21255,3.21255,200,0.415,3.19278,4.35493,2.53015,2.17952,2.39401,2.64095,3.10385,3.13478,2.85275,34,44,25,16,13,15,,49,2.53015,1.5,0.159639,50,3.13478,3.13478,200,0.615,3.4328,4.48879,11.8567,39,hyper,11.6,3.361,0.000154163,True,1.5-2.5,True,hyper,False,False
PanTS_00002541,1,1,train,Venous,0.892578,0.892578,3,2,3,1726,4125.29,21.9983,20-40,False,1,True,32,hyperattenuating,0,False,body,mask_ring,0.575408,inside,False,True,62.2229,4116,1,4125.29,1,4.21858,3.65036,3.08403,2.44669,1.45572,1.28184,1.23144,6,14,41,30,14,,,7,4.21858,1.5,0.296561,50,4.21858,4.21858,200,0.155,3.7745,4.55412,4.0311,3.74966,3.47061,3.31073,2.94624,2.53127,2.50217,3,5,4,2,4,3,3,4,4.0311,1.5,0.157337,50,4.0311,4.0311,200,0.045,3.27731,3.98628,11.9492,28,hyper,16.58,1.689,0.000137655,True,2.5-5,True,hyper,False,False
PanTS_00002567,1,1,train,Venous,0.859375,0.859375,2.5,2,2.5,2983,5507.55,27.776,20-40,False,1,True,10,isoattenuating,0.574584,True,head,mask_ring,0.179554,inside,False,True,2.5,5433,1,5507.55,1,2.16569,1.80606,1.33585,0.955319,0.659178,0.564919,0.156335,,,44,17,4,3,2,,,,,50,2.16569,2.16569,200,1,3.31644,4.1995,1.71407,1.45488,1.51623,1.71835,2.00109,1.86141,1.70741,,,,41,16,7,7,,,,,50,2.00109,2.00109,200,0.995,3.59093,4.47725,12.9553,7,iso,13.26,0.5279,0.997542,False,1.5-2.5,True,iso,False,False
PanTS_00002572,1,0,train,Non-contrast,0.808594,0.808594,5,2,5,743,2428.96,26.5109,20-40,False,1,True,-1,isoattenuating,0,False,tail,mask_ring,0.928674,inside,False,True,44.1847,2405,1,2428.96,1,3.2606,2.7617,4.04479,4.71069,4.83062,4.43091,4.9998,,37,30,21,13,,,,,,,50,4.9998,4.9998,200,0.445,4.86839,7.67978,3.30748,2.85689,2.70797,2.4689,1.85215,1.55702,1.38977,,25,18,14,10,,,,,,,50,3.30748,3.36029,200,0.74,4.01583,6.10583,10.3389,-4,iso,8.288,-0.4826,0.000108897,True,2.5-5,False,iso,True,False
PanTS_00002585,1,3,train,Non-contrast,0.832031,0.832031,2.5,2,2.5,5724,9906.46,35.1243,20-40,False,1,True,-13,hypoattenuating,0.751111,True,head,mask_ring,0.325266,inside,False,True,1.66406,9847,0.938679,9906.46,0.936021,3.02843,2.97784,2.52594,1.90644,1.46106,1.02919,0.631411,42,20,14,9,4,3,2,44,2.74871,1.5,0.0434332,50,3.02843,3.18227,200,0.995,4.48241,5.66009,4.08414,3.59338,3.40851,3.37636,2.96962,2.53103,2.34779,11,15,12,11,8,9,6,13,4.08414,1.5,0.385313,50,4.08414,4.08414,200,0.66,4.51954,5.10046,15.3232,-10,iso,23.87,-0.4189,0.998047,False,1.5-2.5,False,iso,False,False
PanTS_00002592,1,1,train,Non-contrast,0.759766,0.759766,5,2,5,461,1330.55,18.4427,10-20,False,1,True,6,isoattenuating,0.097561,True,head,mask_ring,0.356579,inside,False,True,35.4164,1290,1,1330.55,1,2.52915,2.43715,2.49617,2.62915,2.43038,1.8618,1.23096,,,43,21,4,,,,,,,50,2.62915,2.71279,200,0.865,3.8283,5.44683,2.34257,2.70242,2.81704,2.58284,2.18056,1.83133,1.99983,,,39,32,11,10,,,,,,50,2.81704,2.81704,200,0.75,3.32589,4.62377,8.82308,8,iso,11.27,0.7097,0.630401,False,2.5-5,False,iso,False,False
PanTS_00002593,1,3,train,Non-contrast,0.785156,0.785156,2.5,2,2.5,2585,3983.94,23.0687,20-40,False,1,True,-22,hypoattenuating,0.779372,True,head,mask_ring,0.232599,inside,False,True,0.785156,4025,0.998839,3983.94,0.998758,3.16367,2.96194,2.91636,2.68004,2.00656,1.48784,0.940767,,45,21,9,3,4,3,,,,,50,3.16367,3.20897,200,0.925,4.22952,5.4829,2.58297,2.38301,2.62608,2.76159,3.05486,2.98554,2.76332,48,29,15,14,19,,,,,,,50,3.05486,3.05486,200,0.885,4.43467,5.22993,11.8343,-27,hypo,11.6,-2.327,0.998377,False,1.5-2.5,False,hypo,False,False
PanTS_00002597,1,4,train,Non-contrast,0.919922,0.919922,3.75,2,3.75,3666,11633.9,41.9146,>=40,False,1,True,10,isoattenuating,0.224972,True,head,mask_ring,0.179399,inside,False,True,18.0846,11815,0.879433,11633.9,0.884892,3.24772,3.07564,2.94759,2.59536,1.8141,1.25788,1.3036,30,28,24,13,4,,,34,3.24772,1.5,0.0623195,50,3.24772,3.24772,200,0.875,4.10964,5.16191,3.23941,2.39463,2.11087,1.75938,1.67903,1.88564,2.15803,32,,39,28,18,11,8,39,3.23941,1.5,0.106238,50,3.23941,3.23941,200,0.925,4.24373,7.54887,16.0566,11,hyper,9.614,1.144,0.997527,False,2.5-5,False,hyper,False,False
PanTS_00002609,1,4,train,Venous,0.777344,0.777344,2.5,2,2.5,3810,5755.61,29.5093,20-40,False,1,True,18,hyperattenuating,0.719789,True,head,mask_ring,0.230341,inside,False,True,0,5672,1,5755.61,1,3.84415,2.96954,2.50527,2.21969,1.86153,1.4637,1.24419,7,9,14,17,12,,,7,3.84415,1.5,0.0613138,50,3.84415,3.84415,200,0.175,2.92628,6.77372,6.45586,4.57041,3.27834,2.71007,2.97725,2.87164,2.9283,2,4,13,23,,19,10,2,6.45586,1.5,0.0297135,50,6.45586,6.45586,200,0.04,3.74396,6.11992,13.1173,11,hyper,17.57,0.626,0.997589,False,1.5-2.5,True,hyper,False,False
PanTS_00002616,1,1,train,Venous,0.730469,0.730469,2.5,2,2.5,3364,4487.45,25.5554,20-40,False,1,True,7,isoattenuating,0,False,head,mask_ring,0.172749,inside,False,True,0,4495,1,4487.45,1,2.9189,2.61985,2.14852,1.72071,1.00108,0.916795,0.56801,,,38,12,10,5,3,,,,,50,2.9189,2.9189,200,1,5.7515,7.77204,4.38167,3.45109,2.59748,2.65975,2.75425,3.01634,2.97525,20,22,39,41,28,19,15,22,4.38167,1.5,0.0815935,50,4.38167,4.38167,200,0.5,4.39556,8.86238,12.2322,8,iso,11.93,0.6703,0.317109,True,1.5-2.5,True,iso,False,False
PanTS_00002628,1,2,train,Non-contrast,0.976562,0.976562,2.5,2,2.5,4809,11465.5,34.998,20-40,False,1,True,-5,isoattenuating,0.811182,True,head,mask_ring,0.143532,inside,False,True,0.976562,11042,0.881264,11465.5,0.88426,2.73088,2.20882,2.02928,1.67592,1.59173,1.32239,1.10536,43,,,36,6,,,47,2.48363,1.5,0.179244,50,2.73088,2.73088,200,0.805,3.27776,3.93407,3.42814,2.54656,2.00253,1.78926,1.89299,2.14,2.43923,10,27,37,34,24,17,,12,3.42814,1.5,0.0663458,50,3.42814,3.42814,200,0.795,3.68174,4.54462,15.9884,-8,iso,14.59,-0.5484,0.998345,False,1.5-2.5,False,iso,False,False
PanTS_00002643,1,3,train,Non-contrast,0.886719,0.886719,2.5,2,2.5,179,351.856,11.4914,10-20,False,1,True,-41,hypoattenuating,0,False,head,mask_ring,0.0850244,inside,False,True,17.5896,345,1,351.856,1,2.5697,2.14023,1.75751,1.64754,1.69075,1.47409,1.30048,,,40,32,,,,,,,,50,2.5697,2.5697,200,0.755,3.46792,5.66074,2.20218,2.13898,1.85648,1.76823,1.55809,1.74499,2.10137,,,,,,,,,,,,50,2.20218,2.20218,200,0.86,3.0565,5.27788,6.37951,-48.5,hypo,8.288,-5.852,4.62932e-05,True,1.5-2.5,False,hypo,False,False
PanTS_00002652,1,2,train,Non-contrast,0.824219,0.824219,2.5,2,2.5,4219,7165.3,40.3548,>=40,False,2,True,-41,hypoattenuating,0.140129,True,head,mask_ring,-0.0309947,abutting,False,True,29.9455,7092,0.194359,7165.3,0.198393,1.55172,1.09397,0.782651,0.728794,0.703764,0.720691,0.796676,,,,,,,,,,,,50,1.55172,2.40351,200,1,3.78714,5.20581,2.98308,2.24063,1.99262,2.04191,1.98257,1.78221,1.80312,16,20,17,28,,,,18,2.98308,1.5,0.173614,50,2.98308,2.98308,200,0.74,3.72631,4.4158,13.9596,-44,hypo,9.283,-4.74,0.906736,False,1.5-2.5,False,hypo,False,False
PanTS_00002652,2,2,train,Non-contrast,0.824219,0.824219,2.5,2,2.5,1379,2342.01,24.392,20-40,False,2,False,6,isoattenuating,0.273987,True,head,mask_ring,0.273203,inside,False,True,10.2681,2365,1,2342.01,1,2.54035,2.09169,1.72846,1.68761,1.63575,1.45189,1.47135,,,47,,,,,,,,,50,2.54035,2.54035,200,0.905,3.45655,4.69798,2.35095,2.04034,1.94839,1.80341,1.68798,1.70926,1.8373,,29,19,15,9,8,5,,,,,50,2.35095,2.35095,200,0.87,3.29921,4.21905,10.2382,11,hyper,9.283,1.185,0.992554,False,1.5-2.5,False,hyper,False,False
PanTS_00002677,1,2,train,Non-contrast,0.746094,0.746094,0.8,2,0.8,2635,1173.43,15.5312,10-20,False,1,True,-21,hypoattenuating,0.556831,True,head,mask_ring,0.122223,inside,False,False,,1123,1,1173.43,1,3.31717,2.36604,2.20545,1.93277,0.931655,0.635413,0.561851,,40,15,7,3,2,,,,,,50,3.31717,3.31717,200,0.775,4.1303,5.85886,2.80286,2.74086,2.61743,2.83722,2.53661,2.07559,2.01225,,,,47,16,,,,,,,50,2.83722,2.83722,200,0.83,3.84434,4.80117,8.54319,-27,hypo,24.53,-1.101,0.985608,False,<=1.5,False,hypo,False,False
PanTS_00002686,1,2,train,Non-contrast,0.947266,0.947266,2.5,2,2.5,732,1642.08,22.1721,20-40,False,2,True,-37,hypoattenuating,0,False,tail,mask_ring,0.667666,inside,False,True,0.947266,1575,0.886612,1642.08,0.878095,2.32387,2.03245,1.78516,1.66939,0.785156,0.42688,0.404185,,42,27,,,,,,,,,50,2.32387,3.15045,200,0.9,3.208,7.14777,3.69287,3.29724,3.43513,3.31732,2.84031,2.78656,2.83754,10,41,40,30,5,7,,10,3.69287,1.5,0.288267,50,3.69287,11.1452,200,0.235,3.34619,6.07204,9.31872,-28,hypo,11.27,-2.484,0.00183508,True,1.5-2.5,False,hypo,False,False
PanTS_00002686,2,2,train,Non-contrast,0.947266,0.947266,2.5,2,2.5,372,834.5,13.6842,10-20,False,2,False,-49,hypoattenuating,0,False,tail,mask_ring,0.914701,inside,False,True,21.8579,949,1,834.5,1,1.51194,1.21425,1.48879,1.70483,1.98849,2.04057,1.81108,,,,,,,,,,,,50,2.04057,2.04057,200,0.855,2.86602,4.58251,2.1384,1.70774,1.79534,1.75958,1.46654,1.53206,1.40833,,,,40,17,,,,,,,50,2.1384,2.1384,200,0.945,3.05498,4.20023,7.84045,-52,hypo,11.27,-4.613,1.39546e-05,True,1.5-2.5,False,hypo,False,False
PanTS_00002720,1,0,train,Venous,0.878906,0.878906,5,2,5,189621,732388,147.43,>=40,False,1,True,5,isoattenuating,0,False,tail,mask_ring,1.54252,abutting,False,True,43.8381,280530,0.00653936,732388,0.0170427,1.92946,1.45585,1.36019,1.25199,1.08047,0.762381,1.08145,,,36,22,,,,,,,,50,1.92946,4.9164,200,1,7.1229,7.1229,3.50753,3.27728,3.40312,3.38562,3.24796,3.04483,2.8931,,,42,27,7,,,,,,,50,3.50753,4.94381,200,1,8.42774,8.42774,57.9179,6,iso,9.283,0.6464,0.359477,True,2.5-5,True,iso,False,False
PanTS_00002729,1,4,train,Non-contrast,0.785156,0.785156,1.25,2,1.25,17954,13835.1,40.1558,>=40,False,2,True,7,isoattenuating,0.859197,True,body,mask_ring,0.441258,inside,False,True,0.785156,13822,0.962125,13835.1,0.959268,3.66638,3.22155,3.01607,2.69955,2.22982,2.3449,2.1067,28,23,40,32,16,,,33,3.66638,1.5,0.291824,50,3.66638,3.66638,200,0.965,4.42594,4.78758,4.27341,4.25193,3.89001,3.4197,2.56036,2.40919,2.26183,,38,21,2,6,5,4,,,,,50,4.27341,4.27341,200,0.215,3.82439,4.85809,16.8924,8,iso,11.6,0.6895,0.996727,False,<=1.5,False,iso,False,False
PanTS_00002729,2,4,train,Non-contrast,0.785156,0.785156,1.25,2,1.25,10941,8431,35.3565,20-40,False,2,False,3,isoattenuating,0.572121,True,tail,mask_ring,0.938324,inside,False,True,0.785156,8446,1,8431,1,3.0838,3.19457,3.0955,2.88975,2.3471,1.88061,2.16437,,48,36,29,15,8,,,,,,50,3.19457,3.19457,200,0.975,4.0948,4.78758,3.27904,2.94152,2.51804,2.70789,2.64515,2.31495,2.28879,,29,30,32,15,8,6,,,,,50,3.27904,3.27904,200,0.975,3.61988,4.66094,14.6259,8,iso,11.6,0.6895,0.997439,False,<=1.5,False,iso,False,False
PanTS_00002734,1,3,train,Non-contrast,0.742188,0.742188,3,2,3,16911,27945.9,55.0738,>=40,False,1,True,-28,hypoattenuating,0.882608,True,tail,mask_ring,0.824757,inside,False,True,27.8512,28101,1,27945.9,1,5.08582,5.47564,5.41848,5.1918,4.53923,3.90706,3.448,31,22,8,9,3,,,36,4.44347,1.5,0.0213786,50,5.47564,5.47564,200,0.85,6.26663,6.85882,4.79118,4.42887,3.62391,3.77482,3.78575,3.42904,2.81313,2,2,3,6,6,4,3,2,4.79118,1.5,0.0878118,50,4.79118,5.62352,200,0.5,4.91035,6.64867,20.8254,-26,hypo,6.962,-3.735,0.99696,False,2.5-5,False,hypo,False,False
PanTS_00002741,1,4,train,Venous,0.708984,0.708984,2.5,2,2.5,7232,9088.06,33.4234,20-40,False,1,True,-12,hypoattenuating,0.349437,True,head,mask_ring,0.194118,inside,False,True,0,9118,1,9088.06,1,9.30233,6.30412,3.90878,2.91528,1.88339,1.36822,1.03276,9,18,5,10,5,3,3,11,4.88369,1.5,0.0510171,50,9.30233,9.30233,200,0.035,4.66607,9.10121,9.24425,7.10192,5.47999,4.2503,4.02349,3.90621,3.43758,1,1,1,38,19,9,4,1,9.24425,1.5,0.0258791,50,9.24425,9.24425,200,0,5.07247,7.0163,14.9458,-13,hypo,11.27,-1.153,0.993973,False,1.5-2.5,True,hypo,False,False
PanTS_00002750,1,4,train,Non-contrast,0.722656,0.722656,0.8,2,0.8,6286,2626.2,39.4828,20-40,False,2,True,-5,isoattenuating,0.181181,True,head,mask_ring,0.306201,inside,False,False,,2607,0.999523,2626.2,0.999233,8.10981,8.67599,6.70282,4.06358,1.43954,0.859094,0.425749,2,2,4,6,4,3,,3,8.67599,2,0.0819553,50,8.67599,8.67599,200,0.065,6.10498,9.8456,3.59436,4.24342,4.71063,5.48122,6.84342,6.32485,5.3722,,,40,19,13,,,,,,,50,6.84342,6.98697,200,0.165,5.20772,13.7269,10.5588,-5,iso,25.53,-0.1959,0.982823,False,<=1.5,False,iso,True,False
PanTS_00002750,2,4,train,Non-contrast,0.722656,0.722656,0.8,2,0.8,2076,867.322,21.5522,20-40,False,2,False,-6,isoattenuating,0,False,body,mask_ring,0.648437,inside,False,False,,879,0.998555,867.322,0.998862,3.17418,2.38256,2.0837,1.83882,1.64341,1.25655,0.849481,,,,45,,,,,,,,50,3.17418,3.17418,200,0.82,4.79977,7.69385,2.83464,2.99402,2.72695,2.05939,1.85034,1.78617,1.53104,,,39,30,,,,,,,,50,2.99402,2.99402,200,0.87,4.6254,8.22587,7.91603,-12,hypo,25.53,-0.4701,0.000280211,True,<=1.5,False,hypo,False,False
PanTS_00002759,1,2,train,Venous,0.78125,0.78125,5,2,5,23909,72964.5,66.6038,>=40,False,1,True,-1,isoattenuating,0.0379944,True,tail,mask_ring,0.732921,abutting,False,False,,73125,0.0150989,72964.5,0.0150017,2.00545,1.7987,1.58277,1.41466,1.62006,1.92254,2.04677,,,,,,,,,,,,50,2.04677,2.95603,200,1,4.15083,4.35902,2.6083,2.64452,2.37467,2.10768,1.41919,1.20347,1.16654,45,,,46,22,13,,,,,,50,2.64452,2.99008,200,1,4.25879,5.09525,27.9223,0,iso,13.92,0,0.693888,False,2.5-5,True,iso,True,False
PanTS_00002779,1,1,train,Non-contrast,0.78125,0.78125,0.8,2,0.8,33984,16593.8,46.6586,>=40,False,1,True,4,isoattenuating,0.606501,True,head,mask_ring,0.214695,inside,False,False,,16491,0.85808,16593.8,0.859317,3.14096,3.30296,3.09161,2.48244,1.69277,1.66769,1.52226,40,,15,18,6,5,,,,,,50,3.30296,3.81691,200,0.885,3.8776,4.30457,2.94085,2.92871,2.7535,2.6587,2.41823,2.31421,2.1253,,44,35,30,20,13,12,,,,,50,2.94085,3.26007,200,0.99,3.85292,4.53192,17.8229,5,iso,55.36,0.09031,0.994979,False,<=1.5,False,iso,True,False
PanTS_00002829,1,4,train,Venous,0.789063,0.789063,1.25,2,1.25,1688,1313.73,22.5215,20-40,False,1,True,-50,hypoattenuating,0.777341,True,head,mask_ring,0.206992,inside,False,True,10.3475,1300,1,1313.73,1,2.58439,1.41392,1.34615,1.13361,1.09883,1.3452,1.4785,,,48,24,7,2,,,,,,50,2.58439,2.58439,200,0.715,2.90839,3.67398,3.48265,2.28842,1.94946,2.15839,2.3072,2.02872,1.8981,3,28,48,38,,,11,4,3.48265,1.5,0.130407,50,3.48265,3.48265,200,0.095,2.75354,3.61683,8.79421,-58,hypo,10.28,-5.644,0.986828,False,<=1.5,True,hypo,False,False
PanTS_00002849,1,0,train,Non-contrast,0.892,0.892,0.8,2,0.8,28507,18145.6,49.4408,>=40,False,1,True,21,hyperattenuating,0.796114,True,head,mask_ring,0.190466,inside,False,True,0.8,18546,1,18145.6,1,3.44902,2.72896,2.53864,2.35055,2.4776,2.25018,1.96155,5,19,14,10,4,4,3,4,3.44902,1.5,0.117695,50,3.44902,3.44902,200,0,3.19245,3.36601,5.80714,5.52042,5.13134,4.74672,4.35356,4.2074,4.16093,2,5,4,5,14,10,,2,5.79416,1.5,0.129823,50,5.80714,5.80714,200,0.19,4.66533,6.80516,18.3015,13,hyper,12.6,1.032,0.998943,False,<=1.5,False,hyper,False,False
PanTS_00002855,1,3,train,Non-contrast,0.613281,0.613281,0.8,2,0.8,23969,7212.06,35.9609,20-40,False,1,True,,unknown,0,False,head,mask_ring,,inside,False,False,,7074,0.912512,7212.06,0.919989,6.33955,10.3488,11.6816,10.5608,5.786,1.94927,0.505934,6,5,1,4,1,1,1,4,9.10936,2.5,0.0156771,50,11.6816,11.6816,200,0.09,5.77522,13.1404,3.79576,2.9683,2.40856,2.22686,5.72588,7.75675,7.45479,5,9,13,11,7,,,7,3.79576,1.5,0.285511,50,7.75675,7.75675,200,0.495,7.64984,11.1692,13.9855,-3,iso,10.94,-0.2742,0.000559291,True,<=1.5,False,iso,True,False
PanTS_00002859,1,3,train,Non-contrast,0.84375,0.84375,2,2,2,196,279.07,11.535,10-20,False,1,True,-14,hypoattenuating,0,False,head,mask_ring,0.364764,abutting,False,True,10.5878,330,0.887755,279.07,0.842424,2.87572,2.16813,1.51171,1.1811,1.24406,0.991401,0.758447,,,49,29,13,,,,,,,50,2.87572,2.87572,200,0.665,3.85024,6.67887,0.843229,0.669323,0.63108,0.649797,0.68465,0.7409,0.867676,,,,,,,,,,,,50,0.867676,0.867676,200,1,3.01912,5.0789,6.05392,-13.5,hypo,10.61,-1.273,0.000160304,True,1.5-2.5,False,hypo,False,False
PanTS_00002866,1,2,train,Non-contrast,0.703125,0.703125,5,2,5,332,820.679,20.406,20-40,False,1,True,-30.5,hypoattenuating,0,False,head,mask_ring,0.271894,embedded,False,True,10.388,830,0.512048,820.679,0.515663,2.24957,2.46482,2.33377,2.16867,2.04378,1.89202,1.57831,,,,,,,,,,,,50,2.46482,2.59209,200,0.665,2.86608,4.03823,1.72243,1.35668,2.13097,2.42202,2.17991,1.77749,1.51863,,,,,,,,,,,,50,2.42202,3.52032,200,0.735,2.81535,4.03897,7.80802,-43,hypo,6.962,-6.176,0.0268867,True,2.5-5,False,hypo,False,False
PanTS_00002875,1,0,train,Arterial,0.791016,0.791016,1.25,2,1.25,56519,44205.4,70.2386,>=40,False,2,True,-1,isoattenuating,0.778905,True,head,mask_ring,0.300265,inside,False,True,1.11867,43999,0.952989,44205.4,0.953294,4.88537,4.41902,4.18826,3.75874,3.9067,3.36052,3.3819,6,13,12,21,3,2,1,7,4.88537,1.5,0.270707,50,4.88537,5.47393,200,0.415,4.79496,6.61832,9.72647,11.2641,10.9868,9.77596,7.32783,5.65545,4.549,9,8,8,12,13,6,7,10,9.13496,1.5,0.178525,50,11.2641,11.2641,200,0.4,9.22382,12.5179,23.9346,2,iso,18.57,0.1077,0.99857,False,<=1.5,True,iso,True,False
PanTS_00002875,2,0,train,Arterial,0.791016,0.791016,1.25,2,1.25,22,17.2069,5.53711,5-10,False,2,False,3,isoattenuating,0,False,head,mask_ring,0.166302,inside,False,True,53.7314,10,1,17.2069,1,2.78624,2.02061,1.48961,1.00572,0.218405,-0.159724,-0.0777766,,,,,,,,,,,,50,2.78624,2.78624,200,0.365,2.34769,4.11485,1.52105,1.22069,1.01768,0.924883,0.994389,0.97978,0.922067,,,,,,,,,,,,50,1.52105,1.52105,200,0.94,2.90297,9.28659,3.60154,5,iso,18.57,0.2693,0.000108472,True,<=1.5,True,iso,True,False
PanTS_00002888,1,2,train,Venous,0.707031,0.707031,2.5,2,2.5,5030,6286.15,39.7292,20-40,False,1,True,-69,hypoattenuating,0,False,head,mask_ring,0.395599,inside,False,True,1.58097,6294,1,6286.15,1,4.39363,3.72479,4.02865,4.26694,4.38641,4.16667,3.97172,,,23,11,2,1,1,,,,,50,4.39363,4.39363,200,0.94,6.2336,9.21478,5.23247,3.65274,2.68534,2.75455,2.35777,2.1907,2.02353,14,35,38,26,,,,15,4.90331,1.5,0.01156,50,5.23247,5.23247,200,0.27,4.70049,6.50018,13.4489,-81,hypo,10.28,-7.882,0.0821066,True,1.5-2.5,True,hypo,False,False
PanTS_00002889,1,3,train,Arterial,0.738281,0.738281,0.8,2,0.8,1997,870.786,23.8824,20-40,False,2,True,-4,isoattenuating,0,False,head,mask_ring,0.258025,embedded,False,False,,888,1,870.786,1,3.25159,3.19321,2.52832,1.82473,0.770642,0.557614,0.253121,4,2,20,30,10,,,4,3.25159,1.5,0.381765,50,3.25159,3.25159,200,0.045,2.72592,3.22953,2.3805,2.15081,1.90587,1.81623,1.76943,1.91452,2.11511,,,,44,,,,,,,,50,2.3805,2.3805,200,0.95,3.13949,4.12304,7.9239,-5,iso,65.97,-0.07579,0.00677121,True,<=1.5,True,iso,True,False
PanTS_00002889,2,3,train,Arterial,0.738281,0.738281,0.8,2,0.8,1602,698.547,14.9151,10-20,False,2,False,-3,isoattenuating,0,False,head,mask_ring,0.216232,embedded,False,False,,711,1,698.547,1,2.19255,1.95861,2.01417,1.85532,1.53767,1.13264,0.552608,,,,,,,,,,,,50,2.19255,2.19255,200,0.87,2.70734,3.45393,2.57951,2.34654,2.01608,1.65982,1.49914,1.50398,1.66063,,,,,,,,,,,,50,2.57951,2.57951,200,0.815,3.00182,3.82374,7.5043,-4,iso,65.97,-0.06063,0.000339302,True,<=1.5,True,iso,True,False
PanTS_00002893,1,2,train,Non-contrast,0.824219,0.824219,2.5,2,2.5,3685,6258.39,30.061,20-40,False,1,True,5,isoattenuating,0.830971,True,body,mask_ring,0.170261,inside,False,True,3.39834,6307,1,6258.39,1,3.59976,3.32244,3.0672,2.83971,2.11872,1.5333,1.71673,,,34,8,6,3,,,,,,50,3.59976,3.59976,200,0.4,3.48235,4.24253,3.44508,2.87855,2.71004,2.7428,2.50814,3.27077,3.92468,16,23,35,34,,8,5,17,3.44508,1.5,0.179971,50,3.92468,3.92468,200,0.565,4.32963,5.12507,13.4321,0.5,iso,9.946,0.05027,0.999813,False,1.5-2.5,False,iso,True,False
PanTS_00002898,1,1,train,Arterial,0.663,0.663,0.800002,2,0.800002,1110,390.338,26.3515,20-40,False,2,False,-24.5,hypoattenuating,0,False,body,mask_ring,0.621675,embedded,False,False,,411,1,390.338,1,4.98749,4.26222,3.36883,2.68555,2.17333,1.62547,1.31401,32,22,14,14,5,,,33,4.73865,1.5,0.302784,50,4.98749,4.98749,200,0.32,3.84277,7.24133,2.72358,2.40145,1.84237,1.35475,1.42968,1.98983,2.11113,,,,,,,,,,,,50,2.72358,2.72358,200,0.765,3.7086,10.1142,6.53368,-23,hypo,21.55,-1.067,0.000471932,True,<=1.5,True,hypo,False,False
PanTS_00002898,2,1,train,Arterial,0.663,0.663,0.800002,2,0.800002,11520,4051.08,28.2105,20-40,False,2,True,-1,isoattenuating,0.705419,True,head,mask_ring,0.32776,inside,False,False,,4197,0.96849,4051.08,0.963307,3.99978,3.95516,2.71896,2.21125,1.86689,1.31778,0.579097,,37,22,16,7,,,,,,,50,3.99978,4.29213,200,0.875,5.7958,8.26366,5.19388,5.84416,6.00448,5.39644,4.73144,3.99271,3.59633,21,32,27,27,14,,,25,5.19388,1.5,0.0303579,50,6.00448,6.00448,200,0.36,5.17715,19.4211,11.8892,-2,iso,21.55,-0.09281,0.978405,False,<=1.5,True,iso,True,False
PanTS_00002905,1,2,train,Non-contrast,0.867188,0.867188,5,2,5,227,853.537,18.3804,10-20,False,1,True,-12,hypoattenuating,0,False,tail,mask_ring,0.706825,inside,False,True,67.5305,870,1,853.537,1,3.5035,3.61116,3.27702,2.70177,1.81098,2.18397,2.45427,,,,,,,,,,,,50,3.61116,3.61116,200,0.635,4.10515,6.05281,2.16394,1.68619,1.55256,1.37792,1.25204,1.10729,0.70249,49,34,27,23,10,,,,,,,50,2.16394,2.16394,200,0.775,2.71392,4.37767,7.88452,-15.5,hypo,8.951,-1.732,6.97647e-05,True,2.5-5,False,hypo,False,False
PanTS_00002906,1,3,train,Non-contrast,0.78125,0.78125,0.8,2,0.8,932,455.078,18.6968,10-20,False,1,True,-6,isoattenuating,0,False,head,mask_ring,0.0845872,inside,False,False,,435,0.997854,455.078,0.995402,3.33516,3.2276,3.19658,2.80819,1.56502,0.348367,-0.287751,,,,,,,,,,,,50,3.33516,3.33516,200,0.64,4.37162,5.88805,2.64972,2.62073,2.28974,2.29259,2.14647,2.16264,2.17013,,,,42,,,,,,,,50,2.64972,2.64972,200,0.815,3.5952,5.45761,6.77162,-8,iso,18.23,-0.4388,0.530769,True,<=1.5,False,iso,False,False
PanTS_00002913,1,2,train,Venous,0.777344,0.777344,2.5,2,2.5,1823,2753.93,20.0361,20-40,False,1,True,20,hyperattenuating,0,False,head,mask_ring,0.313045,inside,False,True,0,2754,1,2753.93,1,3.19758,3.15944,2.76149,2.65534,2.1664,2.04626,1.98304,,,,44,,,,,,,,50,3.19758,3.19758,200,0.88,4.10327,5.3334,2.37551,2.09849,2.02041,2.38994,3.10953,3.08255,2.97539,,,44,39,13,11,5,,,,,50,3.10953,3.10953,200,0.72,3.57504,5.17099,10.6954,18,hyper,11.93,1.508,8.99285e-05,True,1.5-2.5,True,hyper,False,False
PanTS_00002915,1,0,train,Arterial,1,1,1,2,1,1554,1554,27.5318,20-40,False,1,True,-34.0276,hypoattenuating,0,False,head,mask_ring,0.296979,inside,False,True,23.3452,1554,1,1554,1,2.00568,1.6301,1.63792,1.47409,0.996172,0.715688,0.698304,,,,,27,,,,,,,50,2.00568,2.00568,200,0.97,3.39854,4.52166,1.82248,1.59624,1.36509,1.03433,0.764308,0.532712,0.518429,,,,,,,,,,,,50,1.82248,1.82248,200,0.985,3.28777,6.57913,9.18545,-28.99,hypo,14.28,-2.031,0.000341295,True,<=1.5,True,hypo,False,False
PanTS_00002916,1,3,train,Arterial,0.785156,0.785156,0.8,2,0.8,175,86.3058,9.73774,5-10,False,1,True,-3,isoattenuating,0,False,head,mask_ring,0.25534,embedded,False,False,,85,1,86.3058,1,1.96357,1.82451,1.39551,1.17972,0.873754,0.816075,0.806915,,,,,,,,,,,,50,1.96357,1.96357,200,0.635,2.10685,3.33183,2.19749,1.97627,1.55485,1.12755,0.777494,0.977807,1.08347,,,,,,,,,,,,50,2.19749,2.19749,200,0.655,2.42868,3.61719,4.74147,5.5,iso,26.85,0.2048,0.000257142,True,<=1.5,True,iso,False,False
PanTS_00002927,1,3,train,Non-contrast,0.664062,0.664062,2,2,2,9279,8183.68,28.9768,20-40,False,1,True,-16,hypoattenuating,0.86385,True,head,mask_ring,0.566821,inside,False,True,0.664062,7929,1,8183.68,1,5.01173,4.63039,4.03238,3.87376,3.32778,3.11325,2.85911,20,14,8,9,11,,,22,5.01173,1.5,0.251934,50,5.01173,5.01173,200,0.81,5.66182,6.46032,4.63841,4.43761,4.20274,3.76941,2.90239,3.30464,3.31718,13,11,7,7,8,11,,17,4.63841,1.5,0.117096,50,4.63841,4.63841,200,0.515,4.87171,6.22696,14.5012,-15,hypo,10.28,-1.46,0.998114,False,1.5-2.5,False,hypo,False,False
PanTS_00002930,1,2,train,Venous,0.898438,0.898438,2.5,2,2.5,588,1186.57,16.6289,10-20,False,1,True,-19,hypoattenuating,0,False,head,mask_ring,0.222867,inside,False,False,,1220,1,1186.57,1,1.92831,1.6746,1.44931,1.40849,1.36034,1.26455,1.11766,,,,36,9,,,,,,,50,1.92831,1.92831,200,0.89,2.46548,3.1771,2.1297,1.92354,1.84753,1.82229,1.33987,1.82008,2.42368,,,,,20,11,,,,,,50,2.42368,2.42368,200,0.77,2.91441,3.76394,8.56752,-28,hypo,16.58,-1.689,0.01606,True,1.5-2.5,True,hypo,False,True
PanTS_00002935,1,1,train,Non-contrast,1.5,1.5,1.5,2,1.5,94,317.25,17.3638,10-20,False,2,False,-8,isoattenuating,0,False,body,mask_ring,0.597942,embedded,False,False,,327,0.968085,317.25,0.972477,2.97645,3.2675,2.92278,3.52064,4.08073,4.03019,3.38941,,,20,5,5,4,,,,,,50,4.08073,4.23164,200,0.395,3.37066,8.88194,4.02499,3.58659,3.57572,3.34604,2.29442,0.845409,0.47179,19,25,,,,,,35,4.02499,1.5,0.0764293,50,4.02499,4.02499,200,0.275,3.12654,6.11156,6.23095,-6,iso,13.26,-0.4525,0.000116828,True,<=1.5,False,iso,False,False
PanTS_00002935,2,1,train,Non-contrast,1.5,1.5,1.5,2,1.5,5194,17529.8,43.2926,>=40,False,2,True,-3,isoattenuating,0,False,head,mask_ring,0.102759,inside,False,False,,17505,0.764921,17529.8,0.758869,9.88608,8.5145,7.33837,6.42607,4.94151,4.3258,3.71449,14,9,5,4,6,5,3,15,3.59415,1.5,0.395703,50,9.88608,21.7783,200,0.31,9.80754,13.6298,8.72597,8.57927,8.35273,7.11843,6.37328,6.60414,6.2584,5,9,4,6,4,1,1,6,8.35273,2.5,0.0712736,50,8.72597,9.83418,200,0.165,6.91337,13.2349,18.115,-4,iso,13.26,-0.3016,0.000998554,True,<=1.5,False,iso,True,False
PanTS_00002936,1,4,train,Non-contrast,1.5,1.5,1.5,2,1.5,18112,61128,79.415,>=40,False,1,True,-13,hypoattenuating,0.572205,True,head,mask_ring,0.397349,abutting,False,True,3.3541,61092,0.645925,61128,0.64416,6.77866,5.42329,4.61602,3.70557,3.12056,3.20731,3.20489,1,4,1,4,3,2,2,1,6.77866,1.5,0.000789513,50,6.77866,6.95903,200,0.155,6.26873,6.77866,12.1137,10.7752,9.29994,8.28086,6.16263,4.67264,3.70541,2,8,6,7,8,8,8,5,11.5953,1.5,0.0256347,50,12.1137,12.1137,200,0.58,12.778,13.1223,26.4371,-13,hypo,20.89,-0.6224,0.99655,False,<=1.5,False,hypo,False,False
PanTS_00002960,1,4,train,Non-contrast,0.597656,0.597656,1.5,2,1.5,2102,1126.23,15.8742,10-20,False,1,True,-3,isoattenuating,0,False,head,mask_ring,0.0825386,inside,False,True,23.6825,1125,1,1126.23,1,2.67066,2.60965,2.30326,1.88086,1.1061,0.642315,0.37037,,,,36,17,,,,,,,50,2.67066,2.67066,200,0.845,3.39961,4.50325,2.01565,2.09326,1.9235,1.725,1.54,1.68688,2.09257,,,33,,19,,,,,,,50,2.09326,2.09326,200,0.855,2.74212,4.30277,8.45425,1,iso,2.321,0.4309,1.69644e-05,True,<=1.5,False,iso,True,False
PanTS_00002963,1,3,train,Non-contrast,0.742188,0.742188,0.8,2,0.8,1861,820.094,20.0992,20-40,False,6,True,-3,isoattenuating,0,False,head,mask_ring,0.0428988,embedded,False,True,42.9582,828,0.793659,820.094,0.788647,2.55569,2.28933,1.87563,1.35761,1.02291,0.891246,0.69495,,,,,,,,,,,,50,2.55569,2.77783,200,0.845,3.552,4.80759,1.86201,1.81067,1.49749,1.20111,1.29133,1.43253,1.49832,,,,,34,,,,,,,50,1.86201,1.86201,200,1,3.3551,4.72581,7.80664,0,iso,34.15,0,0.000285736,True,<=1.5,False,iso,True,False
PanTS_00002963,2,3,train,Non-contrast,0.742188,0.742188,0.8,2,0.8,1100,484.741,15.5475,10-20,False,6,False,-10,isoattenuating,0.0576102,True,head,mask_ring,0.0687474,embedded,False,True,35.1123,536,0.859091,484.741,0.845149,2.34933,2.26646,2.04294,1.65141,0.984986,0.589162,0.332105,,,,31,9,,,,,,,50,2.34933,2.34933,200,0.785,3.35266,4.73874,2.1824,1.75306,1.70459,1.9265,2.05495,1.89017,1.80611,,,,,,,,,,,,50,2.1824,2.1824,200,0.95,3.23509,4.89307,6.87312,-8,iso,34.15,-0.2343,0.937038,False,<=1.5,False,iso,False,False
PanTS_00002963,3,3,train,Non-contrast,0.742188,0.742188,0.8,2,0.8,3,1.32202,1.6,<5,True,6,False,13,hyperattenuating,0,False,head,mask_ring,0.0646872,embedded,False,True,50.6069,2,1,1.32202,1,0.585454,0.0414574,-0.339667,-0.414737,-0.184946,0.0663869,0.180052,,,,,,,,,,,,50,0.585454,0.585454,200,0.965,1.72775,3.61972,1.1211,0.898502,0.979285,0.837669,0.848356,0.694496,0.550227,,,,,,,,,,,,50,1.1211,1.1211,200,0.905,2.10496,3.79965,2.68085,13,hyper,34.15,0.3807,0.000180231,True,<=1.5,False,hyper,False,False
PanTS_00002963,4,3,train,Non-contrast,0.742188,0.742188,0.8,2,0.8,8,3.52539,2.51214,<5,True,6,False,47,hyperattenuating,0,False,head,pc1_boundary,0.114439,embedded,False,True,39.7126,3,1,3.52539,1,0.924331,0.672762,0.689932,0.562635,0.516311,0.445166,0.303122,,,,,,,,,,,,50,0.924331,0.924331,200,0.885,1.74524,3.75565,1.56086,0.889927,0.516913,0.19173,-0.0807715,-0.103649,-0.0333451,,,,,,,,,,,,50,1.56086,1.56086,200,0.845,2.34602,3.94757,2.94415,47,hyper,34.15,1.376,0.000354194,True,<=1.5,False,hyper,False,False
PanTS_00002963,5,3,train,Non-contrast,0.742188,0.742188,0.8,2,0.8,88,38.7793,6.73948,5-10,False,6,False,-24.5,hypoattenuating,0,False,head,mask_ring,0.205777,embedded,False,True,34.9389,33,1,38.7793,1,3.58194,4.01106,3.57809,2.86884,1.73873,0.999398,0.566917,,,,,,,,,,,,50,4.01106,4.01106,200,0.06,2.14185,4.13469,1.79558,1.04946,0.745505,0.681259,0.34668,0.128258,0.147153,,,,,,,,,,,,50,1.79558,1.79558,200,0.84,2.484,4.09065,4.09976,-29.5,hypo,34.15,-0.8639,0.000203427,True,<=1.5,False,hypo,False,False
PanTS_00002963,6,3,train,Non-contrast,0.742188,0.742188,0.8,2,0.8,30,13.2202,4.61396,<5,False,6,False,-0.5,isoattenuating,0,False,head,pc1_boundary,0.264402,abutting,False,True,31.2456,12,0.833333,13.2202,0.75,1.07256,0.422514,0.493674,0.48393,0.377341,0.431551,0.444652,,,,,,,,,,,,50,1.07256,1.07256,200,0.935,2.16581,4.06572,1.59194,2.09821,2.06407,1.7803,1.09173,0.857101,0.583332,,,,,,,,,,,,50,2.09821,2.09821,200,0.625,2.41395,4.11815,3.46684,-0.5,iso,34.15,-0.01464,0.000150593,True,<=1.5,False,iso,True,False
PanTS_00002993,1,1,train,Arterial,0.8125,0.8125,1.25,2,1.25,17294,14270.9,37.9795,20-40,False,1,True,-18,hypoattenuating,0.762045,True,head,mask_ring,-0.0548161,inside,False,True,3.25,14271,0.999075,14270.9,0.999019,3.63901,3.04713,2.91981,2.81777,2.0951,2.48488,2.61581,25,42,32,22,2,2,1,28,3.63901,1.5,0.414163,50,3.63901,3.63901,200,0.92,4.41549,4.89836,4.19922,3.09061,2.15762,2.18165,1.93898,1.57561,1.78465,14,20,37,24,13,10,,17,3.4076,1.5,0.553662,50,4.19922,4.92964,200,0.645,5.35487,10.257,17.0472,-17,hypo,23.21,-0.7326,0.997537,False,<=1.5,True,hypo,False,False
PanTS_00003012,1,0,train,Non-contrast,5,0.824219,0.824219,0,5,632,2146.7,26.3595,20-40,False,6,False,5,isoattenuating,0,False,tail,mask_ring,0.979245,embedded,False,True,111.2,2155,0.593354,2146.7,0.59536,1.74277,2.07357,2.26172,2.28731,1.89234,1.3171,0.796474,,,47,29,,,2,,,,,50,2.28731,2.82112,200,0.99,3.90129,5.19396,1.47841,1.28319,1.29148,1.06502,0.645073,0.800177,0.853964,,,,,13,,,,,,,50,1.47841,5.9026,200,1,3.65508,5.50233,10.0025,2.5,iso,12.93,0.1934,0.000135521,True,2.5-5,False,iso,True,False
PanTS_00003012,2,0,train,Non-contrast,5,0.824219,0.824219,0,5,2298,7805.58,48.3825,>=40,False,6,True,-3,isoattenuating,0,False,tail,mask_ring,0.693734,abutting,False,True,63.3149,7865,0.0113142,7805.58,0.011316,2.36684,2.45716,2.54949,2.43649,1.74006,1.29635,0.805168,,,19,8,,,,,,,,50,2.54949,3.19837,200,1,4.0776,5.55485,2.22891,2.39364,2.18452,1.60264,0.662258,0.746334,0.767441,,,,,,,,,,,,50,2.39364,4.70059,200,1,4.18062,5.88221,14.3057,-13,hypo,12.93,-1.005,0.0110082,True,2.5-5,False,hypo,False,False
PanTS_00003012,3,0,train,Non-contrast,5,0.824219,0.824219,0,5,109,370.238,11.4504,10-20,False,6,False,-20,hypoattenuating,0,False,tail,mask_ring,0.865875,abutting,False,True,103.415,365,0,370.238,0,1.55253,1.62316,1.64939,1.57051,1.25056,0.90405,0.537431,,,,,,,,,,,,50,1.64939,2.05813,200,0.955,3.28808,4.90414,1.25445,0.972993,0.930902,0.953772,0.981428,0.958196,0.851224,,,,,,,,,,,,50,1.25445,1.51787,200,0.99,3.12723,4.99711,6.45449,-25,hypo,12.93,-1.934,0.00128431,True,2.5-5,False,hypo,False,False
PanTS_00003012,4,0,train,Non-contrast,5,0.824219,0.824219,0,5,128,434.775,11.824,10-20,False,6,False,-33,hypoattenuating,0,False,body,pc1_boundary,0.6706,separated,True,True,91.8411,415,0,434.775,0,,,,,,,,,,,,,,,,,,,50,,2.19373,,,,,,,,,,,,,,,,,,,,,,,50,,1.58324,,,,,6.69958,-31.5,hypo,12.93,-2.436,0.000656373,True,2.5-5,False,hypo,False,False
PanTS_00003012,5,0,train,Non-contrast,5,0.824219,0.824219,0,5,1583,5376.95,42.4917,>=40,False,6,False,-3,isoattenuating,0,False,body,pc1_boundary,0.438273,separated,True,True,67.431,5405,0,5376.95,0,,,,,,,,,,,,,,,,,,,50,,3.41984,,,,,,,,,,,,,,,,,,,,,,,50,,3.26387,,,,,12.868,-7,iso,12.93,-0.5414,5.18457e-05,True,2.5-5,False,iso,False,False
PanTS_00003012,6,0,train,Non-contrast,5,0.824219,0.824219,0,5,471,1599.84,19.3437,10-20,False,6,False,-42,hypoattenuating,0,False,body,pc1_boundary,0.419057,separated,True,True,93.6931,1590,0,1599.84,0,,,,,,,,,,,,,,,,,,,50,,2.71553,,,,,,,,,,,,,,,,,,,,,,,50,,5.00334,,,,,9.25542,-56,hypo,12.93,-4.331,0.000129822,True,2.5-5,False,hypo,False,False
PanTS_00003024,1,1,train,Arterial,1,1,1,2,1,105,105,7.34847,5-10,False,4,False,-3.02129,isoattenuating,0,False,head,mask_ring,0.282467,inside,False,True,78.1985,105,1,105,1,1.60686,1.1086,1.01288,0.852366,0.517238,0.884455,1.26172,,,,,,,,,,,,50,1.60686,1.60686,200,0.745,3.10765,5.71349,3.0639,2.73136,2.28137,2.08162,1.488,1.08223,0.887005,,,,,,,,,,,,50,3.0639,3.0639,200,0.56,3.28625,8.37614,4.92662,-10.48,hypo,9.632,-1.088,0.000824747,True,<=1.5,True,hypo,False,False
PanTS_00003024,2,1,train,Arterial,1,1,1,2,1,243,243,17.8326,10-20,False,4,True,-41.0163,hypoattenuating,0,False,tail,pc1_boundary,0.759567,inside,False,True,13.4164,243,1,243,1,2.85788,2.55359,2.25014,1.80067,1.49014,1.3626,1.20665,,,,,,,4,,,,,50,2.85788,2.85788,200,0.595,3.41857,5.64123,2.75049,3.11737,2.75902,2.15312,1.37187,0.927164,0.546614,,,,,,,,,,,,50,3.11737,3.11737,200,0.535,3.29276,9.41595,5.87114,-47.5,hypo,9.632,-4.932,0.000818334,True,<=1.5,True,hypo,False,True
PanTS_00003024,3,1,train,Arterial,1,1,1,2,1,3,3,2,<5,True,4,False,-40.0092,hypoattenuating,0,False,tail,pc1_boundary,0.742881,inside,False,True,16.4012,3,1,3,1,1.05949,1.24965,1.52447,1.52344,1.2898,0.920785,0.568193,,,,,,,,,,,,50,1.52447,1.52447,200,0.52,1.66466,4.42736,0.484024,0.112018,-0.139853,-0.216679,-0.402045,-0.450507,-0.215125,,,,,,,,,,,,50,0.484024,0.484024,200,0.985,2.30225,6.82649,2.8947,-40.99,hypo,9.632,-4.255,0.000297115,True,<=1.5,True,hypo,False,False
PanTS_00003024,4,1,train,Arterial,1,1,1,2,1,6,6,2.23607,<5,True,4,False,-62.5162,hypoattenuating,0,False,tail,pc1_boundary,0.750384,inside,False,True,17.72,6,1,6,1,0.802095,1.36515,1.82969,1.89676,1.50777,1.00742,0.689216,,,,,,,,,,,,50,1.89676,1.89676,200,0.485,1.78774,5.21722,0.654136,0.306818,0.318717,0.171034,-0.30239,-0.453836,-0.400803,,,,,,,,,,,,50,0.654136,0.654136,200,0.97,2.09051,5.85442,3.12725,-63.49,hypo,9.632,-6.592,0.000375559,True,<=1.5,True,hypo,False,False
PanTS_00003029,1,3,train,Arterial,1.5,1.5,1.5,2,1.5,90,303.75,13.2476,10-20,False,1,True,-8,isoattenuating,0.0445434,True,head,mask_ring,0.0679365,inside,False,True,12.1861,291,1,303.75,1,2.40867,1.63435,1.34866,1.39234,1.5081,1.32083,0.939834,,,,,,,,,,,,50,2.40867,2.40867,200,0.695,2.78411,4.18186,1.3548,1.68387,1.88643,1.85296,1.6364,1.46193,1.40684,,,,,,,,,,,,50,1.88643,1.88643,200,0.915,2.75735,6.84541,6.17006,-5,iso,17.24,-0.29,0.997649,False,<=1.5,True,iso,True,False
PanTS_00003033,1,0,train,Venous,0.876953,0.876953,0.7,2,0.7,2167,1166.57,17.1118,10-20,False,1,True,-1,isoattenuating,0,False,head,mask_ring,0.28597,inside,False,True,5.38003,1200,1,1166.57,1,3.3787,2.86735,2.17886,1.54248,1.21156,1.01146,1.21679,,,,48,,,,,,,,50,3.3787,3.3787,200,0.595,3.55097,4.81959,2.50753,2.27581,2.43543,2.37423,1.96859,2.0414,2.19705,,38,32,11,15,,,,,,,50,2.50753,2.50753,200,0.77,2.98201,4.14639,8.53041,-1,iso,13.59,-0.07357,0.00423159,True,<=1.5,True,iso,True,False
PanTS_00003038,1,2,train,Venous,0.927734,0.927734,2.5,2,2.5,1748,3761.22,25.0004,20-40,False,1,True,1,isoattenuating,0.589227,True,head,mask_ring,0.2117,inside,False,True,34.3539,3778,1,3761.22,1,3.65027,3.65767,3.21059,2.50957,2.58069,2.81294,2.67416,,,37,30,15,,,,,,,50,3.65767,3.65767,200,0.86,4.22064,4.86776,3.59844,3.34964,3.20487,3.43844,3.31218,2.38043,2.14225,24,,48,35,14,12,8,,,,,50,3.59844,3.59844,200,0.75,4.13141,5.2084,11.6475,0,iso,13.59,0,0.999814,False,1.5-2.5,True,iso,True,False
PanTS_00003051,1,2,train,Non-contrast,0.716797,0.716797,0.8,2,0.8,5239,2153.43,24.1564,20-40,False,1,True,0,isoattenuating,0,False,head,mask_ring,0.0209324,abutting,False,False,,2148,0.599924,2153.43,0.602886,2.51634,1.97489,1.42679,1.05333,0.545263,0.189984,-0.0800729,,,,32,,,,,,,,50,2.51634,2.51634,200,0.995,4.4288,5.59356,2.28935,2.00643,2.16662,2.02471,1.88588,1.63746,1.65515,,,,,,,,,,,,50,2.28935,2.73862,200,1,3.91923,5.20052,10.0109,-1,iso,45.75,-0.02186,0.000223416,True,<=1.5,False,iso,True,False
PanTS_00003072,1,2,train,Arterial,0.703125,0.703125,0.8,2,0.8,768,303.75,12.2319,10-20,False,2,True,-13,hypoattenuating,0.000673401,True,head,mask_ring,0.297638,inside,False,False,,313,1,303.75,1,6.78411,7.12626,6.18287,5.03231,3.34194,2.26936,1.49327,,43,20,2,,,,,,,,50,7.12626,7.12626,200,0.01,3.33826,5.07747,2.43472,2.25154,2.4439,2.08692,1.06436,0.982572,2.62043,,,,,,,,,,,,50,2.62043,2.62043,200,0.82,3.38414,4.66215,6.17006,-17,hypo,31.83,-0.5342,0.929568,False,<=1.5,True,hypo,False,True
PanTS_00003072,2,2,train,Arterial,0.703125,0.703125,0.8,2,0.8,173,68.4229,10.5376,10-20,False,2,False,-5,isoattenuating,0,False,head,mask_ring,0.79336,embedded,False,False,,61,1,68.4229,1,1.40064,0.670626,0.267498,0.179407,0.37465,0.500518,0.627613,,,,,,,,,,,,50,1.40064,1.40064,200,0.935,2.7519,4.35494,2.28101,1.89439,1.52433,1.49213,1.1323,0.75048,0.895746,,,,,,,,,,,,50,2.28101,2.28101,200,0.8,2.90976,4.07504,4.53729,-23.5,hypo,31.83,-0.7384,9.61024e-05,True,<=1.5,True,hypo,False,True
PanTS_00003079,1,0,train,Non-contrast,0.761719,0.761719,3,2,3,11028,19195.8,46.1751,>=40,False,1,True,-13,hypoattenuating,0.528948,True,tail,mask_ring,0.89238,inside,False,True,13.7109,19287,0.995738,19195.8,0.995489,3.49158,3.04065,2.84969,3.04967,2.87959,2.29727,2.26558,40,41,47,30,5,7,,44,3.49158,1.5,0.0358263,50,3.49158,3.49158,200,0.985,4.28781,4.92428,10.6759,10.8777,8.93208,9.35543,8.40437,6.70726,5.24049,1,1,1,1,1,1,1,1,10.8777,2,0.547502,50,10.8777,10.8777,200,0,4.25851,5.71428,18.6101,-15,hypo,11.27,-1.331,0.9917,False,2.5-5,False,hypo,False,False
PanTS_00003082,1,2,train,Venous,0.765625,0.765625,2.5,2,2.5,5039,7384.42,31.0758,20-40,False,1,True,-23,hypoattenuating,0.586576,True,tail,mask_ring,0.76506,inside,False,True,0,7386,1,7384.42,1,2.68618,2.01005,1.7275,1.52816,1.28249,1.13478,0.824103,,,41,30,16,10,,,,,,50,2.68618,2.68618,200,0.995,3.98871,6.89969,4.17963,3.98184,3.42017,2.87934,2.4905,2.99523,3.67144,6,3,6,7,5,3,,9,3.98184,2,0.0333942,50,4.17963,4.17963,200,0.37,4.00536,5.02819,14.0803,-20,hypo,11.93,-1.676,0.999714,False,1.5-2.5,True,hypo,False,False
PanTS_00003084,1,2,train,Non-contrast,0.66,0.66,5,2,5,743,1618.25,16.8858,10-20,False,1,True,10,isoattenuating,0,False,head,mask_ring,0.348508,inside,False,True,1.32,1650,0.994616,1618.25,0.994545,3.18141,3.12921,3.21788,3.4453,2.96818,1.91104,2.10865,,,43,,,,,,,,,50,3.4453,3.6136,200,0.655,3.74403,5.10391,4.86832,4.2125,4.13368,4.36735,4.62929,4.07206,3.56675,,,,24,,,,,,,,50,4.86832,6.59321,200,0.035,3.128,4.50169,9.28315,14,hyper,7.625,1.836,0.000401335,True,2.5-5,False,hyper,False,False
PanTS_00003113,1,0,train,Venous,0.632812,0.632812,5,2,5,2467,4939.56,31.0898,20-40,False,1,True,-13,hypoattenuating,0.565062,True,head,mask_ring,0.184656,inside,False,True,5,4915,1,4939.56,1,3.50923,3.80604,4.21487,4.24951,4.14434,3.77647,3.14011,,,32,19,11,9,8,,,,,50,4.24951,4.24951,200,0.63,4.8361,6.4975,3.96626,4.19283,4.3011,4.64011,4.39614,3.801,3.1288,,29,25,36,19,10,9,,,,,50,4.64011,4.64011,200,0.315,3.79095,5.66465,12.5649,-6,iso,5.304,-1.131,0.998622,False,2.5-5,True,iso,False,False
PanTS_00003127,1,2,train,Arterial,0.78125,0.78125,5,2,5,298,909.424,13.8182,10-20,False,2,False,-5,isoattenuating,0,False,tail,mask_ring,0.918319,inside,False,True,94.0729,925,1,909.424,1,1.6249,1.34708,1.72867,1.92923,1.47004,0.53942,0.806882,,,,,,,,,,,,50,1.92923,2.70053,200,0.935,3.41248,5.81872,3.69261,2.81292,2.63733,2.60948,2.44009,2.46798,2.42927,,37,24,17,7,,,,,,,50,3.69261,3.69261,200,0.37,3.37132,5.02005,8.01025,4,iso,8.288,0.4826,4.35688e-06,True,2.5-5,True,iso,True,False
PanTS_00003127,2,2,train,Arterial,0.78125,0.78125,5,2,5,1221,3726.2,21.6219,20-40,False,2,True,-4,isoattenuating,0.273951,True,tail,mask_ring,0.641129,inside,False,True,49.2683,3760,1,3726.2,1,2.72531,2.41135,2.3234,2.16246,1.91704,1.79392,1.69087,,,18,8,,,,,,,,50,2.72531,3.10501,200,0.965,4.27368,5.95085,3.62793,3.02715,2.40247,2.18497,2.57689,2.5884,2.30653,18,16,19,20,18,,3,19,3.62793,1.5,0.181518,50,3.62793,3.62793,200,0.68,4.08199,6.17813,11.6174,-6,iso,8.288,-0.7239,0.996008,False,2.5-5,True,iso,False,False
PanTS_00003128,1,2,train,Arterial,0.742188,0.742188,3,2,3,16016,26466.9,55.5668,>=40,False,1,True,-29,hypoattenuating,0.494867,True,tail,mask_ring,0.829345,inside,False,True,28.6314,26571,1,26466.9,0.999962,5.03236,5.51571,5.4698,5.20728,4.51031,3.66784,3.51717,13,23,8,11,4,6,,31,4.43562,1.5,0.511982,50,5.51571,5.51571,200,0.62,5.72452,6.09866,4.3192,4.20505,4.12372,3.76407,3.76954,3.41907,2.81405,3,3,7,9,5,4,4,4,4.3192,1.5,0.145316,50,4.3192,4.58129,200,0.74,4.63716,6.58951,20.4872,-27,hypo,13.59,-1.986,0.995497,False,2.5-5,True,hypo,False,False
PanTS_00003130,1,4,train,Venous,0.78125,0.78125,5,2,5,1456,4443.36,32.2019,20-40,False,2,False,-6,isoattenuating,0,False,tail,mask_ring,0.894526,inside,False,True,81.3515,4400,1,4443.36,1,3.69433,3.14286,3.20226,2.97675,2.16901,2.32543,3.05187,,48,22,13,12,,2,,,,,50,3.69433,3.69433,200,0.875,4.72745,7.43681,3.84568,3.31801,2.58497,2.37929,2.54857,2.71363,2.98182,31,24,27,22,23,,,36,3.84568,1.5,0.578408,50,3.84568,3.84568,200,0.82,4.92942,10.5697,12.1986,-11,hypo,9.614,-1.144,0.000859248,True,2.5-5,True,hypo,False,False
PanTS_00003130,2,4,train,Venous,0.78125,0.78125,5,2,5,2976,9082.03,36.3848,20-40,False,2,True,-19,hypoattenuating,0.0782918,True,head,mask_ring,0.0703355,inside,False,True,5,9070,0.953965,9082.03,0.956119,4.6019,4.3871,3.80793,3.27112,2.76944,3.00366,3.00983,41,20,31,16,10,5,,44,3.82558,1.5,0.46086,50,4.6019,4.6019,200,0.67,5.00094,7.43681,4.26136,4.01989,3.51924,2.98197,2.66321,2.27698,1.86402,16,17,22,24,20,,9,21,4.26136,1.5,0.0151515,50,4.26136,4.26136,200,0.805,5.116,11.6395,14.9429,-22,hypo,9.614,-2.288,0.949342,False,2.5-5,True,hypo,False,False
PanTS_00003147,1,2,train,Venous,0.613281,0.613281,2.5,2,2.5,6002,5643.58,24.8014,20-40,False,1,True,-109,hypoattenuating,0.893817,True,head,mask_ring,0.33901,inside,False,True,3.10403,5629,1,5643.58,1,2.43614,2.5266,2.54024,2.52283,2.68637,2.79954,2.76371,,38,19,12,3,2,1,,,,,50,2.79954,2.79954,200,0.985,4.11243,5.85172,2.75936,2.46386,2.22406,1.97309,2.09276,2.56029,2.84497,31,12,18,19,19,,,35,2.46386,2,0.0420027,50,2.84497,2.84497,200,0.895,4.29668,5.67919,13.0447,-113,hypo,6.962,-16.23,0.999863,False,1.5-2.5,True,hypo,False,False
PanTS_00003148,1,1,train,Non-contrast,0.78125,0.78125,0.8,2,0.8,1617,789.551,18.4633,10-20,False,1,True,17,hyperattenuating,0,False,head,mask_ring,0.250486,inside,False,True,3.22578,753,1,789.551,1,2.64981,2.01627,1.50175,1.43591,1.15889,0.706452,0.458499,,,,,19,6,,,,,,50,2.64981,2.64981,200,0.62,2.89204,3.78744,2.09503,2.14081,2.38834,2.38886,2.07261,1.8926,1.98636,,,,,,,,,,,,50,2.38886,2.38886,200,0.935,3.03808,4.19568,7.73364,22,hyper,35.14,0.626,0.0361179,True,<=1.5,False,hyper,False,False
PanTS_00003151,1,0,train,Non-contrast,0.882812,0.882812,5,2,5,14115,55003.1,103.487,>=40,False,1,True,-69,hypoattenuating,0.468136,True,tail,mask_ring,1.24477,abutting,False,True,0.882812,13105,0.00453418,55003.1,0.0182373,8.63413,7.61043,6.33209,5.53381,3.82908,2.40877,1.54276,,1,,,,,,4,7.61043,2,0.0642298,50,8.63413,9.88503,200,0.545,8.63413,10.2521,3.46177,3.73117,4.16694,5.05922,6.37916,6.65036,6.1472,,,,,,,,,,,,50,6.65036,9.96555,200,0.495,6.13385,14.3121,25.5921,-70,hypo,6.962,-10.05,0.998103,False,2.5-5,False,hypo,False,False
PanTS_00003153,1,2,train,Non-contrast,0.976562,0.976562,3,2,3,136,389.099,18.2681,10-20,False,3,False,-36,hypoattenuating,0,False,head,mask_ring,0.376935,abutting,False,True,10.959,402,0.338235,389.099,0.343284,3.38807,2.87908,2.52268,2.18984,2.5319,2.33381,1.77095,,,,,,,,,,,,50,3.38807,3.90114,200,0.51,3.44724,7.90306,2.08731,1.37654,0.653722,0.145369,0.342871,0.768798,1.03383,,,,,,,,,,,,50,2.08731,2.08731,200,0.795,3.26312,5.32277,6.52888,-31,hypo,7.625,-4.066,0.00379483,True,2.5-5,False,hypo,False,False
PanTS_00003153,2,2,train,Non-contrast,0.976562,0.976562,3,2,3,1586,4537.58,34.7252,20-40,False,3,True,-62,hypoattenuating,0,False,body,mask_ring,0.492443,abutting,False,True,16.9919,4371,0.0157629,4537.58,0.0139556,3.87087,3.81502,3.39473,2.68145,2.55491,2.58909,2.35298,,,26,20,,,,,,,,50,3.87087,5.20399,200,0.775,4.87581,9.81063,0.895411,0.2206,0.0336152,0.00949236,0.34166,0.727961,1.05656,,,,,,,,,,,,50,1.05656,5.98527,200,1,4.42171,6.40248,12.2702,-70,hypo,7.625,-9.18,0.000949159,True,2.5-5,False,hypo,False,False
PanTS_00003153,3,2,train,Non-contrast,0.976562,0.976562,3,2,3,600,1716.61,22.7441,20-40,False,3,False,-52,hypoattenuating,0,False,body,mask_ring,0.599807,abutting,False,True,36.4996,1749,0.04,1716.61,0.0354488,2.2681,2.26249,2.00218,1.70828,1.13575,0.76141,0.740636,,,,,,,,,,,,50,2.2681,2.64059,200,0.92,4.29685,8.06296,2.01383,1.35577,1.01731,0.906533,0.775344,0.610213,0.469961,,,,,,,,,,,,50,2.01383,2.54136,200,0.94,4.05055,7.3812,9.42782,-70,hypo,7.625,-9.18,9.35105e-05,True,2.5-5,False,hypo,False,False
PanTS_00003160,1,0,train,Non-contrast,1.5,1.5,1.5,2,1.5,762,2571.75,25.9374,20-40,False,1,True,0,isoattenuating,0,False,head,mask_ring,0.162888,inside,False,True,21.1069,2586,0.993438,2571.75,0.991106,1.47064,1.52284,1.34588,1.33744,1.19484,1.29283,1.60113,,,47,21,7,,,,,,,50,1.60113,1.88013,200,1,4.50644,8.3054,2.4546,2.19614,2.02022,1.81766,1.44673,1.54219,1.64691,,,48,39,25,17,,,,,,50,2.4546,2.4546,200,0.95,4.29087,16.6032,10.4992,-2,iso,8.62,-0.232,0.00241078,True,<=1.5,False,iso,True,False
PanTS_00003161,1,2,train,Venous,0.756,0.756,0.8,2,0.8,471,215.355,13.555,10-20,False,3,False,-3,isoattenuating,0,False,head,mask_ring,0.0405864,inside,False,True,27.1976,246,1,215.355,1,2.42912,2.17449,1.78289,1.4462,0.983307,0.330368,-0.27415,,,,,16,9,,,,,,50,2.42912,2.42912,200,0.63,2.70666,3.85718,1.4985,1.7419,1.76433,1.67207,1.47298,1.30674,1.40511,,,,,,,,,,,,50,1.76433,1.84593,200,0.975,2.85993,4.13365,5.71839,-12,hypo,9.283,-1.293,7.33987e-05,True,<=1.5,True,hypo,False,True
PanTS_00003161,2,2,train,Venous,0.756,0.756,0.8,2,0.8,69,31.5488,6.81711,5-10,False,3,False,719,hyperattenuating,0,False,head,mask_ring,0.092951,inside,False,True,21.9141,24,1,31.5488,1,2.09894,1.09735,0.316328,-0.211922,-0.86526,-1.30742,-1.71956,,,,,,,,,,,,50,2.09894,2.09894,200,0.565,2.22198,3.61436,3.95709,4.6337,4.36302,3.89514,3.18911,2.96197,3.00776,,3,3,,,,,3,4.6337,2,0.0103356,50,4.6337,4.6337,200,0.005,2.35919,4.0739,3.96019,697.5,hyper,9.283,75.14,1.75029e-05,True,<=1.5,True,hyper,False,False
PanTS_00003161,3,2,train,Venous,0.756,0.756,0.8,2,0.8,20043,9164.24,48.383,>=40,False,3,True,-19,hypoattenuating,0.497876,True,head,mask_ring,0.303143,inside,False,True,0.8,9148,0.998553,9164.24,0.997923,3.56882,3.30983,3.03376,2.89626,2.66832,2.05069,1.80685,,50,23,6,3,2,1,,,,,50,3.56882,3.56882,200,0.785,3.81746,4.68279,4.24072,2.44463,1.92573,1.74266,1.86114,2.11063,2.50594,4,39,42,29,12,,,5,4.24072,1.5,0.223625,50,4.24072,4.24072,200,0.435,4.07921,5.79204,14.9818,-19,hypo,9.283,-2.047,0.999861,False,<=1.5,True,hypo,False,False
PanTS_00003162,1,0,train,Non-contrast,0.865234,0.865234,5,2,5,497,1860.35,23.4341,20-40,False,1,True,-5,isoattenuating,0.409171,True,body,mask_ring,0.703312,inside,False,True,34.7664,1860,1,1860.35,1,4.38902,3.72103,2.72008,2.09712,1.49558,1.65245,1.78846,,19,,,,,,,,,,50,4.38902,4.38902,200,0.325,3.77255,5.62203,3.11865,2.64955,2.78773,2.82952,2.32501,2.36162,2.3051,48,,,10,11,9,,,,,,50,3.11865,3.11865,200,0.72,3.62386,5.49879,9.6296,-8.5,iso,14.59,-0.5827,0.992654,False,2.5-5,False,iso,False,False
PanTS_00003187,1,2,train,Non-contrast,0.658203,0.658203,0.801501,2,0.801501,6269,2176.82,40.7489,>=40,False,5,True,-1,isoattenuating,0,False,head,mask_ring,0.184428,embedded,False,False,,2163,0.525762,2176.82,0.551549,2.38096,2.06822,1.63013,1.31326,0.609482,0.0542882,0.092267,,49,30,14,11,,,,,,,50,2.38096,2.38096,200,0.98,5.66247,8.01572,2.73486,2.54245,2.0709,1.58644,2.20913,2.46632,2.45454,,,49,38,17,11,,,,,,50,2.73486,3.65952,200,0.985,4.55907,6.8042,10.0398,-4,iso,18.57,-0.2155,0.00694413,True,<=1.5,False,iso,True,False
PanTS_00003187,2,2,train,Non-contrast,0.658203,0.658203,0.801501,2,0.801501,2470,857.671,21.2736,20-40,False,5,False,-12,hypoattenuating,0,False,head,mask_ring,0.221014,abutting,False,False,,886,0.404049,857.671,0.420993,3.46842,3.02609,2.21651,1.14172,0.673514,0.719774,0.587891,,44,27,17,,,,,,,,50,3.46842,3.46842,200,0.75,4.82972,7.34,2.70388,2.21738,1.93531,1.75861,1.73849,1.71051,1.77144,,,,,,,,,,,,50,2.70388,2.91439,200,0.955,4.10094,6.55641,7.89401,-9,iso,18.57,-0.4848,3.73436e-05,True,<=1.5,False,iso,False,False
PanTS_00003187,3,2,train,Non-contrast,0.658203,0.658203,0.801501,2,0.801501,236,81.9475,8.91328,5-10,False,5,False,0,isoattenuating,0,False,head,mask_ring,0.281685,inside,False,False,,92,1,81.9475,1,2.03615,1.7848,1.12576,0.662582,0.633449,0.361304,0.0793183,,,,,,,,,,,,50,2.03615,2.03615,200,0.81,3.18767,6.28632,2.34312,1.98801,1.7201,1.60657,1.35123,1.31241,1.30965,,,,,,,,,,,,50,2.34312,2.34312,200,0.9,3.33633,5.56243,4.69453,-3.5,iso,18.57,-0.1885,8.5143e-05,True,<=1.5,False,iso,True,False
PanTS_00003187,4,2,train,Non-contrast,0.658203,0.658203,0.801501,2,0.801501,12,4.16682,2.81918,<5,True,5,False,8,isoattenuating,0,False,head,mask_ring,0.339083,inside,False,False,,6,1,4.16682,1,1.04041,1.09532,0.799633,0.447558,0.175438,0.257477,0.269689,,,,,,,,,,,,50,1.09532,1.09532,200,0.82,1.80066,5.5843,1.5019,1.04204,0.531205,0.728788,0.585928,0.408283,0.261856,,,,,,,,,,,,50,1.5019,1.5019,200,0.95,2.70109,5.25336,2.99825,8,iso,18.57,0.4309,0.000136584,True,<=1.5,False,iso,False,False
PanTS_00003187,5,2,train,Non-contrast,0.658203,0.658203,0.801501,2,0.801501,293,101.74,10.0768,10-20,False,5,False,-12,hypoattenuating,0,False,head,mask_ring,0.381388,inside,False,False,,90,1,101.74,1,2.11928,1.60318,1.88323,1.70939,0.931872,0.390085,0.128334,,,29,12,,,,,,,,50,2.11928,2.11928,200,0.71,3.13996,6.6809,1.82787,1.5659,1.17553,0.840178,0.578576,0.440854,0.526488,,,,,,,,,,,,50,1.82787,1.82787,200,0.985,3.38647,5.98619,4.89602,-33,hypo,18.57,-1.778,0.000297115,True,<=1.5,False,hypo,False,False
PanTS_00003188,1,1,train,,0.84375,0.84375,1.25,2,1.25,9503,8456.65,44.5688,>=40,False,1,True,-37,hypoattenuating,0.112882,True,tail,mask_ring,0.900802,inside,False,True,0,8466,1,8456.65,1,3.68593,3.11392,2.31168,1.7862,1.75294,1.71418,1.39063,,50,37,25,9,,2,,,,,50,3.68593,3.68593,200,0.99,5.19638,6.77596,5.60252,5.58104,5.02479,4.75166,4.14565,3.74804,3.17686,43,43,9,5,3,4,5,41,3.46669,5,0.134343,50,5.60252,5.60252,200,0.235,4.928,8.36173,14.6387,-33,hypo,9.614,-3.432,0.976758,False,<=1.5,False,hypo,False,False
PanTS_00003192,1,4,train,Venous,0.878906,0.878906,2.5,2,2.5,3733,7209.13,37.0508,20-40,False,1,True,25,hyperattenuating,0.531564,True,head,mask_ring,0.118933,inside,False,True,5,7165,1,7209.13,1,3.41879,3.54089,3.25635,2.83236,2.10344,1.54719,1.36645,7,,32,19,4,,,7,3.14596,1.5,0.18058,50,3.54089,3.54089,200,0.13,2.95207,4.09126,2.70491,2.22056,1.97278,1.91687,1.77177,1.77866,1.94345,43,28,19,16,12,7,5,43,2.49634,1.5,0.186592,50,2.70491,2.70491,200,0.975,3.75016,4.74828,13.9839,18,hyper,20.55,0.8757,0.997783,False,1.5-2.5,True,hyper,False,False
PanTS_00003202,1,1,train,Non-contrast,0.888672,0.888672,3.75,2,3.75,1898,5620.96,33.4173,20-40,False,1,True,10,isoattenuating,0,False,tail,mask_ring,0.773673,inside,False,True,13.0246,5696,1,5620.96,1,3.57289,3.5419,3.37777,3.18599,2.85326,2.94159,2.95916,,44,26,39,,,,,,,,50,3.57289,3.64953,200,0.98,4.91623,7.2095,2.25083,2.57542,2.25654,2.64353,2.70822,2.48163,2.02714,,,26,22,,,,,,,,50,2.70822,2.70822,200,0.975,4.2926,5.9917,13.03,14,hyper,12.27,1.141,0.00029251,True,2.5-5,False,hyper,False,False
PanTS_00003205,1,4,train,Arterial,0.628906,0.628906,0.8,2,0.8,26927,8520.2,34.4585,20-40,False,1,True,8,isoattenuating,0.602016,True,head,mask_ring,-0.0138339,abutting,False,True,5.29514,8466,0.134809,8520.2,0.13005,3.56145,3.033,2.48936,1.9867,1.6416,1.30504,1.03468,41,35,22,10,6,3,,46,2.06169,1.5,0.345757,50,3.56145,4.86963,200,0.94,5.3394,6.27482,1.9365,1.84978,1.90195,1.72337,1.91166,1.87811,1.84964,37,20,22,10,4,4,,43,1.9365,1.5,0.147393,50,1.9365,15.7033,200,1,16.5628,17.7291,14.6703,4,iso,12.6,0.3175,0.997332,False,<=1.5,True,iso,True,False
PanTS_00003229,1,2,train,Venous,0.775391,0.775391,1.25,2,1.25,18616,13990.6,45.7644,>=40,False,1,True,6,isoattenuating,0,False,head,mask_ring,0.248806,inside,False,True,0.775391,14042,1,13990.6,1,4.59391,4.06944,3.98604,4.01676,3.55968,3.22466,3.02004,2,10,11,16,11,6,,4,4.59391,1.5,0.0260515,50,4.59391,4.59391,200,0.265,4.34507,4.83991,3.82386,3.44087,3.5057,3.43917,3.63066,3.13386,2.47853,7,7,11,3,1,1,3,15,3.63066,4,0.203546,50,3.82386,3.82386,200,0.47,3.71337,4.54053,16.948,6,iso,16.24,0.3694,5.94409e-05,True,<=1.5,True,iso,False,False
PanTS_00003246,1,2,train,Venous,0.976562,0.976562,2.5,2,2.5,4020,9584.42,34.6171,20-40,False,1,True,-9,isoattenuating,0.804405,True,head,mask_ring,0.172118,inside,False,True,6.34498,9914,1,9584.42,1,2.76793,2.50547,2.78626,2.87562,2.63577,1.75929,0.880739,,,,,12,3,,,,,,50,2.87562,2.87562,200,0.91,3.46557,3.87475,2.57204,2.45687,2.76264,2.81969,2.48699,2.21188,2.08854,,,41,26,18,15,10,,,,,50,2.81969,2.81969,200,0.99,3.81213,4.048,15.1773,-13,hypo,22.87,-0.5683,0.997459,False,1.5-2.5,True,hypo,False,False
PanTS_00003258,1,2,train,Venous,5,0.921875,0.921875,0,5,243,1032.57,19.63,10-20,False,3,False,-34,hypoattenuating,0.316802,True,tail,mask_ring,0.753006,inside,False,False,,1005,1,1032.57,1,2.48984,1.96805,1.78245,1.62358,1.55162,1.3281,1.1102,,,44,,,,,,,,,50,2.48984,2.86978,200,0.815,3.38824,4.87636,2.58922,2.36392,2.19771,2.05455,1.91026,1.63616,1.49062,,,43,26,21,11,6,,,,,50,2.58922,2.58922,200,0.765,3.09386,4.70252,8.27014,-33,hypo,7.956,-4.148,0.998505,False,2.5-5,True,hypo,False,True
PanTS_00003258,2,2,train,Venous,5,0.921875,0.921875,0,5,366,1555.23,26.2276,20-40,False,3,True,-27,hypoattenuating,0.100233,True,tail,pc1_boundary,0.706746,separated,True,False,,1510,0,1555.23,0,,,,,,,,,,,,,,,,,,,50,,1.0193,,,,,,,,,,,,,,,,,,,,,,,50,,2.03748,,,,,9.18735,-25,hypo,7.956,-3.142,0.996385,False,2.5-5,True,hypo,False,False
PanTS_00003258,3,2,train,Venous,5,0.921875,0.921875,0,5,288,1223.79,17.3552,10-20,False,3,False,-26,hypoattenuating,0.0752941,True,body,pc1_boundary,0.619772,separated,True,False,,1265,0,1223.79,0,,,,,,,,,,,,,,,,,,,50,,1.98433,,,,,,,,,,,,,,,,,,,,,,,50,,2.64306,,,,,8.63548,-32,hypo,7.956,-4.022,0.994488,False,2.5-5,True,hypo,False,True
PanTS_00003260,1,3,train,Venous,0.683594,0.683594,0.8,2,0.8,4689,1752.94,44.1537,>=40,False,1,True,-11,hypoattenuating,0,False,head,mask_ring,0.373318,abutting,False,False,,1792,0.277245,1752.94,0.28683,2.67266,2.35631,2.58907,2.27942,1.36993,0.877781,0.41794,34,,27,,,,,36,2.27193,1.5,0.29528,50,2.67266,5.24987,200,0.82,4.78499,6.32313,2.93081,2.36894,1.91617,1.33187,1.22026,1.16448,1.15653,46,39,26,,,,,,,,,50,2.93081,4.27769,200,0.915,5.716,7.38338,9.47984,-10,iso,13.59,-0.7357,0.00123758,True,<=1.5,True,iso,False,False
PanTS_00003265,1,3,train,Non-contrast,0.78125,0.78125,0.8,2,0.8,272,132.813,11.0728,10-20,False,1,True,10,isoattenuating,0,False,head,mask_ring,0.114898,inside,False,True,13.7774,136,1,132.813,1,2.21096,1.68014,1.48156,1.24099,0.646569,0.242567,0.136378,,,,,,,,,,,,50,2.21096,2.21096,200,0.37,2.04156,2.80923,2.06639,1.72456,1.91071,1.84133,1.55255,1.23758,1.12414,,,,,,,,,,,,50,2.06639,2.06639,200,0.855,2.63842,3.29942,5.16507,10.5,hyper,61.99,0.1694,0.0280874,True,<=1.5,False,hyper,False,False
PanTS_00003270,1,0,train,Venous,0.785156,0.785156,0.7,2,0.7,15893,6858.29,32.6738,20-40,False,1,True,15,hyperattenuating,0.780945,True,head,mask_ring,0.152268,inside,False,True,1.89007,6865,1,6858.29,1,2.58266,2.29247,2.11132,2.20388,1.9706,1.37181,1.2138,,,,45,10,,,,,,,50,2.58266,2.58266,200,0.875,3.31499,3.8825,2.24305,2.14591,2.12625,1.95369,1.76051,1.7063,1.85675,,35,27,22,16,11,7,,,,,50,2.24305,2.24305,200,0.98,3.10416,4.07491,13.7863,17,hyper,8.62,1.972,0.99997,False,<=1.5,True,hyper,False,False
PanTS_00003276,1,3,train,Venous,0.976562,0.976562,2.5,2,2.5,2757,6573.19,33.724,20-40,False,1,True,-7,isoattenuating,0.680997,True,head,mask_ring,0.238485,inside,False,True,2.18366,6740,1,6573.19,1,3.19095,2.3597,2.22505,2.19649,1.70913,0.993469,0.886161,,,46,24,10,2,1,,,,,50,3.19095,3.19095,200,0.845,3.83124,4.82046,5.33118,5.58518,5.03334,4.27287,3.00103,2.67037,2.29544,,,,32,22,,,,,,,50,5.58518,5.58518,200,0.11,3.5912,6.48497,13.6206,-12,hypo,21.22,-0.5656,0.99802,False,1.5-2.5,True,hypo,False,False
PanTS_00003280,1,1,train,Venous,0.859375,0.859375,7.5,2,7.5,535,2963.33,39.1008,20-40,False,1,True,-31,hypoattenuating,0,False,tail,mask_ring,0.709529,inside,False,True,73.3853,2850,0.95514,2963.33,0.960702,3.2743,3.00087,2.84983,2.78761,2.52558,2.29568,2.00723,,,17,10,5,1,1,,,,,50,3.2743,3.2743,200,0.825,4.1112,6.73224,3.61101,3.21828,2.66687,2.08123,1.69151,1.52797,1.45126,,,41,,,,,,,,,50,3.61101,3.61101,200,0.57,3.81112,5.53413,10.9104,-36,hypo,7.625,-4.721,7.63223e-05,True,>5,True,hypo,False,False
PanTS_00003287,1,0,train,Venous,0.822266,0.822266,2.5,2,2.5,1812,3062.83,24.9535,20-40,False,1,True,13,hyperattenuating,0,False,head,mask_ring,0.156429,inside,False,True,0.822266,3140,1,3062.83,1,2.94423,3.52436,3.20193,2.45768,1.87273,1.69452,1.69785,16,18,14,15,,,,16,2.63948,1.5,0.313785,50,3.52436,3.52436,200,0.075,2.99046,3.72278,2.02478,2.11048,2.44647,2.52291,2.36086,2.67228,2.79946,42,37,21,17,13,9,,,,,,50,2.79946,2.79946,200,0.96,4.45578,5.64467,11.009,8,iso,11.27,0.7097,0.0279809,True,1.5-2.5,True,iso,False,False
PanTS_00003292,1,3,train,Arterial,0.976562,0.976562,2.5,2,2.5,4341,10349.7,32.3297,20-40,False,1,True,-17,hypoattenuating,0.759818,True,tail,mask_ring,0.860587,inside,False,True,65.0285,9659,1,10349.7,1,4.59074,4.53476,3.94235,3.23812,1.90216,1.41509,1.23569,42,38,,25,4,4,2,42,3.75173,1.5,0.17843,50,4.59074,4.59074,200,0.405,4.46886,5.61363,3.68306,3.32872,3.06803,3.05639,3.05675,3.00352,2.77724,47,18,17,12,18,11,,47,3.32872,2,0.418172,50,3.68306,3.68306,200,0.9,4.12363,5.55457,15.5191,-19,hypo,15.25,-1.246,0.997796,False,1.5-2.5,True,hypo,False,False
PanTS_00003300,1,2,train,Venous,0.753906,0.753906,2.5,2,2.5,1601,2274.92,21.5335,20-40,False,1,True,41,hyperattenuating,0.307452,True,head,mask_ring,0.0868209,inside,False,True,2.6112,2258,1,2274.92,1,2.93474,1.86305,1.60885,1.32384,0.873711,0.776853,0.54899,,49,49,37,10,,,,,,,50,2.93474,2.93474,200,0.335,2.63424,4.666,3.35721,2.94023,2.61147,2.47939,1.99797,1.92735,2.33186,22,32,,47,27,,,29,3.35721,1.5,0.0288553,50,3.35721,3.35721,200,0.46,3.319,5.21513,10.1588,40,hyper,15.58,2.567,0.860604,False,1.5-2.5,True,hyper,False,False
PanTS_00003303,1,2,train,Venous,0.859375,0.859375,5,2,5,3401,12558.6,41.7735,>=40,False,1,True,2,isoattenuating,0,False,head,mask_ring,0.092798,inside,False,False,,12625,0.988239,12558.6,0.986693,10.0244,6.32437,4.26123,3.94594,3.23647,2.58955,2.0854,,31,16,8,7,,,,,,,50,10.0244,10.0244,200,0,6.15374,7.2208,4.39239,4.0777,3.62612,3.51709,4.18267,4.30318,4.09177,31,11,6,8,7,6,8,31,4.39239,1.5,0.0461037,50,4.39239,5.46838,200,0.88,4.86212,7.22621,16.4195,1,iso,6.63,0.1508,0.000245369,True,2.5-5,True,iso,True,False
PanTS_00003318,1,1,train,Venous,0.802734,0.802734,2.5,2,2.5,5261,8475.23,35.0749,20-40,False,1,True,-42,hypoattenuating,0,False,head,mask_ring,0.283095,inside,False,True,0,8304,1,8475.23,1,3.81743,3.08274,2.46064,2.13006,1.85256,1.98068,1.80586,,,,,20,7,3,,,,,50,3.81743,3.81743,200,0.49,3.75836,4.7333,4.91565,4.0148,2.91507,2.53169,1.58725,1.37721,1.50462,5,5,17,,32,,,5,4.43766,1.5,0.073976,50,4.91565,4.91565,200,0.15,3.80722,6.06563,14.648,-56,hypo,25.2,-2.223,0.0313211,True,1.5-2.5,True,hypo,False,False
PanTS_00003339,1,2,train,Arterial,0.824219,0.824219,2.5,2,2.5,4698,7978.81,31.762,20-40,False,1,True,-5,isoattenuating,0,False,head,mask_ring,0.153102,inside,False,True,4.21885,8003,0.976373,7978.81,0.97451,6.66751,4.29661,3.59744,2.92093,1.73304,1.59164,1.64018,1,44,23,14,7,3,,1,6.66751,1.5,0.0403665,50,6.66751,6.66751,200,0.095,4.76979,6.96464,7.49275,3.73421,3.09182,2.96499,3.16407,3.25028,3.39537,31,30,27,6,9,4,4,34,2.66784,1.5,0.0817669,50,7.49275,8.35962,200,0.41,5.8991,11.5719,14.396,-4,iso,7.293,-0.5484,0.000237822,True,1.5-2.5,True,iso,True,False
PanTS_00003343,1,4,train,Arterial,0.810547,0.810547,2.5,2,2.5,2393,3930.42,35.9653,20-40,False,1,True,12,hyperattenuating,0.434213,True,head,mask_ring,0.0892462,abutting,False,True,69.3581,3834,0.178855,3930.42,0.178143,1.77222,1.79809,1.81137,1.94736,1.9859,1.88914,1.62141,,,,,,,,,,,,50,1.9859,2.99687,200,1,3.13503,4.02711,1.94046,1.88509,1.94928,1.83208,1.64364,1.42642,1.35485,,,24,,,,,,,,,50,1.94928,2.47944,200,1,2.8783,3.60132,11.79,17.5,hyper,12.27,1.427,0.997301,False,1.5-2.5,True,hyper,False,False
PanTS_00003355,1,3,train,Venous,0.703125,0.703125,2,2,2,11416,11287.8,40.4675,>=40,False,1,True,-11,hypoattenuating,0.901966,True,head,mask_ring,0.508467,inside,False,True,1.40625,11226,1,11287.8,1,2.80545,2.64185,2.56725,2.2747,2.00066,2.02965,2.02138,,,40,22,10,7,,,,,,50,2.80545,2.80545,200,1,3.98162,4.59725,3.14294,2.81044,2.87098,2.42176,2.35359,2.14433,2.31353,50,44,11,13,9,8,5,40,2.87098,2.5,0.213048,50,3.14294,3.14294,200,0.87,3.55226,8.44442,15.9158,-10,iso,12.27,-0.8152,0.997917,False,1.5-2.5,True,iso,False,False
PanTS_00003356,1,2,train,Venous,0.765625,0.765625,2.5,2,2.5,2369,3471.66,27.27,20-40,False,1,True,-27,hypoattenuating,0,False,body,mask_ring,0.591528,inside,False,True,0,3405,1,3471.66,1,2.87669,2.31906,1.97698,1.82156,1.66544,1.26139,1.40733,4,12,,,,,,4,2.87669,1.5,0.0183925,50,2.87669,2.87669,200,0.175,2.49164,3.21248,3.27328,2.09464,1.79636,1.78944,1.5295,1.32473,1.30591,34,41,32,18,10,8,7,39,2.21746,1.5,0.312282,50,3.27328,3.27328,200,0.21,2.70909,3.56497,11.3933,-30,hypo,14.59,-2.057,0.000231409,True,1.5-2.5,True,hypo,False,False
PanTS_00003360,1,2,train,Arterial,0.896484,0.896484,2.5,2,2.5,6891,13845.5,80.9113,>=40,False,1,True,5,isoattenuating,0.13024,True,tail,mask_ring,0.279144,abutting,False,True,0.896484,13865,0.609055,13845.5,0.60916,6.98683,5.24151,4.27843,4.16071,3.55193,3.09222,2.87898,1,1,1,1,1,2,,1,6.98683,1.5,0.00835173,40,6.98683,6.98683,200,0,2.85596,2.85596,10.9513,10.3059,10.4406,10.4767,8.67739,6.66349,5.02778,1,1,1,1,2,,1,1,10.9513,1.5,0.203056,49,10.9513,11.7395,200,0,2.52895,2.52895,16.8961,-5.5,iso,8.62,-0.6381,0.96793,False,1.5-2.5,True,iso,False,False
PanTS_00003370,1,0,train,Non-contrast,0.976562,0.976562,0.8,2,0.8,414,315.857,11.2245,10-20,False,1,True,-12,hypoattenuating,0,False,head,mask_ring,0.102907,embedded,False,True,36.0967,343,0.94686,315.857,0.938776,2.87659,2.59509,2.2367,2.17793,2.10781,1.69428,1.38393,21,13,19,,,,,22,2.87659,1.5,0.246222,50,2.87659,2.87659,200,0.185,2.40692,3.38789,2.32014,2.06342,1.89446,1.80131,1.61212,1.48126,1.38483,,,,,,,,,,,,50,2.32014,2.32014,200,0.84,2.8291,3.41248,6.22474,-22.5,hypo,24.86,-0.9049,0.0230652,True,<=1.5,False,hypo,False,False
PanTS_00003391,1,0,train,Arterial,0.826172,0.826172,2.5,2,2.5,621,1059.67,18.52,10-20,False,2,False,-57,hypoattenuating,0.679726,True,head,mask_ring,0.168577,abutting,False,True,18.82,1042,0.0676329,1059.67,0.0547025,2.9786,2.49137,2.26164,2.21731,1.64335,2.03342,1.73059,,,28,16,11,,,,,,,50,2.9786,2.9786,200,0.785,3.53837,4.45079,2.38153,2.17087,1.78247,1.35462,1.00045,1.22459,1.73297,,,,,,,,,,,,50,2.38153,3.32608,200,0.75,3.48819,4.72315,8.32453,-60,hypo,9.946,-6.033,0.963506,False,1.5-2.5,True,hypo,False,True
PanTS_00003391,2,0,train,Arterial,0.826172,0.826172,2.5,2,2.5,2330,3975.91,45.3664,>=40,False,2,True,-43,hypoattenuating,0.0948487,True,body,mask_ring,0.463984,inside,False,True,0.826172,3982,0.956652,3975.91,0.952285,3.66551,2.98651,2.64551,2.78504,3.22981,3.11419,2.50506,,,31,,,,,,,,,50,3.66551,4.28711,200,0.695,3.9502,4.60553,3.80292,3.68991,3.82209,3.48854,2.4439,2.547,2.86724,,49,36,,,10,,,,,,50,3.82209,4.39606,200,0.575,3.95588,4.86513,11.8276,-42,hypo,9.946,-4.223,0.833189,False,1.5-2.5,True,hypo,False,False
PanTS_00003398,1,4,train,Non-contrast,0.798828,0.798828,0.8,2,0.8,2274,1160.88,20.813,20-40,False,1,True,12,hyperattenuating,0,False,head,mask_ring,0.0992714,inside,False,False,,1164,1,1160.88,1,2.6182,1.95128,1.55123,1.34691,1.06538,0.696603,0.399489,,,,,30,,,,,,,50,2.6182,2.6182,200,0.58,2.80863,3.61483,3.18135,2.65368,2.40582,2.39009,2.43558,2.35874,2.22703,44,,,,43,,,,,,,50,3.18135,3.18135,200,0.47,3.11929,3.99121,8.51978,13,hyper,37.46,0.347,0.00312365,True,<=1.5,False,hyper,False,False
PanTS_00003405,1,4,train,Arterial,1.5,1.5,1.5,2,1.5,424,1431,24.0936,20-40,False,1,True,13,hyperattenuating,0.0143885,True,head,mask_ring,0.257147,inside,False,True,3.67423,1449,1,1431,1,1.62414,1.37272,1.29062,1.19092,1.008,0.77267,0.659176,,,,,,,,,,,,50,1.62414,1.62414,200,1,2.9671,3.75989,1.76048,1.44379,1.33631,1.47595,1.79423,1.71522,1.55365,,,,42,23,15,,,,,,50,1.79423,1.79423,200,0.975,2.84647,4.22775,8.99064,20,hyper,26.52,0.7541,0.995047,False,<=1.5,True,hyper,False,False
PanTS_00003416,1,2,train,Arterial,0.820312,0.820312,5,2,5,119,400.383,17.9563,10-20,False,3,False,-38,hypoattenuating,0,False,body,mask_ring,0.595936,abutting,False,False,,415,0.0504202,400.383,0.0626506,2.43959,1.6033,1.47359,1.46142,1.64444,1.62638,1.39431,,,,,,,,,,,,50,2.43959,3.55575,200,0.575,2.76714,6.92639,1.89308,1.22159,0.795352,0.725375,0.597472,0.637365,0.544948,,,,,,,,,,,,50,1.89308,4.18984,200,0.905,3.4871,6.57416,6.57224,-29,hypo,13.92,-2.083,0.000161561,True,2.5-5,True,hypo,False,True
PanTS_00003416,2,2,train,Arterial,0.820312,0.820312,5,2,5,6352,21371.7,68.7101,>=40,False,3,True,-8,isoattenuating,0.554635,True,head,mask_ring,0.306584,abutting,False,False,,21385,0,21371.7,0,1.48729,1.48551,1.49278,1.33717,0.8777,0.476311,0.240403,,,,,,,,,,,,50,1.49278,3.55601,200,1,6.39611,8.45902,1.68324,1.14258,0.576877,0.452675,0.447012,0.671246,0.792735,,,,,,,,,,,,50,1.68324,3.02193,200,1,5.42898,9.24947,19.2154,-9,iso,13.92,-0.6464,0.995793,False,2.5-5,True,iso,False,False
PanTS_00003416,3,2,train,Arterial,0.820312,0.820312,5,2,5,116,390.289,11.8918,10-20,False,3,False,-3,isoattenuating,0,False,head,mask_ring,0.249574,separated,True,False,,425,0,390.289,0,,,,,,,,,,,,,,,,,,,50,,2.32433,,,,,,,,,,,,,,,,,,,,,,,50,,1.89083,,,,,6.53349,-2.5,iso,13.92,-0.1795,2.19535e-05,True,2.5-5,True,iso,True,False
PanTS_00003431,1,1,train,Arterial,0.835938,0.835938,2.5,2,2.5,3369,5885.58,30.6174,20-40,False,1,True,2,isoattenuating,0,False,head,mask_ring,0.0839341,inside,False,True,4.8703,5924,0.997922,5885.58,0.997468,5.59689,4.32947,3.81503,3.11493,2.57363,2.13643,1.61044,,30,16,28,12,15,11,,,,,50,5.59689,5.59689,200,0.665,6.28506,12.2688,4.63877,3.59756,2.9237,2.59448,2.34435,1.85277,2.41181,15,18,20,25,14,13,,17,4.63877,1.5,0.128938,50,4.63877,4.63877,200,0.48,4.60408,6.60725,13.2004,4,iso,11.27,0.3549,0.00459168,True,1.5-2.5,True,iso,True,False
PanTS_00003434,1,2,train,Arterial,0.847656,0.847656,2.5,2,2.5,7672,13781.2,38.9077,20-40,False,1,True,9,isoattenuating,0.712546,True,head,mask_ring,0.140076,inside,False,True,2.5,13660,1,13781.2,1,3.78443,3.91708,3.92761,3.56547,2.58968,2.05253,1.54031,15,3,6,24,10,6,2,15,3.92761,2.5,0.214698,50,3.92761,3.92761,200,0.77,4.2973,4.70541,2.67878,2.59789,2.41862,2.21467,1.85003,1.59092,1.59882,39,22,17,15,10,6,3,46,2.67878,1.5,0.143527,50,2.67878,2.67878,200,0.97,3.75136,6.0576,16.873,3,iso,13.92,0.2155,0.999936,False,1.5-2.5,True,iso,True,False
PanTS_00003437,1,2,train,Arterial,0.886719,0.886719,2.5,2,2.5,3657,7188.48,33.9845,20-40,False,1,True,-11,hypoattenuating,0.725222,True,head,mask_ring,0.101356,inside,False,True,0.886719,7176,0.979765,7188.48,0.976867,5.15552,3.15298,2.50341,2.15191,1.40967,0.98507,0.724221,1,5,7,15,6,2,1,1,4.69249,1.5,0.0436901,50,5.15552,5.25669,200,0,2.83974,3.33667,4.12059,3.39001,3.20804,2.90473,2.48191,2.25275,2.26999,2,,46,32,14,10,,2,4.12059,1.5,0.0449768,50,4.12059,4.12059,200,0.04,3.48189,4.10616,13.9724,-15,hypo,16.24,-0.9234,0.999906,False,1.5-2.5,True,hypo,False,False
PanTS_00003441,1,4,train,Arterial,0.6875,0.6875,2,2,2,22893,21641,47.4778,>=40,False,1,True,-8,isoattenuating,0.860948,True,head,mask_ring,0.219212,inside,False,True,0.6875,21769,0.997423,21641,0.994488,4.94717,4.7568,4.29357,3.79408,3.16352,3.14551,2.7386,41,22,14,11,9,6,2,45,3.40182,1.5,0.0766643,50,4.94717,4.94717,200,0.99,6.53756,8.99939,11.0209,7.9717,5.86464,4.77172,2.86366,1.71532,1.80741,1,1,1,1,6,5,5,1,11.0209,1.5,0.100117,50,11.0209,11.0209,200,0,10.2449,10.7197,19.2874,-6,iso,4.973,-1.207,0.99661,False,1.5-2.5,True,iso,False,False
PanTS_00003457,1,4,train,Arterial,0.699219,0.699219,5,2,5,551,1346.94,24.9782,20-40,False,1,True,-42,hypoattenuating,0.0260573,True,tail,mask_ring,0.980171,inside,False,True,60.269,1335,0.829401,1346.94,0.831461,3.2534,2.84067,2.21576,2.07123,2.23708,2.42478,2.59107,,,,,,,,,,,,50,3.2534,3.2534,200,0.785,4.17987,6.5363,3.10851,3.02843,2.66252,2.28699,2.27155,2.30262,2.00647,27,18,10,9,10,,,31,3.10851,1.5,0.676738,50,3.10851,3.10851,200,0.675,3.44324,4.98841,8.85099,-25.5,hypo,7.956,-3.205,0.991828,False,2.5-5,True,hypo,False,False
PanTS_00003473,1,0,train,Venous,0.703125,0.703125,5,2,5,1535,3794.4,31.5815,20-40,False,3,True,-3,isoattenuating,0.416287,True,body,mask_ring,0.641442,abutting,False,True,46.3482,3755,0.748534,3794.4,0.749933,3.75896,3.78443,3.59668,3.20887,2.84861,2.93489,2.64018,49,31,23,13,3,5,,,,,,50,3.78443,5.01232,200,0.895,6.35915,11.3425,3.5099,2.68721,2.60412,2.3923,1.59337,1.95392,1.88625,36,44,35,36,19,,,43,3.5099,1.5,0.0930149,50,3.5099,4.242,200,0.805,4.33635,7.66717,11.6758,-1,iso,9.614,-0.104,0.994402,False,2.5-5,True,iso,True,False
PanTS_00003473,2,0,train,Venous,0.703125,0.703125,5,2,5,303,748.993,19.7001,10-20,False,3,False,-11,hypoattenuating,0,False,body,mask_ring,0.667508,embedded,False,True,56.2851,775,0.633663,748.993,0.64,3.21244,2.9215,2.59544,2.24482,1.73893,1.3565,1.45328,,39,,,,,,,,,,50,3.21244,4.34565,200,0.685,4.7056,9.41784,2.67627,2.27555,2.13974,2.12674,1.82907,1.76778,1.43925,,,33,30,,,,,,,,50,2.67627,3.59921,200,0.78,3.70863,6.02198,7.63373,-11,hypo,9.614,-1.144,0.00380222,True,2.5-5,True,hypo,False,True
PanTS_00003473,3,0,train,Venous,0.703125,0.703125,5,2,5,1258,3109.68,23.2681,20-40,False,3,False,-23,hypoattenuating,0,False,head,mask_ring,0.105989,inside,False,True,12.3111,3085,0.841812,3109.68,0.846029,9.17087,8.95628,7.78738,6.8128,5.12008,3.6317,2.45274,37,17,13,22,,,2,41,4.36948,1.5,0.247837,50,9.17087,9.17087,200,0.16,6.3625,11.3432,4.44327,4.25415,3.14516,1.87859,2.25398,2.35704,2.41586,,,43,29,15,8,,,,,,50,4.44327,5.61297,200,0.38,4.11419,7.21074,11.0547,-23,hypo,9.614,-2.392,0.00104439,True,2.5-5,True,hypo,False,False
PanTS_00003485,1,1,train,Non-contrast,0.703125,0.703125,0.8,2,0.8,1018,402.627,11.7362,10-20,False,2,True,25,hyperattenuating,0.229988,True,head,mask_ring,0.183574,inside,False,True,93.3443,417,1,402.627,1,2.16881,2.00344,1.48946,1.70625,2.04961,1.84157,1.60906,,,,,,,,,,,,50,2.16881,2.16881,200,0.72,2.43177,3.65103,7.01935,6.67515,6.02258,5.62393,4.85595,4.05473,3.51932,,,,,,,,,,,,50,7.01935,7.01935,200,0.125,2.99418,8.13174,6.58077,16,hyper,31.83,0.5027,0.965706,False,<=1.5,False,hyper,False,False
PanTS_00003485,2,1,train,Non-contrast,0.703125,0.703125,0.8,2,0.8,36,14.2383,3.76358,<5,False,2,False,29,hyperattenuating,0,False,head,pc1_boundary,0.379785,embedded,False,True,72.2504,9,1,14.2383,1,1.22112,0.531858,0.118908,0.11087,-0.0377338,-0.0807042,0.0443348,,,,,,,,,,,,50,1.22112,1.22112,200,0.88,1.90614,3.15492,1.05598,1.30175,1.55936,1.40889,1.33721,1.2838,1.17119,,,,,,,,,,,,50,1.55936,1.55936,200,0.81,2.22756,6.74849,3.50357,29,hyper,31.83,0.9112,5.30751e-05,True,<=1.5,False,hyper,False,False
PanTS_00003493,1,0,train,Non-contrast,0.685547,0.685547,5,2,5,5250,12336.8,43.8399,>=40,False,3,True,-12,hypoattenuating,0.314797,True,head,mask_ring,0.139602,inside,False,False,,12365,1,12336.8,1,3.37196,3.29233,3.1244,3.05701,2.66248,1.99592,1.22865,49,44,,22,5,5,1,,,,,50,3.37196,3.37196,200,0.76,3.94958,5.30954,3.58397,3.27926,3.2768,3.11034,2.76512,2.69633,2.38862,20,,31,27,22,24,12,29,3.58397,1.5,0.129048,50,3.58397,3.58397,200,0.83,4.11353,4.54305,16.3341,-9,iso,12.6,-0.7144,0.986675,False,2.5-5,False,iso,False,False
PanTS_00003493,2,0,train,Non-contrast,0.685547,0.685547,5,2,5,171,401.828,10.2419,10-20,False,3,False,-15,hypoattenuating,0,False,tail,mask_ring,0.69741,inside,False,False,,395,1,401.828,1,2.40616,2.18084,1.90603,1.90143,1.58443,1.13051,1.03302,,,,,,,,,,,,50,2.40616,2.40616,200,0.57,2.58451,4.68547,2.03452,1.87267,1.92969,2.02776,1.82066,1.55967,1.45711,,,,,,,,,,,,50,2.03452,2.03452,200,0.97,3.16553,4.18924,6.57773,-2.5,iso,12.6,-0.1984,0.000162828,True,2.5-5,False,iso,True,False
PanTS_00003493,3,0,train,Non-contrast,0.685547,0.685547,5,2,5,38,89.2952,5.22097,5-10,False,3,False,-12,hypoattenuating,0,False,tail,mask_ring,0.80727,inside,False,False,,85,1,89.2952,1,0.719868,0.579006,0.575318,0.382484,-0.29753,-0.420833,-0.503227,,,,,,,,,,,,50,0.719868,0.804992,200,0.965,2.17482,3.95031,1.66559,1.58248,1.91729,2.24259,2.55681,2.42098,2.2049,,,,,,,,,,,,50,2.55681,2.55681,200,0.66,2.81147,4.1163,4.77277,-9,iso,12.6,-0.7144,0.000187409,True,2.5-5,False,iso,False,False
PanTS_00003495,1,4,train,Arterial,0.808594,0.808594,2.5,2,2.5,1278,2088.97,21.5305,20-40,False,1,True,33,hyperattenuating,0.800702,True,body,mask_ring,0.416304,abutting,False,False,,2119,0.0289515,2088.97,0.0330345,2.48791,1.74244,1.5556,1.32946,0.884471,0.662543,0.578743,36,,,,,,,39,2.48791,1.5,0.187704,50,2.48791,2.48791,200,0.75,2.93647,3.81974,1.74075,1.75093,1.72652,1.63252,1.40259,1.25786,1.89094,,,,,,,,,,,,50,1.89094,3.06577,200,0.995,2.88017,4.14729,9.93014,38,hyper,10.94,3.473,0.998306,False,1.5-2.5,True,hyper,False,False
PanTS_00003496,1,1,train,Venous,0.863281,0.863281,2.5,2,2.5,5592,10418.7,34.4842,20-40,False,2,True,-9,isoattenuating,0.672206,True,head,mask_ring,0.162709,inside,False,True,2.44173,10202,1,10418.7,1,4.74175,4.5693,3.95692,3.45802,2.49395,2.17694,1.78855,36,47,,44,10,9,5,44,3.77435,1.5,0.0427223,50,4.74175,4.74175,200,0.21,4.28608,5.29283,3.01192,2.78478,2.59672,2.22062,2.06241,2.43798,2.40589,25,32,26,24,17,14,,32,3.01192,1.5,0.172306,50,3.01192,3.01192,200,0.925,3.82159,4.88669,15.549,-10,iso,13.59,-0.7357,0.997479,False,1.5-2.5,True,iso,False,False
PanTS_00003496,2,1,train,Venous,0.863281,0.863281,2.5,2,2.5,108,201.219,12.8336,10-20,False,2,False,-40.5,hypoattenuating,0,False,head,mask_ring,0.102133,inside,False,True,18.8135,158,1,201.219,1,3.70694,3.8586,3.48401,2.98771,2.12475,1.72416,1.52185,,,,,,,,,,,,50,3.8586,3.8586,200,0.185,3.05239,4.6029,2.21596,1.94605,1.73517,1.5429,1.0464,0.724912,0.745825,,,,,,,,,,,,50,2.21596,2.21596,200,0.69,2.5955,4.02549,5.63518,-26.5,hypo,13.59,-1.95,0.000105135,True,1.5-2.5,True,hypo,False,True
PanTS_00003513,1,0,train,Venous,1,1,1,2,1,102,102,9.43398,5-10,False,1,True,-19.9893,hypoattenuating,0,False,head,mask_ring,0.304642,inside,False,True,11.7473,102,1,102,1,1.61809,0.981756,0.905287,1.0806,1.56279,1.60572,1.36561,,,,,,,,,,,,50,1.61809,1.61809,200,0.705,2.54438,5.48888,1.6306,1.70012,1.67895,1.52614,1.30521,1.07854,0.606791,,,,,,,,,,,,50,1.70012,1.70012,200,0.895,2.69678,5.24772,4.89848,-22.98,hypo,7.932,-2.897,0.182936,True,<=1.5,True,hypo,False,False
PanTS_00003521,1,0,train,Arterial,0.669922,0.669922,2.5,2,2.5,1301,1459.71,19.0232,10-20,False,1,True,-7,isoattenuating,0,False,head,mask_ring,0.129256,abutting,False,True,8.92118,1464,0.245196,1459.71,0.256148,4.8403,4.77588,3.67257,2.62842,1.36313,0.52621,-0.161711,2,2,5,6,,,,2,4.8403,1.5,0.0908746,50,4.8403,4.8403,200,0.05,3.82313,4.81397,2.43625,1.71133,1.39947,1.24048,1.32527,1.54271,1.75701,,,,,,,,,,,,50,2.43625,4.17994,200,0.92,3.30552,4.62089,9.03708,-7,iso,13.26,-0.5279,0.000265302,True,1.5-2.5,True,iso,False,False
PanTS_00003527,1,0,train,Arterial,1,1,1,2,1,1248,1248,25.02,20-40,False,1,True,-25,hypoattenuating,0.290155,True,tail,mask_ring,0.910812,embedded,False,True,7.07107,1248,0.704327,1248,0.704327,1.66973,1.51863,1.5797,1.45346,0.792482,0.138918,-0.0280739,,,,43,,,,,,,,50,1.66973,2.55293,200,1,3.21888,3.96582,2.00949,1.86322,1.85778,1.73191,1.57944,1.89278,2.05935,,,47,35,,,,,,,,50,2.05935,2.50692,200,0.95,3.21164,4.22009,8.67896,-25,hypo,7.956,-3.142,0.998039,False,<=1.5,True,hypo,False,False
PanTS_00003558,1,0,train,Arterial,0.744141,0.744141,2.5,2,2.5,19114,26460.7,62.1729,>=40,False,1,True,3,isoattenuating,0.639767,True,head,mask_ring,0.209498,inside,False,True,2.68304,26388,0.797164,26460.7,0.795096,3.63574,3.3185,3.16412,3.36942,3.82792,3.46648,2.88092,22,14,8,9,5,2,,24,3.63574,1.5,0.323893,50,3.82792,4.08418,200,1,6.77646,7.84315,7.73151,10.0121,10.3379,9.58093,7.48116,5.77691,4.38346,5,3,5,9,7,4,3,6,7.09326,1.5,0.297034,50,10.3379,11.8955,200,0.755,10.5733,10.6764,20.4858,0,iso,15.25,0,0.99883,False,1.5-2.5,True,iso,True,False
PanTS_00003570,1,2,train,Arterial,0.820312,0.820312,2.5,2,2.5,160,269.165,15.7014,10-20,False,1,True,-27,hypoattenuating,0,False,head,mask_ring,0.316322,abutting,False,True,15.6118,295,0.11875,269.165,0.186441,1.41371,1.30248,1.18061,1.07661,0.982135,1.00972,1.0348,,,,,,,,,,,,50,1.41371,1.63636,200,0.94,2.8121,4.07994,0.617641,0.473118,0.461727,0.547523,0.635705,0.642624,0.674873,,,,,,,,,,,,50,0.674873,2.27289,200,1,2.52303,4.43051,6.00538,-32.5,hypo,9.283,-3.501,0.574723,True,1.5-2.5,True,hypo,False,True
PanTS_00003578,1,4,train,Venous,0.761719,0.761719,2.5,2,2.5,681,987.817,15.1771,10-20,False,1,True,-37,hypoattenuating,0.116216,True,tail,mask_ring,0.929403,inside,False,True,0,1019,1,987.817,1,3.00012,2.14216,1.69045,1.29775,0.60849,0.652895,0.424186,,,30,16,11,,,,,,,50,3.00012,3.00012,200,0.845,4.27011,6.64035,3.23415,2.93303,3.50121,3.60361,3.68363,3.4356,2.59901,,37,,,,,,,,,,50,3.68363,3.68363,200,0.62,4.03199,6.2199,8.17821,-42,hypo,18.23,-2.303,0.59355,False,1.5-2.5,True,hypo,False,True
PanTS_00003586,1,2,train,Venous,0.742188,0.742188,2.5,2,2.5,13725,18900.8,44.5995,>=40,False,1,True,38,hyperattenuating,0.0111803,True,head,mask_ring,0.139287,inside,False,True,2.09922,18951,1,18900.8,1,5.32938,4.65161,4.52404,3.82227,2.60677,2.08851,1.68388,9,9,5,10,8,7,,9,5.32938,1.5,0.0674812,50,5.32938,5.32938,200,0.165,5.04818,5.67642,6.79534,5.4776,4.65553,4.19074,3.76108,3.35892,3.38508,4,1,1,1,1,1,2,4,5.94349,1.5,0.225737,50,6.79534,6.79534,200,0.105,4.04092,10.6686,18.5246,44,hyper,10.94,4.022,0.9867,False,1.5-2.5,True,hyper,False,False
PanTS_00003587,1,0,train,Arterial,0.78125,0.78125,1,2,1,3447,2103.88,32.1975,20-40,False,1,True,-9,isoattenuating,0,False,head,mask_ring,0.137906,embedded,False,True,104.785,2103,0.861039,2103.88,0.861151,3.11963,3.45582,3.83177,3.97957,3.90379,3.63761,3.10011,24,,49,25,7,,,35,3.11963,1.5,0.261515,50,3.97957,3.97957,200,0.195,3.18381,6.51499,2.56779,2.56774,2.14977,1.88277,1.51949,1.48456,1.65895,,45,,46,,,,,,,,50,2.56779,2.6648,200,0.835,3.23527,5.03869,9.94897,-9,iso,48.4,-0.1859,0.00160722,True,<=1.5,True,iso,False,False
PanTS_00003588,1,3,train,Arterial,0.900391,0.900391,1.25,2,1.25,6090,6171.48,39.0998,20-40,False,1,True,-30,hypoattenuating,0.638711,True,body,mask_ring,0.519316,inside,False,True,0,6230,1,6171.48,1,2.79761,2.94009,2.85891,2.71649,2.18465,1.69837,1.58026,29,29,21,13,,,,33,2.79761,1.5,0.0934841,50,2.94009,2.94009,200,0.825,3.27191,4.0794,3.60757,3.67655,3.38984,2.76831,2.16343,2.08344,1.90087,16,15,20,19,14,12,,18,3.60757,1.5,0.106667,50,3.67655,3.67655,200,0.75,4.13724,9.96742,13.3789,-23,hypo,14.92,-1.542,0.997242,False,<=1.5,True,hypo,False,False
PanTS_00003595,1,1,train,Arterial,0.785156,0.785156,1.25,2,1.25,16328,12582.2,40.6062,>=40,False,2,False,5,isoattenuating,0.793537,True,body,mask_ring,0.438673,inside,False,True,0.785156,12563,0.9823,12582.2,0.980498,5.01952,4.17204,3.22649,3.30207,2.99074,2.52321,2.11902,1,42,30,33,13,,,2,5.01952,1.5,0.406911,50,5.01952,5.01952,200,0.2,4.72943,5.11527,5.4545,6.41458,6.43251,5.84314,4.05465,3.03331,2.92972,36,10,19,17,19,6,5,21,3.79669,2,0.392719,50,6.43251,7.0865,200,0.27,4.86848,8.16412,16.4285,8,iso,10.94,0.7313,0.99663,False,<=1.5,True,iso,False,False
PanTS_00003595,2,1,train,Arterial,0.785156,0.785156,1.25,2,1.25,19452,14989.5,40.0548,>=40,False,2,True,-1,isoattenuating,0.75489,True,tail,mask_ring,0.914639,inside,False,True,8.58426,15012,0.95584,14989.5,0.957367,3.04322,2.9229,2.99701,2.96252,2.59057,2.30521,2.37184,,33,41,20,12,,,,,,,50,3.04322,3.44129,200,1,4.72943,5.11527,5.21874,4.61372,4.52002,4.69733,4.03472,2.98312,2.37272,6,11,11,6,2,5,2,6,4.42996,1.5,0.118596,50,5.21874,5.6364,200,0.4,4.86868,8.16412,17.2956,4,iso,10.94,0.3656,0.997311,False,<=1.5,True,iso,True,False
PanTS_00003602,1,0,train,Venous,0.742188,0.742188,2.5,2,2.5,1190,1638.76,21.3872,20-40,False,1,True,63.5,hyperattenuating,0.331068,True,head,mask_ring,0.348386,inside,False,True,5,1668,1,1638.76,1,2.74904,2.44795,2.30001,2.08951,1.42669,0.762405,0.338311,39,,,,16,,,42,2.74904,1.5,0.0486959,50,2.74904,2.74904,200,0.76,3.16863,4.56148,1.56567,2.06572,2.38442,2.47382,2.68896,2.60754,2.69773,,,,40,8,7,,,,,,50,2.69773,2.69773,200,0.855,3.62416,5.05105,9.31378,58,hyper,12.27,4.728,0.99788,False,1.5-2.5,True,hyper,False,False
PanTS_00003615,1,3,train,Arterial,0.742188,0.742188,1.25,2,1.25,58501,40281.1,58.5797,>=40,False,1,True,-28,hypoattenuating,0.464903,True,head,mask_ring,0.10567,inside,False,True,0,40234,0.930531,40281.1,0.929761,3.9911,3.76072,3.20895,2.74291,2.70737,2.991,3.07659,18,16,49,18,3,1,1,21,3.9911,1.5,0.398806,50,3.9911,3.99424,200,0.935,4.66297,5.71345,7.66684,6.05975,4.98255,4.13915,3.55029,3.12369,2.79335,9,7,7,5,14,2,8,9,7.66684,1.5,0.00845132,50,7.66684,7.66684,200,0.8,9.45201,9.81489,23.2653,-27,hypo,12.6,-2.143,0.99764,False,<=1.5,True,hypo,False,False
PanTS_00003624,1,2,train,Arterial,0.78125,0.78125,2.5,2,2.5,2625,4005.43,25.2893,20-40,False,1,True,17,hyperattenuating,0,False,head,mask_ring,0.233535,inside,False,True,11.7437,4025,1,4005.43,1,3.7753,2.64661,1.82634,1.31248,1.33384,1.25142,1.15689,10,,,,,,,10,3.67941,1.5,0.0469229,50,3.7753,3.7753,200,0.06,3.10369,4.34782,4.98536,5.37348,4.74884,4.05368,3.01191,2.39289,2.04749,6,,,,42,,,,,,,50,5.37348,5.37348,200,0.055,3.50011,5.44004,11.8519,15,hyper,15.25,0.9836,0.484109,True,1.5-2.5,True,hyper,False,False
PanTS_00003631,1,2,train,Venous,0.962891,0.962891,2.5,2,2.5,880,2039.75,19.6987,10-20,False,1,True,-22,hypoattenuating,0.449365,True,head,mask_ring,0.139512,inside,False,True,3.15573,1863,1,2039.75,1,4.97515,4.16855,3.57651,3.10063,2.32186,1.63003,0.968166,33,32,25,14,7,3,3,36,4.97515,1.5,0.0753233,50,4.97515,4.97515,200,0.45,4.7007,6.75998,7.76769,8.99766,8.08347,6.66534,4.412,3.02395,2.19616,2,2,,,,,,2,8.99766,2,0.00990519,50,8.99766,8.99766,200,0.025,3.73429,8.50774,9.86737,-38.5,hypo,10.28,-3.746,0.999832,False,1.5-2.5,True,hypo,False,True
PanTS_00003639,1,0,train,Arterial,0.599609,0.599609,0.8,2,0.8,95197,27381,64.5034,>=40,False,1,True,-16,hypoattenuating,0.293017,True,head,mask_ring,0.338736,abutting,False,True,0.8,27480,0.261762,27381,0.261718,6.04431,5.43853,4.57571,3.49738,2.94044,2.28372,1.67616,11,9,8,9,6,,,12,6.04431,1.5,0.133043,50,6.04431,6.2611,200,0.8,7.72411,8.98895,4.15107,4.09522,3.35592,2.82217,2.48394,2.15727,1.90169,,27,27,29,13,,,,,,,50,4.15107,4.15107,200,0.995,6.6791,8.95736,20.6977,-16,hypo,12.27,-1.304,0.998696,False,<=1.5,True,hypo,False,False
PanTS_00003642,1,2,train,Arterial,0.742188,0.742188,2.5,2,2.5,12022,16555.6,42.6654,>=40,False,1,True,-4,isoattenuating,0.726885,True,head,mask_ring,0.127007,inside,False,True,6.48497,16589,0.992264,16555.6,0.9915,7.96215,5.40068,3.82485,2.76226,2.34833,1.75836,1.655,2,2,2,23,38,,,2,7.96215,1.5,0.0360498,50,7.96215,7.96215,200,0.05,4.04107,7.05093,6.6164,6.41061,5.7872,5.01499,4.45951,3.63934,3.03717,4,29,35,41,34,20,,6,6.6164,1.5,0.00130253,50,6.6164,6.6164,200,0.16,4.19135,9.41428,17.8107,-4,iso,15.25,-0.2623,0.999793,False,1.5-2.5,True,iso,True,False
PanTS_00003654,1,0,train,Arterial,0.782,0.782,0.8,2,0.8,174218,85230.8,89.8447,>=40,False,1,True,-44,hypoattenuating,0.843613,True,body,mask_ring,0.646191,abutting,False,True,15.0978,85213,0.638407,85230.8,0.637074,4.19253,4.20646,3.98338,3.68778,3.15422,2.97943,2.69356,41,,33,32,16,8,3,,,,,50,4.20646,4.20646,200,1,5.14383,5.37849,4.97509,4.53221,3.8334,3.11336,3.1475,2.98535,2.77504,7,6,33,17,8,8,9,11,4.97509,1.5,0.130423,50,4.97509,5.1437,200,1,6.9666,8.28836,29.3004,-44,hypo,10.94,-4.022,0.998871,False,<=1.5,True,hypo,False,False
PanTS_00003672,1,4,train,Arterial,0.710938,0.710938,2.5,2,2.5,293,370.229,12.6437,10-20,False,1,True,-13,hypoattenuating,0,False,head,mask_ring,0.238153,inside,False,True,9.88849,339,1,370.229,1,2.89563,1.96705,1.39369,1.44064,1.21764,0.834399,0.465623,,,,,,,,,,,,50,2.89563,2.89563,200,0.79,4.26207,5.6688,1.97632,1.94328,1.6127,1.29565,1.3872,1.57749,1.66889,,,,,,,,,,,,50,1.97632,2.53356,200,0.865,2.94075,4.18069,6.45445,-29.5,hypo,13.26,-2.225,0.000542093,True,1.5-2.5,True,hypo,False,True
PanTS_00003679,1,1,train,Arterial,0.664062,0.664062,2.5,2,2.5,15405,16983.2,48.0009,>=40,False,1,True,0,isoattenuating,0.787525,True,head,mask_ring,0.126677,inside,False,True,0.664062,17171,0.993638,16983.2,0.992021,3.74862,2.99266,2.93537,2.88634,2.46175,2.83599,2.65828,3,7,11,8,7,7,6,4,3.74862,1.5,0.0536874,50,3.74862,3.74862,200,0.135,3.41949,12.5715,6.10393,4.73342,4.67544,5.08371,5.06384,4.75275,4.26773,4,4,5,3,9,7,5,4,6.10393,1.5,0.0486195,50,6.10393,6.10393,200,0.225,3.45718,6.46974,17.9457,-1,iso,10.94,-0.09141,0.997285,False,1.5-2.5,True,iso,True,False
PanTS_00003684,1,1,train,Venous,0.699219,0.699219,1.5,2,1.5,2834,2078.34,21.8914,20-40,False,1,True,-3,isoattenuating,0.650125,True,head,mask_ring,0.143121,inside,False,True,0.988845,2064,1,2078.34,1,2.28092,1.87484,1.38613,0.956401,0.549816,0.431144,0.306798,,,18,3,2,,,,,,,50,2.28092,2.28092,200,0.63,2.4498,2.92479,1.88899,2.09788,2.50366,2.59764,2.41515,2.24791,2.16628,49,42,35,23,,5,6,,,,,50,2.59764,2.59764,200,0.84,3.1387,4.28471,9.91668,-15,hypo,14.59,-1.028,0.997368,False,<=1.5,True,hypo,False,False
PanTS_00003700,1,4,train,Venous,0.751953,0.751953,2.5,2,2.5,3750,5300.94,31.8798,20-40,False,1,True,-39,hypoattenuating,0.361088,True,head,mask_ring,0.0665271,inside,False,True,1.50391,5214,1,5300.94,1,2.74963,2.36924,2.01388,1.94785,1.7095,1.21082,1.32998,,,48,26,,,,,,,,50,2.74963,2.74963,200,1,4.20443,4.64395,3.06798,2.43827,2.62177,2.66662,2.26295,1.62105,1.44126,29,21,30,25,,10,9,38,2.66294,1.5,0.0742822,50,3.06798,3.06798,200,0.91,4.29651,4.89073,12.8165,-41,hypo,11.6,-3.534,0.997969,False,1.5-2.5,True,hypo,False,False
PanTS_00003706,1,4,train,Non-contrast,0.78125,0.78125,0.8,2,0.8,3871,1890.14,18.935,10-20,False,1,True,-16,hypoattenuating,0,False,head,mask_ring,0.200618,inside,False,True,74.8985,1884,1,1890.14,1,2.7249,2.44554,2.19225,1.75336,1.43697,1.42383,1.32001,,,,,11,,,,,,,50,2.7249,2.79089,200,0.805,3.17936,3.81313,3.11141,2.44013,2.27789,1.99158,1.56845,1.48485,1.43938,33,,,,,,,39,3.11141,1.5,0.283124,50,3.11141,3.11141,200,0.445,3.02345,4.221,9.67011,-12,hypo,32.49,-0.3694,0.0273505,True,<=1.5,False,hypo,False,False
PanTS_00003711,1,3,train,Arterial,0.744141,0.744141,2.5,2,2.5,36828,50983.4,84.8359,>=40,False,1,True,11,hyperattenuating,0.0848544,True,head,mask_ring,0.185698,inside,False,True,0,51216,0.958944,50983.4,0.959251,5.78721,5.49288,4.93904,4.13838,3.86294,3.05047,2.26624,14,7,4,5,7,6,2,14,5.78721,1.5,0.0423974,50,5.78721,5.78721,200,0.64,5.942,6.01295,4.86314,4.12926,3.69505,3.4743,3.1019,3.03022,2.93048,13,19,19,13,11,4,2,15,4.86314,1.5,0.130316,50,4.86314,4.86314,200,0.855,5.73061,7.26068,25.0028,13,hyper,10.61,1.225,0.96862,False,1.5-2.5,True,hyper,False,False
PanTS_00003730,1,4,train,Arterial,0.976562,0.976562,2.5,2,2.5,1901,4532.33,33.7139,20-40,False,1,True,42,hyperattenuating,0.4559,True,head,mask_ring,0.122563,inside,False,True,0.976562,4684,1,4532.33,1,4.48969,2.77469,2.78023,2.58197,1.81223,0.848716,0.470793,4,7,1,28,8,2,,5,3.38488,1.5,0.0283775,50,4.48969,4.48969,200,0.025,2.76571,3.13203,5.60217,4.66477,3.89319,3.16834,2.85042,3.09643,3.02607,6,4,4,3,8,7,3,6,5.60217,1.5,0.00231702,50,5.60217,5.60217,200,0.035,3.11235,4.80259,12.2662,49,hyper,23.21,2.111,0.997872,False,1.5-2.5,True,hyper,False,False
PanTS_00003736,1,0,train,Non-contrast,0.976562,0.976562,0.8,2,0.8,2655,2025.6,20.427,20-40,False,1,True,4,isoattenuating,0,False,body,mask_ring,0.302565,inside,False,True,11.1618,1879,1,2025.6,1,2.89263,2.797,2.68145,2.64192,2.19966,1.80313,1.32149,28,42,,8,35,,,36,2.89263,1.5,0.105778,50,2.89263,2.96102,200,0.44,2.80985,3.7133,2.48378,1.99936,1.98264,2.01164,2.07801,2.07361,2.20874,,,,,,,,,,,,50,2.48378,2.48378,200,0.99,3.13897,3.86803,9.84914,8,iso,54.04,0.148,0.00063868,True,<=1.5,False,iso,False,False
PanTS_00003746,1,0,train,Arterial,1.5,1.5,1.5,2,1.5,178,600.75,14.7733,10-20,False,2,False,-21.5,hypoattenuating,0,False,head,mask_ring,0.328085,abutting,False,True,14.543,609,0.348315,600.75,0.382594,3.11879,2.92909,2.68899,2.52155,1.73889,0.863254,0.196589,49,26,16,7,2,3,,,,,,50,3.11879,3.11879,200,0.585,3.22606,5.08933,4.08144,3.86158,3.35881,2.65727,1.87641,1.73198,1.66456,,,,,,,,,,,,50,4.08144,4.08144,200,0.23,3.22688,6.21038,7.23442,-21.5,hypo,23.21,-0.9265,0.0155436,True,<=1.5,True,hypo,False,True
PanTS_00003746,2,0,train,Arterial,1.5,1.5,1.5,2,1.5,896,3024,33.2378,20-40,False,2,True,-2,isoattenuating,0.40699,True,head,mask_ring,0.165939,inside,False,True,4.5,3024,1,3024,1,2.52907,2.20593,1.75567,1.39289,1.04215,0.835835,0.959502,,49,36,22,6,6,,,,,,50,2.52907,2.52907,200,0.985,3.87879,5.56979,2.60435,2.52304,2.09803,2.34109,3.00221,2.77069,2.29833,,37,49,43,19,,,,,,,50,3.00221,3.00221,200,0.87,3.72892,6.65329,10.9708,5.5,iso,23.21,0.237,0.997358,False,<=1.5,True,iso,False,False
PanTS_00003750,1,3,train,Arterial,0.660156,0.660156,1.2,2,1.2,1005,525.582,14.3064,10-20,False,2,False,-21,hypoattenuating,0,False,head,mask_ring,0.338473,embedded,False,True,29.2999,513,0.8,525.582,0.80117,2.23761,2.7924,2.68334,2.65475,2.46688,1.8705,1.90983,,,43,23,,,,,,,,50,2.7924,2.7924,200,0.785,3.69171,5.18272,1.98142,1.91241,1.63867,1.3275,1.05774,0.919495,1.3869,,,,,,,,,,,,50,1.98142,1.98142,200,0.815,2.92736,4.87243,7.00631,-21,hypo,9.946,-2.111,0.00218697,True,<=1.5,True,hypo,False,True
PanTS_00003750,2,3,train,Arterial,0.660156,0.660156,1.2,2,1.2,3479,1819.4,34.8424,20-40,False,2,True,-18,hypoattenuating,0.0689715,True,head,mask_ring,0.201524,abutting,False,True,34.9051,1797,0.109514,1819.4,0.0884808,1.71388,1.26926,0.882252,0.767358,1.00655,0.911029,0.535507,,,,32,,,,,,,,50,1.71388,2.94005,200,0.985,4.17827,5.42712,1.23952,0.951824,0.866939,0.742036,0.924531,1.12258,1.13253,,,,,,,,,,,,50,1.23952,2.76165,200,1,3.21983,5.56597,9.57321,-21,hypo,9.946,-2.111,0.995801,False,<=1.5,True,hypo,False,False
PanTS_00003768,1,2,train,Venous,0.976562,0.976562,3,2,3,4829,13815.9,36.0502,20-40,False,1,True,-36,hypoattenuating,0.823635,True,tail,mask_ring,0.690098,abutting,False,True,61.2433,13725,0.429489,13815.9,0.427177,2.38417,2.16514,1.61962,1.38991,1.22433,1.38508,1.4432,,,,49,12,5,,,,,,50,2.38417,2.98866,200,1,4.06576,7.48613,2.66271,2.5321,2.55043,2.28354,1.7272,1.36814,1.27251,,,,49,30,,,,,,,50,2.66271,3.71521,200,0.995,4.02621,5.47885,16.8855,-37,hypo,7.625,-4.852,0.999013,False,2.5-5,True,hypo,False,False
PanTS_00003776,1,0,train,Venous,0.728516,0.728516,2.5,2,2.5,973,1291.01,19.8098,10-20,False,1,True,-83,hypoattenuating,0,False,head,mask_ring,0.399996,inside,False,True,1.03028,1286,1,1291.01,1,3.75774,4.18749,4.35822,4.24054,3.09691,1.73146,1.79327,,13,6,4,5,5,,30,4.35822,2.5,0.385242,50,4.35822,4.35822,200,0.36,3.88497,5.1843,3.31393,2.9864,3.19534,3.2387,2.79139,2.3476,2.36464,,,,,,,,,,,,50,3.31393,3.31393,200,0.475,3.18694,5.13467,8.75483,-101,hypo,8.951,-11.28,6.25371e-05,True,1.5-2.5,True,hypo,False,True
PanTS_00003777,1,2,train,Venous,0.847656,0.847656,1,2,1,819,588.469,24.2939,20-40,False,1,True,-34,hypoattenuating,0,False,body,mask_ring,0.596914,inside,False,True,25.8807,597,0.998779,588.469,0.998325,3.12722,3.20185,3.19842,3.02836,2.52438,1.91678,1.51579,,,,,,,2,,,,,50,3.20185,3.20185,200,0.655,4.24246,6.5383,2.26867,1.73666,1.41558,1.08741,0.632139,0.519182,0.535208,,,,37,18,,,,,,,50,2.26867,2.26867,200,0.78,3.41129,6.6166,7.1985,-34,hypo,12.6,-2.699,0.000284622,True,<=1.5,True,hypo,False,False
PanTS_00003782,1,1,train,Arterial,1,1,1,2,1,8754,8754,34.5688,20-40,False,1,True,0,isoattenuating,0.12241,True,head,mask_ring,0.0789202,inside,False,True,2.44949,8754,1,8754,1,3.58207,3.57888,3.22543,2.98637,2.16038,2.04076,2.04887,,,38,37,11,6,,,,,,50,3.58207,3.58207,200,0.975,4.56229,6.14921,4.43629,3.23089,2.36235,2.47981,2.98905,2.995,2.82767,26,36,40,27,21,17,10,30,4.43629,1.5,0.147661,50,4.43629,4.43629,200,0.755,6.54717,11.1217,14.7852,2.991,iso,8.934,0.3348,0.99554,False,<=1.5,True,iso,True,False
PanTS_00003784,1,1,train,Venous,0.955078,0.955078,2.5,2,2.5,344,784.47,15.6472,10-20,False,1,True,-2,isoattenuating,0,False,tail,mask_ring,0.846305,inside,False,True,80.2038,726,1,784.47,1,1.88346,2.04927,2.08055,1.98774,1.56774,1.23755,0.885482,,,,,,,,,,,,50,2.08055,2.08055,200,0.96,2.98442,4.2077,2.38086,2.18423,1.89054,2.01189,2.22193,2.18014,2.22075,,,46,,5,,,,,,,50,2.38086,2.38086,200,0.75,2.688,4.17401,7.72132,-3.5,iso,12.27,-0.2853,0.0890577,True,1.5-2.5,True,iso,True,False
PanTS_00003812,1,0,train,Venous,0.722656,0.722656,3.75,2,3.75,3728,7300.8,29.0478,20-40,False,1,True,49,hyperattenuating,0,False,head,mask_ring,0.197655,inside,False,True,12.9273,7371,1,7300.8,1,4.09643,3.53184,3.16975,2.91268,2.3748,1.78583,1.42016,5,19,24,20,9,,,5,4.09643,1.5,0.017885,50,4.09643,4.09643,200,0.375,3.99139,4.60617,3.20148,2.60158,2.38181,2.09376,1.89662,2.0949,2.53764,5,6,5,7,5,3,1,5,3.20148,1.5,0.239106,50,3.20148,3.20148,200,0.35,2.99376,5.69278,14.0345,59,hyper,11.27,5.234,0.645679,True,2.5-5,True,hyper,False,False
PanTS_00003824,1,4,train,Arterial,0.794922,0.794922,5,2,5,297,938.373,13.8429,10-20,False,2,False,-4,isoattenuating,0,False,head,mask_ring,0.547333,inside,False,True,24.1252,965,1,938.373,1,2.35662,2.01579,2.11506,1.8396,0.724326,0.417841,0.558479,,,48,,,,,,,,,50,2.35662,2.35662,200,0.895,3.59118,5.56454,2.90621,2.78138,2.62417,2.29597,2.15025,2.15823,2.19583,,,25,7,,,,,,,,50,2.90621,2.90621,200,0.565,2.98854,4.56517,8.07336,-5,iso,11.93,-0.4189,7.9053e-05,True,2.5-5,True,iso,True,False
PanTS_00003824,2,4,train,Arterial,0.794922,0.794922,5,2,5,301,951.011,14.5766,10-20,False,2,True,-42,hypoattenuating,0,False,head,pc1_boundary,-0.646715,separated,True,True,162.585,0,0,951.011,,,,,,,,,,,,,,,,,,,,50,,,,,,,,,,,,,,,,,,,,,,,,,50,,,,,,,8.1005,-46,hypo,11.93,-3.854,0.000106375,True,2.5-5,True,hypo,False,True
PanTS_00003841,1,4,train,Venous,1,1,1,2,1,11371,11371,52.7162,>=40,False,3,True,-10.0099,hypoattenuating,0.0328261,True,head,mask_ring,0.256589,inside,False,True,10.8167,11371,1,11371,1,3.57802,2.8803,2.25278,1.97762,2.1818,2.06716,1.72145,,,,,23,7,2,,,,,50,3.57802,3.57802,200,0.795,4.37666,5.93081,6.38404,5.97803,5.10337,4.01279,3.18692,2.87835,2.53479,18,28,27,,47,34,,28,5.40886,1.5,0.149178,50,6.38404,6.38404,200,0.395,5.66468,7.52595,15.9499,-7.996,iso,13.27,-0.6024,0.997248,False,<=1.5,True,iso,False,False
PanTS_00003841,2,4,train,Venous,1,1,1,2,1,3,3,2,<5,True,3,False,-28.9921,hypoattenuating,0,False,head,mask_ring,0.205337,inside,False,True,14.0357,3,1,3,1,1.03212,0.435054,0.142133,-0.0447962,-0.208694,-0.000848118,0.115629,,,,,,,,,,,,50,1.03212,1.03212,200,0.71,1.7645,3.59203,0.639256,0.584008,0.470626,0.392003,0.804966,1.07217,1.04882,,,,,,,,,,,,50,1.07217,1.07217,200,0.905,2.02814,4.9615,2.8947,-27.99,hypo,13.27,-2.108,0.000125338,True,<=1.5,True,hypo,False,False
PanTS_00003841,3,4,train,Venous,1,1,1,2,1,201,201,11.5758,10-20,False,3,False,-36.9879,hypoattenuating,0,False,head,mask_ring,0.252229,inside,False,True,17.0294,201,1,201,1,2.37474,1.81961,2.15507,2.27663,1.98595,1.27617,0.604655,,,,,,,,,,,,50,2.37474,2.37474,200,0.73,2.97504,4.58314,2.0616,1.58503,1.47258,1.28865,1.27845,1.22238,1.08805,,,,,,,,,,,,50,2.0616,2.0616,200,0.84,2.90942,6.78435,5.63387,-34,hypo,13.27,-2.561,0.000354194,True,<=1.5,True,hypo,False,True
PanTS_00003849,1,0,train,Venous,0.771484,0.771484,0.7,2,0.7,2868,1194.9,16.6015,10-20,False,1,True,21,hyperattenuating,0.81091,True,head,mask_ring,0.171264,abutting,False,True,17.4836,1126,0.996165,1194.9,0.996448,1.55266,1.43295,1.45373,1.40559,1.07234,0.712404,0.777363,,,,34,,,,,,,,50,1.55266,1.98195,200,0.995,2.37964,3.2123,1.69968,1.40157,1.55163,1.50346,1.18104,1.4157,1.68898,,,,50,20,13,,,,,,50,1.69968,1.69968,200,0.995,2.93811,3.55577,8.58285,19,hyper,17.57,1.081,0.999931,False,<=1.5,True,hyper,False,True
PanTS_00003889,1,0,train,Venous,2.5,0.742188,0.742188,0,2.5,4825,6644.54,37.7961,20-40,False,1,True,-9,isoattenuating,0,False,head,mask_ring,,inside,False,True,8.36786,6625,1,6644.54,1,6.11434,5.10748,3.77005,3.20322,3.03114,2.72578,2.20833,,17,17,12,8,,,,,,,50,6.11434,6.11434,200,0.765,7.35171,9.6984,4.40479,4.41004,4.15137,3.7817,3.21324,3.26824,3.44795,10,5,6,5,3,2,2,13,4.41004,2,0.336036,50,4.41004,4.41004,200,0.66,4.99708,7.32584,13.6625,-10,iso,12.93,-0.7734,0.183813,True,1.5-2.5,True,iso,False,False
PanTS_00003894,1,3,train,Venous,0.976562,0.976562,2.5,2,2.5,2443,5824.56,27.3434,20-40,False,1,True,73,hyperattenuating,0,False,head,mask_ring,0.221312,inside,False,False,,5974,1,5824.56,1,3.9779,3.69586,3.32973,2.75169,2.54689,2.29177,1.89634,16,18,2,43,,,,19,3.11561,1.5,0.256042,50,3.9779,3.9779,200,0,2.95925,3.82342,2.39556,2.36716,2.42887,2.45042,2.51734,2.76676,2.90267,,,30,23,11,5,2,49,2.90267,6,0.480541,50,2.90267,2.90267,200,0.78,3.29661,4.15135,13.1616,86,hyper,12.93,6.652,0.0296475,True,1.5-2.5,True,hyper,False,False
PanTS_00003900,1,3,train,Arterial,1.5,1.5,1.5,2,1.5,126,425.25,19.615,10-20,False,3,False,-31.5,hypoattenuating,0,False,head,pc1_boundary,0.341077,separated,True,False,,0,0,425.25,,,,,,,,,,,,,,,,,,,,26,,,,,,,,,,,,,,,,,,,,,,,,,27,,,,,,,6.665,-33,hypo,66.97,-0.4928,3.24448e-05,True,<=1.5,True,hypo,False,True
PanTS_00003900,2,3,train,Arterial,1.5,1.5,1.5,2,1.5,80,270,16.7705,10-20,False,3,False,-22,hypoattenuating,0,False,head,pc1_boundary,0.315697,separated,True,False,,0,0,270,,,,,,,,,,,,,,,,,,,,26,,,,,,,,,,,,,,,,,,,,,,,,,27,,,,,,,6.00951,-18,hypo,66.97,-0.2688,0.000177437,True,<=1.5,True,hypo,False,True
PanTS_00003900,3,3,train,Arterial,1.5,1.5,1.5,2,1.5,164,553.5,22.2991,20-40,False,3,True,-17,hypoattenuating,0,False,head,pc1_boundary,0.345581,separated,True,False,,0,0,553.5,,,,,,,,,,,,,,,,,,,,26,,,,,,,,,,,,,,,,,,,,,,,,,27,,,,,,,7.09342,-14,hypo,66.97,-0.2091,1.16141e-05,True,<=1.5,True,hypo,False,False
PanTS_00003916,1,1,train,Arterial,0.699219,0.699219,1,2,1,957,467.884,11.7815,10-20,False,1,True,-25,hypoattenuating,0,False,body,mask_ring,0.622426,abutting,False,True,24.6975,462,0.0574713,467.884,0.047619,1.50793,2.04624,2.36989,2.35572,1.94988,1.42582,1.04189,,,,,,,,,,,,50,2.36989,4.38429,200,0.84,3.76688,6.55425,2.01469,1.38724,0.604576,0.302291,-0.0144364,0.0792659,0.207597,,,,,,,,,,,,50,2.01469,2.8976,200,0.88,3.39431,6.22544,6.81596,-25,hypo,8.951,-2.793,0.00158234,True,<=1.5,True,hypo,False,True
PanTS_00003919,1,0,train,Venous,0.703125,0.703125,5,2,5,4359,10775.1,33.1976,20-40,False,1,True,-30,hypoattenuating,0.79486,True,head,mask_ring,0.175531,inside,False,True,5.625,10710,1,10775.1,1,3.59523,3.46319,3.79457,3.84051,3.25612,2.66345,2.34487,,,39,27,9,8,8,,,,,50,3.84051,3.84051,200,0.975,6.34857,9.09849,2.56894,1.8998,1.59348,1.49138,1.62715,1.64326,1.54777,,,41,31,16,,,,,,,50,2.56894,2.56894,200,0.995,5.04944,7.05353,15.7018,-38,hypo,6.299,-6.033,0.99988,False,2.5-5,True,hypo,False,False
PanTS_00003921,1,4,train,Arterial,0.767578,0.767578,1.5,2,1.5,1562,1380.44,20.8164,20-40,False,1,True,-16.5,hypoattenuating,0,False,head,mask_ring,0.145808,inside,False,True,10.5,1380,0.99936,1380.44,1,2.12957,1.82307,1.76126,1.78219,1.4908,1.66403,1.648,,,,41,,,,,,,,50,2.12957,2.12957,200,0.94,3.73515,4.89486,3.66995,3.26645,2.74881,2.34308,1.6976,1.31723,1.35208,9,13,6,7,14,9,,9,3.66995,1.5,0.0875208,50,3.66995,3.66995,200,0.15,2.99079,4.12421,8.90732,-17,hypo,12.6,-1.349,7.84379e-05,True,<=1.5,True,hypo,False,False
PanTS_00003923,1,1,train,Venous,0.921875,0.921875,2.5,2,2.5,1731,3677.74,29.0235,20-40,False,1,True,18,hyperattenuating,0.693456,True,head,mask_ring,0.238254,inside,False,True,0,3682,1,3677.74,1,4.14624,3.28775,2.78811,2.43592,2.22851,1.99966,2.11262,3,16,19,17,10,5,,3,3.30086,1.5,0.0107525,50,4.14624,4.14624,200,0.065,2.76471,4.31116,5.53582,6.81683,6.81231,6.74327,6.34481,5.43979,4.46063,25,7,12,16,8,8,,29,2.29502,1.5,0.104168,50,6.81683,6.81683,200,0.09,2.98631,7.01858,11.5756,18,hyper,13.92,1.293,0.997088,False,1.5-2.5,True,hyper,False,False
PanTS_00003937,1,0,train,Non-contrast,0.703125,0.703125,0.8,2,0.8,21333,8437.37,31.9651,20-40,False,1,True,4,isoattenuating,0.787397,True,head,mask_ring,0.21898,inside,False,True,8.07371,8472,0.977453,8437.37,0.977455,4.27063,3.35128,3.00929,2.96843,2.97606,2.69584,2.28444,9,23,22,13,4,,,10,4.15681,1.5,0.0384029,50,4.27063,4.95194,200,0.505,4.29982,5.85269,3.05568,3.64862,3.43424,3.12206,2.5288,2.48983,3.44659,43,34,33,28,18,,,46,2.88262,1.5,0.256082,50,3.64862,5.93298,200,0.76,3.84372,4.33681,14.6291,4,iso,29.84,0.1341,0.992739,False,<=1.5,False,iso,True,False
PanTS_00003942,1,4,train,Non-contrast,0.742188,0.742188,0.8,2,0.8,1316,579.927,12.8676,10-20,False,1,True,-9,isoattenuating,0,False,head,mask_ring,0.195723,inside,False,True,14.8704,531,1,579.927,1,2.08068,1.71003,1.48055,1.31468,1.20316,0.89188,0.594429,,,,,,,,,,,,50,2.08068,2.08068,200,0.82,2.49497,3.13003,2.39658,2.14879,1.56662,1.66531,1.78275,1.64788,1.52911,,,,,,26,15,,,,,50,2.39658,2.39658,200,0.855,2.80644,3.63653,7.17323,-2,iso,33.15,-0.06033,0.000975445,True,<=1.5,False,iso,True,False
PanTS_00003950,1,1,train,Venous,5,0.9,0.9,0,5,541,2191.05,38.198,20-40,False,2,False,-4,isoattenuating,0,False,body,mask_ring,,inside,False,True,6.36396,1750,0.968577,2191.05,0.988571,4.08408,3.09444,2.46149,2.13922,1.19436,0.898009,0.911542,13,20,28,26,10,7,4,14,4.08408,1.5,0.0655034,50,4.08408,4.08408,200,0.44,3.78393,5.30774,9.16762,7.8601,6.40059,5.04184,3.09027,2.8837,2.79797,,49,,,25,,,,,,,50,9.16762,9.16762,200,0.035,4.21307,8.04029,10.0573,-1,iso,5.304,-0.1885,4.85148e-05,True,2.5-5,True,iso,True,False
PanTS_00003950,2,1,train,Venous,5,0.9,0.9,0,5,10126,41010.3,57.4896,>=40,False,2,True,-5,isoattenuating,0.729019,True,head,mask_ring,,embedded,False,True,15.6863,41195,0.603891,41010.3,0.606918,3.76325,3.4744,3.42208,2.98026,2.48711,2.12296,1.59533,45,44,39,29,,6,,47,3.06938,1.5,0.00114694,50,3.76325,3.80016,200,0.94,5.30774,6.19671,8.86492,8.39731,7.78665,7.12578,5.41477,4.29865,3.69051,10,34,23,14,6,9,8,11,6.26673,1.5,0.336557,50,8.86492,8.86492,200,0.405,8.34787,15.0879,23.3928,-8,iso,5.304,-1.508,0.997199,False,2.5-5,True,iso,False,False
PanTS_00003953,1,4,train,Arterial,0.794922,0.794922,1.25,2,1.25,31040,24517.8,86.9698,>=40,False,1,True,-23,hypoattenuating,0.769446,True,body,mask_ring,0.660889,inside,False,True,0,24364,0.984762,24517.8,0.982844,3.23711,3.18403,3.02405,3.15483,2.96287,2.87225,2.31679,43,16,15,10,8,,,40,3.18403,2,0.0240059,50,3.23711,3.23711,200,0.985,4.62751,5.36292,6.85782,7.14503,6.83497,6.55254,5.54992,4.82653,4.04286,4,1,1,1,1,2,2,4,7.14503,2,0.077204,50,7.14503,8.29179,200,0.525,8.28275,9.06431,20.0218,-14,hypo,22.87,-0.612,0.996894,False,<=1.5,True,hypo,False,False
PanTS_00003968,1,4,train,Non-contrast,0.78125,0.78125,0.8,2,0.8,7670,3745.12,30.297,20-40,False,2,True,-15,hypoattenuating,0,False,head,mask_ring,0.0609673,inside,False,True,34.3165,3765,1,3745.12,1,2.42791,2.48243,2.46733,2.11146,1.48019,1.07787,0.992089,,25,,43,6,4,,,,,,50,2.48243,2.48243,200,0.685,2.67589,3.2885,3.16094,2.69665,2.41133,2.01396,1.8183,1.72118,1.72349,21,37,46,44,25,18,,25,3.16094,1.5,0.274793,50,3.16094,3.16094,200,0.615,3.27158,3.79117,11.6337,-13,hypo,55.03,-0.2362,0.131842,True,<=1.5,False,hypo,False,False
PanTS_00003968,2,4,train,Non-contrast,0.78125,0.78125,0.8,2,0.8,3622,1768.55,26.1673,20-40,False,2,False,2,isoattenuating,0,False,head,mask_ring,0.192243,inside,False,True,9.31669,1818,1,1768.55,1,2.29609,1.4816,1.31585,0.893469,0.237856,0.0590839,0.183654,,,,,,,,,,,,50,2.29609,2.29609,200,0.745,2.54217,3.11807,2.67353,2.65544,2.72952,2.30363,2.12885,2.24532,2.19531,,,25,33,30,22,,,,,,50,2.72952,2.72952,200,0.915,3.17093,3.87493,9.50199,5,iso,55.03,0.09086,0.000106375,True,<=1.5,False,iso,True,False
PanTS_00003969,1,1,train,Venous,0.898438,0.898438,2.5,2,2.5,1760,3551.64,32.7737,20-40,False,1,True,-49,hypoattenuating,0,False,head,mask_ring,0.1742,inside,False,True,0,3627,1,3551.64,1,3.84766,2.72377,2.48245,2.3749,2.35583,1.68412,1.22072,,,,48,14,5,2,,,,,50,3.84766,3.84766,200,0.54,3.91923,5.09446,4.12953,3.30202,2.67635,2.41306,1.94942,1.95179,1.83384,36,41,48,,46,,,41,4.12953,1.5,0.431426,50,4.12953,4.12953,200,0.505,4.14474,7.68291,11.4648,-76,hypo,19.23,-3.953,0.231093,True,1.5-2.5,True,hypo,False,False
PanTS_00003974,1,3,train,Venous,0.898438,0.898438,2.5,2,2.5,3037,6128.6,29.5359,20-40,False,1,True,-55,hypoattenuating,0.803607,True,head,mask_ring,0.132499,inside,False,True,6.72159,6092,1,6128.6,1,1.56409,1.31003,1.21488,1.2502,1.32305,1.16806,1.0076,,,38,17,3,1,2,,,,,50,1.56409,1.56409,200,1,3.57002,4.25351,2.83019,2.41004,2.035,1.7078,2.01344,2.04939,1.97645,40,42,45,47,27,16,12,47,2.83019,1.5,0.26461,50,2.83019,2.83019,200,0.91,3.72007,4.01841,13.3525,-64,hypo,11.6,-5.516,0.997884,False,1.5-2.5,True,hypo,False,False
PanTS_00003978,1,1,train,Non-contrast,0.75,0.75,1.25,2,1.25,3423,2406.8,40.8144,>=40,False,2,True,-22,hypoattenuating,0.0504124,True,tail,pc1_boundary,0.738848,separated,True,True,63.3685,2413,0,2406.8,0,,,,,,,,,,,,,,,,,,,50,,1.26568,,,,,,,,,,,,,,,,,,,,,,,50,,1.23766,,,,,10.3135,-24,hypo,10.94,-2.194,0.996314,False,<=1.5,False,hypo,False,False
PanTS_00003978,2,1,train,Non-contrast,0.75,0.75,1.25,2,1.25,698,490.781,24.2113,20-40,False,2,False,-3,isoattenuating,0,False,tail,mask_ring,0.817229,inside,False,True,37.7798,500,1,490.781,1,2.19103,2.26953,2.11751,1.91126,1.62313,1.70839,1.57483,,,,,,,,,,,,50,2.26953,2.26953,200,0.72,3.05794,4.87281,2.65091,2.90514,2.85787,2.7368,2.76834,2.86493,2.77423,,30,35,33,,,,,,,,50,2.90514,2.90514,200,0.395,2.76452,3.85246,6.89328,2.5,iso,10.94,0.2285,1.9911e-05,True,<=1.5,False,iso,True,False
PanTS_00003993,1,3,train,Venous,5,0.774,0.774,0,5,445,1332.94,20.8406,20-40,False,1,True,5,isoattenuating,0,False,head,mask_ring,,inside,False,True,5,1310,1,1332.94,1,2.6757,2.55406,1.99938,1.46318,0.677462,0.664037,0.438368,,50,27,15,8,4,,,,,,50,2.6757,2.6757,200,0.925,4.03711,5.90261,3.88616,3.88478,3.31067,3.14002,3.09794,2.77467,2.32213,16,7,16,13,,,,17,3.88616,1.5,0.251052,50,3.88616,3.88616,200,0.255,3.33908,4.70291,8.82718,1.5,iso,5.636,0.2662,0.000186678,True,2.5-5,True,iso,True,False
PanTS_00004029,1,0,train,Non-contrast,0.835938,0.835938,2.5,2,2.5,15437,26968.1,46.148,>=40,False,1,True,4,isoattenuating,0.84694,True,head,mask_ring,0.228518,inside,False,True,0.835938,26634,0.994235,26968.1,0.994331,4.45688,3.39679,3.77102,3.69565,2.72564,1.93631,1.90319,5,12,18,14,5,2,2,7,4.39359,1.5,0.0322237,50,4.45688,4.45688,200,0.98,5.66073,6.54683,8.95739,6.11896,4.46249,3.91321,3.32727,3.19472,2.85728,3,4,3,4,6,6,2,3,8.95739,1.5,0.0987876,50,8.95739,8.95739,200,0.875,10.1277,10.1277,20.6032,5,iso,14.59,0.3428,0.999835,False,1.5-2.5,False,iso,True,False
PanTS_00004033,1,3,train,Venous,0.765625,0.765625,2.5,2,2.5,5419,7941.3,34.8473,20-40,False,1,True,17,hyperattenuating,0.847971,True,head,mask_ring,0.0887452,inside,False,True,2.16551,7835,1,7941.3,1,2.24499,1.9595,1.48596,1.56986,1.78298,1.33061,0.585774,,,,42,16,15,12,,,,,50,2.24499,2.24499,200,1,3.58567,5.74536,2.07625,1.94058,1.88532,1.81429,1.77464,2.06425,1.96594,,,45,40,21,11,,,,,,50,2.07625,2.07625,200,0.995,3.94587,7.43995,14.3766,-4,iso,13.26,-0.3016,0.997945,False,1.5-2.5,True,iso,True,False
PanTS_00004046,1,1,train,Arterial,0.880859,0.880859,2.5,2,2.5,943,1829.22,22.3801,20-40,False,1,True,-26,hypoattenuating,0.457224,True,body,mask_ring,0.591988,inside,False,True,54.3382,1834,0.996819,1829.22,0.996728,3.78776,3.60898,3.15331,2.74432,2.38747,2.2065,1.74118,,,30,20,,,,,,,,50,3.78776,3.78776,200,0.725,5.4886,7.58365,2.67476,2.40247,1.8947,1.7519,1.32605,0.736016,0.674047,,,,40,29,15,,,,,,50,2.67476,2.67476,200,0.905,3.93616,5.96359,9.5868,-26,hypo,9.946,-2.614,0.947137,False,1.5-2.5,True,hypo,False,False
PanTS_00004055,1,3,train,Arterial,0.892578,0.892578,2.5,2,2.5,1576,3138.98,24.9047,20-40,False,2,True,1,isoattenuating,0,False,head,mask_ring,0.255564,inside,False,False,,3137,1,3138.98,1,2.39365,1.95745,1.83717,1.72313,1.42292,1.27376,1.18181,,,32,27,15,,,,,,,50,2.39365,2.39365,200,0.93,3.48549,4.1313,2.20987,1.85792,1.45063,1.5766,1.90072,2.10378,2.36676,,,50,28,17,14,,,,,,50,2.36676,2.36676,200,0.96,3.87468,5.66595,11.0831,1,iso,11.6,0.08618,0.383035,True,1.5-2.5,True,iso,True,False
PanTS_00004055,2,3,train,Arterial,0.892578,0.892578,2.5,2,2.5,1563,3113.09,27.9063,20-40,False,2,False,19,hyperattenuating,0.73439,True,head,mask_ring,0.487967,inside,False,False,,3079,1,3113.09,1,3.16482,2.47029,1.88395,1.65919,1.35892,1.12399,0.912855,,,,31,16,,,,,,,50,3.16482,3.16482,200,0.655,3.40274,4.13453,2.25462,1.97448,2.03933,2.02013,2.40596,2.61967,2.93619,,,36,24,16,,,,,,,50,2.93619,2.93619,200,0.77,3.38482,5.66595,11.058,23,hyper,11.6,1.982,0.995558,False,1.5-2.5,True,hyper,False,False
PanTS_00004058,1,0,train,Venous,0.951172,0.951172,5,2,5,2511,11358.9,37.3828,20-40,False,1,True,8,isoattenuating,0.523852,True,head,mask_ring,0.128356,inside,False,True,6.28297,11325,1,11358.9,1,11.6668,7.59669,4.74532,3.03975,2.02336,1.83263,2.15903,,,,,24,,,,,,,50,11.6668,11.6668,200,0.07,4.97191,13.359,13.268,9.89332,7.26595,5.52368,3.08227,1.89299,1.254,,39,32,8,16,8,6,,,,,50,13.268,13.268,200,0.05,3.42819,12.5574,15.9449,7,iso,7.956,0.8798,0.998445,False,2.5-5,True,iso,False,False
PanTS_00004064,1,1,train,Venous,0.703125,0.703125,2.5,2,2.5,4201,5192.28,30.2105,20-40,False,1,True,115,hyperattenuating,0,False,head,mask_ring,0.140027,inside,False,True,2.22348,5252,1,5192.28,1,2.68567,1.98482,1.88441,1.92614,1.61841,1.21049,0.966995,32,,38,20,8,5,,33,2.68567,1.5,0.0708938,50,2.68567,2.68567,200,0.94,3.18739,3.73637,3.0223,2.38466,2.22237,2.14655,2.20476,2.16909,2.32726,48,14,18,7,2,2,1,47,2.20476,4,0.325356,50,3.0223,3.0223,200,0.785,3.55144,4.30485,12.7421,120,hyper,14.59,8.227,0.0122886,True,1.5-2.5,True,hyper,False,False
PanTS_00004069,1,4,train,Non-contrast,0.685547,0.685547,5,2,5,5178,12167.6,43.6518,>=40,False,3,True,-12,hypoattenuating,0.084705,True,head,mask_ring,0.13989,inside,False,False,,12170,1,12167.6,1,3.37509,3.29556,3.12454,3.05863,2.66409,1.99731,1.22954,49,44,,22,5,5,1,,,,,50,3.37509,3.37509,200,0.73,3.91179,5.31253,3.60204,3.20337,3.27533,3.10997,2.76693,2.699,2.38914,20,,31,27,22,24,12,28,3.60204,1.5,0.129615,50,3.60204,3.60204,200,0.825,3.97285,4.54284,16.2683,-10,iso,12.6,-0.7938,0.861596,False,2.5-5,False,iso,False,False
PanTS_00004069,2,4,train,Non-contrast,0.685547,0.685547,5,2,5,167,392.429,10.2419,10-20,False,3,False,-13,hypoattenuating,0,False,tail,mask_ring,0.697705,inside,False,False,,395,1,392.429,1,2.41457,2.18522,1.90665,1.90229,1.58494,1.13073,1.03319,,,,,,,,,,,,50,2.41457,2.41457,200,0.605,2.61768,4.67021,2.03291,1.87356,1.9284,2.02641,1.82066,1.56183,1.45907,,,,,,,,,,,,50,2.03291,2.03291,200,0.97,3.10124,4.26149,6.54176,-3.5,iso,12.6,-0.2778,2.01457e-05,True,2.5-5,False,iso,True,False
PanTS_00004069,3,4,train,Non-contrast,0.685547,0.685547,5,2,5,36,84.5954,5.22097,5-10,False,3,False,-14,hypoattenuating,0,False,tail,mask_ring,0.80692,inside,False,False,,85,1,84.5954,1,0.722748,0.583001,0.575262,0.38291,-0.297585,-0.42117,-0.503904,,,,,,,,,,,,50,0.722748,0.808296,200,0.985,2.20372,4.41888,1.67252,1.58664,1.91616,2.24249,2.55802,2.42353,2.20723,,,,,,,,,,,,50,2.55802,2.55802,200,0.7,2.87697,4.07056,4.72324,-12,hypo,12.6,-0.9526,7.36859e-05,True,2.5-5,False,hypo,False,False
PanTS_00004078,1,1,train,Non-contrast,0.742188,0.742188,0.8,2,0.8,6211,2737.03,42.806,>=40,False,1,True,-1,isoattenuating,0,False,head,mask_ring,0.284367,embedded,False,True,27.3302,2691,0.659636,2737.03,0.647343,2.8661,2.70885,2.44492,2.59116,2.44563,1.43918,1.31058,29,21,23,26,,,1,38,2.8661,1.5,0.295051,50,2.8661,2.91221,200,0.625,3.00869,3.86729,2.92023,2.5907,2.31463,2.10849,1.93098,1.39764,1.50348,,,,,46,24,,,,,,50,2.92023,2.92023,200,0.85,3.58563,4.27114,10.6775,-5,iso,42.77,-0.1169,0.00112695,True,<=1.5,False,iso,True,False
PanTS_00004085,1,2,train,Venous,0.976562,0.976562,1.5,2,1.5,644,921.248,15.0055,10-20,False,1,True,1,isoattenuating,0.0395738,True,head,mask_ring,0.296292,inside,False,True,4.40637,831,1,921.248,1,1.2951,0.910932,1.05243,1.11344,1.29962,1.23638,0.918957,,,,43,,,,,,,,50,1.29962,1.29962,200,1,4.24752,5.83947,1.67163,1.78547,1.72583,1.53257,1.19836,1.52125,1.61744,,,,,,12,,,,,,50,1.78547,1.78547,200,0.975,3.23388,4.87399,8.03619,0.5,iso,8.951,0.05586,0.605041,False,<=1.5,True,iso,True,False
PanTS_00004117,1,0,train,Venous,0.898438,0.898438,2.5,2,2.5,2668,5383.96,26.2975,20-40,False,1,True,56,hyperattenuating,0,False,head,mask_ring,0.0348611,inside,False,True,2.54117,5326,1,5383.96,1,4.30225,3.79785,3.26653,2.61042,2.25937,1.71386,1.17733,5,8,,,,,,5,4.30225,1.5,0.188366,50,4.30225,4.30225,200,0.105,3.64931,4.48155,5.72341,4.3447,3.59455,3.86535,4.10839,4.2296,4.12868,1,2,8,4,1,1,1,1,5.72341,1.5,0.253484,50,5.72341,5.72341,200,0,3.87852,5.09478,12.8727,65,hyper,11.93,5.446,0.0533047,True,1.5-2.5,True,hyper,False,False
PanTS_00004121,1,1,train,Arterial,0.703125,0.703125,5,2,5,1028,2541.14,28.0041,20-40,False,1,True,-8,isoattenuating,0,False,tail,mask_ring,0.921389,inside,False,False,,2540,0.959144,2541.14,0.96378,4.12838,4.50926,5.12782,5.48192,5.91191,5.41341,4.22349,,22,27,17,14,,,,,,,50,5.91191,5.91191,200,0.52,6.04664,9.36431,3.08009,2.30694,2.01995,1.94996,1.49574,1.07718,0.759148,,,48,,,,,,,,,50,3.08009,3.08009,200,0.87,4.95758,7.36766,10.4654,-1,iso,6.63,-0.1508,0.0232641,True,2.5-5,True,iso,True,False
PanTS_00004122,1,2,train,Arterial,0.957031,0.957031,2.5,2,2.5,1585,3629.29,23.6634,20-40,False,1,True,8,isoattenuating,0.779462,True,head,mask_ring,0.182449,inside,False,True,5.76569,3390,1,3629.29,1,3.67268,3.7536,3.54539,3.13606,2.4201,2.10245,2.1477,,,,40,,,,,,,,50,3.7536,4.03913,200,0.34,3.65083,4.82873,4.74897,4.09989,3.16879,2.38649,2.14553,2.04062,1.88429,41,41,22,19,14,10,7,49,2.91935,1.5,0.136029,50,4.74897,4.74897,200,0,3.34894,4.43594,11.5333,7,iso,10.94,0.6398,0.999634,False,1.5-2.5,True,iso,False,False
PanTS_00004123,1,0,train,Arterial,1.5,1.5,1.5,2,1.5,1700,5737.5,27.2489,20-40,False,1,True,20,hyperattenuating,0.317665,True,head,mask_ring,0.0999653,inside,False,True,58.2495,5853,1,5737.5,1,2.85545,2.55775,2.43196,2.19763,1.83981,1.73103,1.32278,13,19,23,9,,,,13,2.85545,1.5,0.0273879,50,2.85545,2.85545,200,0.86,3.71961,4.36029,3.46779,3.55552,3.52402,3.66104,3.77651,3.99461,3.7265,6,11,15,13,9,,3,7,3.46779,1.5,0.0723672,50,3.99461,3.99461,200,0.205,3.6414,4.39192,13.1057,23,hyper,13.59,1.692,0.930268,False,<=1.5,True,hyper,False,False
PanTS_00004124,1,3,train,Arterial,0.904297,0.904297,2.5,2,2.5,141,288.258,11.3951,10-20,False,1,True,-17,hypoattenuating,0,False,head,mask_ring,0.222802,inside,False,True,17.4482,315,1,288.258,1,1.44278,1.52771,1.62585,1.61094,1.65743,1.46353,1.56428,,,,,,,,,,,,50,1.65743,1.65743,200,0.85,2.42003,3.43926,2.21719,2.09206,2.03568,1.94649,1.84216,1.65883,1.44357,50,33,22,16,,,,,,,,50,2.21719,2.21719,200,0.64,2.47534,3.77594,6.09793,-17.5,hypo,11.6,-1.508,0.00180669,True,1.5-2.5,True,hypo,False,True
PanTS_00004155,1,0,train,Arterial,0.703125,0.703125,1,2,1,84858,41952.5,104.573,>=40,False,2,True,-68,hypoattenuating,0.0021895,True,tail,mask_ring,0.940253,abutting,False,True,0.703125,32004,0.0375333,41952.5,0.0488376,3.25982,3.12105,2.58111,2.11436,1.52187,1.15611,0.925701,37,22,31,16,7,4,,36,3.25982,1.5,0.543565,50,3.25982,5.17617,200,1,6.60961,7.94299,1.59369,2.19048,2.45591,2.43266,2.21424,1.84498,1.61292,,,,,,,,,,,,50,2.45591,11.1051,200,1,10.6674,12.8965,23.5554,-70,hypo,7.956,-8.798,0.578954,False,<=1.5,True,hypo,False,False
PanTS_00004155,2,0,train,Arterial,0.703125,0.703125,1,2,1,645,318.878,13.5203,10-20,False,2,False,-53,hypoattenuating,0,False,tail,pc1_boundary,1.7152,separated,True,True,76.476,0,0,318.878,,,,,,,,,,,,,,,,,,,,50,,,,,,,,,,,,,,,,,,,,,,,,,50,,,,,,,6.23817,-60,hypo,7.956,-7.541,6.72174e-06,True,<=1.5,True,hypo,False,True
PanTS_00004157,1,1,train,Venous,0.925781,0.925781,2.5,2,2.5,3918,8395.01,27.228,20-40,False,1,True,8.5,isoattenuating,0.86362,True,tail,mask_ring,0.76418,inside,False,True,0,8363,1,8395.01,1,2.3219,1.85132,1.82524,1.69721,1.30843,1.24263,1.19167,,,,,20,12,6,,,,,50,2.3219,2.3219,200,0.995,3.65087,4.46031,3.2141,2.99077,2.67869,2.59394,2.71469,2.70973,2.59186,20,16,12,10,8,13,,21,3.2141,1.5,0.304979,50,3.2141,3.2141,200,0.695,3.40975,5.24617,14.6079,-3,iso,20.22,-0.1483,0.997474,False,1.5-2.5,True,iso,True,False
PanTS_00004190,1,2,train,Venous,0.894531,0.894531,2.5,2,2.5,9042,18088.2,48.335,>=40,False,1,True,77,hyperattenuating,0.689287,True,head,mask_ring,0.129016,inside,False,True,29.4933,18068,1,18088.2,1,3.72493,2.86639,2.49433,2.0577,1.45631,1.04006,1.07751,4,4,,,40,16,,4,3.4895,1.5,0.163913,50,3.72493,3.72493,200,0.07,3.0153,3.95233,5.06887,5.25133,4.71797,4.06798,3.27998,2.94896,2.81748,,3,3,2,17,2,2,5,5.10641,2,0.0415456,50,5.25133,5.25133,200,0.12,4.28137,5.25785,18.2843,78,hyper,18.23,4.278,0.999713,False,1.5-2.5,True,hyper,False,False
PanTS_00004208,1,3,train,Non-contrast,0.859375,0.859375,0.8,2,0.8,6214,3671.36,31.6878,20-40,False,1,True,0,isoattenuating,0.0566641,True,head,mask_ring,0.355089,inside,False,True,16.7007,3713,0.936595,3671.36,0.929706,3.67523,3.53175,3.31966,3.15046,2.54962,1.95089,1.74391,31,32,,29,10,,,49,3.67523,1.5,0.19608,50,3.67523,3.67523,200,0.88,4.60519,5.30814,2.68778,2.1256,1.92501,1.78256,1.5118,1.53379,1.6776,,,46,31,18,,,,,,,50,2.68778,2.68778,200,0.99,3.74074,4.59074,11.57,-2,iso,27.85,-0.07182,0.789477,False,<=1.5,False,iso,True,False
PanTS_00004225,1,2,train,Arterial,0.701172,0.701172,5,2,5,2227,5474.43,37.2721,20-40,False,3,True,-17,hypoattenuating,0.0311314,True,tail,pc1_boundary,1.20208,separated,True,True,63.3227,1950,0,5474.43,0,,,,,,,,,,,,,,,,,,,50,,3.13507,,,,,,,,,,,,,,,,,,,,,,,50,,2.92308,,,,,12.9333,-21.5,hypo,9.946,-2.162,0.952397,False,2.5-5,True,hypo,False,False
PanTS_00004225,2,2,train,Arterial,0.701172,0.701172,5,2,5,1999,4913.96,35.1444,20-40,False,3,False,-9,isoattenuating,0,False,body,mask_ring,0.625669,inside,False,True,12.9071,5025,0.804902,4913.96,0.802985,2.97031,2.09194,2.20248,2.15709,2.45952,2.45229,1.91166,,,42,35,,,,,,,,50,2.97031,2.97031,200,0.98,4.04656,5.35648,10.8487,9.68932,8.13046,6.71385,4.68498,3.57369,2.76119,13,19,48,12,8,4,3,13,7.18537,1.5,0.134437,50,10.8487,10.8487,200,0.175,5.51922,12.3755,12.5466,-8,iso,9.946,-0.8044,7.31125e-05,True,2.5-5,True,iso,False,False
PanTS_00004225,3,2,train,Arterial,0.701172,0.701172,5,2,5,1480,3638.15,23.9797,20-40,False,3,False,12,hyperattenuating,0.343847,True,head,mask_ring,0.167065,inside,False,True,58.9427,3650,0.922297,3638.15,0.92274,5.15619,3.82958,3.55167,3.47813,2.68447,2.23169,1.99958,4,5,11,21,,,,4,5.15619,1.5,0.0860377,50,5.15619,5.15619,200,0.15,3.95459,5.32124,11.9454,10.7979,8.9793,7.00416,4.12605,3.14387,3.29757,11,11,7,8,9,,2,11,8.44683,1.5,0.285476,50,11.9454,11.9454,200,0.025,5.3837,11.0296,11.5411,20,hyper,9.946,2.011,0.998096,False,2.5-5,True,hyper,False,False
PanTS_00004231,1,2,train,Venous,0.742188,0.742188,2.5,2,2.5,8857,12197,35.4982,20-40,False,1,True,-48,hypoattenuating,0.847877,True,body,mask_ring,0.559904,inside,False,True,0,12056,1,12197,1,2.78279,2.59133,2.2359,2.01594,2.24634,2.54181,2.80752,,,37,22,4,5,2,,,,,50,2.80752,2.81271,200,1,4.60573,6.68355,4.33876,3.75349,3.05149,2.98719,2.91827,2.79455,2.60689,18,28,14,17,15,11,,19,4.29367,1.5,0.208162,50,4.33876,4.33876,200,0.685,4.74357,6.06045,16.2798,-57,hypo,11.93,-4.776,0.999697,False,1.5-2.5,True,hypo,False,False
PanTS_00004243,1,4,train,Arterial,0.794922,0.794922,1.25,2,1.25,19947,15755.7,63.189,>=40,False,1,True,-10,isoattenuating,0.790334,True,body,mask_ring,0.426789,inside,False,True,0,15904,0.99604,15755.7,0.995033,2.89761,2.79894,2.59204,2.36978,2.39595,2.11872,1.49339,46,32,12,28,8,,,50,2.74014,1.5,0.146617,50,2.89761,3.18843,200,0.985,3.53147,4.31747,6.75816,6.98449,8.08655,8.03943,6.43846,4.78253,3.64878,4,4,28,26,11,1,1,5,6.75816,1.5,0.395835,50,8.08655,8.08655,200,0,5.15222,6.91929,17.5519,-8,iso,19.56,-0.409,0.997204,False,<=1.5,True,iso,False,False
PanTS_00004262,1,4,train,Non-contrast,0.851562,0.851562,1,2,1,6132,4446.67,30.4366,20-40,False,1,True,-3,isoattenuating,0,False,head,mask_ring,0.177983,inside,False,True,21.0978,4509,1,4446.67,1,2.67285,2.04753,1.87054,1.83275,1.2741,0.654391,0.557532,46,,,,9,3,2,,,,,50,2.67285,2.67285,200,0.77,2.87792,3.30917,2.71965,2.48937,2.50003,2.4221,2.35922,2.05707,1.76969,,,34,30,23,10,12,,,,,50,2.71965,2.71965,200,0.99,3.64834,4.51392,12.2011,-3,iso,46.74,-0.06418,0.0001329,True,<=1.5,False,iso,True,False
PanTS_00004267,1,3,train,Non-contrast,0.898438,0.898438,0.8,2,0.8,500,322.876,13.5747,10-20,False,2,False,14,hyperattenuating,0,False,head,mask_ring,0.20528,inside,False,True,61.3769,338,1,322.876,1,1.50658,0.767665,0.488957,0.333514,0.185084,0.286424,0.316088,,,,,,,,,,,,50,1.50658,1.50658,200,0.97,2.35911,3.02329,2.22167,2.0707,2.09097,2.37,2.77934,2.63842,2.19955,,,,,13,7,8,,,,,50,2.77934,2.77934,200,0.565,2.93109,3.90229,6.25581,15,hyper,38.46,0.3901,0.00203482,True,<=1.5,False,hyper,False,False
PanTS_00004267,2,3,train,Non-contrast,0.898438,0.898438,0.8,2,0.8,981,633.483,13.8979,10-20,False,2,True,16,hyperattenuating,0,False,body,mask_ring,0.352826,inside,False,True,38.3886,689,1,633.483,1,1.67662,1.22105,1.45128,1.62486,1.37812,0.919032,0.536012,,,,,19,,,,,,,50,1.67662,1.67662,200,0.99,2.46725,3.10803,2.23101,2.09569,2.03065,1.90557,1.62907,1.82136,1.9156,,,,,39,,,,,,,50,2.23101,2.23101,200,0.985,3.05238,3.84926,7.32781,21,hyper,38.46,0.5461,0.00146932,True,<=1.5,False,hyper,False,False
PanTS_00004268,1,4,train,Venous,0.855469,0.855469,2.5,2,2.5,3262,5968.05,28.3601,20-40,False,1,True,-15,hypoattenuating,0.664084,True,head,mask_ring,0.0803843,inside,False,True,2.41963,5928,1,5968.05,1,1.69631,1.65843,1.43011,1.16227,0.964318,1.09282,1.30484,,,46,29,11,4,,,,,,50,1.69631,1.69631,200,1,4.25794,5.24435,2.51921,2.16989,1.81327,1.66316,2.25761,2.61801,2.57573,,37,35,28,,,,,,,,50,2.61801,2.61801,200,0.975,4.10244,5.19934,13.2525,-20,hypo,10.94,-1.828,0.996882,False,1.5-2.5,True,hypo,False,False
PanTS_00004301,1,1,train,Arterial,0.853516,0.853516,1.25,2,1.25,66867,60889.9,75.9945,>=40,False,1,True,3,isoattenuating,0.508806,True,body,mask_ring,0.554315,abutting,False,True,0,61017,0.499963,60889.9,0.498058,3.75096,2.95968,2.57369,2.61368,2.77757,2.68516,2.1091,1,12,16,21,9,2,,1,3.75096,1.5,0.414432,50,3.75096,4.77356,200,0,3.33182,3.53282,5.10348,5.85282,5.6216,4.9599,4.21008,3.51941,2.7894,2,1,1,1,2,5,2,1,5.85282,2,0.0675101,50,5.85282,6.58057,200,0.27,4.40357,6.26861,26.4054,6,iso,22.54,0.2662,0.997503,False,<=1.5,True,iso,False,False
PanTS_00004313,1,4,train,Non-contrast,0.880859,0.880859,0.8,2,0.8,2830,1756.67,21.09,20-40,False,2,True,0,isoattenuating,0,False,head,mask_ring,0.0601764,inside,False,True,18.3962,1670,1,1756.67,1,2.36612,1.98955,1.78044,1.53883,1.07574,0.84492,0.728897,43,,,,25,,,45,2.36612,1.5,0.526416,50,2.36612,2.36612,200,0.51,2.37478,3.23631,2.28688,1.8134,1.47152,1.67734,1.87622,1.83911,2.3365,,,,,40,,,,,,,50,2.3365,2.3365,200,0.99,3.18336,3.98359,9.48515,3,iso,46.74,0.06418,0.00024633,True,<=1.5,False,iso,True,False
PanTS_00004313,2,4,train,Non-contrast,0.880859,0.880859,0.8,2,0.8,8,4.96584,2.55654,<5,True,2,False,-7.5,isoattenuating,0,False,head,mask_ring,0.0998989,inside,False,True,16.5923,6,1,4.96584,1,1.32944,1.05465,0.817283,0.58816,0.318919,0.0827211,-0.0985546,,,,,,,,,,,,50,1.32944,1.32944,200,0.7,1.59598,2.4466,1.70256,1.60339,1.21644,0.969262,0.960919,1.02215,1.01828,,,,,,,,,,,,50,1.70256,1.70256,200,0.74,2.21907,3.25317,3.05836,-7.5,iso,46.74,-0.1604,0.00017537,True,<=1.5,False,iso,False,False
PanTS_00004323,1,2,train,Non-contrast,0.892578,0.892578,2.5,2,2.5,847,1687,27.3019,20-40,False,1,True,-28,hypoattenuating,0,False,tail,mask_ring,0.676219,inside,False,True,65.5945,1675,1,1687,0.998806,3.91337,3.44801,2.80451,2.21537,1.96446,2.33321,2.2672,,,,,,,,,,,,50,3.91337,3.91337,200,0.69,4.63887,6.72448,2.87331,2.48083,2.26332,1.98114,1.94742,1.9394,1.72703,,,41,39,24,,,,,,,50,2.87331,2.87331,200,0.82,3.83923,6.82334,9.38486,-30.5,hypo,11.93,-2.556,0.0802133,True,1.5-2.5,False,hypo,False,False
PanTS_00004329,1,1,train,Non-contrast,0.78125,0.78125,0.8,2,0.8,8363,4083.5,39.2099,20-40,False,3,True,2,isoattenuating,0,False,head,mask_ring,0.0222719,inside,False,False,,4172,0.986369,4083.5,0.988015,4.89203,3.82586,2.82517,2.43287,1.4126,0.512086,0.236013,,,,45,21,,,,,,,50,4.89203,4.89203,200,0.65,5.33617,7.13088,3.43061,3.42163,2.92951,2.86872,2.85527,2.55553,2.3411,,,46,34,18,10,8,,,,,50,3.43061,3.43061,200,0.885,4.83569,9.30735,11.9155,2,iso,17.9,0.1117,0.0118234,True,<=1.5,False,iso,True,False
PanTS_00004329,2,1,train,Non-contrast,0.78125,0.78125,0.8,2,0.8,1276,623.047,17.7703,10-20,False,3,False,-7,isoattenuating,0,False,head,mask_ring,0.177857,embedded,False,False,,587,0.876959,623.047,0.86201,2.59223,2.63623,2.44588,2.02829,1.56314,1.2106,0.831947,,,,,,,,,,,,50,2.63623,3.36488,200,0.82,4.19419,6.8429,2.13631,1.86601,1.42135,1.25715,1.03852,0.825838,0.627415,,,,,33,15,,,,,,50,2.13631,2.13631,200,0.97,4.08787,6.23854,7.29839,-8,iso,17.9,-0.4469,0.000762813,True,<=1.5,False,iso,False,False
PanTS_00004329,3,1,train,Non-contrast,0.78125,0.78125,0.8,2,0.8,6,2.92969,1.78055,<5,True,3,False,-42,hypoattenuating,0,False,head,pc1_boundary,0.246787,abutting,False,False,,2,1,2.92969,1,1.83504,1.35049,0.761977,0.114916,-0.0884882,0.191632,0.445054,,,,,,,,,,,,50,1.83504,1.83504,200,0.45,1.67462,4.62459,0.612474,0.5832,0.466841,0.647782,0.840253,0.411797,-0.0360454,,,,,,,,,,,,50,0.840253,0.840253,200,0.995,2.65799,5.14103,2.88766,-42,hypo,17.9,-2.346,2.44908e-05,True,<=1.5,False,hypo,False,False
PanTS_00004360,1,1,train,Arterial,0.724609,0.724609,5,2,5,30824,80922,93.3867,>=40,False,2,True,-27,hypoattenuating,0,False,body,mask_ring,0.510219,abutting,False,True,47.4278,73349,0.0085972,80922,0.00961158,2.94288,2.49185,2.18265,1.95563,1.47592,1.38291,1.66779,,,38,40,,,,,,,,50,2.94288,5.03646,200,1,7.53766,7.79141,3.33963,2.27251,1.71325,1.39486,1.22375,1.15077,1.03728,,,,,,,,,,,,50,3.33963,3.33963,200,1,4.99757,5.50522,28.8324,-31,hypo,15.25,-2.033,0.441613,True,2.5-5,True,hypo,False,False
PanTS_00004360,2,1,train,Arterial,0.724609,0.724609,5,2,5,1088,2856.32,23.3731,20-40,False,2,False,-6,isoattenuating,0.353953,True,head,mask_ring,0.182247,inside,False,True,27.6171,2905,0.998162,2856.32,0.997935,4.77625,4.57748,4.10767,3.71055,3.31601,2.9789,2.50457,,50,28,18,,,,,,,,50,4.77625,4.77625,200,0.695,5.36359,7.65239,3.78498,3.69273,3.04412,2.5008,1.7349,1.06235,1.20464,23,23,16,12,5,10,5,24,3.78498,1.5,0.151106,50,3.78498,3.78498,200,0.465,3.753,5.00238,10.8018,-6,iso,15.25,-0.3934,0.991153,False,2.5-5,True,iso,False,False
PanTS_00004366,1,0,train,Arterial,1.5,1.5,1.5,2,1.5,90,303.75,12.5499,10-20,False,1,True,-52,hypoattenuating,0.516746,True,head,mask_ring,0.124608,separated,True,True,14.3091,303,0,303.75,0,,,,,,,,,,,,,,,,,,,50,,2.02124,,,,,,,,,,,,,,,,,,,,,,,50,,1.29813,,,,,6.17006,-59,hypo,10.94,-5.393,0.829146,False,<=1.5,True,hypo,False,True
PanTS_00004408,1,2,train,Venous,0.927734,0.927734,2.5,2,2.5,1476,3175.95,23.7262,20-40,False,1,True,-35,hypoattenuating,0.380265,True,head,mask_ring,0.104581,inside,False,True,4.84395,3186,1,3175.95,1,1.59532,1.43775,1.38086,1.36877,1.6623,1.57486,1.15265,,,,30,12,4,1,,,,,50,1.6623,1.6623,200,1,4.13271,4.99506,1.61652,1.74582,1.81068,1.83479,1.81724,1.84545,1.80623,,,,,30,,,,,,,50,1.84545,1.84545,200,0.995,4.32139,6.30633,11.1186,-47,hypo,10.28,-4.573,0.999863,False,1.5-2.5,True,hypo,False,False
PanTS_00004420,1,3,train,Venous,0.916016,0.916016,2.5,2,2.5,3521,7386.05,35.2374,20-40,False,1,True,-34,hypoattenuating,0.765281,True,head,mask_ring,0.154734,inside,False,True,5,7337,1,7386.05,1,3.36132,3.3972,3.24013,3.23888,2.92574,2.37131,1.85024,,,49,25,6,8,3,,,,,50,3.3972,3.3972,200,0.84,3.96131,4.73367,3.3744,2.93696,2.31952,2.01445,2.29348,2.2916,2.00183,,,50,24,15,9,,,,,,50,3.3744,3.3744,200,0.845,4.34652,5.61388,14.0811,-42,hypo,15.91,-2.639,0.997488,False,1.5-2.5,True,hypo,False,False
PanTS_00004426,1,0,train,Arterial,0.783203,0.783203,3,2,3,348,640.397,15.7163,10-20,False,1,True,-0.5,isoattenuating,0,False,head,mask_ring,0.192294,inside,False,True,18.4851,633,1,640.397,1,1.71713,1.52822,1.50845,1.34895,0.820273,0.260202,-0.00525542,,,,31,20,9,,,,,,50,1.71713,1.71713,200,0.985,3.38131,4.24712,1.60505,1.51062,1.52087,1.84517,2.14913,1.89875,1.89109,,,,,,,,,,,,50,2.14913,2.14913,200,0.905,3.03936,3.91222,7.34712,6.5,iso,11.93,0.5446,0.902781,True,2.5-5,True,iso,False,False
PanTS_00004438,1,0,train,Arterial,0.976562,0.976562,3,2,3,703,2011.3,20.8179,20-40,False,1,True,-43,hypoattenuating,0,False,body,mask_ring,0.48542,abutting,False,True,18.7525,2025,0.0753912,2011.3,0.0814815,2.35332,2.03962,1.78087,1.59755,1.60726,1.62819,1.38531,,,47,38,,,,,,,,50,2.35332,3.05669,200,0.915,3.64868,4.81192,2.03635,1.68012,1.39524,1.20404,1.29139,1.60203,1.84312,,,,,,,,,,,,50,2.03635,2.07397,200,0.965,3.14319,5.63261,9.83062,-37,hypo,7.293,-5.073,0.0461627,True,2.5-5,True,hypo,False,False
PanTS_00004448,1,0,train,Arterial,0.738281,0.738281,2.5,2,2.5,8787,11973.6,33.8146,20-40,False,1,True,16,hyperattenuating,0.885115,True,head,mask_ring,0.214106,inside,False,True,1.47656,11919,1,11973.6,1,3.6879,4.15499,3.89596,3.36403,2.44375,2.63899,3.10204,,,,48,7,8,,,,,,50,4.15499,4.15499,200,0.38,3.73909,4.85124,3.01097,2.18931,2.13758,2.42018,3.21245,3.58907,3.47893,25,43,29,22,18,,,26,3.01097,1.5,0.432678,50,3.58907,3.58907,200,0.94,5.69677,7.99749,16.1921,13,hyper,16.24,0.8003,0.999901,False,1.5-2.5,True,hyper,False,False
PanTS_00004449,1,1,train,Venous,0.771484,0.771484,0.7,2,0.7,2805,1168.65,16.6015,10-20,False,1,True,20,hyperattenuating,0.806705,True,head,mask_ring,0.171235,abutting,False,True,17.4836,1175,0.996435,1168.65,0.994894,1.66191,1.5235,1.50971,1.46644,1.08734,0.724564,0.867208,,,,35,,,,,,,,50,1.66191,2.0576,200,0.99,2.30707,3.10513,1.66575,1.60356,1.64681,1.52873,1.17433,1.41135,1.71945,,,,38,20,14,,,,,,50,1.71945,1.71945,200,0.98,2.85898,3.50088,8.5343,18,hyper,17.57,1.024,0.997001,False,<=1.5,True,hyper,False,True
PanTS_00004454,1,1,train,Non-contrast,0.832031,0.832031,0.7,2,0.7,584,283.002,13.501,10-20,False,4,False,-13,hypoattenuating,0.000125142,True,head,mask_ring,0.330318,abutting,False,True,38.3771,264,0.919521,283.002,0.890152,3.12605,2.68892,2.73252,2.70848,2.01018,1.00078,0.190108,,,,,,,,,,,,50,3.12605,4.12044,200,0.495,3.09237,5.06178,1.67501,1.54362,1.43324,1.5565,1.3563,1.39786,1.60285,,,,,,,,,,,,50,1.67501,3.74288,200,0.89,2.96887,5.77226,6.07287,-15,hypo,14.26,-1.052,0.945551,False,<=1.5,False,hypo,False,False
PanTS_00004454,2,1,train,Non-contrast,0.832031,0.832031,0.7,2,0.7,645,312.563,15.3677,10-20,False,4,False,-10,isoattenuating,3.57353e-05,True,body,mask_ring,0.258842,abutting,False,True,68.0873,339,0.0232558,312.563,0.0324484,0.991101,0.596688,0.443035,0.407481,0.296588,0.00827058,-0.284568,,,,,,,,,,,,50,0.991101,1.91322,200,0.86,2.87353,4.95127,1.96979,1.38865,1.26962,1.19924,1.23961,1.19768,1.17019,,,,,,,,,,,,50,1.96979,2.31244,200,0.87,2.99854,5.51071,6.21001,-12,hypo,14.26,-0.8418,0.957596,False,<=1.5,False,hypo,False,False
PanTS_00004454,3,1,train,Non-contrast,0.832031,0.832031,0.7,2,0.7,921,446.31,17.1916,10-20,False,4,True,-8,isoattenuating,0,False,body,mask_ring,0.0718328,inside,False,True,97.9018,505,1,446.31,1,2.61714,2.71484,2.53217,2.07876,0.924915,0.358529,0.245891,,,,,,,,,,,,50,2.71484,2.71484,200,0.635,2.98687,5.11752,5.00279,4.01437,3.20749,3.16305,3.02339,2.59945,2.26268,21,15,22,15,15,19,15,21,5.00279,1.5,0.302821,50,5.00279,5.00279,200,0.125,3.34585,5.67913,6.74078,-5,iso,14.26,-0.3507,0.0107144,True,<=1.5,False,iso,True,False
PanTS_00004454,4,1,train,Non-contrast,0.832031,0.832031,0.7,2,0.7,561,271.857,17.1916,10-20,False,4,False,-20,hypoattenuating,0.000107287,True,head,pc1_boundary,0.357397,separated,True,True,62.911,303,0,271.857,0,,,,,,,,,,,,,,,,,,,50,,2.11527,,,,,,,,,,,,,,,,,,,,,,,50,,2.65187,,,,,6.01868,-17.5,hypo,14.26,-1.228,0.948585,False,<=1.5,False,hypo,False,False
PanTS_00004475,1,1,train,Venous,0.65625,0.65625,3,2,3,2175,2810.08,37.3653,20-40,False,1,True,-90,hypoattenuating,0,False,tail,mask_ring,0.768166,inside,False,True,0,2823,1,2810.08,1,4.84097,3.98146,3.56556,3.45919,3.01419,2.5776,2.22539,44,41,21,5,3,4,1,48,4.13557,1.5,0.015772,50,4.84097,4.84097,200,0.41,4.67928,6.63864,4.05739,3.12831,2.53643,2.23138,1.5675,0.936921,0.941107,26,33,,,,,,28,4.05739,1.5,0.423896,50,4.05739,4.05739,200,0.615,4.3088,7.62263,10.7541,-99,hypo,8.288,-11.95,1.7918e-05,True,2.5-5,True,hypo,False,False
PanTS_00004483,1,1,train,Venous,0.820312,0.820312,5,2,5,3280,11035.8,38.1286,20-40,False,1,True,-5,isoattenuating,0.413049,True,head,mask_ring,0.270834,inside,False,True,3.28125,10985,0.999085,11035.8,0.998361,3.76023,3.94611,3.51707,2.87846,2.28954,1.97769,1.64153,,46,7,10,11,8,4,35,3.51707,2.5,0.040903,50,3.94611,5.24834,200,0.59,4.02949,5.37911,3.24956,3.38884,3.09864,2.71872,2.2384,2.23603,2.31163,,22,22,20,18,15,11,44,3.30986,2,0.233602,50,3.38884,3.56185,200,0.75,3.92369,5.55174,15.8114,-5,iso,15.25,-0.3279,0.982557,False,2.5-5,True,iso,True,False
PanTS_00004497,1,1,train,Non-contrast,0.78125,0.78125,3,2,3,5220,9558.11,33.1902,20-40,False,1,True,4,isoattenuating,0,False,head,mask_ring,0.0470725,inside,False,True,0.78125,9495,0.928161,9558.11,0.926382,4.25264,3.92488,3.41436,2.90878,2.284,2.07053,2.05851,29,36,,22,4,1,,31,3.31587,1.5,0.218125,50,4.25264,4.25264,200,0.26,3.67147,4.39377,2.44933,2.34749,2.04917,2.04652,1.91135,1.49518,1.61715,,,,,20,13,12,,,,,50,2.44933,5.35821,200,1,3.47942,4.66557,15.1652,7,iso,12.27,0.5707,0.298287,True,2.5-5,False,iso,False,False
PanTS_00004503,1,4,train,Non-contrast,0.703125,0.703125,0.8,2,0.8,16675,6595.09,56.7139,>=40,False,2,True,-17,hypoattenuating,0.000836179,True,head,mask_ring,0.0285479,abutting,False,True,6.97103,6598,0.381229,6595.09,0.383146,4.80714,3.93641,4.17076,4.14796,3.80687,3.23275,2.81283,33,50,29,15,,,,40,4.80714,1.5,0.416388,50,4.80714,5.25799,200,0.89,5.67766,6.96267,2.99704,2.6383,2.65374,2.49129,2.21196,2.38045,2.23165,,,45,33,21,20,,,,,,50,2.99704,4.41597,200,0.925,4.47389,6.20348,13.6335,-18,hypo,18.23,-0.9872,0.823825,False,<=1.5,False,hypo,False,False
PanTS_00004503,2,4,train,Non-contrast,0.703125,0.703125,0.8,2,0.8,12,4.74609,2.78164,<5,True,2,False,30.5,hyperattenuating,0,False,head,pc1_boundary,0.0970742,separated,True,True,39.283,0,0,4.74609,,,,,,,,,,,,,,,,,,,,50,,,,,,,,,,,,,,,,,,,,,,,,,50,,,,,,,3.04252,30.5,hyper,18.23,1.673,8.31708e-05,True,<=1.5,False,hyper,False,False
PanTS_00004506,1,1,train,Venous,0.732422,0.732422,5,2,5,473,1268.69,16.1204,10-20,False,1,True,4,isoattenuating,0,False,tail,mask_ring,0.776079,inside,False,True,53.9185,1280,1,1268.69,1,2.03197,1.66233,1.42054,1.2111,0.978321,0.896601,0.915832,,,,,,,,,,,,50,2.03197,2.03197,200,0.915,3.17909,4.34592,3.71595,2.6874,2.23818,2.0168,2.07019,2.23927,2.61435,2,6,10,10,5,6,2,2,3.71595,1.5,0.409453,50,3.71595,3.71595,200,0.01,2.81909,3.49762,8.71566,10,iso,4.973,2.011,1.31091e-05,True,2.5-5,True,iso,False,False
PanTS_00004513,1,0,train,Venous,0.820312,0.820312,1,2,1,7011,4717.79,34.5096,20-40,False,1,True,22,hyperattenuating,0.651757,True,head,mask_ring,0.568765,inside,False,True,0.820312,4782,0.935958,4717.79,0.932246,4.03946,3.11272,2.28006,1.81636,1.48748,1.50537,1.84083,7,19,,33,,,,7,4.03946,1.5,0.332205,50,4.03946,4.03946,200,0.2,3.72139,4.40362,2.83585,2.33435,2.2813,2.36851,2.40418,2.47846,2.84203,45,46,32,23,10,7,4,43,2.84203,6,0.150733,50,2.84203,2.84203,200,0.675,3.24689,4.27895,12.4044,26,hyper,13.26,1.961,0.999448,False,<=1.5,True,hyper,False,False
PanTS_00004517,1,2,train,Arterial,0.742188,0.742188,1.25,2,1.25,27148,18692.9,44.8612,>=40,False,1,True,-6,isoattenuating,0.357361,True,head,mask_ring,0.260501,abutting,False,True,7.64129,18725,0.199094,18692.9,0.198184,3.49337,2.96999,2.77752,2.25711,1.85248,1.32926,1.1474,10,18,33,29,10,4,3,12,3.49337,1.5,0.271176,50,3.49337,3.49337,200,0.72,3.61858,4.98697,5.94527,5.24924,4.10072,3.01768,1.62389,1.52189,1.61189,,,,,,,,,,,,50,5.94527,6.28366,200,0.245,3.88504,7.34701,18.4638,1,iso,24.53,0.04076,0.998283,False,<=1.5,True,iso,True,False
PanTS_00004521,1,1,train,Venous,0.472656,0.472656,5,2,5,3658,4086.06,35.5168,20-40,False,1,True,-12,hypoattenuating,0.165816,True,tail,mask_ring,1.00389,abutting,False,True,66.2683,4025,0.0511208,4086.06,0.0486957,4.44234,3.58381,2.79775,2.73242,2.15128,1.57325,1.09571,20,19,11,8,8,,,22,4.44234,1.5,0.195665,50,4.44234,7.4718,200,0.845,6.19013,10.1577,2.40286,2.20403,1.75272,1.3091,1.54317,1.36982,1.04576,27,,,,,,,33,2.40286,1.5,0.0469207,50,2.40286,16.3038,200,0.995,3.76517,19.0098,11.9176,-12,hypo,2.652,-4.525,0.983785,False,2.5-5,True,hypo,False,False
PanTS_00004523,1,4,train,Arterial,0.742188,0.742188,1.25,2,1.25,22977,15820.9,45.4254,>=40,False,1,True,-9,isoattenuating,0.633368,True,head,mask_ring,0.181394,inside,False,True,0,15814,1,15820.9,1,4.65825,4.4377,3.79406,3.01673,1.83408,1.52148,1.56692,21,,45,13,8,2,1,24,4.11683,1.5,0.0220905,50,4.65825,4.65825,200,0.675,6.70737,7.34913,5.95799,6.08547,5.61113,4.79416,4.16251,4.43181,3.90858,5,15,29,26,12,9,8,7,5.95799,1.5,0.160153,50,6.08547,6.08547,200,0.76,11.7062,13.0082,17.5733,-11,hypo,17.24,-0.6381,0.995977,False,<=1.5,True,hypo,False,False
PanTS_00004538,1,4,train,Venous,1.5,1.5,1.5,2,1.5,1478,4988.25,45.1498,>=40,False,1,True,7,isoattenuating,0.0787315,True,head,mask_ring,0.143279,inside,False,True,4.97494,4998,0.988498,4988.25,0.988996,4.14312,2.93637,2.03284,1.88363,1.72083,1.40233,1.47554,2,3,31,19,,2,,2,4.14312,1.5,0.123577,50,4.14312,4.78802,200,0,2.53234,3.70771,6.90623,5.25006,4.28142,3.56954,2.86956,2.78291,2.93397,5,8,18,20,4,,,5,6.78142,1.5,0.0350232,50,6.90623,6.90623,200,0.125,3.12662,7.34089,12.5995,16,hyper,72.44,0.2209,0.988799,False,<=1.5,True,hyper,False,False
PanTS_00004539,1,4,train,Venous,0.880859,0.880859,2.5,2,2.5,5089,9871.55,40.1159,>=40,False,1,True,13,hyperattenuating,0.726281,True,tail,mask_ring,0.871543,inside,False,False,,9750,1,9871.55,1,2.51823,2.30141,2.02913,2.07373,1.89,1.76016,1.70581,40,,15,27,7,3,,46,2.51823,1.5,0.201324,50,2.51823,2.51823,200,0.985,3.18139,3.83207,2.91022,3.49736,3.78813,3.42256,3.05559,2.74435,2.95699,45,28,22,45,3,5,4,50,2.7586,2,0.440794,50,3.78813,3.78813,200,0.48,3.78086,4.55135,15.3076,14,hyper,27.52,0.5088,0.997093,False,1.5-2.5,True,hyper,False,False
PanTS_00004540,1,3,train,Venous,5,0.820312,0.820312,0,5,3280,11035.8,38.1286,20-40,False,1,True,-6,isoattenuating,0.625,True,head,mask_ring,,inside,False,True,3.28125,11075,0.973476,11035.8,0.971828,3.63136,4.16093,3.90699,3.22163,2.20084,1.74121,1.32024,,43,29,27,8,11,5,,,,,50,4.16093,5.24174,200,0.835,4.77604,5.8543,3.57017,3.67116,3.47436,3.09256,2.61565,2.59019,2.66433,32,,,,10,9,6,38,3.42637,1.5,0.294797,50,3.67116,4.21645,200,0.8,4.38746,5.91095,15.8114,-8,iso,15.58,-0.5134,0.996901,False,2.5-5,True,iso,False,False
PanTS_00004542,1,0,train,Venous,0.734375,0.734375,2.5,2,2.5,5235,7058.18,35.4849,20-40,False,1,True,-108,hypoattenuating,0,False,body,mask_ring,0.708688,inside,False,True,8.95182,7065,1,7058.18,1,3.47288,3.44387,3.13326,2.80772,2.57845,2.43285,2.39527,44,17,12,20,2,1,2,41,3.44387,2,0.378058,50,3.47288,3.47288,200,0.77,3.83954,6.24106,3.80891,3.75333,3.92723,3.85434,3.10976,2.29484,1.48791,,,,,,,,,,,,50,3.92723,3.92723,200,0.48,3.71851,5.29036,13.8997,-114,hypo,9.614,-11.86,0.000538927,True,1.5-2.5,True,hypo,False,False
PanTS_00004571,1,0,train,Non-contrast,0.78125,0.78125,0.8,2,0.8,15908,7767.58,32.8297,20-40,False,1,True,13,hyperattenuating,0.752932,True,head,mask_ring,0.0783804,embedded,False,False,,7694,0.97957,7767.58,0.978295,2.77735,2.34278,2.49392,2.40148,2.06646,1.48091,1.15164,18,35,44,42,11,,,23,2.77735,1.5,0.522592,50,2.77735,2.77735,200,0.645,2.88368,3.54307,2.99064,2.70227,2.40733,2.17476,2.35336,2.23515,2.23222,,33,29,24,16,10,8,,,,,50,2.99064,4.28707,200,0.99,3.78358,4.42156,14.2857,16,hyper,45.09,0.3549,0.999734,False,<=1.5,False,hyper,False,False
PanTS_00004597,1,0,train,Venous,0.791016,0.791016,2.5,2,2.5,4516,7064.22,35.0989,20-40,False,1,True,1,isoattenuating,0.669683,True,head,mask_ring,0.225803,inside,False,True,2.5,6910,1,7064.22,1,3.83316,3.26134,2.48277,2.06949,1.80053,1.76313,1.65074,13,16,30,30,15,9,,13,3.83316,1.5,0.231509,50,3.83316,3.83316,200,0.555,4.11827,4.8361,2.9219,2.36506,1.98019,1.79118,2.08069,2.91734,3.31826,28,30,24,16,10,9,8,28,2.9219,1.5,0.198162,50,3.31826,3.31826,200,0.74,4.1929,9.56,13.9031,0,iso,17.57,0,0.999835,False,1.5-2.5,True,iso,True,False
PanTS_00004602,1,1,train,Arterial,0.621094,0.621094,5,2,5,1139,2196.89,20.7135,20-40,False,1,True,-17,hypoattenuating,0,False,head,mask_ring,0.336513,embedded,False,True,15.8503,2185,0.582968,2196.89,0.585812,2.43366,2.38066,2.04458,1.75825,1.50887,1.38795,1.19688,,,29,19,,,,,,,,50,2.43366,4.23914,200,0.985,5.5044,9.6235,4.84572,3.33912,2.33265,2.26289,2.23963,2.15769,2.11755,,,,42,,,,,,,,50,4.84572,4.84572,200,0.35,4.33489,7.73292,10.0644,-21,hypo,3.647,-5.759,0.00114245,True,2.5-5,True,hypo,False,False
PanTS_00004669,1,3,train,Venous,0.976562,0.976562,1,2,1,1989,1896.86,24.4507,20-40,False,3,False,-33,hypoattenuating,0,False,head,pc1_boundary,0.240968,separated,True,True,46.8728,1986,0,1896.86,0,,,,,,,,,,,,,,,,,,,50,,3.05662,,,,,,,,,,,,,,,,,,,,,,,50,,2.58595,,,,,9.67919,-31,hypo,15.25,-2.033,0.497989,True,<=1.5,True,hypo,False,False
PanTS_00004669,2,3,train,Venous,0.976562,0.976562,1,2,1,12534,11953.4,44.1929,>=40,False,3,True,-33,hypoattenuating,0,False,tail,mask_ring,0.754684,separated,True,True,85.4274,11745,0.000478698,11953.4,0.000425713,2.72059,2.47122,2.27701,2.09469,1.88192,1.79546,1.42059,,47,22,15,,,,,,,,50,2.72059,2.91719,200,0.98,4.12168,5.38399,0.577347,-0.195245,-0.52892,-0.591107,-0.505252,-0.363363,-0.232552,,,,,,,,,,,,50,0.577347,3.05159,200,1,4.76863,6.48639,16.1841,-34,hypo,15.25,-2.23,0.00183867,True,<=1.5,True,hypo,False,False
PanTS_00004669,3,3,train,Venous,0.976562,0.976562,1,2,1,483,460.625,22.6065,20-40,False,3,False,-26,hypoattenuating,0,False,tail,pc1_boundary,0.929555,separated,True,True,134.32,0,0,460.625,,,,,,,,,,,,,,,,,,,,50,,,,,,,,,,,,,,,,,,,,,,,,,50,,,,,,,6.79093,-22,hypo,15.25,-1.443,0.000223416,True,<=1.5,True,hypo,False,False
PanTS_00004671,1,0,train,Venous,0.744141,0.744141,2.5,2,2.5,716,991.204,25.0724,20-40,False,2,False,-15,hypoattenuating,0,False,head,mask_ring,0.0182739,abutting,False,True,0.744141,958,0,991.204,0,0.758959,0.552914,0.609472,0.629399,0.540861,0.553696,0.499026,,,,,,,,,,,,50,0.758959,1.89713,200,1,3.15672,4.23742,0.822211,0.558508,0.554194,0.592227,0.628058,0.546585,0.335063,,41,,,,,,,,,,50,0.822211,1.08747,200,1,2.93191,7.73754,8.18526,-16.5,hypo,9.946,-1.659,6.97647e-05,True,1.5-2.5,True,hypo,False,False
PanTS_00004671,2,0,train,Venous,0.744141,0.744141,2.5,2,2.5,3620,5011.39,34.8163,20-40,False,2,True,-16,hypoattenuating,0.497681,True,head,mask_ring,0.276887,abutting,False,True,0.744141,4963,0.164088,5011.39,0.165626,2.28639,1.72334,1.25737,1.1626,1.16171,1.44685,1.90275,,40,23,11,,,,,,,,50,2.28639,3.62675,200,1,3.59241,4.57994,2.98584,2.06405,1.61652,1.56479,1.81316,2.01029,1.79467,,28,24,21,,,,,,,,50,2.98584,7.75159,200,0.765,3.54647,7.76676,12.6159,-17,hypo,9.946,-1.709,0.997822,False,1.5-2.5,True,hypo,False,False
PanTS_00004673,1,4,train,Venous,0.804688,0.804688,5,2,5,1803,5837.42,34.582,20-40,False,1,True,1,isoattenuating,0.422209,True,head,mask_ring,0.19371,inside,False,True,9.38419,5800,1,5837.42,1,4.63004,4.56314,3.84485,2.94547,1.65694,1.25434,1.16939,31,27,19,12,5,2,2,31,4.21979,1.5,0.198956,50,4.63004,4.63004,200,0.51,4.7155,6.11278,5.06128,3.695,3.21004,2.98026,2.87208,2.71914,2.74871,4,10,14,10,8,,,4,5.06128,1.5,0.0546003,50,5.06128,5.06128,200,0.11,3.93193,6.02609,13.1698,0,iso,8.951,0,0.983214,False,2.5-5,True,iso,True,False
PanTS_00004677,1,3,train,Arterial,0.742188,0.742188,1.25,2,1.25,15510,10679.5,41.5794,>=40,False,1,True,-3,isoattenuating,0.719363,True,head,mask_ring,0.157142,inside,False,True,0,10577,0.956609,10679.5,0.955564,3.44564,3.2086,2.84906,2.52031,2.56017,2.56211,2.70576,9,8,8,14,8,5,,12,3.44564,1.5,0.122487,50,3.44564,4.55315,200,0.925,4.40523,5.71317,7.02121,5.31955,4.06547,3.24776,3.0006,2.53109,2.12286,3,7,11,11,8,4,2,7,7.02121,1.5,0.251359,50,7.02121,7.02121,200,0.44,5.47096,8.60232,15.6611,1,iso,14.26,0.07015,0.997677,False,<=1.5,True,iso,True,False
PanTS_00004681,1,1,train,Arterial,0.722656,0.722656,0.8,2,0.8,492,205.55,12.2041,10-20,False,1,True,13,hyperattenuating,0,False,head,mask_ring,0.0719097,embedded,False,True,58.189,201,0.99187,205.55,0.995025,2.36464,1.55559,0.953117,0.766367,0.314416,-0.0203406,-0.0539708,,,,34,,,,,,,,50,2.36464,2.36464,200,0.75,3.22547,4.68539,2.11312,1.63291,1.51373,1.42995,1.24551,1.24422,1.22264,,,,,,,,,,,,50,2.11312,2.11312,200,0.83,2.67162,3.75831,5.66109,18,hyper,40.45,0.445,6.40201e-05,True,<=1.5,True,hyper,False,True
PanTS_00004703,1,4,train,Venous,0.742188,0.742188,1.25,2,1.25,1378,948.827,18.9222,10-20,False,1,True,-38,hypoattenuating,0,False,head,mask_ring,-0.0175795,inside,False,True,5.76553,947,0.985486,948.827,0.979937,1.85365,1.33592,1.23453,1.07098,0.864618,0.762501,0.611454,,,33,26,,,,,,,,50,1.85365,1.85365,200,0.975,2.60408,3.33406,2.59784,1.83253,1.3281,0.854997,0.795625,0.701028,0.588404,,,43,,,,,,,,,50,2.59784,2.59784,200,0.57,2.69081,3.83644,8.09583,-37,hypo,8.951,-4.134,0.0248928,True,<=1.5,True,hypo,False,True
PanTS_00004707,1,0,train,Venous,0.802734,0.802734,2.5,2,2.5,9060,14595.3,40.0748,>=40,False,1,True,-73,hypoattenuating,0.780408,True,tail,mask_ring,0.856675,inside,False,True,0.802734,14594,1,14595.3,1,4.1254,3.33246,2.53445,2.26949,2.39999,2.04631,1.64097,46,46,36,13,5,3,1,49,4.1254,1.5,0.00898422,50,4.1254,4.1254,200,0.965,6.39244,7.89926,4.26684,4.18992,4.057,3.63938,3.08875,2.72572,2.41798,21,13,29,35,39,,,21,4.26684,1.5,0.294202,50,4.26684,4.26684,200,0.835,4.95618,6.88231,17.1603,-84,hypo,12.27,-6.848,0.99884,False,1.5-2.5,True,hypo,False,False
PanTS_00004724,1,4,train,Non-contrast,0.976562,0.976562,0.8,2,0.8,1363,1039.89,24.9379,20-40,False,1,True,-2,isoattenuating,0.560128,True,head,mask_ring,0.254557,embedded,False,True,14.5432,979,0.787234,1039.89,0.800817,2.91033,2.66964,2.24845,2.1645,1.64546,1.09659,0.636539,,,,27,3,1,,,,,,50,2.91033,2.91033,200,0.625,3.09238,3.95955,2.66389,2.38002,1.97679,1.57788,1.13808,0.98105,0.926586,,,,,,,,,,,,50,2.66389,2.66389,200,0.875,3.35724,4.19017,8.28491,-6,iso,43.76,-0.1371,0.932821,False,<=1.5,False,iso,False,False
PanTS_00004735,1,0,train,Venous,0.726,0.726,3,2,3,1302,2058.76,17.1988,10-20,False,1,True,54,hyperattenuating,0,False,tail,mask_ring,0.768405,inside,False,True,16.5283,2037,1,2058.76,1,2.69665,2.19413,1.6347,1.23017,0.468464,0.178845,-0.219353,,43,19,16,18,,,,,,,50,2.69665,2.69665,200,0.93,4.60018,6.3733,9.01439,7.49896,6.34378,5.75776,5.0326,4.32704,3.87301,1,1,1,1,1,2,1,1,9.01439,1.5,0.470216,50,9.01439,9.01439,200,0,4.16551,5.58853,9.89173,77,hyper,8.951,8.602,7.60248e-05,True,2.5-5,True,hyper,False,True
PanTS_00004748,1,3,train,Venous,0.822266,0.822266,5,2,5,225,760.637,17.6735,10-20,False,1,True,-14,hypoattenuating,0.141315,True,tail,mask_ring,0.827256,inside,False,True,58.3091,760,1,760.637,1,3.96092,3.71905,3.36881,2.96115,2.38119,2.05251,1.94501,,,,,,,,,,,,50,3.96092,3.96092,200,0.49,3.91891,6.94977,3.29998,2.80558,2.51478,2.48801,2.30554,1.82739,1.49922,39,20,18,9,10,8,,42,3.14045,1.5,0.490482,50,3.29998,3.29998,200,0.43,3.16553,4.62631,7.66278,-15,hypo,10.61,-1.414,0.997513,False,2.5-5,True,hypo,False,True
PanTS_00004753,1,2,train,Venous,0.708984,0.708984,5,2,5,2450,6157.56,32.0532,20-40,False,1,True,-27,hypoattenuating,0.800455,True,head,mask_ring,0.131783,inside,False,True,26.3053,6170,1,6157.56,1,4.62253,3.8182,3.1473,2.42701,2.35473,2.46878,2.46452,26,24,18,14,6,2,1,24,4.46291,1.5,0.0342529,50,4.62253,4.62253,200,0.765,5.88292,9.07622,10.1139,8.71977,7.72704,6.89484,5.41194,4.29941,3.38325,,,40,36,,,,,,,,50,10.1139,10.1139,200,0,4.64407,6.09266,13.3703,-35,hypo,6.962,-5.027,0.999196,False,2.5-5,True,hypo,False,False
PanTS_00004769,1,2,train,Venous,0.898438,0.898438,2.5,2,2.5,7572,15280.1,42.0252,>=40,False,1,True,-87,hypoattenuating,0,False,head,mask_ring,0.179366,inside,False,True,1.79688,15159,1,15280.1,1,3.3393,2.94966,2.38817,2.40782,2.23903,1.99462,2.0511,,,,44,17,5,4,,,,,50,3.3393,3.3393,200,0.935,4.11894,4.75645,3.43198,3.28124,3.10014,2.72186,2.41912,2.5138,2.47243,22,12,12,47,27,17,14,26,3.43198,1.5,0.42776,50,3.43198,3.43198,200,0.905,4.24158,5.0676,17.3938,-90,hypo,12.27,-7.337,0.378028,True,1.5-2.5,True,hypo,False,False
PanTS_00004788,1,3,train,Arterial,0.869141,0.869141,0.8,2,0.8,6611,3995.19,27.2711,20-40,False,1,True,10,isoattenuating,0,False,body,mask_ring,0.38724,embedded,False,False,,3919,0.983512,3995.19,0.9778,3.63557,3.48875,2.88538,2.28885,1.32689,0.755226,0.468706,3,17,29,23,11,6,1,15,3.63557,1.5,0.203857,50,3.63557,3.63557,200,0.505,3.63993,4.53478,2.64714,2.59455,2.51505,2.31558,2.23871,2.043,1.80786,,,,,27,14,11,,,,,50,2.64714,2.64714,200,0.97,3.47119,4.17136,11.8435,14,hyper,48.4,0.2892,0.000264268,True,<=1.5,True,hyper,False,False
PanTS_00004796,1,0,train,Arterial,1,1,1,2,1,633,633,21.2838,20-40,False,1,True,-18.0056,hypoattenuating,0.0608264,True,head,mask_ring,0.207485,inside,False,True,11,633,1,633,1,3.24653,2.6682,2.00715,1.28185,0.778785,0.487269,0.469082,,,,,,,,,,,,50,3.24653,3.24653,200,0.56,3.47937,5.36283,2.50679,1.79073,1.25173,1.07255,1.48226,2.04368,2.10902,,,,,,,,,,,,50,2.50679,2.50679,200,0.755,3.45512,8.72386,7.32646,-17.98,hypo,9.945,-1.807,0.998698,False,<=1.5,True,hypo,False,False
PanTS_00004800,1,0,train,Non-contrast,0.703125,0.703125,0.8,2,0.8,3915,1548.41,29.7211,20-40,False,1,True,-30,hypoattenuating,0,False,body,pc1_boundary,0.602447,separated,True,True,23.373,1557,0,1548.41,0,,,,,,,,,,,,,,,,,,,50,,3.28316,,,,,,,,,,,,,,,,,,,,,,,50,,3.62109,,,,,9.17683,-35,hypo,31.49,-1.111,7.1419e-05,True,<=1.5,False,hypo,False,False
PanTS_00004825,1,1,train,Venous,0.740234,0.740234,2.5,2,2.5,3168,4339.74,27.8367,20-40,False,1,True,-18,hypoattenuating,0.783419,True,head,mask_ring,0.323807,inside,False,True,2.90548,4343,0.960227,4339.74,0.959475,6.09221,4.0605,3.0513,2.26994,0.786727,0.795517,0.867171,21,21,14,5,2,2,,21,2.88231,1.5,0.00857439,50,6.09221,6.09221,200,0.045,3.42823,5.66976,6.9236,4.99765,3.7777,3.04966,2.43589,2.07994,2.02478,1,2,3,15,12,5,,1,6.9236,1.5,0.00304095,50,6.9236,6.9236,200,0,3.46762,6.86781,12.1187,-21,hypo,14.26,-1.473,0.996907,False,1.5-2.5,True,hypo,False,False
PanTS_00004828,1,2,train,Venous,0.667969,0.667969,1.2,2,1.2,19961,10687.5,42.9127,>=40,False,1,True,-11,hypoattenuating,0.666957,True,head,mask_ring,0.144614,inside,False,True,1.2,10602,1,10687.5,1,4.11858,3.36334,2.64462,2.46259,1.73565,1.30736,0.854853,,,32,15,4,1,2,,,,,50,4.11858,4.11858,200,0.995,5.46756,6.04174,5.45633,3.67966,2.80026,2.20481,2.00216,1.64883,1.48262,24,43,28,18,12,12,5,30,4.05921,1.5,0.100545,50,5.45633,5.45633,200,0.665,5.65416,9.9833,15.6646,-13,hypo,9.614,-1.352,0.999894,False,<=1.5,True,hypo,False,False
PanTS_00004842,1,3,train,Venous,0.9375,0.9375,2.5,2,2.5,1384,3041.02,21.8348,20-40,False,1,True,9,isoattenuating,0.584182,True,head,mask_ring,0.12831,inside,False,True,8.75,3038,1,3041.02,1,2.7447,2.33474,2.27098,2.11727,1.97416,1.73022,1.7726,17,21,16,26,,,2,16,2.7447,1.5,0.119998,50,2.7447,2.94468,200,0.585,2.96066,4.04465,2.93953,2.47673,2.27689,2.11538,1.55171,2.04406,2.32917,16,27,20,9,8,3,3,18,2.93953,1.5,0.238915,50,2.93953,2.93953,200,0.855,3.5456,4.17849,10.9876,8,iso,11.6,0.6895,0.995497,False,1.5-2.5,True,iso,False,False
PanTS_00004856,1,0,train,Non-contrast,0.742188,0.742188,0.8,2,0.8,328,144.541,9.3464,5-10,False,1,True,-18.5,hypoattenuating,0,False,head,mask_ring,0.11706,inside,False,False,,138,1,144.541,1,2.88127,2.72345,2.60715,2.67295,2.23778,1.50984,0.790521,,48,,,,,,,,,,50,2.88127,2.88127,200,0.365,2.56895,3.67389,2.22451,1.60028,1.08022,0.750354,0.543782,0.683304,0.948149,,,,,,,,,,,,50,2.22451,2.22451,200,0.785,2.62225,3.71497,5.25562,-8,iso,35.47,-0.2255,0.0255896,True,<=1.5,False,iso,False,False
PanTS_00004857,1,4,train,Venous,0.976562,0.976562,1.5,2,1.5,53193,76093.1,66.7877,>=40,False,1,True,30,hyperattenuating,0.261679,True,head,mask_ring,0.161812,inside,False,False,,76092,1,76093.1,1,3.71168,3.67397,3.64234,3.29699,2.74467,2.26447,2.10209,9,10,3,4,14,8,9,11,3.71168,1.5,0.0909936,50,3.71168,3.71168,200,0.865,4.43628,4.82521,4.823,3.83736,3.09529,3.03608,2.41811,2.71364,2.76136,1,7,18,12,17,10,4,2,4.823,1.5,0.26403,50,4.823,4.823,200,0.35,4.15071,6.54711,28.2877,38,hyper,24.2,1.57,0.997488,False,<=1.5,True,hyper,False,False
PanTS_00004937,1,1,train,Venous,0.867188,0.867188,2.5,2,2.5,2182,4102.24,29.5688,20-40,False,1,True,2,isoattenuating,0,False,head,mask_ring,0.192717,inside,False,True,2.5,4078,1,4102.24,1,6.37564,4.42072,3.33445,2.45318,1.42102,1.03955,0.412455,,29,16,10,4,3,1,,,,,50,6.37564,6.37564,200,0.36,5.86307,7.48961,3.94444,3.61896,3.28404,2.90644,2.72152,3.44663,3.81252,,,,,,,,,,,,50,3.94444,3.94444,200,0.505,3.97043,7.53278,11.9306,4,iso,9.283,0.4309,0.0831429,True,1.5-2.5,True,iso,True,False
PanTS_00004963,1,0,train,Venous,0.650391,0.650391,3,2,3,12719,16140.7,47.1855,>=40,False,1,True,-10,isoattenuating,0.830699,True,tail,mask_ring,0.880395,inside,False,True,0.650391,16116,1,16140.7,1,4.09862,3.47572,3.07324,2.801,2.41076,2.18064,2.03733,24,26,45,20,6,2,,26,3.98361,1.5,0.0776953,50,4.09862,4.09862,200,0.905,4.87096,5.43731,7.36799,4.36948,3.30839,2.86073,2.39029,2.10451,1.92843,4,4,8,6,4,2,2,4,7.36799,1.5,0.536829,50,7.36799,7.36799,200,0.175,4.16261,11.6997,17.6776,-12,hypo,9.283,-1.293,0.999722,False,2.5-5,True,hypo,False,False
PanTS_00004964,1,0,train,Venous,0.798828,0.798828,2.5,2,2.5,1940,3094.91,23.0715,20-40,False,1,True,12,hyperattenuating,0.696152,True,head,mask_ring,0.263416,inside,False,True,1.12971,3125,1,3094.91,1,3.92743,2.44475,2.23427,2.25647,2.10688,2.20166,2.06763,19,,45,33,11,,,19,3.92743,1.5,0.0240136,50,3.92743,3.92743,200,0.55,4.03889,5.04943,5.80257,5.37613,4.55816,3.94662,3.02236,2.20091,2.3849,,,30,28,,,,,,,,50,5.80257,5.80257,200,0.005,3.61298,5.37,11.0404,10,iso,13.92,0.7182,0.999983,False,1.5-2.5,True,iso,False,False
PanTS_00005011,1,1,train,Venous,0.830078,0.830078,2.5,2,2.5,1307,2251.4,18.9204,10-20,False,1,True,4,isoattenuating,0.29418,True,head,mask_ring,0.159894,inside,False,True,14.1912,2251,1,2251.4,1,2.75767,1.9939,2.19887,2.49878,2.59111,2.43263,2.22285,39,,,,20,,,48,2.75767,1.5,0.149548,50,2.75767,2.75767,200,0.485,2.71784,8.76978,5.11642,3.93375,2.7756,1.9215,1.73976,1.86743,1.87177,7,12,27,46,48,,,8,5.11642,1.5,0.00156948,50,5.11642,5.11642,200,0.065,3.23431,5.19303,10.1306,-11,hypo,25.2,-0.4366,0.997556,False,1.5-2.5,True,hypo,False,True
PanTS_00005017,1,2,train,Non-contrast,0.716797,0.716797,0.8,2,0.8,21888,8996.8,39.3782,20-40,False,1,True,3,isoattenuating,0.00163733,True,head,mask_ring,0.0472858,inside,False,True,20.5593,8970,0.951435,8996.8,0.950613,3.59506,2.89425,2.53849,2.52051,1.84628,1.49483,1.27709,8,45,,45,13,5,,16,3.59506,1.5,0.0992468,50,3.59506,3.59506,200,0.505,3.6233,6.08966,7.54213,8.3933,8.83813,8.38476,6.95615,5.72584,4.98429,38,,,48,24,18,,,,,,50,8.83813,8.83813,200,0.165,4.08434,11.3309,14.9023,4,iso,26.52,0.1508,0.683102,False,<=1.5,False,iso,True,False
PanTS_00005027,1,1,train,Venous,0.859375,0.859375,2.5,2,2.5,2086,3851.41,26.9666,20-40,False,1,True,-13,hypoattenuating,0.62015,True,head,mask_ring,0.183998,inside,False,True,2.5,3938,1,3851.41,1,2.67688,2.15994,1.92504,1.80467,1.36016,1.27414,1.27151,27,21,10,6,3,2,,31,2.67688,1.5,0.0492796,50,2.67688,2.67688,200,0.945,3.34367,3.99678,3.99849,4.52269,4.75707,4.81183,4.04785,2.8781,2.29927,29,25,21,17,10,8,3,32,2.42208,1.5,0.0955872,50,4.81183,4.81183,200,0.16,3.59825,6.34041,11.724,-18,hypo,14.92,-1.207,0.997584,False,1.5-2.5,True,hypo,False,False
PanTS_00005041,1,2,train,Non-contrast,0.78125,0.78125,0.8,2,0.8,11999,5858.89,32.6526,20-40,False,2,True,4,isoattenuating,0.19997,True,head,mask_ring,0.152709,inside,False,True,72.6681,5823,1,5858.89,1,2.67484,2.91345,2.63678,2.1004,1.53917,1.35233,1.05369,43,19,48,,10,,,31,2.91345,2,0.270035,50,2.91345,2.91345,200,0.7,3.06965,3.69954,2.73871,2.32138,2.35553,2.13481,1.7524,1.6167,1.65083,,,,42,28,26,,,,,,50,2.73871,2.73871,200,0.875,3.35471,4.11042,13.1834,5,iso,64.65,0.07734,0.842151,False,<=1.5,False,iso,True,False
PanTS_00005041,2,2,train,Non-contrast,0.78125,0.78125,0.8,2,0.8,956,466.797,15.6394,10-20,False,2,False,-17,hypoattenuating,0,False,head,mask_ring,0.194872,inside,False,True,80.6084,447,1,466.797,1,2.33096,2.27289,1.89949,1.50392,0.823829,0.125162,0.237517,,,,,,,,,,,,50,2.33096,2.33096,200,0.615,2.45023,3.25903,2.51732,2.41769,2.63243,2.53185,2.41493,2.11347,1.79388,,,,44,5,,,,,,,50,2.63243,2.63243,200,0.715,2.87923,3.62701,6.81223,-17,hypo,64.65,-0.263,4.02205e-05,True,<=1.5,False,hypo,False,False
PanTS_00005054,1,3,train,Venous,0.976562,0.976562,1,2,1,2550,2431.87,21.7499,20-40,False,1,True,16,hyperattenuating,0.122076,True,tail,mask_ring,0.904076,inside,False,True,33.8767,2520,1,2431.87,1,2.86055,2.59703,2.09463,1.91832,1.81039,1.62504,1.26599,,,47,24,,,,,,,,50,2.86055,2.86055,200,0.44,2.83994,3.90979,2.67336,2.88724,3.00968,2.90161,2.79201,2.90435,2.9801,14,20,15,7,2,2,,15,2.79201,4,0.234399,50,3.00968,3.00968,200,0.53,3.08753,3.9288,10.3423,19,hyper,16.91,1.124,0.755637,False,<=1.5,True,hyper,False,False
PanTS_00005056,1,0,train,Venous,0.976563,0.976563,3,2,3,12574,35974.5,59.244,>=40,False,1,True,11,hyperattenuating,0.822732,True,head,mask_ring,0.408989,abutting,False,True,7.43728,37257,0.148799,35974.5,0.152132,3.29501,2.85001,2.56969,2.51051,1.80199,1.44455,1.12219,,,,43,15,,,,,,,50,3.29501,4.31812,200,1,4.33397,4.66746,4.99365,4.1355,3.44042,3.0785,2.29143,1.82504,1.96664,9,7,7,6,11,,,9,4.99365,1.5,0.0969607,50,4.99365,4.99365,200,0.72,5.36057,6.6008,22.4787,9,iso,8.288,1.086,0.999442,False,2.5-5,True,iso,False,False
PanTS_00005062,1,0,train,Venous,0.835938,0.835938,2.5,2,2.5,9978,17431.4,44.1769,>=40,False,1,True,2,isoattenuating,0.872077,True,head,mask_ring,0.132738,inside,False,True,0.835938,17582,0.985167,17431.4,0.985326,3.76607,2.5783,2.58762,2.50088,1.85832,1.3898,1.51528,3,25,26,16,2,2,1,3,3.76607,1.5,0.0134506,50,3.76607,3.76607,200,0.35,3.42325,4.10303,5.30274,6.23968,6.20459,5.64877,4.22978,3.122,2.53954,24,49,40,25,14,6,5,31,3.34295,1.5,0.0564242,50,6.23968,6.23968,200,0.035,4.3211,5.72138,18.0848,-5,iso,20.55,-0.2433,0.999813,False,1.5-2.5,True,iso,True,False
PanTS_00005085,1,4,train,Arterial,0.742188,0.742188,1.25,2,1.25,762,524.678,15.4179,10-20,False,1,True,-62,hypoattenuating,0,False,body,mask_ring,0.892275,inside,False,True,10.7689,533,1,524.678,0.998124,3.04321,2.50306,2.0719,2.05186,1.9418,1.49385,0.959727,35,28,,,,,,37,3.04321,1.5,0.169993,50,3.04321,3.04321,200,0.5,3.03834,3.84197,5.6669,5.23655,4.64921,4.00361,3.49692,3.50824,3.28787,12,6,11,11,,,,15,3.45828,1.5,0.233041,50,5.6669,5.6669,200,0.07,2.78197,5.91235,7.00343,-68,hypo,8.951,-7.597,3.93611e-06,True,<=1.5,True,hypo,False,True
PanTS_00005095,1,3,train,Venous,0.898438,0.898438,2.5,2,2.5,4920,9928.45,35.49,20-40,False,1,True,14,hyperattenuating,0.672244,True,head,mask_ring,0.0633658,inside,False,False,,9987,0.957724,9928.45,0.957645,2.36555,2.40347,2.36339,2.17321,1.78173,1.52894,1.42497,,,,42,25,,,,,,,50,2.40347,2.40347,200,0.995,3.72946,4.33981,2.45379,2.40352,2.12382,1.99069,1.87041,1.91244,2.04393,,46,29,23,14,6,6,,,,,50,2.45379,2.45379,200,0.99,4.25868,5.5026,15.3331,18,hyper,17.9,1.005,0.997645,False,1.5-2.5,True,hyper,False,False
PanTS_00005114,1,4,train,Venous,0.851562,0.851562,2.5,2,2.5,1334,2418.4,27.1209,20-40,False,1,True,16,hyperattenuating,0,False,head,mask_ring,0.0749163,inside,False,True,27.5,2363,1,2418.4,1,4.55413,4.01512,3.5483,2.92623,1.56937,1.3904,1.42133,,,35,12,7,,,,,,,50,4.55413,4.55413,200,0.02,3.66593,4.53742,4.38576,3.32357,2.86559,2.4846,1.97419,2.38546,2.56311,1,7,11,23,19,13,9,2,4.38576,1.5,0.0271807,50,4.38576,4.38576,200,0.125,3.6659,4.86225,10.3268,21,hyper,10.94,1.92,0.00387693,True,1.5-2.5,True,hyper,False,False
PanTS_00005137,1,0,train,Venous,0.753906,0.753906,2.5,2,2.5,1347,1914,21.6268,20-40,False,2,False,-1,isoattenuating,0.496472,True,tail,mask_ring,0.919674,inside,False,True,0.753906,1922,1,1914,1,2.15231,1.44916,0.94362,1.2536,1.63968,1.59981,1.52103,,,,,,,,,,,,50,2.15231,2.15231,200,0.965,3.52003,4.8608,2.42917,1.89545,1.8833,2.08143,2.03231,1.95179,2.06397,,,50,29,15,10,,,,,,50,2.42917,2.42917,200,0.965,3.58799,4.63893,9.70225,-1,iso,10.28,-0.0973,0.9953,False,1.5-2.5,True,iso,True,False
PanTS_00005137,2,0,train,Venous,0.753906,0.753906,2.5,2,2.5,15691,22295.9,43.4842,>=40,False,2,True,-4,isoattenuating,0.904275,True,body,mask_ring,0.561056,inside,False,True,0.753906,22069,0.992607,22295.9,0.99275,3.64088,2.76995,2.50005,2.48611,2.5057,2.49336,2.11101,,28,29,31,8,5,5,,,,,50,3.64088,3.64088,200,0.765,4.38691,5.16108,4.00274,3.39995,3.31937,3.12491,2.59268,2.41181,2.77494,17,8,28,27,11,12,4,18,3.59683,1.5,0.284166,50,4.00274,4.44877,200,0.84,4.61382,6.30557,19.46,-3,iso,10.28,-0.2919,0.999231,False,1.5-2.5,True,iso,True,False
PanTS_00005162,1,4,train,Venous,0.886719,0.886719,0.476969,2,0.476969,13204,4951.85,42.4507,>=40,False,2,True,-4.5,isoattenuating,0,False,,none,,separated,True,False,,875,0,4951.85,0,,,,,,,,,,,,,,,,,,,10,,1.78193,,,,,,,,,,,,,,,,,,,,,,,7,,2.20732,,,,,12.5737,-5,iso,15.58,-0.3209,3.20668e-05,True,<=1.5,True,iso,True,False
PanTS_00005162,2,4,train,Venous,0.886719,0.886719,0.476969,2,0.476969,761,285.395,23.049,20-40,False,2,False,-10,isoattenuating,0,False,,none,,separated,True,False,,249,0,285.395,0,,,,,,,,,,,,,,,,,,,10,,1.28361,,,,,,,,,,,,,,,,,,,,,,,7,,2.08392,,,,,6.08432,-13.5,hypo,15.58,-0.8664,1.25088e-05,True,<=1.5,True,hypo,False,False
PanTS_00005172,1,2,train,Non-contrast,0.892,0.892,0.800002,2,0.800002,26957,17159,47.6184,>=40,False,1,True,12,hyperattenuating,0.791215,True,head,mask_ring,0.160411,inside,False,True,1.19819,17286,0.995103,17159,0.995603,5.35805,4.38217,4.07432,3.34107,3.07971,2.92273,2.47868,4,4,3,9,4,2,,4,5.35805,1.5,0.0175651,50,5.35805,5.35805,200,0,3.37684,3.77723,9.52343,8.13104,7.27633,6.45995,5.61696,6.32943,6.33172,1,5,4,5,21,13,10,1,9.52343,1.5,0.115986,50,9.52343,9.52343,200,0.165,3.81183,11.5497,18.0005,11,hyper,11.27,0.9759,0.997804,False,<=1.5,False,hyper,False,False
PanTS_00005180,1,0,train,Non-contrast,0.782,0.782,5,2,5,991,3030.1,26.6899,20-40,False,1,True,-10,isoattenuating,0,False,tail,mask_ring,0.752488,abutting,False,False,,3070,0.577195,3030.1,0.573616,4.62724,3.07264,2.28901,1.90925,1.35456,1.51706,1.64946,,41,40,,,,,,,,,50,4.62724,5.9413,200,0.71,5.22935,7.02133,12.5692,8.475,6.35506,4.90717,3.32256,2.73322,2.62007,,50,50,40,,,,,,,,50,12.5692,19.6649,200,0,4.11086,5.40743,10.9768,-28,hypo,5.636,-4.968,0.675444,True,2.5-5,False,hypo,False,False
PanTS_00005186,1,4,train,Arterial,0.785156,0.785156,5,2,5,3737,11518.7,35.757,20-40,False,1,True,15,hyperattenuating,0.462788,True,head,mask_ring,0.10391,inside,False,True,0,11480,1,11518.7,1,4.07381,3.89991,3.43221,3.01452,2.60841,2.30914,1.81637,4,1,2,15,3,,,4,4.07381,1.5,0.0193672,50,4.07381,4.07381,200,0.6,4.10958,4.87717,3.05302,3.02861,2.83743,2.49584,2.19602,2.1411,2.19664,19,10,7,12,11,8,6,22,3.05302,1.5,0.265018,50,3.05302,3.11725,200,0.99,3.8515,5.17284,16.01,18,hyper,6.63,2.715,0.996482,False,2.5-5,True,hyper,False,False
PanTS_00005188,1,0,train,Venous,0.703125,0.703125,2.5,2,2.5,23203,28678,57.5232,>=40,False,1,True,-10,isoattenuating,0.77667,True,tail,mask_ring,0.798034,inside,False,True,9.29195,28759,1,28678,1,4.41869,4.0486,3.75317,3.70472,3.34738,3.11634,2.93793,,,,39,13,6,4,,,,,50,4.41869,4.41869,200,0.995,5.55397,6.62471,4.37236,3.8833,2.96417,2.69001,2.91537,2.98792,2.7224,23,39,27,13,11,10,2,25,3.56337,1.5,0.256522,50,4.37236,4.37236,200,0.86,4.88537,6.11876,20.9883,-14,hypo,16.74,-0.8362,0.998929,False,1.5-2.5,True,hypo,False,False
PanTS_00005207,1,0,train,Arterial,0.769531,0.769531,1.25,2,1.25,44958,33278.9,56.8343,>=40,False,1,True,-17,hypoattenuating,0.790779,True,head,mask_ring,0.227723,inside,False,True,0,33376,0.879777,33278.9,0.876558,3.88029,3.33425,3.19299,2.88139,2.62725,2.59946,2.07102,33,32,44,21,2,1,1,36,3.85787,1.5,0.0520468,50,3.88029,5.60494,200,1,5.09604,5.62039,5.60411,5.95137,5.97631,5.52659,4.44052,3.54419,3.6078,6,14,16,14,10,10,8,7,5.60411,1.5,0.162646,50,5.97631,8.09404,200,0.71,7.24376,9.21175,21.9539,-13,hypo,21.88,-0.5941,0.99951,False,<=1.5,True,hypo,False,False
PanTS_00005210,1,0,train,Venous,0.802734,0.802734,2.5,2,2.5,12701,20460.7,43.0955,>=40,False,1,True,3,isoattenuating,0.732459,True,head,mask_ring,0.229312,inside,False,True,0.802734,20274,0.97701,20460.7,0.975338,7.66488,5.92857,4.55728,3.57903,2.23214,1.95286,2.05406,,24,33,24,8,5,6,,,,,50,7.66488,7.66488,200,0.03,4.25255,6.62531,5.81431,4.94264,4.31574,3.62588,2.86204,2.60888,2.6305,1,3,2,11,10,5,3,1,5.81431,1.5,0.0426309,50,5.81431,6.01106,200,0,5.02645,5.30786,18.9672,-3,iso,13.59,-0.2207,0.999836,False,1.5-2.5,True,iso,True,False
PanTS_00005221,1,2,train,Venous,0.703125,0.703125,2.5,2,2.5,6141,7590.04,37.242,20-40,False,2,True,37,hyperattenuating,0.0373444,True,head,mask_ring,0.144322,inside,False,True,0,7691,1,7590.04,1,3.62788,2.38045,2.26288,2.36851,2.30978,1.88396,1.25593,9,42,,42,23,11,,11,3.62788,1.5,0.2006,50,3.62788,3.62788,200,0.435,3.52356,5.27714,3.40319,3.29552,2.97741,2.59106,2.52822,2.45282,2.37127,39,36,21,13,16,11,7,,,,,50,3.40319,3.40319,200,0.865,4.43837,5.55108,14.1914,34,hyper,20.22,1.681,0.79158,False,1.5-2.5,True,hyper,False,False
PanTS_00005221,2,2,train,Venous,0.703125,0.703125,2.5,2,2.5,905,1118.55,22.5634,20-40,False,2,False,38,hyperattenuating,0,False,head,mask_ring,0.0394046,inside,False,True,17.8496,1145,1,1118.55,1,1.12773,1.0225,0.914999,0.812709,0.460522,-0.0410874,-0.280383,,,,,,,,,,,,50,1.12773,1.12773,200,1,2.93394,4.43835,2.48125,2.41316,2.39178,2.3757,2.55172,2.47953,2.40093,,41,26,15,5,2,1,,,,,50,2.55172,2.55172,200,0.865,3.2702,5.06211,8.43954,38.5,hyper,20.22,1.904,4.03779e-05,True,1.5-2.5,True,hyper,False,False
PanTS_00005230,1,4,train,Venous,0.78125,0.78125,0.7,2,0.7,2528,1080.08,17.2474,10-20,False,1,True,-26,hypoattenuating,0.67042,True,head,mask_ring,0.193518,inside,False,True,3.5,1140,1,1080.08,1,2.58523,2.75473,2.70671,2.42448,1.67894,0.999315,0.685571,,,,46,12,8,,,,,,50,2.75473,2.75473,200,0.795,3.13252,3.84718,2.12758,1.87303,1.77534,1.67118,1.60712,1.27817,1.30056,,,,48,29,,,,,,,50,2.12758,2.12758,200,0.985,3.66299,6.20395,8.36486,-27,hypo,28.84,-0.9361,0.950503,False,<=1.5,True,hypo,False,True
PanTS_00005242,1,0,train,Venous,0.791016,0.791016,2.5,2,2.5,2641,4131.23,25.8215,20-40,False,1,True,-26,hypoattenuating,0.669885,True,head,mask_ring,0.20801,inside,False,True,1.76877,4110,1,4131.23,1,1.65602,1.40977,1.43831,1.48872,1.35015,0.920007,0.839661,,,28,8,3,2,2,,,,,50,1.65602,1.65602,200,1,3.10003,3.66997,2.75317,2.63942,2.34578,1.99739,1.53086,1.4782,1.75846,,,,20,18,15,,,,,,50,2.75317,2.75317,200,0.83,3.5816,4.30383,11.954,-44,hypo,18.57,-2.37,0.999963,False,1.5-2.5,True,hypo,False,False
PanTS_00005250,1,1,train,Non-contrast,0.52474,0.52474,5,2,5,1290,1776.02,19.2671,10-20,False,1,True,0,isoattenuating,0,False,body,mask_ring,0.578632,inside,False,True,48.7491,1770,1,1776.02,1,2.44958,1.86882,1.66269,1.65199,1.67307,1.45421,1.19675,,,,,,,,,,,,50,2.44958,2.44958,200,0.965,3.68775,4.74261,7.48908,5.71684,4.27869,3.44318,3.08251,3.36493,3.43479,13,11,11,8,9,,1,14,3.48257,1.5,0.301367,50,7.48908,7.48908,200,0.02,2.96407,4.3225,9.51253,4.5,iso,3.978,1.131,0.000105547,True,2.5-5,False,iso,True,False
PanTS_00005257,1,4,train,Venous,0.679688,0.679688,2.5,2,2.5,2778,3208.42,27.4703,20-40,False,1,True,17,hyperattenuating,0,False,body,mask_ring,0.671273,inside,False,True,1.35938,3316,1,3208.42,1,4.18724,3.63302,2.93589,2.32623,1.39695,1.08444,1.26711,18,19,,,20,,,19,4.18724,1.5,0.146295,50,4.18724,4.18724,200,0.41,3.9635,5.64861,2.84904,2.80693,2.77586,2.66356,2.3884,2.49723,2.24478,48,18,11,9,11,5,7,,,,,50,2.84904,2.84904,200,0.705,3.33442,4.22154,11.1496,16,hyper,11.6,1.379,0.000195635,True,1.5-2.5,True,hyper,False,False
PanTS_00005266,1,4,train,Non-contrast,0.78125,0.78125,0.8,2,0.8,5356,2615.23,30.4675,20-40,False,1,True,-42,hypoattenuating,0,False,head,pc1_boundary,-0.1807,separated,True,False,,2632,0,2615.23,0,,,,,,,,,,,,,,,,,,,50,,3.63215,,,,,,,,,,,,,,,,,,,,,,,50,,4.77992,,,,,10.5469,-42,hypo,21.88,-1.92,0.000348024,True,<=1.5,False,hypo,False,False
PanTS_00005268,1,3,train,Venous,0.744141,0.744141,2.5,2,2.5,11282,15618.4,49.8264,>=40,False,1,True,2,isoattenuating,0.616456,True,head,mask_ring,0.243259,inside,False,True,8.12263,15540,0.961886,15618.4,0.961712,4.3699,3.86372,3.25451,3.3237,2.94682,2.11597,1.87724,,,36,25,5,4,,,,,,50,4.3699,4.3699,200,0.955,5.32697,5.48843,3.68452,3.25132,3.08911,2.62231,2.48897,2.82114,2.78927,33,28,18,15,15,9,10,32,3.68452,1.5,0.265877,50,3.68452,3.68452,200,0.745,4.85648,6.52681,17.5066,4,iso,15.25,0.2623,0.996846,False,1.5-2.5,True,iso,True,False
PanTS_00005275,1,2,train,Arterial,0.785,0.785,0.8,2,0.8,11351,5595.82,29.7335,20-40,False,1,True,-12,hypoattenuating,0.781627,True,head,mask_ring,0.212077,inside,False,True,0.785,5627,0.987666,5595.82,0.987205,4.64955,3.87748,4.27714,4.28973,3.3243,2.61501,2.07345,,,41,36,5,2,,,,,,50,4.64955,4.64955,200,0.58,4.80029,7.48609,4.01852,3.65956,3.37871,2.87869,1.80996,1.91683,2.20332,25,23,19,21,22,11,12,34,3.67268,1.5,0.377764,50,4.01852,4.01852,200,0.53,4.34006,7.01155,13.0135,-13,hypo,7.625,-1.705,0.999817,False,<=1.5,True,hypo,False,False
PanTS_00005290,1,4,train,Venous,0.771484,0.771484,2.5,2,2.5,2569,3822.59,25.4473,20-40,False,1,True,-6,isoattenuating,0.677352,True,head,mask_ring,0.146735,inside,False,True,5,3764,1,3822.59,1,2.87069,2.18134,1.7712,1.75074,1.5476,1.17862,1.06217,24,38,19,11,3,,,26,2.87069,1.5,0.0471276,50,2.87069,2.87069,200,0.705,3.16508,3.9445,2.53991,2.12673,1.83428,1.72919,1.85412,2.15904,2.38851,,,48,31,14,,6,,,,,50,2.53991,2.53991,200,0.995,3.31606,4.21969,11.6997,-12,hypo,12.27,-0.9783,0.998096,False,1.5-2.5,True,hypo,False,False
PanTS_00005309,1,4,train,Venous,0.855469,0.855469,2.5,2,2.5,8410,15386.7,44.1541,>=40,False,1,True,-25,hypoattenuating,0.702543,True,head,mask_ring,0.217719,inside,False,True,0.855469,15522,1,15386.7,1,5.17982,4.1394,3.12575,2.55033,3.03525,3.1643,3.33988,15,18,20,27,7,4,1,15,5.17982,1.5,0.026539,50,5.17982,5.17982,200,0.355,4.38967,7.37009,8.95002,10.5105,9.61679,8.44576,6.46179,4.76944,3.54735,1,50,3,47,16,3,,5,9.61679,2.5,0.0241232,50,10.5105,10.5105,200,0.035,4.03901,9.97072,17.4295,-35,hypo,16.24,-2.155,0.995858,False,1.5-2.5,True,hypo,False,False
PanTS_00005316,1,2,train,Non-contrast,0.702,0.702,4,2,4,825,1626.25,19.112,10-20,False,1,True,-19,hypoattenuating,0,False,tail,mask_ring,1.38076,inside,False,False,,1629,0.962424,1626.25,0.963781,2.48743,1.9572,1.57444,1.90102,1.71415,1.17145,1.51909,21,14,7,7,,,,26,2.48743,1.5,0.0897118,50,2.48743,2.48743,200,0.915,5.25023,12.4238,2.64805,2.19304,2.0661,1.93998,2.03729,1.85874,1.84883,35,38,29,22,16,,,45,2.64805,1.5,0.149956,50,2.64805,3.98447,200,0.9,3.93274,6.62887,9.29513,-15,hypo,10.94,-1.371,0.000115017,True,2.5-5,False,hypo,False,False
PanTS_00005362,1,4,train,Venous,0.767578,0.767578,2.5,2,2.5,2326,3426.06,23.2277,20-40,False,1,True,-16,hypoattenuating,0.453323,True,tail,mask_ring,0.879317,inside,False,True,38.4589,3533,1,3426.06,1,2.21047,2.48746,2.34365,1.92056,1.23401,0.955983,0.624494,,,,32,10,4,3,,,,,50,2.48746,2.48746,200,1,4.74763,6.21054,3.51711,3.37272,2.71225,2.75442,2.80967,3.13943,3.36158,,,31,38,,,,,,,,50,3.51711,3.51711,200,0.66,4.07191,5.71068,11.3519,-25,hypo,15.58,-1.604,0.997071,False,1.5-2.5,True,hypo,False,False
PanTS_00005370,1,4,train,Venous,0.703125,0.703125,5,2,5,671,1658.66,17.5016,10-20,False,1,True,9,isoattenuating,0,False,body,mask_ring,0.366876,inside,False,True,44.8318,1635,1,1658.66,1,2.23358,1.68792,1.26433,1.05404,0.485691,-0.27381,-0.140828,,,,34,19,,,,,,,50,2.23358,2.23358,200,0.955,3.14324,4.50901,2.25886,2.30534,2.42036,2.51083,2.44475,2.16986,2.17006,,,,18,13,6,5,,,,,50,2.51083,2.51083,200,0.885,3.35413,4.26509,9.34327,5.5,iso,10.28,0.5352,0.00308136,True,2.5-5,True,iso,False,False
PanTS_00005390,1,2,train,Non-contrast,0.663,0.663,0.800002,2,0.800002,11712,4118.6,28.2105,20-40,False,4,True,0.5,isoattenuating,0.740204,True,head,mask_ring,0.267361,embedded,False,False,,4173,0.658897,4118.6,0.67098,4.02767,3.48304,2.71802,2.22468,1.2219,0.753629,0.332975,,36,28,15,8,,,,,,,50,4.02767,4.43156,200,0.895,6.28476,9.34126,5.25347,4.48945,4.67979,4.88056,4.82532,4.01741,3.40028,23,32,,,,,,24,5.25347,1.5,0.0404507,50,5.25347,5.61928,200,0.6,5.96922,17.9321,11.9438,0,iso,22.21,0,0.999858,False,<=1.5,False,iso,True,False
PanTS_00005390,2,2,train,Non-contrast,0.663,0.663,0.800002,2,0.800002,4,1.40662,2.40001,<5,True,4,False,-59,hypoattenuating,0,False,body,mask_ring,0.475816,abutting,False,False,,3,1,1.40662,1,1.8836,2.02856,2.20196,2.27961,2.1501,1.8674,1.60308,,,,,,,,,,,,50,2.27961,2.27961,200,0.325,1.28486,5.1092,1.62128,0.808984,0.350156,0.0470589,-0.419617,-0.602586,-0.607287,,,,,,,,,,,,50,1.62128,1.62128,200,0.735,2.26989,5.30957,2.69507,-59,hypo,22.21,-2.656,8.85344e-05,True,<=1.5,False,hypo,False,False
PanTS_00005390,3,2,train,Non-contrast,0.663,0.663,0.800002,2,0.800002,1247,438.515,26.8227,20-40,False,4,False,-22,hypoattenuating,0,False,body,mask_ring,0.552939,abutting,False,False,,426,0.34162,438.515,0.377934,4.71324,4.34529,3.42973,2.51608,1.78103,1.17936,0.947147,41,27,23,12,6,,,45,4.71324,1.5,0.277192,50,4.71324,4.71324,200,0.43,4.38621,7.22273,2.42889,2.33831,1.75018,1.30433,1.47883,2.03725,2.21402,,,,,,,,,,,,50,2.42889,2.68966,200,0.9,3.93451,9.60646,6.71301,-21,hypo,22.21,-0.9454,0.000218242,True,<=1.5,False,hypo,False,False
PanTS_00005390,4,2,train,Non-contrast,0.663,0.663,0.800002,2,0.800002,124,43.6053,7.17462,5-10,False,4,False,-0.5,isoattenuating,0,False,body,mask_ring,0.699029,embedded,False,False,,52,1,43.6053,1,3.34373,3.50208,3.32713,2.52409,1.16143,0.244664,-0.4965,,,,,,,,,,,,50,3.50208,4.99955,200,0.365,2.8194,5.962,6.11386,6.52459,4.89535,3.83209,2.46607,1.94559,2.42398,,,,,,,,,,,,50,6.52459,6.52459,200,0.055,2.93322,6.64068,4.18349,-4,iso,22.21,-0.1801,7.84379e-05,True,<=1.5,False,iso,True,False
PanTS_00005391,1,4,train,Arterial,0.853516,0.853516,1.25,2,1.25,973,886.025,16.5084,10-20,False,1,True,-37,hypoattenuating,0,False,body,mask_ring,0.419831,inside,False,True,7.89773,856,1,886.025,1,2.85781,2.72293,2.34337,1.87022,0.93993,0.0650265,-0.135926,,,,20,4,4,,,,,,50,2.85781,2.85781,200,0.83,3.90932,5.73847,2.39211,2.36462,2.18294,1.94959,1.68496,1.70557,1.9668,,,,,,,,,,,,50,2.39211,2.39211,200,0.915,3.69481,8.02774,7.95826,-67,hypo,8.288,-8.084,4.02205e-05,True,<=1.5,True,hypo,False,True
PanTS_00005392,1,0,train,Venous,0.588542,0.588542,5,2,5,17839,30895.5,72.2934,>=40,False,2,True,0,isoattenuating,0.555982,True,head,mask_ring,0.208351,abutting,False,True,0.588542,30790,0.375526,30895.5,0.375024,7.30565,4.96566,3.05098,2.18452,1.92657,1.57803,1.5088,1,1,3,1,2,1,,1,7.30565,1.5,0.0554914,50,7.30565,7.83773,200,0.005,5.21529,5.2881,14.507,11.3699,10.0575,8.51091,6.68688,5.3023,4.43409,7,5,21,13,,,6,7,8.70458,1.5,0.603273,50,14.507,18.5026,200,0.51,14.858,18.279,21.4656,0,iso,3.978,0,0.999009,False,2.5-5,True,iso,True,False
PanTS_00005392,2,0,train,Venous,0.588542,0.588542,5,2,5,1225,2121.59,18.0894,10-20,False,2,False,-5,isoattenuating,0.405986,True,head,pc1_boundary,0.199591,separated,True,True,68.1656,2105,0,2121.59,0,,,,,,,,,,,,,,,,,,,50,,2.43265,,,,,,,,,,,,,,,,,,,,,,,50,,3.17882,,,,,9.97121,-9,iso,3.978,-2.262,0.937897,False,2.5-5,True,iso,False,False
PanTS_00005420,1,2,train,Arterial,0.742188,0.742188,1.25,2,1.25,436365,300461,119.328,>=40,False,1,True,-58,hypoattenuating,0.718666,True,head,mask_ring,0.255745,abutting,False,True,4.85759,300667,0.0238172,300461,0.0243193,2.97672,2.78587,2.71229,2.40931,1.62243,1.00224,0.930733,,,,27,5,3,,,,,,50,2.97672,5.09147,200,1,6.06657,6.76036,2.9635,3.33685,2.85761,2.33834,1.85568,1.92117,2.07125,,,,,40,,,,,,,50,3.33685,8.29689,200,1,8.55495,8.6144,43.5496,-56,hypo,17.24,-3.248,0.997787,False,<=1.5,True,hypo,False,False
PanTS_00005422,1,1,train,Non-contrast,0.703125,0.703125,0.8,2,0.8,374,147.92,11.216,10-20,False,2,False,0,isoattenuating,0.0131444,True,head,mask_ring,0.153865,inside,False,True,24.4159,121,1,147.92,1,2.16791,1.40152,1.14966,1.25665,1.18536,0.716886,-0.0582655,,,,,,,,,,,,50,2.16791,2.16791,200,0.52,2.21711,3.36449,1.50108,0.829829,0.451996,0.344101,0.59994,1.53015,1.985,,,,,,,,,,,,50,1.985,1.985,200,0.86,2.58944,7.99765,5.2808,2,iso,30.83,0.06487,0.788339,False,<=1.5,False,iso,True,False
PanTS_00005422,2,1,train,Non-contrast,0.703125,0.703125,0.8,2,0.8,1469,581.001,18.9177,10-20,False,2,True,13,hyperattenuating,0.094526,True,head,mask_ring,0.180617,inside,False,True,29.5484,572,1,581.001,1,2.95629,1.66321,1.25703,1.55944,1.73141,1.93966,2.15787,22,,,,,,,23,2.95629,1.5,0.0388154,50,2.95629,2.95629,200,0.165,2.42524,4.0979,4.91885,4.85582,4.35801,3.99483,3.70547,3.40694,2.87291,,,,,,,,,,,,50,4.91885,4.91885,200,0.15,2.86615,8.51307,7.17642,15,hyper,30.83,0.4865,0.961389,False,<=1.5,False,hyper,False,False
PanTS_00005428,1,3,train,Venous,0.781,0.781,5,2,5,558,1701.79,20.6188,20-40,False,1,True,5,isoattenuating,0,False,head,mask_ring,0.140001,inside,False,False,,1685,1,1701.79,1,3.09591,2.78751,2.82981,2.79243,2.02381,1.89329,1.81281,,,,,,,,,,,,50,3.09591,3.41773,200,0.93,4.53501,6.05493,3.48367,3.22002,2.98566,2.78674,2.48616,2.08787,1.77497,43,25,19,15,,,,44,3.48367,1.5,0.312213,50,3.48367,3.48367,200,0.605,3.74924,5.07332,9.40638,6,iso,5.636,1.065,0.175679,True,2.5-5,True,iso,False,False
PanTS_00005437,1,4,train,Non-contrast,0.781,0.781,5,2,5,2534,7728.21,31.758,20-40,False,1,True,-7,isoattenuating,0,False,head,mask_ring,0.0774372,inside,False,True,31.4119,7680,0.851618,7728.21,0.848828,4.50048,3.22489,2.31735,1.78806,1.23343,1.06175,1.16424,19,16,14,12,4,,,19,4.50048,1.5,0.0524792,50,4.50048,5.10094,200,0.935,5.80173,7.29303,20.3539,14.2761,9.64865,6.78721,3.86275,2.67564,2.58547,1,1,1,1,1,6,3,1,20.3539,1.5,0.257979,50,20.3539,20.3539,200,0,4.56381,7.78879,14.2649,-8,iso,4.973,-1.609,0.00866093,True,2.5-5,False,iso,False,False
PanTS_00005466,1,3,train,Venous,0.644531,0.644531,2.5,2,2.5,4829,5015.16,28.1477,20-40,False,1,True,-4,isoattenuating,0.724405,True,head,mask_ring,0.152033,inside,False,True,0.644531,5048,0.998343,5015.16,0.997425,4.95928,3.71557,2.84942,2.94741,2.88223,1.91283,0.933753,3,8,7,3,1,1,4,3,4.95928,1.5,0.0519136,50,4.95928,4.95928,200,0.12,3.88649,5.21081,6.30886,6.88275,6.0032,5.00581,3.65592,3.09815,2.81994,18,6,50,3,1,2,3,27,2.90674,1.5,0.270147,50,6.88275,6.88275,200,0,3.61601,6.37486,12.6186,-22,hypo,8.951,-2.458,0.998587,False,1.5-2.5,True,hypo,False,False
PanTS_00005514,1,0,train,Arterial,0.782,0.782,5,2,5,138,421.952,11.5694,10-20,False,2,False,1,isoattenuating,0,False,head,mask_ring,0.19091,inside,False,True,10,435,1,421.952,1,2.14548,1.57329,1.40028,1.4073,1.37058,1.4892,1.68349,,,,,,,,,,,,50,2.14548,2.25364,200,0.835,3.25008,4.25333,2.53206,2.32298,2.16483,2.03377,1.75503,1.67992,1.87114,37,24,21,17,13,,,46,2.53206,1.5,0.429995,50,2.53206,2.53206,200,0.505,2.53803,4.2399,6.65291,1,iso,4.31,0.232,4.34886e-05,True,2.5-5,True,iso,True,False
PanTS_00005514,2,0,train,Arterial,0.782,0.782,5,2,5,179,547.314,12.2034,10-20,False,2,True,-11,hypoattenuating,0,False,head,mask_ring,0.224314,inside,False,True,24.8957,570,0.972067,547.314,0.964912,2.06318,1.76172,1.43713,1.1624,1.03615,0.83011,0.460407,,,,,,,,,,,,50,2.06318,2.06318,200,0.87,3.31818,4.569,1.88333,1.53463,1.86723,2.04022,2.04766,1.9461,1.98202,,,,38,,,,,,,,50,2.04766,2.04766,200,0.81,2.59145,4.2399,7.07438,-13.5,hypo,4.31,-3.132,8.28466e-05,True,2.5-5,True,hypo,False,True
PanTS_00005525,1,3,train,Venous,0.71875,0.71875,5,2,5,4832,12481.1,36.82,20-40,False,1,True,-59,hypoattenuating,0.89088,True,head,mask_ring,0.196281,inside,False,True,10.0258,12495,1,12481.1,1,5.86735,4.9289,3.79703,3.0557,2.8304,2.90006,3.14475,,49,31,14,8,3,3,,,,,50,5.86735,5.86735,200,0.845,8.26778,13.4731,3.54632,3.21392,3.17507,2.76527,2.69421,2.3302,1.89633,,50,45,40,22,,,,,,,50,3.54632,3.54632,200,0.88,6.67408,15.0592,16.3898,-68,hypo,7.956,-8.547,0.99476,False,2.5-5,True,hypo,False,False
PanTS_00005538,1,3,train,Venous,0.839844,0.839844,2.5,2,2.5,1195,2107.2,18.6476,10-20,False,1,True,19,hyperattenuating,0,False,head,mask_ring,0.0398378,inside,False,True,3.44858,2171,1,2107.2,1,1.4337,1.0299,0.684796,0.410704,0.229563,-0.0773987,-0.159101,,,43,28,8,7,,,,,,50,1.4337,1.4337,200,1,3.5891,4.52564,1.82315,1.65257,1.55349,1.6569,1.9992,2.00226,2.06382,,,,40,17,10,5,,,,,50,2.06382,2.06382,200,0.995,3.46472,4.29435,9.95314,22,hyper,10.94,2.011,0.0035588,True,1.5-2.5,True,hyper,False,True
PanTS_00005558,1,1,train,Venous,1.5,1.5,1.5,2,1.5,288,972,20.2361,20-40,False,2,True,-20,hypoattenuating,0.0188679,True,head,mask_ring,0.190885,inside,False,True,82.1721,963,0.993056,972,0.985462,2.54999,2.07062,1.79306,1.688,1.60918,1.33273,1.0752,46,35,23,12,,,,47,2.54999,1.5,0.189004,50,2.54999,2.54999,200,0.715,3.0867,4.58631,1.6274,1.23438,0.781779,0.452156,0.220414,0.329837,0.602491,,,,,,,,,,,,50,1.6274,1.6274,200,0.965,3.43115,4.74676,8.14506,-17,hypo,4.641,-3.663,0.57072,False,<=1.5,True,hypo,False,False
PanTS_00005558,2,1,train,Venous,1.5,1.5,1.5,2,1.5,114,384.75,14.8492,10-20,False,2,False,-7.5,isoattenuating,0,False,head,mask_ring,0.00663443,inside,False,True,114.973,381,1,384.75,1,1.50986,1.17966,0.933246,0.643232,-0.00324752,-0.0937296,-0.132922,,,44,24,11,,,,,,,50,1.50986,1.50986,200,0.935,2.69005,3.81066,2.65613,2.63508,2.60899,2.54805,2.3223,2.10083,1.9129,,,,,,,4,,,,,50,2.65613,2.65613,200,0.63,3.04664,4.62074,6.51194,-8.5,iso,4.641,-1.831,0.00172746,True,<=1.5,True,iso,False,False
PanTS_00005571,1,0,train,Venous,0.732422,0.732422,2.5,2,2.5,4567,6124.83,32.0492,20-40,False,1,True,-5,isoattenuating,0.572231,True,head,mask_ring,0.0808713,inside,False,True,8.01001,6161,1,6124.83,1,3.83082,3.56779,3.24496,3.41249,2.63632,1.70499,1.06847,,,,50,20,,,,,,,50,3.83082,3.83082,200,0.965,4.94907,5.52383,2.65459,2.28558,2.22398,2.2312,2.00423,1.62912,1.36088,,45,37,28,20,,7,,,,,50,2.65459,2.65459,200,0.975,4.4103,6.88729,13.3502,-1,iso,13.26,-0.07541,0.999824,False,1.5-2.5,True,iso,True,False
PanTS_00005583,1,1,train,Arterial,0.742188,0.742188,1.25,2,1.25,19964,13746.3,40.4842,>=40,False,1,True,-48,hypoattenuating,0.808812,True,head,mask_ring,0.171223,inside,False,True,11.5198,13627,0.773492,13746.3,0.772951,2.88849,2.70866,2.18548,1.73384,1.52838,1.60551,1.8677,,,,32,8,2,1,,,,,50,2.88849,4.06663,200,1,5.05781,5.88089,4.31673,3.38866,2.95444,2.41471,2.05989,2.16445,2.16036,29,,,36,,,,31,3.24484,1.5,0.214839,50,4.31673,4.31673,200,0.785,7.65903,10.1545,16.8605,-50,hypo,15.91,-3.142,0.997399,False,<=1.5,True,hypo,False,False
PanTS_00005623,1,2,train,Non-contrast,0.820312,0.820312,0.8,2,0.8,2713,1460.49,32.9489,20-40,False,1,True,-5,isoattenuating,0,False,head,mask_ring,,embedded,False,False,,1416,0.71397,1460.49,0.741525,2.42567,1.91273,1.57565,1.54774,1.72126,1.45607,0.969512,,,36,22,9,1,,,,,,50,2.42567,2.64489,200,0.95,3.27755,5.61075,3.02825,2.44441,2.38978,2.06552,1.62955,1.60129,1.4924,,,50,,35,,,,,,,50,3.02825,3.02825,200,0.795,3.45629,5.04336,9.03834,0,iso,65.64,0,0.0633084,True,<=1.5,False,iso,True,False
PanTS_00005641,1,2,train,Non-contrast,0.712891,0.712891,0.8,2,0.8,47190,19186.1,57.3559,>=40,False,1,True,-11,hypoattenuating,0,False,head,mask_ring,0.044776,inside,False,True,19.2,19137,1,19186.1,1,3.12872,3.13454,2.64336,2.19518,1.86108,1.42034,1.20031,32,27,31,18,10,2,1,38,3.07224,1.5,0.128513,50,3.13454,3.13454,200,0.835,3.5096,3.94781,4.0465,3.8081,3.33347,2.92503,2.69685,2.61322,2.64945,11,5,16,29,16,10,9,12,4.0465,1.5,0.381069,50,4.0465,4.0465,200,0.595,4.09613,4.52147,18.6073,-8,iso,26.85,-0.2979,0.0321311,True,<=1.5,False,iso,False,False
PanTS_00005643,1,2,train,Non-contrast,0.703125,0.703125,0.8,2,0.8,1026,405.791,11.7362,10-20,False,2,True,23,hyperattenuating,0.336216,True,head,mask_ring,0.183754,inside,False,True,93.2383,420,1,405.791,1,2.16573,2.00127,1.48941,1.70592,2.0492,1.84202,1.60933,,,,,,,,,,,,50,2.16573,2.16573,200,0.81,2.62203,3.65047,7.01554,6.67083,6.01793,5.61944,4.85231,4.05342,3.51835,,,,,,,,,,,,50,7.01554,7.01554,200,0.11,2.84085,8.1296,6.59273,14,hyper,31.83,0.4399,0.979957,False,<=1.5,False,hyper,False,False
PanTS_00005643,2,2,train,Non-contrast,0.703125,0.703125,0.8,2,0.8,36,14.2383,3.76358,<5,False,2,False,27,hyperattenuating,0,False,head,pc1_boundary,0.379769,embedded,False,True,72.2504,9,1,14.2383,1,1.22198,0.532253,0.118848,0.110833,-0.0390715,-0.0816714,0.0437711,,,,,,,,,,,,50,1.22198,1.22198,200,0.905,1.88838,2.97148,1.05791,1.30126,1.55931,1.40915,1.33794,1.28485,1.17217,,,,,,,,,,,,50,1.55931,1.55931,200,0.825,2.23083,6.67693,3.50357,27,hyper,31.83,0.8484,6.61753e-06,True,<=1.5,False,hyper,False,False
PanTS_00005661,1,3,train,Venous,0.976562,0.976562,2.5,2,2.5,2571,6129.74,27.433,20-40,False,1,True,94,hyperattenuating,0.840979,True,head,mask_ring,0.147972,inside,False,True,31.265,6059,1,6129.74,1,4.00715,3.64545,3.77951,3.64631,2.73628,1.72297,1.19374,2,16,,,,,,3,4.00715,1.5,0.0621082,50,4.00715,4.00715,200,0,3.02223,3.72168,2.54361,2.46124,2.56067,2.73339,3.2388,3.98572,4.32497,,43,18,10,1,1,1,14,4.32497,6,0.559911,50,4.32497,4.32497,200,0.29,3.78508,5.46832,13.3532,108,hyper,17.9,6.033,0.998147,False,1.5-2.5,True,hyper,False,False
PanTS_00005665,1,2,train,Non-contrast,0.703125,0.703125,0.8,2,0.8,500,197.754,12.9962,10-20,False,3,True,-6,isoattenuating,0,False,head,mask_ring,0.190297,embedded,False,True,92.9783,186,0.98,197.754,0.983871,1.99308,1.79143,1.5991,1.31935,1.09658,0.821968,0.401184,,,,,,,,,,,,50,1.99308,1.99308,200,0.84,2.76003,3.58593,1.94607,1.33274,0.889381,0.58382,0.466139,0.440804,0.483332,,,,,,,,,,,,50,1.94607,1.94607,200,0.865,2.58406,3.83677,5.6142,-0.5,iso,17.57,-0.02846,0.000176056,True,<=1.5,False,iso,True,False
PanTS_00005665,2,2,train,Non-contrast,0.703125,0.703125,0.8,2,0.8,18,7.11914,3.52813,<5,True,3,False,-12,hypoattenuating,0,False,head,mask_ring,0.341777,embedded,False,True,77.5608,9,1,7.11914,1,0.918481,1.0981,1.53835,1.60224,1.18728,0.619552,0.0620702,,,,,,,,,,,,50,1.60224,1.60224,200,0.635,1.95128,3.4305,1.23698,0.897935,0.784837,0.793644,1.09266,1.45831,1.72481,,,,,,,,,,,,50,1.72481,1.72481,200,0.755,2.06652,3.45042,3.19338,-12,hypo,17.57,-0.683,1.88514e-05,True,<=1.5,False,hypo,False,False
PanTS_00005665,3,2,train,Non-contrast,0.703125,0.703125,0.8,2,0.8,64,25.3125,6.9125,5-10,False,3,False,1.5,isoattenuating,0,False,head,mask_ring,0.34939,inside,False,True,75.1893,27,1,25.3125,1,0.896154,0.630249,0.328664,-0.0961569,-0.58834,-0.959306,-1.22958,,,,,,,,,,,,50,0.896154,0.896154,200,0.925,2.10109,3.22699,1.08577,0.785324,0.905791,1.16761,1.68257,2.11008,2.2606,,,,,,,5,,,,,50,2.2606,2.2606,200,0.49,2.25331,3.42867,3.82144,23,hyper,17.57,1.309,2.2828e-05,True,<=1.5,False,hyper,False,False
PanTS_00005677,1,3,train,Non-contrast,0.683594,0.683594,0.8,2,0.8,1805,674.782,16.6008,10-20,False,1,True,-23,hypoattenuating,0.0498482,True,head,mask_ring,0.0592596,embedded,False,True,51.0909,664,0.992798,674.782,0.993976,2.63797,2.10335,1.74458,1.41448,0.577296,0.373527,0.319101,,,41,26,15,5,,,,,,50,2.63797,2.63797,200,0.905,4.33801,5.38064,3.03458,3.17365,2.83456,2.38159,1.7411,1.58824,1.55852,,20,21,22,,,,,,,,50,3.17365,3.17365,200,0.5,3.17855,4.32774,7.44116,-27,hypo,13.92,-1.939,0.988799,False,<=1.5,False,hypo,False,False
PanTS_00005731,1,1,train,Non-contrast,1.36719,1.36719,3.27,2,3.27,146,892.395,28.401,20-40,False,1,True,-8,isoattenuating,0,False,body,mask_ring,0.614532,inside,False,True,4.26259,867,0.972603,892.395,0.973472,3.29319,2.8273,2.86501,2.91377,2.95118,2.81195,2.52687,,,,36,,,,,,,,50,3.29319,3.29319,200,0.415,3.13173,4.9006,2.48238,2.52082,2.27505,2.30027,4.19697,4.53455,4.03278,,49,43,,,,,,,,,50,4.53455,4.53455,200,0.1,2.98231,9.25938,7.9725,-5,iso,5.967,-0.8379,0.000879606,True,2.5-5,False,iso,True,False
PanTS_00005732,1,1,train,Venous,0.976562,0.976562,3,2,3,3505,10027.9,41.3039,>=40,False,1,True,-47,hypoattenuating,0,False,head,mask_ring,0.231667,abutting,False,True,5.73078,9969,0.347789,10027.9,0.34196,2.69873,2.28921,2.2942,2.06731,1.76114,1.65955,1.67069,,,32,11,4,,,,,,,50,2.69873,3.54685,200,0.995,4.88136,6.84077,2.58159,2.19017,1.99486,2.24571,1.98454,1.37418,1.4505,,,35,21,,,,,,,,50,2.58159,4.33008,200,1,4.04856,6.4318,15.3775,-49,hypo,7.625,-6.426,0.00407014,True,2.5-5,True,hypo,False,False
PanTS_00005739,1,1,train,Venous,0.947266,0.947266,2.5,2,2.5,843,1891.09,26.4551,20-40,False,1,True,42,hyperattenuating,0.25828,True,head,mask_ring,0.137706,inside,False,True,0.947266,1895,1,1891.09,1,1.40815,1.32081,1.40774,1.51501,1.46261,1.16381,0.596153,,,49,31,11,,,,,,,50,1.51501,1.51501,200,1,2.45547,3.28898,2.57667,2.0382,1.90967,1.88548,2.08216,2.21047,2.77616,50,,48,42,11,7,,,,,,50,2.77616,2.77616,200,0.83,3.16892,4.13132,9.67139,42,hyper,9.283,4.525,0.993461,False,1.5-2.5,True,hyper,False,False
PanTS_00005742,1,0,train,Non-contrast,0.781,0.781,5,2,5,529,1613.35,20.1998,20-40,False,1,True,5,isoattenuating,0,False,head,mask_ring,0.143806,inside,False,False,,1590,1,1613.35,1,2.88649,2.73093,2.55023,2.54907,1.89426,1.7765,1.74141,,,,,,,,,,,,50,2.88649,3.28507,200,0.96,4.29229,5.71282,3.4281,3.22891,2.94527,2.7416,2.43484,2.01733,1.71984,49,28,20,15,,12,,49,3.4281,1.5,0.252787,50,3.4281,3.4281,200,0.67,3.75581,4.98467,9.27578,5.5,iso,5.636,0.9759,0.000893446,True,2.5-5,False,iso,False,False
PanTS_00005757,1,2,train,Venous,0.787109,0.787109,1.25,2,1.25,7777,6022.71,28.7666,20-40,False,1,True,-10,isoattenuating,0.827278,True,head,mask_ring,0.188363,inside,False,True,0,6058,0.999871,6022.71,0.999835,2.8962,2.56738,2.7306,2.74504,2.15745,1.90448,2.1924,,41,,27,14,4,3,,,,,50,2.8962,3.24187,200,0.955,3.70434,4.24552,2.70152,2.54921,2.40169,2.30724,1.91956,1.89467,2.13225,33,35,34,11,13,9,6,47,2.52159,1.5,0.100246,50,2.70152,2.70152,200,0.925,3.93012,5.26469,13.2867,-5,iso,7.956,-0.6284,0.999871,False,<=1.5,True,iso,True,False
PanTS_00005759,1,3,train,Arterial,0.914062,0.914062,2.5,2,2.5,1787,3732.64,23.4378,20-40,False,1,True,-5,isoattenuating,0.57469,True,body,mask_ring,0.173714,inside,False,True,4.42924,3689,1,3732.64,1,2.86863,2.81454,2.60019,2.35995,2.1959,1.84527,1.59908,48,21,40,18,12,,,,,,,50,2.86863,2.86863,200,0.915,3.46737,4.39073,5.42378,5.90456,5.60527,4.85636,3.49486,2.76794,2.45463,4,4,3,3,22,,,5,5.90456,2,0.00737209,50,5.90456,5.90456,200,0.11,3.43766,6.89047,11.623,-11,hypo,21.88,-0.5027,0.998371,False,1.5-2.5,True,hypo,False,False
PanTS_00005766,1,2,train,Arterial,0.8125,0.8125,2.5,2,2.5,5860,9671.29,33.7781,20-40,False,1,True,-5,isoattenuating,0.834515,True,head,mask_ring,0.161125,inside,False,True,2.98172,9576,0.927645,9671.29,0.929616,3.48517,3.24995,3.23654,3.00009,2.22037,1.97847,1.67717,8,30,22,13,3,2,2,10,3.48517,1.5,0.0162669,50,3.48517,3.77317,200,0.56,3.52831,4.26429,4.17809,5.17497,5.4899,5.37933,4.59756,4.01251,3.50472,3,,39,25,15,10,4,,,,,50,5.4899,5.4899,200,0.115,3.75373,5.6337,15.217,-10,iso,12.93,-0.7734,0.99994,False,1.5-2.5,True,iso,False,False
PanTS_00005774,1,1,train,Venous,0.583984,0.583984,4,2,4,2715,3703.67,32.9352,20-40,False,1,True,-5,isoattenuating,0,False,body,mask_ring,0.583695,inside,False,True,40.8733,3695,1,3703.67,0.980244,7.14163,6.93743,6.25789,5.6447,4.79528,4.32987,3.77151,24,13,14,6,7,5,1,24,5.01816,2,0.076448,50,7.14163,7.97078,200,0.31,5.89293,9.22211,3.38317,2.614,1.99135,2.37192,2.61599,2.62629,2.43387,20,15,17,16,9,,,22,3.38317,1.5,0.0791424,50,3.38317,6.81741,200,0.795,3.83497,7.21058,11.598,-2,iso,8.951,-0.2234,0.00052032,True,2.5-5,True,iso,True,False
PanTS_00005780,1,1,train,Arterial,0.839844,0.839844,5,2,5,2431,8573.38,32.1648,20-40,False,1,True,8,isoattenuating,0.68577,True,body,mask_ring,0.244787,inside,False,True,0.839844,8485,0.996709,8573.38,0.996818,3.91776,3.59897,2.95631,2.53222,1.85101,1.92963,1.85631,12,33,25,26,9,5,1,13,3.91776,1.5,0.0103311,50,3.91776,3.97769,200,0.38,3.55949,5.04441,9.72287,8.32741,7.78368,6.60282,4.32892,3.05825,2.32007,1,6,6,7,27,14,,2,9.72287,1.5,0.2894,50,9.72287,9.72287,200,0.005,4.2156,8.3774,14.6966,14,hyper,27.18,0.515,0.99251,False,2.5-5,True,hyper,False,False
PanTS_00005782,1,0,train,Venous,1,1,1,2,1,126,126,8.77496,5-10,False,1,True,-5.50851,isoattenuating,0,False,tail,mask_ring,1.00109,inside,False,True,61.3596,126,1,126,1,1.28706,2.3504,2.64925,2.38252,1.75698,1.33616,1.13033,,,,,,,,,,,,50,2.64925,2.64925,200,0.52,2.8307,4.70082,1.67053,1.75504,1.70211,1.71382,1.19573,0.951318,0.952978,,,,,,,,,,,,50,1.75504,1.75504,200,0.875,2.55722,5.17182,5.11,-4.501,iso,11.96,-0.3764,6.02534e-06,True,<=1.5,True,iso,True,False
PanTS_00005785,1,1,train,Non-contrast,0.857422,0.857422,0.801379,2,0.801379,2118,1247.82,27.0415,20-40,False,1,True,0,isoattenuating,0,False,head,mask_ring,0.180585,embedded,False,False,,1234,0.956563,1247.82,0.965964,2.84759,2.25186,1.80451,1.92791,1.9382,1.69246,1.34631,,,,37,,,,,,,,50,2.84759,2.84759,200,0.18,2.50543,3.49196,2.47901,2.18469,1.82008,1.40399,1.06015,1.82957,2.38714,,,,,,,,,,,,50,2.47901,2.47901,200,0.875,2.92788,6.50198,8.67864,1,iso,44.09,0.02268,0.00170737,True,<=1.5,False,iso,True,False
PanTS_00005803,1,3,train,Venous,0.976562,0.976562,5,2,5,387,1845.36,21.6219,20-40,False,1,True,4,isoattenuating,0.528986,True,body,mask_ring,0.632881,inside,False,False,,1850,1,1845.36,1,2.10498,1.7843,1.76841,1.748,1.49082,1.4494,1.55726,,,,32,,,,,,,,50,2.10498,2.10498,200,0.955,3.23644,4.58305,2.01205,1.92469,1.89047,1.90282,1.98479,2.60496,3.05098,,38,20,11,9,,,,,,,50,3.05098,3.05098,200,0.515,3.1126,4.51427,9.60905,10,iso,8.951,1.117,0.994979,False,2.5-5,True,iso,False,False
PanTS_00005806,1,3,train,Arterial,0.757812,0.757812,1.25,2,1.25,11697,8396.68,44.0702,>=40,False,1,True,-24,hypoattenuating,0.475564,True,head,mask_ring,0.0135322,inside,False,True,0,8282,0.949047,8396.68,0.945303,3.83904,3.33671,2.56169,2.60146,2.20296,2.16559,2.16035,31,44,29,19,9,2,3,42,2.4554,1.5,0.166422,50,3.83904,3.83904,200,0.245,3.68279,4.25471,4.58647,4.0868,3.46901,2.81886,2.08048,2.08056,1.94637,5,13,17,21,12,9,4,5,4.4369,1.5,0.0195317,50,4.58647,4.58647,200,0.55,5.42985,6.09513,14.6088,-21,hypo,18.57,-1.131,0.993661,False,<=1.5,True,hypo,False,False
PanTS_00005821,1,2,train,Arterial,0.835938,0.835938,2.5,2,2.5,3399,5937.99,30.6174,20-40,False,1,True,4,isoattenuating,0,False,head,mask_ring,0.083998,inside,False,True,4.8703,5840,1,5937.99,1,4.78194,4.14722,3.74946,3.10776,2.25997,1.96423,1.4615,,49,30,25,11,11,9,,,,,50,4.78194,4.78194,200,0.85,6.47398,12.7289,4.47829,3.54252,2.93747,2.56686,2.38503,1.953,2.40601,47,23,21,28,13,12,,,,,,50,4.47829,4.47829,200,0.6,4.92045,6.54008,13.2335,4,iso,11.6,0.3447,0.00117408,True,1.5-2.5,True,iso,True,False
PanTS_00005832,1,4,train,Arterial,0.576172,0.576172,0.8,2,0.8,1405,373.139,15.188,10-20,False,1,True,-1,isoattenuating,0,False,head,mask_ring,0.240879,inside,False,False,,370,1,373.139,1,1.96965,1.77402,1.69186,1.54577,1.17964,0.831252,0.514138,,,,,,,,,,,,50,1.96965,1.96965,200,0.96,4.11538,5.66489,2.16866,1.5345,1.40798,1.26964,1.43135,1.64566,1.76475,,,,37,,,,,,,,50,2.16866,2.16866,200,0.89,3.03043,5.32183,6.46609,-9,iso,12.6,-0.7144,0.000188142,True,<=1.5,True,iso,False,False
PanTS_00005855,1,1,train,Venous,0.759766,0.759766,2.5,2,2.5,12282,17724.3,43.7704,>=40,False,1,True,22,hyperattenuating,0.867946,True,head,mask_ring,0.152539,inside,False,True,0.759766,17749,0.999023,17724.3,0.99893,3.67527,3.11359,3.00451,2.73001,2.39387,2.13943,2.13243,,21,16,38,16,11,7,,,,,50,3.67527,3.67527,200,0.795,3.94591,4.36671,4.08229,3.45534,2.86112,2.46738,2.30093,2.7661,3.10723,7,7,18,16,16,15,7,11,4.08229,1.5,0.153679,50,4.08229,4.08229,200,0.865,4.88397,6.07838,18.1743,11,hyper,16.58,0.6636,0.997589,False,1.5-2.5,True,hyper,False,False
PanTS_00005864,1,1,train,Non-contrast,0.703125,0.703125,0.8,2,0.8,1729,683.833,19.7843,10-20,False,1,True,-17,hypoattenuating,0.0480635,True,head,mask_ring,0.17804,inside,False,True,11.1461,687,1,683.833,1,2.74927,2.92203,3.03704,3.07486,2.72547,2.07206,1.38597,,,43,,,,,,,,,50,3.07486,3.07486,200,0.66,3.5653,4.70941,3.59708,3.28272,3.07056,2.74372,1.86204,1.099,0.932812,40,25,27,17,18,16,,41,3.28272,2,0.282359,50,3.59708,3.59708,200,0.36,3.19044,4.75128,7.46538,-12,hypo,31.49,-0.381,0.980167,False,<=1.5,False,hypo,False,False
PanTS_00005876,1,3,train,Venous,0.888672,0.888672,2.5,2,2.5,2922,5769.03,31.9999,20-40,False,1,True,-16,hypoattenuating,0.5589,True,body,mask_ring,0.436987,abutting,False,True,44.0422,5812,0.632101,5769.03,0.633861,3.82307,3.62726,3.38872,3.24194,2.93149,2.37358,1.66481,,50,31,26,,,,,,,,50,3.82307,4.14359,200,0.96,6.35412,8.50715,3.29879,2.87325,2.75533,2.53904,1.94234,1.51724,1.12671,,48,38,32,22,20,16,,,,,50,3.29879,3.76961,200,0.91,4.94624,6.99392,13.126,-18,hypo,8.288,-2.172,0.997744,False,1.5-2.5,True,hypo,False,False
PanTS_00005881,1,3,train,Venous,0.761719,0.761719,5,2,5,3159,9164.51,32.2667,20-40,False,1,True,2,isoattenuating,0.790578,True,head,mask_ring,0.390011,inside,False,False,,9155,0.981007,9164.51,0.981212,2.77257,2.52984,2.23971,1.86065,1.31146,0.730839,0.659216,,43,25,14,5,5,3,,,,,50,2.77257,3.35637,200,0.92,3.9801,4.62268,2.84303,2.96647,2.74652,2.55669,2.20926,2.14892,2.31914,,42,9,7,4,6,5,,,,,50,2.96647,4.44797,200,0.89,3.81712,5.41624,14.982,1,iso,12.93,0.07734,0.997969,False,2.5-5,True,iso,True,False
PanTS_00005905,1,0,train,Venous,0.742188,0.742188,3,2,3,2975,4916.27,47.4556,>=40,False,1,True,-22,hypoattenuating,0,False,tail,mask_ring,0.833735,inside,False,True,43.887,4920,0.997647,4916.27,0.996341,4.57163,3.9001,3.95358,3.67768,2.81859,1.90734,1.63873,,,38,19,3,3,2,,,,,50,4.57163,4.57163,200,0.8,5.84734,8.45422,3.35649,2.49505,2.0829,1.75582,1.69022,1.47257,1.33904,,,,,,,,,,,,50,3.35649,3.52215,200,0.82,4.67725,7.52474,12.5483,-31,hypo,12.27,-2.527,0.000895191,True,2.5-5,True,hypo,False,False
PanTS_00005921,1,2,train,Venous,0.753906,0.753906,2.5,2,2.5,4040,5740.58,33.8478,20-40,False,1,True,-11,hypoattenuating,0.743762,True,head,mask_ring,0.225886,inside,False,True,3.01562,5692,1,5740.58,1,4.57688,2.97856,2.55233,2.32106,1.98494,1.83036,2.05155,11,41,46,35,12,6,3,12,4.28562,1.5,0.00448965,50,4.57688,4.57688,200,0.2,3.57582,6.62569,5.46646,6.29348,5.96369,5.26391,3.60975,2.60145,2.12762,,,,40,23,,,,,,,50,6.29348,6.29348,200,0.09,3.63149,6.78314,13.1077,-11,hypo,17.24,-0.6381,0.999686,False,1.5-2.5,True,hypo,False,False
PanTS_00005924,1,4,train,Venous,0.689453,0.689453,1.5,2,1.5,6906,4924.11,27.9327,20-40,False,1,True,-9,isoattenuating,0,False,head,mask_ring,0.137454,abutting,False,True,23.2473,4935,0.174196,4924.11,0.164134,2.12541,1.43692,1.30484,1.12822,0.95379,1.15899,1.22676,,,,22,14,3,,,,,,50,2.12541,3.7918,200,1,6.51962,7.74614,1.84686,1.58304,1.47411,1.34595,1.49387,0.73898,0.320969,,,48,30,,11,,,,,,50,1.84686,3.77967,200,1,4.54139,5.20299,12.5539,-9,iso,8.288,-1.086,0.0166891,True,<=1.5,True,iso,False,False
PanTS_00005931,1,4,train,Venous,0.78125,0.78125,5,2,5,469,1431.27,23.7603,20-40,False,1,True,-58,hypoattenuating,0.292911,True,head,mask_ring,0.315535,inside,False,True,0.78125,1435,1,1431.27,1,3.25013,3.32832,3.58276,3.71801,3.3868,3.92238,4.57585,45,14,12,5,7,,,38,3.71801,3,0.518498,50,4.57585,4.57585,200,0.365,3.81161,7.65704,2.68053,2.31935,2.04912,1.95462,1.86691,2.21135,1.92228,,37,33,,,,,,,,,50,2.68053,2.68053,200,0.785,3.45271,8.43098,8.99109,-64,hypo,7.293,-8.775,0.997404,False,2.5-5,True,hypo,False,False
PanTS_00005960,1,2,train,Venous,0.703125,0.703125,5,2,5,1102,2724.06,27.8963,20-40,False,1,True,-16,hypoattenuating,0,False,head,mask_ring,0.032413,inside,False,True,2.98311,2657,1,2724.06,1,2.69474,2.14924,2.04802,1.74268,1.33898,1.21618,1.17989,,,48,12,5,5,,,,,,50,2.69474,2.69474,200,0.96,4.48504,5.65126,2.21262,2.31064,2.26332,2.12182,2.03902,1.7219,1.5385,,,39,25,10,13,8,,,,,50,2.31064,2.31064,200,0.995,3.81161,4.45739,10.6638,-22,hypo,9.614,-2.288,1.69644e-05,True,2.5-5,True,hypo,False,False
PanTS_00005985,1,2,train,Non-contrast,0.78125,0.78125,0.8,2,0.8,5532,2701.17,30.4675,20-40,False,4,True,-40,hypoattenuating,0,False,head,mask_ring,0.183975,abutting,False,False,,2679,0.383948,2701.17,0.391564,2.79657,2.17163,1.67623,1.35876,0.909385,0.506124,0.476216,,,50,22,,,,,,,,50,2.79657,2.88153,200,0.945,4.64661,6.47121,3.91521,3.54771,3.14665,2.52105,1.73854,1.77039,1.79186,23,,,,,,,32,3.91521,1.5,0.0358219,50,3.91521,3.91521,200,0.5,3.91377,4.76726,10.6395,-42,hypo,34.15,-1.23,0.000162828,True,<=1.5,False,hypo,False,False
PanTS_00005985,2,2,train,Non-contrast,0.78125,0.78125,0.8,2,0.8,16,7.8125,3.35457,<5,True,4,False,-57.5,hypoattenuating,0,False,head,pc1_boundary,0.311234,embedded,False,False,,9,1,7.8125,1,2.56103,2.39519,1.94057,1.45815,0.989838,0.64717,0.169482,,,,,,,,,,,,50,2.56103,2.56103,200,0.385,1.99665,4.49574,1.20621,0.771799,0.583732,0.434723,0.538669,0.709719,0.777055,,,,,,,,,,,,50,1.20621,1.20621,200,0.99,2.6414,4.25245,3.23093,-57.5,hypo,34.15,-1.684,0.000188142,True,<=1.5,False,hypo,False,False
PanTS_00005985,3,2,train,Non-contrast,0.78125,0.78125,0.8,2,0.8,11,5.37109,4.92552,<5,True,4,False,-21,hypoattenuating,0,False,head,pc1_boundary,0.249949,embedded,False,False,,4,1,5.37109,1,3.67416,3.20845,2.43659,1.7122,0.370742,-0.880357,-1.55129,,,37,,,,,,,,,50,3.67416,3.67416,200,0.16,1.92459,4.88786,0.859283,0.734179,0.471803,0.385244,0.801306,1.48706,2.04385,,,,,,,,,,,,50,2.04385,2.04385,200,0.77,2.59776,4.1048,3.0864,-21,hypo,34.15,-0.615,3.48081e-05,True,<=1.5,False,hypo,False,False
PanTS_00005985,4,2,train,Non-contrast,0.78125,0.78125,0.8,2,0.8,4,1.95313,2.4,<5,True,4,False,-15,hypoattenuating,0,False,head,pc1_boundary,0.270624,embedded,False,False,,0,1,1.95313,,,,,,,,,,,,,,,,,,,,50,,,,,,,,,,,,,,,,,,,,,,,,,50,,,,,,,2.77544,-15,hypo,34.15,-0.4393,2.9657e-05,True,<=1.5,False,hypo,False,False
PanTS_00005992,1,2,train,Venous,0.798828,0.798828,2.5,2,2.5,4530,7226.78,29.7181,20-40,False,1,True,-6,isoattenuating,0.552404,True,head,mask_ring,0.203925,inside,False,True,0,7261,1,7226.78,1,2.56425,1.7137,1.19411,1.25604,1.26322,1.35899,1.16944,,,37,19,6,6,1,,,,,50,2.56425,2.56425,200,0.88,3.29822,4.12934,3.20448,2.53592,2.03976,2.05822,2.18813,2.16321,2.20656,26,35,31,23,16,9,8,32,3.20448,1.5,0.282374,50,3.20448,3.20448,200,0.65,4.07527,5.22992,13.9937,-16,hypo,16.24,-0.985,0.999795,False,1.5-2.5,True,hypo,False,False
PanTS_00005994,1,4,train,Venous,0.791016,0.791016,2.42,2,2.42,946,1432.44,22.866,20-40,False,1,True,-2,isoattenuating,0,False,head,mask_ring,0.363447,inside,False,True,49.2144,1443,1,1432.44,1,3.00024,3.12745,2.45877,1.88178,1.94001,1.89891,1.66294,,,45,,,,,,,,,50,3.12745,3.12745,200,0.475,3.0807,4.01215,3.06081,2.87362,2.78243,2.81788,2.49425,2.32239,2.06828,33,33,9,9,,,,40,3.06081,1.5,0.477795,50,3.06081,3.06081,200,0.5,3.06168,5.72945,8.99299,6,iso,10.61,0.5656,9.91527e-05,True,1.5-2.5,True,iso,False,False
PanTS_00005995,1,3,train,Venous,0.78125,0.78125,0.8,2,0.8,5798,2831.05,32.3427,20-40,False,1,True,-4,isoattenuating,0,False,head,mask_ring,0.535248,abutting,False,False,,2808,0.553984,2831.05,0.542735,3.87291,4.1291,4.05401,3.84935,3.52587,3.02491,2.45719,24,21,11,3,,,,25,2.93545,1.5,0.421951,50,4.1291,4.1291,200,0.845,4.5799,5.86757,2.45388,1.98852,1.83195,1.62725,1.85567,2.42311,2.51432,42,48,30,26,,,,46,2.42815,1.5,0.00348561,50,2.51432,2.78284,200,0.985,4.52056,5.60729,10.7758,-4,iso,30.17,-0.1326,7.00377e-05,True,<=1.5,True,iso,True,False
PanTS_00006000,1,1,train,Arterial,0.742188,0.742188,1.25,2,1.25,20181,13895.7,41.5264,>=40,False,1,True,-26,hypoattenuating,0.668911,True,head,mask_ring,0.451558,inside,False,True,0,14036,0.971954,13895.7,0.97371,4.48663,4.33466,4.0066,3.63375,2.98703,2.44468,1.85586,49,34,36,22,7,1,2,,,,,50,4.48663,4.96972,200,0.95,6.07481,7.00575,11.8994,9.73276,7.25412,5.4975,3.83313,2.61801,1.91112,12,8,8,6,16,12,9,11,9.73276,2,0.0575382,50,11.8994,11.9995,200,0.245,5.52504,13.4793,16.9141,-26,hypo,14.26,-1.824,0.997454,False,<=1.5,True,hypo,False,False
PanTS_00006011,1,2,train,Arterial,1.5,1.5,1.5,2,1.5,841,2838.38,23.2863,20-40,False,1,True,10,isoattenuating,0.621967,True,head,mask_ring,0.201714,inside,False,True,2.12132,2785,1,2838.38,1,2.34419,2.03174,1.6097,1.33675,0.826198,0.653636,0.616574,,,,39,4,,,,,,,50,2.34419,2.34419,200,0.925,3.08381,5.24793,2.40168,1.88628,1.80538,1.71021,1.40178,1.70417,1.80106,,,,,40,,,,,,,50,2.40168,2.40168,200,0.955,3.12178,3.89755,10.7834,8,iso,8.62,0.9281,0.988177,False,<=1.5,True,iso,False,False
PanTS_00006039,1,4,train,Arterial,0.766,0.766,5,2,5,643,1886.42,18.4545,10-20,False,2,True,0,isoattenuating,0,False,head,mask_ring,0.305483,inside,False,True,19.5507,1850,1,1886.42,1,2.46661,2.13283,1.98691,1.82832,1.27305,0.862597,0.835034,,,41,17,,,,,,,,50,2.46661,3.33678,200,0.93,3.86795,5.1417,3.84117,3.49406,3.33817,3.08,2.70788,2.46412,2.38974,37,16,17,14,11,13,,42,3.47276,1.5,0.0862346,50,3.84117,3.84117,200,0.43,3.7094,5.22163,9.66508,-1,iso,4.973,-0.2011,2.72149e-05,True,2.5-5,True,iso,True,False
PanTS_00006039,2,4,train,Arterial,0.766,0.766,5,2,5,238,698.24,17.272,10-20,False,2,False,-57,hypoattenuating,0,False,head,pc1_boundary,-0.476251,separated,True,True,77.9919,0,0,698.24,,,,,,,,,,,,,,,,,,,,50,,,,,,,,,,,,,,,,,,,,,,,,,50,,,,,,,7.5035,-57,hypo,4.973,-11.46,0.000398213,True,2.5-5,True,hypo,False,True
PanTS_00006054,1,4,train,Venous,0.703125,0.703125,0.8,2,0.8,17339,6857.71,50.8853,>=40,False,1,True,-21,hypoattenuating,0,False,,none,,separated,True,False,,6925,0,6857.71,0,1.86277,0.884607,0.910816,1.03947,1.23501,1.23757,0.972147,46,,,,,,,46,1.86277,1.5,0.148472,50,1.86277,5.61005,200,1,6.67576,7.77065,1.2934,1.25637,1.18188,1.00648,0.919583,0.878596,0.900167,,,,,,,,,,,,50,1.2934,5.82119,200,1,5.09395,6.15879,13.7859,-24,hypo,36.47,-0.6581,0.000302973,True,<=1.5,True,hypo,False,False
PanTS_00006056,1,0,train,Venous,0.742188,0.742188,1,2,1,2478,1364.99,40.6639,>=40,False,2,True,-33,hypoattenuating,0.118549,True,body,pc1_boundary,0.568797,separated,True,True,55.121,1329,0,1364.99,0,,,,,,,,,,,,,,,,,,,50,,2.11679,,,,,,,,,,,,,,,,,,,,,,,50,,2.56502,,,,,8.88145,-33,hypo,8.951,-3.687,0.998225,False,<=1.5,True,hypo,False,False
PanTS_00006056,2,0,train,Venous,0.742188,0.742188,1,2,1,1758,968.381,24.4152,20-40,False,2,False,-27,hypoattenuating,0.088221,True,body,mask_ring,0.640049,abutting,False,True,61.6891,1005,0.231513,968.381,0.227861,2.38065,2.01649,1.80661,1.6689,1.40699,1.139,1.01492,,,,,,,,,,,,50,2.38065,3.65144,200,0.905,4.05268,7.26005,2.78903,2.73093,2.25789,1.92071,1.83381,1.58269,1.48525,,,,,,,,,,,,50,2.78903,3.02553,200,0.82,4.08281,5.57003,8.13742,-27,hypo,8.951,-3.016,0.996343,False,<=1.5,True,hypo,False,False
PanTS_00006064,1,0,train,Venous,0.703125,0.703125,2.5,2,2.5,1611,1991.13,21.5243,20-40,False,1,True,-31,hypoattenuating,0.373777,True,head,mask_ring,0.0252506,inside,False,True,3.97748,1987,1,1991.13,1,2.04055,1.61928,1.53157,1.36893,1.35805,1.41321,1.23209,,,30,14,8,4,3,,,,,50,2.04055,2.04055,200,0.985,3.72724,5.23911,2.29951,2.26151,2.35576,2.24007,2.66959,2.57848,2.49956,,,31,,,,,,,,,50,2.66959,2.66959,200,0.905,3.86757,6.07013,9.80436,-41,hypo,12.6,-3.255,0.999941,False,1.5-2.5,True,hypo,False,False
PanTS_00006079,1,0,train,Venous,0.902344,0.902344,2.5,2,2.5,2232,4543.37,25.7714,20-40,False,1,True,-11,hypoattenuating,0.720195,True,head,mask_ring,0.105007,inside,False,True,1.80469,4528,1,4543.37,1,1.47188,1.22607,1.05057,1.02373,1.11789,0.876976,0.199616,,,,29,7,3,2,,,,,50,1.47188,1.47188,200,1,2.92747,3.46444,2.13855,1.79039,1.67822,1.828,1.96179,2.01304,1.88198,,,45,35,22,,6,,,,,50,2.13855,2.13855,200,1,3.50606,4.1739,12.2746,-24,hypo,17.9,-1.341,0.999943,False,1.5-2.5,True,hypo,False,False
PanTS_00006135,1,1,train,Venous,1.5,1.5,1.5,2,1.5,396,1336.5,20.8926,20-40,False,1,True,-17,hypoattenuating,0,False,head,mask_ring,0.309484,separated,True,True,25.1446,1334,0,1336.5,0,1.54621,1.47112,1.55874,1.56092,1.29895,1.00672,0.758843,,,,,3,,,,,,,50,1.56092,2.26297,200,1,4.15545,5.8449,0.668998,-0.203219,-0.584218,-0.725933,-0.810384,-0.729299,-0.396859,,,,,,,,,,,,50,0.668998,3.22885,200,1,3.20393,5.5051,8.83324,-25,hypo,31.49,-0.7938,7.93624e-05,True,<=1.5,True,hypo,False,False
PanTS_00006142,1,1,train,Arterial,0.976562,0.976562,2.5,2,2.5,1777,4236.7,35.303,20-40,False,1,True,6,isoattenuating,0.526848,True,head,mask_ring,0.0650159,inside,False,True,36.0715,4155,0.998875,4236.7,0.999037,2.44891,1.81718,1.94709,1.91175,1.41701,1.13809,0.714854,,,,,,,,,,,,50,2.44891,2.44891,200,0.58,2.7356,3.59662,2.46581,1.8489,1.67044,1.70868,1.89287,1.81938,1.82151,47,,49,35,19,10,10,,,,,50,2.46581,2.46581,200,0.99,3.23944,4.36956,12.038,6,iso,14.26,0.4209,0.982591,False,1.5-2.5,True,iso,False,False
PanTS_00006157,1,3,train,Venous,0.783203,0.783203,1.25,2,1.25,75815,58131.8,98.4386,>=40,False,1,True,9,isoattenuating,0.619253,True,head,mask_ring,0.211558,inside,False,True,0.783203,58374,0.875394,58131.8,0.875064,7.29532,7.08919,6.076,4.57974,3.88191,3.59957,3.22043,2,1,1,3,4,2,1,2,7.08919,2,0.045986,50,7.29532,7.29532,200,0.01,5.34638,5.68583,12.6586,15.7511,14.4851,12.0395,8.10516,6.44287,5.72914,3,3,2,2,1,1,1,3,15.7511,2,0.00801861,50,15.7511,15.7511,200,0.005,5.45637,5.88892,26.0312,10,iso,12.6,0.7938,0.996544,False,<=1.5,True,iso,False,False
PanTS_00006178,1,0,train,Non-contrast,1.5,1.5,1.5,2,1.5,358,1208.25,17.6847,10-20,False,1,True,0,isoattenuating,0,False,head,mask_ring,0.196522,inside,False,True,48.2338,1215,1,1208.25,1,4.70186,3.45377,2.36552,1.85201,1.05984,1.17071,1.48855,19,,,40,,,,20,3.24552,1.5,0.020654,50,4.70186,4.70186,200,0.105,2.71101,8.82928,2.08486,2.23944,2.84501,3.09947,3.57552,4.00126,4.17373,,,,,,,,,,,,50,4.17373,4.17373,200,0.21,3.09813,9.55229,8.60728,2,iso,18.23,0.1097,0.00119488,True,<=1.5,False,iso,True,False
PanTS_00006183,1,3,train,Venous,0.753906,0.753906,2.5,2,2.5,2599,3693.01,25.665,20-40,False,1,True,-39,hypoattenuating,0,False,body,mask_ring,0.490015,inside,False,True,1.68579,3628,1,3693.01,1,2.59729,2.65946,2.60953,2.37962,1.88993,1.57094,1.75139,,,,36,14,,,,,,,50,2.65946,2.65946,200,0.965,3.5702,4.27501,3.26055,2.99653,2.88472,2.42813,2.68425,2.62208,2.55091,31,29,18,21,26,,,37,3.26055,1.5,0.51286,50,3.26055,3.26055,200,0.675,3.4852,4.60673,11.5888,-49,hypo,18.9,-2.593,0.270095,True,1.5-2.5,True,hypo,False,False
PanTS_00006193,1,3,train,Non-contrast,0.898438,0.898438,0.8,2,0.8,3164,2043.16,18.623,10-20,False,1,True,17,hyperattenuating,0,False,body,mask_ring,0.366832,inside,False,False,,2065,1,2043.16,1,2.69434,2.63379,2.40453,2.08206,1.34377,0.939676,0.983435,,,,,,,,,,,,50,2.69434,2.69434,200,0.34,2.58117,3.28391,2.66768,2.39592,2.26923,1.99282,1.90053,2.1863,2.30503,,,,48,32,12,7,,,,,50,2.66768,2.66768,200,0.955,3.3601,3.96006,9.87175,17,hyper,38.12,0.4459,0.119305,True,<=1.5,False,hyper,False,False
PanTS_00006201,1,4,train,Venous,0.951172,0.951172,2.5,2,2.5,2629,5946.33,31.1452,20-40,False,1,True,7,isoattenuating,0.377905,True,head,mask_ring,0.072821,inside,False,True,2.5,6024,1,5946.33,1,3.27068,2.77287,2.3542,1.86603,1.81548,1.35052,0.683932,13,13,12,12,7,2,1,13,3.27068,1.5,0.158095,50,3.27068,3.27068,200,0.525,3.44172,4.262,3.49652,3.02372,2.2874,2.18968,2.27601,2.20068,2.10695,,11,39,39,15,11,8,,,,,50,3.49652,3.49652,200,0.42,3.45332,3.98778,13.2388,3,iso,14.26,0.2104,0.992583,False,1.5-2.5,True,iso,True,False
PanTS_00006218,1,3,train,Venous,0.722656,0.722656,2.5,2,2.5,1780,2323.93,20.1982,20-40,False,1,True,-33,hypoattenuating,0.085049,True,head,mask_ring,0.351272,inside,False,True,0.722656,2322,0.978652,2323.93,0.976314,3.17283,2.71954,2.81823,2.84203,2.00318,1.56782,1.66226,,30,15,10,5,,,,,,,50,3.17283,3.179,200,0.745,3.44364,4.0877,2.37875,2.62163,2.61724,2.7721,2.91073,2.73625,2.57275,,39,24,23,18,,,,,,,50,2.91073,2.91073,200,0.805,3.75703,4.48727,10.217,-40,hypo,12.27,-3.261,0.992934,False,1.5-2.5,True,hypo,False,False
PanTS_00006222,1,3,train,Non-contrast,0.722656,0.722656,0.8,2,0.8,29747,12427.9,50.3717,>=40,False,1,True,0,isoattenuating,0.70987,True,head,mask_ring,0.214263,abutting,False,False,,12518,0.725317,12427.9,0.727672,3.42903,3.09392,2.73192,2.22398,2.33908,2.3738,2.38982,,,44,16,4,,,,,,,50,3.42903,4.55562,200,0.935,4.09849,4.92505,3.75946,3.62976,3.50726,3.38703,2.9055,3.14516,3.11685,5,4,4,3,5,5,4,7,3.75946,1.5,0.221821,50,3.75946,10.9395,200,0.48,3.72258,4.13735,16.3693,0,iso,33.15,0,0.996656,False,<=1.5,False,iso,True,False
PanTS_00006238,1,4,train,Venous,0.703125,0.703125,1.25,2,1.25,7412,4580.47,38.4332,20-40,False,1,True,-16,hypoattenuating,0,False,head,mask_ring,0.132526,inside,False,True,32.7463,4495,0.921749,4580.47,0.925028,2.84319,2.41685,2.25419,2.16336,1.848,1.63889,1.56409,,,29,18,,,,,,,,50,2.84319,2.84319,200,0.98,4.84298,6.41761,2.12283,1.94024,1.74423,1.51078,1.03257,0.880494,0.773323,,,,32,22,13,,,,,,50,2.12283,2.12283,200,1,4.58813,7.74113,12.3025,-14,hypo,14.26,-0.9821,0.491513,True,<=1.5,True,hypo,False,False
PanTS_00006256,1,1,train,Venous,0.644531,0.644531,5,2,5,2782,5778.5,24.8844,20-40,False,1,True,-53,hypoattenuating,0.687632,True,tail,mask_ring,0.851947,inside,False,True,20.6322,5780,1,5778.5,1,2.93126,2.58372,2.22736,1.97152,1.72584,1.81089,1.88297,,49,30,18,12,5,,,,,,50,2.93126,2.93126,200,0.975,4.06195,4.66361,7.96509,5.30237,4.51664,3.77559,2.65749,2.21776,1.93365,28,42,9,19,11,,,30,2.38865,1.5,0.193047,50,7.96509,7.96509,200,0.025,3.19751,3.93598,13.1321,-59,hypo,6.63,-8.898,0.997311,False,2.5-5,True,hypo,False,False
PanTS_00006257,1,0,train,Arterial,0.658203,0.658203,0.8,2,0.8,2197,761.447,32.1267,20-40,False,2,True,-1,isoattenuating,0,False,head,mask_ring,0.169256,abutting,False,False,,738,0.736914,761.447,0.737127,2.40078,1.84783,1.1869,0.810712,0.390292,-0.0569536,-0.0954007,,48,26,11,9,,,,,,,50,2.40078,2.40078,200,0.79,4.57136,7.42185,2.39442,2.41577,2.6315,2.27733,1.62715,1.48786,1.41285,,,,,,,,,,,,50,2.6315,3.21657,200,0.845,3.83336,6.27956,7.66479,-8,iso,18.57,-0.4309,0.000739361,True,<=1.5,True,iso,False,False
PanTS_00006257,2,0,train,Arterial,0.658203,0.658203,0.8,2,0.8,542,187.849,10.4844,10-20,False,2,False,-16,hypoattenuating,0,False,head,pc1_boundary,0.173917,abutting,False,False,,204,0.182657,187.849,0.176471,1.18298,0.898849,0.396037,0.318657,0.665848,0.710074,0.577081,,,,,,,,,,,,50,1.18298,3.10905,200,1,2.9909,6.96303,2.49636,2.35759,2.24745,2.08506,1.42425,1.4163,1.385,,,,,,,,,,,,50,2.49636,2.57986,200,0.73,3.19134,5.62774,5.55282,-17,hypo,18.57,-0.9157,0.000287976,True,<=1.5,True,hypo,False,True
PanTS_00006263,1,1,train,Venous,0.976562,0.976562,2.5,2,2.5,4784,11405.9,37.2502,20-40,False,1,True,24,hyperattenuating,0.65212,True,head,mask_ring,0.101468,inside,False,True,25,12029,1,11405.9,1,3.31802,2.72985,2.20121,1.82181,1.41347,1.03337,0.93699,23,,46,38,14,4,4,28,3.31802,1.5,0.0133618,50,3.31802,3.31802,200,0.91,3.74895,4.736,3.39951,3.44405,3.03318,2.72886,2.59792,2.53985,2.32317,23,41,27,24,22,17,7,,,,,50,3.44405,3.44405,200,0.74,3.95304,5.16446,15.9641,23,hyper,25.86,0.8895,0.996954,False,1.5-2.5,True,hyper,False,False
PanTS_00006268,1,2,train,Venous,0.744141,0.744141,1.5,2,1.5,14604,12130.3,52.6846,>=40,False,1,True,-12,hypoattenuating,0.622212,True,head,mask_ring,0.209917,abutting,False,True,10.7595,12153,0.50178,12130.3,0.506788,3.59954,2.70518,1.84157,1.64111,1.35829,1.29455,1.15456,,,,,,,,,,,,50,3.59954,3.59954,200,0.75,4.09194,4.76255,3.38611,3.06065,2.95805,2.72257,2.01543,1.09109,1.10635,,35,14,13,24,15,14,,,,,50,3.38611,3.38611,200,0.86,4.23393,5.44221,16.2537,-15,hypo,15.25,-0.9836,0.999674,False,<=1.5,True,hypo,False,False
PanTS_00006272,1,4,train,Venous,0.78125,0.78125,2.5,2,2.5,5422,8273.32,30.7912,20-40,False,1,True,-12,hypoattenuating,0.869236,True,head,mask_ring,0.263151,inside,False,True,0,8409,1,8273.32,1,3.59062,3.20247,3.15287,2.66964,1.52193,1.28216,0.985077,,,,37,9,1,1,,,,,50,3.59062,3.59062,200,0.695,3.79585,6.05572,3.07667,2.52673,2.19535,2.22102,2.47757,2.83766,2.70474,29,30,23,17,18,13,,35,3.07667,1.5,0.109565,50,3.07667,3.07667,200,0.95,3.84283,4.46225,14.5467,-25,hypo,15.58,-1.604,0.997826,False,1.5-2.5,True,hypo,False,False
PanTS_00006275,1,2,train,Arterial,1,1,1,2,1,1953,1953,23.4307,20-40,False,8,False,-13.0007,hypoattenuating,0,False,head,pc1_boundary,0.199544,inside,False,False,,1953,1,1953,1,2.63965,2.18732,1.48442,1.45156,1.33508,1.12861,0.923151,,,,,32,,,,,,,50,2.63965,2.63965,200,0.965,3.71441,4.95586,2.75459,2.18313,2.19309,2.03064,1.38259,1.21375,1.07071,,,,,,,,,,,,50,2.75459,2.75459,200,0.945,3.80647,9.31125,9.75422,-10.99,hypo,18.58,-0.5915,0.000200274,True,<=1.5,True,hypo,False,False
PanTS_00006275,2,2,train,Arterial,1,1,1,2,1,1845,1845,35.5668,20-40,False,8,False,-23.0106,hypoattenuating,0,False,head,mask_ring,0.112342,inside,False,False,,1845,1,1845,1,2.73006,2.52471,2.25834,1.97819,1.91601,1.77883,1.87556,,,,50,23,9,5,,,,,50,2.73006,2.73006,200,0.9,3.54333,4.94801,4.02941,4.14418,3.66282,3.17511,2.54186,2.14537,1.93753,,,,,,,,,,,,50,4.14418,4.14418,200,0.35,3.68181,9.12838,9.60856,-28.99,hypo,18.58,-1.561,8.22019e-05,True,<=1.5,True,hypo,False,False
PanTS_00006275,3,2,train,Arterial,1,1,1,2,1,39,39,5.74456,5-10,False,8,False,-3.99786,isoattenuating,0,False,head,pc1_boundary,0.327613,inside,False,False,,39,1,39,1,1.99642,1.6506,1.18623,1.009,1.19973,1.15022,0.987313,,,,,,,,,,,,50,1.99642,1.99642,200,0.685,2.29756,4.14011,1.98002,1.68673,1.28467,0.908202,0.583973,0.396896,0.280733,,,,,,,,,,,,50,1.98002,1.98002,200,0.83,2.49126,5.56459,4.10374,-3.998,iso,18.58,-0.2152,0.00183867,True,<=1.5,True,iso,True,False
PanTS_00006275,4,2,train,Arterial,1,1,1,2,1,3,3,2,<5,True,8,False,15.9915,hyperattenuating,0,False,head,pc1_boundary,0.334934,inside,False,False,,3,1,3,1,1.20401,0.977847,0.439025,0.365302,0.466686,0.432777,0.331563,,,,,,,,,,,,50,1.20401,1.20401,200,0.83,1.97674,3.73662,0.996371,0.616379,0.400337,0.52661,0.540947,0.525236,0.5277,,,,,,,,,,,,50,0.996371,0.996371,200,0.96,2.02322,4.29744,2.8947,15.99,hyper,18.58,0.8609,0.00124,True,<=1.5,True,hyper,False,False
PanTS_00006275,5,2,train,Arterial,1,1,1,2,1,2610,2610,34.4529,20-40,False,8,True,-14.0078,hypoattenuating,0.201539,True,head,mask_ring,0.400627,inside,False,False,,2610,1,2610,1,3.84677,3.86747,3.35401,2.84855,2.21601,1.66396,1.37325,25,24,18,20,15,,,40,3.86747,2,0.0216629,50,3.86747,3.86747,200,0.475,3.83776,5.09955,3.97965,5.02196,5.64392,5.83794,5.03785,3.85356,2.89166,,,,,,,,,,,,50,5.83794,5.83794,200,0.28,4.11674,9.87925,10.5412,-14.98,hypo,18.58,-0.8067,0.997804,False,<=1.5,True,hypo,False,False
PanTS_00006275,6,2,train,Arterial,1,1,1,2,1,3,3,2,<5,True,8,False,-23.9872,hypoattenuating,0,False,head,pc1_boundary,0.37836,inside,False,False,,3,1,3,1,0.492407,0.26492,0.24659,0.193092,0.26678,0.391339,0.442063,,,,,,,,,,,,50,0.492407,0.492407,200,0.975,1.93233,3.79376,1.55842,1.29588,1.06493,1.15436,1.27138,1.30801,1.18562,,,,,,,,,,,,50,1.55842,1.55842,200,0.85,2.13756,3.95611,2.8947,-23.99,hypo,18.58,-1.291,0.324985,True,<=1.5,True,hypo,False,False
PanTS_00006275,7,2,train,Arterial,1,1,1,2,1,690,690,14.4914,10-20,False,8,False,-24.9943,hypoattenuating,0,False,tail,pc1_boundary,0.894364,inside,False,False,,690,1,690,1,2.93031,2.96224,2.46572,2.50814,2.63686,2.45783,2.28766,,,,,,,,,,,,50,2.96224,2.96224,200,0.735,3.28094,4.76088,3.27158,2.62287,2.57229,2.79822,3.44131,3.85807,3.9437,,,,,,,,,,,,50,3.9437,3.9437,200,0.29,3.27101,9.10866,7.48176,-24.49,hypo,18.58,-1.318,3.23183e-05,True,<=1.5,True,hypo,False,True
PanTS_00006275,8,2,train,Arterial,1,1,1,2,1,87,87,12.8062,10-20,False,8,False,-23.9872,hypoattenuating,0,False,tail,pc1_boundary,0.999048,inside,False,False,,87,1,87,1,2.15347,1.76136,1.13296,0.753651,1.04073,1.34595,1.4754,,,,,,,,,,,,50,2.15347,2.15347,200,0.74,2.70428,4.2765,1.89386,1.77963,1.66242,1.39806,0.956003,0.624208,0.236311,,,,,,,,,,,,50,1.89386,1.89386,200,0.945,2.70643,5.09637,4.7488,-34.5,hypo,18.58,-1.857,0.000105135,True,<=1.5,True,hypo,False,True
PanTS_00006282,1,3,train,Non-contrast,0.730469,0.730469,0.853631,2,0.853631,1031,469.605,12.1016,10-20,False,1,True,-7,isoattenuating,0,False,head,mask_ring,,inside,False,True,13.4547,478,1,469.605,1,3.05895,2.7224,2.86749,2.57493,1.65325,0.887665,0.304123,13,34,34,27,9,5,,28,3.05895,1.5,0.388003,50,3.05895,3.05895,200,0.405,2.96914,3.78199,2.47854,2.47931,2.5149,2.42242,2.04589,1.99221,1.93153,,,,,,,,,,,,50,2.5149,2.5149,200,0.795,2.95055,3.60718,6.82186,1,iso,37.79,0.02646,0.00106913,True,<=1.5,False,iso,True,False
PanTS_00006287,1,0,train,Non-contrast,0.757812,0.757812,5,2,5,7091,20361.1,52.7457,>=40,False,2,True,-2,isoattenuating,0,False,tail,mask_ring,0.88513,inside,False,False,,20315,0.989564,20361.1,0.989663,4.53337,4.28094,4.23744,4.23508,3.78452,3.30767,3.00414,,,,37,20,,,,,,,50,4.53337,4.53337,200,0.97,6.44508,7.55889,4.99803,4.888,4.59656,4.22122,3.77754,3.64994,3.29402,20,5,4,4,1,1,1,13,4.888,2,0.510599,50,4.99803,5.07248,200,0.705,5.6507,10.7014,18.9396,7,iso,13.92,0.5027,0.406214,True,2.5-5,False,iso,False,False
PanTS_00006287,2,0,train,Non-contrast,0.757812,0.757812,5,2,5,1558,4473.63,36.9326,20-40,False,2,False,-3,isoattenuating,0.0478036,True,head,mask_ring,0.176125,inside,False,False,,4565,1,4473.63,1,4.21187,4.71355,4.30027,3.54327,2.47723,1.97935,1.7917,,,,46,,,,,,,,50,4.71355,4.71355,200,0.745,5.25757,7.24787,4.25759,3.79576,3.61964,3.29037,3.01205,2.7443,2.28131,29,16,10,11,6,6,7,30,4.25759,1.5,0.0313143,50,4.25759,4.25759,200,0.61,4.47825,10.0774,12.2217,-5,iso,13.92,-0.3591,0.985608,False,2.5-5,False,iso,True,False
PanTS_00006300,1,0,train,Venous,0.863281,0.863281,5,2,5,7840,29214,78.9633,>=40,False,4,True,-57,hypoattenuating,0,False,body,mask_ring,0.681037,abutting,False,True,48.6204,29280,0,29214,0,1.9203,1.6397,1.48557,1.36359,1.07411,0.680929,0.239795,,,,,,,,,,,,50,1.9203,2.39667,200,1,4.3363,5.05311,0.364634,0.577199,0.705366,0.778101,1.00522,1.37223,1.70002,,,,,,,,,,,,50,1.70002,2.34993,200,1,3.94459,5.10219,21.1059,-64,hypo,9.946,-6.435,0.127056,True,2.5-5,True,hypo,False,False
PanTS_00006300,2,0,train,Venous,0.863281,0.863281,5,2,5,1311,4885.14,31.3019,20-40,False,4,False,-69,hypoattenuating,0,False,body,pc1_boundary,0.469187,separated,True,True,69.4455,550,0,4885.14,0,,,,,,,,,,,,,,,,,,,50,,0.743757,,,,,,,,,,,,,,,,,,,,,,,50,,0.58136,,,,,12.526,-69,hypo,9.946,-6.938,0.0521343,True,2.5-5,True,hypo,False,False
PanTS_00006300,3,0,train,Venous,0.863281,0.863281,5,2,5,159,592.477,12.01,10-20,False,4,False,-53,hypoattenuating,0.00683554,True,head,pc1_boundary,0.353438,separated,True,True,49.9802,560,0,592.477,0,,,,,,,,,,,,,,,,,,,50,,1.24879,,,,,,,,,,,,,,,,,,,,,,,50,,0.436216,,,,,7.21028,-55,hypo,9.946,-5.53,0.913677,False,2.5-5,True,hypo,False,True
PanTS_00006300,4,0,train,Venous,0.863281,0.863281,5,2,5,786,2928.85,34.7776,20-40,False,4,False,-34,hypoattenuating,0.0264775,True,head,mask_ring,0.230421,abutting,False,True,20.3109,2930,0.197201,2928.85,0.205119,1.69971,1.68848,1.50258,1.24932,0.908312,0.712424,0.614342,,49,,15,,,,,,,,50,1.69971,2.35241,200,1,3.35882,4.98325,2.07772,2.01123,1.8411,1.85677,1.86014,1.79589,1.84506,,,,,,,,,,,,50,2.07772,3.1092,200,0.995,3.41211,4.81937,10.8757,-34.5,hypo,9.946,-3.469,0.973968,False,2.5-5,True,hypo,False,False
PanTS_00006304,1,1,train,Venous,0.8125,0.8125,2.5,2,2.5,1849,3051.57,23.7981,20-40,False,1,True,-12,hypoattenuating,0.636818,True,head,mask_ring,0.23247,inside,False,True,2.5,3040,1,3051.57,1,2.51526,2.47655,2.64184,2.56784,1.92323,1.34845,1.31911,,50,,27,7,4,2,,,,,50,2.64184,2.64184,200,0.945,3.30285,4.40922,3.84581,3.09557,2.53873,2.39575,1.80349,1.85173,1.85776,11,,,40,,,,12,3.84581,1.5,0.0441875,50,3.84581,3.84581,200,0.42,3.51317,6.59652,10.998,-18,hypo,13.59,-1.324,0.997608,False,1.5-2.5,True,hypo,False,False
PanTS_00006311,1,2,train,Non-contrast,0.824,0.824,5,2,5,109,370.042,14.1594,10-20,False,1,True,6,isoattenuating,0,False,head,mask_ring,0.238681,inside,False,False,,425,1,370.042,1,2.09141,1.75952,1.42305,1.36365,1.08487,0.84765,0.789715,,,,,,,,,,,,50,2.09141,2.09141,200,0.885,4.00586,5.36721,2.01273,1.70497,1.43295,1.22314,0.993371,0.934602,0.872725,,,,48,,,,,,,,50,2.01273,2.01273,200,0.875,3.33897,5.50384,6.4537,3,iso,5.636,0.5323,8.34963e-05,True,2.5-5,False,iso,True,False
PanTS_00006315,1,4,train,Venous,0.939453,0.939453,2.5,2,2.5,2706,5970.6,37.0666,20-40,False,1,True,28,hyperattenuating,0.481047,True,head,mask_ring,0.048479,inside,False,True,54.9686,6211,1,5970.6,1,2.58249,1.86328,1.46599,1.19988,1.22295,0.908466,0.574524,,,,,16,10,5,,,,,50,2.58249,2.58249,200,0.895,3.09317,3.66573,5.17199,4.33014,3.9082,3.58774,3.22255,3.0532,2.7638,1,2,,,26,13,8,1,5.17199,1.5,0.0159705,50,5.17199,5.17199,200,0,3.37534,4.01019,13.2541,26,hyper,19.56,1.329,0.997133,False,1.5-2.5,True,hyper,False,False
PanTS_00006319,1,3,train,Arterial,0.783203,0.783203,0.625,2,0.625,47289,18129.6,48.8418,>=40,False,1,True,-12,hypoattenuating,0.613566,True,head,mask_ring,0.0477431,abutting,False,True,5.90038,18271,0.473852,18129.6,0.472388,2.48417,2.17471,1.97551,1.82372,1.77045,1.53176,1.65221,,45,29,12,5,2,1,,,,,50,2.48417,3.19074,200,1,4.21433,4.26305,2.94883,2.53743,2.17024,2.01681,1.70304,1.58893,1.40596,22,18,20,14,6,7,,29,2.94883,1.5,0.209901,50,2.94883,2.94883,200,0.98,3.93506,5.12052,18.2967,-14,hypo,13.26,-1.056,0.996455,False,<=1.5,True,hypo,False,False
PanTS_00006331,1,4,train,Venous,0.671875,0.671875,2,2,2,5243,4733.55,31.0938,20-40,False,3,False,-67,hypoattenuating,0,False,head,mask_ring,0.286465,abutting,False,False,,4836,0.0230784,4733.55,0.0192308,2.02592,1.74965,1.76861,1.66951,1.22788,1.26204,1.00128,,,,,,,,,,,,50,2.02592,3.2431,200,1,4.14639,5.43164,1.50775,0.855804,0.732149,0.571483,0.434295,0.570537,0.579335,,,,,,,,,,,,50,1.50775,8.29471,200,1,4.61301,8.02875,12.416,-66,hypo,5.636,-11.71,4.98596e-05,True,1.5-2.5,True,hypo,False,False
PanTS_00006331,2,4,train,Venous,0.671875,0.671875,2,2,2,44715,40370.1,99.7207,>=40,False,3,True,-51,hypoattenuating,0,False,body,mask_ring,0.554523,abutting,False,False,,39892,0.146908,40370.1,0.142084,3.79503,3.68506,3.36406,3.13323,2.72596,2.23692,2.10662,,,30,20,9,6,,,,,,50,3.79503,5.01393,200,1,5.01147,5.68971,7.2571,5.91761,5.26819,5.08791,4.07949,3.18296,2.58021,2,5,6,9,31,,,7,7.2571,1.5,0.128598,50,7.2571,11.3744,200,0.36,6.67171,8.45065,23.2809,-51,hypo,5.636,-9.049,0.317903,True,1.5-2.5,True,hypo,False,False
PanTS_00006331,3,4,train,Venous,0.671875,0.671875,2,2,2,399,360.23,11.5355,10-20,False,3,False,-50,hypoattenuating,0,False,tail,mask_ring,1.01064,abutting,False,False,,304,0.383459,360.23,0.358553,2.55736,1.87027,1.45283,1.40784,1.46738,1.07952,0.521375,,,,,,,,,,,,50,2.55736,3.11666,200,0.64,3.01513,4.97942,1.01676,0.684936,0.399958,0.386264,1.51235,2.48002,3.0566,,,,,,,,,,,,50,3.0566,3.32492,200,0.6,3.27246,5.74708,6.41398,-50.5,hypo,5.636,-8.961,0.926835,True,1.5-2.5,True,hypo,False,True
PanTS_00006333,1,1,train,Venous,0.785156,0.785156,3,2,3,6564,12139.5,35.3614,20-40,False,1,True,2,isoattenuating,0.841782,True,head,mask_ring,0.204952,inside,False,True,2.35547,12117,1,12139.5,1,3.15856,3.14606,3.03415,2.82661,1.97659,1.59352,1.2793,13,20,42,17,8,2,2,16,3.10779,1.5,0.0795274,50,3.15856,3.15856,200,0.575,3.54378,4.17201,3.45677,3.07694,2.57374,2.42767,2.79758,2.98711,2.95869,7,31,25,12,8,9,7,16,3.45677,1.5,0.0791038,50,3.45677,3.45677,200,0.815,3.90177,4.1804,16.2573,-8,iso,10.61,-0.7541,0.997479,False,2.5-5,True,iso,False,False
PanTS_00006340,1,2,train,Non-contrast,0.898438,0.898438,0.8,2,0.8,1550,1000.92,16.7939,10-20,False,1,True,-4,isoattenuating,0,False,head,mask_ring,0.137071,embedded,False,False,,969,0.857419,1000.92,0.833849,3.20231,3.25646,3.15316,2.86856,2.16759,1.47619,0.791103,,,,,,,,,,,,50,3.25646,3.25646,200,0.69,3.65321,4.50834,8.05287,6.39892,4.40467,3.06315,2.45649,1.6201,1.56164,1,1,2,,,,,1,8.05287,1.5,0.572455,50,8.05287,8.05287,200,0,3.13961,4.62474,8.2054,-5,iso,36.8,-0.1359,8.88808e-05,True,<=1.5,False,iso,True,False
PanTS_00006350,1,0,train,Arterial,1.5,1.5,1.5,2,1.5,4818,16260.8,48.3037,>=40,False,1,True,-16,hypoattenuating,0.574734,True,head,mask_ring,0.207436,inside,False,True,1.5,16371,0.946451,16260.8,0.947224,4.05527,2.65138,2.27827,2.0181,2.16828,2.16554,1.91619,23,40,39,24,5,2,2,27,3.26245,1.5,0.0804378,50,4.05527,4.05527,200,0.155,3.44416,4.38285,7.88575,6.30533,7.07717,6.97159,5.53448,4.10869,3.13602,1,1,1,1,1,1,1,1,7.88575,1.5,0.427679,50,7.88575,7.88575,200,0,5.29708,7.32383,17.7163,-16,hypo,40.11,-0.3989,0.999791,False,<=1.5,True,hypo,False,False
PanTS_00006351,1,3,train,Arterial,0.625,0.625,0.8,2,0.8,15887,4964.69,31.2624,20-40,False,1,True,-2,isoattenuating,0.544695,True,head,mask_ring,0.12699,inside,False,True,18.45,4997,1,4964.69,1,3.78631,3.85283,3.41017,3.26993,2.52519,1.83741,1.34311,47,10,10,21,5,,,,,,,50,3.85283,3.85283,200,0.725,4.10293,5.07061,3.00526,2.77926,2.61592,2.3469,2.0287,2.07161,2.23178,,38,23,23,13,8,8,,,,,50,3.00526,3.00526,200,0.94,3.99508,4.99942,12.5828,-3,iso,13.92,-0.2155,0.998193,False,<=1.5,True,iso,True,False
PanTS_00006353,1,3,train,Non-contrast,0.820312,0.820312,0.8,2,0.8,25319,13630,45.9136,>=40,False,2,True,8,isoattenuating,0.490078,True,head,mask_ring,0.183701,embedded,False,True,63.6481,13536,0.612228,13630,0.616283,3.58602,2.84376,2.6294,2.55181,1.97816,1.518,1.0965,3,6,15,11,4,,,3,3.58602,1.5,0.0382135,50,3.58602,3.58602,200,0.165,3.00141,3.90081,10.5095,10.0021,8.97223,8.12728,5.97283,4.50628,3.81195,2,1,3,3,14,5,5,2,10.5095,1.5,0.47116,50,10.5095,10.7726,200,0.125,9.19032,10.5095,16.8184,12,hyper,41.44,0.2896,0.996584,False,<=1.5,False,hyper,False,False
PanTS_00006353,2,3,train,Non-contrast,0.820312,0.820312,0.8,2,0.8,1035,557.171,14.8816,10-20,False,2,False,5,isoattenuating,0,False,body,mask_ring,0.424182,inside,False,True,55.9801,612,1,557.171,1,2.8409,2.01781,1.47375,1.29754,1.02958,0.71114,0.565525,20,44,46,23,6,,,22,2.8409,1.5,0.0541245,50,2.8409,2.8409,200,0.185,2.4223,3.17985,7.70189,5.52267,4.1441,3.55656,3.23555,3.25859,3.2735,33,27,28,,21,,,34,5.2348,1.5,0.487187,50,7.70189,7.70189,200,0.135,3.37776,9.23917,7.10466,12,hyper,41.44,0.2896,0.425217,True,<=1.5,False,hyper,False,False
PanTS_00006384,1,3,train,Venous,0.970703,0.970703,2.5,2,2.5,5995,14122.2,42.0323,>=40,False,1,True,-28,hypoattenuating,0.814047,True,head,mask_ring,0.223072,inside,False,True,2.17056,14286,1,14122.2,1,3.37904,2.87714,2.54009,2.39501,1.96886,1.81463,1.54547,,,,,12,3,2,,,,,50,3.37904,3.37904,200,0.66,3.50191,4.11532,5.99379,4.32088,2.8752,2.39991,1.92437,1.62328,1.85313,1,2,7,17,21,12,12,1,5.99379,1.5,0.328686,50,5.99379,5.99379,200,0,3.73884,4.80098,16.9947,-35,hypo,20.89,-1.676,0.997444,False,1.5-2.5,True,hypo,False,False
PanTS_00006394,1,4,train,Non-contrast,0.746094,0.746094,0.8,2,0.8,2650,1180.11,15.5312,10-20,False,1,True,-19,hypoattenuating,0,False,head,mask_ring,0.112866,inside,False,False,,1156,1,1180.11,1,3.38314,2.06603,1.98281,1.69355,0.795668,0.526328,0.469597,,,,24,7,3,,,,,,50,3.38314,3.38314,200,0.72,4.0466,5.13344,2.36266,2.2154,2.5594,2.58941,2.2153,1.7746,1.63345,,,,,,,,,,,,50,2.58941,2.58941,200,0.88,3.39676,4.36958,8.55558,-24,hypo,24.86,-0.9653,0.00120189,True,<=1.5,False,hypo,False,False
PanTS_00006413,1,3,train,Arterial,0.742188,0.742188,1.25,2,1.25,2695,1855.65,19.7053,10-20,False,1,True,-40,hypoattenuating,0,False,body,mask_ring,0.472668,inside,False,True,0,1862,0.981076,1855.65,0.974221,2.44339,2.11574,1.96495,1.6771,1.35564,1.1939,1.05156,,,36,23,8,,,,,,,50,2.44339,2.44339,200,0.865,2.95652,5.04717,3.25384,3.06462,2.45374,2.31012,2.25023,2.38444,2.15403,49,27,35,28,19,,,,,,,50,3.25384,3.25384,200,0.705,4.41459,9.41703,9.62318,-43,hypo,18.57,-2.316,0.000545277,True,<=1.5,True,hypo,False,True
PanTS_00006422,1,1,train,Non-contrast,0.898438,0.898438,0.8,2,0.8,5285,3412.8,27.1717,20-40,False,1,True,11,hyperattenuating,0,False,head,mask_ring,0.305895,inside,False,False,,3427,1,3412.8,1,1.99235,2.13058,2.08053,1.89495,1.52774,1.17795,0.975821,,,39,,,,,,,,,50,2.13058,2.13058,200,0.965,2.71308,3.26338,3.20929,2.56039,2.1064,2.02337,1.94349,2.11465,2.32786,41,,,,35,14,,,,,,50,3.20929,3.20929,200,0.725,3.48708,4.719,11.3399,13,hyper,45.42,0.2862,0.000712446,True,<=1.5,False,hyper,False,False
PanTS_00006430,1,1,train,Arterial,0.742188,0.742188,1.25,2,1.25,49599,34151.6,53.6613,>=40,False,1,True,20,hyperattenuating,0.222385,True,head,mask_ring,0.393986,inside,False,False,,34106,0.995202,34151.6,0.995016,4.84434,4.88965,4.61957,4.63736,4.03873,3.50711,2.88703,13,5,4,3,1,1,1,13,4.58713,1.5,0.0885417,50,4.88965,5.08067,200,0.925,5.95123,6.53178,10.1265,7.19441,4.88342,3.30251,3.47944,3.45749,2.9363,2,1,6,10,8,5,4,2,10.1265,1.5,0.566089,50,10.1265,10.1265,200,0.35,6.10825,12.2843,22.1268,-27,hypo,17.9,-1.508,0.914367,False,<=1.5,True,hypo,False,False
PanTS_00006432,1,0,train,Non-contrast,0.683594,0.683594,2.5,2,2.5,7913,9244.38,35.2134,20-40,False,1,True,-26,hypoattenuating,0.863051,True,head,mask_ring,0.181997,inside,False,True,0.683594,9227,1,9244.38,1,5.96345,5.07334,4.89832,5.05257,4.59905,3.56352,2.69226,8,11,3,2,10,8,4,9,5.96345,1.5,0.178539,50,5.96345,5.96345,200,0.31,4.90274,9.0315,4.24535,2.92262,2.6963,2.95283,3.26087,2.75339,2.01479,20,19,43,,10,13,,29,3.27688,1.5,0.0575395,50,4.24535,4.24535,200,0.265,3.87376,6.12487,15.0196,-35,hypo,10.28,-3.406,0.999781,False,1.5-2.5,False,hypo,False,False
PanTS_00006447,1,0,train,Non-contrast,1.36719,1.36719,3.27002,2,3.27002,979,5983.97,31.9677,20-40,False,1,True,0,isoattenuating,0,False,head,mask_ring,0.168857,inside,False,True,1.36719,5836,0.972421,5983.97,0.971556,3.48569,3.32046,3.1325,2.87694,2.06586,1.45167,1.03972,42,20,11,5,1,1,1,43,2.5193,1.5,0.289413,50,3.48569,3.93172,200,0.875,4.57224,5.45988,3.92947,3.63989,3.37332,2.93722,2.33203,2.05373,1.94145,44,39,11,11,9,7,,49,2.9106,1.5,0.0597984,50,3.92947,3.92947,200,0.705,4.33151,5.23632,13.2625,-3,iso,6.299,-0.4763,0.00101624,True,2.5-5,False,iso,True,False
PanTS_00006466,1,4,train,Venous,0.976562,0.976562,2.5,2,2.5,1856,4425.04,29.9318,20-40,False,1,True,-27,hypoattenuating,0.564187,True,head,mask_ring,0.0482826,abutting,False,True,25.3786,4583,0.0721983,4425.04,0.0840061,2.43376,1.96227,1.89654,1.77649,1.31221,1.11313,0.939309,,,,33,,,,,,,,50,2.43376,3.18639,200,1,3.97174,5.19101,1.90714,2.14757,1.79041,1.70884,1.71853,1.48761,1.37484,,,,,,,,,,,,50,2.14757,2.85808,200,0.995,3.64589,5.07616,12.1846,-30,hypo,14.26,-2.104,0.910863,False,1.5-2.5,True,hypo,False,False
PanTS_00006467,1,3,train,Venous,0.730469,0.730469,2.5,2,2.5,4645,6196.26,29.176,20-40,False,1,True,14,hyperattenuating,0,False,head,mask_ring,0.149451,inside,False,True,0,6150,1,6196.26,1,6.06389,5.52539,5.04418,4.37469,3.2203,2.71172,2.32658,,43,31,19,11,,,,,,,50,6.06389,6.06389,200,0.07,4.51673,7.93745,3.76459,3.26732,3.17381,3.04144,2.52484,2.43669,2.58317,25,39,11,10,15,20,16,28,3.76459,1.5,0.0380584,50,3.76459,3.76459,200,0.765,4.23167,5.65654,13.3941,14,hyper,10.94,1.28,0.0286799,True,1.5-2.5,True,hyper,False,False
PanTS_00006483,1,0,train,Arterial,0.742188,0.742188,1.25,2,1.25,61036,42026.6,81.9064,>=40,False,1,True,2,isoattenuating,0.766384,True,head,mask_ring,0.368434,inside,False,True,0,41995,0.939216,42026.6,0.93754,9.13169,8.39342,7.12404,5.9768,5.10452,4.9658,4.14806,2,1,7,4,2,,,2,9.13169,1.5,0.0857553,50,9.13169,9.13169,200,0.145,6.32189,9.23035,14.2131,14.6402,12.8898,12.4752,10.6383,8.84621,6.91588,8,7,5,6,7,6,3,12,12.5669,1.5,0.364012,50,14.6402,14.6402,200,0.405,8.57652,16.9851,23.5681,13,hyper,13.59,0.9564,0.999729,False,<=1.5,True,hyper,False,False
PanTS_00006513,1,4,train,Venous,0.744141,0.744141,1.5,2,1.5,14728,12233.3,52.8263,>=40,False,1,True,-11,hypoattenuating,0.669546,True,head,mask_ring,0.209504,abutting,False,True,10.7595,12147,0.501562,12233.3,0.500041,3.40302,2.55217,1.7824,1.52818,1.52772,1.38468,1.19977,,,,48,,,,,,,,50,3.40302,3.40302,200,0.855,4.07314,4.60403,3.53958,3.14627,3.03176,2.72145,1.98003,1.07986,1.01499,,24,11,12,25,18,16,,,,,50,3.53958,3.53958,200,0.865,4.17241,4.88565,16.2939,-14,hypo,15.25,-0.918,0.993624,False,<=1.5,True,hypo,False,False
PanTS_00006519,1,4,train,Venous,0.863281,0.863281,5,2,5,12934,48195.6,62.9664,>=40,False,1,True,21,hyperattenuating,0.0287821,True,head,mask_ring,0.184244,inside,False,False,,48240,1,48195.6,1,8.65096,7.94073,8.14243,8.10286,7.84656,6.61206,4.98666,3,3,3,4,4,3,3,3,8.65096,1.5,0.10295,50,8.65096,8.65096,200,0.015,7.02271,7.07714,6.3361,5.49919,4.87035,4.24377,4.02831,4.88572,5.00352,2,3,2,3,3,2,3,2,5.88557,1.5,0.221956,50,6.3361,8.66388,200,0,5.72093,5.74527,24.5756,25,hyper,9.614,2.6,0.996176,False,2.5-5,True,hyper,False,False
PanTS_00006523,1,0,train,Arterial,0.78125,0.78125,0.8,2,0.8,796,388.672,12.9286,10-20,False,1,True,-10,isoattenuating,0.122107,True,head,mask_ring,0.10311,inside,False,True,72.2411,334,1,388.672,1,1.82762,1.69479,1.39621,1.07109,0.652673,0.537613,0.44238,,,,,,,,,,,,50,1.82762,1.82762,200,0.835,2.3588,3.08943,1.99274,1.4535,1.0464,0.880384,0.984733,1.29933,1.57447,,,,,,,,,,,,50,1.99274,1.99274,200,0.865,2.62962,3.5911,6.52722,-10,iso,33.48,-0.2987,0.999749,False,<=1.5,True,iso,False,False
PanTS_00006525,1,2,train,Venous,0.610677,0.610677,5,2,5,12154,22662.7,60.6945,>=40,False,1,True,-17,hypoattenuating,0,False,tail,mask_ring,0.673952,abutting,False,False,,22580,0.164555,22662.7,0.163508,3.97313,3.91277,3.47095,2.97429,2.1959,1.71166,1.65407,,45,14,8,5,,,,,,,50,3.97313,5.13491,200,1,5.98835,8.00688,3.13191,3.02527,2.87984,2.61655,1.8278,1.7248,1.79054,42,49,40,28,,,,45,3.04464,1.5,0.195971,50,3.13191,3.80952,200,0.905,4.66504,6.14422,19.5553,-17,hypo,4.973,-3.419,0.064124,True,2.5-5,True,hypo,False,False
PanTS_00006536,1,3,train,Arterial,0.847656,0.847656,2.5,2,2.5,363,652.058,23.0229,20-40,False,2,False,-50,hypoattenuating,0,False,tail,mask_ring,0.911542,abutting,False,True,107.99,707,0.0964187,652.058,0.101839,2.04887,1.36783,1.31477,1.58527,1.74968,1.6461,1.34448,,,,,,,,,,,,50,2.04887,2.45013,200,0.92,3.67056,4.99682,1.13449,1.03088,0.82204,0.692439,0.952996,0.887743,0.771181,,,,,,,,,,,,50,1.13449,1.13449,200,0.995,3.11742,5.37208,7.37938,-55,hypo,8.288,-6.636,0.000163465,True,1.5-2.5,True,hypo,False,False
PanTS_00006536,2,3,train,Arterial,0.847656,0.847656,2.5,2,2.5,384,689.78,16.3992,10-20,False,2,True,-58,hypoattenuating,0.325926,True,tail,mask_ring,1.00905,abutting,False,True,124.688,684,0.210938,689.78,0.20614,1.56517,1.37357,1.21466,1.2072,0.912474,0.605925,0.430451,,,,,,,,,,,,50,1.56517,2.08759,200,0.945,3.52765,5.02025,1.33591,1.16853,1.12149,0.980245,1.24977,1.39668,1.56339,,,,,,,,,,,,50,1.56339,2.95689,200,0.975,3.00109,5.20238,7.48118,-62.5,hypo,8.288,-7.541,0.997594,False,1.5-2.5,True,hypo,False,True
PanTS_00006559,1,1,train,Venous,0.861328,0.861328,2.5,2,2.5,688,1276.04,17.4253,10-20,False,1,True,39,hyperattenuating,0,False,head,mask_ring,0.136434,inside,False,False,,1304,1,1276.04,1,2.69301,1.85525,1.68138,1.93053,2.44818,2.13043,1.22103,,32,36,,,,,,,,,50,2.69301,2.69301,200,0.535,2.77872,3.21515,2.106,2.25501,3.08737,3.86507,4.90541,5.01215,4.4615,,31,18,8,2,1,,16,2.75289,4,0.37879,50,5.01215,5.01215,200,0.235,2.98523,8.73911,8.72861,42,hyper,12.93,3.248,0.000129316,True,1.5-2.5,True,hyper,False,True
PanTS_00006576,1,0,train,Non-contrast,0.78125,0.78125,0.8,2,0.8,11981,5850.1,32.6526,20-40,False,2,True,4,isoattenuating,0.209857,True,head,mask_ring,0.152696,inside,False,True,72.6681,5814,1,5850.1,1,2.67485,2.91348,2.63676,2.10036,1.5391,1.3524,1.05373,43,19,48,,10,,,31,2.91348,2,0.270035,50,2.91348,2.91348,200,0.63,3.0417,3.75168,2.73873,2.3214,2.35551,2.13478,1.75232,1.61679,1.65089,,,,42,28,26,,,,,,50,2.73873,2.73873,200,0.91,3.36732,4.11045,13.1778,5,iso,64.65,0.07734,0.992452,False,<=1.5,False,iso,True,False
PanTS_00006576,2,0,train,Non-contrast,0.78125,0.78125,0.8,2,0.8,956,466.797,15.6394,10-20,False,2,False,-17,hypoattenuating,0,False,head,mask_ring,0.194873,inside,False,True,80.6084,447,1,466.797,1,2.33098,2.27291,1.89947,1.5039,0.823791,0.125169,0.237526,,,,,,,,,,,,50,2.33098,2.33098,200,0.61,2.45529,3.40264,2.51734,2.41771,2.63241,2.53181,2.41482,2.1136,1.79395,,,,44,5,,,,,,,50,2.63241,2.63241,200,0.735,2.90225,3.66573,6.81223,-17,hypo,64.65,-0.263,3.48081e-05,True,<=1.5,False,hypo,False,False
PanTS_00006616,1,4,train,Venous,0.677734,0.677734,5,2,5,2205,5064.04,26.9199,20-40,False,1,True,18,hyperattenuating,0.718301,True,head,mask_ring,0.175666,inside,False,True,1.35547,5095,1,5064.04,1,3.26534,2.90413,2.57466,2.19093,1.72366,1.38111,1.11621,,,,,,,,,,,,50,3.26534,3.26534,200,0.965,4.2804,5.55689,2.71449,2.23643,1.9563,1.809,1.55268,1.35911,1.33937,,,42,29,18,12,7,,,,,50,2.71449,2.71449,200,0.94,3.84043,6.47679,12.6529,22,hyper,7.293,3.016,0.997285,False,2.5-5,True,hyper,False,False
PanTS_00006650,1,2,train,Arterial,0.771484,0.771484,2.5,2,2.5,2270,3377.69,35.2738,20-40,False,1,True,-3,isoattenuating,0,False,tail,mask_ring,0.813664,inside,False,True,0.771484,3421,0.993392,3377.69,0.990061,4.6988,4.69059,4.12827,3.66449,3.2275,3.00449,2.55588,,29,19,14,8,6,,,,,,50,4.6988,5.64028,200,0.905,6.57653,10.2482,16.1806,11.3673,8.06318,6.3606,4.09899,3.03237,2.61547,,48,,37,,4,5,,,,,50,16.1806,16.4746,200,0,4.38243,6.38811,11.3077,0,iso,6.299,0,0.0243998,True,1.5-2.5,True,iso,True,False
PanTS_00006654,1,3,train,Venous,0.724609,0.724609,1.25,2,1.25,68489,44950.9,105.198,>=40,False,1,True,-18,hypoattenuating,0.658057,True,body,mask_ring,0.674599,inside,False,True,0,44882,0.997474,44950.9,0.997126,5.26784,5.51847,4.76136,4.17464,3.81411,3.82328,4.23855,16,5,4,11,12,7,3,11,5.51847,2,0.0426099,50,5.51847,5.51847,200,0.745,7.50408,7.50408,6.74819,6.88494,6.47095,6.10067,5.22671,4.77895,4.54155,23,13,7,2,4,1,1,23,4.74767,1.5,0.274336,50,6.88494,6.88494,200,0.78,7.37923,8.34816,24.0572,-15,hypo,11.6,-1.293,0.996249,False,<=1.5,True,hypo,False,False
PanTS_00006661,1,3,train,Non-contrast,0.640625,0.640625,5,2,5,919,1885.79,20.3585,20-40,False,1,True,-6,isoattenuating,0,False,head,mask_ring,0.387207,inside,False,False,,1900,0.815016,1885.79,0.809474,2.79415,2.50955,1.93448,1.53281,1.09857,0.954664,0.777208,,41,23,16,6,2,,,,,,50,2.79415,3.66675,200,0.94,7.43567,11.6988,1.66861,1.3696,1.20633,0.946228,0.617101,0.505735,0.411453,,,,,,,,,,,,50,1.66861,2.50082,200,0.995,5.23248,9.39484,9.66422,-10,iso,4.641,-2.155,0.000425543,True,2.5-5,False,iso,False,False
PanTS_00006665,1,2,train,Non-contrast,0.921875,0.921875,2.5,2,2.5,6777,14398.6,35.2128,20-40,False,1,True,26,hyperattenuating,0.879654,True,head,mask_ring,0.39409,inside,False,False,,14474,1,14398.6,1,5.37524,4.16859,3.53495,2.76257,1.98018,1.3559,1.24703,1,1,1,2,2,2,,1,5.36397,1.5,0.0347917,50,5.37524,5.37524,200,0,3.39737,4.47099,14.5208,9.79176,8.98999,8.80583,7.6393,6.23523,5.0145,3,7,3,2,3,4,,3,12.0155,1.5,0.345537,50,14.5208,14.5208,200,0.16,3.22794,14.8571,17.0919,28,hyper,10.44,2.681,0.999376,False,1.5-2.5,False,hyper,False,False
PanTS_00006707,1,2,train,Venous,0.931641,0.931641,5,2,5,1013,4396.19,24.298,20-40,False,1,True,-5,isoattenuating,0,False,head,mask_ring,0.168703,inside,False,False,,4355,0.989141,4396.19,0.989437,5.33211,3.96809,3.31651,2.71145,2.36768,2.48926,2.57194,6,6,7,3,,,,7,4.87002,1.5,0.0870468,34,5.33211,6.09907,200,0.595,7.88542,8.45143,5.05236,5.70166,5.98723,5.46793,3.86889,2.69752,2.9988,6,4,4,2,1,1,2,6,4.23371,1.5,0.0579764,50,5.98723,11.7048,200,0.765,16.1148,16.1148,12.1624,-7,iso,8.288,-0.8446,0.000181644,True,2.5-5,True,iso,False,False
PanTS_00006710,1,2,train,Venous,0.777344,0.777344,1.25,2,1.25,4192,3166.34,24.4001,20-40,False,1,True,-11,hypoattenuating,0.389241,True,head,mask_ring,0.181144,inside,False,True,3.32928,3181,1,3166.34,1,1.76386,1.46688,1.32106,1.36928,1.37678,0.972405,0.425512,,,,44,8,5,4,,,,,50,1.76386,1.76386,200,1,3.49495,4.10727,1.53525,1.06121,1.05101,1.25382,1.23178,1.54672,1.97749,,,,,,,,,,,,50,1.97749,1.97749,200,0.99,3.27355,4.33505,11.1094,-24,hypo,21.88,-1.097,0.998221,False,<=1.5,True,hypo,False,False
PanTS_00006734,1,4,train,Arterial,0.722656,0.722656,2.5,2,2.5,388,506.565,13.3251,10-20,False,1,True,8,isoattenuating,0,False,head,mask_ring,0.250115,inside,False,True,5.68872,500,1,506.565,1,1.62593,1.27908,1.11948,0.981098,0.625104,0.467689,0.307575,,,,,,,,,,,,50,1.62593,1.62593,200,0.95,2.97519,4.33811,2.26587,1.69724,1.52381,1.54152,1.45198,1.07652,1.01559,,,,45,,10,,,,,,50,2.26587,2.26587,200,0.775,2.66342,4.20695,6.94518,7,iso,10.28,0.6811,0.481774,True,1.5-2.5,True,iso,False,False
PanTS_00006741,1,0,train,Venous,0.796875,0.796875,5,2,5,321,1019.19,25.517,20-40,False,1,True,-13,hypoattenuating,0,False,body,mask_ring,0.611356,inside,False,True,42.492,1055,1,1019.19,0.997156,4.02747,3.40533,3.45512,3.22755,2.54933,1.99615,1.62538,,,,,5,,,,,,,50,4.02747,4.03137,200,0.59,4.40586,7.67385,2.35596,2.04547,1.35865,1.15893,0.859143,0.900592,1.26015,,47,32,21,13,,,,,,,50,2.35596,2.35596,200,0.905,3.96653,8.11955,8.24294,-13.5,hypo,7.625,-1.771,0.00153075,True,2.5-5,True,hypo,False,False
PanTS_00006746,1,2,train,Venous,0.886719,0.886719,0.625,2,0.625,27558,13542.5,40.9182,>=40,False,1,True,-16,hypoattenuating,0.843351,True,head,mask_ring,0.101587,embedded,False,True,8.125,13555,0.522171,13542.5,0.512136,2.69836,2.40867,2.11826,1.7102,1.18042,1.23393,1.6551,,,,28,11,3,1,,,,,50,2.69836,3.64725,200,1,5.14437,6.02786,3.76692,3.02922,2.70957,2.47159,1.95072,1.84962,1.83562,,,,25,,10,,,,,,50,3.76692,4.02055,200,0.7,4.04447,5.04333,16.7867,-18,hypo,9.614,-1.872,0.999786,False,<=1.5,True,hypo,False,False
PanTS_00006754,1,1,train,Venous,0.761719,0.761719,5,2,5,2343,6797.23,25.0025,20-40,False,1,True,-37,hypoattenuating,0.934151,True,tail,mask_ring,0.828544,inside,False,True,55.3144,6830,0.847204,6797.23,0.849195,2.88062,2.4486,2.40567,2.2198,1.75167,1.75866,1.85624,,,,33,13,7,,,,,,50,2.88062,2.97007,200,1,4.33496,4.91252,3.03488,3.02492,2.93837,2.73446,2.34695,2.03112,1.9376,35,10,6,3,3,3,3,36,2.74245,1.5,0.34366,50,3.03488,3.03488,200,0.87,3.96229,5.68454,13.7512,-32,hypo,11.27,-2.839,0.997575,False,2.5-5,True,hypo,False,False
PanTS_00006755,1,1,train,Arterial,0.738281,0.738281,0.8,2,0.8,1563,681.542,14.8235,10-20,False,2,False,-11,hypoattenuating,0,False,head,mask_ring,0.236289,abutting,False,False,,653,0.71785,681.542,0.716692,2.8171,1.96467,1.17743,1.44498,1.72242,1.27712,0.614732,8,13,5,4,,,,9,2.8171,1.5,0.404075,50,2.8171,3.09924,200,0.555,2.91015,3.77305,3.0439,3.22334,2.94267,2.63976,2.34443,2.10152,2.19102,44,32,19,13,,,,47,2.24122,1.5,0.11132,50,3.22334,3.49473,200,0.7,3.63187,7.1465,7.45927,-11,hypo,64.65,-0.1702,2.81887e-05,True,<=1.5,True,hypo,False,True
PanTS_00006755,2,1,train,Arterial,0.738281,0.738281,0.8,2,0.8,1952,851.164,23.8824,20-40,False,2,True,-12,hypoattenuating,0,False,head,mask_ring,0.234526,inside,False,False,,815,0.849898,851.164,0.867485,3.59523,3.5611,3.3319,2.59944,0.965983,0.0470373,-0.356577,3,33,14,,,,,28,2.07056,1.5,0.476751,50,3.59523,4.1809,200,0.1,2.91015,3.99154,2.45523,2.56444,2.60952,2.67583,2.83215,2.84168,2.7313,29,18,12,10,,,,29,2.60952,2.5,0.211418,50,2.84168,2.87058,200,0.92,3.63187,7.1465,7.87906,-14,hypo,64.65,-0.2166,0.000318751,True,<=1.5,True,hypo,False,False
PanTS_00006772,1,2,train,Venous,0.782,0.782,0.8,2,0.8,174254,85248.4,89.8447,>=40,False,1,True,-45,hypoattenuating,0.84519,True,body,mask_ring,0.647966,abutting,False,True,15.0978,85258,0.638551,85248.4,0.639928,4.20741,4.02183,3.83009,3.6983,3.16387,2.97153,2.72564,42,,32,35,5,9,4,,,,,50,4.20741,4.20741,200,1,5.10113,5.32489,5.05992,4.46901,3.6588,3.02567,3.05621,2.98802,2.78467,7,7,25,17,8,7,10,11,5.05992,1.5,0.116952,50,5.05992,5.37072,200,0.985,7.20842,8.22332,29.3023,-43,hypo,10.94,-3.93,0.998454,False,<=1.5,True,hypo,False,False
PanTS_00006786,1,4,train,Venous,0.871094,0.871094,2.5,2,2.5,20737,39338.3,60.4872,>=40,False,1,True,-65,hypoattenuating,0.917377,True,head,mask_ring,0.388473,inside,False,True,2.61328,39260,1,39338.3,1,3.49622,3.50278,3.17987,2.75699,2.27939,2.13646,2.08515,30,12,11,13,5,3,4,30,3.50278,2,0.0562143,50,3.50278,3.50278,200,0.94,3.9768,5.32751,4.00802,3.51611,2.86286,2.75627,2.65063,1.84032,1.69658,9,5,11,46,24,15,10,12,4.00802,1.5,0.00138399,50,4.00802,4.00802,200,0.78,4.83363,6.70445,23.0981,-70,hypo,17.9,-3.91,0.99547,False,1.5-2.5,True,hypo,False,False
PanTS_00006795,1,0,train,Arterial,0.742188,0.742188,1.25,2,1.25,41646,28675.5,91.0432,>=40,False,1,True,-18,hypoattenuating,0.134991,True,head,mask_ring,0.199618,inside,False,True,0,28766,0.99952,28675.5,0.999096,5.00482,3.95813,3.31994,3.27177,2.93515,2.71464,2.19605,5,13,19,20,2,1,2,5,5.00482,1.5,0.0925843,50,5.00482,5.00482,200,0.655,5.11155,5.56406,7.07004,5.71177,4.3898,3.52364,3.42387,2.85161,2.59704,11,9,13,10,11,12,11,12,7.07004,1.5,0.256942,50,7.07004,7.07004,200,0.635,8.38384,11.1491,20.9878,-20,hypo,15.25,-1.311,0.997317,False,<=1.5,True,hypo,False,False
PanTS_00006802,1,0,train,Venous,0.976562,0.976562,2.5,2,2.5,491,1170.63,15.5019,10-20,False,1,True,-9,isoattenuating,0,False,head,mask_ring,0.238018,inside,False,True,0,1088,1,1170.63,1,6.50051,4.96592,3.42038,2.97892,2.30784,2.05319,1.81597,7,4,5,13,6,4,,8,4.40792,1.5,0.0575524,50,6.50051,6.50051,200,0.015,3.34756,4.45488,2.30514,2.12116,1.81885,1.5711,2.11197,2.4887,2.54693,,50,,41,,,,,,,,50,2.54693,2.54693,200,0.79,2.90211,9.51338,8.53799,-2,iso,10.94,-0.1828,0.401394,True,1.5-2.5,True,iso,True,False
PanTS_00006816,1,1,train,Venous,0.839844,0.839844,2.5,2,2.5,3547,6254.58,30.1314,20-40,False,1,True,-40,hypoattenuating,0.689439,True,head,mask_ring,0.171029,inside,False,True,3.44858,6296,1,6254.58,1,2.54354,2.16054,1.91436,1.70989,1.47388,1.77516,1.89466,,,,48,17,8,4,,,,,50,2.54354,2.54354,200,1,4.01421,4.71381,2.60685,2.10677,1.88991,1.6908,1.87624,2.16366,2.17047,,,,,,,,,,,,50,2.60685,2.60685,200,0.93,3.53451,8.18475,13.4297,-50,hypo,20.55,-2.433,0.99758,False,1.5-2.5,True,hypo,False,False
PanTS_00006837,1,3,train,Arterial,0.742188,0.742188,1.25,2,1.25,26446,18209.5,47.4638,>=40,False,1,True,-47,hypoattenuating,0.573249,True,head,mask_ring,0.32237,abutting,False,True,3.9515,18193,0.200673,18209.5,0.197603,2.47643,2.46678,2.0399,1.50289,0.975962,0.732744,0.917921,,,,,20,7,,,,,,50,2.47643,4.73564,200,1,5.21071,5.89153,4.03343,2.90027,2.59541,2.17157,1.90596,1.73131,1.61646,32,,,,39,,,33,4.03343,1.5,0.0914784,50,4.03343,5.1824,200,0.935,8.14495,10.7635,18.3206,-43,hypo,17.24,-2.494,0.967101,False,<=1.5,True,hypo,False,False
PanTS_00006879,1,0,train,Non-contrast,0.644531,0.644531,2.5,2,2.5,8289,8608.55,29.4829,20-40,False,1,True,-10,isoattenuating,0.720751,True,head,mask_ring,0.143148,inside,False,True,0.911504,8621,1,8608.55,0.999652,5.32686,4.42168,3.34919,2.52536,1.61548,1.54034,1.28901,1,1,2,2,3,3,,1,5.32686,1.5,0.0969289,50,5.32686,5.32686,200,0.005,3.3058,4.94257,3.5991,3.65027,3.51645,3.15074,3.08377,3.22711,3.17348,3,2,4,6,6,,,7,3.65027,2,0.495512,50,3.65027,3.65027,200,0.66,3.96048,4.63315,14.7139,-18,hypo,10.61,-1.697,0.99996,False,1.5-2.5,False,hypo,False,False
PanTS_00006903,1,0,train,Arterial,1,1,1,2,1,6333,6333,33.3167,20-40,False,1,True,-14.0078,hypoattenuating,0.515626,True,head,mask_ring,0.169479,inside,False,True,12.1244,6333,1,6333,1,2.28241,2.02524,1.97919,2.0563,2.08825,1.68216,1.23123,,,,45,16,5,3,,,,,50,2.28241,2.28241,200,1,4.9228,6.01191,6.7851,5.09676,3.71514,3.24061,3.00765,2.43089,1.96111,,,,,,,,,,,,50,6.7851,6.7851,200,0.385,6.24172,9.54695,13.4773,-14.01,hypo,9.642,-1.453,0.998276,False,<=1.5,True,hypo,False,False
PanTS_00006917,1,3,train,Non-contrast,0.839844,0.839844,0.8,2,0.8,15383,8680.17,39.6429,20-40,False,4,True,0,isoattenuating,0.428345,True,head,mask_ring,0.137401,inside,False,False,,8781,0.992004,8680.17,0.991687,6.15569,6.4047,5.56057,4.70643,3.17426,2.18723,2.01265,3,1,1,1,4,,,1,6.4047,2,0.019256,50,6.4047,6.4047,200,0.02,4.43351,6.21401,6.94286,6.36137,6.78827,6.94035,7.17729,7.72095,7.96307,3,17,33,24,11,7,4,9,4.36539,1.5,0.484818,50,7.96307,10.0283,200,0,4.27969,4.94485,14.7491,4,iso,35.14,0.1138,0.996617,False,<=1.5,False,iso,True,False
PanTS_00006917,2,3,train,Non-contrast,0.839844,0.839844,0.8,2,0.8,810,457.059,18.0351,10-20,False,4,False,3,isoattenuating,0,False,head,mask_ring,0.234197,embedded,False,False,,441,1,457.059,1,2.19793,2.39027,2.07988,1.58311,0.747424,0.325248,0.0232097,,,41,22,10,,,,,,,50,2.39027,2.39027,200,0.82,3.46527,5.14989,2.00822,1.85372,1.61396,1.48068,1.62796,1.68158,1.68343,,,,,,,9,,,,,50,2.00822,2.00822,200,0.945,3.43457,4.47017,6.77853,1,iso,35.14,0.02846,0.364551,True,<=1.5,False,iso,True,False
PanTS_00006917,3,3,train,Non-contrast,0.839844,0.839844,0.8,2,0.8,4,2.25708,2.4,<5,True,4,False,21,hyperattenuating,0,False,head,mask_ring,0.204759,embedded,False,False,,0,1,2.25708,,,,,,,,,,,,,,,,,,,,50,,,,,,,,,,,,,,,,,,,,,,,,,50,,,,,,,2.81374,22,hyper,35.14,0.626,0.00460957,True,<=1.5,False,hyper,False,False
PanTS_00006917,4,3,train,Non-contrast,0.839844,0.839844,0.8,2,0.8,244,137.682,12.0787,10-20,False,4,False,7,isoattenuating,0,False,head,mask_ring,0.308062,embedded,False,False,,138,1,137.682,1,3.65929,3.68711,3.05855,2.21636,1.31153,1.02127,0.859527,44,35,,,,,,,,,,50,3.68711,3.68711,200,0.265,2.967,5.01629,2.49946,2.30831,1.85735,1.60993,1.41418,1.34868,1.32448,,,,,,,,,,,,50,2.49946,2.49946,200,0.69,3.07715,4.42315,5.20329,0,iso,35.14,0,0.0352111,True,<=1.5,False,iso,True,False
PanTS_00006921,1,3,train,Venous,0.9375,0.9375,2.5,2,2.5,9006,19788.6,47.2206,>=40,False,1,True,-55,hypoattenuating,0.842768,True,head,mask_ring,0.172858,inside,False,True,0,19823,1,19788.6,1,3.76757,2.68983,2.45937,2.43862,1.7503,1.24826,1.20022,9,40,,44,11,7,4,11,3.76757,1.5,0.21151,50,3.76757,3.76757,200,0.46,3.69588,4.37552,3.81657,2.78665,2.68742,2.68354,2.6773,2.66934,2.60601,16,22,42,42,27,13,14,18,3.81657,1.5,0.111057,50,3.81657,3.81657,200,0.65,5.29268,7.7461,18.7794,-57,hypo,11.93,-4.776,0.996637,False,1.5-2.5,True,hypo,False,False
PanTS_00006927,1,4,train,Venous,0.777344,0.777344,3,2,3,166,300.923,17.736,10-20,False,1,True,12.5,hyperattenuating,0,False,head,mask_ring,0.0834549,abutting,False,False,,309,0.23494,300.923,0.229773,2.10698,1.81549,1.25044,0.952147,0.821732,1.02542,1.01362,,,50,,,,,,,,,50,2.10698,2.81951,200,0.905,3.02542,4.04414,3.14294,2.83043,2.57099,2.30123,1.99943,1.81685,1.68497,,,,,,,,,,,,50,3.14294,7.80294,200,0.25,2.59476,3.5571,6.15709,7.5,iso,10.61,0.707,0.0530098,True,2.5-5,True,iso,False,False
PanTS_00006945,1,3,train,Venous,0.878906,0.878906,2.5,2,2.5,4020,7763.38,32.3691,20-40,False,1,True,-52,hypoattenuating,0.85707,True,head,mask_ring,0.135188,inside,False,True,13.8992,7734,1,7763.38,1,3.33427,2.83076,2.33453,1.93729,1.65583,1.48652,1.64177,,17,35,41,22,11,,,,,,50,3.33427,3.33427,200,0.465,3.27298,3.86249,2.88527,2.37802,1.99431,2.21982,2.59309,2.38626,1.98523,42,34,45,49,42,,,46,2.88527,1.5,0.186712,50,2.88527,2.88527,200,0.865,3.41287,4.79806,14.2835,-59,hypo,21.88,-2.696,0.996978,False,1.5-2.5,True,hypo,False,False
PanTS_00006959,1,4,train,Arterial,0.644531,0.644531,2.5,2,2.5,2044,2122.8,23.6981,20-40,False,1,True,14,hyperattenuating,0.230769,True,head,mask_ring,0.117412,embedded,False,False,,2053,0.946673,2122.8,0.945933,2.77398,2.45668,1.99131,2.18626,2.18188,1.68396,1.24443,,,,,,,,,,,,50,2.77398,2.77398,200,0.86,3.405,8.41931,5.11059,4.50567,3.82623,3.49229,3.27024,3.2683,3.01981,12,10,13,13,13,,,13,5.03535,1.5,0.0105946,50,5.11059,5.11059,200,0.06,3.25126,5.64587,9.97272,12,hyper,11.6,1.034,0.800926,False,1.5-2.5,True,hyper,False,False
PanTS_00006960,1,1,train,Venous,0.742188,0.742188,2.5,2,2.5,9006,12402.2,36.5776,20-40,False,1,True,19,hyperattenuating,0.837027,True,head,mask_ring,0.161686,inside,False,True,1.48438,12341,1,12402.2,1,3.78574,3.6662,3.5002,3.20416,2.92627,3.06646,2.8992,19,47,31,5,17,8,,21,2.86407,1.5,0.0239501,50,3.78574,3.78574,200,0.245,3.23711,4.03969,3.07078,2.38363,2.27655,2.24621,2.18166,2.25647,2.26389,32,19,14,11,6,7,5,32,2.40841,1.5,0.470013,50,3.07078,3.07078,200,0.825,3.30906,3.77155,16.3594,20,hyper,9.614,2.08,0.997594,False,1.5-2.5,True,hyper,False,False
PanTS_00006975,1,3,train,Venous,0.726562,0.726562,2.5,2,2.5,3862,5096.8,28.2893,20-40,False,1,True,-10,isoattenuating,0.800998,True,head,mask_ring,0.154948,inside,False,True,0.726562,5111,0.841533,5096.8,0.846801,5.15714,3.7217,2.75098,2.97941,2.75315,1.92943,2.28966,1,2,3,20,6,6,4,1,5.15714,1.5,0.259247,50,5.15714,5.54677,200,0.055,2.92314,6.55954,5.57512,3.9694,3.05994,2.42587,1.61869,1.61312,1.98761,2,2,6,13,20,13,10,2,5.57512,1.5,0.0735216,50,5.57512,5.68408,200,0,3.40684,4.99105,12.6759,-7,iso,11.93,-0.5865,0.998402,False,1.5-2.5,True,iso,False,False
PanTS_00006982,1,3,train,Arterial,0.742188,0.742188,1.25,2,1.25,156720,107910,77.7952,>=40,False,1,True,-46,hypoattenuating,0.311772,True,head,mask_ring,0.152722,abutting,False,True,0,107636,0.0678344,107910,0.0678305,4.34589,3.76163,3.36666,3.14748,2.65234,3.02709,2.83571,,9,17,17,4,,,,,,,50,4.34589,4.34589,200,0.6,4.9778,6.42429,5.24677,6.18551,6.58425,6.44827,5.21776,3.89786,2.99481,13,24,20,28,17,16,11,17,4.34786,1.5,0.351961,50,6.58425,6.58425,200,0.57,8.09009,8.78219,31.5342,-52,hypo,17.24,-3.016,0.984276,False,<=1.5,True,hypo,False,False
PanTS_00006987,1,3,train,Venous,0.820312,0.820312,1,2,1,10608,7138.26,37.1842,20-40,False,2,True,18,hyperattenuating,0.737711,True,body,mask_ring,0.611975,inside,False,True,0.820312,7140,0.922511,7138.26,0.92381,4.03953,2.91837,2.1258,1.80981,1.66603,1.91577,2.18437,4,16,,47,11,,,4,4.03953,1.5,0.465157,50,4.03953,4.03953,200,0.26,3.58518,4.48826,3.05926,2.59909,2.41673,2.40511,2.21283,2.07342,2.36735,20,43,11,8,9,8,4,24,3.05926,1.5,0.00121831,50,3.05926,3.05926,200,0.55,3.11533,4.47407,13.9445,24,hyper,13.59,1.766,0.997774,False,<=1.5,True,hyper,False,False
PanTS_00006987,2,3,train,Venous,0.820312,0.820312,1,2,1,4548,3060.41,21.5397,20-40,False,2,False,19,hyperattenuating,0,False,tail,mask_ring,0.926644,inside,False,True,1.29341,3054,1,3060.41,1,2.3105,2.30378,2.04754,1.79002,1.55903,1.47825,1.2502,,,,,12,,,,,,,50,2.3105,2.3105,200,0.97,3.25564,4.08093,3.52582,3.61753,3.30135,2.96774,2.89925,3.08471,3.00116,8,7,4,4,6,3,1,10,3.61753,2,0.617165,50,3.61753,3.61753,200,0.24,2.96295,4.47407,11.0067,21,hyper,13.59,1.545,0.0144479,True,<=1.5,True,hyper,False,False
PanTS_00006998,1,3,train,Venous,0.951172,0.951172,2.5,2,2.5,3028,6848.79,35.0775,20-40,False,1,True,-17,hypoattenuating,0.60805,True,head,mask_ring,0.132144,inside,False,True,0,6852,1,6848.79,1,2.54494,1.96035,1.67364,1.44476,0.992462,0.839657,0.51112,,,,22,7,2,1,,,,,50,2.54494,2.54494,200,0.94,3.45347,10.5289,6.48571,4.33076,2.88173,2.32905,1.81628,1.80817,2.003,6,9,45,35,19,21,14,6,6.48571,1.5,0.0230749,50,6.48571,6.48571,200,0.11,3.87851,6.92873,13.7808,-21,hypo,13.92,-1.508,0.997603,False,1.5-2.5,True,hypo,False,False
PanTS_00007001,1,4,train,Venous,0.703125,0.703125,1.25,2,1.25,1092,674.835,23.9579,20-40,False,2,False,-17,hypoattenuating,0,False,head,mask_ring,0.101511,inside,False,True,30.4985,694,1,674.835,1,1.67425,1.09811,1.03132,0.908832,0.62812,0.471172,0.322103,,,45,29,,,,,,,,50,1.67425,1.67425,200,1,3.19554,4.61605,1.50881,1.22583,0.899177,0.761335,1.08656,1.483,1.79435,,,,,,,,,,,,50,1.79435,1.79435,200,0.985,2.83254,4.08341,7.4413,-17,hypo,5.967,-2.849,0.00869453,True,<=1.5,True,hypo,False,False
PanTS_00007001,2,4,train,Venous,0.703125,0.703125,1.25,2,1.25,4344,2684.51,22.4166,20-40,False,2,True,-5,isoattenuating,0,False,head,mask_ring,0.177714,inside,False,True,12.7373,2588,1,2684.51,1,2.76353,2.8273,2.63555,2.36874,1.95934,1.73007,1.38876,,,38,27,,,,,,,,50,2.8273,2.8273,200,0.945,3.60192,4.78413,3.18154,2.44236,2.33431,2.42533,2.5554,2.63768,2.72259,45,44,,24,,3,,,,,,50,3.18154,3.18154,200,0.33,3.03013,4.85064,10.6217,-2,iso,5.967,-0.3352,0.000131352,True,<=1.5,True,iso,True,False
PanTS_00007002,1,2,train,Non-contrast,0.65625,0.65625,0.8,2,0.8,1535,528.855,14.2161,10-20,False,1,True,-4,isoattenuating,0.094442,True,head,mask_ring,0.138387,inside,False,True,25.4455,567,1,528.855,1,2.02324,2.29382,1.97711,1.44635,0.534895,0.130749,-0.00840861,,,,,,,,,,,,50,2.29382,2.29382,200,0.865,3.12019,4.3507,2.83658,3.43072,3.36895,2.93261,1.96019,1.69592,1.9369,,,,,22,,,,,,,50,3.43072,3.43072,200,0.245,2.84367,4.56516,7.01668,-3,iso,33.81,-0.08872,0.997893,False,<=1.5,False,iso,True,False
PanTS_00007014,1,3,train,Venous,0.675781,0.675781,5,2,5,1832,4183.19,37.3577,20-40,False,1,True,-1,isoattenuating,0.312656,True,body,mask_ring,0.646997,embedded,False,True,17.7384,4255,0.449782,4183.19,0.450999,7.45304,6.39345,5.1614,4.33077,3.55123,3.43128,3.06104,31,7,7,5,,,,34,5.03028,1.5,0.00248062,50,7.45304,7.45304,200,0.19,5.72363,9.98481,2.53458,1.90701,1.39193,1.04234,0.658235,0.47975,0.381098,,,36,,,,,,,,,50,2.53458,2.53458,200,0.985,5.40186,12.4706,11.9955,0,iso,10.61,0,0.99589,False,2.5-5,True,iso,True,False
PanTS_00007044,1,3,train,Non-contrast,0.663,0.663,0.800002,2,0.800002,11655,4098.55,28.2105,20-40,False,4,True,1,isoattenuating,0.707072,True,head,mask_ring,0.267351,embedded,False,False,,4157,0.660575,4098.55,0.671879,4.03461,3.48717,2.72234,2.2168,1.22479,0.755516,0.334042,,36,28,15,8,,,,,,,50,4.03461,4.43729,200,0.915,6.44522,8.96033,5.25269,4.48858,4.68216,4.88379,4.82575,4.01752,3.39928,23,32,,,,,,24,5.25269,1.5,0.0404487,50,5.25269,5.61705,200,0.535,5.42431,15.9161,11.9277,0,iso,22.54,0,0.997599,False,<=1.5,False,iso,True,False
PanTS_00007044,2,3,train,Non-contrast,0.663,0.663,0.800002,2,0.800002,4,1.40662,2.40001,<5,True,4,False,-59,hypoattenuating,0,False,body,mask_ring,0.476123,abutting,False,False,,3,1,1.40662,1,1.88755,2.03005,2.20346,2.27975,2.15015,1.86758,1.60293,,,,,,,,,,,,50,2.27975,2.27975,200,0.32,1.4773,4.79013,1.61852,0.80574,0.349649,0.0458593,-0.421099,-0.603894,-0.608086,,,,,,,,,,,,50,1.61852,1.61852,200,0.705,2.21503,5.1906,2.69507,-59,hypo,22.54,-2.617,0.000121482,True,<=1.5,False,hypo,False,False
PanTS_00007044,3,3,train,Non-contrast,0.663,0.663,0.800002,2,0.800002,1251,439.922,26.8227,20-40,False,4,False,-22,hypoattenuating,0,False,body,mask_ring,0.553581,abutting,False,False,,429,0.343725,439.922,0.382284,4.70613,4.34196,3.43066,2.518,1.78378,1.18139,0.948558,41,27,23,12,6,,,45,4.70613,1.5,0.276874,50,4.70613,4.70613,200,0.445,4.56037,7.11187,2.43319,2.34256,1.74854,1.30295,1.47811,2.03612,2.26104,,,,,,,,,,,,50,2.43319,2.69132,200,0.835,4.02522,11.5618,6.71805,-21,hypo,22.54,-0.9315,0.000105135,True,<=1.5,False,hypo,False,False
PanTS_00007044,4,3,train,Non-contrast,0.663,0.663,0.800002,2,0.800002,128,45.012,7.32619,5-10,False,4,False,0,isoattenuating,0,False,body,mask_ring,0.698388,abutting,False,False,,56,1,45.012,1,3.34746,3.50523,3.33026,2.52628,1.16187,0.244504,-0.496904,,,,,,,,,,,,50,3.50523,4.99934,200,0.41,2.58269,5.8294,6.11748,6.52575,4.89751,3.83471,2.4675,1.94615,2.42407,,,,,,,,,,,,50,6.52575,6.52575,200,0.07,3.00905,6.95924,4.20672,-4,iso,22.54,-0.1774,4.26475e-05,True,<=1.5,False,iso,True,False
PanTS_00007048,1,0,train,Venous,0.898438,0.898438,0.625,2,0.625,2225,1122.5,19.1178,10-20,False,1,True,-28,hypoattenuating,0,False,head,mask_ring,0.146636,inside,False,True,0.625,1130,1,1122.5,1,1.83018,1.68541,1.74521,1.78831,1.48872,1.51842,1.48035,,,,,8,3,,,,,,50,1.83018,1.83018,200,0.965,2.79779,4.21592,1.72113,1.5818,1.26372,1.10842,1.11048,1.19841,1.12069,,,,,,,,,,,,50,1.72113,1.72113,200,0.995,2.92404,4.19696,8.44712,-37,hypo,14.59,-2.537,0.000145391,True,<=1.5,True,hypo,False,True
PanTS_00007053,1,0,train,Venous,0.898438,0.898438,2.5,2,2.5,3267,6592.73,40.1834,>=40,False,1,True,-17,hypoattenuating,0.455336,True,head,mask_ring,0.258462,inside,False,True,0.898438,6510,1,6592.73,1,3.39559,2.68903,2.66856,2.42521,2.37095,2.22729,2.2394,,,28,19,8,5,4,,,,,50,3.39559,3.39559,200,0.945,4.50574,5.47952,2.47921,2.78531,2.77552,2.30162,1.66551,1.33465,1.31754,,,,,27,,,,,,,50,2.78531,2.78531,200,0.96,3.82409,6.20957,13.6321,-24,hypo,13.92,-1.724,0.999732,False,1.5-2.5,True,hypo,False,False
PanTS_00007054,1,4,train,Venous,0.857422,0.857422,2.5,2,2.5,6198,11391.5,46.7975,>=40,False,1,True,-19,hypoattenuating,0.270406,True,head,mask_ring,0.408954,abutting,False,True,11.4238,11406,0.00564698,11391.5,0.00692618,4.63229,4.63536,4.27457,3.8495,3.006,2.21664,1.57673,,,50,32,3,,,,,,,50,4.63536,4.84839,200,0.835,5.29799,6.66275,1.32871,0.746196,0.680232,0.614252,0.527902,0.626404,0.854452,,,,,,,,,,,,50,1.32871,4.4421,200,1,4.05363,5.5817,15.9582,-20,hypo,8.288,-2.413,0.992611,False,1.5-2.5,True,hypo,False,False
PanTS_00007060,1,3,train,Venous,0.839844,0.839844,2.5,2,2.5,9042,15944.2,41.4405,>=40,False,1,True,-27,hypoattenuating,0.787837,True,tail,mask_ring,0.883771,inside,False,True,73.7958,15849,1,15944.2,1,3.11903,2.65261,2.13224,1.91409,1.64223,1.41338,1.66135,,,45,23,7,2,2,,,,,50,3.11903,3.11903,200,1,3.81135,4.40722,6.64193,5.79071,5.28318,4.6979,3.74031,3.30005,3.11691,3,4,3,5,4,18,5,3,6.64193,1.5,0.221529,50,6.64193,6.64193,200,0.345,4.67852,6.94978,17.6136,-30,hypo,16.58,-1.81,0.992597,False,1.5-2.5,True,hypo,False,False
PanTS_00007065,1,0,train,Venous,0.787109,0.787109,2.5,2,2.5,8475,13126.5,39.9018,20-40,False,1,True,18,hyperattenuating,0.779617,True,head,mask_ring,0.113885,inside,False,True,0,13070,1,13126.5,1,3.01394,3.30561,3.21271,2.81336,1.83035,1.11856,0.972516,,,,,43,18,6,,,,,50,3.30561,3.30561,200,0.52,3.33829,6.53505,4.69208,5.24234,4.87065,4.20332,3.10143,2.34524,2.08292,14,,8,5,3,23,15,16,4.65372,1.5,0.12923,50,5.24234,5.24234,200,0.3,4.1655,7.1774,16.6337,16,hyper,20.22,0.7912,0.99991,False,1.5-2.5,True,hyper,False,False
PanTS_00007067,1,0,train,Non-contrast,0.756,0.756,0.8,2,0.8,15788,7218.73,43.1384,>=40,False,1,True,5,isoattenuating,0.516378,True,head,mask_ring,0.1225,abutting,False,True,4.53074,7059,0.475741,7218.73,0.474713,4.30963,3.69699,3.30166,3.06531,2.42514,1.4623,1.04186,,,,,,,,,,,,50,4.30963,4.42652,200,0.01,3.27994,4.28515,5.35953,3.47303,2.401,2.21122,1.89137,1.2606,1.10305,1,2,26,11,31,21,13,1,5.35953,1.5,0.32747,50,5.35953,5.35953,200,0,3.8521,4.97992,13.9892,5,iso,8.951,0.5586,0.999297,False,<=1.5,False,iso,True,False
PanTS_00007071,1,1,train,Arterial,0.841797,0.841797,1.25,2,1.25,7766,6878.95,34.5634,20-40,False,1,True,-33,hypoattenuating,0.000399162,True,head,mask_ring,0.253719,inside,False,True,0,6914,0.777492,6878.95,0.773648,2.9242,2.49657,2.1971,2.01219,2.18217,2.06318,1.79642,,,,29,10,4,,,,,,50,2.9242,3.05142,200,0.98,3.59672,5.45863,3.49528,2.94302,2.26937,1.96364,2.17117,2.41402,2.39636,29,42,,48,36,,,39,3.49528,1.5,0.113957,50,3.49528,3.49528,200,0.645,4.24213,8.21606,13.7981,-36,hypo,32.49,-1.108,0.991422,False,<=1.5,True,hypo,False,False
PanTS_00007093,1,4,train,Arterial,1,1,1,2,1,225,225,10.247,10-20,False,1,True,-48.0049,hypoattenuating,0,False,body,mask_ring,0.592732,inside,False,True,14.4568,225,1,225,1,1.50652,1.67997,1.89643,1.86588,1.41982,1.10674,0.98634,,,,,,,,,,,,50,1.89643,1.89643,200,0.77,2.59102,4.21783,3.33576,3.14546,2.67198,2.10137,1.79035,1.39884,1.16021,,,,,,,,,,,,50,3.33576,3.33576,200,0.315,2.84729,6.0554,5.7731,-52,hypo,15.24,-3.413,1.63145e-05,True,<=1.5,True,hypo,False,True
PanTS_00007094,1,3,train,Venous,1,1,1,2,1,4587,4587,41.9762,>=40,False,1,True,7,isoattenuating,0,False,head,mask_ring,-0.0803781,abutting,False,True,25.9422,4587,0.059516,4587,0.059516,2.12034,1.57136,1.19929,0.968027,0.700552,0.577684,0.367457,,,,,,,,,,,,50,2.12034,4.60058,200,0.985,5.43301,8.06878,2.85114,1.94199,0.947795,0.692712,0.728484,0.784936,0.751476,,,,,,,,,,,,50,2.85114,3.27712,200,0.89,3.94279,5.89378,12.3073,7,iso,8.62,0.8121,0.0190692,True,<=1.5,True,iso,False,False
PanTS_00007095,1,2,train,Arterial,0.650391,0.650391,0.7,2,0.7,59835,17717.5,52.9652,>=40,False,1,True,18,hyperattenuating,0.604569,True,head,mask_ring,0.22945,abutting,False,True,0,17749,0.608607,17717.5,0.609555,4.84515,4.64413,4.39729,4.05986,2.92569,2.70746,2.38787,7,1,5,4,3,4,2,2,4.64413,2,0.241287,50,4.84515,5.78056,200,0.045,4.12966,4.54083,9.2007,10.513,10.7758,10.2187,7.76952,5.46381,4.09856,7,7,4,4,3,6,3,8,8.8323,1.5,0.156333,50,10.7758,13.5749,200,0.3,4.1599,11.8084,18.1723,21,hyper,14.59,1.44,0.991373,False,<=1.5,True,hyper,False,False
PanTS_00007099,1,1,train,Non-contrast,0.78125,0.78125,0.8,2,0.8,28880,14101.6,45.5205,>=40,False,1,True,-1,isoattenuating,0.523997,True,head,mask_ring,0.215603,inside,False,True,16.3398,14124,0.984799,14101.6,0.985132,3.85574,4.09527,3.34664,3.13187,2.48634,2.24004,2.03545,7,23,14,23,6,1,1,44,3.34664,2.5,0.132697,50,4.09527,4.09527,200,0.585,4.29165,5.05439,4.14266,3.90777,3.70001,3.49699,3.51652,3.38551,3.34104,13,17,10,23,20,7,7,19,4.14266,1.5,0.32259,50,4.14266,4.14266,200,0.695,4.38134,5.45942,16.9874,0,iso,24.86,0,0.914977,False,<=1.5,False,iso,True,False
PanTS_00007100,1,2,train,Venous,0.78125,0.78125,5,2,5,687,2096.56,20.277,20-40,False,4,False,-17,hypoattenuating,0.620811,True,tail,mask_ring,0.919019,inside,False,True,64.9827,2060,1,2096.56,1,1.70684,1.87976,1.79142,2.29047,2.38748,2.304,2.61953,,,50,24,,,,,,,,50,2.61953,2.61953,200,0.86,3.75544,6.72124,2.30891,2.04612,2.14763,2.15648,1.98374,2.3357,2.34878,50,46,30,16,10,,,,,,,50,2.34878,2.34878,200,0.96,3.88245,6.3065,9.93974,-13,hypo,7.625,-1.705,0.887692,False,2.5-5,True,hypo,False,False
PanTS_00007100,2,2,train,Venous,0.78125,0.78125,5,2,5,393,1199.34,21.9163,20-40,False,4,False,14,hyperattenuating,0,False,head,mask_ring,0.205773,abutting,False,True,21.8839,1185,0.323155,1199.34,0.30211,1.45745,1.53615,1.50484,1.56158,1.40878,1.11741,0.752899,,,,,,,,,,,,50,1.56158,2.68686,200,0.995,3.33995,7.00917,1.36903,1.11606,1.12957,1.12546,0.886665,0.570532,0.672056,,,,,,,,,,,,50,1.36903,2.15115,200,0.99,3.6093,6.04708,8.591,14,hyper,7.625,1.836,0.000884771,True,2.5-5,True,hyper,False,False
PanTS_00007100,3,2,train,Venous,0.78125,0.78125,5,2,5,1846,5633.54,33.0442,20-40,False,4,True,-33,hypoattenuating,0,False,head,pc1_boundary,-0.0188845,separated,True,True,28.2333,5635,0,5633.54,0,,,,,,,,,,,,,,,,,,,50,,1.70032,,,,,,,,,,,,,,,,,,,,,,,50,,2.09445,,,,,13.0382,-37,hypo,7.625,-4.852,0.00587674,True,2.5-5,True,hypo,False,False
PanTS_00007100,4,2,train,Venous,0.78125,0.78125,5,2,5,936,2856.45,27.4369,20-40,False,4,False,22,hyperattenuating,0,False,head,pc1_boundary,-0.0394667,separated,True,True,35.3726,2845,0,2856.45,0,,,,,,,,,,,,,,,,,,,50,,2.03672,,,,,,,,,,,,,,,,,,,,,,,50,,1.41185,,,,,10.802,21,hyper,7.625,2.754,0.00139667,True,2.5-5,True,hyper,False,False
PanTS_00007102,1,1,train,Venous,0.839844,0.839844,5,2,5,316,1114.43,16.6163,10-20,False,2,True,-24,hypoattenuating,0,False,tail,mask_ring,0.74932,embedded,False,True,71.224,1105,0.607595,1114.43,0.61991,4.25456,3.51728,2.96472,2.61833,2.00158,1.39596,0.877356,28,19,16,10,8,,,30,4.25456,1.5,0.66245,50,4.25456,4.25456,200,0.57,4.51981,8.05018,1.96982,1.66685,1.464,1.46543,1.42702,1.68134,1.68161,,,,,,,,,,,,50,1.96982,5.03075,200,0.95,3.74299,5.01174,8.43164,-59,hypo,8.951,-6.591,0.000205824,True,2.5-5,True,hypo,False,True
PanTS_00007102,2,1,train,Venous,0.839844,0.839844,5,2,5,118,416.149,15.6395,10-20,False,2,False,-18,hypoattenuating,0,False,tail,mask_ring,0.643187,embedded,False,True,54.9875,415,0.686441,416.149,0.686747,2.99608,2.4814,2.36961,2.22285,2.63728,2.26199,1.65794,,,,,,,,,,,,50,2.99608,3.93593,200,0.695,3.71594,8.00346,1.54436,1.52171,1.5424,1.60506,1.96664,1.88707,1.62905,,,,,,,,,,,,50,1.96664,4.35004,200,0.89,3.13489,5.44632,6.63148,-21,hypo,8.951,-2.346,0.000293655,True,2.5-5,True,hypo,False,True
PanTS_00007105,1,1,train,Arterial,0.757812,0.757812,1.25,2,1.25,6987,5015.61,27.7633,20-40,False,1,True,-5,isoattenuating,0.534427,True,head,mask_ring,0.108547,inside,False,True,0,5058,0.997853,5015.61,0.998418,3.92211,3.82026,3.02124,2.45914,1.62732,0.843171,0.575707,42,5,,48,18,,,31,3.82026,2,0.315941,50,3.92211,4.0695,200,0.61,4.0648,5.03168,3.36284,2.65229,2.71998,2.7444,3.38263,3.055,2.67226,44,40,35,44,32,4,3,50,3.14024,1.5,0.284702,50,3.38263,3.64887,200,0.74,3.9012,8.66042,12.6189,-5,iso,20.89,-0.2394,0.996721,False,<=1.5,True,iso,True,False
PanTS_00007114,1,2,train,Venous,0.65625,0.65625,2.5,2,2.5,10445,11245.7,35.8454,20-40,False,1,True,-13,hypoattenuating,0.76594,True,head,mask_ring,0.217819,inside,False,True,1.3125,11273,1,11245.7,1,5.85308,3.8781,2.76737,2.09221,1.75994,1.61916,1.559,10,2,17,33,14,6,6,10,4.43095,1.5,0.0281632,50,5.85308,5.85308,200,0.025,3.82173,5.62782,4.74862,4.83332,4.40332,3.78914,2.60454,2.46011,2.39065,,35,33,38,19,10,,,,,,50,4.83332,4.83332,200,0.265,4.26285,6.51297,15.8984,-12,hypo,9.946,-1.207,0.99994,False,1.5-2.5,True,hypo,False,False
PanTS_00007115,1,4,train,Arterial,0.644531,0.644531,2.5,2,2.5,11004,11428.2,39.7498,20-40,False,1,True,61,hyperattenuating,0.537302,True,head,mask_ring,0.0795553,inside,False,True,2.5,11550,0.987732,11428.2,0.984156,4.5411,3.64392,2.73372,2.66928,2.27413,2.21586,1.93966,1,4,5,16,11,,,1,4.5411,1.5,0.517445,50,4.5411,4.5411,200,0.09,3.58281,4.72653,4.78992,5.08097,4.56081,3.97488,3.03872,2.91243,2.75559,1,25,11,10,1,1,1,1,4.7689,1.5,0.170295,50,5.08097,5.11359,200,0,3.70021,4.37459,15.9732,38,hyper,10.28,3.698,0.997965,False,1.5-2.5,True,hyper,False,False
PanTS_00007122,1,2,train,Venous,0.742188,0.742188,1.25,2,1.25,80625,55514.6,72.5331,>=40,False,1,True,-27,hypoattenuating,0.839086,True,head,mask_ring,0.327376,abutting,False,True,15.3101,55423,0.118338,55514.6,0.117821,4.49924,3.64633,2.92737,2.69875,1.62981,1.4019,1.34175,,,,26,,,,,,,,50,4.49924,4.84774,200,0.99,5.51062,6.68437,2.95495,2.90675,2.70737,2.30213,2.14861,2.1816,2.06574,,,,,26,,16,,,,,50,2.95495,4.83996,200,1,5.94175,6.86454,25.665,-31,hypo,19.23,-1.612,0.999632,False,<=1.5,True,hypo,False,False
PanTS_00007130,1,3,train,Venous,1.5,1.5,1.5,2,1.5,11144,37611,62.2274,>=40,False,1,True,-10,isoattenuating,0.735484,True,head,mask_ring,0.120319,inside,False,True,1.5,37635,0.749551,37611,0.751375,6.71065,5.24963,4.38264,3.53272,2.67615,2.03892,1.83485,1,1,1,4,4,3,3,1,6.71065,1.5,0.00800578,50,6.71065,6.71065,200,0.05,4.82264,5.89769,7.52018,7.20561,7.34729,7.66518,8.2507,7.69336,6.6858,9,7,5,21,19,9,8,9,7.52018,1.5,0.113508,50,8.2507,8.2507,200,0.72,10.5528,10.7576,22.7846,-21,hypo,10.94,-1.92,0.99657,False,<=1.5,True,hypo,False,False
PanTS_00007135,1,2,train,Venous,1.5,1.5,1.5,2,1.5,330,1113.75,15.1493,10-20,False,1,True,10,isoattenuating,0,False,head,mask_ring,0.128122,inside,False,False,,1116,1,1113.75,1,2.84774,2.40844,2.2348,1.88104,1.1785,0.657131,0.389357,,,,,,,,,,,,50,2.84774,2.84774,200,0.35,2.74697,3.37138,1.83809,2.00922,1.90615,1.61111,1.50944,2.14764,2.61886,,,,,,14,,,,,,50,2.61886,2.61886,200,0.74,3.01812,3.84366,8.43033,9.5,iso,21.55,0.4409,4.13354e-05,True,<=1.5,True,iso,False,False
PanTS_00007147,1,1,train,Venous,0.78125,0.78125,1.2,2,1.2,2162,1583.5,19.0103,10-20,False,1,True,-4,isoattenuating,0.524046,True,head,mask_ring,0.0489937,inside,False,True,10.3035,1560,0.99815,1583.5,0.994872,4.12322,2.9563,2.27552,1.86105,0.984978,1.14226,1.14075,4,,,36,4,,,4,4.12322,1.5,0.185749,50,4.12322,4.12322,200,0.06,3.20228,4.33568,2.80875,1.94595,1.65855,1.61255,1.5508,1.57881,1.56799,39,,,,,,,42,2.80875,1.5,0.114136,50,2.80875,2.80875,200,0.6,3.00183,4.38087,9.23063,-4,iso,14.59,-0.2742,0.996062,False,<=1.5,True,iso,True,False
PanTS_00007151,1,3,train,Venous,0.740234,0.740234,3,2,3,548,900.825,20.7437,20-40,False,2,True,1,isoattenuating,0,False,head,mask_ring,0.0813612,inside,False,True,26.7387,891,1,900.825,1,2.9874,2.26266,2.01757,2.51245,2.78278,2.55959,2.12613,,,47,33,13,,,,,,,50,2.9874,2.9874,200,0.725,3.59675,5.53512,3.63206,2.78754,2.40871,2.92445,3.42292,2.88897,2.20183,,,,,,,,,,,,50,3.63206,3.63206,200,0.25,2.90953,4.95217,7.99125,0,iso,6.962,0,0.327292,True,2.5-5,True,iso,True,False
PanTS_00007151,2,3,train,Venous,0.740234,0.740234,3,2,3,342,562.194,20.2017,20-40,False,2,False,7,isoattenuating,0,False,body,mask_ring,0.667268,inside,False,True,24.7112,606,1,562.194,1,3.32075,2.66843,2.80976,2.76563,2.44287,2.41797,2.6806,,,,,,,,,,,,50,3.32075,3.32075,200,0.465,3.27932,5.35225,2.44795,2.05077,1.72533,1.5619,1.27132,1.08054,1.14633,,50,33,24,,,,,,,,50,2.44795,2.44795,200,0.605,2.72737,4.89479,7.11995,6.5,iso,6.962,0.9337,6.32743e-05,True,2.5-5,True,iso,False,False
PanTS_00007152,1,2,train,Venous,1,1,1,2,1,4842,4842,27.7669,20-40,False,1,True,-17,hypoattenuating,0.740366,True,body,mask_ring,0.323257,inside,False,True,29.0689,4842,0.950434,4842,0.950434,2.36252,2.23008,2.23246,2.27043,1.98362,1.80353,1.4867,,,,,,,,,,,,50,2.36252,2.71697,200,1,3.2424,4.07697,3.49364,3.37235,3.55739,3.39048,2.52291,1.96892,1.84587,,,,,,,,,,,,50,3.55739,3.67982,200,0.45,3.40999,4.6443,12.4949,-16,hypo,20.22,-0.7912,0.999916,False,<=1.5,True,hypo,False,False
PanTS_00007157,1,2,train,Venous,0.742188,0.742188,3,2,3,1266,2092.1,20.3448,20-40,False,2,False,-13,hypoattenuating,0,False,body,mask_ring,0.714171,inside,False,True,10.5577,2067,0.976303,2092.1,0.977746,4.47447,3.90595,2.92226,2.28786,1.80062,1.46975,1.1769,,,45,25,7,4,3,,,,,50,4.47447,4.47447,200,0.725,5.97395,9.68502,1.9564,1.87217,1.44293,1.33325,1.06738,0.724912,0.634559,,,,,,,,,,,,50,1.9564,1.9564,200,0.99,4.75082,9.11394,9.9341,-16,hypo,5.967,-2.681,0.00762143,True,2.5-5,True,hypo,False,False
PanTS_00007157,2,2,train,Venous,0.742188,0.742188,3,2,3,3121,5157.54,32.2354,20-40,False,2,True,-18,hypoattenuating,0,False,tail,mask_ring,0.895152,inside,False,True,32.4633,5169,1,5157.54,1,5.76821,5.68762,5.12204,4.43911,3.29595,2.05146,1.63565,,,32,17,5,3,2,,,,,50,5.76821,5.76821,200,0.79,6.97448,9.82844,4.56217,3.95636,3.62299,3.51238,3.23436,2.85099,2.42886,,,,,,,,,,,,50,4.56217,4.56217,200,0.7,5.61419,9.3825,12.7181,-27.5,hypo,5.967,-4.608,0.00126936,True,2.5-5,True,hypo,False,False
PanTS_00007166,1,1,train,Venous,0.833984,0.833984,2.5,2,2.5,1024,1780.56,20.4337,20-40,False,1,True,-35,hypoattenuating,0.502145,True,head,mask_ring,0.155361,inside,False,True,5.59366,1753,1,1780.56,1,5.66965,4.05703,3.19846,2.74921,1.83558,1.51701,1.4361,1,2,5,13,,,,1,5.66965,1.5,0.0405261,50,5.66965,5.66965,200,0,3.10308,4.62368,6.09181,5.04587,3.86881,2.84596,2.74666,2.22599,2.17938,27,35,25,18,16,9,,29,2.89567,1.5,0.048836,50,6.09181,6.09181,200,0.06,3.73023,6.32052,9.51892,-42,hypo,21.22,-1.98,0.997488,False,1.5-2.5,True,hypo,False,False
PanTS_00007167,1,3,train,Venous,0.742188,0.742188,1.25,2,1.25,26465,18222.6,41.2135,>=40,False,1,True,-5,isoattenuating,0.787979,True,head,mask_ring,0.201851,inside,False,True,2.5,18349,0.969016,18222.6,0.967682,3.81224,3.47768,2.69851,2.27006,1.85799,1.50537,1.28873,31,41,26,14,8,5,3,34,3.71089,1.5,0.151806,50,3.81224,3.81224,200,0.97,4.69047,5.03827,3.10904,3.09144,3.04962,2.9292,2.63128,2.55072,2.52708,33,48,44,37,10,6,5,37,3.10564,1.5,0.113041,50,3.10904,3.17435,200,0.965,4.34009,5.71267,18.3245,-5,iso,21.22,-0.2357,0.997608,False,<=1.5,True,iso,True,False
PanTS_00007184,1,4,train,Arterial,1,1,1,2,1,2889,2889,23.7276,20-40,False,1,True,-24.9943,hypoattenuating,0.494524,True,head,mask_ring,0.195426,inside,False,False,,2889,1,2889,1,3.2632,3.20336,3.40605,3.17608,2.3639,2.10404,1.97697,,,,37,17,9,5,,,,,50,3.40605,3.40605,200,0.705,3.85869,5.26373,8.74114,7.61652,6.5417,6.98373,6.73306,5.36217,4.03038,,,,5,,,,,,,,50,8.74114,8.74114,200,0.085,4.53052,9.85905,10.8353,-23.99,hypo,9.611,-2.496,0.998088,False,<=1.5,True,hypo,False,False
PanTS_00007190,1,1,train,Arterial,0.742188,0.742188,1.25,2,1.25,25636,17651.8,53.9824,>=40,False,1,True,-15,hypoattenuating,0.636683,True,head,mask_ring,0.23829,inside,False,True,0,17652,0.946364,17651.8,0.947258,5.26186,5.66153,5.36109,4.66642,3.25153,3.00178,2.31826,35,45,13,7,7,2,1,42,5.36109,2.5,0.0907114,50,5.66153,5.66153,200,0.905,6.82161,8.06155,5.19739,5.31672,4.34939,3.28308,3.38729,3.18497,2.59893,20,32,21,19,22,19,14,22,4.72417,1.5,0.169936,50,5.31672,5.67155,200,0.705,8.48597,13.1458,18.1523,-15,hypo,18.23,-0.8227,0.997177,False,<=1.5,True,hypo,False,False
PanTS_00007194,1,0,train,Arterial,3,0.976562,0.976562,0,3,1280,3662.11,27.5692,20-40,False,1,True,29,hyperattenuating,0.331865,True,head,mask_ring,0.179076,inside,False,True,0.976562,3507,1,3662.11,1,2.3759,1.631,1.54751,1.48661,1.07053,0.979015,0.721492,,,,48,,,,,,,,50,2.3759,2.3759,200,0.97,3.39836,5.61072,7.79064,6.11058,5.56569,5.13565,3.92413,2.98965,2.60913,34,31,23,15,7,3,3,38,2.92584,1.5,0.129835,50,7.79064,7.79064,200,0.115,3.31393,12.1526,11.562,34,hyper,6.63,5.128,0.991439,False,2.5-5,True,hyper,False,False
PanTS_00007201,1,0,train,Delay,0.9375,0.9375,2,2,2,196,344.531,12.5351,10-20,False,1,True,-4.5,isoattenuating,0,False,head,mask_ring,0.299357,abutting,False,True,38.6892,373,0.433673,344.531,0.418231,3.53001,3.17159,2.50878,1.82751,0.578956,0.414748,0.57547,,,,,,,,,,,,50,3.53001,3.59961,200,0.26,2.7795,4.41531,1.83884,1.65446,1.70644,1.67401,1.9324,1.72526,1.94333,,,,,,,,,,,,50,1.94333,3.24865,200,0.905,2.95599,4.30049,6.34891,4,iso,17.24,0.232,0.000107628,True,1.5-2.5,True,iso,True,False
PanTS_00007211,1,4,train,Venous,0.789062,0.789062,2.5,2,2.5,13492,21000.9,81.5024,>=40,False,6,True,-51,hypoattenuating,0,False,tail,mask_ring,0.8241,abutting,False,True,0.789062,21010,0.175067,21000.9,0.17287,4.27011,3.38778,3.16829,2.58749,2.14796,1.82945,2.16084,,,35,23,12,,,,,,,50,4.27011,6.81997,200,1,5.57824,19.4301,3.09746,2.65653,2.83741,2.75123,2.63879,2.68,2.67679,,,42,,,,,,,,,50,3.09746,6.38004,200,1,6.00747,15.9007,19.1153,-54,hypo,11.27,-4.791,0.0829199,True,1.5-2.5,True,hypo,False,False
PanTS_00007211,2,4,train,Venous,0.789062,0.789062,2.5,2,2.5,180,280.178,13.1808,10-20,False,6,False,-55,hypoattenuating,0,False,body,pc1_boundary,0.647393,separated,True,True,7.81741,275,0,280.178,0,,,,,,,,,,,,,,,,,,,50,,3.07195,,,,,,,,,,,,,,,,,,,,,,,50,,2.76719,,,,,6.05928,-60.5,hypo,11.27,-5.367,0.000190359,True,1.5-2.5,True,hypo,False,True
PanTS_00007211,3,4,train,Venous,0.789062,0.789062,2.5,2,2.5,8725,13580.9,38.8019,20-40,False,6,False,-64,hypoattenuating,0.890173,True,body,mask_ring,0.422132,abutting,False,True,0.789062,13449,0.0034384,13580.9,0.00312291,2.99661,2.50284,1.97736,1.50627,1.27859,1.44975,0.888099,,,,,,,,,,,,50,2.99661,5.20881,200,1,5.5289,18.9981,2.37659,2.26194,1.58104,1.03186,1.41644,1.58721,1.43623,,,,,,,,,,,,50,2.37659,5.09691,200,1,5.40101,12.5193,16.8006,-70,hypo,11.27,-6.21,0.99264,False,1.5-2.5,True,hypo,False,False
PanTS_00007211,4,4,train,Venous,0.789062,0.789062,2.5,2,2.5,611,951.05,25.8665,20-40,False,6,False,-65,hypoattenuating,0,False,tail,mask_ring,0.686712,abutting,False,True,20.0337,940,0.0196399,951.05,0.0106383,1.5241,1.4603,1.38737,1.0151,0.790904,0.864595,0.711367,,,,,,,,,,,,50,1.5241,3.00212,200,0.985,4.08873,6.64481,1.95993,1.64863,1.10527,0.690208,0.294173,0.214104,0.167919,,,,,,,,,,,,50,1.95993,4.14616,200,1,4.01381,9.64451,8.10059,-58,hypo,11.27,-5.146,0.000681171,True,1.5-2.5,True,hypo,False,False
PanTS_00007211,5,4,train,Venous,0.789062,0.789062,2.5,2,2.5,1247,1941.01,20.0856,20-40,False,6,False,-39,hypoattenuating,0,False,head,mask_ring,0.278357,abutting,False,True,6.65055,2045,0.338412,1941.01,0.333496,4.80697,2.51916,2.25387,1.94585,2.08762,2.21703,1.83303,43,,,,,,,46,4.14842,1.5,0.0528007,50,4.80697,6.26148,200,0.39,4.42151,6.42434,11.5402,8.26844,6.68021,5.47532,3.54729,2.42437,2.1261,6,,,,14,,,7,11.5402,1.5,0.000496038,50,11.5402,11.5402,200,0.06,4.11454,11.6111,9.73832,-50,hypo,11.27,-4.436,0.00491495,True,1.5-2.5,True,hypo,False,False
PanTS_00007211,6,4,train,Venous,0.789062,0.789062,2.5,2,2.5,2712,4221.36,25.3416,20-40,False,6,False,-14,hypoattenuating,0.647511,True,head,mask_ring,0.0416401,inside,False,True,7.85258,4168,0.97972,4221.36,0.982246,5.32375,5.22934,4.44418,3.52628,2.14581,1.30952,1.09989,44,11,9,12,7,3,2,47,4.12124,1.5,0.0127939,50,5.32375,5.32375,200,0.415,5.12541,18.3681,10.6176,8.36111,6.5796,5.17426,4.81171,4.28388,3.9933,33,25,10,14,5,5,,33,4.03933,3,0.303401,50,10.6176,10.6176,200,0.1,4.69267,11.7545,12.0258,-17,hypo,11.27,-1.508,0.992739,False,1.5-2.5,True,hypo,False,False
PanTS_00007217,1,3,train,Arterial,5,0.701172,0.701172,0,5,1124,2763.03,23.2933,20-40,False,1,True,1,isoattenuating,0,False,head,mask_ring,,inside,False,False,,2835,0.953737,2763.03,0.960141,5.891,4.34315,3.5045,3.51114,2.62892,2.49242,2.84324,1,1,3,4,,,,1,5.891,1.5,0.0946292,50,5.891,5.891,200,0,3.97912,5.87115,11.9549,11.2784,9.53959,7.77799,5.091,4.39592,5.20308,1,7,4,5,3,1,1,1,11.9549,1.5,0.229057,50,11.9549,11.9549,200,0.15,8.31602,13.5778,10.7049,8.5,iso,10.61,0.8012,0.0956869,True,2.5-5,True,iso,False,False
PanTS_00007227,1,3,train,Non-contrast,0.857422,0.857422,0.801379,2,0.801379,2109,1242.52,27.0415,20-40,False,1,True,0,isoattenuating,0,False,head,mask_ring,0.180688,embedded,False,False,,1225,0.956377,1242.52,0.965714,2.84792,2.25142,1.80531,1.92833,1.93799,1.69162,1.34566,,,,37,,,,,,,,50,2.84792,2.84792,200,0.215,2.53379,3.79514,2.48047,2.18657,1.82211,1.40563,1.05944,1.82791,2.38561,,,,,,,,,,,,50,2.48047,2.48047,200,0.885,2.923,3.5806,8.66917,2,iso,44.09,0.04536,0.0318287,True,<=1.5,False,iso,True,False
PanTS_00007228,1,4,train,Venous,0.647,0.647,5,2,5,2362,4943.77,27.3714,20-40,False,1,True,2,isoattenuating,0,False,tail,mask_ring,0.802932,inside,False,True,45.4033,4975,1,4943.77,1,4.66182,4.12335,3.52705,3.25898,3.00679,2.68411,2.39157,37,30,16,11,7,,1,39,3.80937,1.5,0.319193,50,4.66182,4.66182,200,0.555,4.85644,9.39858,2.54292,2.90315,2.84827,2.52044,2.01876,1.80433,1.49006,,50,32,20,12,,,,,,,50,2.90315,2.90315,200,0.895,3.9003,5.63486,12.5679,5,iso,4.641,1.077,8.22019e-05,True,2.5-5,True,iso,True,False
PanTS_00007242,1,0,train,Venous,0.742188,0.742188,1.25,2,1.25,28322,19501.2,50.4697,>=40,False,1,True,-37,hypoattenuating,0.74718,True,head,mask_ring,0.123406,inside,False,True,0,19546,0.926206,19501.2,0.923514,3.93033,3.03867,3.17076,3.37509,3.08032,2.56487,2.8207,50,,25,10,2,1,1,,,,,50,3.93033,3.93033,200,0.99,5.07814,5.94532,3.25109,2.95415,3.13782,3.12626,3.29152,3.37838,3.43863,38,46,29,37,21,19,,,,,,50,3.43863,3.58404,200,0.975,5.89124,8.00132,18.6977,-41,hypo,17.57,-2.333,0.999522,False,<=1.5,True,hypo,False,False
PanTS_00007248,1,4,train,Venous,0.736328,0.736328,2.5,2,2.5,4295,5821.65,44.0875,>=40,False,1,True,4,isoattenuating,0.00288369,True,tail,mask_ring,0.906726,inside,False,False,,5845,1,5821.65,1,7.44536,6.83372,5.79597,5.1076,4.14494,3.66101,2.94548,12,1,3,1,1,,,12,5.58199,1.5,0.0143882,50,7.44536,7.44536,200,0.04,5.31656,7.26471,6.07549,6.35134,6.31048,5.86615,4.52683,3.28208,2.55789,1,1,1,1,1,1,2,1,6.35134,2,0.496694,50,6.35134,6.35134,200,0,4.29915,5.80557,13.1597,10,iso,12.93,0.7734,0.989909,False,1.5-2.5,True,iso,False,False
PanTS_00007260,1,1,train,Venous,5,0.625,0.625,0,5,2948,5757.81,39.8875,20-40,False,1,True,-4,isoattenuating,0,False,head,mask_ring,,inside,False,True,0.625,5805,0.967096,5757.81,0.969854,4.40187,3.90243,3.49889,3.23071,2.78743,2.77024,2.96521,1,1,1,1,,,,1,4.40187,1.5,0.610636,50,4.40187,4.40187,200,0.005,4.15087,4.3579,4.95907,3.31766,2.6812,2.55194,2.63499,2.40347,2.58156,1,3,3,3,5,1,2,1,4.95907,1.5,0.11496,50,4.95907,4.95907,200,0.015,3.33365,4.48504,13.1188,1,iso,6.299,0.1588,0.0125279,True,2.5-5,True,iso,True,False
PanTS_00007278,1,0,train,Venous,0.802734,0.802734,2.5,2,2.5,1662,2677.41,22.5936,20-40,False,1,True,-1,isoattenuating,0.503626,True,head,mask_ring,0.231345,inside,False,True,1.13524,2666,1,2677.41,1,3.85404,2.63735,2.10271,2.26336,2.0431,1.95497,2.17564,15,47,41,19,,,,16,3.85404,1.5,0.194461,50,3.85404,3.85404,200,0.465,3.7129,5.15848,5.40919,5.30095,4.88995,4.36643,3.49697,2.90065,2.56281,,,,,30,,,,,,,50,5.40919,5.40919,200,0.01,3.48532,4.6219,10.6141,2,iso,17.24,0.116,0.999948,False,1.5-2.5,True,iso,True,False
PanTS_00007284,1,3,train,Venous,1.5,1.5,1.5,2,1.5,220,742.5,16.8375,10-20,False,1,True,1,isoattenuating,0.0107914,True,tail,mask_ring,0.938412,inside,False,True,56.6635,720,1,742.5,1,3.21061,2.52255,1.82964,1.84542,1.72086,1.154,0.578273,,,,36,,,,,,,,50,3.21061,3.21061,200,0.66,3.66553,5.10206,2.51473,1.96083,1.75976,1.94084,1.96546,1.80953,1.52622,,,,,,,,,,,,50,2.51473,2.51473,200,0.845,3.23413,4.29288,7.61741,2,iso,23.87,0.08379,0.668069,False,<=1.5,True,iso,True,False
PanTS_00007298,1,3,train,Arterial,1,1,1,2,1,1389,1389,17.9165,10-20,False,1,True,-5.98154,isoattenuating,0,False,head,mask_ring,0.0819354,inside,False,False,,1389,1,1389,1,3.16019,2.7999,2.34757,1.82383,1.3374,0.561354,0.283958,,,,,,13,,,,,,50,3.16019,3.16019,200,0.605,3.52718,4.72483,4.83828,5.52377,5.54428,4.99151,3.64399,2.72398,2.28486,,,,,,,,,,,,50,5.54428,5.54428,200,0.27,3.34544,8.29991,8.92157,-3.998,iso,13.62,-0.2936,0.00736008,True,<=1.5,True,iso,True,False
PanTS_00007299,1,2,train,Arterial,0.779297,0.779297,2.5,2,2.5,16665,25301.8,43.9121,>=40,False,1,True,-12,hypoattenuating,0.912224,True,head,mask_ring,0.212989,inside,False,True,2.5,25306,0.99856,25301.8,0.997945,8.46348,7.39219,5.43311,3.69094,3.1682,2.29511,1.78547,3,41,30,18,10,5,5,3,6.60063,1.5,0.374698,50,8.46348,8.46348,200,0.105,4.46803,10.8637,7.21467,6.17528,5.00611,4.2013,3.25416,2.62631,2.48036,2,1,2,9,4,3,2,2,7.21467,1.5,0.0476545,50,7.21467,8.84602,200,0.105,5.26017,7.24811,20.2119,-20,hypo,12.6,-1.588,0.99903,False,1.5-2.5,True,hypo,False,False
PanTS_00007308,1,2,train,Venous,0.742188,0.742188,1.25,2,1.25,24430,16821.4,50.654,>=40,False,1,True,-20,hypoattenuating,0.338717,True,head,mask_ring,0.157894,inside,False,True,0.742188,16976,0.959394,16821.4,0.957941,4.03517,4.12973,3.52211,3.14418,2.694,2.64267,2.42114,,,22,8,7,3,2,,,,,50,4.12973,4.12973,200,0.98,5.19423,5.54124,2.78849,2.77846,2.65294,2.35524,2.29905,2.40345,2.71636,,,,39,28,20,12,,,,,50,2.78849,3.46569,200,0.995,5.97905,6.70466,17.8949,-15,hypo,14.59,-1.028,0.991101,False,<=1.5,True,hypo,False,False
PanTS_00007309,1,0,train,Venous,0.6875,0.6875,2.5,2,2.5,4550,5376.46,33.2004,20-40,False,1,True,-11,hypoattenuating,0.666754,True,head,mask_ring,0.10918,inside,False,True,2.5,5299,1,5376.46,1,4.5962,4.24832,3.45942,2.7529,2.12455,2.06647,1.48798,,,26,11,11,8,,,,,,50,4.5962,4.5962,200,0.38,4.33004,8.29138,3.82017,3.43642,3.28411,3.48243,3.92721,3.70899,3.49049,10,10,12,13,13,11,,11,3.82017,1.5,0.29746,50,3.92721,3.92721,200,0.475,3.88323,7.12277,12.8677,-22,hypo,11.6,-1.896,0.995652,False,1.5-2.5,True,hypo,False,False
PanTS_00007315,1,0,train,Venous,0.832031,0.832031,2.5,2,2.5,3489,6038.37,29.1295,20-40,False,1,True,-36,hypoattenuating,0.775096,True,head,mask_ring,0.457426,inside,False,True,0,5933,1,6038.37,1,1.42264,1.32321,1.28985,1.27803,1.00756,0.895136,0.986166,,,,44,11,5,6,,,,,50,1.42264,1.42264,200,1,3.26492,3.90679,2.06356,2.15153,2.25278,2.38341,2.20436,1.84263,1.68766,,,44,38,23,,,,,,,50,2.38341,2.38341,200,0.93,3.23745,5.02928,13.2965,-53,hypo,12.27,-4.321,0.99991,False,1.5-2.5,True,hypo,False,False
PanTS_00007319,1,3,train,Venous,0.708984,0.708984,2.5,2,2.5,1220,1533.11,17.6094,10-20,False,1,True,-91,hypoattenuating,0.254649,True,body,mask_ring,0.582197,inside,False,True,10,1537,1,1533.11,1,3.33615,3.29779,3.32327,3.66037,4.06985,3.56073,2.74051,,47,27,8,2,2,2,45,4.06985,4,0.437116,50,4.06985,4.06985,200,0.49,4.02648,5.32959,4.11988,4.09476,3.48331,2.64668,1.25484,0.952269,0.775894,,,,,,,,,,,,50,4.11988,4.11988,200,0.375,3.62914,6.05258,9.15311,-107,hypo,9.283,-11.53,0.875734,False,1.5-2.5,True,hypo,False,True
PanTS_00007329,1,2,train,Non-contrast,0.716797,0.716797,0.8,2,0.8,21834,8974.61,39.3782,20-40,False,1,True,4,isoattenuating,0.00173231,True,head,mask_ring,0.0472435,inside,False,True,20.7211,8944,0.951635,8974.61,0.95114,3.59934,2.89755,2.53911,2.5213,1.84643,1.49509,1.27698,8,45,,45,13,5,,16,3.59934,1.5,0.0988458,50,3.59934,3.59934,200,0.41,3.43232,6.08842,7.54717,8.40063,8.84392,8.39216,6.96084,5.73017,4.98597,38,,,48,24,18,,,,,,50,8.84392,8.84392,200,0.235,4.04073,11.3396,14.8917,5,iso,26.52,0.1885,0.686895,False,<=1.5,False,iso,True,False
PanTS_00007334,1,2,train,Venous,0.820312,0.820312,5,2,5,9093,30593.9,52.9941,>=40,False,1,True,-1,isoattenuating,0.793882,True,head,mask_ring,0.198064,inside,False,True,2.95768,30750,0.986363,30593.9,0.985724,5.2305,4.3029,3.47984,3.03746,2.49834,2.08904,2.04002,13,24,19,8,3,1,1,14,3.75673,1.5,0.28399,50,5.2305,5.52863,200,0.155,4.03692,5.59834,6.0299,4.68153,3.6372,3.89387,3.86766,3.66574,3.20001,17,13,7,6,1,3,3,17,3.86766,4,0.0246318,50,6.0299,6.0299,200,0.075,5.30739,7.45015,21.4021,1,iso,13.26,0.07541,0.998931,False,2.5-5,True,iso,True,False
PanTS_00007361,1,3,train,Non-contrast,0.78125,0.78125,0.8,2,0.8,6198,3026.37,30.3333,20-40,False,1,True,0,isoattenuating,0,False,head,mask_ring,0.251524,inside,False,False,,3110,0.972894,3026.37,0.972026,2.45758,1.68539,1.8268,1.59365,1.04934,0.62439,0.423883,,,40,26,6,4,,,,,,50,2.45758,4.36228,200,0.98,6.0054,7.62205,3.2418,3.70115,3.59902,3.31919,2.64528,2.23669,2.14442,,,,35,18,13,,,,,,50,3.70115,3.70115,200,0.8,5.02463,19.0999,10.9731,-1,iso,18.9,-0.05292,0.195287,True,<=1.5,False,iso,True,False
PanTS_00007364,1,0,train,Venous,0.855469,0.855469,2.5,2,2.5,307,561.677,12.2378,10-20,False,1,True,-4,isoattenuating,0.354034,True,head,mask_ring,0.178451,inside,False,True,16.4696,540,1,561.677,1,1.84323,1.80724,1.60057,1.66238,1.22381,0.607721,0.201868,,,,,,,,,,,,50,1.84323,1.84323,200,0.895,3.20708,4.85241,3.06926,3.20823,3.29405,3.08522,2.30508,1.70686,1.53033,,21,,5,11,10,9,,,,,50,3.29405,3.29405,200,0.375,3.0989,4.7162,7.11838,-5.5,iso,11.27,-0.4879,0.999971,False,1.5-2.5,True,iso,False,False
PanTS_00007414,1,1,train,Venous,0.783203,0.783203,0.418478,2,0.418478,101364,26019.9,59.4313,>=40,False,1,True,-12,hypoattenuating,0.719405,True,head,mask_ring,0.0721623,abutting,False,True,4.01437,26067,0.404355,26019.9,0.408141,3.89892,2.80591,2.7972,2.42115,2.05635,1.79356,1.49228,9,39,24,16,4,3,,9,3.89892,1.5,0.152708,50,3.89892,3.89892,200,1,4.58001,5.63155,4.12442,4.08063,4.27579,4.33513,3.93458,3.37332,2.6253,25,28,27,23,12,,,31,3.19296,1.5,0.136395,50,4.33513,5.64813,200,0.995,5.99266,6.18646,20.3825,-13,hypo,13.92,-0.9337,0.99703,False,<=1.5,True,hypo,False,False
PanTS_00007422,1,4,train,Venous,0.820312,0.820312,2.5,2,2.5,16192,27239.5,50.6434,>=40,False,1,True,-24,hypoattenuating,0.888338,True,head,mask_ring,0.208102,inside,False,True,0.820312,27293,0.998888,27239.5,0.998608,4.31129,3.7026,3.54908,3.21888,2.40194,2.52972,2.39368,25,41,30,25,13,7,2,41,3.54272,1.5,0.242183,50,4.31129,4.31129,200,0.905,4.75326,5.5074,4.52818,3.70351,3.46421,3.81208,3.9766,3.64106,3.14503,6,10,14,9,10,9,5,10,4.52818,1.5,0.233559,50,4.52818,4.52818,200,0.895,5.71958,6.2413,20.6654,-32,hypo,15.91,-2.011,0.9963,False,1.5-2.5,True,hypo,False,False
PanTS_00007426,1,3,train,Venous,0.941406,0.941406,5,2,5,2289,10143.1,47.0281,>=40,False,1,True,6,isoattenuating,0.461974,True,head,mask_ring,0.208473,inside,False,True,1.88281,10140,0.983836,10143.1,0.983826,7.33348,5.43734,4.19883,3.58032,2.31287,2.14597,1.74409,12,16,20,11,6,3,2,10,3.99166,1.5,0.146714,50,7.33348,7.33348,200,0.07,3.79719,8.47966,8.04036,6.32033,5.31032,4.48352,3.44245,2.781,2.46483,4,7,8,8,6,9,9,4,8.04036,1.5,0.00241344,50,8.04036,8.07796,200,0.07,6.44738,8.25959,15.4285,4.5,iso,17.24,0.261,0.997399,False,2.5-5,True,iso,True,False
PanTS_00007435,1,3,train,Venous,0.894531,0.894531,2.5,2,2.5,1748,3496.81,24.8748,20-40,False,1,True,16,hyperattenuating,0.471511,True,head,mask_ring,0.154826,inside,False,True,0.894531,3509,1,3496.81,1,2.14383,2.11591,1.86662,1.6725,1.50134,1.52764,1.58732,,,,,,,,,,,,50,2.14383,2.14383,200,0.99,2.92396,3.85929,1.92302,1.71397,1.61149,1.6306,1.67581,1.75359,1.66908,,,,,,,8,,,,,50,1.92302,1.92302,200,1,3.14628,4.52477,11.4159,16,hyper,22.87,0.6995,0.95877,False,1.5-2.5,True,hyper,False,False
PanTS_00007437,1,2,train,Non-contrast,0.976562,0.976562,3,2,3,1280,3662.11,27.5692,20-40,False,1,True,30,hyperattenuating,0.138727,True,head,mask_ring,0.133665,abutting,False,True,0.976562,3639,0.457813,3662.11,0.46139,2.3813,1.59489,1.23815,1.30228,1.06926,1.00971,0.759427,,,,,,,,,,,,50,2.3813,2.3813,200,0.945,3.0892,4.08661,5.03419,4.70615,4.09696,3.43151,2.37685,2.36101,2.27658,44,31,27,,,8,,47,2.7168,1.5,0.182188,50,5.03419,8.03112,200,0.14,3.20544,6.18306,11.562,35,hyper,6.63,5.279,0.999015,False,2.5-5,False,hyper,False,False
PanTS_00007451,1,1,train,Arterial,0.617188,0.617188,1.25,2,1.25,7542,3591.13,34.1385,20-40,False,1,True,-6,isoattenuating,0.000209842,True,head,mask_ring,0.135635,inside,False,False,,3431,1,3591.13,1,2.91261,2.33375,1.74447,1.77165,2.12068,2.09529,2.15875,,,33,21,5,3,,,,,,50,2.91261,2.91261,200,0.995,7.89483,9.75516,3.08066,2.4265,1.94929,2.16372,2.20511,1.90277,1.94156,,,,,22,10,,,,,,50,3.08066,3.08066,200,0.905,4.40524,7.73807,11.4998,-8,iso,7.293,-1.097,0.860428,False,<=1.5,True,iso,False,False
PanTS_00007463,1,4,train,Venous,0.863281,0.863281,2.5,2,2.5,2621,4883.28,32.9831,20-40,False,1,True,-27,hypoattenuating,0,False,head,mask_ring,0.27819,abutting,False,True,12.2086,4834,0.090805,4883.28,0.0864708,2.4326,2.91838,3.03709,2.82837,2.12233,1.37142,1.28944,,,,20,,,,,,,,50,3.03709,3.03709,200,0.775,3.61032,4.21639,1.76761,1.41753,1.11485,0.881453,0.577862,0.552731,0.860129,,,,,,,,,,,,50,1.76761,3.17851,200,1,3.33916,4.25967,12.5246,-22,hypo,18.9,-1.164,0.00423159,True,1.5-2.5,True,hypo,False,False
PanTS_00007468,1,3,train,Venous,1.5,1.5,1.5,2,1.5,794,2679.75,23.3827,20-40,False,1,True,6,isoattenuating,0,False,body,mask_ring,0.451251,inside,False,True,58.5961,2679,1,2679.75,1,3.1119,2.91747,2.64368,2.44132,2.05798,2.05733,2.09865,34,,37,,,,,35,3.1119,1.5,0.494395,50,3.1119,3.1119,200,0.65,3.20568,4.71123,2.24074,2.09482,2.02183,2.15322,2.2903,1.98155,1.74809,,31,16,12,14,3,,,,,,50,2.2903,2.2903,200,0.96,3.53,6.18795,10.6166,6,iso,18.9,0.3175,0.0237573,True,<=1.5,True,iso,False,False
PanTS_00007472,1,2,train,Non-contrast,0.78125,0.78125,0.8,2,0.8,809,395.02,12.9286,10-20,False,1,True,-10,isoattenuating,0.175049,True,head,mask_ring,0.100663,inside,False,True,72.2411,404,1,395.02,1,1.89777,1.63468,1.35024,1.06172,0.695968,0.518014,0.377843,,,,,,,,,,,,50,1.89777,1.89777,200,0.825,2.37453,3.33896,1.61659,1.22078,1.0528,0.905907,0.997531,1.29143,1.57331,,,,,,,,,,,,50,1.61659,1.61659,200,0.985,2.71989,3.42917,6.55173,-10,iso,33.15,-0.3016,0.99651,False,<=1.5,False,iso,False,False
PanTS_00007485,1,3,train,Non-contrast,0.667969,0.667969,1.2,2,1.2,16942,9071.06,40.2542,>=40,False,1,True,7,isoattenuating,0.674406,True,head,mask_ring,0.152414,inside,False,True,1.37338,9026,1,9071.06,1,4.12562,3.77541,3.14797,2.59272,1.68135,1.32393,0.780396,,35,40,12,2,3,2,,,,,50,4.12562,4.12562,200,0.975,5.68355,7.3667,3.16641,2.47457,2.09695,2.03368,1.78915,1.73451,1.69575,,43,28,23,14,12,,,,,,50,3.16641,3.16641,200,0.99,5.59724,6.7336,14.9377,7,iso,9.283,0.7541,0.998256,False,<=1.5,False,iso,False,False
PanTS_00007494,1,1,train,Venous,0.8125,0.8125,1,2,1,2871,1895.31,31.844,20-40,False,1,True,13,hyperattenuating,0,False,head,mask_ring,0.0628698,inside,False,True,9.4753,1869,0.866945,1895.31,0.869449,4.28864,3.66177,3.59656,3.15775,2.22573,1.78569,1.30183,14,37,35,31,,,,14,4.28864,1.5,0.0110488,50,4.28864,4.99955,200,0.21,3.67254,5.03749,7.77228,9.11259,8.36378,7.11106,5.07157,3.66506,2.67532,,,,,,,,,,,,50,9.11259,9.11259,200,0,3.89566,5.6547,9.6771,11,hyper,16.58,0.6636,0.220426,True,<=1.5,True,hyper,False,False
PanTS_00007501,1,4,train,Venous,0.830078,0.830078,1,2,1,1032,711.079,19.4721,10-20,False,1,True,-7,isoattenuating,0,False,tail,mask_ring,0.703823,inside,False,True,56.1978,744,1,711.079,1,2.07602,1.88906,1.55454,1.33828,0.554777,0.42189,0.261703,,,,47,,,,,,,,50,2.07602,2.07602,200,0.78,2.47075,3.5132,2.74317,2.68274,2.32732,2.00019,2.18826,2.56414,2.78773,,21,,,,,,,,,,50,2.78773,2.78773,200,0.425,2.70381,3.8774,7.53702,-5,iso,20.55,-0.2433,8.71619e-05,True,<=1.5,True,iso,True,False
PanTS_00007516,1,0,train,Arterial,0.742188,0.742188,1.25,2,1.25,33825,23290.3,46.0256,>=40,False,1,True,10,isoattenuating,0.696745,True,body,mask_ring,0.387103,abutting,False,True,4.78288,23237,0.656674,23290.3,0.655549,4.26542,4.29014,3.69818,3.51655,2.93468,2.29865,1.99335,18,10,18,30,11,,,21,4.29014,2,0.410247,50,4.29014,4.7545,200,0.575,4.47153,5.81013,6.06607,7.45676,7.98783,7.55563,6.20373,5.15287,4.45535,12,,40,13,16,14,14,42,4.34237,3,0.209729,50,7.98783,9.3553,200,0.21,6.01608,10.0371,19.7159,4,iso,19.56,0.2045,0.999318,False,<=1.5,True,iso,True,False
PanTS_00007525,1,2,train,Venous,0.806641,0.806641,2.5,2,2.5,11123,18093.5,38.4461,20-40,False,1,True,-73,hypoattenuating,0.893958,True,head,mask_ring,0.115628,inside,False,True,1.14076,18110,1,18093.5,1,3.10528,2.21618,1.85277,1.50392,1.33623,1.24384,1.00617,,,,35,8,4,4,,,,,50,3.10528,3.10528,200,0.955,3.67777,4.41904,2.95054,2.42441,2.34661,2.1253,2.16892,2.2073,2.16782,34,37,27,25,18,15,14,44,2.95054,1.5,0.176686,50,2.95054,2.95054,200,1,4.35809,5.86267,18.2859,-85,hypo,18.57,-4.578,0.999207,False,1.5-2.5,True,hypo,False,False
PanTS_00007532,1,4,train,Arterial,0.683594,0.683594,0.8,2,0.8,5822,2176.5,34.5138,20-40,False,2,True,-13,hypoattenuating,0.0205629,True,body,pc1_boundary,0.559911,abutting,False,True,11.0065,2211,0.453624,2176.5,0.480778,2.84956,2.4541,2.1649,2.0025,1.40833,1.09767,1.07922,,,27,10,,,,,,,,50,2.84956,3.12532,200,0.88,4.77099,8.4255,3.9245,3.17622,2.40686,1.60472,0.701486,0.473948,0.493269,,,,47,28,,,,,,,50,3.9245,3.9245,200,0.76,5.55856,8.28885,10.0394,-14,hypo,15.91,-0.8798,0.896704,False,<=1.5,True,hypo,False,False
PanTS_00007532,2,4,train,Arterial,0.683594,0.683594,0.8,2,0.8,3,1.12152,1.6,<5,True,2,False,-4,isoattenuating,0,False,body,pc1_boundary,0.517989,embedded,False,True,12.054,0,1,1.12152,,,,,,,,,,,,,,,,,,,,50,,,,,,,,,,,,,,,,,,,,,,,,,50,,,,,,,2.64452,-4,iso,15.91,-0.2514,0.00756257,True,<=1.5,True,iso,True,False
PanTS_00007533,1,0,train,Venous,5,0.9375,0.9375,0,5,509,2236.82,22.3825,20-40,False,1,True,-27,hypoattenuating,0.0232558,True,body,mask_ring,0.820582,inside,False,False,,2335,1,2236.82,1,2.27346,2.24803,2.33425,2.24514,2.19399,2.18551,2.23601,,,49,25,18,,,,,,,50,2.33425,2.33425,200,0.99,3.95339,4.91922,2.69641,2.61046,2.72072,2.56351,2.18233,1.93795,1.82397,,,15,37,7,,,,,,,50,2.72072,3.69115,200,0.835,3.3736,4.61748,10.113,-17,hypo,12.6,-1.349,0.529864,False,2.5-5,True,hypo,False,False
PanTS_00007536,1,3,train,Arterial,0.742188,0.742188,1.25,2,1.25,39894,27469.2,58.7678,>=40,False,1,True,-29,hypoattenuating,0.660482,True,head,mask_ring,0.253592,inside,False,True,0,27509,0.818594,27469.2,0.817114,4.96372,3.57631,3.02896,2.92667,2.81039,2.6797,2.61679,33,26,19,15,5,2,2,33,4.16729,1.5,0.0145952,50,4.96372,4.96372,200,0.79,5.22762,6.66577,5.97984,4.16121,3.44886,2.93448,2.52731,2.64616,2.98516,8,11,14,17,14,13,6,8,5.97984,1.5,0.314959,50,5.97984,7.24491,200,0.51,5.97984,7.76695,20.7177,-26,hypo,13.26,-1.961,0.996406,False,<=1.5,True,hypo,False,False
PanTS_00007539,1,4,train,Venous,0.880859,0.880859,2.5,2,2.5,211,409.294,12.5194,10-20,False,1,True,-21,hypoattenuating,0,False,body,mask_ring,0.575712,inside,False,True,58.8244,403,1,409.294,1,1.07076,1.15772,1.30436,1.17301,0.635149,0.362982,0.222656,,,,,,,,,,,,50,1.30436,1.30436,200,0.905,3.27844,5.13701,1.98181,1.62076,1.42303,1.25684,1.09158,1.12514,1.21142,,,,,31,,,,,,,50,1.98181,1.98181,200,0.945,2.94611,4.29038,6.60591,-23.5,hypo,11.6,-2.025,0.000310156,True,1.5-2.5,True,hypo,False,True
PanTS_00007555,1,0,train,Venous,0.976562,0.976562,2.5,2,2.5,425,1013.28,24.3942,20-40,False,2,True,2,isoattenuating,0.402741,True,head,mask_ring,0.355201,abutting,False,False,,1050,0.188235,1013.28,0.179048,2.21629,1.56984,1.01636,0.706814,0.482234,0.374663,0.306524,,,48,29,,,,,,,,50,2.21629,4.23207,200,0.945,3.49036,4.69854,11.1181,7.20874,4.64918,3.07049,1.53575,1.15,1.31094,,,,,,,,,,,,50,11.1181,11.1181,200,0.005,3.09092,4.16999,8.23084,1,iso,13.59,0.07357,0.999122,False,1.5-2.5,True,iso,True,False
PanTS_00007555,2,0,train,Venous,0.976562,0.976562,2.5,2,2.5,334,796.318,20.3896,20-40,False,2,False,-2,isoattenuating,0,False,head,mask_ring,0.380131,inside,False,False,,699,1,796.318,1,1.852,1.95474,1.64103,1.23986,0.615003,0.167231,0.280578,,,,31,,,,,,,,50,1.95474,1.95474,200,0.95,3.42709,4.49836,2.38825,2.1671,2.13586,2.20303,2.14059,2.2132,2.2714,,,,,22,,,,,,,50,2.38825,2.38825,200,0.84,3.1612,4.32076,7.74998,-5.5,iso,13.59,-0.4046,0.000304159,True,1.5-2.5,True,iso,False,False
PanTS_00007558,1,1,train,Non-contrast,1.5,1.5,1.5,2,1.5,5938,20040.8,51.1102,>=40,False,1,True,-14,hypoattenuating,0,False,body,mask_ring,0.342541,inside,False,True,31.8198,20115,1,20040.8,1,2.98221,2.95435,2.74364,2.46859,2.1548,1.90742,1.42727,40,15,46,,19,,,42,2.98221,1.5,0.521144,50,2.98221,2.98221,200,0.955,3.612,4.3487,2.73617,2.41831,2.19934,2.16169,2.30877,2.08073,2.00026,,,45,31,20,14,11,,,,,50,2.73617,2.73617,200,0.945,3.74577,5.95258,18.8503,-12,hypo,8.62,-1.392,0.00231413,True,<=1.5,False,hypo,False,False
PanTS_00007564,1,4,train,Venous,0.740234,0.740234,2.5,2,2.5,3631,4973.98,24.7276,20-40,False,1,True,25,hyperattenuating,0.840867,True,head,mask_ring,0.31834,inside,False,True,0.740234,4985,0.960342,4973.98,0.95988,2.32854,2.28917,2.11399,2.10124,1.82791,1.49857,1.51624,,,,,,,,,,,,50,2.32854,2.32854,200,0.965,3.10684,3.81789,3.4611,3.33241,3.07715,2.74638,2.32185,2.06832,2.17876,14,9,11,12,12,10,5,14,3.4611,1.5,0.404062,50,3.4611,3.4611,200,0.455,3.32546,9.52136,12.5894,27,hyper,16.24,1.662,0.998299,False,1.5-2.5,True,hyper,False,False
PanTS_00007575,1,0,train,Venous,0.976562,0.976562,2.5,2,2.5,241,574.588,13.2461,10-20,False,1,True,0,isoattenuating,0.0569433,True,head,mask_ring,0.273008,inside,False,True,16.597,614,1,574.588,1,3.05104,2.56777,2.43283,2.33085,1.77288,0.95833,0.352053,,,,,,,,,,,,50,3.05104,3.05104,200,0.66,3.53374,5.29702,2.1735,1.83833,1.52851,1.93945,2.72674,2.91386,2.67777,,,,,,,,,,,,50,2.91386,2.91386,200,0.72,3.28675,5.1829,7.1573,-1,iso,7.625,-0.1311,0.999494,False,1.5-2.5,True,iso,True,False
PanTS_00007577,1,4,train,Arterial,0.742188,0.742188,1.25,2,1.25,18760,12917.3,48.3497,>=40,False,1,True,-1,isoattenuating,0.420264,True,head,mask_ring,0.120223,inside,False,True,0,12685,0.817324,12917.3,0.81821,3.38797,3.09788,3.22104,3.14998,2.91695,3.39232,3.34797,31,36,25,7,8,3,,40,3.36917,1.5,0.237808,50,3.39232,4.12713,200,1,4.4359,5.83922,6.75418,5.11977,3.92262,3.2266,3.97483,3.61389,2.77276,17,24,25,21,12,7,8,21,3.58153,1.5,0.468677,50,6.75418,8.10564,200,0.64,7.68841,8.85155,16.5555,4,iso,19.56,0.2045,0.997093,False,<=1.5,True,iso,True,False
PanTS_00007578,1,2,train,Venous,0.896484,0.896484,5,2,5,78,313.437,21.0379,20-40,False,5,False,-9.5,isoattenuating,0,False,body,pc1_boundary,0.578797,separated,True,True,65.8351,305,0,313.437,0,,,,,,,,,,,,,,,,,,,50,,2.33211,,,,,,,,,,,,,,,,,,,,,,,50,,2.90559,,,,,6.21393,-7,iso,11.6,-0.6033,0.000236895,True,2.5-5,True,iso,False,False
PanTS_00007578,2,2,train,Venous,0.896484,0.896484,5,2,5,100,401.842,25.3564,20-40,False,5,False,-4.5,isoattenuating,0,False,tail,pc1_boundary,0.710183,separated,True,True,69.8163,410,0,401.842,0,,,,,,,,,,,,,,,,,,,50,,3.56922,,,,,,,,,,,,,,,,,,,,,,,50,,3.61876,,,,,6.57779,-3.5,iso,11.6,-0.3016,5.12417e-05,True,2.5-5,True,iso,True,False
PanTS_00007578,3,2,train,Venous,0.896484,0.896484,5,2,5,499,2005.19,22.6788,20-40,False,5,True,5,isoattenuating,0,False,tail,mask_ring,0.940823,inside,False,True,82.6918,2025,1,2005.19,1,3.5204,2.79133,2.49752,2.52068,2.21648,1.80335,1.25801,,,49,28,,,,,,,,50,3.5204,3.5204,200,0.78,4.30004,5.99189,2.66748,2.39331,2.11528,2.04588,1.94591,1.9728,1.9767,,,,42,,,,,,,,50,2.66748,2.66748,200,0.885,3.69142,4.6197,9.82268,10,iso,11.6,0.8618,0.000295957,True,2.5-5,True,iso,False,False
PanTS_00007578,4,2,train,Venous,0.896484,0.896484,5,2,5,103,413.897,14.2343,10-20,False,5,False,-45,hypoattenuating,0.00975333,True,body,pc1_boundary,0.567478,separated,True,True,86.3665,405,0,413.897,0,,,,,,,,,,,,,,,,,,,50,,1.27673,,,,,,,,,,,,,,,,,,,,,,,50,,0.906781,,,,,6.62311,-43.5,hypo,11.6,-3.749,0.980747,False,2.5-5,True,hypo,False,True
PanTS_00007578,5,2,train,Venous,0.896484,0.896484,5,2,5,153,614.818,16.4817,10-20,False,5,False,-4,isoattenuating,0,False,tail,mask_ring,0.841118,separated,True,True,81.7017,635,0,614.818,0,,,,,,,,,,,,,,,,,,,50,,2.37386,,,,,,,,,,,,,,,,,,,,,,,50,,3.13732,,,,,7.27496,-10,iso,11.6,-0.8618,8.5143e-05,True,2.5-5,True,iso,False,False
PanTS_00007583,1,1,train,Venous,0.794922,0.794922,1.25,2,1.25,9021,7125.47,29.1215,20-40,False,1,True,-5,isoattenuating,0.795659,True,head,mask_ring,0.2215,inside,False,True,0.794922,7225,1,7125.47,1,2.8923,2.8142,2.88969,2.72547,2.22935,1.7389,1.55354,,,35,20,,,,,,,,50,2.8923,2.8923,200,0.965,3.97781,5.62917,2.65899,2.28833,2.32059,2.34225,2.36158,2.39074,2.34548,40,37,25,21,16,7,,49,2.65899,1.5,0.170558,50,2.65899,2.65899,200,0.94,4.4971,5.3483,13.9374,-3,iso,6.962,-0.4309,0.997479,False,<=1.5,True,iso,True,False
PanTS_00007588,1,2,train,Venous,0.748047,0.748047,2.5,2,2.5,7954,11127.1,33.8567,20-40,False,1,True,2,isoattenuating,0.902428,True,head,mask_ring,0.112416,inside,False,True,0.748047,11180,1,11127.1,1,4.60064,2.81798,2.79121,2.53014,2.31132,2.2652,2.02204,2,8,11,7,8,5,5,2,4.60064,1.5,0.236099,50,4.60064,4.60064,200,0.08,3.48739,4.96959,4.04488,4.69373,4.79864,4.56512,4.02371,3.68379,3.50041,23,11,15,10,5,2,3,27,2.20563,1.5,0.400734,50,4.79864,4.79864,200,0.415,4.38789,5.44282,15.8494,1,iso,15.91,0.06284,0.999791,False,1.5-2.5,True,iso,True,False
PanTS_00007594,1,1,train,Venous,0.673828,0.673828,2.5,2,2.5,21717,24651.2,41.7638,>=40,False,1,True,-42,hypoattenuating,0.878768,True,head,mask_ring,0.202246,inside,False,True,0.673828,24605,1,24651.2,1,4.18,4.61358,4.15862,3.64064,3.50591,2.65168,2.29975,21,36,4,9,7,6,3,17,4.15862,2.5,0.214567,50,4.61358,4.61358,200,0.65,4.91663,5.26647,5.96234,4.13638,3.14313,2.82612,3.16039,3.46855,3.52481,1,1,13,11,8,5,4,1,5.96234,1.5,0.324836,50,5.96234,5.96234,200,0,4.601,5.33033,20.0544,-53,hypo,12.27,-4.321,0.997488,False,1.5-2.5,True,hypo,False,False
PanTS_00007602,1,0,train,Non-contrast,0.78125,0.78125,0.8,2,0.8,1596,779.297,18.4633,10-20,False,1,True,17,hyperattenuating,0,False,head,mask_ring,0.250595,inside,False,True,3.98733,743,1,779.297,1,2.64747,2.01358,1.4999,1.43598,1.15878,0.706227,0.45829,,,,,19,6,,,,,,50,2.64747,2.64747,200,0.625,2.85715,3.72419,2.09252,2.13944,2.38726,2.38882,2.07228,1.89209,1.98648,,,,,,,,,,,,50,2.38882,2.38882,200,0.95,2.9242,4.01156,7.70871,23,hyper,35.14,0.6545,0.000388992,True,<=1.5,False,hyper,False,False
PanTS_00007615,1,0,train,Arterial,1,1,1,2,1,378,378,15.2971,10-20,False,1,True,-31.9829,hypoattenuating,0.284822,True,head,mask_ring,0.356361,inside,False,True,12.2066,378,1,378,1,2.13088,2.03691,1.99096,1.77043,1.02279,0.782017,0.765495,,,,,,,,,,,,50,2.13088,2.13088,200,0.755,3.00776,5.04758,3.12334,2.47345,2.08295,1.93411,1.30375,0.409928,0.560723,,,,,,38,,,,,,50,3.12334,3.12334,200,0.51,3.1982,5.72884,6.4854,-33.02,hypo,9.632,-3.428,0.999711,False,<=1.5,True,hypo,False,True
PanTS_00007622,1,0,train,Venous,0.976562,0.976562,2.5,2,2.5,5257,12533.7,41.1895,>=40,False,1,True,37,hyperattenuating,0.819523,True,head,mask_ring,0.165295,inside,False,True,0.976562,13194,1,12533.7,1,7.41014,3.38029,2.83491,2.66828,2.09804,1.91564,1.61409,2,5,40,39,23,9,,2,4.52155,1.5,0.0693222,50,7.41014,7.41014,200,0,3.26962,4.30173,6.62731,4.79265,4.92503,5.44312,5.06913,4.69361,4.51442,2,7,3,4,13,13,11,2,6.01342,1.5,0.0809907,50,6.62731,6.88851,200,0,3.55271,6.20847,16.41,40,hyper,18.57,2.155,0.99964,False,1.5-2.5,True,hyper,False,False
PanTS_00007627,1,2,train,Non-contrast,0.703125,0.703125,0.8,2,0.8,743,293.862,18.472,10-20,False,1,True,-4,isoattenuating,0,False,head,mask_ring,0.0929782,inside,False,True,10.5182,258,1,293.862,1,1.84921,1.83191,1.74209,1.43767,0.694341,0.262255,-0.0512532,,,,,,,,,,,,50,1.84921,1.84921,200,0.845,3.9122,5.44997,2.09112,1.81869,1.52388,1.31133,1.32669,1.35969,1.3806,,,,,,,,,,,,50,2.09112,2.09112,200,0.915,3.03144,4.5025,6.12431,6,iso,25.2,0.2381,0.000727907,True,<=1.5,False,iso,False,False
PanTS_00007630,1,1,train,Arterial,0.636719,0.636719,2.5,2,2.5,2382,2414.22,22.0879,20-40,False,1,True,-36,hypoattenuating,0.0968726,True,head,mask_ring,0.0606126,inside,False,True,5.40274,2402,1,2414.22,1,2.72854,3.09787,3.16803,3.20605,2.64602,1.91753,1.48212,,,,31,10,3,4,,,,,50,3.20605,3.20605,200,0.885,4.67282,6.13198,2.48972,2.75003,3.08382,3.03554,2.62204,2.23377,1.9171,,,,,,,,,,,,50,3.08382,3.08382,200,0.81,4.1072,5.64958,10.322,-42,hypo,7.956,-5.279,0.743913,False,1.5-2.5,True,hypo,False,False
PanTS_00007636,1,0,train,Arterial,0.888672,0.888672,2.5,2,2.5,3822,7545.94,30.9847,20-40,False,2,True,11,hyperattenuating,0.70049,True,head,mask_ring,0.175716,inside,False,False,,7555,1,7545.94,1,2.20464,2.08405,1.93129,1.84801,1.72946,1.90162,1.93219,,45,29,21,14,7,,,,,,50,2.20464,2.20464,200,1,3.13615,3.82205,3.49341,2.93407,2.3012,1.81925,1.66132,2.05157,2.74554,37,40,40,36,20,16,,44,2.80802,1.5,0.0722413,50,3.49341,3.49341,200,0.555,3.59745,4.96724,14.1677,14,hyper,14.59,0.9598,0.999729,False,1.5-2.5,True,hyper,False,False
PanTS_00007636,2,0,train,Arterial,0.888672,0.888672,2.5,2,2.5,150,296.152,10.9284,10-20,False,2,False,29.5,hyperattenuating,0,False,body,mask_ring,0.334547,inside,False,False,,357,1,296.152,1,1.36279,1.30917,1.2345,1.12664,0.953315,1.31416,1.84748,,,,,,,,,,,,50,1.84748,1.84748,200,0.86,2.33399,3.23016,2.11378,2.36998,2.52245,2.57482,2.25886,1.39311,1.43636,,,,,,13,,,,,,50,2.57482,2.57482,200,0.61,2.73695,4.17278,6.135,32.5,hyper,14.59,2.228,0.125333,True,1.5-2.5,True,hyper,False,True
PanTS_00007641,1,3,train,Venous,0.722656,0.722656,2.5,2,2.5,6623,8646.85,36.69,20-40,False,1,True,-14,hypoattenuating,0.657942,True,head,mask_ring,0.152915,inside,False,True,0.722656,8648,1,8646.85,0.999653,6.05546,4.64611,3.5382,3.05929,2.62254,2.18203,1.6724,,,,36,17,7,5,,,,,50,6.05546,6.05546,200,0.325,5.69791,8.02131,9.78251,9.7872,8.54113,7.12705,4.9715,3.39607,2.36315,7,5,5,5,3,5,4,,,,,50,9.7872,9.7872,200,0.055,4.01445,9.801,14.7328,-17,hypo,13.26,-1.282,0.997221,False,1.5-2.5,True,hypo,False,False
PanTS_00007643,1,2,train,Venous,0.810547,0.810547,2.5,2,2.5,3601,5914.52,34.1154,20-40,False,1,True,-4,isoattenuating,0,False,tail,mask_ring,0.939353,inside,False,True,63.9004,5922,1,5914.52,1,8.1992,8.32912,7.82718,7.48126,6.27473,6.57605,6.7533,9,,,35,,,,11,8.0486,1.5,0.0644875,50,8.32912,8.32912,200,0.185,6.42798,10.8273,6.43238,6.06142,5.74218,5.51738,5.15418,5.19895,4.86628,14,3,4,4,6,3,,17,5.27484,1.5,0.0313079,50,6.43238,6.43238,200,0.175,4.52975,8.06046,13.2187,0,iso,9.283,0,6.60521e-05,True,1.5-2.5,True,iso,True,False
PanTS_00007651,1,4,train,Venous,0.644531,0.644531,5,2,5,5012,10410.4,32.5951,20-40,False,1,True,-103,hypoattenuating,0,False,head,mask_ring,0.552253,inside,False,True,2.03819,10335,1,10410.4,1,3.54285,3.04052,2.74084,2.57052,2.30099,2.29673,2.5825,,43,30,20,8,4,1,,,,,50,3.54285,3.54285,200,1,5.51857,6.36934,10.3649,8.38823,5.61727,3.77746,3.34545,2.83476,2.73828,1,1,1,5,13,,,1,10.3649,1.5,0.669932,50,10.3649,10.3649,200,0,5.31328,7.33191,15.5454,-108,hypo,8.62,-12.53,4.3319e-05,True,2.5-5,True,hypo,False,False
PanTS_00007660,1,1,train,Arterial,0.742188,0.742188,1.25,2,1.25,72826,50144.6,61.0561,>=40,False,1,True,-19,hypoattenuating,0.845509,True,head,mask_ring,0.313805,abutting,False,True,0,50040,0.599484,50144.6,0.601699,6.08789,6.42212,6.34977,5.70633,4.04336,2.9612,3.06868,18,20,27,16,6,3,2,22,4.62106,1.5,0.26526,50,6.42212,6.42212,200,0.25,5.79893,8.1219,7.28043,8.35512,7.69098,6.80956,4.52035,3.2269,3.40014,10,21,31,29,16,9,5,13,4.8497,1.5,0.100355,50,8.35512,9.96816,200,0.63,10.4594,11.822,24.8759,-13,hypo,22.87,-0.5683,0.997449,False,<=1.5,True,hypo,False,False
PanTS_00007661,1,4,train,Arterial,0.910156,0.910156,2.5,2,2.5,364,753.83,16.7508,10-20,False,3,False,-13,hypoattenuating,0,False,head,mask_ring,0.160636,inside,False,False,,784,1,753.83,1,2.48454,2.1752,2.26288,2.23961,1.77926,1.34554,1.22206,,,,,,,,,,,,50,2.48454,2.48454,200,0.825,3.44692,4.58218,2.13263,2.1004,2.15824,2.16781,1.91753,1.78511,1.61367,,,,47,26,,,,,,,50,2.16781,2.16781,200,0.845,3.07035,4.72714,7.64584,-19,hypo,12.93,-1.47,0.000651268,True,1.5-2.5,True,hypo,False,True
PanTS_00007661,2,4,train,Arterial,0.910156,0.910156,2.5,2,2.5,452,936.074,31.5368,20-40,False,3,False,-23,hypoattenuating,0,False,head,pc1_boundary,0.0732136,separated,True,False,,0,0,936.074,,,,,,,,,,,,,,,,,,,,50,,,,,,,,,,,,,,,,,,,,,,,,,50,,,,,,,8.0684,-30,hypo,12.93,-2.32,3.61947e-05,True,1.5-2.5,True,hypo,False,False
PanTS_00007661,3,4,train,Arterial,0.910156,0.910156,2.5,2,2.5,12430,25742,66.3272,>=40,False,3,True,-32,hypoattenuating,0,False,body,pc1_boundary,0.58868,separated,True,False,,25595,0,25742,0,,,,,,,,,,,,,,,,,,,50,,3.20128,,,,,,,,,,,,,,,,,,,,,,,50,,2.49628,,,,,20.3169,-36,hypo,12.93,-2.784,0.00122318,True,1.5-2.5,True,hypo,False,False
PanTS_00007668,1,4,train,Non-contrast,0.871094,0.871094,1.25,2,1.25,13376,12687.2,48.4412,>=40,False,1,True,12,hyperattenuating,0.184449,True,head,mask_ring,0.174292,inside,False,True,35.6297,12790,0.876645,12687.2,0.875684,2.94979,3.07774,2.73144,2.24775,1.4828,1.20306,1.28817,50,40,32,32,5,,,,,,,50,3.07774,3.07774,200,0.88,3.6064,3.90514,2.71301,1.99695,1.65108,1.52355,1.49297,1.67919,2.00311,,,,36,20,10,7,,,,,50,2.71301,2.71301,200,0.995,4.01737,9.89863,16.4686,13,hyper,16.58,0.7843,0.997708,False,<=1.5,False,hyper,False,False
PanTS_00007690,1,2,train,Arterial,0.673828,0.673828,2.5,2,2.5,1202,1364.4,20.4443,20-40,False,1,True,21,hyperattenuating,0,False,head,mask_ring,0.287031,inside,False,True,2.77826,1371,0.918469,1364.4,0.909555,3.62498,2.5788,1.6775,1.51833,1.6988,1.67538,1.31481,8,9,20,15,,,,8,3.62498,1.5,0.0220658,50,3.62498,3.62498,200,0.185,2.78601,5.40621,3.74068,4.50526,4.45318,4.10984,3.26326,2.54498,2.17387,34,,,1,,,,3,4.10984,3,0.00437042,50,4.50526,4.61259,200,0.04,3.07422,4.26101,8.88047,5.5,iso,9.283,0.5925,0.417479,True,1.5-2.5,True,iso,False,False
PanTS_00007691,1,4,train,Venous,0.976562,0.976562,3.75,2,3.75,3480,12445.4,38.91,20-40,False,3,True,-19,hypoattenuating,0.631848,True,head,mask_ring,0.18096,inside,False,True,111.856,11939,0.972701,12445.4,0.974453,9.65347,8.16932,6.94623,6.03289,5.01473,4.36536,3.53221,2,2,1,1,2,2,,2,6.03289,3,0.251117,50,9.65347,10.1442,200,0.015,3.71352,3.81594,9.10776,9.54264,9.25322,8.40743,6.45126,4.70081,3.51616,3,4,15,20,12,9,6,4,5.87426,1.5,0.0375582,50,9.54264,11.1063,200,0.01,4.98005,7.09206,16.3761,-20,hypo,9.614,-2.08,0.993123,False,2.5-5,True,hypo,False,False
PanTS_00007691,2,4,train,Venous,0.976562,0.976562,3.75,2,3.75,1841,6583.92,41.576,>=40,False,3,False,21,hyperattenuating,0,False,head,mask_ring,0.269971,abutting,False,True,106.028,6932,0.45736,6583.92,0.449798,3.7555,3.63764,3.57252,3.76434,3.28163,2.44779,1.77064,23,23,20,,,,,27,2.85195,1.5,0.248707,50,3.76434,7.67987,200,0.15,3.61988,3.81594,3.02316,2.94531,2.47919,2.08506,1.67681,2.22574,2.52489,33,22,20,18,11,8,,36,2.79008,1.5,0.278729,50,3.02316,5.97791,200,0.975,4.54358,7.09206,13.6269,18,hyper,9.614,1.872,0.0103282,True,2.5-5,True,hyper,False,False
PanTS_00007691,3,4,train,Venous,0.976562,0.976562,3.75,2,3.75,90,321.865,11.4304,10-20,False,3,False,18,hyperattenuating,0,False,body,pc1_boundary,0.430829,separated,True,True,104.992,312,0,321.865,0,,,,,,,,,,,,,,,,,,,50,,2.61816,,,,,,,,,,,,,,,,,,,,,,,50,,3.26801,,,,,6.25136,18,hyper,9.614,1.872,2.33207e-06,True,2.5-5,True,hyper,False,True
PanTS_00007702,1,1,train,Non-contrast,0.703125,0.703125,5,2,5,6532,16146.6,39.7573,20-40,False,1,True,15,hyperattenuating,0.737187,True,head,mask_ring,0.111442,inside,False,True,3.51562,16250,0.988212,16146.6,0.986338,4.03154,3.3843,2.76889,2.27168,1.66383,1.83747,1.84114,48,,21,23,14,7,,50,3.25426,1.5,0.0154871,50,4.03154,4.03154,200,0.745,4.35607,5.36997,4.77978,3.75842,2.89131,2.31421,1.89353,2.1792,2.63429,,29,20,19,10,8,3,,,,,50,4.77978,4.77978,200,0.095,3.99453,8.2544,17.6795,11,hyper,8.288,1.327,0.997459,False,2.5-5,False,hyper,False,False
PanTS_00007713,1,4,train,Venous,0.644531,0.644531,2.5,2,2.5,11645,12093.9,42.5615,>=40,False,1,True,20,hyperattenuating,0.790492,True,head,mask_ring,0.182517,inside,False,True,0.644531,12088,1,12093.9,1,4.47746,3.23,2.57875,2.61854,2.78768,2.90842,2.50667,4,16,38,21,7,,,4,4.47746,1.5,0.0683669,50,4.47746,4.47746,200,0.09,3.36765,4.90597,5.43037,6.25292,6.30632,5.94535,4.90393,3.88042,2.97677,38,28,16,15,8,6,4,45,2.483,1.5,0.0817866,50,6.30632,6.30632,200,0.005,4.13135,6.21265,16.2394,19,hyper,7.625,2.492,0.997575,False,1.5-2.5,True,hyper,False,False
PanTS_00007728,1,0,train,Arterial,0.675781,0.675781,2,2,2,14171,12943.2,46.3832,>=40,False,1,True,7,isoattenuating,0.517782,True,head,mask_ring,0.235354,inside,False,True,0.675781,12860,0.999929,12943.2,0.999844,4.04863,3.28901,2.59254,2.20835,1.77092,1.76523,2.05907,26,36,32,20,3,1,1,30,4.04863,1.5,0.444213,50,4.04863,4.04863,200,0.885,4.53756,5.56713,2.71939,2.33891,2.18047,2.13556,2.45501,2.7023,2.5821,,,,43,21,16,8,,,,,50,2.71939,2.71939,200,1,4.38946,5.67834,16.5653,10,iso,13.92,0.7182,0.999494,False,1.5-2.5,True,iso,False,False
PanTS_00007735,1,1,train,Arterial,1.5,1.5,1.5,2,1.5,518,1748.25,28.5,20-40,False,1,True,-21,hypoattenuating,0,False,,none,,separated,True,True,18.6748,39,0,1748.25,0,,,,,,,,,,,,,,,,,,,50,,3.1869,,,,,,,,,,,,,,,,,,,,,,,50,,2.84307,,,,,9.47317,38,hyper,39.12,0.9714,0.116563,True,<=1.5,True,hyper,False,False
PanTS_00007757,1,1,train,Venous,1.5,1.5,1.5,2,1.5,38371,129502,128.292,>=40,False,1,True,-25,hypoattenuating,0.405528,True,head,mask_ring,0.354109,abutting,False,True,1.5,122367,0.172292,129502,0.183832,4.1255,4.65879,4.30222,4.27246,3.2147,2.25397,1.85182,13,15,11,9,5,9,,15,4.0524,1.5,0.327455,50,4.65879,6.15819,200,1,5.82608,7.0214,6.43867,4.9667,4.36586,3.81016,3.38333,3.85007,3.74593,4,5,7,4,7,7,5,4,6.43867,1.5,0.692134,50,6.43867,8.60822,200,0.995,11.9693,11.9693,33.3855,-28,hypo,25.53,-1.097,0.99481,False,<=1.5,True,hypo,False,False
PanTS_00007765,1,0,train,Venous,0.791016,0.791016,2.5,2,2.5,13503,21122.3,42.1248,>=40,False,1,True,-5,isoattenuating,0.882261,True,head,mask_ring,0.147907,inside,False,True,6.37516,21140,1,21122.3,1,3.18449,2.6262,2.58096,2.48345,2.38452,2.24777,1.74338,10,23,40,33,9,7,1,13,3.18449,1.5,0.069646,50,3.18449,3.18449,200,0.865,3.44747,3.88435,3.30999,2.53196,2.40648,2.361,2.35182,2.37838,2.18987,42,36,26,19,17,7,7,,,,,50,3.30999,3.30999,200,0.985,3.8502,4.20573,19.1482,-10,iso,22.54,-0.4436,0.999695,False,1.5-2.5,True,iso,False,False
PanTS_00007779,1,1,train,Venous,1,1,1,2,1,1155,1155,21.7715,20-40,False,1,True,-31.0063,hypoattenuating,0,False,head,mask_ring,0.263462,inside,False,True,10.0995,1155,1,1155,1,2.11794,1.75469,1.37278,1.06497,1.09511,1.21368,1.19448,,,,,,,,,,,,50,2.11794,2.11794,200,0.865,4.66847,7.68586,2.59786,2.29561,1.97245,2.05329,1.94582,1.6228,1.26368,,,,,38,26,,,,,,50,2.59786,2.59786,200,0.87,3.96828,6.84979,8.50875,-31.01,hypo,8.296,-3.737,0.00052645,True,<=1.5,True,hypo,False,False
PanTS_00007786,1,0,train,Venous,0.908203,0.908203,2.5,2,2.5,3237,6674.96,27.8387,20-40,False,1,True,0,isoattenuating,0.835504,True,head,mask_ring,0.195975,inside,False,True,0.908203,6634,0.998764,6674.96,0.998493,2.6012,2.05423,1.98695,2.05729,1.88916,2.07575,2.16552,,,26,16,5,1,1,,,,,50,2.6012,2.6012,200,0.885,3.04723,3.35102,2.84734,2.40164,2.48962,2.30591,1.88097,2.31223,2.71402,14,20,26,19,12,,,22,2.84734,1.5,0.158691,50,2.84734,2.84734,200,0.905,3.40883,4.23763,13.6803,-4,iso,16.24,-0.2462,0.999969,False,1.5-2.5,True,iso,True,False
PanTS_00007792,1,1,train,Venous,1.5,1.5,1.5,2,1.5,1160,3915,23.1409,20-40,False,1,True,-1.5,isoattenuating,0,False,body,mask_ring,0.475894,inside,False,True,32.2064,3906,1,3915,1,4.56859,4.21035,3.88069,3.61828,3.08308,2.77529,2.54192,,,50,28,11,7,,,,,,50,4.56859,4.56859,200,0.835,5.74132,7.27103,4.33439,4.28727,4.05855,3.98718,3.64805,3.06091,2.64353,33,19,13,16,9,4,6,40,4.33439,1.5,0.413241,50,4.33439,4.33439,200,0.575,4.89642,7.30392,11.7772,-4,iso,12.93,-0.3094,0.00912564,True,<=1.5,True,iso,True,False
PanTS_00007802,1,4,train,Venous,0.738281,0.738281,2.5,2,2.5,303,412.882,11.5763,10-20,False,1,True,30,hyperattenuating,0,False,head,mask_ring,0.164838,inside,False,True,0,437,1,412.882,1,2.97506,2.61048,2.69086,2.66707,2.45579,1.83728,1.16611,,,,,,,,,,,,50,2.97506,2.97506,200,0.465,2.93155,4.20118,2.58099,3.23612,3.37242,3.2258,2.66679,2.32405,2.24684,,32,21,24,,,,,,,,50,3.37242,3.37242,200,0.215,2.59615,5.36149,6.61933,-16.5,hypo,10.94,-1.508,9.64785e-05,True,1.5-2.5,True,hypo,False,True
PanTS_00007831,1,4,train,Non-contrast,0.878906,0.878906,0.8,2,0.8,5412,3344.51,29.6785,20-40,False,1,True,-5,isoattenuating,0,False,head,mask_ring,0.118006,embedded,False,False,,3397,0.976164,3344.51,0.972329,5.86275,4.82135,5.0887,4.82094,3.73808,2.83619,2.25128,28,24,15,9,,,,30,5.86275,1.5,0.244914,50,5.86275,5.86275,200,0.695,6.65362,11.1611,3.61203,3.51225,3.0461,3.25071,2.89961,2.56842,2.36079,,,48,36,,,,,,,,50,3.61203,3.61203,200,0.87,5.48782,8.38445,11.2772,-4,iso,15.58,-0.2567,8.58107e-05,True,<=1.5,False,iso,True,False
PanTS_00007846,1,3,train,Venous,0.605469,0.605469,2.5,2,2.5,2834,2597.31,23.9465,20-40,False,1,True,-33,hypoattenuating,0.606446,True,head,mask_ring,0.216903,inside,False,True,1.35387,2632,1,2597.31,1,3.39607,2.66257,2.43142,2.54261,2.23209,1.55892,1.24139,15,26,17,6,2,1,2,18,3.39607,1.5,0.189717,50,3.39607,3.39607,200,0.68,3.7193,4.99013,5.33141,4.98716,4.29297,3.57799,2.50927,1.77715,1.35416,,40,36,24,15,,,,,,,50,5.33141,5.33141,200,0.17,4.59347,5.48285,10.5273,-65,hypo,10.28,-6.325,0.998427,False,1.5-2.5,True,hypo,False,False
PanTS_00007851,1,4,train,Venous,0.732422,0.732422,2.5,2,2.5,6115,8200.86,40.3848,>=40,False,1,True,17,hyperattenuating,0.564367,True,head,mask_ring,0.152049,inside,False,True,0,8129,1,8200.86,1,3.81195,3.36158,2.74186,2.3316,1.76714,1.55443,1.49088,,32,22,27,17,,5,,,,,50,3.81195,3.81195,200,0.53,3.81863,4.80989,6.56671,6.09218,5.24383,4.4506,3.34319,2.78221,2.47013,37,34,30,28,7,6,5,42,2.7568,1.5,0.134708,50,6.56671,6.56671,200,0.03,3.37939,6.20296,14.51,17,hyper,10.94,1.554,0.997631,False,1.5-2.5,True,hyper,False,False
PanTS_00007858,1,0,train,Venous,0.882812,0.882812,2.5,2,2.5,2487,4845.65,27.6516,20-40,False,1,True,-28,hypoattenuating,0.0802779,True,tail,mask_ring,0.967316,inside,False,True,83.2516,4750,1,4845.65,1,4.46117,4.23329,3.62604,3.81051,3.66756,3.34056,3.07919,13,9,,36,10,,,13,4.46117,1.5,0.204591,50,4.46117,4.46117,200,0.245,4.0901,5.02083,5.24846,4.97751,4.5278,3.86179,2.97993,2.4495,2.35294,5,3,1,6,11,11,8,5,4.97751,2,0.339273,50,5.24846,5.24846,200,0.035,3.9807,5.18565,12.4975,-35,hypo,15.58,-2.246,0.908374,False,1.5-2.5,True,hypo,False,False
PanTS_00007862,1,0,train,Non-contrast,0.742188,0.742188,0.8,2,0.8,16328,7195.32,31.0069,20-40,False,1,True,-4,isoattenuating,0.0351384,True,head,mask_ring,0.153673,inside,False,False,,7146,1,7195.32,1,2.95375,3.55209,3.50485,2.90163,1.61354,0.797655,0.500501,,14,,32,11,2,2,19,3.55209,2,0.128057,50,3.55209,3.55209,200,0.57,3.57408,5.2926,3.15608,2.77272,3.095,3.06143,2.95955,2.60716,2.31312,,,,,46,,,,,,,50,3.15608,3.15608,200,0.92,4.03311,4.73707,13.9762,-2,iso,31.83,-0.06284,0.733261,False,<=1.5,False,iso,True,False
PanTS_00007863,1,3,train,Non-contrast,0.820312,0.820312,0.8,2,0.8,16075,8653.65,39.8679,20-40,False,1,True,1,isoattenuating,0.44106,True,head,mask_ring,0.282451,embedded,False,False,,8533,0.63633,8653.65,0.639634,3.37847,2.83155,2.81906,2.83112,2.31181,1.39037,1.11981,7,7,3,2,2,3,,7,3.37847,1.5,0.0407533,50,3.37847,3.37847,200,0.41,3.29882,4.60307,10.6139,8.03407,6.16105,4.95037,3.5781,2.67676,2.34995,2,8,7,6,6,9,8,2,10.6139,1.5,0.363413,50,10.6139,10.6139,200,0.2,9.09222,10.756,14.7361,0,iso,44.09,0,0.997183,False,<=1.5,False,iso,True,False
PanTS_00007868,1,3,train,Non-contrast,0.898438,0.898438,0.8,2,0.8,1218,786.526,20.0243,20-40,False,1,True,-2,isoattenuating,0,False,head,mask_ring,0.0560331,inside,False,True,12.2462,735,1,786.526,1,2.02392,2.15937,2.17423,2.00708,1.54826,1.05258,0.628616,,,,,8,4,,,,,,50,2.17423,2.17423,200,0.925,3.26796,3.99371,1.77173,1.42697,1.22442,1.14284,1.25415,1.30207,1.7103,,,,,,,,,,,,50,1.77173,1.77173,200,0.965,3.47672,4.47628,7.72631,-6,iso,21.55,-0.2784,0.000178131,True,<=1.5,False,iso,False,False
PanTS_00007890,1,4,train,Venous,0.75,0.75,2.5,2,2.5,16439,23117.3,42.8843,>=40,False,1,True,-4,isoattenuating,0.891689,True,head,mask_ring,0.124388,inside,False,True,0.75,23128,1,23117.3,1,4.24379,3.44907,2.96301,2.52374,2.35527,1.59428,1.5246,14,17,27,18,8,3,1,16,3.37387,1.5,0.103874,50,4.24379,4.24379,200,0.195,4.02162,5.79323,5.70612,4.41138,3.22077,3.02935,2.74039,2.67605,2.36488,2,5,3,6,6,6,6,3,4.95234,1.5,0.0249953,50,5.70612,5.70612,200,0,5.35003,5.64075,19.6719,-5,iso,17.57,-0.2846,0.996564,False,1.5-2.5,True,iso,True,False
PanTS_00007905,1,3,train,Venous,0.722656,0.722656,5,2,5,4070,10627.4,34.8223,20-40,False,1,True,-56,hypoattenuating,0.836351,True,body,mask_ring,0.674936,inside,False,True,0,10565,1,10627.4,1,3.71653,3.96896,4.2466,4.31712,3.79433,3.72788,4.28472,,,,32,14,6,2,,,,,50,4.31712,4.31712,200,0.97,5.66236,7.52534,3.9928,3.75392,4.0469,4.02881,3.34028,2.40862,1.67928,,34,7,1,10,11,,,,,,50,4.0469,4.0469,200,0.64,4.35659,6.16341,15.6389,-68,hypo,13.92,-4.884,0.994552,False,2.5-5,True,hypo,False,False
PanTS_00007921,1,2,train,Non-contrast,0.583333,0.583333,5,2,5,14994,25510.6,121.217,>=40,False,1,True,-22,hypoattenuating,0,False,tail,mask_ring,0.60841,abutting,False,False,,25475,0.192544,25510.6,0.191246,10.7585,7.62694,5.68596,4.095,2.50174,1.68774,1.47964,13,23,10,16,5,,,14,10.7585,1.5,0.0388476,50,10.7585,11.241,200,0.445,9.00595,26.1693,16.0354,16.8471,15.3396,12.5398,7.62448,4.74,3.51883,,42,36,44,26,,,,,,,50,16.8471,24.2279,200,0.38,7.60386,36.1674,20.2618,-23,hypo,4.31,-5.337,0.000356971,True,2.5-5,False,hypo,False,False
PanTS_00007938,1,1,train,Venous,0.736328,0.736328,2.5,2,2.5,4682,6346.2,30.6691,20-40,False,1,True,-43,hypoattenuating,0.748726,True,head,mask_ring,0.111515,inside,False,True,4.85795,6338,1,6346.2,1,3.82093,2.22847,2.20403,2.12498,2.08152,2.08613,1.96776,10,33,20,10,4,3,2,12,3.82093,1.5,0.578109,50,3.82093,3.82093,200,0.745,4.09655,4.97964,2.28713,1.90417,1.79485,1.7905,1.748,1.81134,1.93,17,19,17,10,5,5,,23,2.28713,1.5,0.265304,50,2.28713,2.28713,200,0.995,3.77325,4.73841,13.4853,-65,hypo,10.28,-6.325,0.997469,False,1.5-2.5,True,hypo,False,False
PanTS_00007946,1,1,train,Venous,0.884766,0.884766,0.7,2,0.7,635,347.959,11.1261,10-20,False,1,True,22,hyperattenuating,0.237386,True,head,mask_ring,0.17208,inside,False,True,11.857,312,1,347.959,1,1.50145,1.26368,1.03645,0.755147,0.59369,0.346305,0.328161,,,,48,,,,,,,,50,1.50145,1.50145,200,0.945,2.41947,3.32262,1.72473,1.42846,1.87187,2.07008,1.72973,1.17767,1.54229,,,,,11,7,,,,,,50,2.07008,2.07008,200,0.845,2.54908,3.94874,6.36328,5.5,iso,15.91,0.3456,0.996153,False,<=1.5,True,iso,False,False
PanTS_00007960,1,4,train,Arterial,0.742188,0.742188,1.25,2,1.25,70274,48387.4,75.8829,>=40,False,1,True,-43,hypoattenuating,0.762261,True,body,mask_ring,1.00525,inside,False,True,9.25592,48104,0.891966,48387.4,0.89292,6.48164,5.26355,4.63808,4.20876,4.14097,3.92648,3.318,20,11,5,2,3,1,1,20,5.67407,1.5,0.215663,50,6.48164,6.64874,200,0.685,8.42331,9.25169,16.6998,16.347,14.4003,11.9146,9.57262,8.05801,6.42207,1,1,1,1,1,1,1,1,16.6998,1.5,0.00871918,50,16.6998,17.3344,200,0,13.0803,13.8893,24.6055,-40,hypo,14.59,-2.742,0.996227,False,<=1.5,True,hypo,False,False
PanTS_00007989,1,0,train,Venous,0.826172,0.826172,2.5,2,2.5,805,1373.65,28.3683,20-40,False,1,True,-37,hypoattenuating,0.247423,True,head,mask_ring,0.0798571,inside,False,True,8.28757,1379,0.981366,1373.65,0.982596,2.73746,2.53427,2.08355,1.72517,1.3377,1.21625,0.922117,,,,39,,,,,,,,50,2.73746,2.73746,200,0.91,4.36394,6.59929,3.71984,2.85265,1.74612,1.34761,1.43894,1.44664,1.54461,,,,49,,,,,,,,50,3.71984,3.71984,200,0.37,3.35084,5.259,8.89598,-31,hypo,10.28,-3.016,0.998906,False,1.5-2.5,True,hypo,False,False
PanTS_00007995,1,1,train,Venous,0.953125,0.953125,1,2,1,3711,3371.25,21.5287,20-40,False,1,True,3,isoattenuating,0.202035,True,head,mask_ring,0.0293202,inside,False,False,,3213,1,3371.25,1,2.47269,2.03983,1.75593,1.55958,1.30975,0.989999,0.803867,,,,,,,,,,,,50,2.47269,2.47269,200,0.97,3.50161,4.45934,2.53279,2.4312,2.23593,2.06014,1.84415,2.00163,2.00296,,,,39,24,,,,,,,50,2.53279,2.53279,200,0.945,3.42061,4.77921,11.3018,5,iso,20.55,0.2433,0.964522,False,<=1.5,True,iso,True,False
PanTS_00007997,1,4,train,Venous,0.90625,0.90625,5,2,5,1442,5921.49,36.3744,20-40,False,2,True,-22,hypoattenuating,0.0145985,True,tail,mask_ring,1.05101,abutting,False,False,,5930,0.0214979,5921.49,0.015683,2.43049,1.9693,1.8796,2.00792,1.87538,1.52666,1.21237,,,,,,,,,,,,50,2.43049,3.12852,200,0.98,4.00117,4.83535,1.53542,1.00439,0.702408,0.562988,0.683821,0.916297,0.946456,,,,,,,,,,,,50,1.53542,2.51886,200,1,3.24827,5.47423,13.2231,-21,hypo,17.9,-1.173,0.938237,False,2.5-5,True,hypo,False,False
PanTS_00007997,2,4,train,Venous,0.90625,0.90625,5,2,5,164,673.457,12.9362,10-20,False,2,False,-25,hypoattenuating,0,False,tail,pc1_boundary,1.22115,separated,True,False,,110,0,673.457,0,,,,,,,,,,,,,,,,,,,50,,1.05013,,,,,,,,,,,,,,,,,,,,,,,50,,1.03448,,,,,7.4376,-28.5,hypo,17.9,-1.592,0.298287,True,2.5-5,True,hypo,False,True
PanTS_00008001,1,1,train,Venous,5,0.839844,0.839844,0,5,2431,8573.38,32.1648,20-40,False,1,True,7,isoattenuating,0,False,head,mask_ring,0.299118,inside,False,True,0.839844,8655,0.996709,8573.38,0.996187,4.07971,3.65495,3.1378,2.70917,1.98602,2.24018,2.09438,,,35,9,5,5,1,,,,,50,4.07971,4.09303,200,0.315,3.65896,4.89954,9.34621,8.6091,7.9737,6.80781,4.48296,3.00268,2.35582,1,4,4,4,18,11,,1,9.34621,1.5,0.29588,50,9.34621,9.34621,200,0.025,3.8616,8.55683,14.6966,12.5,hyper,27.52,0.4543,0.00244389,True,2.5-5,True,hyper,False,False
PanTS_00008010,1,1,train,Venous,0.789062,0.789062,5,2,5,12496,38901.2,54.5389,>=40,False,1,True,-98,hypoattenuating,0.844136,True,head,mask_ring,0.14088,inside,False,True,3.94531,38815,1,38901.2,1,3.84947,2.85715,2.53982,2.21224,1.77346,1.70714,1.84044,,,41,27,9,3,1,,,,,50,3.84947,3.84947,200,1,5.50969,6.73861,8.22463,6.19479,5.12332,4.31898,3.34721,2.77891,2.41925,3,2,,,29,21,18,3,8.12674,1.5,0.0660928,50,8.22463,8.22463,200,0.025,6.11655,8.12674,23.0196,-107,hypo,10.28,-10.41,0.997204,False,2.5-5,True,hypo,False,False
PanTS_00008045,1,0,train,Non-contrast,0.699219,0.699219,1,2,1,654,319.745,11.7655,10-20,False,1,True,-4,isoattenuating,0,False,head,mask_ring,0.160151,abutting,False,True,71.1694,315,0.69419,319.745,0.666667,1.27909,1.43116,1.6569,1.47835,0.87319,0.380171,0.0521012,,,,,,,,,,,,50,1.6569,2.02726,200,0.89,2.60382,3.50379,1.44683,1.8149,1.97146,1.93258,1.70012,1.39329,1.48942,,,,,,,,,,,,50,1.97146,3.70557,200,0.925,2.89239,4.02442,6.24201,1,iso,25.86,0.03867,0.00106496,True,<=1.5,False,iso,True,False
PanTS_00008048,1,1,train,Arterial,0.576172,0.576172,0.8,2,0.8,1473,391.198,15.5017,10-20,False,1,True,0,isoattenuating,0,False,head,mask_ring,0.240157,inside,False,False,,380,1,391.198,1,1.97211,1.77528,1.69516,1.54953,1.18102,0.832216,0.515628,,,,,,,,,,,,50,1.97211,1.97211,200,0.99,4.20414,5.7619,2.17157,1.53621,1.40998,1.27154,1.43304,1.64731,1.76671,,,,37,,,,,,,,50,2.17157,2.17157,200,0.94,3.03149,4.69153,6.53701,-7,iso,12.6,-0.5557,0.000138734,True,<=1.5,True,iso,False,False
PanTS_00008059,1,3,train,Arterial,0.744141,0.744141,0.7,2,0.7,88298,34226.2,57.6275,>=40,False,1,True,16,hyperattenuating,0.465157,True,head,mask_ring,0.19236,inside,False,True,0,34281,0.942966,34226.2,0.942592,3.95322,3.70256,3.72696,3.64145,3.56539,2.96146,2.46327,11,16,12,15,3,2,1,15,3.86046,1.5,0.0197016,50,3.95322,4.40929,200,0.975,4.36009,4.87976,5.97706,6.92177,6.49663,5.48632,4.69846,3.60581,2.77785,5,9,11,17,11,6,4,5,5.39362,1.5,0.044046,50,6.92177,8.70844,200,0.54,7.18531,8.79578,22.1414,19,hyper,17.57,1.081,0.99402,False,<=1.5,True,hyper,False,False
PanTS_00008063,1,0,train,Venous,0.796875,0.796875,2.5,2,2.5,1186,1882.8,21.1206,20-40,False,1,True,-33,hypoattenuating,0,False,body,mask_ring,0.472038,abutting,False,True,24.3579,1867,0.277403,1882.8,0.281735,1.92068,1.80756,1.54193,1.30325,1.17473,1.14325,1.03318,,,46,26,,,,,,,,50,1.92068,3.47958,200,0.99,5.3824,7.21009,1.68372,1.90674,1.6862,1.43027,0.978277,0.855508,1.20118,,,,,,,,,,,,50,1.90674,3.96305,200,0.985,4.00434,5.77294,9.66018,-30.5,hypo,8.951,-3.407,0.00159785,True,1.5-2.5,True,hypo,False,False
PanTS_00008072,1,1,train,Venous,1.5,1.5,1.5,2,1.5,2248,7587,56.8815,>=40,False,1,True,-22,hypoattenuating,0.105795,True,tail,pc1_boundary,0.897852,separated,True,True,95.8475,3618,0,7587,0,,,,,,,,,,,,,,,,,,,50,,2.71146,,,,,,,,,,,,,,,,,,,,,,,50,,2.34906,,,,,14.1897,-21,hypo,10.94,-1.92,0.983785,False,<=1.5,True,hypo,False,False
PanTS_00008073,1,4,train,Venous,0.761719,0.761719,2.5,2,2.5,1161,1684.08,17.9412,10-20,False,1,True,28,hyperattenuating,0,False,body,mask_ring,0.600383,inside,False,True,50.686,1667,1,1684.08,1,5.17128,3.92536,2.76931,2.05806,1.37253,0.831236,0.358339,37,,45,,,,,42,5.17128,1.5,0.0548616,50,5.17128,5.17128,200,0.58,5.50434,7.87154,3.88017,4.14648,4.22078,4.29546,4.25865,3.88723,3.53502,36,14,6,4,1,1,1,27,4.29546,3,0.286938,50,4.29546,4.29546,200,0.47,4.21584,7.38662,9.38059,33,hyper,11.27,2.928,0.000127311,True,1.5-2.5,True,hyper,False,True
PanTS_00008086,1,0,train,Venous,0.734375,0.734375,2.5,2,2.5,8611,11609.9,42.7292,>=40,False,1,True,-21,hypoattenuating,0.657192,True,head,mask_ring,0.137195,inside,False,True,10.5808,11448,0.965045,11609.9,0.96471,3.8127,3.167,3.04661,2.92084,2.42451,1.96774,1.75066,12,21,10,8,14,7,,13,3.79072,1.5,0.347888,50,3.8127,3.8127,200,0.5,3.80287,4.36651,4.85252,4.59634,3.86573,3.23911,2.77718,2.66006,2.63861,24,39,13,8,29,17,,33,3.3153,1.5,0.0126145,50,4.85252,4.85252,200,0.245,4.15049,5.02448,16.0469,-24,hypo,16.91,-1.419,0.99998,False,1.5-2.5,True,hypo,False,False
PanTS_00008091,1,3,train,Arterial,1,1,1,2,1,954,954,19.7231,10-20,False,1,True,-2.99077,isoattenuating,0,False,head,mask_ring,0.173063,inside,False,True,1.41421,954,1,954,1,1.53392,1.2625,0.997177,0.737126,0.288,0.167853,0.154622,,,,,,,,,,,,50,1.53392,1.53392,200,0.975,3.16471,4.68697,1.28006,1.3975,1.34584,1.25635,1.49076,1.77127,1.80091,,,,,,,,,,,,50,1.80091,1.80091,200,0.91,3.12462,8.1663,8.10689,0,iso,10.62,0,0.000350069,True,<=1.5,True,iso,True,False
PanTS_00008123,1,4,train,Venous,0.976562,0.976562,2.5,2,2.5,8527,20329.9,45.1202,>=40,False,1,True,0,isoattenuating,0.798066,True,head,mask_ring,0.150364,inside,False,True,13.4198,19892,0.941715,20329.9,0.940378,7.94717,3.76536,3.21413,2.8442,2.57469,2.09698,1.48173,3,6,5,5,4,3,1,3,4.66968,1.5,0.0157548,50,7.94717,7.94717,200,0,4.65873,5.29215,9.2819,6.39989,7.13709,7.39104,6.63085,5.76558,4.98739,1,1,2,32,17,12,7,1,9.2819,1.5,0.0133759,50,9.2819,9.2819,200,0.23,4.14626,10.6066,18.931,0,iso,10.61,0,0.997373,False,1.5-2.5,True,iso,True,False
PanTS_00008131,1,4,train,Venous,0.783203,0.783203,5,2,5,667,2045.71,24.2164,20-40,False,2,False,-19,hypoattenuating,0,False,head,mask_ring,0.282004,inside,False,False,,2040,1,2045.71,1,4.66514,3.63669,3.44098,3.12135,2.65296,2.07931,1.57785,12,47,25,19,,,,12,4.66514,1.5,0.0383547,50,4.66514,4.66514,200,0.14,3.8353,4.90042,5.79636,4.99051,4.05311,3.40219,2.92912,2.73577,2.58876,,,36,27,,,,,,,,50,5.79636,5.79636,200,0.115,3.83873,11.5188,9.87503,-8.5,iso,10.28,-0.8271,3.83787e-05,True,2.5-5,True,iso,False,False
PanTS_00008131,2,4,train,Venous,0.783203,0.783203,5,2,5,4036,12378.6,46.9413,>=40,False,2,True,-2,isoattenuating,0,False,head,mask_ring,0.161133,inside,False,False,,12405,0.999504,12378.6,0.999597,6.02147,4.11442,3.15598,2.92995,2.46983,2.2696,2.18212,1,8,9,6,2,2,1,1,6.02147,1.5,0.0957246,50,6.02147,6.02147,200,0.005,4.73744,5.85224,12.4492,8.94486,6.27013,4.4444,2.3173,2.0029,2.17551,1,1,1,1,4,6,,1,12.4492,1.5,0.0735127,50,12.4492,12.4492,200,0,4.60759,11.5188,16.3503,-3,iso,10.28,-0.2919,0.000269479,True,2.5-5,True,iso,True,False
PanTS_00008132,1,3,train,Venous,0.681641,0.681641,5,2,5,289,671.396,13.7989,10-20,False,4,False,-26,hypoattenuating,0,False,tail,pc1_boundary,0.797165,separated,True,True,93.5539,660,0,671.396,0,,,,,,,,,,,,,,,,,,,50,,1.47056,,,,,,,,,,,,,,,,,,,,,,,50,,1.31006,,,,,7.43205,-28.5,hypo,9.283,-3.07,0.00122318,True,2.5-5,True,hypo,False,True
PanTS_00008132,2,3,train,Venous,0.681641,0.681641,5,2,5,2340,5436.22,34.2671,20-40,False,4,True,-25,hypoattenuating,0.221164,True,body,pc1_boundary,0.657544,separated,True,True,69.9421,5385,0,5436.22,0,,,,,,,,,,,,,,,,,,,50,,1.76549,,,,,,,,,,,,,,,,,,,,,,,50,,1.45545,,,,,12.9078,-25,hypo,9.283,-2.693,0.992711,False,2.5-5,True,hypo,False,False
PanTS_00008132,3,3,train,Venous,0.681641,0.681641,5,2,5,268,622.609,24.5506,20-40,False,4,False,-25,hypoattenuating,0,False,tail,pc1_boundary,0.694115,separated,True,True,92.7681,630,0,622.609,0,,,,,,,,,,,,,,,,,,,50,,1.81361,,,,,,,,,,,,,,,,,,,,,,,50,,1.70692,,,,,7.29715,-29,hypo,9.283,-3.124,0.00592256,True,2.5-5,True,hypo,False,False
PanTS_00008132,4,3,train,Venous,0.681641,0.681641,5,2,5,832,1932.88,34.3213,20-40,False,4,False,-8,isoattenuating,0,False,body,pc1_boundary,0.56522,separated,True,True,83.0911,1746,0,1932.88,0,,,,,,,,,,,,,,,,,,,50,,1.56012,,,,,,,,,,,,,,,,,,,,,,,50,,1.71683,,,,,9.72749,-9.5,iso,9.283,-1.023,0.00041407,True,2.5-5,True,iso,False,False
PanTS_00008180,1,4,train,Venous,0.931641,0.931641,3,2,3,5105,13292.7,34.1048,20-40,False,1,True,-40,hypoattenuating,0.931766,True,head,mask_ring,0.195826,inside,False,True,9,13149,1,13292.7,1,4.04648,2.88035,2.64351,2.51687,2.33308,2.44824,2.56012,,43,38,,17,4,3,,,,,50,4.04648,4.04648,200,0.235,3.46898,6.55867,4.08862,2.84284,2.10069,1.74142,1.79228,1.8274,1.85752,7,31,35,49,,17,,9,4.08862,1.5,0.0351621,50,4.08862,4.08862,200,0.31,3.54752,7.50636,16.6952,-45,hypo,15.58,-2.888,0.99674,False,2.5-5,True,hypo,False,False
PanTS_00008184,1,4,train,Arterial,0.722656,0.722656,0.625,2,0.625,2536,827.737,30.1612,20-40,False,1,True,-1,isoattenuating,0,False,head,mask_ring,0.111402,embedded,False,False,,736,1,827.737,1,2.69156,2.49953,2.4979,2.58468,2.07615,1.34324,0.741093,,,,42,13,,,,,,,50,2.69156,2.85853,200,0.955,3.50837,5.84493,2.8813,2.65602,2.43418,2.01294,2.369,2.47092,2.05024,43,34,26,28,26,13,,46,2.8813,1.5,0.19686,50,2.8813,2.8813,200,0.56,2.96558,3.97538,7.82462,-1,iso,52.71,-0.01897,0.000262212,True,<=1.5,True,iso,True,False
PanTS_00008205,1,1,train,Venous,0.914062,0.914062,0.7,2,0.7,3103,1814.81,26.2956,20-40,False,3,False,5,isoattenuating,0.465457,True,head,pc1_boundary,0.304375,separated,True,True,38.5234,1779,0,1814.81,0,,,,,,,,,,,,,,,,,,,50,,2.17387,,,,,,,,,,,,,,,,,,,,,,,50,,2.18198,,,,,9.56684,2,iso,18.57,0.1077,0.997503,False,<=1.5,True,iso,True,False
PanTS_00008205,2,1,train,Venous,0.914062,0.914062,0.7,2,0.7,1367,799.5,21.0707,20-40,False,3,False,-26,hypoattenuating,0,False,body,mask_ring,0.586355,abutting,False,True,70.6543,804,0.610827,799.5,0.633085,2.26731,2.31231,1.98354,1.51778,1.17778,1.25851,0.986828,,,,,,,,,,,,50,2.31231,2.60297,200,0.885,3.19411,4.57347,2.3312,2.64994,2.52853,2.22361,1.52585,2.08809,2.24567,,,,,25,17,,,,,,50,2.64994,2.75142,200,0.735,3.075,4.29763,7.75762,-29,hypo,18.57,-1.562,0.000810387,True,<=1.5,True,hypo,False,False
PanTS_00008205,3,1,train,Venous,0.914062,0.914062,0.7,2,0.7,3924,2294.98,25.8558,20-40,False,3,True,-28,hypoattenuating,0.237077,True,tail,mask_ring,0.782089,inside,False,True,97.3465,2301,0.823649,2294.98,0.828336,3.28621,2.48391,2.09386,1.78961,1.32907,1.30626,1.16785,,,,47,21,9,,,,,,50,3.28621,3.28621,200,0.69,3.57217,4.60093,3.10238,3.22045,3.38678,3.35381,2.85396,2.04602,1.62258,,,,,,,9,,,,,50,3.38678,3.38678,200,0.455,3.36394,4.7893,10.1827,-29,hypo,18.57,-1.562,0.994998,False,<=1.5,True,hypo,False,False
PanTS_00008231,1,2,train,Venous,0.78125,0.78125,5,2,5,1557,4751.59,42.8233,>=40,False,2,True,-8,isoattenuating,0.413508,True,head,mask_ring,0.165004,inside,False,True,4.20716,4790,0.987797,4751.59,0.988727,4.1303,3.19837,3.40209,3.44483,2.92301,2.09597,1.57605,19,,10,5,2,2,,21,4.1303,1.5,0.241367,50,4.1303,4.1303,200,0.505,4.17879,8.83618,8.92954,6.6516,5.203,5.11251,4.10877,2.95005,2.15959,4,2,37,40,17,,,4,8.92954,1.5,0.124355,50,8.92954,8.92954,200,0.075,3.42114,10.1043,12.4292,-13,hypo,11.27,-1.153,0.996462,False,2.5-5,True,hypo,False,False
PanTS_00008231,2,2,train,Venous,0.78125,0.78125,5,2,5,1044,3186.04,32.0693,20-40,False,2,False,-5,isoattenuating,0,False,tail,mask_ring,0.867482,inside,False,True,0.78125,3210,0.989464,3186.04,0.987539,3.43525,2.78014,2.262,2.55764,2.79572,2.58909,2.48359,,45,33,24,18,9,,,,,,50,3.43525,3.44279,200,0.74,3.8028,6.60434,4.01336,3.92589,3.43215,3.09053,2.48896,1.94706,1.8057,10,4,2,6,9,9,6,10,4.01336,1.5,0.453631,50,4.01336,4.01336,200,0.13,3.3459,8.16376,11.1282,-5,iso,11.27,-0.4436,9.31459e-05,True,2.5-5,True,iso,True,False
PanTS_00008234,1,3,train,Non-contrast,0.867188,0.867188,0.8,2,0.8,3,1.80484,1.6,<5,True,6,False,38,hyperattenuating,0,False,head,pc1_boundary,0.071142,embedded,False,True,13.2449,0,1,1.80484,,,,,,,,,,,,,,,,,,,,50,,,,,,,,,,,,,,,,,,,,,,,,,50,,,,,,,2.75529,38,hyper,34.15,1.113,0.000194873,True,<=1.5,False,hyper,False,False
PanTS_00008234,2,3,train,Non-contrast,0.867188,0.867188,0.8,2,0.8,6,3.60967,1.81989,<5,True,6,False,-23.5,hypoattenuating,0,False,head,mask_ring,0.0513241,embedded,False,True,10.4882,2,1,3.60967,1,1.49193,1.09849,0.661465,0.336675,-0.24493,-0.533297,-0.663529,,,,,,,,,,,,50,1.49193,1.49193,200,0.565,1.63995,3.1837,0.556052,0.386282,0.273987,0.263695,0.488316,0.778942,0.989162,,,,,,,,,,,,50,0.989162,0.989162,200,0.935,2.33213,4.1259,2.95161,-23.5,hypo,34.15,-0.6882,3.48081e-05,True,<=1.5,False,hypo,False,False
PanTS_00008234,3,3,train,Non-contrast,0.867188,0.867188,0.8,2,0.8,4,2.40645,2.4,<5,True,6,False,-59,hypoattenuating,0,False,head,mask_ring,0.0601534,inside,False,True,10.1304,3,1,2.40645,1,2.17167,1.43865,0.867367,0.471438,-0.186852,-0.615552,-0.872895,,,,,,,,,,,,50,2.17167,2.17167,200,0.325,1.74525,3.67449,0.67393,0.516108,0.577538,0.767052,1.11846,1.21403,1.25757,,,,,,,,,,,,50,1.25757,1.25757,200,0.85,2.37435,3.78928,2.83131,-59,hypo,34.15,-1.728,2.21257e-05,True,<=1.5,False,hypo,False,False
PanTS_00008234,4,3,train,Non-contrast,0.867188,0.867188,0.8,2,0.8,893,537.24,22.2752,20-40,False,6,False,-12,hypoattenuating,0,False,head,pc1_boundary,0.253229,abutting,False,True,17.2005,564,0.771557,537.24,0.785461,3.06898,2.79279,2.05569,1.3749,0.876848,0.666333,0.526925,32,26,25,20,,,,35,3.06898,1.5,0.087984,50,3.06898,3.06898,200,0.355,2.7615,4.32077,2.32486,1.96685,1.57664,1.40511,1.27164,1.19479,1.11906,,,,43,,,,,,,,50,2.32486,2.32664,200,0.85,3.40519,4.60473,7.04305,-5,iso,34.15,-0.1464,0.0112446,True,<=1.5,False,iso,True,False
PanTS_00008234,5,3,train,Non-contrast,0.867188,0.867188,0.8,2,0.8,1092,656.96,17.94,10-20,False,6,True,4,isoattenuating,0,False,head,mask_ring,0.120225,inside,False,True,7.73048,662,1,656.96,1,3.51929,3.87304,3.67887,3.13118,2.18815,1.55864,1.21508,14,7,,,,,,10,3.87304,2,0.155114,50,3.87304,3.87304,200,0.12,2.95608,4.91898,2.75519,2.76548,2.12871,1.95127,1.96971,1.83905,1.70211,,,48,33,16,11,7,,,,,50,2.76548,2.76548,200,0.74,3.25205,4.6088,7.39283,5,iso,34.15,0.1464,6.10886e-05,True,<=1.5,False,iso,True,False
PanTS_00008234,6,3,train,Non-contrast,0.867188,0.867188,0.8,2,0.8,112,67.3805,9.08279,5-10,False,6,False,-11,hypoattenuating,0,False,head,mask_ring,0.28902,inside,False,True,22.4569,68,1,67.3805,1,1.11238,0.760048,0.482471,0.295985,-0.253817,-0.755229,-0.887912,,,,,,,,,,,,50,1.11238,1.11238,200,0.955,2.18622,4.08341,1.48322,1.75039,2.04889,2.20619,2.33919,2.29709,2.46416,,,,,,,,,,,,50,2.46416,2.46416,200,0.69,2.98638,4.46885,4.52434,-8.5,iso,34.15,-0.2489,0.308972,True,<=1.5,False,iso,False,False
PanTS_00008238,1,3,train,Arterial,0.742188,0.742188,1.25,2,1.25,127591,87853.3,85.4888,>=40,False,1,True,-55,hypoattenuating,0.343314,True,body,mask_ring,0.731571,abutting,False,True,8.74512,88098,0.455252,87853.3,0.455288,6.56295,5.39409,4.80197,4.39848,3.11937,2.59251,2.2754,2,2,5,4,3,1,1,2,6.56295,1.5,0.024999,50,6.56295,7.15056,200,0.155,5.88824,6.95573,9.22047,10.1901,9.29624,7.69244,5.36486,4.0944,3.04069,2,2,2,12,3,4,6,2,8.5772,1.5,0.209139,50,10.1901,12.1235,200,0.145,8.55514,10.5024,29.5776,-50,hypo,19.89,-2.514,0.997348,False,<=1.5,True,hypo,False,False
PanTS_00008242,1,1,train,Non-contrast,0.628906,0.628906,0.8,2,0.8,4450,1408.06,25.6992,20-40,False,2,False,-27,hypoattenuating,0,False,,none,,separated,True,True,27.017,1440,0,1408.06,0,,,,,,,,,,,,,,,,,,,24,,3.22102,,,,,,,,,,,,,,,,,,,,,,,27,,2.94542,,,,,8.95309,-27,hypo,14.26,-1.894,0.000149421,True,<=1.5,False,hypo,False,False
PanTS_00008242,2,1,train,Non-contrast,0.628906,0.628906,0.8,2,0.8,38046,12038.5,46.4931,>=40,False,2,True,-5,isoattenuating,0.708667,True,body,mask_ring,,abutting,False,True,0.628906,12044,0.0921516,12038.5,0.0911657,2.07028,1.88274,1.87165,1.70407,0.990137,-0.068234,-0.371931,13,5,5,,,1,,13,2.07028,1.5,0.445248,24,2.07028,4.84509,200,1,4.8133,4.8133,2.91809,3.46095,3.02606,2.49505,2.12971,2.48789,2.98535,16,8,6,,,,,16,1.98862,2,0.260099,27,3.46095,17.2961,200,1,16.3046,16.3046,16.2176,-5,iso,14.26,-0.3507,0.997042,False,<=1.5,False,iso,True,False
PanTS_00008266,1,1,train,Venous,0.728516,0.728516,5,2,5,1009,2677.56,20.7608,20-40,False,1,True,-18,hypoattenuating,0.699723,True,tail,mask_ring,0.957952,inside,False,True,93.5004,2730,1,2677.56,1,2.08496,1.7682,1.7827,1.64948,1.64092,1.78003,1.87534,,,,34,17,,,,,,,50,2.08496,2.08496,200,1,4.10147,6.12368,3.67855,3.02928,2.89071,2.75957,2.50421,2.27872,2.13048,8,6,4,3,6,6,6,8,3.67855,1.5,0.125114,50,3.67855,3.67855,200,0.19,3.15655,6.38375,10.6142,-28,hypo,10.94,-2.559,0.996752,False,2.5-5,True,hypo,False,False
PanTS_00008273,1,2,train,Venous,0.892578,0.892578,5,2,5,7372,29366.2,53.0687,>=40,False,1,True,-19,hypoattenuating,0,False,tail,mask_ring,0.870426,inside,False,True,33.5994,29350,1,29366.2,1,7.74817,6.77699,6.67752,6.6716,6.12584,5.67348,4.80517,3,6,6,6,4,3,2,3,7.74817,1.5,0.0246067,50,7.74817,7.74817,200,0,6.20897,7.71869,7.99369,6.48151,5.83689,5.19961,4.08684,3.72198,3.34337,1,1,1,1,1,3,4,1,7.99369,1.5,0.320673,50,7.99369,7.99369,200,0,4.57042,5.9855,21.139,-47,hypo,9.283,-5.063,0.00048881,True,2.5-5,True,hypo,False,False
PanTS_00008292,1,3,train,Arterial,0.847656,0.847656,1.25,2,1.25,66601,59817.7,92.5681,>=40,False,2,True,3,isoattenuating,0.831252,True,body,mask_ring,0.505842,inside,False,True,0,59636,0.768487,59817.7,0.768076,4.99594,4.86629,4.51903,3.84911,2.88692,2.30482,2.16282,12,2,3,3,6,3,,13,4.3652,1.5,0.00414559,50,4.99594,4.99594,200,0.755,5.18347,5.77269,8.29373,9.44125,8.88413,7.7067,5.28211,4.04101,3.62577,13,8,4,10,5,5,5,13,7.89442,1.5,0.037244,50,9.44125,10.1174,200,0.73,10.5035,10.9335,26.2613,6,iso,19.56,0.3068,0.996116,False,<=1.5,True,iso,False,False
PanTS_00008292,2,3,train,Arterial,0.847656,0.847656,1.25,2,1.25,78,70.0558,8.84979,5-10,False,2,False,-39,hypoattenuating,0,False,body,pc1_boundary,0.468299,separated,True,True,31.7794,58,0,70.0558,0,,,,,,,,,,,,,,,,,,,50,,3.40288,,,,,,,,,,,,,,,,,,,,,,,50,,2.33599,,,,,4.55732,-39.5,hypo,19.56,-2.019,0.264263,True,<=1.5,True,hypo,False,False
PanTS_00008298,1,4,train,Venous,0.810547,0.810547,2.5,2,2.5,6897,11328.1,35.5446,20-40,False,1,True,6,isoattenuating,0.833008,True,head,mask_ring,0.147771,inside,False,True,2.5,11249,1,11328.1,1,3.27501,2.54707,2.10139,1.71105,1.90731,1.94133,2.06002,17,44,43,19,4,1,2,18,3.27501,1.5,0.0255358,50,3.27501,3.27501,200,0.595,3.37037,4.31976,7.40163,6.00949,5.07724,4.53272,3.56639,2.95732,2.64174,2,2,3,3,6,2,3,2,6.96019,1.5,0.0349998,50,7.40163,7.40163,200,0.02,3.65817,4.56252,15.9323,0,iso,20.55,0,0.997949,False,1.5-2.5,True,iso,True,False
PanTS_00008301,1,3,train,Arterial,0.742188,0.742188,1.25,2,1.25,213824,147229,112.918,>=40,False,1,True,-46,hypoattenuating,0.741717,True,head,mask_ring,0.369417,abutting,False,True,9.11756,147138,0.0796356,147229,0.0795376,4.2637,3.6943,3.22179,2.5259,1.32721,1.10717,1.05963,39,,42,22,9,3,,49,4.2637,1.5,0.377782,50,4.2637,4.40913,200,1,5.75617,6.09404,3.80451,2.60665,2.19868,2.12249,2.47457,2.36002,2.04242,,,,,32,20,,,,,,50,3.80451,8.1797,200,1,8.30308,9.16024,34.7568,-45,hypo,20.55,-2.189,0.995198,False,<=1.5,True,hypo,False,False
PanTS_00008302,1,0,train,Venous,0.742188,0.742188,1.25,2,1.25,21969,15126.8,38.8133,20-40,False,1,True,-9,isoattenuating,0.670594,True,head,mask_ring,0.0567529,embedded,False,True,0,15048,0.546907,15126.8,0.546451,4.23532,4.03279,3.88519,3.66539,3.57422,3.38763,2.70421,,,35,19,4,2,2,,,,,50,4.23532,4.23532,200,1,7.30575,8.13867,3.0297,2.36186,2.14028,1.95669,1.89058,1.56739,1.60892,,,44,29,16,9,9,,,,,50,3.0297,3.0297,200,0.995,6.06844,8.28414,17.3422,-14,hypo,5.636,-2.484,0.999584,False,<=1.5,True,hypo,False,False
PanTS_00008303,1,1,train,Non-contrast,0.976562,0.976562,2.5,2,2.5,4261,10159,33.4942,20-40,False,1,True,-21,hypoattenuating,0.868101,True,head,mask_ring,0.408976,inside,False,True,2.76213,9488,0.946961,10159,0.951728,3.27059,3.1897,2.93808,2.82875,2.4664,2.07099,1.67571,,,27,6,1,1,1,,,,,50,3.27059,3.31288,200,1,5.24156,6.44123,2.98709,2.71957,2.34097,2.29066,2.04772,1.76509,2.0601,48,43,34,22,15,13,,,,,,50,2.98709,3.6499,200,1,4.76685,6.28202,15.4355,-23,hypo,13.59,-1.692,0.997479,False,1.5-2.5,False,hypo,False,False
PanTS_00008317,1,2,train,Non-contrast,0.586,0.586,0.8,2,0.8,10583,2907.33,32.6157,20-40,False,1,True,-2,isoattenuating,0,False,head,mask_ring,0.0856488,embedded,False,False,,2965,0.842011,2907.33,0.841147,2.84145,2.69523,1.98679,1.39862,0.896874,1.09666,1.36733,,44,22,16,,,,,,,,50,2.84145,2.84145,200,0.945,5.52269,6.38287,3.05166,3.04433,2.91784,2.61902,2.29069,1.99478,1.94989,,,,32,,,,,,,,50,3.05166,3.05166,200,0.9,4.0922,6.18874,10.8539,-2,iso,24.2,-0.08264,0.00268344,True,<=1.5,False,iso,True,False
PanTS_00008330,1,1,train,Venous,0.863281,0.863281,2.5,2,2.5,5998,11175.1,31.1761,20-40,False,1,True,-31,hypoattenuating,0,False,tail,mask_ring,0.761908,inside,False,True,36.6416,11226,1,11175.1,1,3.07497,2.53718,2.39102,2.35679,2.35633,2.07109,1.6061,,41,,37,9,8,5,,,,,50,3.07497,3.07497,200,0.895,4.13842,5.39145,3.99371,3.59868,3.44762,3.08642,2.77342,2.67768,2.32148,9,6,5,6,9,12,3,11,3.99371,1.5,0.68386,50,3.99371,3.99371,200,0.305,3.72189,6.2146,15.8693,-53,hypo,12.6,-4.207,0.00430631,True,1.5-2.5,True,hypo,False,False
PanTS_00008339,1,0,train,Non-contrast,0.78125,0.78125,0.8,2,0.8,304,148.438,9.61224,5-10,False,1,True,-16,hypoattenuating,0,False,,none,,embedded,False,False,,132,0.976974,148.438,0.984848,2.29942,1.63944,1.4263,1.32094,1.21916,0.95984,0.584604,48,,,,,,,,,,,50,2.29942,2.29942,200,0.3,2.07698,2.78765,2.16052,1.89521,1.56845,1.14756,1.16013,1.36249,1.53095,,,,,,,,,,,,50,2.16052,2.16052,200,0.945,2.83435,3.67682,5.28462,-32,hypo,50.39,-0.635,4.03779e-05,True,<=1.5,False,hypo,False,False
PanTS_00008354,1,3,train,Arterial,0.767578,0.767578,1.25,2,1.25,65133,47968.5,60.8963,>=40,False,1,True,-25,hypoattenuating,0.553596,True,head,mask_ring,0.166204,abutting,False,True,0,47874,0.65053,47968.5,0.651773,4.08212,3.73689,3.777,3.72161,2.72187,1.77782,1.92507,11,10,33,11,4,1,1,11,4.08212,1.5,0.280104,50,4.08212,5.33167,200,0.95,4.80345,5.63155,7.07284,5.40051,4.0549,3.45872,2.53664,2.43784,2.54831,3,6,7,27,22,7,8,4,7.07284,1.5,0.0384113,50,7.07284,8.12565,200,0.895,7.55532,7.91612,24.5401,-24,hypo,22.87,-1.049,0.997099,False,<=1.5,True,hypo,False,False
PanTS_00008384,1,4,train,Arterial,1.5,1.5,1.5,2,1.5,548,1849.5,23.7645,20-40,False,2,True,-10,isoattenuating,0.318382,True,body,mask_ring,0.334588,abutting,False,True,26.6224,1875,0.270073,1849.5,0.276267,2.31281,2.20797,2.2237,1.90692,1.03589,0.570152,0.174951,,,,31,9,,,,,,,50,2.31281,4.31905,200,0.995,3.67573,5.0116,2.38193,1.84076,1.45823,1.43632,1.83513,1.94376,1.94911,,,,,,,,,,,,50,2.38193,3.61579,200,0.995,3.64776,4.68397,9.61474,-11.5,hypo,52.38,-0.2195,0.995993,False,<=1.5,True,hypo,False,False
PanTS_00008384,2,4,train,Arterial,1.5,1.5,1.5,2,1.5,166,560.25,13.5,10-20,False,2,False,-35.5,hypoattenuating,0,False,body,mask_ring,0.484901,separated,True,True,16.1555,567,0.0301205,560.25,0.0246914,2.25571,1.90594,1.56898,1.82394,1.86299,1.64082,1.42232,,,,,,,,,,,,50,2.25571,4.21623,200,0.895,3.08031,4.92527,2.03624,1.44872,1.11863,0.918572,0.241521,-0.448976,-0.735367,,,,,,,,,,,,50,2.03624,2.2624,200,0.995,3.52605,4.63534,7.11404,-50.5,hypo,52.38,-0.9641,0.0210647,True,<=1.5,True,hypo,False,True
PanTS_00008385,1,3,train,Venous,0.741,0.741,5,2,5,911,2501.06,34.5224,20-40,False,1,True,-5,isoattenuating,0,False,body,mask_ring,0.552779,inside,False,True,51.1009,2520,1,2501.06,1,4.14752,6.59667,7.60751,7.49888,6.07562,4.42031,3.26097,,,,33,13,5,3,,,,,50,7.60751,7.60751,200,0.305,5.88426,13.077,3.15912,3.10398,2.69345,2.13738,1.83447,1.60942,1.40119,,,,,35,,,,,,,50,3.15912,3.15912,200,0.8,4.3127,6.68706,10.4206,-12,hypo,6.299,-1.905,0.0470742,True,2.5-5,True,hypo,False,False
PanTS_00008392,1,0,train,Venous,1.5,1.5,1.5,2,1.5,1470,4961.25,27.4135,20-40,False,1,True,-26,hypoattenuating,0.768485,True,head,mask_ring,0.187679,inside,False,True,1.5,4968,1,4961.25,1,3.90347,2.92653,2.08832,1.81409,1.41118,1.10457,0.999439,,25,34,24,5,3,1,,,,,50,3.90347,3.90347,200,0.465,3.79065,5.20834,3.28075,2.66738,2.08305,1.64678,1.23201,1.2829,1.50156,,,,,22,,,,,,,50,3.28075,3.28075,200,0.475,3.26035,5.28177,12.5804,-32,hypo,13.92,-2.298,0.998807,False,<=1.5,True,hypo,False,False
PanTS_00008407,1,2,train,Non-contrast,0.673828,0.673828,0.8,2,0.8,8585,3118.38,28.4865,20-40,False,3,True,9,isoattenuating,0,False,head,mask_ring,0.0568857,inside,False,False,,3048,1,3118.38,1,2.84747,3.11034,3.01524,2.79237,2.25374,1.66041,1.20992,,,,50,,,,,,,,50,3.11034,3.11034,200,0.94,4.05621,5.20097,2.66792,2.48314,2.60958,2.64902,2.77504,2.56521,2.4384,,,50,27,13,5,3,,,,,50,2.77504,2.77504,200,0.93,3.67478,4.38685,11.0632,10,iso,40.11,0.2493,0.000560384,True,<=1.5,False,iso,False,False
PanTS_00008407,2,2,train,Non-contrast,0.673828,0.673828,0.8,2,0.8,7180,2608.03,25.0336,20-40,False,3,False,-3,isoattenuating,0,False,head,mask_ring,0.13006,inside,False,False,,2571,1,2608.03,1,3.50958,3.42779,2.94859,2.33436,1.67277,1.40891,1.09379,33,46,,34,8,,,,,,,50,3.50958,3.50958,200,0.815,4.02096,5.02073,3.47681,3.75727,3.23015,2.71932,1.72988,1.86859,2.1227,34,9,21,24,24,19,,23,3.75727,2,0.373972,50,3.75727,3.75727,200,0.455,3.66428,4.40527,10.539,-3,iso,40.11,-0.07479,0.00320372,True,<=1.5,False,iso,True,False
PanTS_00008407,3,2,train,Non-contrast,0.673828,0.673828,0.8,2,0.8,24,8.71765,2.83376,<5,False,3,False,-21,hypoattenuating,0,False,head,mask_ring,0.18215,embedded,False,False,,6,1,8.71765,1,1.27888,1.79068,1.60291,1.27246,0.46103,-0.134739,-0.401499,,,,,,,,,,,,50,1.79068,1.79068,200,0.6,2.17628,3.96316,0.963542,1.03687,0.933542,0.644989,0.470602,0.556988,0.733155,,,,,,,,,,,,50,1.03687,1.03687,200,0.99,2.36071,3.68411,3.27674,-21,hypo,40.11,-0.5235,0.000118668,True,<=1.5,False,hypo,False,False
PanTS_00008408,1,0,train,Venous,0.689453,0.689453,5,2,5,2433,5782.58,51.1636,>=40,False,2,True,-18,hypoattenuating,0,False,tail,mask_ring,0.739433,inside,False,True,11.8015,5850,0.977394,5782.58,0.977949,4.34672,4.07381,3.9465,3.55423,2.88088,3.15083,2.87439,43,28,16,15,,,,44,4.0575,1.5,0.387501,50,4.34672,4.34672,200,0.905,5.32733,8.81808,3.48857,3.06556,2.80639,2.79574,2.93407,2.69229,2.38497,28,20,13,9,6,4,6,32,3.48857,1.5,0.0674564,50,3.48857,3.48857,200,0.815,5.38254,12.3536,13.1347,-24,hypo,7.956,-3.016,0.307774,True,2.5-5,True,hypo,False,False
PanTS_00008408,2,0,train,Venous,0.689453,0.689453,5,2,5,381,905.533,26.4394,20-40,False,2,False,-12,hypoattenuating,0,False,body,mask_ring,0.759014,inside,False,True,21.2223,925,0.598425,905.533,0.594595,3.25226,2.67398,3.12175,3.54779,3.44287,2.66023,1.89269,,,48,34,18,,,,,,,50,3.54779,4.2267,200,0.68,4.34127,7.86076,2.05053,2.07371,2.35967,3.0154,3.71862,3.35925,2.42435,,,,,,,,,,,,50,3.71862,3.73382,200,0.485,3.68982,9.33823,8.00167,-10,iso,7.956,-1.257,0.00160722,True,2.5-5,True,iso,False,False
PanTS_00008428,1,4,train,Venous,0.794922,0.794922,2.5,2,2.5,2723,4301.67,36.2367,20-40,False,1,True,-2,isoattenuating,0.510125,True,head,mask_ring,0.314787,inside,False,True,2.38477,4168,1,4301.67,1,4.30391,2.99243,2.16272,1.92862,1.60872,1.17104,0.980398,4,14,37,,35,16,7,4,4.30391,1.5,0.155972,50,4.30391,4.30391,200,0.14,3.30766,5.01092,4.84294,5.07388,4.91314,4.44074,3.28322,2.47037,2.05734,3,,,45,28,,,,,,,50,5.07388,5.07388,200,0.05,3.42996,4.97764,12.089,-6,iso,18.23,-0.3291,0.998335,False,1.5-2.5,True,iso,False,False
PanTS_00008434,1,1,train,Arterial,0.785156,0.785156,5,2,5,2988,9210.07,40.8894,>=40,False,1,True,8,isoattenuating,0.168557,True,head,mask_ring,0.138093,inside,False,True,13.0098,9205,0.993976,9210.07,0.992721,2.85933,2.86802,2.79673,2.55048,1.76302,1.57053,1.58448,,,26,15,,,,,,,,50,2.86802,2.86802,200,0.995,4.49156,4.89971,3.23426,2.84779,2.53631,2.2481,1.93826,1.92253,2.09201,29,16,13,16,10,7,6,32,3.23426,1.5,0.204066,50,3.23426,3.23426,200,0.98,3.7999,4.69322,15.0034,13,hyper,5.304,2.451,0.980876,False,2.5-5,True,hyper,False,False
PanTS_00008445,1,0,train,Venous,0.705078,0.705078,2.5,2,2.5,760,944.557,20.7438,20-40,False,1,True,-10,isoattenuating,0.375675,True,body,mask_ring,0.0548959,inside,False,True,0.705078,1002,1,944.557,1,1.582,1.74091,1.86652,1.8438,1.49607,1.11422,1.24952,,49,23,9,,,,,,,,50,1.86652,1.86652,200,0.97,3.11927,3.89632,2.33623,2.51328,2.61087,2.48528,2.1121,2.00265,1.84135,37,29,16,10,12,8,8,46,2.3007,2,0.444547,50,2.61087,2.61087,200,0.705,2.96245,3.92499,8.08667,-15.5,hypo,7.293,-2.125,0.999739,False,1.5-2.5,True,hypo,False,False
PanTS_00008451,1,0,train,Non-contrast,0.78125,0.78125,0.8,2,0.8,56,27.3438,4.58463,<5,False,10,False,-37.5,hypoattenuating,0,False,head,mask_ring,0.0562208,embedded,False,True,28.4531,27,1,27.3438,1,2.00628,2.21415,2.2137,2.24703,1.92097,0.975478,-0.0747237,,,,,,,,,,,,50,2.24703,2.24703,200,0.5,2.26436,6.32735,1.32116,1.18903,0.931167,0.83348,0.976781,1.34028,1.65409,,,,,,,,,,,,50,1.65409,1.65409,200,0.955,2.78651,5.18559,3.86892,-36,hypo,20.55,-1.751,0.000620251,True,<=1.5,False,hypo,False,False
PanTS_00008451,2,0,train,Non-contrast,0.78125,0.78125,0.8,2,0.8,12,5.85938,2.94339,<5,True,10,False,-51.5,hypoattenuating,0,False,head,pc1_boundary,0.0781517,embedded,False,True,17.0078,9,1,5.85938,1,2.6809,3.45838,3.43077,2.97849,1.80573,0.920668,0.185087,,,,19,,,,,,,,50,3.45838,3.45838,200,0.23,1.71892,5.34118,0.88167,1.66587,1.74342,1.24859,0.205376,0.00204507,0.639708,,,,,,,,,,,,50,1.74342,1.74342,200,0.8,2.55507,5.14656,3.11838,-51.5,hypo,20.55,-2.506,0.000183068,True,<=1.5,False,hypo,False,False
PanTS_00008451,3,0,train,Non-contrast,0.78125,0.78125,0.8,2,0.8,8,3.90625,2.52396,<5,True,10,False,-0.5,isoattenuating,0,False,head,pc1_boundary,0.125766,embedded,False,True,1.10485,6,1,3.90625,1,1.23671,1.24108,0.941064,0.878709,0.484474,-0.0228514,-0.528314,,,,,,,,,,,,50,1.24108,1.24108,200,0.71,1.67532,5.49297,1.0119,0.226674,0.175772,0.433801,0.837765,1.02655,1.35338,,,,,,,,,,,,50,1.35338,1.35338,200,0.94,2.62211,5.17817,2.97699,-0.5,iso,20.55,-0.02433,0.0111796,True,<=1.5,False,iso,True,False
PanTS_00008451,4,0,train,Non-contrast,0.78125,0.78125,0.8,2,0.8,1146,559.57,18.0879,10-20,False,10,True,-10,isoattenuating,0.26188,True,head,pc1_boundary,0.166162,embedded,False,True,1.92139,564,1,559.57,1,2.32438,3.47982,3.80122,3.39296,1.9316,0.590622,-0.0341947,,,,40,,,,,,,,50,3.80122,3.80122,200,0.66,4.76978,7.9851,3.30259,3.08942,3.45384,3.49815,3.42032,3.13722,2.91134,,,,,20,12,,,,,,50,3.49815,3.49815,200,0.56,3.79106,6.1829,7.11197,-13,hypo,20.55,-0.6325,0.826432,False,<=1.5,False,hypo,False,False
PanTS_00008451,5,0,train,Non-contrast,0.78125,0.78125,0.8,2,0.8,20,9.76563,3.26233,<5,False,10,False,-33.5,hypoattenuating,0,False,body,pc1_boundary,0.619598,separated,True,True,87.2054,15,0,9.76563,0,,,,,,,,,,,,,,,,,,,50,,1.58103,,,,,,,,,,,,,,,,,,,,,,,50,,2.51887,,,,,3.32598,-33.5,hypo,20.55,-1.63,6.78831e-05,True,<=1.5,False,hypo,False,False
PanTS_00008451,6,0,train,Non-contrast,0.78125,0.78125,0.8,2,0.8,746,364.258,23.7961,20-40,False,10,False,-9,isoattenuating,0,False,body,mask_ring,0.645562,embedded,False,True,67.1281,393,0.987936,364.258,0.989822,2.89677,2.52018,2.066,1.83024,1.12286,0.294897,0.0485745,,,,38,22,,,,,,,50,2.89677,2.89677,200,0.68,4.4101,7.72978,1.69251,1.72679,1.57727,1.30745,1.10851,1.75397,2.01705,,,,,,,,,,,,50,2.01705,2.14063,200,0.935,3.4758,6.18551,6.43037,-9,iso,20.55,-0.4379,0.000316271,True,<=1.5,False,iso,False,False
PanTS_00008451,7,0,train,Non-contrast,0.78125,0.78125,0.8,2,0.8,12,5.85938,3.26233,<5,True,10,False,3.5,isoattenuating,0,False,body,mask_ring,0.593339,embedded,False,True,67.8744,3,1,5.85938,1,1.01804,0.740272,0.293509,-0.103101,-0.79338,-1.4904,-1.85354,,,,,,,,,,,,50,1.01804,1.01804,200,0.885,1.89163,6.53636,0.299562,0.442204,0.724145,1.1534,2.00024,2.28237,2.24795,,,,,,,,,,,,50,2.28237,2.28237,200,0.53,2.36818,5.22148,3.11838,3.5,iso,20.55,0.1703,0.000127809,True,<=1.5,False,iso,True,False
PanTS_00008451,8,0,train,Non-contrast,0.78125,0.78125,0.8,2,0.8,4,1.95313,2.4,<5,True,10,False,-21.5,hypoattenuating,0,False,body,mask_ring,0.623125,embedded,False,True,73.3169,3,1,1.95313,1,1.02044,0.820287,0.524549,0.329936,-0.335638,-1.07252,-1.50659,,,,,,,,,,,,50,1.02044,1.02044,200,0.795,1.45724,5.97515,1.0972,0.768407,0.42414,0.962876,1.77371,2.08291,2.13229,,,,,,,,,,,,50,2.13229,2.13229,200,0.64,2.55493,5.15772,2.77544,-21.5,hypo,20.55,-1.046,0.000113678,True,<=1.5,False,hypo,False,False
PanTS_00008451,9,0,train,Non-contrast,0.78125,0.78125,0.8,2,0.8,4,1.95313,2.4,<5,True,10,False,-18,hypoattenuating,0,False,body,mask_ring,0.63913,embedded,False,True,75.7289,3,1,1.95313,1,1.28945,0.469695,0.0892837,0.072044,-0.539373,-1.21515,-1.67927,,,,,,,,,,,,50,1.28945,1.28945,200,0.665,1.68847,5.21732,1.47942,1.00843,0.853192,1.01974,1.67036,2.08164,2.24775,,,,,,,,,,,,50,2.24775,2.24775,200,0.55,2.35385,4.87551,2.77544,-18,hypo,20.55,-0.8757,0.000104726,True,<=1.5,False,hypo,False,False
PanTS_00008451,10,0,train,Non-contrast,0.78125,0.78125,0.8,2,0.8,16,7.8125,4.09223,<5,True,10,False,-2.5,isoattenuating,0,False,tail,mask_ring,0.665472,embedded,False,True,78.1679,9,1,7.8125,1,1.55239,0.965608,0.18336,-0.180783,-0.748957,-1.38417,-1.89366,,,,,,,,,,,,50,1.55239,1.55239,200,0.605,1.76172,6.37191,0.927566,0.768626,0.801037,0.99575,1.77668,2.26209,2.42715,,,,,,,,,,,,50,2.42715,2.42715,200,0.65,2.86562,5.28629,3.23093,-2.5,iso,20.55,-0.1216,0.00010596,True,<=1.5,False,iso,True,False
PanTS_00008473,1,3,train,Venous,0.662109,0.662109,2.5,2,2.5,9221,10105.9,36.9658,20-40,False,1,True,-77,hypoattenuating,0.732938,True,head,mask_ring,0.154522,inside,False,True,0.662109,10104,1,10105.9,1,4.23731,3.80227,3.31695,2.80892,2.68548,2.61578,2.22623,17,2,4,10,11,3,3,24,3.1486,1.5,0.00751702,50,4.23731,4.23731,200,0,3.53711,4.09193,2.84296,2.61571,2.5007,2.42304,2.78731,3.00836,2.77902,14,8,7,4,8,10,7,19,2.84296,1.5,0.223489,50,3.00836,3.00836,200,0.87,4.02589,4.67424,15.4121,-81,hypo,12.27,-6.604,0.997713,False,1.5-2.5,True,hypo,False,False
PanTS_00008475,1,2,train,Venous,0.9375,0.9375,5,2,5,509,2236.82,22.3825,20-40,False,1,True,-29,hypoattenuating,0.736927,True,body,mask_ring,0.444775,inside,False,False,,2170,1,2236.82,1,2.31018,2.07135,2.09194,2.01226,1.94417,1.97981,2.11608,,,,27,20,,,,,,,50,2.31018,2.31018,200,0.99,3.64996,4.87985,2.41168,2.42785,2.52366,2.39351,2.05225,1.83856,1.76586,,,,,18,,,,,,,50,2.52366,3.69283,200,0.92,3.43101,4.663,10.113,-20,hypo,12.6,-1.588,0.999182,False,2.5-5,True,hypo,False,False
PanTS_00008476,1,3,train,Arterial,0.736328,0.736328,2.5,2,2.5,3263,4422.82,32.1799,20-40,False,1,True,-12,hypoattenuating,0.610925,True,head,mask_ring,0.142703,inside,False,True,0.736328,4445,1,4422.82,1,3.56791,3.47138,3.29147,2.91081,2.49876,2.13359,1.69652,,,45,30,8,5,4,,,,,50,3.56791,3.56791,200,0.475,3.43045,4.29384,6.32455,4.12246,2.89116,2.24737,1.79058,1.55844,1.47402,15,21,15,15,13,10,,18,3.2502,1.5,0.491368,50,6.32455,6.32455,200,0.095,3.98879,6.71548,12.1829,-10,iso,20.22,-0.4945,0.998143,False,1.5-2.5,True,iso,False,False
PanTS_00008480,1,3,train,Venous,0.732422,0.732422,5,2,5,907,2432.76,22.7454,20-40,False,1,True,1,isoattenuating,0,False,head,mask_ring,0.490008,inside,False,True,10.8738,2395,0.871003,2432.76,0.872651,3.83049,3.26509,2.8628,2.83067,2.80706,2.42808,2.3403,,,,36,12,,,,,,,50,3.83049,3.90382,200,0.735,4.90758,6.66605,2.61432,1.85736,2.48787,3.19459,3.5266,3.08613,2.62146,50,49,32,18,,,,,,,,50,3.5266,3.5266,200,0.48,3.44953,9.4263,10.3433,-2,iso,10.61,-0.1885,0.000193357,True,2.5-5,True,iso,True,False
PanTS_00008512,1,1,train,Non-contrast,0.714844,0.714844,5,2,5,14869,37990.4,56.2721,>=40,False,2,True,6,isoattenuating,0.844527,True,head,mask_ring,0.178173,inside,False,True,0.714844,37920,1,37990.4,0.999947,7.43097,5.1832,4.39511,4.04555,3.47782,2.81168,2.17951,21,18,16,13,3,2,2,23,4.16014,1.5,0.0273982,50,7.43097,8.30203,200,0.05,5.46596,6.70595,6.03044,5.2056,4.30356,4.18002,3.72305,3.80053,3.37274,4,3,11,15,4,4,2,4,6.03044,1.5,0.0949167,50,6.03044,6.03044,200,0.02,4.95416,5.26152,22.8543,10,iso,7.956,1.257,0.997363,False,2.5-5,False,iso,False,False
PanTS_00008512,2,1,train,Non-contrast,0.714844,0.714844,5,2,5,131,334.706,12.0239,10-20,False,2,False,-3,isoattenuating,0,False,tail,mask_ring,0.735395,inside,False,True,0.714844,325,1,334.706,1,1.44837,1.14277,0.818337,0.708196,0.441947,0.0486419,-0.34935,,,47,28,12,,,,,,,50,1.44837,1.44837,200,0.935,3.17911,4.97911,1.62455,1.46527,1.41374,1.65004,2.32872,2.76143,3.04832,,,,,,,,,,,,50,3.04832,3.04832,200,0.78,3.4164,5.04421,6.30717,-9,iso,7.956,-1.131,0.00029137,True,2.5-5,False,iso,False,False
PanTS_00008540,1,3,train,Venous,0.644531,0.644531,2.5,2,2.5,2856,2966.1,28.6916,20-40,False,1,True,-77,hypoattenuating,0,False,head,mask_ring,0.161291,inside,False,True,0,3012,1,2966.1,1,2.52407,2.78259,3.17567,3.24437,3.02647,3.00837,3.29581,,,,41,16,,,,,,,50,3.29581,3.29581,200,0.825,3.84844,4.60944,3.27501,2.68072,2.15912,1.67747,1.3876,1.72967,2.02045,,,,47,,,,,,,,50,3.27501,3.27501,200,0.62,3.56067,5.32421,10.9132,-90,hypo,8.951,-10.05,0.000364009,True,1.5-2.5,True,hypo,False,False
PanTS_00008546,1,3,train,Venous,0.859375,0.859375,2.5,2,2.5,8293,15311.5,43.4182,>=40,False,1,True,18,hyperattenuating,0.824336,True,head,mask_ring,0.182625,inside,False,True,2.5,15271,1,15311.5,1,3.41834,3.04694,2.88299,2.79975,3.03806,3.03486,2.68736,10,12,,31,15,6,,10,3.41834,1.5,0.317328,50,3.41834,3.41834,200,0.51,3.44438,4.01342,3.30548,2.8139,2.52607,2.66184,3.3525,3.86336,4.07128,,,,22,11,10,6,,,,,50,4.07128,4.07128,200,0.185,3.58409,5.59342,17.4043,14,hyper,20.22,0.6923,0.997133,False,1.5-2.5,True,hyper,False,False
PanTS_00008574,1,0,train,Non-contrast,0.625,0.625,0.8,2,0.8,15839,4949.69,31.4369,20-40,False,1,True,-1,isoattenuating,0.513598,True,head,mask_ring,0.113187,inside,False,True,18.45,4854,1,4949.69,1,3.64569,3.7099,3.59023,3.3726,2.54173,1.83358,1.34603,31,12,40,17,,,,29,3.7099,2,0.234068,50,3.7099,3.7099,200,0.83,4.03967,4.96004,3.05097,2.713,2.54031,2.33039,2.05834,2.12914,2.28042,,46,29,24,16,8,,,,,,50,3.05097,3.05097,200,0.98,4.10237,4.76781,12.5721,0,iso,13.92,0,0.999944,False,<=1.5,False,iso,True,False
PanTS_00008577,1,2,train,Non-contrast,0.699219,0.699219,1,2,1,681,332.946,11.7655,10-20,False,1,True,0,isoattenuating,0,False,head,mask_ring,0.15825,embedded,False,True,71.1694,333,1,332.946,1,1.9878,1.93843,1.82387,1.60622,0.973205,0.566547,0.426762,,,,,,,,,,,,50,1.9878,1.9878,200,0.825,2.52451,3.41263,3.25914,3.38862,2.90868,2.28916,1.64145,1.30695,1.38929,,,16,26,28,18,,,,,,50,3.38862,3.38862,200,0.145,2.73707,3.91749,6.2996,5,iso,25.86,0.1934,0.0001329,True,<=1.5,False,iso,True,False
PanTS_00008581,1,3,train,Venous,0.78125,0.78125,0.7,2,0.7,2679,1144.59,18.0129,10-20,False,1,True,-22,hypoattenuating,0.680804,True,head,mask_ring,0.195961,inside,False,True,3.5,1243,1,1144.59,1,3.34541,2.42392,2.41292,2.1568,1.49933,1.02282,0.862472,,,,47,16,7,,,,,,50,3.34541,3.34541,200,0.435,3.2374,4.03156,1.94639,1.90526,1.72322,1.74673,1.56524,1.25682,1.49991,,,,47,27,,,,,,,50,1.94639,1.94639,200,0.985,3.64307,7.59424,8.48914,-22,hypo,28.84,-0.7628,0.998355,False,<=1.5,True,hypo,False,True
PanTS_00008601,1,1,train,Venous,0.816406,0.816406,5,2,5,2923,9741.17,38.1787,20-40,False,1,True,-77,hypoattenuating,0,False,tail,mask_ring,0.892063,inside,False,True,3.36613,9810,1,9741.17,1,3.43861,3.46408,3.05228,2.7986,2.46223,2.36824,2.28952,,,29,18,13,,,,,,,50,3.46408,3.46408,200,0.985,4.98493,5.84558,5.48868,4.83857,4.83095,4.59484,3.58032,2.75478,2.11561,3,2,2,3,5,6,3,3,5.48868,1.5,0.127883,50,5.48868,5.48868,200,0.14,4.00591,5.596,15.2487,-84,hypo,8.951,-9.384,0.367951,True,2.5-5,True,hypo,False,False
PanTS_00008628,1,1,train,Non-contrast,0.685547,0.685547,0.8,2,0.8,8951,3365.39,32.23,20-40,False,2,True,-15,hypoattenuating,0.000486796,True,head,mask_ring,0.11582,inside,False,True,41.8025,3357,1,3365.39,1,2.50726,2.2548,1.8513,1.4885,1.3873,1.28325,1.01192,,,,,11,,,,,,,50,2.50726,2.50726,200,0.92,3.27215,3.71889,3.04779,2.61734,2.81778,2.73791,2.17055,1.61757,1.7948,,,30,20,28,26,15,,,,,50,3.04779,3.04779,200,0.705,3.31326,4.33126,11.2964,-15,hypo,25.86,-0.5801,0.863507,False,<=1.5,False,hypo,False,False
PanTS_00008628,2,1,train,Non-contrast,0.685547,0.685547,0.8,2,0.8,59,22.1828,5.57042,5-10,False,2,False,3,isoattenuating,0,False,tail,mask_ring,0.854647,inside,False,True,39.2239,14,1,22.1828,1,0.567054,-0.217527,-0.772912,-1.36703,-1.2718,-0.880386,-0.446848,,,,,,,,,,,,50,0.567054,0.567054,200,1,1.93702,3.422,1.69902,2.13192,2.84261,3.30087,3.29874,2.82559,2.33061,,,,,,,,,,,,50,3.30087,3.30087,200,0.065,2.34191,3.40923,3.74305,11.5,hyper,25.86,0.4447,1.17052e-05,True,<=1.5,False,hyper,False,False
PanTS_00008633,1,3,train,Venous,0.742188,0.742188,1.25,2,1.25,10148,6987.44,29.0218,20-40,False,1,True,-24,hypoattenuating,0.684001,True,body,mask_ring,0.644594,inside,False,True,40.8063,7023,0.999901,6987.44,0.999858,3.95633,2.68264,2.01651,1.99361,1.77978,1.51383,1.03134,,,,26,5,1,1,,,,,50,3.95633,3.95633,200,0.895,4.61225,5.65804,3.50771,3.16233,2.77506,2.70177,2.77568,2.41079,2.17589,38,,26,26,19,,,45,3.50771,1.5,0.217316,50,3.50771,3.50771,200,0.71,4.32112,7.25721,13.8598,-33,hypo,18.57,-1.778,0.996888,False,<=1.5,True,hypo,False,False
PanTS_00008636,1,1,train,Venous,0.888672,0.888672,2.5,2,2.5,265,523.201,19.12,10-20,False,3,False,-16,hypoattenuating,0,False,head,mask_ring,0.178735,separated,True,True,24.7475,536,0,523.201,0,-0.622212,-0.595383,-0.465726,-0.324869,-0.70095,-1.1303,-1.16325,,,,,,,,,,,,50,-0.324869,2.20925,200,1,2.98451,4.87848,2.45236,2.80938,2.99756,2.84237,2.20173,1.88742,1.87506,,,,,,,,,,,,50,2.99756,3.16023,200,0.58,3.225,4.96753,6.99873,-20.5,hypo,11.6,-1.767,2.07419e-06,True,1.5-2.5,True,hypo,False,True
PanTS_00008636,2,1,train,Venous,0.888672,0.888672,2.5,2,2.5,1426,2815.41,25.6309,20-40,False,3,True,-4,isoattenuating,0.032134,True,head,mask_ring,0.27817,abutting,False,True,27.9875,2835,0.743338,2815.41,0.752381,3.2459,2.81239,2.33615,2.63529,2.69966,2.2865,1.68492,,42,,,,,,,,,,50,3.2459,3.2459,200,0.825,4.23146,5.5839,2.72445,2.67404,2.26095,1.75707,1.08217,0.875488,0.662681,,44,41,37,20,11,10,,,,,50,2.72445,3.49366,200,0.85,3.94876,5.26886,10.7596,-2,iso,11.6,-0.1724,0.753648,False,1.5-2.5,True,iso,True,False
PanTS_00008636,3,1,train,Venous,0.888672,0.888672,2.5,2,2.5,406,801.584,14.7269,10-20,False,3,False,-25,hypoattenuating,0,False,body,mask_ring,0.483742,inside,False,True,23.8659,803,0.891626,801.584,0.867995,2.48739,2.30283,2.13069,1.8871,1.64851,1.52574,1.26376,,,,,,,,,,,,50,2.48739,2.57677,200,0.85,3.75356,5.24066,2.5952,1.99505,1.86559,1.77514,1.50942,1.80689,1.88939,,,,44,,,,,,,,50,2.5952,3.3166,200,0.77,3.47834,4.89769,7.76262,-24,hypo,11.6,-2.068,0.0107144,True,1.5-2.5,True,hypo,False,True
PanTS_00008646,1,0,train,Delay,1.5,1.5,1.5,2,1.5,1663,5612.62,32.4846,20-40,False,1,True,-35,hypoattenuating,0.326833,True,head,pc1_boundary,0.322233,separated,True,True,23.7171,5782,0,5612.62,0,,,,,,,,,,,,,,,,,,,50,,3.35743,,,,,,,,,,,,,,,,,,,,,,,50,,2.69559,,,,,13.0245,-32,hypo,76.91,-0.4161,0.998654,False,<=1.5,True,hypo,False,False
PanTS_00008650,1,3,train,Venous,0.673828,0.673828,2.5,2,2.5,7482,8492.9,36.7337,20-40,False,1,True,52,hyperattenuating,0.60436,True,head,mask_ring,0.159171,inside,False,True,0,8400,1,8492.9,1,3.43936,2.53566,2.37184,2.39082,2.10454,1.55077,1.37202,4,34,35,34,18,,,6,3.43936,1.5,0.379622,50,3.43936,3.43936,200,0.32,3.23476,3.84723,3.50769,2.58982,2.10063,2.13266,2.26809,2.58714,2.62073,,,35,28,5,3,1,,,,,50,3.50769,3.50769,200,0.705,3.93523,4.84819,14.6568,47,hyper,9.614,4.889,0.996406,False,1.5-2.5,True,hyper,False,False
PanTS_00008658,1,4,train,Non-contrast,0.703125,0.703125,0.8,2,0.8,17294,6839.91,58.5708,>=40,False,7,True,-2,isoattenuating,0.0664465,True,head,mask_ring,0.0361817,embedded,False,False,,6736,0.645773,6839.91,0.641776,6.73004,6.64561,5.3063,3.93658,2.23035,1.39059,1.10357,9,20,16,14,7,3,2,9,6.32681,1.5,0.064281,50,6.73004,6.86242,200,0.28,5.96029,9.0525,6.21697,10.2721,10.3261,8.71567,5.68961,4.0203,3.22901,41,49,29,23,13,9,,45,3.42003,1.5,0.0149336,50,10.3261,10.3261,200,0.075,4.7984,11.1833,13.7757,-4,iso,19.23,-0.208,0.99251,False,<=1.5,False,iso,True,False
PanTS_00008658,2,4,train,Non-contrast,0.703125,0.703125,0.8,2,0.8,502,198.545,12.1527,10-20,False,7,False,-10,isoattenuating,0.0390521,True,head,mask_ring,0.0432656,inside,False,False,,196,1,198.545,1,1.90277,1.46232,1.1112,0.762903,0.769035,0.541635,0.260274,,,41,24,,,,,,,,50,1.90277,1.90277,200,0.865,3.75257,6.10425,2.84142,3.2444,3.43194,3.14302,2.68534,2.36393,2.09114,,38,28,28,,,,,,,,50,3.43194,3.43194,200,0.465,3.28502,7.21338,5.61901,-5,iso,19.23,-0.26,0.991652,False,<=1.5,False,iso,True,False
PanTS_00008658,3,4,train,Non-contrast,0.703125,0.703125,0.8,2,0.8,14,5.53711,5.05093,5-10,True,7,False,-17,hypoattenuating,0,False,head,mask_ring,0.323143,abutting,False,False,,5,1,5.53711,1,1.05403,0.581579,0.219686,-0.0308225,-0.221628,-0.219582,-0.125685,,,,,,,,,,,,50,1.05403,1.05403,200,0.905,2.32757,5.09197,1.58189,1.60818,1.65511,1.69172,1.49691,1.17007,1.0492,,,,,,,,,,,,50,1.69172,1.69172,200,0.865,2.68369,5.29875,3.09748,-17,hypo,19.23,-0.8841,0.00881317,True,<=1.5,False,hypo,False,False
PanTS_00008658,4,4,train,Non-contrast,0.703125,0.703125,0.8,2,0.8,12,4.74609,2.78164,<5,True,7,False,-1,isoattenuating,0,False,head,pc1_boundary,0.3631,abutting,False,False,,0,1,4.74609,,,,,,,,,,,,,,,,,,,,50,,,,,,,,,,,,,,,,,,,,,,,,,50,,,,,,,3.04252,-1,iso,19.23,-0.05201,0.00560913,True,<=1.5,False,iso,True,False
PanTS_00008658,5,4,train,Non-contrast,0.703125,0.703125,0.8,2,0.8,77,30.4541,8.88288,5-10,False,7,False,8,isoattenuating,0,False,head,mask_ring,0.358913,abutting,False,False,,25,1,30.4541,1,2.01966,2.02014,1.8756,1.65453,1.1659,0.670301,0.410659,,,,,,,,,,,,50,2.02014,2.02014,200,0.645,2.78511,5.9067,2.0872,1.42404,1.08943,0.953215,0.867918,0.997401,0.994942,,,,,,,,,,,,50,2.0872,2.0872,200,0.795,2.89597,6.12622,3.93725,7.5,iso,19.23,0.3901,0.0047552,True,<=1.5,False,iso,False,False
PanTS_00008658,6,4,train,Non-contrast,0.703125,0.703125,0.8,2,0.8,4,1.58203,2.4,<5,True,7,False,13.5,hyperattenuating,0,False,head,mask_ring,0.183769,abutting,False,False,,3,1,1.58203,1,0.811009,0.416568,0.728281,1.02137,1.01228,0.881851,0.675013,,,,,,,,,,,,50,1.02137,1.02137,200,0.76,1.97857,5.14189,2.01108,1.43547,1.50181,1.35821,0.924589,0.718115,0.607208,,,,,,,,,,,,50,2.01108,2.01108,200,0.705,2.58386,5.92644,2.72284,13.5,hyper,19.23,0.7021,0.000416502,True,<=1.5,False,hyper,False,False
PanTS_00008658,7,4,train,Non-contrast,0.703125,0.703125,0.8,2,0.8,8,3.16406,2.59784,<5,True,7,False,11,hyperattenuating,0,False,head,pc1_boundary,0.199729,separated,True,False,,0,1,3.16406,,,,,,,,,,,,,,,,,,,,50,,,,,,,,,,,,,,,,,,,,,,,,,50,,,,,,,2.91072,11,hyper,19.23,0.5721,0.000366863,True,<=1.5,False,hyper,False,False
PanTS_00008662,1,4,train,Venous,0.779297,0.779297,2.5,2,2.5,5093,7732.5,32.313,20-40,False,1,True,-9,isoattenuating,0.846072,True,body,mask_ring,0.580302,inside,False,True,2.61865,7778,1,7732.5,1,4.40126,4.55271,4.25371,3.61374,2.55326,1.73698,1.70835,,,26,23,9,6,,,,,,50,4.55271,4.55271,200,0.715,5.08986,7.52834,4.79333,4.20739,4.73682,4.92673,4.77737,4.75376,3.96356,10,17,15,7,3,4,1,12,4.79333,1.5,0.52071,50,4.92673,4.92673,200,0.35,4.78923,5.73307,14.2672,-9,iso,17.24,-0.5221,0.997449,False,1.5-2.5,True,iso,False,False
PanTS_00008673,1,0,train,Venous,0.921875,0.921875,4.00003,2,4.00003,2828,9613.62,39.5738,20-40,False,1,True,10,isoattenuating,0.630549,True,head,mask_ring,0.210913,inside,False,True,5.44039,9520,1,9613.62,1,3.62298,3.04167,2.92926,2.66932,2.44563,2.165,1.73632,,31,34,22,8,,,,,,,50,3.62298,3.62298,200,0.685,4.1098,8.80199,3.77488,3.30156,3.01292,2.77774,2.55683,2.58774,2.48144,5,4,9,8,6,4,4,7,3.77488,1.5,0.247151,50,3.77488,3.77488,200,0.39,3.72844,7.38873,15.1906,10,iso,9.946,1.005,0.999699,False,2.5-5,True,iso,False,False
PanTS_00008691,1,0,train,Venous,0.662,0.662,5,2,5,18293,40084,87.5837,>=40,False,2,True,-1,isoattenuating,0,False,tail,mask_ring,0.714623,abutting,False,True,20.1359,39705,0.434155,40084,0.433472,5.49707,5.34794,4.73752,3.93395,3.19027,3.14991,3.22254,,37,11,7,2,2,2,,,,,50,5.49707,5.49707,200,0.975,8.6751,8.73146,4.67216,6.08834,5.92686,5.08459,3.73283,2.88043,2.51576,50,40,24,16,17,4,4,,,,,50,6.08834,6.08834,200,0.86,11.1031,13.5843,23.2305,-1,iso,5.304,-0.1885,6.50282e-05,True,2.5-5,True,iso,True,False
PanTS_00008691,2,0,train,Venous,0.662,0.662,5,2,5,1414,3098.39,31.0377,20-40,False,2,False,-11,hypoattenuating,0,False,head,mask_ring,0.0994858,inside,False,True,10.5336,3060,1,3098.39,1,2.98043,2.52081,2.13402,2.14513,1.93527,1.88996,1.62524,,,,37,,,,,,,,50,2.98043,2.98043,200,0.96,6.30754,8.73005,2.83013,2.6769,2.31049,1.72923,1.20095,0.98075,1.27129,,,50,42,24,,,,,,,50,2.83013,2.83013,200,0.945,5.69672,12.7834,11.0438,-13,hypo,5.304,-2.451,0.0139021,True,2.5-5,True,hypo,False,False
PanTS_00008699,1,0,train,Arterial,1,1,1,2,1,549,549,19.8242,10-20,False,1,True,-27.0085,hypoattenuating,0,False,head,mask_ring,0.330928,inside,False,True,13.4536,549,1,549,1,4.14826,4.89698,4.53689,4.14493,3.49388,2.99816,2.68553,,,50,,,,,,,,,50,4.89698,4.89698,200,0.29,3.97408,6.15497,1.78812,1.56795,1.42024,1.7235,2.45533,2.78554,2.74648,,,,,,,,,,,,50,2.78554,2.78554,200,0.745,3.96414,10.8096,7.07958,-26.49,hypo,8.61,-3.077,0.00048881,True,<=1.5,True,hypo,False,True
PanTS_00008701,1,2,train,Venous,0.675781,0.675781,3.5,2,3.5,1527,2440.73,22.935,20-40,False,1,True,8,isoattenuating,0,False,tail,mask_ring,0.772064,inside,False,True,38.0593,2470,1,2440.73,1,3.23372,2.72448,3.39291,3.75585,4.14428,4.19971,4.10744,,48,21,10,9,4,,,,,,50,4.19971,4.19971,200,0.675,4.96517,6.78032,12.4374,11.1492,8.66942,6.47303,3.40895,1.90892,1.28452,29,1,1,1,2,,,32,3.01469,1.5,0.288173,50,12.4374,12.4374,200,0.005,3.39771,5.36432,10.3524,7,iso,11.6,0.6033,0.000158436,True,2.5-5,True,iso,False,False
PanTS_00008711,1,3,train,Venous,0.960938,0.960938,2.5,2,2.5,4812,11108.5,37.1754,20-40,False,1,True,44,hyperattenuating,0.139362,True,head,mask_ring,0.107362,inside,False,True,26.1553,11275,1,11108.5,1,5.0759,3.68773,2.96704,2.56408,2.09828,1.50571,0.939781,3,41,,43,25,13,,3,5.0759,1.5,0.135904,50,5.0759,5.0759,200,0.055,3.90962,5.18225,8.25845,8.80369,7.82073,7.04373,5.79148,4.68898,3.91889,2,1,2,2,7,11,2,1,8.80369,2,0.000404984,50,8.80369,8.80369,200,0.025,4.44349,5.29252,15.8417,46,hyper,21.22,2.168,0.996669,False,1.5-2.5,True,hyper,False,False
PanTS_00008721,1,2,train,Venous,0.820312,0.820312,2.5,2,2.5,1186,1995.18,23.6785,20-40,False,1,True,-45,hypoattenuating,0.179894,True,head,mask_ring,0.171001,inside,False,True,0,2005,1,1995.18,1,2.4259,1.97347,2.06164,2.10579,1.80872,1.11949,0.560577,,,43,27,4,3,3,,,,,50,2.4259,2.4259,200,0.93,3.41747,4.28151,2.15504,2.05807,2.09605,2.18129,1.84112,2.11837,2.29633,,,,,,,,,,,,50,2.29633,2.29633,200,0.885,3.24664,4.92656,9.80965,-50,hypo,16.91,-2.957,0.993867,False,1.5-2.5,True,hypo,False,False
PanTS_00008722,1,0,train,Venous,0.654297,0.654297,5,2,5,1211,2592.17,22.5557,20-40,False,1,True,-9,isoattenuating,0,False,tail,mask_ring,0.734475,inside,False,False,,2665,1,2592.17,1,5.43938,4.85938,4.27751,3.82752,3.33231,2.63713,2.08759,22,18,,,,,,23,5.43938,1.5,0.097326,50,5.43938,5.43938,200,0.44,5.28537,6.81407,3.30355,2.77151,2.89552,2.85011,2.19261,1.46409,1.33682,,44,22,15,11,10,,,,,,50,3.30355,3.30355,200,0.725,4.19873,7.22003,10.5217,-4,iso,6.962,-0.5746,0.000196401,True,2.5-5,True,iso,True,False
PanTS_00008724,1,2,train,Venous,0.632812,0.632812,5,2,5,4509,9028.17,63.9445,>=40,False,1,True,-7,isoattenuating,0,False,tail,mask_ring,0.937228,inside,False,True,10.257,8915,0.843646,9028.17,0.841503,7.69591,7.47155,6.83061,6.1703,4.8462,3.79263,3.08752,46,26,16,12,2,5,1,49,4.66058,1.5,0.050632,50,7.69591,7.69591,200,0.5,7.68359,14.1658,2.95815,2.93433,2.51607,2.58614,2.37463,2.10437,2.01202,49,23,17,11,,,,,,,,50,2.95815,4.88584,200,0.995,5.18223,15.6653,14.9173,-4,iso,5.967,-0.6703,0.0026678,True,2.5-5,True,iso,True,False
PanTS_00008726,1,3,train,Venous,0.740234,0.740234,2.5,2,2.5,1823,2497.27,22.5426,20-40,False,1,True,4,isoattenuating,0,False,head,mask_ring,0.0881804,inside,False,True,15,2528,1,2497.27,1,2.83991,2.01632,1.72829,1.51745,1.0501,1.00608,0.945514,,,,31,8,,,,,,,50,2.83991,2.83991,200,0.945,3.51717,4.59735,2.73097,2.34752,2.03666,1.91975,1.70407,1.56877,1.71795,37,28,20,16,11,10,7,40,2.67191,1.5,0.245629,50,2.73097,2.73097,200,0.715,2.98587,3.76587,10.4164,9,iso,17.57,0.5122,0.048496,True,1.5-2.5,True,iso,False,False
PanTS_00008727,1,3,train,Venous,0.767578,0.767578,2.5,2,2.5,15064,22188.4,46.6079,>=40,False,1,True,39,hyperattenuating,0.83392,True,head,mask_ring,0.203834,inside,False,True,0.767578,22086,1,22188.4,1,5.18817,4.1343,3.36717,2.36108,1.96432,2.4042,2.23328,26,41,,37,20,10,7,29,3.18364,1.5,0.245124,50,5.18817,5.18817,200,0.165,3.86187,8.5333,5.65779,4.0594,3.1043,2.59267,2.71046,2.90607,2.762,6,7,7,11,12,9,8,6,5.4656,1.5,0.0297759,50,5.65779,5.65779,200,0.2,4.97133,7.44594,19.4319,34,hyper,14.59,2.331,0.997761,False,1.5-2.5,True,hyper,False,False
PanTS_00008743,1,4,train,Venous,0.773438,0.773438,2.5,2,2.5,3584,5359.93,27.9825,20-40,False,1,True,-63,hypoattenuating,0,False,body,mask_ring,0.58564,inside,False,True,0,5347,1,5359.93,1,3.61281,3.03356,2.33161,2.68064,2.90294,3.17599,2.83678,,50,24,12,5,3,1,,,,,50,3.61281,3.61281,200,0.925,4.56439,5.98494,5.08653,5.68289,5.38778,4.71281,3.06616,2.48968,2.20939,27,22,24,,7,9,6,28,3.86221,1.5,0.301539,50,5.68289,5.68289,200,0.045,4.56304,5.66596,12.8565,-73,hypo,11.27,-6.476,0.299617,True,1.5-2.5,True,hypo,False,False
PanTS_00008763,1,4,train,Venous,0.810547,0.810547,2.5,2,2.5,7806,12821.1,35.2555,20-40,False,1,True,-4,isoattenuating,0.875764,True,head,mask_ring,0.278528,inside,False,True,2.97959,12737,1,12821.1,1,3.62704,3.96322,4.08772,3.8222,3.09106,2.63251,2.50301,,,39,25,7,3,2,,,,,50,4.08772,4.08772,200,0.725,4.55239,4.9784,3.97084,3.66534,2.73344,2.36715,2.35475,2.95173,3.21687,16,10,19,23,13,10,9,21,3.97084,1.5,0.331149,50,3.97084,3.97084,200,0.84,5.19316,6.17096,16.5193,-8,iso,12.6,-0.635,0.997343,False,1.5-2.5,True,iso,False,False
PanTS_00008769,1,4,train,Arterial,0.976562,0.976562,0.8,2,0.8,2655,2025.6,20.427,20-40,False,1,True,-2,isoattenuating,0,False,body,mask_ring,0.383566,inside,False,True,11.4152,2124,1,2025.6,1,3.0554,3.0615,2.98329,2.87328,2.34512,1.85006,1.28676,12,24,4,46,16,,,14,3.0554,1.5,0.0949021,50,3.0615,3.0615,200,0.425,2.97997,3.79239,2.48821,2.25647,2.24997,2.2162,2.11564,2.14207,2.23337,,,,,,,,,,,,50,2.48821,2.48821,200,0.99,3.30214,3.95777,9.84914,4,iso,54.04,0.07402,0.000134466,True,<=1.5,True,iso,True,False
PanTS_00008789,1,3,train,Venous,0.898438,0.898438,2.5,2,2.5,791,1596.22,18.2931,10-20,False,1,True,10,isoattenuating,0.512068,True,head,mask_ring,0.208471,inside,False,True,11.6797,1540,1,1596.22,1,1.62641,1.73242,1.80682,1.73378,1.02708,0.0693509,-0.126554,,,42,20,8,4,2,,,,,50,1.80682,1.80682,200,1,3.36325,4.5135,2.11557,1.77427,1.82195,1.80551,1.49861,1.41479,1.54061,,,,,31,,,,,,,50,2.11557,2.11557,200,0.975,3.32515,4.30385,9.24994,-1,iso,14.59,-0.06855,0.998454,False,1.5-2.5,True,iso,True,False
PanTS_00008811,1,3,train,Venous,0.779297,0.779297,2.5,2,2.5,632,959.54,15.1746,10-20,False,1,True,4,isoattenuating,0.156676,True,head,mask_ring,0.215838,inside,False,True,7.89449,1008,1,959.54,1,3.22985,3.32716,3.27538,2.96233,2.30399,1.64864,1.19955,,31,,,,,,,,,,50,3.32716,3.32716,200,0.24,2.70101,4.21247,2.92159,2.52788,2.10757,1.65723,1.63988,1.76648,1.90158,26,29,25,24,,,,30,2.92159,1.5,0.0925872,50,2.92159,2.92159,200,0.78,3.25608,4.81044,8.11869,3,iso,11.6,0.2585,0.992961,False,1.5-2.5,True,iso,True,False
PanTS_00008818,1,2,train,Venous,0.888672,0.888672,5,2,5,4590,18124.5,57.458,>=40,False,1,True,23,hyperattenuating,0.254263,True,head,mask_ring,,inside,False,True,26.5953,18195,1,18124.5,1,5.06667,4.53599,4.11723,3.49043,1.9846,1.20646,1.15241,32,39,16,14,6,4,,34,3.52097,1.5,0.0185404,50,5.06667,5.06667,200,0.575,5.43367,13.4104,9.53733,6.24036,4.83908,3.82992,3.10975,3.03134,3.0162,5,6,5,4,5,4,4,5,9.53733,1.5,0.016533,50,9.53733,9.53733,200,0.25,4.45262,11.272,18.2952,31,hyper,7.956,3.896,0.998592,False,2.5-5,True,hyper,False,False
PanTS_00008837,1,4,train,Non-contrast,0.703125,0.703125,0.8,2,0.8,1022,404.209,15.1087,10-20,False,1,True,-2,isoattenuating,0,False,head,mask_ring,0.0792534,abutting,False,False,,417,0.497065,404.209,0.484412,1.51913,1.17847,0.636677,0.122225,-0.285899,-0.526093,-0.871501,,,,,,,,,,,,50,1.51913,1.6147,200,0.96,3.96611,6.93936,1.91976,1.49251,1.20927,1.4773,1.98977,2.12717,2.16733,,,,,,,,,,,,50,2.16733,2.16733,200,0.96,3.30388,5.7854,6.58676,0.5,iso,23.87,0.02095,0.000369739,True,<=1.5,False,iso,True,False
PanTS_00008839,1,1,train,Non-contrast,0.703125,0.703125,0.8,2,0.8,21308,8427.48,31.9651,20-40,False,1,True,4,isoattenuating,0.105213,True,head,mask_ring,0.218971,inside,False,True,8.07371,8460,0.977379,8427.48,0.977305,4.27075,3.35173,3.01025,2.96909,2.97621,2.69566,2.28473,9,23,22,13,4,,,10,4.15692,1.5,0.0384029,50,4.27075,4.95206,200,0.51,4.29236,5.84367,3.05576,3.64909,3.43531,3.12274,2.52892,2.48947,3.44666,43,35,33,28,18,,,46,2.88269,1.5,0.256082,50,3.64909,5.93313,200,0.735,3.84381,4.27763,14.6242,4,iso,29.84,0.1341,0.733833,False,<=1.5,False,iso,True,False
PanTS_00008854,1,4,train,Venous,0.933594,0.933594,0.7,2,0.7,6668,4068.27,27.7232,20-40,False,1,True,-25,hypoattenuating,0,False,head,mask_ring,0.180466,abutting,False,True,7.30585,4103,0.556539,4068.27,0.567633,2.92259,2.59022,2.29997,2.07305,2.10435,1.76532,1.41636,,,,,19,,,,,,,50,2.92259,3.32056,200,0.99,4.17447,6.22414,1.89799,1.89701,1.80074,1.59713,1.34143,1.26448,1.10985,,,,42,25,15,11,,,,,50,1.89799,1.89799,200,1,3.6004,5.00284,11.9032,-23,hypo,15.58,-1.476,0.000108897,True,<=1.5,True,hypo,False,False
PanTS_00008885,1,1,train,Venous,0.818359,0.818359,2.5,2,2.5,1146,1918.73,21.1714,20-40,False,2,True,7,isoattenuating,0,False,head,pc1_boundary,0.341793,separated,True,True,40.8841,1912,0,1918.73,0,,,,,,,,,,,,,,,,,,,50,,2.45837,,,,,,,,,,,,,,,,,,,,,,,50,,1.86261,,,,,9.70859,9,iso,10.94,0.8227,0.000304159,True,1.5-2.5,True,iso,False,False
PanTS_00008885,2,1,train,Venous,0.818359,0.818359,2.5,2,2.5,497,832.117,21.4861,20-40,False,2,False,-22,hypoattenuating,0.178473,True,body,mask_ring,0.600336,inside,False,True,69.3342,768,1,832.117,1,3.14562,2.63718,2.6418,2.55703,2.24584,2.18556,2.04217,,,,,37,,,,,,,50,3.14562,3.14562,200,0.715,3.86862,7.05808,4.22077,3.82477,3.3038,2.70006,1.92627,1.60928,1.46643,,,,,,,,,,,,50,4.22077,4.22077,200,0.22,3.51145,5.4766,7.83488,-3.5,iso,10.94,-0.3199,0.997221,False,1.5-2.5,True,iso,True,False
PanTS_00008892,1,1,train,Arterial,0.855469,0.855469,1.25,2,1.25,141079,129057,124.955,>=40,False,1,True,-26,hypoattenuating,0.615074,True,tail,mask_ring,0.649846,inside,False,True,0,128927,0.642647,129057,0.641712,5.91147,5.55288,4.74584,3.56082,2.69076,2.34076,1.94763,1,4,4,8,8,7,4,3,5.91147,1.5,0.549524,50,5.91147,5.91147,200,1,6.93685,6.93685,8.52245,8.64621,8.28423,7.67289,6.00943,4.54961,3.66986,38,19,7,5,3,3,1,27,4.25559,2.5,0.475224,50,8.64621,11.3365,200,1,14.1034,14.1034,33.3495,-20,hypo,24.86,-0.8044,0.99721,False,<=1.5,True,hypo,False,False
PanTS_00008913,1,0,train,Venous,0.822266,0.822266,2.5,2,2.5,1035,1749.46,18.6465,10-20,False,1,True,-77,hypoattenuating,0,False,body,mask_ring,0.276727,inside,False,True,1.83864,1783,1,1749.46,1,3.58926,2.89773,2.30688,1.89272,1.48698,1.47514,1.39315,2,11,38,44,16,,2,3,3.58926,1.5,0.188068,50,3.58926,3.58926,200,0.04,2.8428,3.5521,3.12597,2.76214,2.09918,2.06455,1.85829,1.67024,1.4465,,26,49,,35,,,,,,,50,3.12597,3.12597,200,0.45,3.09031,3.93395,9.4749,-87,hypo,14.92,-5.832,3.21923e-05,True,1.5-2.5,True,hypo,False,True
PanTS_00008922,1,3,train,Venous,1,1,1,2,1,4218,4218,36.4005,20-40,False,2,True,7,isoattenuating,0,False,tail,mask_ring,0.97719,abutting,False,True,25.9422,4218,0.0602181,4218,0.0602181,1.5269,0.806846,0.60504,0.486954,0.273007,0.275434,0.276734,,,,,21,,,,,,,50,1.5269,3.02424,200,1,5.22717,8.01577,1.2759,1.06563,1.04023,1.13089,1.03459,0.79791,0.596827,,,,,,,,,,,,50,1.2759,3.32009,200,1,4.20725,6.05635,12.0232,8,iso,8.951,0.8938,0.0288435,True,<=1.5,True,iso,False,False
PanTS_00008922,2,3,train,Venous,1,1,1,2,1,408,408,15.4272,10-20,False,2,False,0,isoattenuating,0,False,tail,pc1_boundary,0.988651,separated,True,True,38.5876,408,0,408,0,,,,,,,,,,,,,,,,,,,50,,4.99575,,,,,,,,,,,,,,,,,,,,,,,50,,3.56052,,,,,6.60105,4.5,iso,8.951,0.5027,0.000597669,True,<=1.5,True,iso,True,False
PanTS_00008931,1,2,train,Venous,0.865234,0.865234,2.5,2,2.5,10165,19024.6,42.2754,>=40,False,1,True,-41,hypoattenuating,0.710076,True,head,mask_ring,0.11484,inside,False,True,2.5,19202,0.968224,19024.6,0.967555,3.21922,2.83294,2.59443,2.42251,2.05796,2.2143,2.4281,,34,12,7,1,1,1,,,,,50,3.21922,3.60692,200,1,4.21098,5.15039,3.37106,3.1781,2.88111,2.48766,2.62083,3.0308,3.19573,,35,27,26,14,9,,,,,,50,3.37106,3.37106,200,0.87,4.18927,6.53399,18.5606,-45,hypo,16.58,-2.715,0.999719,False,1.5-2.5,True,hypo,False,False
PanTS_00008942,1,3,train,Arterial,0.976562,0.976562,2.5,2,2.5,6922,16503.3,40.6048,>=40,False,1,True,29,hyperattenuating,0.79176,True,head,mask_ring,0.167367,inside,False,True,4.3183,16694,1,16503.3,1,3.06155,2.889,2.54737,2.27589,1.66902,1.43722,1.48219,27,,49,45,12,6,3,27,3.04492,1.5,0.120438,50,3.06155,3.06155,200,0.825,3.48918,3.75263,3.9728,3.40769,2.45607,2.23888,2.11567,2.04652,2.3946,4,8,29,27,17,17,11,4,3.9728,1.5,0.363533,50,3.9728,3.9728,200,0.4,3.79898,5.50339,17.7941,30,hyper,20.22,1.483,0.997537,False,1.5-2.5,True,hyper,False,False
PanTS_00008954,1,4,train,Venous,0.744141,0.744141,2.5,2,2.5,23651,32741.6,58.6229,>=40,False,1,True,8,isoattenuating,0.65264,True,head,mask_ring,0.177178,inside,False,True,1.48828,32690,0.909518,32741.6,0.910278,4.1803,4.24576,4.25663,4.07405,3.24408,2.2881,1.72931,14,7,5,3,3,2,2,17,4.25663,2.5,0.163649,50,4.25663,4.25663,200,1,5.23284,5.46816,3.43072,3.48576,3.1034,2.72696,2.31215,2.50996,2.47086,31,24,21,16,9,8,6,33,3.48576,2,0.206104,50,3.48576,3.48576,200,1,5.25663,6.53272,21.8459,10,iso,13.92,0.7182,0.996153,False,1.5-2.5,True,iso,False,False
PanTS_00008974,1,0,train,Venous,0.703125,0.703125,2.5,2,2.5,4725,5839.92,30.0596,20-40,False,1,True,60,hyperattenuating,0.737448,True,head,mask_ring,0.252338,inside,False,True,2.5,5882,1,5839.92,1,2.78921,2.87114,2.74321,2.39521,1.76155,1.35366,1.14956,32,21,10,7,18,,,38,2.78921,1.5,0.246994,50,2.87114,2.87114,200,0.685,3.16155,4.82829,2.78511,2.21064,2.01111,1.98807,2.00508,2.33077,2.90376,,48,24,16,11,6,3,41,2.90376,6,0.550069,50,2.90376,2.90376,200,0.8,3.48296,8.98252,13.1714,70,hyper,16.24,4.309,0.999329,False,1.5-2.5,True,hyper,False,False
PanTS_00008989,1,0,train,Arterial,0.820312,0.820312,1,2,1,14262,9597.08,36.7417,20-40,False,2,True,1,isoattenuating,0.765677,True,head,mask_ring,0.571119,inside,False,True,0.820312,9591,0.914178,9597.08,0.91492,4.39276,3.44806,2.814,2.922,2.42809,2.33849,2.63404,2,6,,32,15,,,2,4.39276,1.5,0.198358,50,4.39276,4.39276,200,0.015,3.7421,4.02959,6.43585,6.51108,6.09203,5.56476,4.67514,4.31551,3.8974,42,,24,15,10,10,,,,,,50,6.51108,6.78197,200,0.145,3.77073,8.61778,15.1831,4,iso,13.92,0.2873,0.999775,False,<=1.5,True,iso,True,False
PanTS_00008989,2,0,train,Arterial,0.820312,0.820312,1,2,1,3900,2624.36,20.87,20-40,False,2,False,4,isoattenuating,0.636167,True,tail,mask_ring,0.927851,inside,False,True,0.820312,2604,1,2624.36,1,2.86977,2.2963,1.86007,1.44592,1.10499,1.04446,1.03549,,,,36,,,,,,,,50,2.86977,2.86977,200,0.865,3.38838,4.02959,3.67162,3.39885,2.99768,3.25091,3.37299,3.17214,2.9718,16,11,9,5,5,7,5,19,3.67162,1.5,0.570494,50,3.67162,3.67162,200,0.33,3.46583,7.23286,10.5568,6,iso,13.92,0.4309,0.920218,False,<=1.5,True,iso,False,False
PanTS_00008994,1,1,train,Venous,0.644531,0.644531,2.5,2,2.5,715,742.564,13.5205,10-20,False,2,False,-35,hypoattenuating,0,False,head,mask_ring,0.0472835,inside,False,True,8.45405,727,1,742.564,1,1.87645,1.15934,0.979575,1.04192,1.17536,1.17525,1.04727,,,41,24,,,,,,,,50,1.87645,1.87645,200,0.985,3.31082,4.19247,2.24516,1.9756,1.92855,1.76328,1.43673,1.79244,1.95393,,,,,,,,,,,,50,2.24516,2.24516,200,0.915,3.25699,5.11345,7.61757,-26,hypo,9.614,-2.704,0.00774052,True,1.5-2.5,True,hypo,False,True
PanTS_00008994,2,1,train,Venous,0.644531,0.644531,2.5,2,2.5,879,912.886,18.1278,10-20,False,2,True,-9,isoattenuating,0.200308,True,head,mask_ring,0.0588491,embedded,False,True,2.88243,891,0.749716,912.886,0.75982,1.50636,1.1941,1.08251,0.83226,0.307292,-0.0703442,-0.0630353,,,42,23,6,2,,,,,,50,1.50636,1.70674,200,1,3.328,4.15875,1.19068,0.877374,0.8656,0.93983,1.15214,1.50025,1.81249,,,,,,,,,,,,50,1.81249,1.81249,200,0.995,3.35352,4.62387,8.01787,-9,iso,9.614,-0.9361,0.894881,False,1.5-2.5,True,iso,False,False
PanTS_00008999,1,3,train,Non-contrast,0.664062,0.664062,2.5,2,2.5,32151,35444.7,75.9028,>=40,False,2,True,4,isoattenuating,0.0315513,True,head,mask_ring,0.207645,inside,False,True,9.98304,35660,0.930764,35444.7,0.929473,4.51242,4.61208,4.01067,3.74943,3.54743,2.72551,2.47419,29,25,18,14,6,3,2,33,4.208,1.5,0.033725,50,4.61208,4.99827,200,1,5.61379,5.61379,5.21947,4.56029,4.03364,3.32277,3.02198,2.81638,2.46339,19,40,35,30,8,5,3,22,3.61953,1.5,0.05435,50,5.21947,5.34207,200,0.43,4.98149,5.49316,22.3777,6,iso,10.28,0.5838,0.843831,False,1.5-2.5,False,iso,False,False
PanTS_00008999,2,3,train,Non-contrast,0.664062,0.664062,2.5,2,2.5,3637,4009.6,26.018,20-40,False,2,False,-8,isoattenuating,0.73959,True,body,mask_ring,0.64366,inside,False,True,1.87825,4026,1,4009.6,1,3.94634,2.95287,2.96419,2.87844,3.259,3.28818,2.80326,37,,,48,,,,41,3.94634,1.5,0.175284,50,3.94634,3.94634,200,0.98,5.23928,5.61379,2.98732,3.24203,3.31536,2.98984,2.64514,2.42295,2.0298,45,32,25,17,3,1,1,48,2.98732,1.5,0.111885,50,3.31536,3.31536,200,0.905,4.62516,5.49316,11.8553,-7,iso,10.28,-0.6811,0.997409,False,1.5-2.5,False,iso,False,False
PanTS_00009001,1,4,test,Venous,0.683594,0.683594,2.5,2,2.5,6484,7574.95,33.6631,20-40,False,1,True,-11,hypoattenuating,0.27362,True,tail,mask_ring,0.831925,inside,False,True,44.9425,7612,1,7574.95,1,3.61865,3.01675,3.26279,3.27264,2.55367,2.12849,2.18633,,,48,20,13,12,,,,,,50,3.61865,3.61865,200,0.965,5.15857,6.68124,5.04183,4.88619,4.94351,4.72177,4.0744,3.62064,3.21139,6,10,6,3,3,2,3,9,5.04183,1.5,0.484823,50,5.04183,5.04183,200,0.29,4.24217,6.34541,14.1833,-15,hypo,9.946,-1.508,0.959269,False,1.5-2.5,True,hypo,False,False
PanTS_00009005,1,1,test,Arterial,0.863281,0.863281,2.5,2,2.5,8029,14959.1,37.2868,20-40,False,1,True,-37,hypoattenuating,0.901534,True,body,mask_ring,0.564265,inside,False,True,0.863281,15037,1,14959.1,1,2.7687,2.25913,1.81927,1.56324,1.25896,1.06393,0.957456,44,,46,23,7,3,2,45,2.7687,1.5,0.142966,50,2.7687,2.7687,200,1,4.34353,5.6258,3.67934,3.13742,2.64269,2.48303,2.52322,2.62109,2.51464,10,8,11,8,10,6,9,11,3.67934,1.5,0.210182,50,3.67934,3.67934,200,0.715,3.97483,4.96665,17.2852,-47,hypo,12.6,-3.731,0.997532,False,1.5-2.5,True,hypo,False,False
PanTS_00009008,1,3,test,Venous,1.5,1.5,1.5,2,1.5,205,691.875,14.151,10-20,False,1,True,-43,hypoattenuating,0.670623,True,tail,mask_ring,1.00037,inside,False,True,97.2343,688,1,691.875,0.998547,1.93821,1.44597,1.46444,1.56998,2.20715,2.68567,2.69858,,,,,,,,,,,,50,2.69858,2.69858,200,0.635,2.90079,3.8115,2.61878,2.37011,2.56928,2.66707,2.39378,1.92411,1.35092,,,50,37,,,,,,,,50,2.66707,2.66707,200,0.385,2.54159,3.58968,7.48672,-43,hypo,13.26,-3.243,0.989347,False,<=1.5,True,hypo,False,True
PanTS_00009009,1,2,test,Venous,0.976562,0.976562,1.5,2,1.5,34302,49069.4,55.9288,>=40,False,1,True,-61,hypoattenuating,0.833368,True,head,mask_ring,0.480537,abutting,False,True,0,49708,0.211941,49069.4,0.2054,2.70106,2.41008,2.31141,2.10811,1.69101,1.79921,1.79923,26,18,8,8,4,,,30,2.70106,1.5,0.146749,50,2.70106,3.55145,200,1,4.52803,4.5338,2.34113,2.16419,2.13999,2.12307,1.81594,1.93202,2.04572,,40,28,19,8,7,5,,,,,50,2.34113,9.26244,200,1,6.14412,6.49668,24.7112,-75,hypo,11.93,-6.284,0.998603,False,<=1.5,True,hypo,False,False
PanTS_00009020,1,0,test,Arterial,0.646484,0.646484,1.5,2,1.5,26089,16355.5,41.4975,>=40,False,1,True,-29,hypoattenuating,0.872927,True,head,mask_ring,0.300663,inside,False,True,0,16447,0.956495,16355.5,0.957135,5.50617,5.23871,4.74099,4.15547,3.13027,2.42598,2.48141,,,44,22,4,1,1,,,,,50,5.50617,5.50617,200,0.91,6.11738,7.98333,3.49165,3.17558,2.86981,2.52416,2.22313,2.10222,1.98448,,47,32,36,13,10,,,,,,50,3.49165,3.65252,200,0.835,5.22644,8.65476,17.7468,-37,hypo,6.299,-5.874,0.999605,False,<=1.5,True,hypo,False,False
PanTS_00009037,1,0,test,Non-contrast,0.923828,0.923828,2.5,2,2.5,37832,80720.1,102.315,>=40,False,1,True,7,isoattenuating,0.431518,True,head,mask_ring,0.197627,inside,False,True,0,80928,0.96421,80720.1,0.963807,6.29865,5.42851,5.54009,5.58238,5.02054,4.19304,3.61577,1,2,1,16,10,9,1,1,6.29865,1.5,0.0495502,50,6.29865,6.29865,200,0,5.26466,5.85534,6.07526,5.58996,4.84068,4.74136,4.86683,5.13769,4.90557,6,8,13,10,8,5,4,8,5.1768,1.5,0.00201781,50,6.07526,8.06618,200,0.255,5.8591,6.08234,28.8101,11,hyper,9.946,1.106,0.999885,False,1.5-2.5,False,hyper,False,False
PanTS_00009041,1,0,test,Venous,0.724609,0.724609,2.5,2,2.5,403,528.996,16.3231,10-20,False,3,False,0,isoattenuating,0.226587,True,tail,mask_ring,0.999573,inside,False,True,19.912,502,1,528.996,1,1.93528,1.71911,1.68587,1.64338,2.05005,2.5004,2.72079,,,,,,,,,,,,50,2.72079,2.72079,200,0.75,2.99512,4.01152,3.71299,3.3445,2.99277,2.80743,2.1544,2.04223,1.9135,48,42,48,,,,,,,,,50,3.71299,3.71299,200,0.22,2.63759,5.50526,7.01712,3,iso,11.93,0.2514,0.962918,False,1.5-2.5,True,iso,True,False
PanTS_00009041,2,0,test,Venous,0.724609,0.724609,2.5,2,2.5,5534,7264.18,32.8408,20-40,False,3,True,-21,hypoattenuating,0.813576,True,body,mask_ring,0.0954917,inside,False,True,2.5,7347,1,7264.18,1,3.6983,3.35264,3.33629,3.14996,2.50053,2.33029,1.72132,31,23,,20,4,3,3,36,3.32163,1.5,0.0251733,50,3.6983,3.6983,200,0.41,3.65879,4.94751,4.07883,3.38619,3.07728,2.86271,2.83,2.66057,2.5049,18,29,43,37,21,10,8,23,3.44429,1.5,0.435749,50,4.07883,4.07883,200,0.55,4.32731,7.21151,14.0143,-34,hypo,11.93,-2.849,0.999968,False,1.5-2.5,True,hypo,False,False
PanTS_00009041,3,0,test,Venous,0.724609,0.724609,2.5,2,2.5,251,329.474,11.8759,10-20,False,3,False,1,isoattenuating,0,False,head,mask_ring,0.0694181,abutting,False,True,15.6021,285,0.0956175,329.474,0.0947368,0.661902,0.477125,0.338386,0.171846,-0.128158,-0.134304,-0.220027,,,,,,,,,,,,50,0.661902,1.45219,200,1,2.80464,3.83492,1.02234,0.806441,0.657422,0.648742,1.0339,1.16926,0.996427,,,,,,,,,,,,50,1.16926,1.6494,200,0.99,2.42228,5.39045,6.28461,9.5,iso,11.93,0.796,7.45545e-05,True,1.5-2.5,True,iso,False,False
PanTS_00009056,1,3,test,Venous,0.867188,0.867188,2.5,2,2.5,732,1376.19,17.9363,10-20,False,2,False,16,hyperattenuating,0,False,tail,mask_ring,0.924163,inside,False,True,10.4175,1399,1,1376.19,1,1.90255,1.90344,2.12491,2.30676,2.1498,1.82863,1.36365,,,,38,,,,,,,,50,2.30676,2.30676,200,0.875,2.99629,4.12027,2.61014,2.51913,2.72907,2.91018,3.41297,3.64799,3.33635,43,41,35,27,,,1,44,2.61014,1.5,0.514027,50,3.64799,3.64799,200,0.205,3.01796,4.30708,8.90022,17,hyper,15.58,1.091,0.371992,True,1.5-2.5,True,hyper,False,True
PanTS_00009056,2,3,test,Venous,0.867188,0.867188,2.5,2,2.5,732,1376.19,18.5636,10-20,False,2,True,13,hyperattenuating,0,False,head,mask_ring,0.118747,inside,False,True,0.867188,1319,1,1376.19,1,2.11848,1.56371,1.4066,1.13068,1.20644,0.983504,0.562371,,,43,25,8,5,,,,,,50,2.11848,2.11848,200,0.915,2.91941,4.0456,1.73875,1.74116,1.89041,2.12088,2.2761,1.92096,1.60417,,,,,,,5,,,,,50,2.2761,2.2761,200,0.875,2.97101,4.24361,8.90022,17,hyper,15.58,1.091,0.0265313,True,1.5-2.5,True,hyper,False,True
PanTS_00009061,1,3,test,Venous,0.800781,0.800781,2.5,2,2.5,2312,3706.43,25.334,20-40,False,1,True,-56,hypoattenuating,0,False,body,mask_ring,0.330859,inside,False,True,2.62512,3645,1,3706.43,1,3.17451,2.71716,2.58771,2.25598,1.59881,1.82303,1.96318,,,,20,10,5,,,,,,50,3.17451,3.17451,200,0.55,3.2639,4.22022,2.41906,2.05403,2.02893,1.91515,1.81623,1.88679,1.83554,,,,,32,24,,,,,,50,2.41906,2.41906,200,0.95,3.40113,5.98854,11.6004,-56,hypo,12.27,-4.565,0.172311,True,1.5-2.5,True,hypo,False,False
PanTS_00009067,1,3,test,Arterial,0.816406,0.816406,2.5,2,2.5,2019,3364.25,21.4992,20-40,False,1,True,5,isoattenuating,0.395004,True,head,mask_ring,0.465873,inside,False,True,0.816406,3303,1,3364.25,1,3.17852,2.71065,2.51167,2.20477,2.04276,1.83126,1.61586,43,,44,26,14,,,46,2.79191,1.5,0.0383638,50,3.17852,3.17852,200,0.71,3.53434,4.24443,3.10842,2.82146,2.19044,1.93908,2.02134,1.98204,2.40522,23,18,27,21,14,,,27,3.10842,1.5,0.319093,50,3.10842,3.10842,200,0.59,3.42427,4.60392,11.2954,7,iso,12.6,0.5557,0.938576,False,1.5-2.5,True,iso,False,False
PanTS_00009075,1,2,test,Venous,0.8125,0.8125,2.5,2,2.5,19406,32027.5,64.8134,>=40,False,1,True,-15,hypoattenuating,0.623008,True,tail,mask_ring,0.891824,abutting,False,True,24.1697,31947,0.824075,32027.5,0.826369,4.81315,3.81207,2.78867,2.71172,2.68626,2.43451,2.30735,1,1,41,31,12,4,1,1,4.81315,1.5,0.0252574,50,4.81315,4.81315,200,0,3.41247,3.90601,10.3047,8.78531,8.00124,6.96085,5.25567,4.21413,3.7823,1,1,1,1,1,1,1,1,10.3047,1.5,0.20286,50,10.3047,10.3047,200,0.005,5.37544,7.64458,21.7005,-15,hypo,13.26,-1.131,0.998073,False,1.5-2.5,True,hypo,False,False
PanTS_00009079,1,4,test,Venous,0.914062,0.914062,1.5,2,1.5,1806,2263.39,26.19,20-40,False,1,True,-8,isoattenuating,0.406432,True,tail,mask_ring,0.978127,inside,False,True,87.9775,2193,1,2263.39,1,4.03945,3.04525,2.34807,2.2458,1.77408,1.1431,0.835438,,,,,,,,,,,,50,4.03945,4.03945,200,0.765,4.51058,6.59968,2.91555,2.97384,2.77226,2.74241,2.99394,2.93593,2.5682,,,21,15,,,12,,,,,50,2.99394,2.99394,200,0.765,3.67562,5.76367,10.145,-9,iso,11.6,-0.7756,0.995263,False,<=1.5,True,iso,False,False
PanTS_00009084,1,2,test,Venous,0.9375,0.9375,1,2,1,66255,58231.9,59.594,>=40,False,1,True,-29,hypoattenuating,0,False,tail,pc1_boundary,1.19449,separated,True,True,66.4187,35697,0,58231.9,0,,,,,,,,,,,,,,,,,,,50,,4.51295,,,,,,,,,,,,,,,,,,,,,,,50,,3.84634,,,,,26.045,-28,hypo,10.61,-2.639,0.000259158,True,<=1.5,True,hypo,False,False
PanTS_00009087,1,0,test,Arterial,0.767578,0.767578,3,2,3,10944,19343.8,39.5698,20-40,False,1,True,-25,hypoattenuating,0.877897,True,head,mask_ring,0.301847,abutting,False,True,7.07672,19326,0.00347222,19343.8,0.00232847,1.76433,1.40072,1.04662,0.816572,0.724583,0.784947,0.955837,,,,,,,,,,,,50,1.76433,3.7403,200,1,3.49632,4.2557,1.73456,1.2569,1.2258,0.931797,0.340223,-0.0699825,-0.00559411,,,41,,,,,,,,,50,1.73456,1.95026,200,1,4.08791,5.98396,18.6527,-34,hypo,10.61,-3.205,0.999283,False,2.5-5,True,hypo,False,False
PanTS_00009097,1,2,test,Non-contrast,0.636719,0.636719,2.5,2,2.5,31242,31664.6,57.1075,>=40,False,1,True,9,isoattenuating,0.295192,True,head,mask_ring,0.117716,inside,False,True,0,31818,0.830645,31664.6,0.82645,6.70885,6.25134,5.78131,4.92481,3.62424,2.85698,2.1946,5,3,46,32,12,9,,5,6.70885,1.5,0.0438257,50,6.70885,6.70885,200,0.635,6.93355,7.59885,5.63964,3.92002,3.75039,3.64142,3.43557,3.21656,2.79405,42,23,14,9,6,4,3,49,3.81607,2,0.189932,50,5.63964,5.63964,200,0.765,5.8798,7.33608,21.6259,10,iso,7.293,1.371,0.998054,False,1.5-2.5,False,iso,False,False
PanTS_00009121,1,1,test,Venous,0.703125,0.703125,5,2,5,16077,39741.1,52.813,>=40,False,1,True,-52,hypoattenuating,0.852106,True,head,mask_ring,0.173069,inside,False,True,0.703125,39785,0.999502,39741.1,0.999321,4.5043,3.40983,2.99039,2.82077,2.8146,2.77095,2.68141,13,19,31,17,9,7,2,14,4.5043,1.5,0.308985,50,4.5043,4.5043,200,1,5.15718,5.89996,4.42708,3.72996,3.86484,3.73299,3.60455,3.38689,2.87926,8,3,5,5,3,5,4,8,4.42708,1.5,0.0470457,50,4.42708,5.01572,200,0.925,6.23387,6.37431,23.1698,-64,hypo,8.62,-7.425,0.997155,False,2.5-5,True,hypo,False,False
PanTS_00009127,1,3,test,Venous,0.896484,0.896484,2.5,2,2.5,166,333.529,12.8178,10-20,False,1,True,-78,hypoattenuating,0,False,body,mask_ring,0.560581,inside,False,True,24.2566,274,0.957831,333.529,0.959854,3.51891,3.8916,3.49708,2.63712,0.854207,-0.352593,-0.226696,,30,21,14,9,5,,49,3.8916,2,0.189412,50,3.8916,3.8916,200,0.365,3.31275,5.4544,2.18384,2.64273,2.77501,2.64538,2.31699,1.77632,2.04188,,,,,,,,,,,,50,2.77501,2.77501,200,0.615,2.99904,5.49027,6.30211,-88.5,hypo,14.59,-6.067,2.18679e-05,True,1.5-2.5,True,hypo,False,True
PanTS_00009135,1,2,test,Venous,0.722656,0.722656,2.5,2,2.5,2971,3878.88,32.1071,20-40,False,1,True,-79,hypoattenuating,0.517706,True,tail,mask_ring,0.75703,inside,False,True,0,4037,1,3878.88,1,2.34668,2.37191,2.48644,2.15381,2.15152,2.18508,2.03839,,49,21,19,13,10,,,,,,50,2.48644,2.48644,200,0.975,3.06344,9.7364,3.00851,3.45487,3.5726,3.52456,2.86075,2.28841,2.22175,37,39,43,40,38,,,49,2.73304,1.5,0.380186,50,3.5726,3.5726,200,0.655,3.99253,5.58186,11.747,-90.5,hypo,15.58,-5.808,0.971019,False,1.5-2.5,True,hypo,False,False
PanTS_00009143,1,4,test,Arterial,0.976562,0.976562,5,2,5,3055,14567.4,37.1845,20-40,False,1,True,5,isoattenuating,0.816274,True,tail,mask_ring,0.901008,inside,False,True,74.0593,14610,0.998363,14567.4,0.998084,3.71914,3.56246,3.43879,3.13682,2.29163,1.98388,1.86652,30,14,21,19,6,3,,32,3.71914,1.5,0.0329208,50,3.71914,3.71914,200,0.96,4.53861,5.31889,3.47622,3.09266,2.95748,2.76139,2.25067,1.95086,1.89982,14,16,10,9,7,3,3,14,3.47622,1.5,0.0216639,50,3.47622,3.47622,200,0.69,3.85918,4.50038,17.1506,7,iso,9.614,0.7281,0.996385,False,2.5-5,True,iso,False,False
PanTS_00009151,1,3,test,Venous,0.791016,0.791016,2.5,2,2.5,1332,2083.6,27.566,20-40,False,1,True,-47,hypoattenuating,0.104584,True,body,mask_ring,0.489801,inside,False,True,0,2080,1,2083.6,1,2.54812,2.689,2.88715,2.85016,2.29121,1.53502,0.736739,,44,18,8,3,1,4,,,,,50,2.88715,2.88715,200,0.745,3.27917,4.44606,2.37763,2.26146,1.93578,1.85774,1.69442,1.72047,1.76961,,,,,,,,,,,,50,2.37763,2.37763,200,0.925,3.58324,5.05972,9.92335,-61,hypo,18.57,-3.286,0.996557,False,1.5-2.5,True,hypo,False,False
PanTS_00009152,1,0,test,Venous,0.804688,0.804688,2.5,2,2.5,9421,15250.8,37.811,20-40,False,1,True,-12,hypoattenuating,0.808463,True,head,mask_ring,0.0385101,abutting,False,True,5,15346,0.0950005,15250.8,0.0897302,2.84425,1.60903,1.36719,1.18193,0.979489,0.696181,0.387354,50,46,,18,6,,,,,,,50,2.84425,2.89324,200,0.785,3.4527,5.69531,4.02995,3.92893,3.57254,3.20951,2.57401,2.06758,1.7299,,42,44,29,2,10,,,,,,50,4.02995,4.84771,200,0.29,3.515,6.00795,17.3839,-14,hypo,14.92,-0.9384,0.999901,False,1.5-2.5,True,hypo,False,False
PanTS_00009157,1,3,test,Venous,0.699219,0.699219,2.5,2,2.5,705,861.699,18.5595,10-20,False,1,True,-45,hypoattenuating,0,False,tail,mask_ring,0.857798,inside,False,True,0,849,1,861.699,1,2.7812,2.21666,1.94968,1.63625,1.5216,1.59167,1.46542,25,,,,23,,,34,2.7812,1.5,0.317265,50,2.7812,2.7812,200,0.47,2.75304,3.64682,2.93518,2.30419,1.96879,1.77168,1.86314,1.55451,1.34154,10,15,16,18,,,,15,2.93518,1.5,0.319312,50,2.93518,2.93518,200,0.355,2.67095,3.55729,7.90322,-63,hypo,10.61,-5.939,1.84147e-05,True,1.5-2.5,True,hypo,False,True
PanTS_00009158,1,4,test,Venous,0.632812,0.632812,1.5,2,1.5,110742,66520.2,85.1952,>=40,False,1,True,-71,hypoattenuating,0.829046,True,tail,mask_ring,0.451577,inside,False,True,0,66294,0.813567,66520.2,0.814674,5.75345,5.21177,5.34556,5.43677,5.34093,4.68297,4.1903,9,6,8,9,3,1,1,10,5.24465,1.5,0.0454367,50,5.75345,5.75345,200,0.675,6.05235,6.23625,8.6221,7.48198,6.08213,4.74704,3.92057,3.42421,3.01497,4,15,12,11,9,5,4,5,6.21044,1.5,0.515698,50,8.6221,10.2058,200,0.29,7.26353,10.2241,27.1355,-84,hypo,8.288,-10.14,0.995291,False,<=1.5,True,hypo,False,False
PanTS_00009161,1,0,test,Arterial,1.5,1.5,1.5,2,1.5,1016,3429,22.9456,20-40,False,1,True,-34,hypoattenuating,0.566287,True,body,mask_ring,0.614819,inside,False,True,10.5,3524,0.991142,3429,0.987514,2.87258,2.15411,1.99003,1.82774,1.61058,1.17123,1.16294,,,,40,8,2,,,,,,50,2.87258,2.87258,200,0.655,3.18788,3.75483,3.28925,3.00805,2.88496,2.56031,2.1905,2.4638,2.57942,27,18,11,15,40,21,,32,3.28925,1.5,0.167993,50,3.28925,3.28925,200,0.785,3.81465,7.02524,11.3546,-38,hypo,28.18,-1.349,0.982014,False,<=1.5,True,hypo,False,False
PanTS_00009168,1,3,test,Venous,0.804688,0.804688,2.5,2,2.5,31645,51227.1,60.9467,>=40,False,1,True,-17,hypoattenuating,0.873131,True,head,mask_ring,0.505849,inside,False,True,4.552,51295,0.978164,51227.1,0.97953,4.93928,4.98488,4.52507,4.21342,3.10683,2.97111,2.79779,,,32,18,8,6,2,,,,,50,4.98488,4.98488,200,1,7.16813,7.78488,5.27289,4.78044,3.82688,3.72144,3.57199,3.94811,4.05081,35,24,18,15,14,6,7,42,4.24389,1.5,0.268508,50,5.27289,5.27289,200,0.905,6.89092,7.55428,25.0394,-20,hypo,10.94,-1.828,0.99576,False,1.5-2.5,True,hypo,False,False
PanTS_00009174,1,4,test,Venous,0.898438,0.898438,2.5,2,2.5,8309,16767.4,48.4299,>=40,False,1,True,1,isoattenuating,0.585156,True,head,mask_ring,0.234921,inside,False,True,0.898438,16709,0.99988,16767.4,1,4.34901,2.85425,2.70164,2.61559,2.08625,1.97366,1.8286,3,16,10,10,9,6,2,4,4.34901,1.5,0.0612209,50,4.34901,4.34901,200,0.515,4.45603,5.06141,6.56654,5.31342,4.91003,4.34251,3.20354,2.30856,2.15785,1,2,3,5,5,6,,1,6.56654,1.5,0.348431,50,6.56654,6.56654,200,0,4.68811,5.91296,17.8779,-2,iso,11.27,-0.1774,0.998081,False,1.5-2.5,True,iso,True,False
PanTS_00009180,1,1,test,Venous,0.636719,0.636719,2,2,2,1815,1471.64,17.6529,10-20,False,1,True,-1,isoattenuating,0,False,body,mask_ring,0.498418,inside,False,True,12.9813,1449,1,1471.64,1,6.08897,4.96302,3.84126,3.73463,3.16162,2.30856,1.59856,27,24,19,15,18,9,,28,6.08897,1.5,0.0145414,50,6.08897,6.08897,200,0.38,5.52419,7.79744,3.05222,2.2062,2.08204,1.89147,1.30856,1.17197,1.54924,,,,,,,,,,,,50,3.05222,3.05222,200,0.855,4.48094,6.62007,9.0562,3,iso,7.956,0.3771,9.13445e-05,True,1.5-2.5,True,iso,True,False
PanTS_00009181,1,2,test,Venous,0.796875,0.796875,2.5,2,2.5,150,238.129,10.0116,10-20,False,1,True,-56,hypoattenuating,0,False,body,mask_ring,0.701081,inside,False,True,70.2966,231,1,238.129,1,5.42929,5.67329,4.41519,2.75478,0.183212,-0.41712,-0.267188,40,14,13,16,27,,,34,5.67329,2,0.456482,50,5.67329,5.67329,200,0.295,3.44194,9.44297,2.66479,3.10327,2.93903,2.50452,2.06711,2.18071,2.0638,,,,,,,,,,,,50,3.10327,3.10327,200,0.49,3.08022,6.00741,5.8451,-67,hypo,7.293,-9.186,4.7391e-05,True,1.5-2.5,True,hypo,False,True
PanTS_00009182,1,0,test,Arterial,0.802734,0.802734,2.5,2,2.5,3172,5109.95,37.3568,20-40,False,1,True,-101,hypoattenuating,0.719785,True,body,mask_ring,0.587177,inside,False,True,0,5129,0.661097,5109.95,0.661337,2.26565,2.19903,2.03288,2.11789,1.87909,1.75779,1.68856,,,21,14,5,1,1,,,,,50,2.26565,2.41951,200,0.985,3.0874,5.7266,2.40001,2.22575,2.27975,2.18455,1.81601,1.77545,2.06953,,48,45,,,,,,,,,50,2.40001,2.40001,200,0.96,3.44565,5.50939,12.685,-107,hypo,13.26,-8.069,0.999784,False,1.5-2.5,True,hypo,False,False
PanTS_00009188,1,1,test,Venous,0.769531,0.769531,2.5,2,2.5,567,839.412,14.5308,10-20,False,2,True,-81,hypoattenuating,0.417677,True,head,mask_ring,0.213707,inside,False,True,5.50723,890,1,839.412,1,2.81553,2.28489,2.03515,2.27225,2.35053,1.94531,1.95505,50,40,21,4,3,2,1,,,,,50,2.81553,2.81553,200,0.76,3.22382,4.29605,2.7185,2.21815,1.69005,1.22641,0.814204,0.743945,1.06745,,,,,,,,,,,,50,2.7185,2.7185,200,0.67,3.27851,4.31908,7.85188,-81,hypo,14.59,-5.553,0.997232,False,1.5-2.5,True,hypo,False,True
PanTS_00009188,2,1,test,Venous,0.769531,0.769531,2.5,2,2.5,136,201.341,9.8414,5-10,False,2,False,-84,hypoattenuating,0,False,head,mask_ring,0.0416952,inside,False,True,8.29585,182,1,201.341,1,2.30484,2.02251,1.65556,1.12776,0.262325,0.21487,0.148559,,,29,18,7,,,,,,,50,2.30484,2.30484,200,0.72,2.82163,3.94552,2.47866,1.60127,1.1732,1.05983,1.43931,1.74835,1.80544,50,,,,,,,,,,,50,2.47866,2.47866,200,0.57,2.62302,3.76362,5.63592,-90.5,hypo,14.59,-6.204,0.375878,True,1.5-2.5,True,hypo,False,False
PanTS_00009191,1,3,test,Venous,0.839844,0.839844,5,2,5,682,2405.2,19.1043,10-20,False,1,True,-50,hypoattenuating,0,False,tail,mask_ring,0.796685,inside,False,True,88.6264,2380,0.945748,2405.2,0.944958,2.73649,2.39446,2.15384,2.20375,2.06392,1.74771,1.49168,,,,23,,,,,,,,50,2.73649,2.99275,200,0.915,3.32908,5.04192,3.23181,3.32616,3.23152,2.92844,2.1966,1.80729,1.74988,,,47,39,,,,,,,,50,3.32616,3.91324,200,0.445,3.21424,4.20797,10.3117,-50,hypo,10.28,-4.865,0.00498227,True,2.5-5,True,hypo,False,True
PanTS_00009199,1,4,test,Venous,0.943359,0.943359,5,2,5,426,1895.54,21.0116,20-40,False,2,True,-77,hypoattenuating,0.0636364,True,body,mask_ring,0.492347,inside,False,True,33.9016,1910,1,1895.54,1,2.76888,2.80384,2.70074,2.55504,2.44192,2.63442,2.938,,33,20,15,3,1,1,37,2.938,6,0.127851,50,2.938,2.938,200,0.715,3.33822,4.38861,1.87485,1.85636,1.71123,1.54831,1.83373,1.99364,1.98299,,,47,,,,,,,,,50,1.99364,2.15521,200,0.91,2.69174,4.49129,9.67741,-82,hypo,11.6,-7.067,0.649967,False,2.5-5,True,hypo,False,False
PanTS_00009199,2,4,test,Venous,0.943359,0.943359,5,2,5,230,1023.42,19.2725,10-20,False,2,False,-60,hypoattenuating,0,False,head,mask_ring,0.159319,inside,False,True,0,985,1,1023.42,1,3.06632,2.68023,2.33657,2.03337,1.35873,0.935041,1.08098,,38,16,12,8,4,,,,,,50,3.06632,3.06632,200,0.555,3.18055,4.20036,2.50959,2.4666,2.07145,1.76263,2.2525,3.16535,3.90801,,,,,,,,,,,,50,3.90801,3.90801,200,0.135,2.77499,4.29624,8.25155,-69,hypo,11.6,-5.947,0.000517281,True,2.5-5,True,hypo,False,True
PanTS_00009222,1,2,test,Venous,0.826172,0.826172,5,2,5,892,3044.22,23.8881,20-40,False,1,True,-43.5,hypoattenuating,0.669604,True,head,mask_ring,0.263082,inside,False,True,0,3130,1,3044.22,1,2.20548,2.08221,1.81768,1.94127,2.28003,1.9444,1.47828,,,41,16,6,3,4,,,,,50,2.28003,2.28003,200,0.995,3.67268,4.66845,2.01383,1.83245,1.44345,1.53678,1.74671,2.05004,2.28448,,,,,,,,,,,,50,2.28448,2.4285,200,0.935,3.35673,4.5746,10.9907,-55.5,hypo,10.61,-5.232,0.988313,False,2.5-5,True,hypo,False,False
PanTS_00009227,1,1,test,Arterial,0.751953,0.751953,2.5,2,2.5,1382,1953.57,22.744,20-40,False,1,True,-82,hypoattenuating,0.316834,True,head,mask_ring,0.204745,inside,False,True,4.57395,1987,1,1953.57,1,2.29792,1.95759,1.79478,1.5599,1.47312,1.31244,1.15313,,,,30,6,2,1,,,,,50,2.29792,2.29792,200,0.97,3.36008,4.34542,2.42898,2.35422,2.10984,1.69168,0.820653,0.744402,0.676746,,,31,32,25,18,,,,,,50,2.42898,2.42898,200,0.905,3.31968,4.44388,9.75497,-97,hypo,15.25,-6.361,0.997429,False,1.5-2.5,True,hypo,False,False
PanTS_00009237,1,2,test,Venous,0.757812,0.757812,2.5,2,2.5,2495,3582.07,32.2483,20-40,False,1,True,-79,hypoattenuating,0,False,head,mask_ring,0.0952909,inside,False,True,2.39641,3705,0.999198,3582.07,0.998111,3.64152,3.48206,3.94307,4.2795,4.12498,3.61067,3.01396,41,24,11,4,2,2,2,30,4.2795,3,0.493442,50,4.2795,4.2795,200,0.68,4.75619,6.96039,4.00849,3.30875,2.86907,2.54064,2.06302,1.55431,1.06962,5,6,12,9,,,,6,4.00849,1.5,0.0026229,50,4.00849,4.00849,200,0.365,3.56489,5.10986,11.4918,-92,hypo,7.956,-11.56,6.97647e-05,True,1.5-2.5,True,hypo,False,False
PanTS_00009258,1,1,test,Non-contrast,0.736328,0.736328,2.5,2,2.5,23128,31348.8,51.3585,>=40,False,1,True,-41,hypoattenuating,0.916928,True,tail,mask_ring,0.867749,inside,False,True,3.93282,31622,0.999827,31348.8,0.999684,3.2204,3.07825,3.08918,3.2631,3.2415,2.96133,2.68688,,,43,27,9,5,4,,,,,50,3.2631,3.2631,200,1,5.23906,5.50195,7.46099,5.77802,5.08395,4.56813,3.8376,3.32522,2.90329,3,3,3,2,2,5,6,3,7.46099,1.5,0.254791,50,7.46099,7.46099,200,0.325,7.05909,8.89167,21.5604,-55,hypo,11.27,-4.879,0.997373,False,1.5-2.5,False,hypo,False,False
PanTS_00009259,1,1,test,Arterial,0.835938,0.835938,2.5,2,2.5,456,796.622,15.197,10-20,False,1,True,-25,hypoattenuating,0.672825,True,tail,mask_ring,0.704234,inside,False,True,61.8571,810,1,796.622,1,2.40367,2.25069,2.01782,1.83969,1.52579,1.23197,0.869496,,,25,17,8,,,,,,,50,2.40367,2.40367,200,0.775,3.10421,4.89207,3.06413,2.96128,2.75178,2.56724,2.42214,2.33775,2.54545,42,36,39,,11,10,,,,,,50,3.06413,3.06413,200,0.63,3.19369,4.02215,7.75071,-46.5,hypo,8.951,-5.195,0.994989,False,1.5-2.5,True,hypo,False,True
PanTS_00009265,1,3,test,Venous,0.974609,0.974609,2.5,2,2.5,6845,16254.5,44.8065,>=40,False,1,True,10,isoattenuating,0.746254,True,head,mask_ring,0.0845284,inside,False,True,0.974609,15882,0.989189,16254.5,0.989359,4.52737,3.57518,2.59687,1.8608,1.20729,0.638217,0.341394,,,,31,10,5,3,,,,,50,4.52737,4.52737,200,0.06,3.89618,4.64677,3.25374,2.98886,2.78232,2.76861,2.73991,2.56404,2.31656,20,14,14,8,10,8,6,23,3.25374,1.5,0.276061,50,3.25374,3.25374,200,0.965,4.25642,5.49134,17.7143,9,iso,19.23,0.4681,0.99783,False,1.5-2.5,True,iso,False,False
PanTS_00009281,1,3,test,Venous,0.722656,0.722656,1,2,1,6737,3518.28,27.0483,20-40,False,1,True,-49,hypoattenuating,0.758385,True,head,mask_ring,0.269224,inside,False,True,4.77497,3536,0.999703,3518.28,0.999434,5.11817,4.75825,3.80166,2.99458,3.51886,3.54469,2.83995,,,32,12,2,1,2,,,,,50,5.11817,5.11817,200,0.62,5.38557,6.67313,2.96375,2.8418,2.76539,2.71517,2.23389,2.06582,1.91456,,,,,,,,,,,,50,2.96375,2.96375,200,0.81,4.01103,5.82184,11.4351,-61,hypo,7.293,-8.364,0.998269,False,<=1.5,True,hypo,False,False
PanTS_00009286,1,2,test,Venous,0.703125,0.703125,2.5,2,2.5,1072,1324.95,15.7388,10-20,False,1,True,4,isoattenuating,0,False,head,mask_ring,0.342715,inside,False,True,2.5,1296,1,1324.95,1,2.41515,2.3608,2.24691,2.33189,2.43041,2.27491,2.13908,,,,38,,,,,,,,50,2.43041,2.43041,200,0.71,2.83911,3.79411,2.50926,1.86537,1.41242,1.39426,1.63554,2.16437,2.5321,,,,37,20,,,,,,,50,2.5321,2.5321,200,0.72,3.02862,4.15795,8.8135,0,iso,14.59,0,0.0738297,True,1.5-2.5,True,iso,True,False
PanTS_00009287,1,1,test,Venous,0.96875,0.96875,2.5,2,2.5,62,145.464,7.72811,5-10,False,2,True,-22,hypoattenuating,0,False,head,mask_ring,0.39501,inside,False,False,,84,1,145.464,1,2.29028,1.70077,1.02552,0.504175,0.00606799,-0.619135,-0.876886,,,41,23,5,,,,,,,50,2.29028,2.29028,200,0.6,2.54303,4.13454,2.23138,1.94121,1.44055,1.07567,0.948803,1.17068,1.66133,,,,,,,,,,,,50,2.23138,2.23138,200,0.72,2.67645,4.56394,5.26254,-25,hypo,8.288,-3.016,3.79316e-05,True,1.5-2.5,True,hypo,False,False
PanTS_00009287,2,1,test,Venous,0.96875,0.96875,2.5,2,2.5,44,103.232,7.22605,5-10,False,2,False,-27.5,hypoattenuating,0,False,head,mask_ring,0.429436,inside,False,False,,81,1,103.232,1,1.90468,1.09467,1.10365,1.13504,0.816755,0.441002,0.130342,,,50,,,,,,,,,50,1.90468,1.90468,200,0.645,2.51588,3.85712,2.2936,1.44465,1.39498,1.42094,1.46004,1.6501,1.98001,,,,,,,,,,,,50,2.2936,2.2936,200,0.685,2.56251,4.55871,4.91011,-28,hypo,8.288,-3.378,1.1751e-05,True,1.5-2.5,True,hypo,False,False
PanTS_00009290,1,1,test,Venous,0.876953,0.876953,2.5,2,2.5,68,130.738,7.72056,5-10,False,1,True,-36,hypoattenuating,0,False,tail,mask_ring,0.773322,inside,False,True,17.4843,124,1,130.738,1,3.02699,2.17277,1.38127,0.73891,0.0575224,-0.202844,-0.378041,,,,40,14,,,,,,,50,3.02699,3.02699,200,0.445,2.75527,4.27946,1.56457,1.45338,1.32967,1.33692,1.66818,1.74107,2.01555,,,,,,,,,,,,50,2.01555,2.01555,200,0.685,2.50862,5.07214,5.1485,-52.5,hypo,10.61,-4.949,2.10302e-05,True,1.5-2.5,True,hypo,False,False
PanTS_00009292,1,1,test,Non-contrast,0.765625,0.765625,1,2,1,2854,1672.96,19.9089,10-20,False,1,True,-42,hypoattenuating,0.150129,True,tail,mask_ring,0.748494,inside,False,True,10.0702,1657,1,1672.96,1,3.91583,2.8706,1.91704,1.60884,2.11759,2.25261,2.09651,,,,47,18,,,,,,,50,3.91583,3.91583,200,0.545,4.10745,5.91906,3.36245,3.17007,3.0588,2.86388,2.02051,1.29625,0.943298,,42,23,21,22,20,,,,,,50,3.36245,3.36245,200,0.75,4.50807,9.79132,9.36432,-46,hypo,9.614,-4.785,0.99418,False,<=1.5,False,hypo,False,False
PanTS_00009301,1,0,test,Venous,0.865234,0.865234,2.5,2,2.5,284,531.527,14.5656,10-20,False,1,True,-18,hypoattenuating,0,False,head,mask_ring,0.241327,inside,False,True,13.0852,529,1,531.527,1,2.62508,2.08801,2.05315,1.80156,1.26545,1.47366,1.30452,,45,20,12,9,,,,,,,50,2.62508,2.62508,200,0.775,4.20165,6.48678,6.4196,5.85508,4.96564,4.10707,2.76767,2.23345,1.89334,1,1,1,3,8,6,,1,6.4196,1.5,0.492653,50,6.4196,6.4196,200,0.01,3.55798,5.29818,7.02511,-23.5,hypo,9.614,-2.444,0.000159679,True,1.5-2.5,True,hypo,False,True
PanTS_00009304,1,4,test,Venous,0.820312,0.820312,2.5,2,2.5,4174,7021.83,30.0184,20-40,False,1,True,-22,hypoattenuating,0.773801,True,head,mask_ring,0.466817,inside,False,True,1.64062,6997,1,7021.83,1,2.62549,2.24855,2.21843,2.12374,1.74063,1.34793,1.4545,,,45,21,6,4,,,,,,50,2.62549,2.62549,200,1,3.97906,4.64169,3.35902,3.27409,3.09111,2.98905,3.03279,2.81123,2.51517,41,23,17,16,5,11,,45,2.63547,1.5,0.457349,50,3.35902,3.35902,200,0.845,3.92187,7.2111,13.8792,-30,hypo,16.91,-1.774,0.997248,False,1.5-2.5,True,hypo,False,False
PanTS_00009308,1,4,test,Venous,0.824219,0.824219,5,2,5,2192,7445.53,29.2476,20-40,False,1,True,-70,hypoattenuating,0.0207675,True,body,mask_ring,0.54979,inside,False,True,30.4069,7505,1,7445.53,1,4.19012,3.66067,2.93076,2.19283,1.96371,1.96378,1.9084,,13,10,17,8,3,2,45,3.66067,2,0.0163709,50,4.19012,4.19012,200,0.445,4.1672,5.22501,4.61586,3.55776,2.65572,2.62426,2.39898,2.06619,1.8449,4,7,17,30,24,12,,5,4.61586,1.5,0.199242,50,4.61586,4.61586,200,0.19,3.64028,5.44566,14.1135,-70,hypo,12.6,-5.557,0.604078,False,2.5-5,True,hypo,False,False
PanTS_00009313,1,2,test,Venous,0.806641,0.806641,2.5,2,2.5,18488,30074,45.4824,>=40,False,1,True,-35,hypoattenuating,0.853595,True,body,mask_ring,0.937801,abutting,False,True,62.3397,29880,0.1541,30074,0.152778,3.49177,2.58945,1.69386,1.44885,1.25404,1.13898,1.0664,23,,,,,,,26,3.49177,1.5,0.0414616,50,3.49177,5.84691,200,0.94,3.96551,4.70597,7.0796,5.91069,4.68665,3.62122,2.6194,2.37546,2.19861,,,,,46,18,10,,,,,50,7.0796,8.95581,200,0.025,3.88518,5.05349,21.2916,-39,hypo,16.91,-2.307,0.999292,False,1.5-2.5,True,hypo,False,False
PanTS_00009317,1,4,test,Venous,0.722656,0.722656,1,2,1,15788,8245,31.5701,20-40,False,1,True,-62,hypoattenuating,0.73991,True,head,mask_ring,0.241097,inside,False,True,4.6786,8269,1,8245,1,3.10408,2.31586,2.22963,2.19313,2.35252,2.53392,2.24249,,,,20,3,2,2,,,,,50,3.10408,3.10408,200,0.995,4.94615,6.14616,3.12619,2.61474,2.29292,2.15203,1.99855,1.7732,1.89328,,,41,40,37,20,,,,,,50,3.12619,3.12619,200,0.975,5.11605,6.34399,14.5324,-72,hypo,5.636,-12.78,0.99728,False,<=1.5,True,hypo,False,False
PanTS_00009319,1,2,test,Venous,0.792969,0.792969,2.5,2,2.5,8126,12774.1,44.0518,>=40,False,1,True,-34,hypoattenuating,0.67909,True,body,mask_ring,0.587846,abutting,False,True,0.792969,12719,0.375338,12774.1,0.371806,3.9801,3.6124,3.84119,3.69381,2.78216,2.23554,1.8999,,40,34,,11,,,,,,,50,3.9801,3.9801,200,0.86,4.24883,5.00029,4.06972,4.36988,4.18546,3.74489,3.08525,2.88669,2.65412,28,4,4,13,9,,,8,4.00325,2,0.0975194,50,4.36988,4.36988,200,0.145,3.56849,7.41762,16.5015,-36,hypo,14.26,-2.525,0.999154,False,1.5-2.5,True,hypo,False,False
PanTS_00009321,1,0,test,Venous,0.818359,0.818359,1,2,1,580,388.433,11.6583,10-20,False,1,True,-74.5,hypoattenuating,0,False,tail,mask_ring,0.887877,inside,False,True,34.6811,390,1,388.433,1,2.31963,2.47371,2.32517,2.34476,2.46553,2.32213,1.9118,,,,45,,,,,,,,50,2.47371,2.47371,200,0.765,3.19855,4.39181,3.1198,2.77501,2.34319,2.15703,2.25802,2.17776,1.92947,,,25,,,,,,,,,50,3.1198,3.1198,200,0.22,2.65268,4.60979,6.52629,-90,hypo,12.93,-6.961,1.76723e-06,True,<=1.5,True,hypo,False,True
PanTS_00009325,1,3,test,Venous,0.824219,0.824219,2.5,2,2.5,3733,6339.91,31.4633,20-40,False,1,True,26,hyperattenuating,0,False,tail,mask_ring,0.758984,inside,False,True,59.9803,6406,1,6339.91,1,4.13699,3.37882,2.96339,2.72679,2.24879,2.3328,2.11361,16,28,24,,,,,16,4.13699,1.5,0.103547,50,4.13699,4.13699,200,0.47,4.08983,4.82649,5.64611,4.38432,3.79502,3.48987,3.3301,3.30006,3.10196,1,4,3,4,1,1,1,1,5.64611,1.5,0.375461,50,5.64611,5.64611,200,0,3.90388,4.99359,13.4815,31,hyper,15.91,1.948,8.02978e-05,True,1.5-2.5,True,hyper,False,False
PanTS_00009329,1,4,test,Delay,0.804688,0.804688,2.5,2,2.5,1351,2187.01,23.0812,20-40,False,1,True,15,hyperattenuating,0,False,head,mask_ring,0.190749,inside,False,True,4.38183,2131,1,2187.01,1,5.07158,3.30973,2.2829,1.84196,1.48997,1.36536,1.27404,4,17,35,40,,,,4,5.07158,1.5,0.112756,50,5.07158,5.07158,200,0.035,3.51428,4.76116,5.01083,5.08926,4.59024,4.01807,2.97555,2.13491,1.78954,,,,,24,14,,,,,,50,5.08926,5.08926,200,0.1,3.37173,5.79677,10.0523,25,hyper,18.23,1.371,0.0036006,True,1.5-2.5,True,hyper,False,False
PanTS_00009338,1,3,test,Venous,0.933594,0.933594,2.5,2,2.5,10743,23408.9,45.0691,>=40,False,1,True,-29,hypoattenuating,0.784904,True,tail,mask_ring,0.55207,inside,False,True,5.08641,23544,0.996277,23408.9,0.996432,3.89423,3.32682,2.86813,2.43205,2.39544,2.40727,2.23467,1,14,19,10,4,2,1,1,3.89423,1.5,0.0142216,50,3.89423,3.89423,200,0,3.14206,3.62557,7.42271,6.28941,5.5844,5.0487,4.13327,3.52796,3.62745,1,1,1,1,1,1,1,1,7.42271,1.5,0.164017,50,7.42271,7.42271,200,0,3.68141,5.53643,19.7459,-39,hypo,10.61,-3.676,0.997215,False,1.5-2.5,True,hypo,False,False
PanTS_00009341,1,0,test,Venous,0.859375,0.859375,2.5,2,2.5,594,1096.71,16.6076,10-20,False,1,True,4,isoattenuating,0.411607,True,head,mask_ring,0.154651,inside,False,True,5.04496,1089,1,1096.71,1,4.5853,3.10774,2.93678,2.74424,2.08406,1.49625,1.01623,14,35,27,15,8,,,19,4.5853,1.5,0.241503,50,4.5853,4.5853,200,0.195,3.68248,5.66498,2.60535,1.96151,1.75697,1.7677,1.68267,1.85706,1.90972,,,,,,,,,,,,50,2.60535,2.60535,200,0.82,3.45435,5.78265,8.39736,5,iso,9.283,0.5386,0.999816,False,1.5-2.5,True,iso,True,False
PanTS_00009342,1,1,test,Arterial,0.738281,0.738281,2.5,2,2.5,2616,3564.68,22.2891,20-40,False,1,True,-17,hypoattenuating,0.794837,True,head,mask_ring,0.0639084,inside,False,True,2.33465,3585,0.994266,3564.68,0.995537,2.57276,2.44044,2.06054,1.63972,1.8586,1.7068,1.40887,44,17,31,14,5,,,38,2.44044,2,0.0801715,50,2.57276,2.57276,200,0.915,3.13083,4.041,3.89179,3.26936,2.56255,2.18556,1.82738,1.45347,1.69135,21,3,10,14,9,6,6,12,3.26936,2,0.296812,50,3.89179,3.89179,200,0.33,3.70391,4.65238,11.4764,-24,hypo,15.25,-1.574,0.997527,False,1.5-2.5,True,hypo,False,False
PanTS_00009347,1,3,test,Arterial,0.744141,0.744141,2.5,2,2.5,1592,2203.91,19.4132,10-20,False,1,True,-23,hypoattenuating,0.598449,True,head,mask_ring,0.0594071,inside,False,True,7.8252,2105,1,2203.91,1,2.53789,1.9169,1.60407,1.18363,0.644924,0.437768,0.482089,,,,30,9,5,4,,,,,50,2.53789,2.53789,200,0.925,4.26144,5.74832,3.42033,2.60649,2.43062,2.11917,1.88361,1.93622,2.05572,,,,45,31,,,,,,,50,3.42033,3.42033,200,0.74,3.95391,6.28297,10.073,-28,hypo,9.614,-2.912,0.997813,False,1.5-2.5,True,hypo,False,True
PanTS_00009366,1,2,test,Venous,0.78125,0.78125,2,2,2,11269,13756.1,41.9585,>=40,False,1,True,-25,hypoattenuating,0.728764,True,head,mask_ring,0.181835,inside,False,True,2.65551,13595,1,13756.1,1,5.09286,4.25055,3.46199,2.88758,2.42254,2.0095,1.55895,3,,,43,11,3,2,3,5.09286,1.5,0.46858,50,5.09286,5.09286,200,0.02,3.95025,4.53598,2.74971,2.51354,2.55887,2.55067,2.25134,2.0694,2.11582,,,,45,,,,,,,,50,2.74971,2.74971,200,1,3.94744,5.18132,16.864,-31,hypo,11.6,-2.672,0.999603,False,1.5-2.5,True,hypo,False,False
PanTS_00009367,1,4,test,Venous,1.5,1.5,1.5,2,1.5,90079,304017,129.739,>=40,False,1,True,-14,hypoattenuating,0.00268293,True,head,mask_ring,-0.15106,abutting,False,True,5.40833,235329,0.037456,304017,0.0482516,4.60685,4.46191,3.89912,3.44401,2.36975,1.33263,0.844641,15,7,8,6,4,5,4,17,4.60685,1.5,0.00810436,50,4.60685,11.0488,200,1,6.39032,6.39032,13.7706,8.23152,4.45778,2.89109,2.49303,2.40869,2.09356,2,6,9,28,20,11,8,2,13.7706,1.5,0.828416,50,13.7706,13.7706,200,1,14.0993,14.0993,43.7128,-15,hypo,21.55,-0.6961,0.856092,False,<=1.5,True,hypo,False,False
PanTS_00009371,1,3,test,Venous,0.826172,0.826172,5,2,5,508,1733.7,26.0802,20-40,False,1,True,1,isoattenuating,0.184077,True,head,mask_ring,0.0725491,inside,False,True,7.23204,1795,1,1733.7,1,2.57914,2.07346,2.13505,2.01321,1.60382,1.12589,0.777,,,,32,,,,,,,,50,2.57914,2.57914,200,0.81,3.5575,6.393,2.84466,2.61685,2.01459,1.90655,1.81379,1.54357,1.33388,,,,40,26,14,11,,,,,50,2.84466,2.84466,200,0.88,3.88709,7.02007,9.45239,9,iso,13.26,0.6787,0.997404,False,2.5-5,True,iso,False,False
PanTS_00009373,1,4,test,Venous,0.892,0.892,5,2,5,9772,38876.1,71.7465,>=40,False,1,True,-6,isoattenuating,0.30423,True,head,mask_ring,0.543473,inside,False,True,5,38920,0.759005,38876.1,0.758402,5.98763,4.28412,3.73967,3.91892,3.90609,3.30257,2.44575,8,6,5,2,1,1,1,8,5.98763,1.5,0.093686,50,5.98763,5.98763,200,1,18.3213,18.3213,8.45928,7.753,7.32653,7.06568,7.47637,8.0744,7.46269,6,8,5,8,4,2,2,11,7.0278,1.5,0.282566,50,8.45928,8.45928,200,1,15.1082,15.1082,23.0151,-3,iso,7.625,-0.3934,0.995497,False,2.5-5,True,iso,True,False
PanTS_00009375,1,1,test,Venous,0.894531,0.894531,2.5,2,2.5,6301,12604.9,40.2429,>=40,False,1,True,6,isoattenuating,0.734973,True,head,mask_ring,0.206689,inside,False,True,2.65522,12545,0.999206,12604.9,0.999522,5.31489,4.17154,3.83528,3.24569,2.12943,1.38387,0.595441,4,16,31,23,9,10,3,4,5.31489,1.5,0.00530761,50,5.31489,5.31489,200,0.04,4.1054,5.06879,8.63248,8.39271,6.92063,5.67956,3.929,2.83628,2.27983,5,,,10,2,2,2,6,8.01766,1.5,0.0298469,50,8.63248,8.63248,200,0.08,3.9654,9.03957,16.4372,8,iso,21.88,0.3656,0.997636,False,1.5-2.5,True,iso,False,False
PanTS_00009382,1,0,test,Non-contrast,0.722656,0.722656,1,2,1,10027,5236.42,28.8877,20-40,False,1,True,-8,isoattenuating,0.546638,True,head,mask_ring,0.211133,inside,False,True,10.9098,5216,0.982348,5236.42,0.980828,3.93409,4.28467,4.35612,3.96982,3.10737,2.27981,2.44428,,,,30,4,1,1,,,,,50,4.35612,4.35612,200,0.865,5.92879,7.01299,3.7993,4.15584,3.91656,3.37286,3.06856,2.66057,2.54592,46,33,14,13,6,6,,49,3.61015,1.5,0.0532659,50,4.15584,4.15584,200,0.64,4.31547,5.97407,12.7725,-11,hypo,6.299,-1.746,0.999787,False,<=1.5,False,hypo,False,False
PanTS_00009383,1,0,test,Arterial,0.646484,0.646484,1.5,2,1.5,20127,12617.9,40.4308,>=40,False,1,True,-27,hypoattenuating,0.606549,True,head,mask_ring,0.281911,inside,False,True,4.76751,12815,0.923983,12617.9,0.926648,4.07873,4.21838,4.3893,4.05342,3.08145,2.20374,1.65721,,24,48,33,9,5,3,,,,,50,4.3893,4.3893,200,0.97,5.9808,7.72261,7.1118,5.1648,3.61407,2.47961,1.96729,2.23112,2.00282,23,14,11,17,13,8,10,23,4.23643,1.5,0.195765,50,7.1118,7.36634,200,0.425,6.83562,12.1338,16.4422,-31,hypo,5.967,-5.195,0.999582,False,<=1.5,True,hypo,False,False
PanTS_00009385,1,1,test,Delay,0.734375,0.734375,5,2,5,1035,2790.91,19.3791,10-20,False,1,True,7,isoattenuating,0.808976,True,head,mask_ring,0.187688,inside,False,True,5,2820,1,2790.91,1,3.45884,3.04959,2.87924,2.60308,2.23437,2.02616,1.91065,,,38,20,10,4,,,,,,50,3.45884,3.45884,200,0.45,3.23802,5.46008,3.69869,2.61345,2.51561,2.52047,2.29501,1.91576,1.83372,,,12,9,9,8,,,,,,50,3.69869,3.69869,200,0.155,3.30929,4.51723,10.7341,0,iso,9.946,0,0.996476,False,2.5-5,True,iso,True,False
PanTS_00009386,1,3,test,Venous,0.941406,0.941406,3,2,3,3977,10573.8,41.9452,>=40,False,1,True,16,hyperattenuating,0.385108,True,head,mask_ring,0.0807331,inside,False,True,2.82422,10410,0.999497,10573.8,0.998847,3.36227,2.57937,2.52721,2.38913,1.89599,1.27305,0.885946,24,,,45,10,3,,25,3.36227,1.5,0.123329,50,3.36227,3.36227,200,0.71,3.63351,4.47795,3.21568,2.88549,2.40323,2.21229,2.09765,2.07057,1.91289,,44,34,37,27,13,9,,,,,50,3.21568,3.21568,200,0.885,3.99905,4.37826,15.6159,18,hyper,21.22,0.8484,0.957437,False,2.5-5,True,hyper,False,False
PanTS_00009407,1,0,test,Arterial,0.896484,0.896484,2.5,2,2.5,9568,19224.1,43.7601,>=40,False,1,True,22,hyperattenuating,0.878684,True,head,mask_ring,0.114666,inside,False,True,2.5,19154,1,19224.1,1,3.88326,3.8323,3.35372,2.7221,2.03971,2.02179,1.74756,14,15,28,11,8,2,2,16,3.78114,1.5,0.036333,50,3.88326,3.88326,200,0.88,4.52864,5.35724,5.21779,4.00811,2.96572,2.15307,1.93675,2.17872,2.24685,34,23,33,11,9,4,2,36,3.21502,1.5,0.151182,50,5.21779,5.21779,200,0.815,6.3152,6.91978,18.6183,21,hyper,19.56,1.074,0.999679,False,1.5-2.5,True,hyper,False,False
PanTS_00009408,1,0,test,Venous,0.651042,0.651042,5,2,5,19907,42188.4,51.4277,>=40,False,1,True,-27,hypoattenuating,0.881011,True,tail,mask_ring,0.802959,inside,False,True,13.4055,42020,0.969207,42188.4,0.969967,8.67163,6.78623,4.88146,4.97173,4.09348,3.11167,2.74978,,,32,16,6,3,2,,,,,50,8.67163,11.4784,200,0.32,7.11222,12.2797,8.74407,6.76068,4.85104,4.37654,3.81895,3.51181,3.47729,1,1,4,8,3,3,2,1,8.74407,1.5,0.400059,50,8.74407,8.74407,200,0,5.29239,6.59769,23.5957,-29,hypo,5.967,-4.86,0.998573,False,2.5-5,True,hypo,False,False
PanTS_00009421,1,0,test,Venous,0.599609,0.599609,2.5,2,2.5,2830,2543.68,19.2636,10-20,False,1,True,-10,isoattenuating,0.817918,True,head,mask_ring,0.28608,inside,False,True,0.599609,2501,1,2543.68,0.9996,2.81532,2.14033,1.92034,2.32209,2.60973,2.41951,2.24179,,,48,27,8,4,,,,,,50,2.81532,2.81532,200,0.995,4.10093,6.8107,3.17438,1.96328,1.59293,1.5711,1.46649,1.41501,1.51236,32,,,46,23,,,41,3.17438,1.5,0.0402935,50,3.17438,3.17438,200,0.82,4.17376,5.55142,10.4682,-17,hypo,8.288,-2.051,0.999484,False,1.5-2.5,True,hypo,False,True
PanTS_00009423,1,3,test,Venous,0.808594,0.808594,2.5,2,2.5,2758,4508.12,24.605,20-40,False,1,True,-14,hypoattenuating,0.854357,True,tail,mask_ring,0.66318,inside,False,True,0.808594,4505,1,4508.12,1,3.38086,2.73153,2.3253,1.96698,1.24959,0.842758,0.618085,12,,,40,8,,,12,3.38086,1.5,0.0906634,50,3.38086,3.38086,200,0.375,3.04841,3.7726,3.28797,3.51965,3.49908,3.19973,2.64543,2.97371,3.10577,,48,30,17,9,6,5,48,2.625,5,0.225896,50,3.51965,3.51965,200,0.435,3.47874,4.44148,12.2479,-10,iso,19.56,-0.5113,0.998058,False,1.5-2.5,True,iso,False,False
PanTS_00009435,1,2,test,Arterial,0.976562,0.976562,2.5,2,2.5,2066,4925.72,24.782,20-40,False,1,True,-22,hypoattenuating,0.753956,True,head,mask_ring,0.0557608,inside,False,True,2.5,5214,1,4925.72,1,4.81236,3.87559,3.07963,2.46012,1.79204,1.19966,1.17875,3,7,,37,11,4,1,3,4.81236,1.5,0.117697,50,4.81236,4.81236,200,0.055,3.98979,5.1461,5.42031,5.47337,4.95588,4.43862,3.68739,3.17772,2.77247,,,,,,,,,,,,50,5.47337,5.47337,200,0.095,3.97706,7.74811,12.5551,-30,hypo,19.23,-1.56,0.999922,False,1.5-2.5,True,hypo,False,False
PanTS_00009445,1,1,test,Venous,0.703125,0.703125,2.5,2,2.5,3116,3851.26,25.8249,20-40,False,1,True,-13,hypoattenuating,0,False,head,mask_ring,0.169841,inside,False,True,5.565,3843,1,3851.26,1,4.0975,3.63233,3.687,3.57783,2.48505,1.88948,1.15672,,,,38,20,,,,,,,50,4.0975,4.0975,200,0.77,4.93484,6.30759,3.37782,3.27097,2.85085,2.94407,2.42739,1.83571,1.99502,,,,,12,12,,,,,,50,3.37782,3.37782,200,0.685,3.95036,5.23013,11.7238,-13,hypo,9.946,-1.307,0.0146157,True,1.5-2.5,True,hypo,False,False
PanTS_00009449,1,1,test,Venous,0.976562,0.976562,2.5,2,2.5,256,610.351,14.2184,10-20,False,2,False,-38,hypoattenuating,0,False,tail,mask_ring,0.951539,inside,False,True,8.46936,583,1,610.351,1,3.27775,3.39515,3.68181,3.81891,3.62122,3.10923,2.73709,,,,,,,,,,,,50,3.81891,3.81891,200,0.48,3.72688,5.26531,4.06343,4.00624,3.68208,3.54266,3.39799,3.52807,3.72565,47,36,35,33,,,,,,,,50,4.06343,4.06343,200,0.255,3.25387,5.01887,7.26216,-39,hypo,13.59,-2.869,0.000221678,True,1.5-2.5,True,hypo,False,True
PanTS_00009449,2,1,test,Venous,0.976562,0.976562,2.5,2,2.5,11350,27060.5,53.641,>=40,False,2,True,-22,hypoattenuating,0.819631,True,body,mask_ring,0.463023,inside,False,True,2.68397,26937,0.977533,27060.5,0.980696,4.22637,3.71474,3.27589,2.90848,2.03498,1.87915,1.7029,,,,25,8,6,3,,,,,50,4.22637,4.22637,200,1,5.27442,7.39496,3.23778,3.25387,3.03441,2.81341,2.73593,2.80642,2.89406,,40,33,28,18,15,8,,,,,50,3.25387,3.25387,200,1,4.88774,6.52737,20.6244,-23,hypo,13.59,-1.692,0.997508,False,1.5-2.5,True,hypo,False,False
PanTS_00009457,1,4,test,Non-contrast,0.806641,0.806641,2.5,2,2.5,11410,18560.4,47.7983,>=40,False,1,True,-25,hypoattenuating,0.599619,True,head,mask_ring,0.10888,inside,False,True,20.8918,18578,0.955302,18560.4,0.954247,5.47791,4.00884,3.38775,2.96324,2.55091,2.13275,1.99227,2,5,9,9,3,4,4,2,5.47791,1.5,0.0741495,50,5.47791,5.47791,200,0.22,4.494,7.30946,6.13919,6.42175,5.85504,5.94077,5.51604,4.72076,4.06286,5,3,3,3,5,7,,5,6.04614,1.5,0.0315981,50,6.42175,6.42175,200,0.515,6.83205,7.63318,18.4248,-31,hypo,13.59,-2.281,0.997717,False,1.5-2.5,False,hypo,False,False
PanTS_00009459,1,2,test,Venous,0.849609,0.849609,2.5,2,2.5,2249,4058.52,29.9143,20-40,False,1,True,-81,hypoattenuating,0.0028996,True,body,mask_ring,0.637331,inside,False,True,7.25906,4033,0.927079,4058.52,0.921646,3.53905,3.59278,3.77575,3.4318,2.64605,2.29889,2.12905,,46,13,12,5,4,2,,,,,50,3.77575,4.11387,200,0.865,4.78742,6.84194,3.52102,3.17366,2.85712,2.85292,2.67879,2.2177,1.87842,33,,,48,,,,36,3.52102,1.5,0.356309,50,3.52102,7.26244,200,0.84,4.4672,6.66632,11.8952,-81,hypo,11.6,-6.981,0.972493,False,1.5-2.5,True,hypo,False,False
PanTS_00009460,1,0,test,Venous,0.740234,0.740234,2.5,2,2.5,4001,5480.83,29.4702,20-40,False,1,True,-3,isoattenuating,0.739071,True,head,mask_ring,0.0933191,inside,False,True,17.5,5375,1,5480.83,1,3.7868,3.62941,3.00153,2.31197,2.19782,2.32467,2.09657,,,39,24,9,,,,,,,50,3.7868,3.7868,200,0.77,4.35943,5.16066,2.77664,2.21445,2.37571,2.31023,1.90599,1.79766,1.80214,35,33,23,21,17,8,,36,2.77664,1.5,0.221358,50,2.77664,2.77664,200,0.955,3.60276,6.02711,12.9375,-3,iso,23.21,-0.1293,0.999842,False,1.5-2.5,True,iso,True,False
PanTS_00009464,1,1,test,Non-contrast,0.646484,0.646484,1.5,2,1.5,8936,5602.1,29.3077,20-40,False,1,True,-14,hypoattenuating,0.376332,True,head,mask_ring,0.245744,embedded,False,True,16.9627,5606,0.824642,5602.1,0.829825,3.97466,4.18657,3.57203,2.89634,2.1448,1.97054,2.03271,,,50,29,9,4,1,,,,,50,4.18657,4.18657,200,0.88,6.70556,8.20491,3.11641,2.68298,2.55691,2.5616,2.52599,2.64965,2.76362,,,,44,,,,,,,,50,3.11641,3.11641,200,0.865,4.76312,6.85257,13.0176,-16,hypo,5.636,-2.839,0.997439,False,<=1.5,False,hypo,False,False
PanTS_00009470,1,1,test,Venous,0.646484,0.646484,1.5,2,1.5,19184,12026.7,34.3372,20-40,False,1,True,-42,hypoattenuating,0.631685,True,head,mask_ring,0.289125,inside,False,True,3.87891,11938,0.999844,12026.7,0.999832,2.47904,2.56474,2.32341,1.92072,1.69713,1.84585,1.87283,,,50,34,8,2,3,,,,,50,2.56474,2.56474,200,1,5.51008,6.70696,3.29893,2.35785,1.88527,1.59404,1.72719,1.99398,1.75425,,,,47,26,14,,,,,,50,3.29893,3.29893,200,0.995,5.04766,6.46722,16.213,-48,hypo,6.299,-7.62,0.997409,False,<=1.5,True,hypo,False,False
PanTS_00009473,1,2,test,Venous,0.716797,0.716797,2.5,2,2.5,6418,8243.89,37.8083,20-40,False,1,True,-64,hypoattenuating,0.875203,True,head,mask_ring,0.146636,inside,False,True,2.02741,8065,1,8243.89,1,3.41258,3.00651,2.46321,2.35145,2.09701,1.86748,2.05828,43,42,44,38,17,7,4,47,3.41258,1.5,0.0266793,50,3.41258,3.41258,200,0.795,3.69029,4.50199,3.02079,2.42338,2.21672,2.24908,2.50573,2.02476,1.77728,29,49,,,25,24,,36,3.02079,1.5,0.120334,50,3.02079,3.02079,200,0.825,3.43812,3.91635,14.5318,-69,hypo,15.58,-4.428,0.999351,False,1.5-2.5,True,hypo,False,False
PanTS_00009478,1,2,test,Non-contrast,0.816406,0.816406,2.5,2,2.5,24999,41655.8,68.1457,>=40,False,1,True,-2,isoattenuating,0.498126,True,head,mask_ring,0.149185,inside,False,True,0,41859,0.971039,41655.8,0.969134,6.14023,4.65608,4.22483,3.77993,3.20331,2.52562,1.90498,16,14,12,12,6,1,1,19,4.93015,1.5,0.133723,50,6.14023,6.91295,200,0.26,5.89208,6.63045,5.14079,4.3228,4.03406,3.98083,3.77688,3.73538,3.5293,3,9,5,3,3,3,1,3,5.14079,1.5,0.146592,50,5.14079,5.14079,200,0.385,4.9223,6.19083,23.5045,-2,iso,7.956,-0.2514,0.999625,False,1.5-2.5,False,iso,True,False
PanTS_00009483,1,0,test,Venous,0.810547,0.810547,2.5,2,2.5,29667,48727,63.0449,>=40,False,1,True,-38,hypoattenuating,0.847077,True,head,mask_ring,0.621912,inside,False,True,0.810547,48635,1,48727,1,5.22585,4.90945,4.72651,4.54294,4.13772,3.261,2.56554,17,16,19,11,4,2,1,19,5.22585,1.5,0.184762,50,5.22585,5.22585,200,1,7.10748,9.38458,5.60581,4.72179,4.45032,4.443,3.73526,3.39366,3.4739,24,26,31,8,3,3,4,33,4.0997,1.5,0.128784,50,5.60581,5.60581,200,0.715,6.4544,7.42661,24.6583,-43,hypo,11.6,-3.706,0.998748,False,1.5-2.5,True,hypo,False,False
PanTS_00009495,1,2,test,Arterial,0.541016,0.541016,2.5,2,2.5,1592,1164.94,18.5623,10-20,False,1,True,-13,hypoattenuating,0.281365,True,head,mask_ring,0.22117,inside,False,True,0,1141,1,1164.94,1,3.76763,3.30032,2.83945,2.26205,1.57724,1.23951,0.980825,48,30,17,15,8,5,2,49,3.76763,1.5,0.407193,50,3.76763,3.76763,200,0.76,4.46,6.62605,2.58448,2.31431,1.76764,1.51391,1.14904,1.27981,1.29193,,29,30,,13,,,,,,,50,2.58448,2.58448,200,0.795,3.73837,5.26442,8.52737,-18,hypo,5.967,-3.016,0.737536,False,1.5-2.5,True,hypo,False,True
PanTS_00009504,1,1,test,Arterial,0.816406,0.816406,2.5,2,2.5,17921,29861.7,53.5534,>=40,False,1,True,-12,hypoattenuating,0.789152,True,head,mask_ring,0.266976,inside,False,True,0.816406,29718,0.999833,29861.7,0.999899,4.61679,3.72901,3.68251,3.78535,3.49468,3.00446,2.25908,17,34,37,27,6,5,6,20,4.61679,1.5,0.0941927,50,4.61679,4.61679,200,0.915,5.7883,6.32213,4.71016,4.37033,4.45301,3.99508,3.66309,3.12673,2.80145,8,6,23,10,10,5,5,10,4.71016,1.5,0.030727,50,4.71016,4.71016,200,0.75,4.93188,6.3382,21.2461,-13,hypo,16.24,-0.8003,0.997242,False,1.5-2.5,True,hypo,False,False
PanTS_00009506,1,4,test,Venous,0.789062,0.789062,2.5,2,2.5,27129,42227.6,68.1043,>=40,False,1,True,1,isoattenuating,0.00805426,True,head,mask_ring,0.175649,inside,False,False,,42158,0.94622,42227.6,0.947436,9.68956,8.12427,6.56824,6.43605,5.77454,4.71305,4.48072,6,14,11,7,6,9,7,12,6.98233,1.5,0.19924,50,9.68956,12.9552,200,0.105,8.50433,9.98956,5.93851,5.64127,5.32023,4.93619,4.27426,4.16863,4.20279,1,2,3,3,3,1,1,3,5.93851,1.5,0.0962817,50,5.93851,6.33745,200,0.625,6.30639,7.21877,23.6024,1,iso,24.2,0.04132,0.996123,False,1.5-2.5,True,iso,True,False
PanTS_00009510,1,3,test,Non-contrast,0.744141,0.744141,2,2,2,47360,52450.8,65.0662,>=40,False,1,True,19,hyperattenuating,0.563356,True,head,mask_ring,0.22349,inside,False,True,0,51516,0.983974,52450.8,0.986742,6.36747,5.01003,4.31442,3.74764,3.09294,2.87926,2.73436,3,2,3,7,2,1,1,3,5.07724,1.5,0.208422,50,6.36747,6.36747,200,0,4.9223,4.92469,4.55754,4.72759,4.1607,3.88603,3.5904,3.3302,3.22878,7,5,5,6,4,3,3,9,4.33872,1.5,0.273861,50,4.72759,4.72759,200,1,13.6995,13.6995,25.2214,22,hyper,15.58,1.412,0.997337,False,1.5-2.5,False,hyper,False,False
PanTS_00009517,1,1,test,Arterial,0.732422,0.732422,2.5,2,2.5,5747,7707.33,38.6641,20-40,False,1,True,-9,isoattenuating,0.621025,True,head,mask_ring,0.138032,inside,False,True,2.92969,7687,1,7707.33,1,3.57433,2.6194,1.97033,1.74194,1.54789,1.10109,1.14549,13,49,50,31,5,5,,15,3.18809,1.5,0.208182,50,3.57433,3.57433,200,0.275,3.45892,4.17101,3.80356,4.15835,4.36138,4.14575,3.52414,2.95816,2.54656,1,46,47,44,21,14,,,,,,50,4.36138,4.36138,200,0,3.42973,4.25754,14.2538,-11,hypo,15.25,-0.7213,0.997566,False,1.5-2.5,True,hypo,False,False
PanTS_00009518,1,4,test,Venous,0.814453,0.814453,2.5,2,2.5,3258,5402.85,27.7129,20-40,False,1,True,-39,hypoattenuating,0.353714,True,tail,mask_ring,0.914566,inside,False,True,10.7255,5368,1,5402.85,1,3.20762,3.04901,2.85005,2.97862,3.04551,2.67358,2.42948,19,13,9,14,,,,19,3.20762,1.5,0.0371777,50,3.20762,3.20762,200,0.73,3.46482,4.50254,3.28533,3.10698,3.02532,2.94921,2.97736,2.36888,2.08382,4,33,27,24,16,,,7,3.28533,1.5,0.0302646,50,3.28533,3.28533,200,0.48,3.2353,4.18899,12.8854,-43,hypo,11.27,-3.815,0.943452,False,1.5-2.5,True,hypo,False,False
PanTS_00009520,1,3,test,Venous,0.742188,0.742188,0.625,2,0.625,2320,798.722,19.7306,10-20,False,1,True,-33,hypoattenuating,0,False,head,pc1_boundary,0.337479,separated,True,False,,770,0,798.722,0,0.250785,-0.106895,-0.688504,-0.820944,-0.996554,-0.981198,-0.949114,,,,,,,,,,,,50,0.250785,2.31908,200,1,3.07716,3.99029,1.10302,1.40226,1.47231,1.50836,1.6493,1.48418,1.29141,,,,,,,,,,,,50,1.6493,2.40097,200,1,3.21509,4.06343,7.75576,-36.5,hypo,71.94,-0.5074,3.34747e-05,True,<=1.5,True,hypo,False,True
PanTS_00009523,1,3,test,Venous,1.5,1.5,1.5,2,1.5,48,162,8.21584,5-10,False,1,True,-33,hypoattenuating,0,False,body,mask_ring,0.715535,inside,False,True,19.2094,170,1,162,1,3.62652,2.34654,1.06262,0.122328,-0.524352,-0.545862,-0.52552,1,21,,,,,,1,3.62652,1.5,0.516176,50,3.62652,3.62652,200,0,1.96021,2.87175,2.09178,1.7295,1.34836,1.34992,1.59874,1.96378,2.07642,,,,,,,,,,,,50,2.09178,2.09178,200,0.79,2.45169,3.23555,5.38175,-37,hypo,22.21,-1.666,2.09482e-05,True,<=1.5,True,hypo,False,False
PanTS_00009528,1,4,test,Venous,0.756,0.756,0.8,2,0.8,143451,65589.9,73.7503,>=40,False,1,True,59,hyperattenuating,0.205256,True,head,mask_ring,0.224299,inside,False,True,0,65697,0.838056,65589.9,0.838364,3.98735,3.6491,3.25429,3.20879,2.72416,2.12539,2.0383,12,11,12,6,3,2,1,13,3.8635,1.5,0.0884707,50,3.98735,3.98735,200,0.985,4.66613,4.70892,5.3391,5.86737,5.58736,5.02738,3.99763,3.40236,3.35031,1,1,1,1,1,3,2,1,5.86737,2,0.0397065,50,5.86737,5.93009,200,0.01,4.53493,4.92478,27.0178,62,hyper,10.28,6.033,0.997699,False,<=1.5,True,hyper,False,False
PanTS_00009534,1,4,test,Venous,0.943359,0.943359,2.5,2,2.5,5085,11313.2,35.8601,20-40,False,1,True,0,isoattenuating,0.888936,True,body,mask_ring,0.612827,inside,False,True,0.943359,11033,1,11313.2,1,2.8197,2.73854,2.52714,2.74279,2.69463,2.30837,1.91022,,35,43,40,20,7,6,,,,,50,2.8197,2.8197,200,0.96,3.77734,4.99618,3.14149,3.66205,3.76398,3.32803,2.84013,3.40213,3.52545,34,24,14,3,7,8,,39,3.05474,1.5,0.412651,50,3.76398,3.76398,200,0.555,3.90461,4.99311,15.9262,1,iso,22.54,0.04436,0.997617,False,1.5-2.5,True,iso,True,False
PanTS_00009544,1,0,test,Venous,0.546875,0.546875,3,2,3,10884,9765.31,35.2875,20-40,False,1,True,5,isoattenuating,0.59206,True,head,mask_ring,0.150878,inside,False,True,0,9786,1,9765.31,1,3.58348,3.11729,2.35206,1.81414,1.81209,1.36774,0.828668,,,39,24,7,3,5,,,,,50,3.58348,3.58348,200,0.97,4.47986,5.197,2.93889,2.76746,2.65258,2.6978,2.9825,2.89597,2.54694,,28,20,24,9,9,6,,,,,50,2.9825,2.9825,200,1,4.73986,5.18292,15.2597,-4,iso,8.62,-0.4641,0.999913,False,2.5-5,True,iso,True,False
PanTS_00009545,1,3,test,Non-contrast,0.898438,0.898438,2.5,2,2.5,10511,21211,54.7795,>=40,False,1,True,-31,hypoattenuating,0.574889,True,body,mask_ring,0.576705,inside,False,True,49.8103,21362,0.997622,21211,0.997191,4.81806,4.4163,3.75552,2.98001,2.29264,1.93243,1.96801,10,,,44,11,3,,11,4.81806,1.5,0.0225981,50,4.81806,4.81806,200,0.425,4.63373,6.36096,4.63173,3.73048,3.39839,3.14077,2.67262,2.16822,1.88198,,21,37,,36,19,9,44,3.64944,2,0.0825531,50,4.63173,4.63173,200,0.58,4.70105,7.47506,19.1721,-34,hypo,15.58,-2.182,0.996623,False,1.5-2.5,False,hypo,False,False
PanTS_00009551,1,2,test,Venous,0.714844,0.714844,2.5,2,2.5,12918,16502.8,55.3039,>=40,False,1,True,-20,hypoattenuating,0.85025,True,head,mask_ring,0.184429,inside,False,True,1.42969,16410,0.99311,16502.8,0.993967,2.81364,2.79204,2.51953,2.37525,2.15554,1.71106,1.40211,,,45,23,9,4,2,,,,,50,2.81364,3.02199,200,1,4.06684,5.2036,5.46178,4.50165,3.4356,3.0079,3.25064,2.97304,2.55834,13,18,4,6,3,8,5,16,3.37775,1.5,0.0385476,50,5.46178,5.46178,200,0,3.86389,5.25736,17.7939,-25,hypo,11.27,-2.218,0.9999,False,1.5-2.5,True,hypo,False,False
PanTS_00009562,1,1,test,Venous,0.798828,0.798828,2.5,2,2.5,25182,40173.2,72.8412,>=40,False,1,True,-34,hypoattenuating,0.457731,True,tail,mask_ring,0.608208,abutting,False,False,,40237,0.128504,40173.2,0.12834,6.85587,5.63487,4.85358,3.98098,3.42479,3.14901,3.00058,49,34,29,24,22,,,50,4.18631,1.5,0.115277,50,6.85587,10.3991,200,0.995,12.2238,14.3099,4.64434,3.75772,3.23842,2.70479,1.96173,1.44279,1.82467,35,33,26,22,,,,44,3.51417,1.5,0.00957279,50,4.64434,6.59158,200,0.965,6.90622,8.56073,23.2463,-38,hypo,6.63,-5.731,0.996336,False,1.5-2.5,True,hypo,False,False
PanTS_00009567,1,2,test,Venous,1.5,1.5,1.5,2,1.5,16694,56342.2,77.2318,>=40,False,1,True,-17,hypoattenuating,0,False,body,mask_ring,0.578262,separated,True,True,42.5852,56926,0.00197676,56342.2,0.00261743,3.83433,3.14378,2.32161,1.61859,0.762408,0.358224,0.220053,32,,,,,,,40,3.83433,1.5,0.387813,50,3.83433,3.84445,200,0.85,4.34195,5.45317,3.29898,2.79944,2.30182,2.02555,1.54187,1.23453,1.24608,,,,,,,,,,,,50,3.29898,4.15866,200,0.845,4.42077,5.36415,25.782,-18,hypo,38.12,-0.4721,0.0824754,True,<=1.5,True,hypo,False,False
PanTS_00009569,1,4,test,Venous,0.798828,0.798828,2.5,2,2.5,1997,3185.84,23.0515,20-40,False,1,True,12,hyperattenuating,0.575369,True,head,mask_ring,0.11608,inside,False,True,2.5,3147,1,3185.84,1,3.04054,3.46136,3.31122,2.71249,1.78409,1.11028,0.323092,,34,23,15,7,4,,,,,,50,3.46136,3.46136,200,0.645,3.65151,6.51498,3.01498,2.11315,2.24863,2.14651,2.21325,2.36518,2.35189,22,46,35,13,9,,,24,3.01498,1.5,0.0732332,50,3.01498,3.01498,200,0.71,3.68884,4.90676,11.1281,16,hyper,11.6,1.379,0.998266,False,1.5-2.5,True,hyper,False,False
PanTS_00009578,1,4,test,Venous,0.898438,0.898438,5,2,5,2000,8071.91,40.4893,>=40,False,1,True,-10,isoattenuating,0.645348,True,head,mask_ring,0.20126,inside,False,True,6.72159,7980,1,8071.91,1,3.77504,3.48298,3.06186,2.66498,2.27427,2.10141,2.02453,,,39,22,6,,,,,,,50,3.77504,3.77504,200,0.945,5.6115,7.35337,4.22358,3.76444,2.90553,2.63972,2.42132,2.51791,2.43543,10,5,10,8,5,7,6,10,4.22358,1.5,0.382604,50,4.22358,4.22358,200,0.635,4.34378,5.49303,14.4441,-9,iso,8.288,-1.086,0.997071,False,2.5-5,True,iso,False,False
PanTS_00009584,1,3,test,Venous,0.976562,0.976562,2.5,2,2.5,63,150.204,9.76477,5-10,False,1,True,-11,hypoattenuating,0,False,head,mask_ring,0.371691,inside,False,True,0,155,1,150.204,1,3.71202,2.92488,2.21652,1.63089,0.622518,-0.28281,-0.756322,32,29,26,26,10,3,,34,3.71202,1.5,0.211339,50,3.71202,3.71202,200,0.135,2.50705,4.6194,1.62732,1.36568,1.25684,1.22587,1.29266,1.50462,1.88268,,,,,,,,,,,,50,1.88268,1.88268,200,0.86,2.52455,4.6325,5.2976,-22,hypo,13.59,-1.619,6.15676e-05,True,1.5-2.5,True,hypo,False,False
PanTS_00009608,1,2,test,Venous,0.695312,0.695312,2.5,2,2.5,3635,4393.43,22.5132,20-40,False,1,True,-46,hypoattenuating,0.830046,True,body,mask_ring,0.730901,inside,False,True,0.695312,4347,1,4393.43,1,3.91228,3.80816,3.72824,3.56154,2.96084,2.58375,2.0878,42,24,14,8,1,2,1,47,3.91228,1.5,0.119834,50,3.91228,3.91228,200,0.915,5.13753,6.19615,4.85378,4.36556,4.21661,3.79462,4.16116,3.83768,3.16712,4,7,6,7,12,,,6,4.85378,1.5,0.289891,50,4.85378,4.85378,200,0.27,4.05738,6.67937,12.1603,-56,hypo,8.62,-6.497,0.999983,False,1.5-2.5,True,hypo,False,False
PanTS_00009612,1,1,test,Arterial,0.742188,0.742188,2.5,2,2.5,4990,6871.77,35.5155,20-40,False,1,True,46,hyperattenuating,0.592332,True,head,mask_ring,0.126799,inside,False,True,0.742188,6835,0.968337,6871.77,0.969715,2.29996,2.44968,2.37057,2.03868,1.86249,1.84599,1.67433,46,26,16,,,,,48,2.44968,2,0.061944,50,2.44968,2.44968,200,0.995,3.44149,4.3281,3.0968,3.15033,2.93712,2.61858,2.24483,1.80461,1.54147,33,8,10,9,7,3,3,38,2.24074,1.5,0.369827,50,3.15033,3.15033,200,0.775,4.09139,4.56468,13.794,50,hyper,12.93,3.867,0.997498,False,1.5-2.5,True,hyper,False,False
PanTS_00009613,1,2,test,Venous,0.976562,0.976562,2.5,2,2.5,13765,32818.3,62.1826,>=40,False,1,True,-15,hypoattenuating,0.855296,True,head,mask_ring,0.185257,inside,False,True,0.976562,32295,0.999709,32818.3,0.999536,4.60258,3.1745,2.74432,2.65206,2.19113,1.83243,2.12637,6,10,10,5,10,4,2,6,4.60258,1.5,0.0771315,50,4.60258,4.60258,200,0.415,3.96862,8.10936,6.63846,5.64979,4.75243,4.13498,4.502,4.43516,3.94615,4,4,5,2,8,8,7,4,6.52599,1.5,0.04254,50,6.63846,6.63846,200,0.06,3.66112,6.64973,21.8614,-21,hypo,14.92,-1.408,0.999386,False,1.5-2.5,True,hypo,False,False
PanTS_00009620,1,1,test,Venous,1.5,1.5,1.5,2,1.5,852,2875.5,25.5441,20-40,False,1,True,-26,hypoattenuating,0.225995,True,head,mask_ring,0.268663,inside,False,False,,2852,0.981221,2875.5,0.973703,4.1321,3.78106,3.84462,3.61125,4.1681,3.65833,2.61018,21,20,8,2,1,1,1,24,4.1681,4,0.511922,50,4.1681,4.1681,200,0.535,4.59049,7.75898,2.6882,2.43171,2.30813,1.98947,1.31351,0.922819,0.689519,,,,,,,,,,,,50,2.6882,2.6882,200,0.985,3.66628,5.37391,10.8215,-30,hypo,17.57,-1.707,0.981453,False,<=1.5,True,hypo,False,False
PanTS_00009635,1,4,test,Arterial,0.722656,0.722656,1,2,1,24990,13050.6,34.113,20-40,False,1,True,-42,hypoattenuating,0.837454,True,head,mask_ring,0.268207,inside,False,True,3.61328,13072,1,13050.6,1,4.89784,3.94371,3.23932,2.53017,2.20439,2.33307,1.96083,,,18,27,3,1,2,,,,,50,4.89784,4.89784,200,0.8,5.65689,6.99137,7.18107,5.34673,4.18828,3.22477,1.89811,1.91177,1.71964,11,13,13,14,21,20,12,11,7.18107,1.5,0.277046,50,7.18107,7.18107,200,0.37,6.10451,10.6425,16.6054,-50,hypo,5.304,-9.426,0.997166,False,<=1.5,True,hypo,False,False
PanTS_00009640,1,4,test,Non-contrast,0.763672,0.763672,2.5,2,2.5,7332,10690,42.2531,>=40,False,1,True,3,isoattenuating,0.851806,True,head,mask_ring,0.161747,inside,False,True,0.763672,10695,1,10690,1,3.67517,2.98431,2.86808,2.57331,2.12703,1.754,1.70966,3,21,33,24,,,,3,3.67517,1.5,0.0338525,50,3.67517,3.67517,200,0.22,3.08956,4.96021,3.92105,4.04013,3.92727,3.76612,3.53486,3.07361,2.52913,,42,31,24,14,15,10,,,,,50,4.04013,4.04013,200,0.15,3.57706,5.24865,15.6656,-3,iso,13.92,-0.2155,0.997242,False,1.5-2.5,False,iso,True,False
PanTS_00009641,1,3,test,Venous,0.800781,0.800781,2.5,2,2.5,3982,6383.65,29.66,20-40,False,1,True,-6,isoattenuating,0.355068,True,head,mask_ring,0.440712,inside,False,True,0.800781,6220,0.880211,6383.65,0.878457,3.22614,3.07951,2.74864,2.57856,2.06404,1.67879,1.25164,,,38,23,10,4,,,,,,50,3.22614,3.33328,200,0.995,5.20294,6.60108,2.96529,2.6901,2.43034,1.93978,1.4058,1.4852,1.52894,,,,42,31,,,,,,,50,2.96529,3.34422,200,0.95,4.28848,6.07686,13.5078,-6,iso,19.56,-0.3068,0.997444,False,1.5-2.5,True,iso,False,False
PanTS_00009649,1,2,test,Venous,0.976562,0.976562,5,2,5,1147,5469.32,31.119,20-40,False,1,True,9,isoattenuating,0.310222,True,body,mask_ring,0.634305,inside,False,False,,5340,1,5469.32,1,2.10968,1.6672,1.35494,1.27198,1.35701,1.4524,1.31753,,,,44,17,,,,,,,50,2.10968,2.10968,200,0.94,2.86359,3.49797,3.57227,3.05154,2.85223,2.68045,2.56169,2.55492,2.52961,6,9,9,7,4,4,2,7,3.57227,1.5,0.242446,50,3.57227,3.57227,200,0.34,3.37317,4.32827,12.9299,12,hyper,13.59,0.8829,0.812198,False,2.5-5,True,hyper,False,False
PanTS_00009652,1,4,test,Venous,0.773438,0.773438,2.5,2,2.5,4769,7132.11,33.653,20-40,False,1,True,-34,hypoattenuating,0.631152,True,head,mask_ring,0.111755,inside,False,True,3.9776,7137,0.966031,7132.11,0.967073,9.58592,6.64285,4.32953,2.96747,1.8824,1.73714,1.54294,2,3,7,9,6,3,2,2,9.58592,1.5,0.154981,50,9.58592,9.58592,200,0.005,5.16335,7.20496,6.89934,6.28615,5.43996,4.77148,3.9047,3.61118,3.60722,1,18,16,35,21,14,,1,6.89934,1.5,0.0247179,50,6.89934,9.24966,200,0.025,3.8957,5.49315,13.9411,-39,hypo,7.625,-5.115,0.998367,False,1.5-2.5,True,hypo,False,False
PanTS_00009659,1,2,test,Venous,0.789062,0.789062,2.5,2,2.5,40980,63787.3,70.8394,>=40,False,1,True,-15,hypoattenuating,0,False,tail,mask_ring,0.7025,abutting,False,True,24.0651,63464,0.024939,63787.3,0.023084,5.54236,4.5141,3.71008,2.85032,1.62011,1.11083,1.00368,12,23,23,22,,,,12,5.54236,1.5,0.176855,50,5.54236,8.46384,200,0.95,8.16569,8.28363,3.64622,2.33263,1.88235,1.46006,1.4028,1.513,1.69772,,,,,,,,,,,,50,3.64622,8.72011,200,1,5.71291,6.77824,26.7865,-13,hypo,10.61,-1.225,0.000129822,True,1.5-2.5,True,hypo,False,False
PanTS_00009666,1,3,test,Non-contrast,0.794922,0.794922,4,2,4,543,1372.49,20.0201,20-40,False,1,True,-31,hypoattenuating,0.763543,True,head,mask_ring,0.115733,inside,False,True,2.86613,1466,1,1372.49,1,2.01196,1.53891,1.3624,1.29139,1.41512,1.69786,1.69878,,,,,,,,,,,,50,2.01196,2.01196,200,0.915,2.62304,3.36696,1.9662,1.99247,1.7443,1.41242,1.22301,1.27384,1.2999,,,,,,,,,,,,50,1.99247,1.99247,200,0.975,3.16845,4.44246,8.89403,-41,hypo,12.27,-3.343,0.998352,False,2.5-5,False,hypo,False,False
PanTS_00009687,1,4,test,Venous,0.837891,0.837891,2.5,2,2.5,1241,2178.15,23.5869,20-40,False,1,True,-25,hypoattenuating,0,False,body,mask_ring,0.328354,inside,False,True,20.268,2236,1,2178.15,1,3.21686,2.65827,2.34899,1.93547,1.07681,1.07452,1.32207,10,,,42,15,,,10,3.21686,1.5,0.0216895,50,3.21686,3.21686,200,0.225,2.76046,3.98992,2.71596,2.63348,2.40197,2.18749,1.9554,1.99017,2.20393,50,33,17,14,12,10,,,,,,50,2.71596,2.71596,200,0.68,3.08902,4.78368,10.0414,-39,hypo,21.22,-1.838,0.0771692,True,1.5-2.5,True,hypo,False,False
PanTS_00009726,1,2,test,Venous,0.724609,0.724609,2.5,2,2.5,112662,147885,80.4915,>=40,False,1,True,17,hyperattenuating,0.279523,True,body,mask_ring,0.620898,inside,False,True,32.6686,147755,0.998074,147885,0.997848,10.6362,9.76216,9.15928,9.38106,8.17865,6.17448,4.69048,8,3,6,8,5,2,2,10,8.80092,1.5,0.400872,50,10.6362,10.6362,200,0.155,9.86016,10.9457,8.01538,7.7049,7.51306,7.68237,7.20017,6.44911,5.63778,7,2,1,1,1,1,1,3,7.68237,3,0.0754753,50,8.01538,8.01538,200,0.3,7.87098,9.67179,34.8054,18,hyper,9.614,1.872,0.995938,False,1.5-2.5,True,hyper,False,False
PanTS_00009731,1,4,test,Venous,0.785156,0.785156,2.5,2,2.5,6482,9989.9,36.8097,20-40,False,1,True,6,isoattenuating,0.863291,True,head,mask_ring,0.253382,inside,False,True,0.785156,10115,1,9989.9,1,3.2669,2.89615,2.75712,2.57549,2.64403,2.62978,2.4071,22,42,,36,,,,26,3.2669,1.5,0.417111,50,3.2669,3.2669,200,0.78,3.95317,5.4774,3.25626,2.67313,2.14026,1.87742,1.63835,1.62561,1.82317,,25,30,29,15,12,7,,,,,50,3.25626,3.25626,200,0.935,3.90678,6.66937,15.3605,0,iso,12.6,0,0.997752,False,1.5-2.5,True,iso,True,False
PanTS_00009739,1,0,test,Venous,0.757812,0.757812,1,2,1,8141,4675.21,26.2924,20-40,False,1,True,-26,hypoattenuating,0.666996,True,tail,mask_ring,0.719487,inside,False,True,24.1352,4665,1,4675.21,1,3.85607,2.98452,2.87254,2.91347,2.47356,2.29318,2.62861,,,,33,15,4,3,,,,,50,3.85607,3.85607,200,0.915,5.65771,7.47981,3.93109,3.7491,3.05707,2.86962,2.56723,2.22511,1.99415,,45,21,18,15,,,,,,,50,3.93109,3.93109,200,0.775,5.03204,8.22328,12.373,-30,hypo,10.94,-2.742,0.99985,False,<=1.5,True,hypo,False,False
PanTS_00009752,1,4,test,Venous,0.679688,0.679688,2.5,2,2.5,4906,5666.13,28.6367,20-40,False,1,True,-64.5,hypoattenuating,0.476845,True,body,mask_ring,0.710448,inside,False,True,0,5628,1,5666.13,1,3.29081,2.78662,2.49739,2.60197,2.05922,1.92856,1.90584,,50,46,20,6,3,2,,,,,50,3.29081,3.29081,200,0.56,3.45454,4.50087,5.0716,4.77398,4.44546,4.19708,3.75601,2.919,2.19429,3,5,6,5,8,5,,3,5.0716,1.5,0.326443,50,5.0716,5.0716,200,0.085,3.48058,5.53628,13.0594,-79,hypo,13.92,-5.674,0.984032,False,1.5-2.5,True,hypo,False,False
PanTS_00009760,1,0,test,Venous,0.767578,0.767578,2.5,2,2.5,16121,23745.3,59.0992,>=40,False,1,True,0,isoattenuating,0.374307,True,head,mask_ring,0.118497,inside,False,True,0,23636,0.996278,23745.3,0.996277,6.12265,5.16393,4.04458,3.36294,2.77911,2.68922,2.49039,35,27,16,15,11,,4,36,5.62128,1.5,0.0611636,50,6.12265,6.12265,200,0.94,8.76972,11.4234,5.7296,4.69846,3.90848,3.22783,3.10622,2.64693,2.35689,11,10,14,12,13,7,7,12,5.7296,1.5,0.122846,50,5.7296,5.7296,200,0.75,5.99948,7.13437,19.8305,2,iso,9.946,0.2011,0.999076,False,1.5-2.5,True,iso,True,False
PanTS_00009765,1,0,test,Venous,0.699219,0.699219,2.5,2,2.5,1728,2112.08,18.2948,10-20,False,1,True,18,hyperattenuating,0,False,tail,mask_ring,0.921231,inside,False,True,67.7982,2123,1,2112.08,1,3.50066,3.18344,2.9154,2.5132,1.59828,0.968104,0.683183,,,,,,,,,,,,50,3.50066,3.50066,200,0.675,3.96319,4.66467,3.51774,3.59295,3.54093,3.52047,3.70261,3.71218,3.65299,8,5,2,1,1,1,1,7,3.71218,5,0.541863,50,3.71218,3.71218,200,0.155,2.93451,4.14531,9.95928,21,hyper,16.24,1.293,6.66943e-06,True,1.5-2.5,True,hyper,False,True
PanTS_00009766,1,1,test,Venous,0.949219,0.949219,2.5,2,2.5,12277,27654.4,56.2919,>=40,False,1,True,-26,hypoattenuating,0.731324,True,body,mask_ring,0.609138,inside,False,True,2.12252,27624,0.999674,27654.4,0.99971,3.83423,3.34609,3.52267,3.45293,3.19036,2.57252,2.10971,38,11,17,18,9,3,2,42,2.97122,1.5,0.0841845,50,3.83423,3.83423,200,0.655,4.00112,4.72381,10.5199,10.6391,9.34408,7.66538,4.94262,3.52888,2.82449,1,1,1,1,1,1,2,1,10.6391,2,0.437793,50,10.6391,10.6391,200,0.035,4.8656,8.4954,20.7597,-30,hypo,10.94,-2.742,0.996643,False,1.5-2.5,True,hypo,False,False
PanTS_00009768,1,0,test,Venous,0.875,0.875,2.5,2,2.5,475,909.18,17.2934,10-20,False,1,True,-58,hypoattenuating,0,False,head,mask_ring,0.181055,inside,False,True,0,916,1,909.18,1,2.76,2.63504,2.54335,2.46991,2.08794,1.79208,1.60431,,,27,15,,3,1,,,,,50,2.76,2.76,200,0.63,3.02738,4.13953,2.76073,3.09371,3.10937,2.87018,2.30518,1.78405,1.23647,,9,,,,,,,,,,50,3.10937,3.15229,200,0.415,2.81158,4.33474,8.00971,-74,hypo,10.94,-6.764,1.7299e-05,True,1.5-2.5,True,hypo,False,True
PanTS_00009769,1,1,test,Arterial,0.753906,0.753906,2.5,2,2.5,1333,1894.11,19.9452,10-20,False,1,True,-116,hypoattenuating,0,False,body,mask_ring,0.518669,inside,False,True,13.5912,1942,1,1894.11,1,4.58582,4.81269,4.30863,3.91292,3.06897,2.57368,2.59892,,7,8,9,7,3,1,,,,,50,4.81269,4.81269,200,0.32,4.45444,5.99521,2.95745,2.48034,2.11152,1.91824,2.02012,1.80027,1.74665,50,,,,,,,,,,,50,2.95745,2.95745,200,0.76,3.70198,6.75362,9.67548,-124,hypo,13.26,-9.351,5.94409e-05,True,1.5-2.5,True,hypo,False,True
PanTS_00009781,1,3,test,Non-contrast,0.90625,0.90625,2.5,2,2.5,5966,12249.5,36.1911,20-40,False,1,True,-17,hypoattenuating,0.689868,True,head,mask_ring,0.112654,inside,False,True,0.90625,12235,1,12249.5,1,2.70427,2.2665,2.15293,2.01446,1.94871,1.57498,1.16704,,,,,21,7,3,,,,,50,2.70427,2.70427,200,1,3.95577,5.80373,3.49123,3.71065,3.47454,3.07068,2.57919,2.90624,2.97137,,,30,11,15,13,12,,,,,50,3.71065,3.71065,200,0.56,3.83872,6.56255,16.3002,-26,hypo,11.93,-2.179,0.997054,False,1.5-2.5,False,hypo,False,False
PanTS_00009784,1,3,test,Venous,0.722656,0.722656,1,2,1,14853,7756.71,30.1461,20-40,False,1,True,-39,hypoattenuating,0.857036,True,head,mask_ring,0.267202,inside,False,True,3.58859,7792,1,7756.71,1,2.49417,2.23787,2.23459,2.37604,2.95295,3.12526,2.68303,,,47,16,2,1,1,,,,,50,3.12526,3.12526,200,0.995,5.28885,6.69911,3.20461,3.01277,2.52872,2.68471,2.67817,2.4007,2.1158,,30,32,18,,,,,,,,50,3.20461,3.20461,200,0.85,4.42887,5.64606,14.2799,-48,hypo,7.625,-6.295,0.997893,False,<=1.5,True,hypo,False,False
PanTS_00009787,1,0,test,Venous,0.931641,0.931641,2.5,2,2.5,9427,20455.5,39.0323,20-40,False,1,True,-48,hypoattenuating,0.939207,True,tail,mask_ring,0.844842,inside,False,False,,20396,1,20455.5,1,2.20082,1.80141,1.37534,1.1445,1.04631,0.89667,0.948982,,,,,18,9,2,,,,,50,2.20082,2.20082,200,1,3.09456,3.27252,3.65456,3.39,3.16495,2.97782,2.74947,2.73302,2.84023,9,7,11,17,17,10,14,12,3.65456,1.5,0.209702,50,3.65456,3.65456,200,0.67,3.84973,5.35987,18.9658,-52,hypo,21.38,-2.432,0.998542,False,1.5-2.5,True,hypo,False,False
PanTS_00009788,1,1,test,Arterial,0.598958,0.598958,5,2,5,19763,35450,61.3842,>=40,False,1,True,-11,hypoattenuating,0.685756,True,tail,mask_ring,0.879431,abutting,False,False,,35405,0.601528,35450,0.600932,16.6763,13.7689,10.4294,7.99009,5.35343,3.60529,2.65035,2,1,2,7,6,5,1,3,16.6763,1.5,0.451478,50,16.6763,16.6763,200,0.27,13.534,23.9274,54.3073,49.2343,37.5995,27.0201,14.0706,7.90528,4.76275,1,1,1,1,1,2,2,1,54.3073,1.5,0.432267,50,54.3073,54.3073,200,0,12.1817,41.095,22.3787,-9,iso,2.984,-3.016,0.995777,False,2.5-5,True,iso,False,False
PanTS_00009790,1,0,test,Arterial,0.830078,0.830078,2.5,2,2.5,9489,16345.5,48.8357,>=40,False,1,True,-41,hypoattenuating,0.672957,True,tail,mask_ring,0.814389,inside,False,True,27.9174,16185,1,16345.5,1,3.54282,3.05372,2.77192,2.38385,1.81158,1.67919,1.72949,35,36,25,17,9,,,37,3.42132,1.5,0.225945,50,3.54282,3.54282,200,0.985,5.06286,6.07402,4.87249,4.34403,3.80786,3.52499,3.45787,3.02937,2.60156,19,26,16,22,10,6,5,21,3.48929,1.5,0.291283,50,4.87249,4.87249,200,0.505,4.9253,6.49238,17.7436,-40,hypo,11.93,-3.352,0.998636,False,1.5-2.5,True,hypo,False,False
PanTS_00009797,1,0,test,Venous,0.761719,0.761719,2.5,2,2.5,930,1349,17.102,10-20,False,1,True,-17,hypoattenuating,0.674429,True,head,mask_ring,0.212753,inside,False,True,2.28516,1345,1,1349,1,4.12885,2.75241,2.58309,2.25617,1.50313,1.61933,1.64674,,38,22,16,4,,,,,,,50,4.12885,4.12885,200,0.195,3.39753,4.66621,4.40773,5.00994,4.63963,3.9809,2.81691,2.08597,1.64317,2,,,4,,,,,,,,50,5.00994,5.00994,200,0.035,2.97401,4.8764,8.85448,-19,hypo,12.93,-1.47,0.999877,False,1.5-2.5,True,hypo,False,True
PanTS_00009821,1,3,test,Venous,0.974609,0.974609,1.5,2,1.5,6948,9899.47,45.4174,>=40,False,1,True,-1,isoattenuating,0.205445,True,head,mask_ring,0.121416,inside,False,True,0,9856,1,9899.47,1,3.5945,3.24493,2.60669,1.94098,1.12185,0.687497,0.425152,22,,48,30,9,3,2,27,3.26679,1.5,0.060251,50,3.5945,3.5945,200,0.275,3.48464,4.22962,3.80048,3.38263,2.8318,2.49264,2.29288,2.39457,2.50465,4,4,7,8,10,9,7,6,3.80048,1.5,0.529243,50,3.80048,3.80048,200,0.175,3.3793,4.55671,15.3201,-1,iso,15.25,-0.06557,0.997735,False,<=1.5,True,iso,True,False
PanTS_00009826,1,3,test,Venous,0.761719,0.761719,2.5,2,2.5,1533,2223.68,24.2412,20-40,False,1,True,-29,hypoattenuating,0.505471,True,head,mask_ring,0.235842,inside,False,True,1.70326,2257,0.913894,2223.68,0.909615,5.83416,3.96614,2.75079,2.19958,1.99651,2.0579,2.08134,11,26,37,18,7,,,12,5.83416,1.5,0.197099,50,5.83416,5.83416,200,0.2,4.94574,7.86216,6.491,6.91165,6.3859,5.55444,3.88287,2.84228,2.193,,,,,,,,,,,,50,6.91165,6.91165,200,0.05,3.92413,6.91161,10.0971,-31,hypo,12.27,-2.527,0.995609,False,1.5-2.5,True,hypo,False,False
PanTS_00009832,1,1,test,Venous,0.976562,0.976562,2.5,2,2.5,18989,45273.3,60.9784,>=40,False,1,True,14,hyperattenuating,0.911771,True,head,mask_ring,0.151942,inside,False,True,0.976562,44914,1,45273.3,1,5.7629,4.71981,4.1296,3.51659,2.53901,1.93495,1.52791,4,6,20,24,19,10,8,4,5.7629,1.5,0.151985,50,5.7629,5.7629,200,0.12,4.50871,6.02227,5.60037,6.36582,6.45598,6.19601,5.23535,4.22249,3.44265,4,42,32,32,15,12,8,39,3.4511,1.5,0.059614,50,6.45598,6.62305,200,0.16,4.52868,7.64779,24.1098,5,iso,16.91,0.2957,0.997379,False,1.5-2.5,True,iso,True,False
PanTS_00009838,1,3,test,Venous,0.732422,0.732422,2.5,2,2.5,31945,42841.6,63.4976,>=40,False,1,True,12,hyperattenuating,0.165243,True,head,mask_ring,0.153736,inside,False,True,0,43197,0.990734,42841.6,0.990972,7.09215,5.19643,3.83811,3.59922,3.48275,3.07363,2.52158,32,23,23,10,3,3,5,33,3.94345,1.5,0.0845007,50,7.09215,7.88783,200,0.015,4.6724,6.72838,4.47411,3.89637,3.90083,3.39407,3.12334,3.03556,2.93332,20,19,7,7,7,8,4,19,3.90083,2.5,0.0461626,50,4.47411,5.00554,200,0.845,4.94041,5.18202,23.7066,14,hyper,5.967,2.346,0.998439,False,1.5-2.5,True,hyper,False,False
PanTS_00009862,1,3,test,Arterial,0.845703,0.845703,2.5,2,2.5,5865,10486.8,32.3097,20-40,False,1,True,17,hyperattenuating,0.711721,True,head,mask_ring,0.137642,inside,False,True,0.845703,10547,1,10486.8,1,4.0631,2.95803,2.45503,2.17257,1.71396,1.21352,1.0887,3,30,46,42,13,3,1,3,4.0631,1.5,0.0444089,50,4.0631,4.0631,200,0.025,2.90927,3.53286,5.20393,5.92759,5.81764,5.35902,4.44076,3.83625,3.37478,,,36,39,11,9,9,,,,,50,5.92759,5.92759,200,0.075,3.11686,7.12611,15.5785,15,hyper,17.57,0.8537,0.997221,False,1.5-2.5,True,hyper,False,False
PanTS_00009868,1,4,test,Venous,0.783203,0.783203,2.5,2,2.5,222,340.441,10.5078,10-20,False,1,True,0,isoattenuating,0,False,body,mask_ring,0.596637,inside,False,True,30.1229,302,1,340.441,1,3.3784,2.39938,2.33825,2.25125,1.79861,1.85078,1.68755,,,,,,,,,,,,50,3.3784,3.3784,200,0.475,3.29013,5.22498,3.57845,3.14328,3.40758,3.55206,3.45728,2.73173,1.91775,13,12,4,3,1,4,6,14,3.57845,1.5,0.118719,50,3.57845,3.57845,200,0.18,2.80604,4.59239,6.33163,-1.5,iso,11.27,-0.1331,8.59723e-06,True,1.5-2.5,True,iso,True,False
PanTS_00009882,1,1,test,Venous,0.871094,0.871094,2.5,2,2.5,18,34.1462,4.46189,<5,False,2,False,-21,hypoattenuating,0,False,body,mask_ring,0.318222,inside,False,True,41.9722,39,1,34.1462,1,1.62544,0.951606,0.506499,0.205196,-0.171761,-0.699554,-1.11809,,,,,,,,,,,,50,1.62544,1.62544,200,0.61,2.14805,4.0746,1.07621,0.958425,1.13419,1.48636,1.88456,1.80753,1.61717,,,,,,,,,,,,50,1.88456,1.88456,200,0.745,2.21651,3.96566,4.01257,-21,hypo,12.27,-1.712,0.000242512,True,1.5-2.5,True,hypo,False,False
PanTS_00009882,2,1,test,Venous,0.871094,0.871094,2.5,2,2.5,157,297.831,11.1974,10-20,False,2,True,-20,hypoattenuating,0,False,body,mask_ring,0.430998,inside,False,True,52.6718,302,1,297.831,1,2.28084,1.84456,1.54404,1.20424,0.222768,-0.367083,-0.390233,,,,46,19,,,,,,,50,2.28084,2.28084,200,0.67,2.9459,4.83304,3.03863,2.52897,2.48862,2.40405,2.10409,1.80476,1.88256,,,,,,,,,,,,50,3.03863,3.03863,200,0.395,2.8193,4.54368,6.1428,-29,hypo,12.27,-2.364,0.000374096,True,1.5-2.5,True,hypo,False,True
PanTS_00009887,1,1,test,Venous,0.757812,0.757812,2.5,2,2.5,7024,10084.3,39.098,20-40,False,1,True,-76,hypoattenuating,0,False,head,mask_ring,0.253509,embedded,False,True,0,10118,0.541287,10084.3,0.541411,4.96409,4.24554,3.72921,3.45047,4.12778,4.09587,3.48855,43,30,15,8,2,1,1,43,4.96409,1.5,0.171578,50,4.96409,5.07984,200,0.885,6.23965,11.4255,3.21091,3.10475,3.05306,2.51881,1.89552,1.64795,1.92329,,,36,25,27,,,,,,,50,3.21091,3.62733,200,0.9,4.74398,8.3214,15.4025,-88,hypo,11.27,-7.807,0.248717,True,1.5-2.5,True,hypo,False,False
PanTS_00009892,1,2,test,Venous,0.699219,0.699219,2.5,2,2.5,1789,2186.64,22.0403,20-40,False,1,True,-43,hypoattenuating,0.687855,True,head,mask_ring,0.260852,inside,False,True,5.31515,2211,0.868642,2186.64,0.883311,3.31492,2.10626,1.97644,1.73432,1.57868,1.30297,1.2284,30,,,20,11,,,33,3.31492,1.5,0.0343003,50,3.31492,3.31492,200,0.645,3.51824,4.59465,4.52354,4.61782,4.02032,3.29578,2.22552,1.89352,1.75908,3,4,38,25,13,,,7,4.21774,2,0.0126314,50,4.61782,4.61782,200,0.175,3.64557,5.31923,10.0519,-37,hypo,12.6,-2.937,0.999934,False,1.5-2.5,True,hypo,False,False
PanTS_00009894,1,2,test,Venous,0.783203,0.783203,2.5,2,2.5,2693,4129.76,24.7089,20-40,False,1,True,-64,hypoattenuating,0.818511,True,head,mask_ring,0.175308,inside,False,True,0,4201,1,4129.76,1,2.37872,1.82702,1.72024,1.54017,1.567,1.29449,1.55066,,,40,17,6,2,1,,,,,50,2.37872,2.37872,200,0.915,2.84734,3.28639,4.08201,3.24735,2.5297,1.85495,1.09158,1.36831,1.69466,1,3,4,16,17,,,1,4.08201,1.5,0.0279955,50,4.08201,4.08201,200,0,2.88568,3.67566,11.9528,-77,hypo,16.91,-4.554,0.998436,False,1.5-2.5,True,hypo,False,False
PanTS_00009896,1,3,test,Venous,0.859375,0.859375,2.5,2,2.5,906,1672.76,17.892,10-20,False,1,True,-66,hypoattenuating,0.0702875,True,tail,mask_ring,0.784007,inside,False,True,41.5103,1638,1,1672.76,1,2.46686,2.06571,2.00866,2.2162,2.14583,1.85729,1.62418,,,,32,8,,,,,,,50,2.46686,2.46686,200,0.9,3.3962,4.82925,3.01637,2.40659,2.78339,3.09779,2.84796,2.32193,1.94929,,47,,,,,,,,,,50,3.09779,3.09779,200,0.565,3.26317,4.68939,9.36402,-78,hypo,13.26,-5.882,0.623492,False,1.5-2.5,True,hypo,False,True
PanTS_00009897,1,3,test,Venous,0.84375,0.84375,2.5,2,2.5,2198,3911.97,29.4088,20-40,False,1,True,-108,hypoattenuating,0,False,body,mask_ring,0.539725,embedded,False,True,2.38649,3923,0.83576,3911.97,0.832016,3.11345,3.15405,3.16731,2.97267,2.75938,2.49061,2.23238,,48,22,7,3,1,1,,,,,50,3.16731,3.16731,200,0.985,5.195,6.23631,3.54199,3.50305,3.20111,3.05312,2.29871,1.89833,1.39248,12,6,11,14,,,,16,3.54199,1.5,0.158011,50,3.54199,4.67463,200,0.565,3.62033,6.20315,11.7747,-116,hypo,11.27,-10.29,0.124107,True,1.5-2.5,True,hypo,False,False
PanTS_00009901,1,3,test,Venous,0.830078,0.830078,3,2,3,4437,9171.67,33.993,20-40,False,1,True,-9,isoattenuating,0.519951,True,tail,mask_ring,0.810792,inside,False,False,,9135,1,9171.67,1,3.13673,2.68266,2.41191,2.32182,2.0356,1.74927,1.84221,,,49,25,7,1,1,,,,,50,3.13673,3.7682,200,0.985,5.23447,5.70081,5.17058,3.51413,2.07487,2.16591,1.60713,1.46176,1.60318,2,38,28,29,,9,,2,5.17058,1.5,0.195703,50,5.17058,5.17058,200,0.23,4.06354,5.8075,14.9853,-14,hypo,20.55,-0.6811,0.996815,False,2.5-5,True,hypo,False,False
