case_id,lesion_id,fold,official_split,ct_phase,spacing_x_mm,spacing_y_mm,spacing_z_mm,slice_axis,slice_thickness_mm,gt_vox,vol_mm3,diam_mm,diam_bin,tiny_flag,n_lesions_in_case,largest_in_case,dHU,attenuation_v2,lesion_dice,detected_any,region,region_source,u,tier,excluded,mpd_present,dist_to_mpd_mm
PanTS_00000003,1,3,train,Venous,0.818359,0.818359,7.5,2,7.5,1055,5299.09,27.0544,20-40,False,1,True,14,hyperattenuating,0.480311,True,head,mask_ring,0.153915,inside,False,True,7.5
PanTS_00000026,1,1,train,Non-contrast,0.628906,0.628906,5,2,5,7244,14325.8,55.0219,>=40,False,1,True,0,isoattenuating,0,False,body,mask_ring,0.65935,inside,False,True,34.7713
PanTS_00000029,1,4,train,Venous,0.849609,0.849609,2.5,2,2.5,1613,2910.8,20.9241,20-40,False,1,True,-17,hypoattenuating,0.839829,True,body,mask_ring,0.641708,inside,False,True,3.06331
PanTS_00000031,1,3,train,Non-contrast,0.822266,0.822266,5,2,5,337,1139.26,19.3172,10-20,False,2,True,-43,hypoattenuating,0,False,tail,mask_ring,0.982557,embedded,False,True,113.802
PanTS_00000031,2,3,train,Non-contrast,0.822266,0.822266,5,2,5,203,686.263,17.3647,10-20,False,2,False,-4,isoattenuating,0,False,head,mask_ring,0.213813,embedded,False,True,14.1683
PanTS_00000035,1,1,train,Non-contrast,0.75,0.75,5,2,5,937,2635.31,25.4092,20-40,False,1,True,9,isoattenuating,0,False,tail,mask_ring,0.775807,inside,False,True,61.1581
PanTS_00000036,1,3,train,Non-contrast,1.5,1.5,1.5,2,1.5,82,276.75,14.151,10-20,False,1,True,-12,hypoattenuating,0,False,tail,mask_ring,0.783159,inside,False,False,
PanTS_00000040,1,2,train,Non-contrast,0.78125,0.78125,1,2,1,3459,2111.21,31.8065,20-40,False,1,True,-9,isoattenuating,0,False,,none,,separated,True,True,104.785
PanTS_00000042,1,3,train,Non-contrast,0.865234,0.865234,2.5,2,2.5,3263,6106.95,25.924,20-40,False,1,True,-1,isoattenuating,0.89335,True,head,mask_ring,0.159453,inside,False,True,2.44725
PanTS_00000047,1,1,train,Non-contrast,0.78125,0.78125,0.8,2,0.8,12539,6122.56,44.0039,>=40,False,2,True,6,isoattenuating,0.206058,True,head,mask_ring,0.110686,inside,False,False,
PanTS_00000047,2,1,train,Non-contrast,0.78125,0.78125,0.8,2,0.8,369,180.176,15.4233,10-20,False,2,False,1,isoattenuating,0,False,body,mask_ring,0.572773,embedded,False,False,
PanTS_00000049,1,1,train,Venous,0.820312,0.820312,2.5,2,2.5,7109,11959.3,37.8622,20-40,False,1,True,-57,hypoattenuating,0,False,body,mask_ring,0.437637,inside,False,True,9.48133
PanTS_00000050,1,3,train,Non-contrast,0.976562,0.976562,1.25,2,1.25,3210,3826.61,37.6316,20-40,False,2,True,-13,hypoattenuating,0,False,head,mask_ring,0.0954613,abutting,False,True,16.2898
PanTS_00000050,2,3,train,Non-contrast,0.976562,0.976562,1.25,2,1.25,1768,2107.62,27.326,20-40,False,2,False,23,hyperattenuating,0,False,head,mask_ring,0.100354,abutting,False,True,1.38107
PanTS_00000074,1,4,train,Non-contrast,0.888672,0.888672,5,2,5,320,1263.58,15.0452,10-20,False,1,True,31.5,hyperattenuating,0,False,head,mask_ring,0.54374,inside,False,True,11.5869
PanTS_00000084,1,2,train,Venous,0.78125,0.78125,2.5,2,2.5,2686,4098.51,25.3033,20-40,False,1,True,-28,hypoattenuating,0.787524,True,head,mask_ring,0.147224,inside,False,True,6.06363
PanTS_00000086,1,2,train,Venous,0.701172,0.701172,2.5,2,2.5,6556,8058.02,45.1329,>=40,False,1,True,5,isoattenuating,0.415904,True,head,mask_ring,0.135803,inside,False,True,5.04892
PanTS_00000091,1,1,train,Non-contrast,0.544922,0.544922,2,2,2,3361,1996.03,28.467,20-40,False,2,True,-8,isoattenuating,0,False,body,mask_ring,0.429135,inside,False,False,
PanTS_00000091,2,1,train,Non-contrast,0.544922,0.544922,2,2,2,1203,714.437,23.305,20-40,False,2,False,-9,isoattenuating,0,False,tail,mask_ring,0.898627,embedded,False,False,
PanTS_00000099,1,0,train,Non-contrast,0.617188,0.617188,0.8,2,0.8,220,67.042,6.17562,5-10,False,2,False,-4,isoattenuating,0,False,head,mask_ring,0.0833745,embedded,False,False,
PanTS_00000099,2,0,train,Non-contrast,0.617188,0.617188,0.8,2,0.8,14298,4357.12,29.4811,20-40,False,2,True,-46,hypoattenuating,0,False,head,mask_ring,0.291322,embedded,False,False,
PanTS_00000100,1,4,train,Non-contrast,5,0.766,0.766,0,5,635,1862.95,18.2949,10-20,False,2,True,-3,isoattenuating,0,False,head,mask_ring,,inside,False,True,19.5507
PanTS_00000100,2,4,train,Non-contrast,5,0.766,0.766,0,5,239,701.173,17.272,10-20,False,2,False,-60,hypoattenuating,0,False,,none,,separated,True,True,77.9919
PanTS_00000113,1,2,train,Non-contrast,0.769531,0.769531,4,2,4,317,750.882,15.7926,10-20,False,1,True,-29,hypoattenuating,0,False,head,mask_ring,0.561729,abutting,False,False,
PanTS_00000117,1,3,train,Venous,0.806641,0.806641,2.5,2,2.5,4744,7716.94,32.3809,20-40,False,1,True,-34,hypoattenuating,0.810796,True,head,mask_ring,0.196096,inside,False,True,0
PanTS_00000128,1,0,train,Non-contrast,0.818359,0.818359,3.75,2,3.75,17232,43276.8,81.3807,>=40,False,1,True,3,isoattenuating,0.642835,True,head,mask_ring,0.177185,inside,False,True,3.75
PanTS_00000162,1,4,train,Venous,0.958984,0.958984,2.5,2,2.5,1639,3768.27,28.6879,20-40,False,1,True,13,hyperattenuating,0.443632,True,head,mask_ring,0.122603,inside,False,True,1.91797
PanTS_00000164,1,4,train,Non-contrast,0.712891,0.712891,5,2,5,1772,4502.77,25.0852,20-40,False,1,True,-7,isoattenuating,0,False,head,mask_ring,0.0748899,inside,False,True,11.4063
PanTS_00000167,1,0,train,Venous,0.818359,0.818359,2.5,2,2.5,1296,2169.87,20.7565,20-40,False,1,True,-9,isoattenuating,0.421901,True,head,mask_ring,0.182055,inside,False,True,0
PanTS_00000180,1,0,train,Non-contrast,5,0.810547,0.810547,0,5,93,305.499,9.06219,5-10,False,1,True,-47,hypoattenuating,0,False,tail,mask_ring,0.951126,inside,False,True,72.8928
PanTS_00000199,1,4,train,Venous,0.751953,0.751953,2.5,2,2.5,779,1101.18,18.3429,10-20,False,1,True,-9,isoattenuating,0.124088,True,head,mask_ring,0.245864,inside,False,True,2.25586
PanTS_00000220,1,1,train,Non-contrast,1.5,1.5,1.5,2,1.5,784,2646,29.0086,20-40,False,1,True,-16.5,hypoattenuating,0.357634,True,head,pc1_boundary,-0.0368491,separated,True,True,31.8198
PanTS_00000231,1,2,train,Venous,0.898438,0.898438,2.5,2,2.5,1256,2534.58,22.3147,20-40,False,1,True,9,isoattenuating,0.0714667,True,head,mask_ring,0.28468,inside,False,True,0
PanTS_00000246,1,1,train,Arterial,0.890625,0.890625,1.25,2,1.25,264178,261937,101.9,>=40,False,1,True,-75,hypoattenuating,0,False,tail,mask_ring,1.01326,abutting,False,True,62.6161
PanTS_00000251,1,4,train,Non-contrast,0.753906,0.753906,5,2,5,555,1577.24,24.51,20-40,False,1,True,-1,isoattenuating,0,False,tail,mask_ring,0.722527,inside,False,True,62.7704
PanTS_00000252,1,1,train,Non-contrast,0.78125,0.78125,0.8,2,0.8,11873,5797.36,32.6526,20-40,False,2,True,-2,isoattenuating,0,False,head,mask_ring,0.155092,inside,False,True,72.6681
PanTS_00000252,2,1,train,Non-contrast,0.78125,0.78125,0.8,2,0.8,997,486.816,15.8911,10-20,False,2,False,-20,hypoattenuating,0,False,head,mask_ring,0.1923,inside,False,True,80.1338
PanTS_00000259,1,2,train,Non-contrast,0.667969,0.667969,3,2,3,474,634.471,14.0223,10-20,False,2,False,14,hyperattenuating,0,False,head,mask_ring,0.180118,inside,False,True,10.6875
PanTS_00000259,2,2,train,Non-contrast,0.667969,0.667969,3,2,3,5116,6848.01,33.0809,20-40,False,2,True,-4,isoattenuating,0,False,body,mask_ring,0.564329,inside,False,True,20.8117
PanTS_00000270,1,4,train,Arterial,0.742188,0.742188,1.25,2,1.25,23437,16137.6,41.2435,>=40,False,1,True,,unknown,0.233234,True,body,mask_ring,,inside,False,False,
PanTS_00000290,1,3,train,Venous,1.5,1.5,1.5,2,1.5,1149,3877.88,25.6759,20-40,False,1,True,1,isoattenuating,0.689634,True,head,mask_ring,0.254527,inside,False,True,18.6748
PanTS_00000352,1,2,train,Non-contrast,0.873047,0.873047,2.5,2,2.5,5080,9680.08,32.6429,20-40,False,1,True,1,isoattenuating,0.563406,True,head,mask_ring,0.154808,inside,False,True,0.873047
PanTS_00000363,1,4,train,Venous,0.742188,0.742188,1.25,2,1.25,17647,12150.9,42.8091,>=40,False,1,True,-27,hypoattenuating,0.755289,True,head,mask_ring,0.242876,inside,False,True,3.22118
PanTS_00000368,1,4,train,Arterial,0.683594,0.683594,0.8,2,0.8,5702,2131.64,33.9059,20-40,False,1,True,-13,hypoattenuating,0.0245594,True,body,pc1_boundary,0.560039,abutting,False,True,11.646
PanTS_00000371,1,4,train,Non-contrast,0.703125,0.703125,0.913607,2,0.913607,944,426.38,15.7745,10-20,False,1,True,14,hyperattenuating,0,False,tail,mask_ring,0.941531,inside,False,True,51.9779
PanTS_00000416,1,2,train,Non-contrast,0.78125,0.78125,0.8,2,0.8,6458,3153.32,22.4738,20-40,False,1,True,-13,hypoattenuating,0,False,head,mask_ring,0.18127,inside,False,True,73.7367
PanTS_00000423,1,0,train,Non-contrast,0.927734,0.927734,2.5,2,2.5,1588,3416.94,24.2943,20-40,False,1,True,-4,isoattenuating,0.823496,True,head,mask_ring,0.155213,inside,False,True,0.927734
PanTS_00000449,1,1,train,Venous,0.78125,0.78125,5,2,5,22847,69723.5,64.1252,>=40,False,1,True,13,hyperattenuating,0.46137,True,head,mask_ring,0.170072,inside,False,True,0.78125
PanTS_00000451,1,1,train,Non-contrast,1.5,1.5,1.5,2,1.5,132,445.5,15.0748,10-20,False,1,True,11,hyperattenuating,0,False,head,mask_ring,0.312041,inside,False,False,
PanTS_00000463,1,0,train,Non-contrast,5,0.742188,0.742188,0,5,215,592.155,10.7396,10-20,False,1,True,3,isoattenuating,0,False,head,mask_ring,,inside,False,True,18.7963
PanTS_00000465,1,3,train,Non-contrast,1,0.871094,0.871094,0,1,54150,41089.3,89.0518,>=40,False,2,True,-30,hypoattenuating,0.827225,True,tail,mask_ring,0.535379,inside,False,True,4.79639
PanTS_00000465,2,3,train,Non-contrast,1,0.871094,0.871094,0,1,23814,18070.2,49.6382,>=40,False,2,False,-4,isoattenuating,0,False,body,mask_ring,0.181151,inside,False,True,4.36294
PanTS_00000482,1,1,train,Non-contrast,0.90625,0.90625,0.8,2,0.8,616,404.731,21.4872,20-40,False,1,True,-1,isoattenuating,0,False,head,mask_ring,0.262041,embedded,False,False,
PanTS_00000485,1,3,train,Venous,0.878906,0.878906,2.5,2,2.5,1272,2456.47,20.6938,20-40,False,1,True,81,hyperattenuating,0,False,head,mask_ring,0.102846,inside,False,False,
PanTS_00000488,1,3,train,Non-contrast,0.728726,0.728726,5,2,5,477,1266.53,28.1923,20-40,False,1,True,-10,isoattenuating,0,False,tail,mask_ring,0.811103,inside,False,True,67.5358
PanTS_00000554,1,0,train,Arterial,0.767578,0.767578,1.25,2,1.25,23632,17404.3,55.5241,>=40,False,1,True,-44,hypoattenuating,0,False,head,mask_ring,0.194441,embedded,False,True,3.43271
PanTS_00000557,1,0,train,Non-contrast,0.625,0.625,0.8,2,0.8,690,215.625,13.3774,10-20,False,2,True,-17,hypoattenuating,0,False,body,mask_ring,0.579169,embedded,False,True,25.7231
PanTS_00000557,2,0,train,Non-contrast,0.625,0.625,0.8,2,0.8,229,71.5625,9.4576,5-10,False,2,False,-6,isoattenuating,0,False,body,mask_ring,0.629979,embedded,False,True,30.412
PanTS_00000564,1,0,train,Venous,0.724609,0.724609,2.5,2,2.5,1099,1442.6,16.478,10-20,False,1,True,-43,hypoattenuating,0.62069,True,tail,mask_ring,0.776657,inside,False,True,2.5
PanTS_00000574,1,3,train,Non-contrast,0.8125,0.8125,2.5,2,2.5,2927,4830.69,32.515,20-40,False,1,True,-3,isoattenuating,0.0196211,True,head,mask_ring,0.11932,inside,False,False,
PanTS_00000592,1,2,train,Non-contrast,0.976562,0.976562,0.8,2,0.8,603,460.052,13.2507,10-20,False,1,True,2,isoattenuating,0,False,body,mask_ring,0.359773,inside,False,True,7.10948
PanTS_00000605,1,3,train,Venous,0.660156,0.660156,3,2,3,3948,5161.69,31.8242,20-40,False,1,True,-31,hypoattenuating,0.746939,True,head,mask_ring,0.269217,inside,False,True,0
PanTS_00000623,1,2,train,Non-contrast,0.878906,0.878906,0.8,2,0.8,1937,1197.03,23.442,20-40,False,1,True,-11,hypoattenuating,0,False,head,mask_ring,0.0768964,embedded,False,False,
PanTS_00000626,1,3,train,Non-contrast,0.851562,0.851562,1,2,1,6204,4498.88,30.4366,20-40,False,1,True,1,isoattenuating,0,False,head,mask_ring,0.218804,inside,False,True,21.2007
PanTS_00000654,1,2,train,Non-contrast,0.78125,0.78125,0.8,2,0.8,4462,2178.71,25.9116,20-40,False,1,True,13,hyperattenuating,0,False,head,mask_ring,0.292603,inside,False,False,
PanTS_00000656,1,1,train,Venous,0.869141,0.869141,2.5,2,2.5,5075,9584.21,35.689,20-40,False,1,True,-31,hypoattenuating,0.810329,True,head,mask_ring,0.214059,inside,False,True,2.60742
PanTS_00000674,1,0,train,Non-contrast,0.703125,0.703125,2.5,2,2.5,273,337.418,10.5885,10-20,False,1,True,-7,isoattenuating,0,False,body,mask_ring,0.454878,inside,False,True,28.4638
PanTS_00000675,1,1,train,Non-contrast,1,0.953125,0.953125,0,1,3711,3371.25,21.5287,20-40,False,1,True,0,isoattenuating,0,False,head,mask_ring,0.123056,inside,False,False,
PanTS_00000693,1,3,train,Venous,0.837891,0.837891,2.5,2,2.5,4912,8621.31,32.1678,20-40,False,1,True,-4,isoattenuating,0.52884,True,head,mask_ring,0.180091,inside,False,True,0
PanTS_00000696,1,3,train,Arterial,0.761719,0.761719,1.25,2,1.25,23666,17164.2,55.4963,>=40,False,1,True,-10,isoattenuating,0.495295,True,head,mask_ring,0.273346,inside,False,True,0
PanTS_00000715,1,1,train,Non-contrast,0.833984,0.833984,5,2,5,514,1787.51,17.3496,10-20,False,1,True,5,isoattenuating,0.351893,True,body,mask_ring,0.615184,inside,False,True,28.7929
PanTS_00000723,1,1,train,Venous,0.742188,0.742188,2.5,2,2.5,1527,2102.84,21.6633,20-40,False,1,True,-52,hypoattenuating,0.222769,True,head,mask_ring,0.130612,inside,False,True,15
PanTS_00000727,1,1,train,Arterial,0.830078,0.830078,5,2,5,7457,25690.5,52.5596,>=40,False,1,True,-17,hypoattenuating,0.871114,True,tail,mask_ring,0.706251,inside,False,True,0.830078
PanTS_00000730,1,0,train,Venous,0.746094,0.746094,5,2,5,2592,7214.26,37.4445,20-40,False,1,True,-67,hypoattenuating,0.694025,True,tail,mask_ring,0.809999,inside,False,True,0
PanTS_00000750,1,4,train,Venous,0.769531,0.769531,2.5,2,2.5,1106,1637.37,20.6193,20-40,False,1,True,35.5,hyperattenuating,0,False,body,mask_ring,0.311743,inside,False,True,0
PanTS_00000761,1,1,train,Non-contrast,0.683594,0.683594,1.25,2,1.25,2229,1302.02,19.5613,10-20,False,1,True,-58,hypoattenuating,0.63528,True,head,mask_ring,0.269268,abutting,False,True,11.743
PanTS_00000766,1,2,train,Venous,1.5,1.5,1.5,2,1.5,140,472.5,18.1246,10-20,False,2,False,7,isoattenuating,0,False,tail,mask_ring,0.797966,inside,False,True,61.2066
PanTS_00000766,2,2,train,Venous,1.5,1.5,1.5,2,1.5,228,769.5,17.3638,10-20,False,2,True,21,hyperattenuating,0.00663717,True,head,mask_ring,0.153536,inside,False,True,13.5831
PanTS_00000771,1,0,train,Venous,0.898438,0.898438,2.5,2,2.5,5822,11748.7,40.6902,>=40,False,1,True,-74,hypoattenuating,0.921069,True,head,mask_ring,0.280317,inside,False,True,0
PanTS_00000797,1,0,train,Venous,0.777344,0.777344,3,2,3,1113,2017.64,23.376,20-40,False,1,True,-14,hypoattenuating,0,False,tail,mask_ring,0.982283,inside,False,True,86.7319
PanTS_00000806,1,4,train,Arterial,0.976562,0.976562,2.5,2,2.5,1095,2610.68,24.4113,20-40,False,1,True,0,isoattenuating,0.504241,True,body,mask_ring,0.573235,inside,False,True,5.25895
PanTS_00000811,1,3,train,Arterial,0.763672,0.763672,1,2,1,11433,6667.67,32.3597,20-40,False,1,True,5,isoattenuating,0.459827,True,head,mask_ring,0.0816635,inside,False,True,1
PanTS_00000814,1,0,train,Venous,0.732422,0.732422,1.2,2,1.2,25095,16154.4,67.9123,>=40,False,2,True,-4,isoattenuating,0,False,body,mask_ring,0.574321,inside,False,True,16.456
PanTS_00000814,2,0,train,Venous,0.732422,0.732422,1.2,2,1.2,1075,692.01,13.0493,10-20,False,2,False,-9,isoattenuating,0,False,tail,mask_ring,0.986123,inside,False,True,92.2603
PanTS_00000836,1,0,train,Non-contrast,0.628906,0.628906,0.8,2,0.8,27034,8554.06,34.4585,20-40,False,1,True,-3,isoattenuating,0.764596,True,head,mask_ring,0.176358,abutting,False,True,5.76024
PanTS_00000839,1,4,train,Non-contrast,0.703125,0.703125,5,2,5,382,944.275,18.5763,10-20,False,1,True,-29,hypoattenuating,0,False,tail,mask_ring,0.99437,abutting,False,True,116.646
PanTS_00000849,1,2,train,Venous,0.871094,0.871094,2.5,2,2.5,405,768.29,17.5088,10-20,False,1,True,15,hyperattenuating,0,False,head,mask_ring,0.415323,inside,False,True,0
PanTS_00000855,1,1,train,Arterial,0.638672,0.638672,5,2,5,263,536.391,13.3841,10-20,False,2,False,4,isoattenuating,0,False,body,mask_ring,0.606173,inside,False,True,49.7861
PanTS_00000855,2,1,train,Arterial,0.638672,0.638672,5,2,5,273,556.786,17.3889,10-20,False,2,True,3,isoattenuating,0,False,head,mask_ring,0.245402,embedded,False,True,15.0678
PanTS_00000860,1,4,train,Non-contrast,0.837891,0.837891,2.5,2,2.5,11166,19598,48.02,>=40,False,1,True,-1,isoattenuating,0.810397,True,head,mask_ring,0.171673,inside,False,True,0.837891
PanTS_00000862,1,3,train,Venous,0.9375,0.9375,2.5,2,2.5,1580,3471.68,21.9419,20-40,False,1,True,28,hyperattenuating,0.427776,True,head,mask_ring,0.2999,inside,False,True,8.71645
PanTS_00000871,1,1,train,Non-contrast,0.839844,0.839844,0.8,2,0.8,15541,8769.33,39.6429,20-40,False,4,True,0,isoattenuating,0.619385,True,head,mask_ring,0.137874,inside,False,False,
PanTS_00000871,2,1,train,Non-contrast,0.839844,0.839844,0.8,2,0.8,835,471.166,18.0351,10-20,False,4,False,3,isoattenuating,0.000337325,True,head,mask_ring,0.23332,embedded,False,False,
PanTS_00000871,3,1,train,Non-contrast,0.839844,0.839844,0.8,2,0.8,4,2.25708,2.4,<5,True,4,False,21,hyperattenuating,0,False,head,mask_ring,0.204904,embedded,False,False,
PanTS_00000871,4,1,train,Non-contrast,0.839844,0.839844,0.8,2,0.8,264,148.967,12.0787,10-20,False,4,False,6.5,isoattenuating,0,False,head,mask_ring,0.307236,embedded,False,False,
PanTS_00000878,1,2,train,Venous,0.84375,0.84375,2.5,2,2.5,3593,6394.77,35.5226,20-40,False,1,True,-2,isoattenuating,0.463248,True,body,mask_ring,0.506863,inside,False,True,0
PanTS_00000881,1,0,train,Arterial,1,1,1,2,1,4668,4668,27.5136,20-40,False,1,True,-19,hypoattenuating,0.696569,True,body,pc1_boundary,0.660839,separated,True,True,29.0689
PanTS_00000911,1,4,train,Venous,0.955078,0.955078,1.25,2,1.25,2368,2700.04,36.1761,20-40,False,1,True,-4,isoattenuating,0,False,head,mask_ring,0.124163,inside,False,False,
PanTS_00000927,1,4,train,Non-contrast,0.820312,0.820312,1,2,1,11301,7604.59,29.7975,20-40,False,1,True,16,hyperattenuating,0.473919,True,body,mask_ring,0.559544,inside,False,True,0.820312
PanTS_00000930,1,3,train,Non-contrast,0.861328,0.861328,7.5,2,7.5,1305,7261.21,41.6031,>=40,False,2,True,-30,hypoattenuating,0,False,body,mask_ring,0.644102,abutting,False,True,69.5193
PanTS_00000930,2,3,train,Non-contrast,0.861328,0.861328,7.5,2,7.5,1018,5664.3,45.8076,>=40,False,2,False,-4,isoattenuating,0.260299,True,body,mask_ring,0.529803,inside,False,True,37.8281
PanTS_00000932,1,2,train,Non-contrast,5,0.884766,0.884766,0,5,172,673.217,13.7353,10-20,False,2,True,-19,hypoattenuating,0,False,head,mask_ring,,abutting,False,True,15.8456
PanTS_00000932,2,2,train,Non-contrast,5,0.884766,0.884766,0,5,105,410.975,12.0341,10-20,False,2,False,-16,hypoattenuating,0,False,head,mask_ring,,embedded,False,True,20
PanTS_00000945,1,3,train,Venous,0.800781,0.800781,2.5,2,2.5,3400,5450.63,27.6907,20-40,False,1,True,14,hyperattenuating,0.37191,True,head,mask_ring,0.182182,inside,False,True,0
PanTS_00000966,1,0,train,Venous,0.683594,0.683594,4,2,4,787,1471.06,19.2034,10-20,False,1,True,-16,hypoattenuating,0.336201,True,head,mask_ring,0.0824252,inside,False,True,0.683594
PanTS_00001012,1,0,train,Venous,0.894531,0.894531,2.5,2,2.5,433,866.201,14.8421,10-20,False,1,True,-19,hypoattenuating,0.0738446,True,head,mask_ring,0.0575596,inside,False,True,5
PanTS_00001016,1,0,train,Venous,0.689453,0.689453,2.5,2,2.5,18965,22537.3,47.3444,>=40,False,1,True,-69,hypoattenuating,0.816228,True,body,mask_ring,0.564182,inside,False,True,5
PanTS_00001021,1,2,train,Non-contrast,0.703125,0.703125,0.8,2,0.8,3980,1574.12,31.0867,20-40,False,1,True,-26,hypoattenuating,0,False,body,pc1_boundary,0.605308,embedded,False,True,23.373
PanTS_00001030,1,4,train,Venous,0.744141,0.744141,2.5,2,2.5,4867,6737.7,35.0353,20-40,False,1,True,-8,isoattenuating,0.678937,True,head,mask_ring,0.0497176,inside,False,True,12.5975
PanTS_00001048,1,4,train,Arterial,0.732,0.732,5,2,5,735,1969.15,19.083,10-20,False,1,True,-11,hypoattenuating,0,False,head,mask_ring,0.210889,abutting,False,True,47.595
PanTS_00001053,1,2,train,Venous,0.703125,0.703125,5,2,5,914,2259.34,18.1669,10-20,False,1,True,-4,isoattenuating,0,False,tail,mask_ring,0.806961,inside,False,True,61.8488
PanTS_00001055,1,0,train,Non-contrast,0.9375,0.9375,2.5,2,2.5,6734,14796.4,35.981,20-40,False,1,True,3,isoattenuating,0.841282,True,head,mask_ring,0.0774494,inside,False,True,2.67
PanTS_00001070,1,2,train,Venous,0.666016,0.666016,1.25,2,1.25,8515,4721.33,25.8916,20-40,False,1,True,-62,hypoattenuating,0.928959,True,head,mask_ring,0.153728,inside,False,True,2.5
PanTS_00001077,1,3,train,Venous,0.917969,0.917969,2.5,2,2.5,3609,7602.96,39.0911,20-40,False,1,True,18,hyperattenuating,0,False,head,mask_ring,0.300287,inside,False,True,0
PanTS_00001079,1,3,train,Arterial,0.931641,0.931641,2.5,2,2.5,434,941.73,13.4946,10-20,False,1,True,17,hyperattenuating,0,False,head,mask_ring,0.16979,inside,False,True,0.931641
PanTS_00001081,1,2,train,Non-contrast,0.658203,0.658203,1.25,2,1.25,15437,8359.74,34.9027,20-40,False,1,True,-13,hypoattenuating,0.730548,True,head,mask_ring,0.0896748,abutting,False,True,1.4127
PanTS_00001082,1,2,train,Arterial,0.756,0.756,0.8,2,0.8,15801,7224.67,43.1384,>=40,False,1,True,3,isoattenuating,0.40217,True,head,mask_ring,0.113132,embedded,False,True,4.53074
PanTS_00001085,1,1,train,Venous,0.976562,0.976562,2.5,2,2.5,1920,4577.63,25.0282,20-40,False,1,True,-32,hypoattenuating,0.452723,True,head,mask_ring,0.152378,inside,False,True,3.31939
PanTS_00001086,1,2,train,Venous,0.851562,0.851562,2.5,2,2.5,1813,3286.78,21.3821,20-40,False,1,True,24,hyperattenuating,0,False,head,mask_ring,0.168718,inside,False,True,0
PanTS_00001091,1,4,train,Arterial,0.798828,0.798828,1.5,2,1.5,3348,3204.67,28.6689,20-40,False,1,True,17,hyperattenuating,0.00512237,True,head,mask_ring,0.193383,inside,False,True,1.59766
PanTS_00001111,1,1,train,Non-contrast,0.78125,0.78125,0.8,2,0.8,1367,667.48,13.1394,10-20,False,1,True,-14,hypoattenuating,0,False,head,mask_ring,0.172522,inside,False,False,
PanTS_00001121,1,0,train,Arterial,0.78125,0.78125,0.8,2,0.8,5404,2638.67,23.2773,20-40,False,1,True,8,isoattenuating,0,False,head,mask_ring,0.154464,inside,False,True,18.7245
PanTS_00001145,1,2,train,Venous,0.625,0.625,5,2,5,1192,2328.12,21.4786,20-40,False,1,True,-26,hypoattenuating,0.584189,True,head,mask_ring,0.269219,inside,False,True,10
PanTS_00001154,1,4,train,Arterial,0.773438,0.773438,2.5,2,2.5,3318,4962.12,29.4409,20-40,False,1,True,13,hyperattenuating,0.27684,True,head,mask_ring,0.0460891,inside,False,True,0.773438
PanTS_00001168,1,4,train,Venous,0.808594,0.808594,2.5,2,2.5,808,1320.72,17.8264,10-20,False,1,True,-10,isoattenuating,0,False,tail,mask_ring,0.770714,inside,False,True,68.1374
PanTS_00001182,1,0,train,Venous,0.976562,0.976562,1.25,2,1.25,76733,91472.8,72.6042,>=40,False,1,True,-58,hypoattenuating,0.823831,True,tail,mask_ring,1.21179,abutting,False,True,29.701
PanTS_00001183,1,4,train,Venous,0.675781,0.675781,5,2,5,64032,146211,83.151,>=40,False,1,True,14,hyperattenuating,0.132744,True,tail,mask_ring,0.795402,abutting,False,True,14.4934
PanTS_00001186,1,2,train,Venous,0.841797,0.841797,5,2,5,7367,26102.1,41.7541,>=40,False,1,True,-95,hypoattenuating,0.925488,True,head,mask_ring,0.135942,inside,False,True,6.53571
PanTS_00001193,1,2,train,Arterial,0.625,0.625,5,2,5,3637,7103.52,31.2812,20-40,False,2,True,9,isoattenuating,0.279158,True,tail,mask_ring,0.614645,abutting,False,True,36.7051
PanTS_00001193,2,2,train,Arterial,0.625,0.625,5,2,5,3044,5945.31,39.8875,20-40,False,2,False,9,isoattenuating,0.420571,True,head,mask_ring,0.279495,inside,False,True,0.625
PanTS_00001197,1,2,train,Non-contrast,0.976562,0.976562,0.8,2,0.8,1339,1021.58,24.9379,20-40,False,1,True,-2,isoattenuating,0.484224,True,head,mask_ring,0.254759,embedded,False,True,14.5432
PanTS_00001215,1,4,train,Venous,0.853516,0.853516,1.5,2,1.5,464,507.029,13.1214,10-20,False,1,True,-1,isoattenuating,0,False,head,mask_ring,0.257801,inside,False,True,30.6411
PanTS_00001254,1,4,train,Arterial,0.966797,0.966797,1.5,2,1.5,1672,2344.22,27.0465,20-40,False,1,True,7.5,isoattenuating,0.413478,True,head,mask_ring,0.205554,inside,False,False,
PanTS_00001258,1,2,train,Non-contrast,0.535156,0.535156,5,2,5,1259,1802.84,22.2372,20-40,False,1,True,-10,isoattenuating,0,False,head,mask_ring,0.306036,embedded,False,False,
PanTS_00001261,1,0,train,Non-contrast,0.769531,0.769531,4,2,4,115,272.402,9.17246,5-10,False,1,True,-2,isoattenuating,0,False,body,mask_ring,0.542067,inside,False,True,9.73389
PanTS_00001268,1,1,train,Venous,0.892,0.892,0.8,2,0.8,10094,6425.15,29.2424,20-40,False,1,True,4,isoattenuating,0.800341,True,head,mask_ring,0.0973135,inside,False,True,0.8
PanTS_00001275,1,0,train,Non-contrast,0.783203,0.783203,1,2,1,4689,2876.27,22.6601,20-40,False,2,True,3,isoattenuating,0,False,head,mask_ring,0.163146,inside,False,True,5.57288
PanTS_00001275,2,0,train,Non-contrast,0.783203,0.783203,1,2,1,471,288.915,12.167,10-20,False,2,False,-18,hypoattenuating,0,False,tail,mask_ring,0.848056,inside,False,True,106.549
PanTS_00001277,1,1,train,Arterial,0.78125,0.78125,1,2,1,3366,2054.44,20.4547,20-40,False,1,True,-8,isoattenuating,0,False,head,mask_ring,0.0737726,inside,False,True,1.4902
PanTS_00001297,1,1,train,Venous,0.878906,0.878906,2.5,2,2.5,3287,6347.82,29.9895,20-40,False,1,True,3,isoattenuating,0.397227,True,head,mask_ring,0.145829,inside,False,True,2.5
PanTS_00001321,1,4,train,Arterial,1.5,1.5,1.5,2,1.5,1974,6662.25,35.05,20-40,False,1,True,3,isoattenuating,0,False,head,mask_ring,0.478803,inside,False,False,
PanTS_00001326,1,0,train,Arterial,0.742188,0.742188,0.625,2,0.625,17685,6088.54,28.9659,20-40,False,1,True,-93,hypoattenuating,0,False,body,mask_ring,0.160062,inside,False,True,17.9947
PanTS_00001327,1,4,train,Non-contrast,0.59375,0.59375,0.8,2,0.8,5614,1583.32,27.4401,20-40,False,2,True,-7,isoattenuating,0,False,head,mask_ring,0.115907,embedded,False,False,
PanTS_00001327,2,4,train,Non-contrast,0.59375,0.59375,0.8,2,0.8,342,96.4547,13.2875,10-20,False,2,False,-28,hypoattenuating,0,False,head,pc1_boundary,0.337668,abutting,False,False,
PanTS_00001331,1,4,train,Venous,0.828125,0.828125,2.5,2,2.5,3344,5733.21,26.5552,20-40,False,1,True,-47,hypoattenuating,0.652023,True,head,mask_ring,0.184638,inside,False,True,0
PanTS_00001347,1,4,train,Venous,0.820312,0.820312,2.5,2,2.5,2733,4597.67,38.6257,20-40,False,1,True,0,isoattenuating,0.51574,True,head,mask_ring,0.237944,inside,False,True,2.59405
PanTS_00001351,1,2,train,Arterial,0.585938,0.585938,0.807299,2,0.807299,10725,2972.59,28.7827,20-40,False,1,True,-14,hypoattenuating,0,False,head,mask_ring,-0.0134038,abutting,False,True,41.3226
PanTS_00001352,1,1,train,Non-contrast,0.78125,0.78125,0.8,2,0.8,23658,11551.8,53.7395,>=40,False,2,True,-5,isoattenuating,0,False,head,mask_ring,0.238962,inside,False,True,14.7623
PanTS_00001352,2,1,train,Non-contrast,0.78125,0.78125,0.8,2,0.8,140,68.3594,8.71296,5-10,False,2,False,-30,hypoattenuating,0,False,head,mask_ring,0.150042,embedded,False,True,33.1752
PanTS_00001359,1,2,train,Non-contrast,0.976562,0.976562,5,2,5,535,2551.08,24.4921,20-40,False,1,True,8,isoattenuating,0.371728,True,head,mask_ring,0.179269,inside,False,False,
PanTS_00001361,1,2,train,Non-contrast,0.78125,0.78125,0.8,2,0.8,6749,3295.41,24.9969,20-40,False,1,True,0,isoattenuating,0,False,tail,mask_ring,0.85738,inside,False,False,
PanTS_00001387,1,2,train,Venous,0.804688,0.804688,5,2,5,1507,4879.08,26.1552,20-40,False,1,True,-31,hypoattenuating,0.0415854,True,head,mask_ring,0.266335,inside,False,True,7.13449
PanTS_00001423,1,2,train,Non-contrast,1,1,1,2,1,1251,1251,25.02,20-40,False,1,True,-20,hypoattenuating,0.465066,True,head,mask_ring,0.118004,embedded,False,True,7.07107
PanTS_00001436,1,1,train,Arterial,0.742188,0.742188,1.25,2,1.25,18804,12947.6,44.6418,>=40,False,2,True,-26,hypoattenuating,0.620371,True,head,mask_ring,0.304452,abutting,False,True,14.7175
PanTS_00001436,2,1,train,Arterial,0.742188,0.742188,1.25,2,1.25,4554,3135.67,27.4107,20-40,False,2,False,-42,hypoattenuating,0,False,head,pc1_boundary,0.133626,abutting,False,True,19.3889
PanTS_00001438,1,1,train,Non-contrast,0.976562,0.976562,2.5,2,2.5,413,984.668,16.1903,10-20,False,4,False,-26,hypoattenuating,0,False,tail,mask_ring,0.98767,inside,False,True,0.976562
PanTS_00001438,2,1,train,Non-contrast,0.976562,0.976562,2.5,2,2.5,2772,6608.96,45.129,>=40,False,4,False,-39,hypoattenuating,0.0513687,True,body,mask_ring,0.483711,abutting,False,True,6.63879
PanTS_00001438,3,1,train,Non-contrast,0.976562,0.976562,2.5,2,2.5,10893,25970.9,66.3801,>=40,False,4,True,-27,hypoattenuating,0.393879,True,body,mask_ring,0.544267,abutting,False,True,6.98869
PanTS_00001438,4,1,train,Non-contrast,0.976562,0.976562,2.5,2,2.5,1519,3621.57,36.4594,20-40,False,4,False,4,isoattenuating,0.199933,True,head,mask_ring,0.0116426,embedded,False,True,0.976562
PanTS_00001450,1,4,train,Non-contrast,0.833984,0.833984,2.5,2,2.5,588,1022.43,22.4943,20-40,False,1,True,-22,hypoattenuating,0.562696,True,head,mask_ring,0.325747,inside,False,True,3.11892
PanTS_00001471,1,2,train,Non-contrast,0.722656,0.722656,5,2,5,2018,5269.32,29.4953,20-40,False,2,True,-26,hypoattenuating,0,False,head,mask_ring,0.333445,embedded,False,True,10.1297
PanTS_00001471,2,2,train,Non-contrast,0.722656,0.722656,5,2,5,153,399.507,18.0664,10-20,False,2,False,-60,hypoattenuating,0,False,body,pc1_boundary,0.382366,separated,True,True,36.8675
PanTS_00001472,1,3,train,Arterial,0.869141,0.869141,0.8,2,0.8,6553,3960.14,27.2711,20-40,False,1,True,10,isoattenuating,0,False,body,mask_ring,0.387353,embedded,False,False,
PanTS_00001477,1,0,train,Non-contrast,0.703125,0.703125,0.8,2,0.8,28334,11206.3,49.1396,>=40,False,2,True,1,isoattenuating,0.0234558,True,head,mask_ring,0.00214798,inside,False,False,
PanTS_00001477,2,0,train,Non-contrast,0.703125,0.703125,0.8,2,0.8,88,34.8047,6.9404,5-10,False,2,False,-1,isoattenuating,0,False,body,pc1_boundary,0.621328,separated,True,False,
PanTS_00001488,1,0,train,Non-contrast,0.947266,0.947266,2.5,2,2.5,2411,5408.55,34.6306,20-40,False,1,True,-23,hypoattenuating,0.81329,True,head,mask_ring,0.227415,inside,False,True,0.947266
PanTS_00001500,1,0,train,Venous,0.796875,0.796875,2.5,2,2.5,1248,1981.23,21.1807,20-40,False,1,True,-34,hypoattenuating,0.21727,True,head,mask_ring,0.0816079,inside,False,True,4.77077
PanTS_00001502,1,2,train,Non-contrast,0.710938,0.710938,0.8,2,0.8,1497,605.306,24.5753,20-40,False,1,True,-5,isoattenuating,0,False,head,mask_ring,-0.0180383,embedded,False,False,
PanTS_00001515,1,2,train,Non-contrast,0.923828,0.923828,2.5,2,2.5,1601,3415.97,24.7998,20-40,False,1,True,-23,hypoattenuating,0,False,head,mask_ring,0.0784867,inside,False,True,3.10867
PanTS_00001517,1,3,train,Non-contrast,0.976562,0.976562,2.5,2,2.5,162,386.238,12.0618,10-20,False,1,True,9,isoattenuating,0,False,head,mask_ring,0.0582169,inside,False,True,0.976562
PanTS_00001519,1,1,train,Non-contrast,0.683594,0.683594,1.25,2,1.25,1130,660.062,15.3098,10-20,False,1,True,-17,hypoattenuating,0.477641,True,head,mask_ring,0.203408,abutting,False,True,14.567
PanTS_00001536,1,3,train,Non-contrast,0.78125,0.78125,0.8,2,0.8,3543,1729.98,37.4715,20-40,False,1,True,0,isoattenuating,0,False,head,mask_ring,0.216481,abutting,False,True,11.0775
PanTS_00001541,1,1,train,Venous,0.703125,0.703125,2.5,2,2.5,6964,8607.24,33.9839,20-40,False,1,True,-13,hypoattenuating,0.431398,True,tail,mask_ring,0.944218,inside,False,True,119.963
PanTS_00001542,1,3,train,Venous,0.9375,0.9375,2.5,2,2.5,9672,21252,40.8324,>=40,False,1,True,25,hyperattenuating,0.901122,True,head,mask_ring,0.110017,inside,False,True,5
PanTS_00001568,1,3,train,Non-contrast,0.820312,0.820312,5,2,5,9660,32501.6,50.337,>=40,False,1,True,0,isoattenuating,0.814238,True,head,mask_ring,0.132727,inside,False,True,2.32019
PanTS_00001582,1,4,train,Venous,0.816406,0.816406,2.5,2,2.5,9299,15494.9,37.623,20-40,False,1,True,41,hyperattenuating,0.736895,True,head,mask_ring,0.106804,inside,False,True,0
PanTS_00001583,1,3,train,Non-contrast,0.785156,0.785156,1.25,2,1.25,4216,3248.8,35.0451,20-40,False,2,False,5,isoattenuating,0.437916,True,body,mask_ring,0.470394,inside,False,True,11.8435
PanTS_00001583,2,3,train,Non-contrast,0.785156,0.785156,1.25,2,1.25,15662,12068.9,36.187,20-40,False,2,True,5,isoattenuating,0.275063,True,tail,mask_ring,0.940905,inside,False,True,11.7199
PanTS_00001592,1,1,train,Non-contrast,0.921875,0.921875,3.75,2,3.75,1375,4382.06,24.8864,20-40,False,1,True,-12,hypoattenuating,0.883136,True,head,mask_ring,0.240766,inside,False,True,8.8032
PanTS_00001601,1,1,train,Venous,0.777344,0.777344,2.5,2,2.5,5067,7654.51,38.9398,20-40,False,1,True,11,hyperattenuating,0,False,head,mask_ring,0.179748,inside,False,True,2.5
PanTS_00001612,1,1,train,Non-contrast,0.8125,0.8125,2.5,2,2.5,3163,5220.19,35.4703,20-40,False,1,True,-31,hypoattenuating,0.304367,True,body,mask_ring,0.483152,abutting,False,True,22.7715
PanTS_00001618,1,0,train,Venous,0.740234,0.740234,2.5,2,2.5,1946,2665.76,25.5933,20-40,False,1,True,17,hyperattenuating,0.235672,True,head,mask_ring,0.235576,inside,False,True,2.5
PanTS_00001645,1,2,train,Non-contrast,0.78125,0.78125,0.8,2,0.8,38363,18731.9,49.8701,>=40,False,1,True,-9,isoattenuating,0.0205872,True,head,mask_ring,0.0925907,abutting,False,True,25.26
PanTS_00001649,1,4,train,Arterial,1,1,1,2,1,2154,2154,21.1187,20-40,False,1,True,-14.9844,hypoattenuating,0,False,head,mask_ring,0.241667,inside,False,True,12.083
PanTS_00001650,1,4,train,Non-contrast,0.703125,0.703125,5,2,5,128,316.406,8.33634,5-10,False,2,False,-31,hypoattenuating,0,False,body,mask_ring,0.390164,inside,False,True,25.1977
PanTS_00001650,2,4,train,Non-contrast,0.703125,0.703125,5,2,5,8264,20428,42.9947,>=40,False,2,True,-30,hypoattenuating,0.855724,True,tail,mask_ring,0.872053,inside,False,True,63.3721
PanTS_00001655,1,0,train,Arterial,0.871094,0.871094,1.25,2,1.25,95351,90441,67.5475,>=40,False,1,True,-6,isoattenuating,0.820711,True,tail,mask_ring,0.674903,inside,False,True,7.85129
PanTS_00001669,1,0,train,Non-contrast,1.5,1.5,1.5,2,1.5,102,344.25,16.6358,10-20,False,1,True,8,isoattenuating,0.0492721,True,head,mask_ring,0.0898633,inside,False,True,35.9374
PanTS_00001670,1,4,train,Non-contrast,0.703125,0.703125,0.8,2,0.8,1499,592.866,19.1773,10-20,False,1,True,10,isoattenuating,0,False,head,mask_ring,0.197474,inside,False,True,29.3638
PanTS_00001672,1,4,train,Non-contrast,0.722656,0.722656,0.8,2,0.8,29864,12476.7,50.3717,>=40,False,1,True,0,isoattenuating,0.60298,True,head,mask_ring,0.21419,abutting,False,False,
PanTS_00001678,1,1,train,Non-contrast,1.5,1.5,1.5,2,1.5,206,695.25,20.4022,20-40,False,1,True,-15,hypoattenuating,0,False,tail,mask_ring,0.972832,inside,False,True,73.7902
PanTS_00001683,1,2,train,Venous,0.742188,0.742188,2.5,2,2.5,2399,3303.68,22.506,20-40,False,1,True,-39,hypoattenuating,0.686092,True,head,mask_ring,0.0701515,inside,False,True,3.88117
PanTS_00001727,1,3,train,Non-contrast,0.75,0.75,3,2,3,984,1660.5,17.621,10-20,False,2,False,-7,isoattenuating,0,False,head,mask_ring,0.425514,inside,False,True,13.4164
PanTS_00001727,2,3,train,Non-contrast,0.75,0.75,3,2,3,11973,20204.4,63.9306,>=40,False,2,True,-3,isoattenuating,0.767739,True,head,mask_ring,0.242167,inside,False,True,0.75
PanTS_00001732,1,2,train,Venous,0.763672,0.763672,2.5,2,2.5,27046,39432.7,52.9095,>=40,False,1,True,-56,hypoattenuating,0.802085,True,head,mask_ring,0.200223,inside,False,True,3.71908
PanTS_00001736,1,0,train,Arterial,1,1,1,2,1,3740,3740,32.1403,20-40,False,1,True,-10.0099,hypoattenuating,0.543898,True,head,mask_ring,0.191572,inside,False,False,
PanTS_00001749,1,0,train,Non-contrast,0.976562,0.976562,3.75,2,3.75,4721,16883.6,50.1517,>=40,False,2,True,2,isoattenuating,0.82704,True,head,mask_ring,-0.00523907,abutting,False,True,49.2532
PanTS_00001749,2,0,train,Non-contrast,0.976562,0.976562,3.75,2,3.75,105,375.509,10.6969,10-20,False,2,False,-13,hypoattenuating,0,False,head,pc1_boundary,-0.0879648,separated,True,True,60.0784
PanTS_00001751,1,4,train,Non-contrast,1.5,1.5,1.5,2,1.5,558,1883.25,24.8294,20-40,False,2,False,10,isoattenuating,0,False,tail,mask_ring,0.836187,inside,False,True,54.9295
PanTS_00001751,2,4,train,Non-contrast,1.5,1.5,1.5,2,1.5,1106,3732.75,38.5065,20-40,False,2,True,-19,hypoattenuating,0.0892001,True,head,mask_ring,0.128972,inside,False,True,3.67423
PanTS_00001771,1,2,train,Arterial,0.976562,0.976562,5,2,5,192,915.527,15.1873,10-20,False,1,True,8,isoattenuating,0.19696,True,head,mask_ring,0.164066,inside,False,False,
PanTS_00001787,1,1,train,Non-contrast,0.888672,0.888672,5,2,5,267,1054.3,19.4476,10-20,False,1,True,-1,isoattenuating,0,False,head,mask_ring,0.00845778,inside,False,False,
PanTS_00001802,1,4,train,Non-contrast,0.898438,0.898438,0.8,2,0.8,3150,2034.12,18.8384,10-20,False,1,True,17,hyperattenuating,0,False,body,mask_ring,0.366763,inside,False,False,
PanTS_00001816,1,3,train,Non-contrast,0.802734,0.802734,2.5,2,2.5,17746,28588,57.4192,>=40,False,1,True,-18,hypoattenuating,0.525259,True,body,mask_ring,0.544505,inside,False,True,26.126
PanTS_00001823,1,4,train,Non-contrast,1.5,1.5,1.5,2,1.5,154,519.75,11.5217,10-20,False,1,True,-25,hypoattenuating,0,False,head,mask_ring,0.104808,inside,False,False,
PanTS_00001826,1,4,train,Non-contrast,0.777344,0.777344,0.7,2,0.7,56922,24077.1,63.2024,>=40,False,1,True,-18,hypoattenuating,0,False,body,mask_ring,0.456636,inside,False,True,3.1872
PanTS_00001829,1,2,train,Non-contrast,0.976562,0.976562,0.8,2,0.8,596,454.711,13.2507,10-20,False,1,True,2,isoattenuating,0,False,body,mask_ring,0.359827,inside,False,True,7.10948
PanTS_00001840,1,3,train,Non-contrast,3,0.767578,0.767578,0,3,10990,19425.1,37.0396,20-40,False,1,True,-29,hypoattenuating,0.897133,True,head,mask_ring,,inside,False,True,7.07672
PanTS_00001850,1,1,train,Non-contrast,0.976562,0.976562,1.25,2,1.25,13322,15881,46.4407,>=40,False,1,True,0,isoattenuating,0.800807,True,head,mask_ring,0.055691,abutting,False,True,36.8901
PanTS_00001856,1,1,train,Venous,0.777344,0.777344,2.5,2,2.5,1750,2643.65,26.6273,20-40,False,1,True,30,hyperattenuating,0.204286,True,head,mask_ring,0.193064,inside,False,True,0.777344
PanTS_00001870,1,2,train,Non-contrast,0.947266,0.947266,2.5,2,2.5,879,1971.84,23.8411,20-40,False,1,True,11,hyperattenuating,0,False,head,mask_ring,0.20636,inside,False,False,
PanTS_00001873,1,4,train,Non-contrast,0.742188,0.742188,5,2,5,4094,11275.7,53.4574,>=40,False,1,True,7.5,isoattenuating,0.186233,True,tail,mask_ring,0.816265,inside,False,True,38.5982
PanTS_00001874,1,2,train,Non-contrast,0.785156,0.785156,0.7,2,0.7,964,415.994,13.7834,10-20,False,1,True,-8,isoattenuating,0,False,head,mask_ring,0.060049,abutting,False,True,10.534
PanTS_00001876,1,1,train,Non-contrast,0.722656,0.722656,0.625,2,0.625,491,160.26,11.2746,10-20,False,2,False,-18,hypoattenuating,0,False,head,mask_ring,-0.0126682,embedded,False,False,
PanTS_00001876,2,1,train,Non-contrast,0.722656,0.722656,0.625,2,0.625,27967,9128.28,39.4021,20-40,False,2,True,0,isoattenuating,0.630572,True,head,mask_ring,0.225558,abutting,False,False,
PanTS_00001878,1,4,train,Non-contrast,0.835,0.835,5,2,5,24854,86644.1,135.095,>=40,False,2,True,2,isoattenuating,0.591607,True,head,mask_ring,0.202591,abutting,False,False,
PanTS_00001878,2,4,train,Non-contrast,0.835,0.835,5,2,5,1969,6864.18,62.0637,>=40,False,2,False,-3,isoattenuating,0.073823,True,tail,mask_ring,0.855549,abutting,False,False,
PanTS_00001913,1,1,train,Venous,0.916016,0.916016,3,2,3,5069,12760,46.8974,>=40,False,1,True,26,hyperattenuating,0,False,tail,mask_ring,0.83382,inside,False,True,63.8571
PanTS_00001922,1,2,train,Venous,0.742188,0.742188,2.5,2,2.5,1339,1843.95,21.2137,20-40,False,1,True,11,hyperattenuating,0.390139,True,head,mask_ring,0.263546,inside,False,True,0.742188
PanTS_00001923,1,2,train,Non-contrast,0.732422,0.732422,2,2,2,22105,23716.1,48.6504,>=40,False,1,True,-41,hypoattenuating,0.879061,True,tail,mask_ring,0.886239,inside,False,True,11.0065
PanTS_00001941,1,0,train,Venous,0.884766,0.884766,2.5,2,2.5,1779,3481.55,22.1718,20-40,False,1,True,7,isoattenuating,0.299636,True,head,mask_ring,0.304435,inside,False,True,4.33301
PanTS_00001946,1,0,train,Arterial,0.742188,0.742188,1.25,2,1.25,114710,78984,87.8829,>=40,False,1,True,-19,hypoattenuating,0.304128,True,head,mask_ring,0.159262,abutting,False,True,6.75499
PanTS_00001964,1,4,train,Venous,0.779297,0.779297,2.5,2,2.5,2543,3860.93,27.647,20-40,False,1,True,30,hyperattenuating,0.677845,True,head,mask_ring,0.166807,inside,False,True,2.5
PanTS_00001968,1,2,train,Non-contrast,0.814453,0.814453,0.625,2,0.625,2236,927.009,24.641,20-40,False,1,True,-12,hypoattenuating,0,False,head,mask_ring,0.280097,inside,False,True,15.9017
PanTS_00001973,1,4,train,Arterial,0.742188,0.742188,1.25,2,1.25,43715,30100.1,45.4974,>=40,False,1,True,-90,hypoattenuating,0,False,body,mask_ring,0.602767,abutting,False,True,2.95355
PanTS_00001996,1,2,train,Non-contrast,0.955078,0.955078,2.5,2,2.5,1139,2597.42,22.2091,20-40,False,3,True,-4,isoattenuating,0.313519,True,head,pc1_boundary,0.123664,separated,True,True,13.7547
PanTS_00001996,2,2,train,Non-contrast,0.955078,0.955078,2.5,2,2.5,351,800.433,19.4954,10-20,False,3,False,3,isoattenuating,0.124138,True,head,mask_ring,0.162514,abutting,False,True,7.89931
PanTS_00001996,3,2,train,Non-contrast,0.955078,0.955078,2.5,2,2.5,126,287.335,12.1436,10-20,False,3,False,-11.5,hypoattenuating,0,False,tail,mask_ring,0.751545,inside,False,True,57.9997
PanTS_00002012,1,2,train,Arterial,0.693359,0.693359,2.5,2,2.5,4758,5718.48,26.7191,20-40,False,1,True,2,isoattenuating,0.702438,True,head,mask_ring,0.164267,inside,False,True,0.693359
PanTS_00002014,1,1,train,Venous,0.949219,0.949219,5,2,5,2626,11830.3,36.4678,20-40,False,1,True,16,hyperattenuating,0.57748,True,head,mask_ring,0.0755366,inside,False,True,1.3424
PanTS_00002028,1,1,train,Venous,0.976562,0.976562,2.5,2,2.5,2212,5273.81,25.623,20-40,False,1,True,-20,hypoattenuating,0.606899,True,tail,mask_ring,0.70805,inside,False,True,0
PanTS_00002071,1,4,train,Arterial,0.742188,0.742188,1.25,2,1.25,26736,18409.2,43.13,>=40,False,1,True,-28,hypoattenuating,0.816191,True,head,mask_ring,0.0299598,inside,False,True,1.04961
PanTS_00002081,1,1,train,Non-contrast,1.29688,5,1.29688,2,1.29688,1022,8594.43,36.9047,20-40,False,1,True,10,isoattenuating,0,False,head,mask_ring,0.254304,inside,False,True,1.29688
PanTS_00002091,1,0,train,Non-contrast,0.78125,0.78125,0.8,2,0.8,33877,16541.5,46.6586,>=40,False,1,True,4,isoattenuating,0.678952,True,head,mask_ring,0.21446,inside,False,False,
PanTS_00002094,1,2,train,Arterial,0.679688,0.679688,1.25,2,1.25,18610,10746.7,42.746,>=40,False,1,True,-73,hypoattenuating,0.617042,True,head,mask_ring,0.216033,inside,False,True,0
PanTS_00002095,1,0,train,Non-contrast,0.800781,0.800781,0.8,2,0.8,4833,2479.33,30.6163,20-40,False,2,True,4,isoattenuating,0.148823,True,head,mask_ring,0.0952111,inside,False,False,
PanTS_00002095,2,0,train,Non-contrast,0.800781,0.800781,0.8,2,0.8,24,12.312,3.39577,<5,False,2,False,25.5,hyperattenuating,0.00702885,True,head,mask_ring,0.0962101,inside,False,False,
PanTS_00002098,1,1,train,Arterial,0.900391,0.900391,1.25,2,1.25,1209,1225.18,18.1017,10-20,False,1,True,-60,hypoattenuating,0,False,body,mask_ring,0.676988,inside,False,True,9.65257
PanTS_00002102,1,4,train,Arterial,1,1,1,2,1,2055,2055,28.6531,20-40,False,6,True,-5.98154,isoattenuating,0,False,head,mask_ring,0.168467,inside,False,True,11.6619
PanTS_00002102,2,4,train,Arterial,1,1,1,2,1,9,9,2.82843,<5,False,6,False,-2.99077,isoattenuating,0,False,head,mask_ring,0.247915,inside,False,True,23.0434
PanTS_00002102,3,4,train,Arterial,1,1,1,2,1,3,3,2,<5,True,6,False,-30.9758,hypoattenuating,0,False,head,mask_ring,0.289967,inside,False,True,30.2655
PanTS_00002102,4,4,train,Arterial,1,1,1,2,1,3,3,2,<5,True,6,False,8.02625,isoattenuating,0,False,head,mask_ring,0.243414,inside,False,True,22.2036
PanTS_00002102,5,4,train,Arterial,1,1,1,2,1,588,588,22.561,20-40,False,6,False,-5.98154,isoattenuating,0,False,head,mask_ring,0.249083,inside,False,True,2
PanTS_00002102,6,4,train,Arterial,1,1,1,2,1,3,3,2,<5,True,6,False,-32.99,hypoattenuating,0,False,head,mask_ring,0.28302,inside,False,True,23.8537
PanTS_00002107,1,0,train,Non-contrast,0.710938,0.710938,0.8,2,0.8,1514,612.179,24.5753,20-40,False,1,True,-5,isoattenuating,0,False,head,mask_ring,-0.0182947,embedded,False,False,
PanTS_00002123,1,3,train,Non-contrast,0.822266,0.822266,0.8,2,0.8,1501,811.886,25.0974,20-40,False,2,False,0,isoattenuating,0,False,head,mask_ring,0.00787558,inside,False,True,58.6677
PanTS_00002123,2,3,train,Non-contrast,0.822266,0.822266,0.8,2,0.8,5905,3193.99,32.5166,20-40,False,2,True,7,isoattenuating,0,False,head,mask_ring,0.125934,inside,False,True,31.0731
PanTS_00002126,1,4,train,Non-contrast,1.5,1.5,1.5,2,1.5,94,317.25,13.5,10-20,False,1,True,-52.5,hypoattenuating,0,False,head,mask_ring,0.163529,embedded,False,True,15.6605
PanTS_00002142,1,3,train,Non-contrast,0.78125,0.78125,0.8,2,0.8,7751,3784.67,30.3272,20-40,False,2,True,-11,hypoattenuating,0.492192,True,head,mask_ring,0.00782325,inside,False,True,34.3165
PanTS_00002142,2,3,train,Non-contrast,0.78125,0.78125,0.8,2,0.8,3642,1778.32,26.1673,20-40,False,2,False,6,isoattenuating,0,False,head,mask_ring,0.120745,inside,False,True,9.31669
PanTS_00002177,1,2,train,Non-contrast,0.75,0.75,0.8,2,0.8,8595,3867.75,29.4404,20-40,False,1,True,8,isoattenuating,0,False,head,mask_ring,0.0790542,abutting,False,True,20.4044
PanTS_00002186,1,4,train,Non-contrast,0.78125,0.78125,0.8,2,0.8,669,326.66,12.5614,10-20,False,1,True,2,isoattenuating,0,False,head,mask_ring,0.492494,inside,False,True,12.2269
PanTS_00002187,1,0,train,Non-contrast,1.54492,5,1.54492,2,1.54492,631,7530.3,35.076,20-40,False,2,True,0,isoattenuating,0,False,head,mask_ring,0.225401,inside,False,True,8.31966
PanTS_00002187,2,0,train,Non-contrast,1.54492,5,1.54492,2,1.54492,8,95.4713,5.5703,5-10,False,2,False,15,hyperattenuating,0,False,head,mask_ring,0.352416,inside,False,True,11.0218
PanTS_00002196,1,4,train,Non-contrast,0.828125,0.828125,5,2,5,250,857.239,13.6578,10-20,False,2,False,-22,hypoattenuating,0,False,body,mask_ring,,inside,False,True,8.91918
PanTS_00002196,2,4,train,Non-contrast,0.828125,0.828125,5,2,5,486,1666.47,17.5831,10-20,False,2,True,-5,isoattenuating,0,False,body,mask_ring,,inside,False,True,17.4514
PanTS_00002205,1,3,train,Venous,1,1,1,2,1,1554,1554,30.7409,20-40,False,6,True,-24.9943,hypoattenuating,0,False,body,mask_ring,0.547756,inside,False,True,59.6741
PanTS_00002205,2,3,train,Venous,1,1,1,2,1,21,21,3.74166,<5,False,6,False,-5.00496,isoattenuating,0,False,body,mask_ring,0.645844,inside,False,True,105.816
PanTS_00002205,3,3,train,Venous,1,1,1,2,1,4,4,1.41421,<5,True,6,False,-61.0056,hypoattenuating,0,False,body,pc1_boundary,0.402458,inside,False,True,40.7308
PanTS_00002205,4,3,train,Venous,1,1,1,2,1,489,489,16.2481,10-20,False,6,False,-63.9963,hypoattenuating,0.391195,True,tail,pc1_boundary,0.709547,inside,False,True,105.991
PanTS_00002205,5,3,train,Venous,1,1,1,2,1,6,6,2.23607,<5,True,6,False,-56.5042,hypoattenuating,0,False,tail,pc1_boundary,0.760686,inside,False,True,122.87
PanTS_00002205,6,3,train,Venous,1,1,1,2,1,93,93,12.2474,10-20,False,6,False,-53.0098,hypoattenuating,0,False,tail,pc1_boundary,0.880341,inside,False,True,149.963
PanTS_00002211,1,2,train,Non-contrast,0.976562,0.976562,0.625,2,0.625,18174,10832.5,37.8699,20-40,False,1,True,9,isoattenuating,0.77668,True,head,mask_ring,0.0817253,inside,False,True,33.367
PanTS_00002213,1,2,train,Non-contrast,0.658203,0.658203,2.51689,2,2.51689,3395,3701.89,28.8301,20-40,False,2,True,-16,hypoattenuating,0.370802,True,head,mask_ring,0.0794129,inside,False,True,6.01413
PanTS_00002213,2,2,train,Non-contrast,0.658203,0.658203,2.51689,2,2.51689,985,1074.04,19.0032,10-20,False,2,False,-5,isoattenuating,0,False,body,mask_ring,0.382095,inside,False,True,36.0044
PanTS_00002232,1,2,train,Arterial,0.820312,0.820312,2.5,2,2.5,3867,6505.37,26.1627,20-40,False,1,True,-28,hypoattenuating,0.840493,True,body,mask_ring,0.643076,inside,False,True,0.820312
PanTS_00002235,1,0,train,Non-contrast,0.748047,0.748047,5,2,5,572,1600.38,18.3799,10-20,False,3,False,4,isoattenuating,0,False,body,mask_ring,0.643356,inside,False,True,50.0191
PanTS_00002235,2,0,train,Non-contrast,0.748047,0.748047,5,2,5,833,2330.63,31.3259,20-40,False,3,True,3,isoattenuating,0,False,head,pc1_boundary,0.189268,separated,True,True,22.3749
PanTS_00002235,3,0,train,Non-contrast,0.748047,0.748047,5,2,5,366,1024.02,15.7921,10-20,False,3,False,-8.5,isoattenuating,0,False,head,mask_ring,0.0931069,abutting,False,True,16.5095
PanTS_00002243,1,3,train,Non-contrast,0.761719,0.761719,5,2,5,2666,7734.27,41.3677,>=40,False,1,True,-8,isoattenuating,0,False,tail,mask_ring,0.916188,inside,False,True,63.8986
PanTS_00002249,1,0,train,Non-contrast,0.78125,0.78125,2,2,2,51940,63403.3,77.4629,>=40,False,1,True,36,hyperattenuating,0.682864,True,tail,mask_ring,0.815742,inside,False,False,
PanTS_00002262,1,4,train,Non-contrast,0.765625,0.765625,0.8,2,0.8,1589,745.154,20.3314,20-40,False,1,True,,unknown,0,False,head,mask_ring,,abutting,False,False,
PanTS_00002269,1,4,train,Venous,0.777344,0.777344,1.25,2,1.25,19466,14703.2,42.0432,>=40,False,1,True,-9,isoattenuating,0.742353,True,head,mask_ring,0.354441,inside,False,True,0
PanTS_00002275,1,0,train,Non-contrast,0.689453,0.689453,1.5,2,1.5,6800,4848.53,27.9327,20-40,False,1,True,-9,isoattenuating,0.166361,True,head,mask_ring,0.128592,abutting,False,True,23.2473
PanTS_00002276,1,1,train,Non-contrast,1.5,1.5,1.5,2,1.5,554,1869.75,21.1069,20-40,False,1,True,6,isoattenuating,0,False,body,mask_ring,0.646102,inside,False,True,46.5242
PanTS_00002279,1,1,train,Venous,0.777344,0.777344,2.5,2,2.5,4643,7013.99,35.8786,20-40,False,1,True,-2,isoattenuating,0.455629,True,head,mask_ring,0.110691,inside,False,True,0
PanTS_00002287,1,2,train,Non-contrast,0.785156,0.785156,2.5,2,2.5,883,1360.86,26.0816,20-40,False,1,True,0,isoattenuating,0.109208,True,head,mask_ring,0.176709,inside,False,False,
PanTS_00002304,1,3,train,Arterial,0.742188,0.742188,1.25,2,1.25,13420,9240.39,37.4854,20-40,False,1,True,-7,isoattenuating,0.741241,True,head,mask_ring,0.0566004,inside,False,True,0
PanTS_00002323,1,1,train,Non-contrast,0.941406,0.941406,5,2,5,205,908.401,17.2006,10-20,False,1,True,-14,hypoattenuating,0,False,body,mask_ring,0.490744,inside,False,True,38.4737
PanTS_00002329,1,1,train,Venous,0.695312,0.695312,1.25,2,1.25,11885,7182.38,27.3492,20-40,False,1,True,3,isoattenuating,0.446304,True,tail,mask_ring,0.905123,inside,False,False,
PanTS_00002340,1,1,train,Non-contrast,0.976562,0.976562,1,2,1,789,752.449,14.0461,10-20,False,1,True,10,isoattenuating,0,False,tail,mask_ring,0.557866,inside,False,True,23.0638
PanTS_00002345,1,4,train,Venous,0.976562,0.976562,5,2,5,932,4444.12,25.6495,20-40,False,1,True,-7,isoattenuating,0.588117,True,head,mask_ring,0.111339,inside,False,True,3.52104
PanTS_00002353,1,0,train,Non-contrast,1.5,1.5,1.5,2,1.5,894,3017.25,29.0086,20-40,False,1,True,-8,isoattenuating,0,False,head,mask_ring,0.0743731,inside,False,True,13.5831
PanTS_00002362,1,2,train,Non-contrast,0.662,0.662,0.8,2,0.8,16358,5735.04,53.1526,>=40,False,2,True,-4,isoattenuating,0,False,head,mask_ring,0.124558,abutting,False,False,
PanTS_00002362,2,2,train,Non-contrast,0.662,0.662,0.8,2,0.8,1260,441.75,22.3687,20-40,False,2,False,-11,hypoattenuating,0,False,head,pc1_boundary,0.231748,separated,True,False,
PanTS_00002388,1,1,train,Arterial,0.763672,0.763672,1.25,2,1.25,33662,24539.4,58.0039,>=40,False,1,True,-12,hypoattenuating,0.739834,True,head,mask_ring,0.147792,inside,False,True,0
PanTS_00002396,1,3,train,Non-contrast,0.787109,0.787109,2.59024,2,2.59024,758,1216.41,23.7962,20-40,False,1,True,0,isoattenuating,0,False,tail,mask_ring,0.877137,inside,False,True,71.9521
PanTS_00002417,1,4,train,Non-contrast,0.732422,0.732422,5,2,5,361,968.278,18.1132,10-20,False,2,True,-8,isoattenuating,0,False,tail,mask_ring,0.946859,inside,False,True,58.5001
PanTS_00002417,2,4,train,Non-contrast,0.732422,0.732422,5,2,5,284,761.748,16.3842,10-20,False,2,False,7,isoattenuating,0,False,head,mask_ring,0.46013,abutting,False,True,29.3008
PanTS_00002435,1,3,train,Arterial,0.742188,0.742188,1.25,2,1.25,14171,9757.5,45.1244,>=40,False,1,True,-41,hypoattenuating,0.173487,True,head,mask_ring,0.174068,inside,False,True,0
PanTS_00002445,1,1,train,Non-contrast,0.785,0.785,0.8,2,0.8,19667,9695.44,51.7465,>=40,False,1,True,2,isoattenuating,0.159866,True,head,mask_ring,0.147393,inside,False,True,15.4851
PanTS_00002451,1,1,train,Non-contrast,5,0.75,0.75,0,5,2107,5925.94,29.0485,20-40,False,1,True,3,isoattenuating,0,False,head,mask_ring,,inside,False,False,
PanTS_00002464,1,3,train,Non-contrast,0.816406,0.816406,2.5,2,2.5,829,1381.36,18.516,10-20,False,2,False,-10,isoattenuating,0,False,tail,mask_ring,1.00537,inside,False,True,0.816406
PanTS_00002464,2,3,train,Non-contrast,0.816406,0.816406,2.5,2,2.5,2684,4472.34,31.8019,20-40,False,2,True,20,hyperattenuating,0.250326,True,head,mask_ring,0.164036,inside,False,True,0.816406
PanTS_00002466,1,3,train,Non-contrast,0.78125,0.78125,0.8,2,0.8,38417,18758.3,50.1203,>=40,False,1,True,-12,hypoattenuating,0.401406,True,head,mask_ring,0.014764,abutting,False,True,25.3685
PanTS_00002468,1,1,train,Non-contrast,0.78125,0.78125,0.8,2,0.8,6568,3207.03,22.5416,20-40,False,1,True,-12,hypoattenuating,0,False,head,mask_ring,0.182702,inside,False,True,73.7367
PanTS_00002479,1,4,train,Non-contrast,0.765625,0.765625,0.8,2,0.8,289,135.525,9.03649,5-10,False,5,False,1,isoattenuating,0,False,head,pc1_boundary,0.341987,embedded,False,False,
PanTS_00002479,2,4,train,Non-contrast,0.765625,0.765625,0.8,2,0.8,36,16.882,3.62095,<5,False,5,False,-10.5,hypoattenuating,0,False,body,pc1_boundary,0.478969,embedded,False,False,
PanTS_00002479,3,4,train,Non-contrast,0.765625,0.765625,0.8,2,0.8,12,5.62734,2.84688,<5,True,5,False,-67,hypoattenuating,0,False,body,pc1_boundary,0.459412,embedded,False,False,
PanTS_00002479,4,4,train,Non-contrast,0.765625,0.765625,0.8,2,0.8,1625,762.036,20.3314,20-40,False,5,True,0,isoattenuating,0,False,head,mask_ring,0.648372,embedded,False,False,
PanTS_00002479,5,4,train,Non-contrast,0.765625,0.765625,0.8,2,0.8,156,73.1555,7.59856,5-10,False,5,False,-3,isoattenuating,0,False,body,pc1_boundary,0.651869,embedded,False,False,
PanTS_00002483,1,1,train,Non-contrast,0.878906,0.878906,0.8,2,0.8,1749,1080.85,16.5233,10-20,False,1,True,-2,isoattenuating,0,False,head,mask_ring,0.0634797,inside,False,False,
PanTS_00002495,1,2,train,Non-contrast,0.782,0.782,5,2,5,2688,8218.88,31.8181,20-40,False,1,True,-24,hypoattenuating,0.824424,True,body,mask_ring,0.606757,abutting,False,True,24.0766
PanTS_00002497,1,1,train,Non-contrast,0.628906,0.628906,5,2,5,577,1141.08,16.7955,10-20,False,2,False,0,isoattenuating,0,False,tail,mask_ring,0.621718,inside,False,False,
PanTS_00002497,2,1,train,Non-contrast,0.628906,0.628906,5,2,5,1574,3112.76,32.3472,20-40,False,2,True,2,isoattenuating,0,False,head,mask_ring,0.129613,inside,False,False,
PanTS_00002498,1,2,train,Arterial,1,1,1,2,1,4599,4599,32.45,20-40,False,1,True,-7.01915,isoattenuating,0.506442,True,head,mask_ring,0.164658,inside,False,True,1
PanTS_00002514,1,2,train,Venous,0.923828,0.923828,2.5,2,2.5,1880,4011.25,25.4903,20-40,False,1,True,39,hyperattenuating,0,False,head,mask_ring,0.153251,inside,False,True,0.923828
PanTS_00002541,1,1,train,Venous,0.892578,0.892578,3,2,3,1726,4125.29,21.9983,20-40,False,1,True,32,hyperattenuating,0,False,body,mask_ring,0.575408,inside,False,True,62.2229
PanTS_00002567,1,1,train,Venous,0.859375,0.859375,2.5,2,2.5,2983,5507.55,27.776,20-40,False,1,True,10,isoattenuating,0.574584,True,head,mask_ring,0.179554,inside,False,True,2.5
PanTS_00002572,1,0,train,Non-contrast,0.808594,0.808594,5,2,5,743,2428.96,26.5109,20-40,False,1,True,-1,isoattenuating,0,False,tail,mask_ring,0.928674,inside,False,True,44.1847
PanTS_00002585,1,3,train,Non-contrast,0.832031,0.832031,2.5,2,2.5,5724,9906.46,35.1243,20-40,False,1,True,-13,hypoattenuating,0.751111,True,head,mask_ring,0.325266,inside,False,True,1.66406
PanTS_00002592,1,1,train,Non-contrast,0.759766,0.759766,5,2,5,461,1330.55,18.4427,10-20,False,1,True,6,isoattenuating,0.097561,True,head,mask_ring,0.356579,inside,False,True,35.4164
PanTS_00002593,1,3,train,Non-contrast,0.785156,0.785156,2.5,2,2.5,2585,3983.94,23.0687,20-40,False,1,True,-22,hypoattenuating,0.779372,True,head,mask_ring,0.232599,inside,False,True,0.785156
PanTS_00002597,1,4,train,Non-contrast,0.919922,0.919922,3.75,2,3.75,3666,11633.9,41.9146,>=40,False,1,True,10,isoattenuating,0.224972,True,head,mask_ring,0.179399,inside,False,True,18.0846
PanTS_00002609,1,4,train,Venous,0.777344,0.777344,2.5,2,2.5,3810,5755.61,29.5093,20-40,False,1,True,18,hyperattenuating,0.719789,True,head,mask_ring,0.230341,inside,False,True,0
PanTS_00002616,1,1,train,Venous,0.730469,0.730469,2.5,2,2.5,3364,4487.45,25.5554,20-40,False,1,True,7,isoattenuating,0,False,head,mask_ring,0.172749,inside,False,True,0
PanTS_00002628,1,2,train,Non-contrast,0.976562,0.976562,2.5,2,2.5,4809,11465.5,34.998,20-40,False,1,True,-5,isoattenuating,0.811182,True,head,mask_ring,0.143532,inside,False,True,0.976562
PanTS_00002643,1,3,train,Non-contrast,0.886719,0.886719,2.5,2,2.5,179,351.856,11.4914,10-20,False,1,True,-41,hypoattenuating,0,False,head,mask_ring,0.0850244,inside,False,True,17.5896
PanTS_00002652,1,2,train,Non-contrast,0.824219,0.824219,2.5,2,2.5,4219,7165.3,40.3548,>=40,False,2,True,-41,hypoattenuating,0.140129,True,head,mask_ring,-0.0309947,abutting,False,True,29.9455
PanTS_00002652,2,2,train,Non-contrast,0.824219,0.824219,2.5,2,2.5,1379,2342.01,24.392,20-40,False,2,False,6,isoattenuating,0.273987,True,head,mask_ring,0.273203,inside,False,True,10.2681
PanTS_00002677,1,2,train,Non-contrast,0.746094,0.746094,0.8,2,0.8,2635,1173.43,15.5312,10-20,False,1,True,-21,hypoattenuating,0.556831,True,head,mask_ring,0.122223,inside,False,False,
PanTS_00002686,1,2,train,Non-contrast,0.947266,0.947266,2.5,2,2.5,732,1642.08,22.1721,20-40,False,2,True,-37,hypoattenuating,0,False,tail,mask_ring,0.667666,inside,False,True,0.947266
PanTS_00002686,2,2,train,Non-contrast,0.947266,0.947266,2.5,2,2.5,372,834.5,13.6842,10-20,False,2,False,-49,hypoattenuating,0,False,tail,mask_ring,0.914701,inside,False,True,21.8579
PanTS_00002720,1,0,train,Venous,0.878906,0.878906,5,2,5,189621,732388,147.43,>=40,False,1,True,5,isoattenuating,0,False,tail,mask_ring,1.54252,abutting,False,True,43.8381
PanTS_00002729,1,4,train,Non-contrast,0.785156,0.785156,1.25,2,1.25,17954,13835.1,40.1558,>=40,False,2,True,7,isoattenuating,0.859197,True,body,mask_ring,0.441258,inside,False,True,0.785156
PanTS_00002729,2,4,train,Non-contrast,0.785156,0.785156,1.25,2,1.25,10941,8431,35.3565,20-40,False,2,False,3,isoattenuating,0.572121,True,tail,mask_ring,0.938324,inside,False,True,0.785156
PanTS_00002734,1,3,train,Non-contrast,0.742188,0.742188,3,2,3,16911,27945.9,55.0738,>=40,False,1,True,-28,hypoattenuating,0.882608,True,tail,mask_ring,0.824757,inside,False,True,27.8512
PanTS_00002741,1,4,train,Venous,0.708984,0.708984,2.5,2,2.5,7232,9088.06,33.4234,20-40,False,1,True,-12,hypoattenuating,0.349437,True,head,mask_ring,0.194118,inside,False,True,0
PanTS_00002750,1,4,train,Non-contrast,0.722656,0.722656,0.8,2,0.8,6286,2626.2,39.4828,20-40,False,2,True,-5,isoattenuating,0.181181,True,head,mask_ring,0.306201,inside,False,False,
PanTS_00002750,2,4,train,Non-contrast,0.722656,0.722656,0.8,2,0.8,2076,867.322,21.5522,20-40,False,2,False,-6,isoattenuating,0,False,body,mask_ring,0.648437,inside,False,False,
PanTS_00002759,1,2,train,Venous,0.78125,0.78125,5,2,5,23909,72964.5,66.6038,>=40,False,1,True,-1,isoattenuating,0.0379944,True,tail,mask_ring,0.732921,abutting,False,False,
PanTS_00002779,1,1,train,Non-contrast,0.78125,0.78125,0.8,2,0.8,33984,16593.8,46.6586,>=40,False,1,True,4,isoattenuating,0.606501,True,head,mask_ring,0.214695,inside,False,False,
PanTS_00002829,1,4,train,Venous,0.789063,0.789063,1.25,2,1.25,1688,1313.73,22.5215,20-40,False,1,True,-50,hypoattenuating,0.777341,True,head,mask_ring,0.206992,inside,False,True,10.3475
PanTS_00002849,1,0,train,Non-contrast,0.892,0.892,0.8,2,0.8,28507,18145.6,49.4408,>=40,False,1,True,21,hyperattenuating,0.796114,True,head,mask_ring,0.190466,inside,False,True,0.8
PanTS_00002855,1,3,train,Non-contrast,0.613281,0.613281,0.8,2,0.8,23969,7212.06,35.9609,20-40,False,1,True,,unknown,0,False,head,mask_ring,,inside,False,False,
PanTS_00002859,1,3,train,Non-contrast,0.84375,0.84375,2,2,2,196,279.07,11.535,10-20,False,1,True,-14,hypoattenuating,0,False,head,mask_ring,0.364764,abutting,False,True,10.5878
PanTS_00002866,1,2,train,Non-contrast,0.703125,0.703125,5,2,5,332,820.679,20.406,20-40,False,1,True,-30.5,hypoattenuating,0,False,head,mask_ring,0.271894,embedded,False,True,10.388
PanTS_00002875,1,0,train,Arterial,0.791016,0.791016,1.25,2,1.25,56519,44205.4,70.2386,>=40,False,2,True,-1,isoattenuating,0.778905,True,head,mask_ring,0.300265,inside,False,True,1.11867
PanTS_00002875,2,0,train,Arterial,0.791016,0.791016,1.25,2,1.25,22,17.2069,5.53711,5-10,False,2,False,3,isoattenuating,0,False,head,mask_ring,0.166302,inside,False,True,53.7314
PanTS_00002888,1,2,train,Venous,0.707031,0.707031,2.5,2,2.5,5030,6286.15,39.7292,20-40,False,1,True,-69,hypoattenuating,0,False,head,mask_ring,0.395599,inside,False,True,1.58097
PanTS_00002889,1,3,train,Arterial,0.738281,0.738281,0.8,2,0.8,1997,870.786,23.8824,20-40,False,2,True,-4,isoattenuating,0,False,head,mask_ring,0.258025,embedded,False,False,
PanTS_00002889,2,3,train,Arterial,0.738281,0.738281,0.8,2,0.8,1602,698.547,14.9151,10-20,False,2,False,-3,isoattenuating,0,False,head,mask_ring,0.216232,embedded,False,False,
PanTS_00002893,1,2,train,Non-contrast,0.824219,0.824219,2.5,2,2.5,3685,6258.39,30.061,20-40,False,1,True,5,isoattenuating,0.830971,True,body,mask_ring,0.170261,inside,False,True,3.39834
PanTS_00002898,1,1,train,Arterial,0.663,0.663,0.800002,2,0.800002,1110,390.338,26.3515,20-40,False,2,False,-24.5,hypoattenuating,0,False,body,mask_ring,0.621675,embedded,False,False,
PanTS_00002898,2,1,train,Arterial,0.663,0.663,0.800002,2,0.800002,11520,4051.08,28.2105,20-40,False,2,True,-1,isoattenuating,0.705419,True,head,mask_ring,0.32776,inside,False,False,
PanTS_00002905,1,2,train,Non-contrast,0.867188,0.867188,5,2,5,227,853.537,18.3804,10-20,False,1,True,-12,hypoattenuating,0,False,tail,mask_ring,0.706825,inside,False,True,67.5305
PanTS_00002906,1,3,train,Non-contrast,0.78125,0.78125,0.8,2,0.8,932,455.078,18.6968,10-20,False,1,True,-6,isoattenuating,0,False,head,mask_ring,0.0845872,inside,False,False,
PanTS_00002913,1,2,train,Venous,0.777344,0.777344,2.5,2,2.5,1823,2753.93,20.0361,20-40,False,1,True,20,hyperattenuating,0,False,head,mask_ring,0.313045,inside,False,True,0
PanTS_00002915,1,0,train,Arterial,1,1,1,2,1,1554,1554,27.5318,20-40,False,1,True,-34.0276,hypoattenuating,0,False,head,mask_ring,0.296979,inside,False,True,23.3452
PanTS_00002916,1,3,train,Arterial,0.785156,0.785156,0.8,2,0.8,175,86.3058,9.73774,5-10,False,1,True,-3,isoattenuating,0,False,head,mask_ring,0.25534,embedded,False,False,
PanTS_00002927,1,3,train,Non-contrast,0.664062,0.664062,2,2,2,9279,8183.68,28.9768,20-40,False,1,True,-16,hypoattenuating,0.86385,True,head,mask_ring,0.566821,inside,False,True,0.664062
PanTS_00002930,1,2,train,Venous,0.898438,0.898438,2.5,2,2.5,588,1186.57,16.6289,10-20,False,1,True,-19,hypoattenuating,0,False,head,mask_ring,0.222867,inside,False,False,
PanTS_00002935,1,1,train,Non-contrast,1.5,1.5,1.5,2,1.5,94,317.25,17.3638,10-20,False,2,False,-8,isoattenuating,0,False,body,mask_ring,0.597942,embedded,False,False,
PanTS_00002935,2,1,train,Non-contrast,1.5,1.5,1.5,2,1.5,5194,17529.8,43.2926,>=40,False,2,True,-3,isoattenuating,0,False,head,mask_ring,0.102759,inside,False,False,
PanTS_00002936,1,4,train,Non-contrast,1.5,1.5,1.5,2,1.5,18112,61128,79.415,>=40,False,1,True,-13,hypoattenuating,0.572205,True,head,mask_ring,0.397349,abutting,False,True,3.3541
PanTS_00002960,1,4,train,Non-contrast,0.597656,0.597656,1.5,2,1.5,2102,1126.23,15.8742,10-20,False,1,True,-3,isoattenuating,0,False,head,mask_ring,0.0825386,inside,False,True,23.6825
PanTS_00002963,1,3,train,Non-contrast,0.742188,0.742188,0.8,2,0.8,1861,820.094,20.0992,20-40,False,6,True,-3,isoattenuating,0,False,head,mask_ring,0.0428988,embedded,False,True,42.9582
PanTS_00002963,2,3,train,Non-contrast,0.742188,0.742188,0.8,2,0.8,1100,484.741,15.5475,10-20,False,6,False,-10,isoattenuating,0.0576102,True,head,mask_ring,0.0687474,embedded,False,True,35.1123
PanTS_00002963,3,3,train,Non-contrast,0.742188,0.742188,0.8,2,0.8,3,1.32202,1.6,<5,True,6,False,13,hyperattenuating,0,False,head,mask_ring,0.0646872,embedded,False,True,50.6069
PanTS_00002963,4,3,train,Non-contrast,0.742188,0.742188,0.8,2,0.8,8,3.52539,2.51214,<5,True,6,False,47,hyperattenuating,0,False,head,pc1_boundary,0.114439,embedded,False,True,39.7126
PanTS_00002963,5,3,train,Non-contrast,0.742188,0.742188,0.8,2,0.8,88,38.7793,6.73948,5-10,False,6,False,-24.5,hypoattenuating,0,False,head,mask_ring,0.205777,embedded,False,True,34.9389
PanTS_00002963,6,3,train,Non-contrast,0.742188,0.742188,0.8,2,0.8,30,13.2202,4.61396,<5,False,6,False,-0.5,isoattenuating,0,False,head,pc1_boundary,0.264402,abutting,False,True,31.2456
PanTS_00002993,1,1,train,Arterial,0.8125,0.8125,1.25,2,1.25,17294,14270.9,37.9795,20-40,False,1,True,-18,hypoattenuating,0.762045,True,head,mask_ring,-0.0548161,inside,False,True,3.25
PanTS_00003012,1,0,train,Non-contrast,5,0.824219,0.824219,0,5,632,2146.7,26.3595,20-40,False,6,False,5,isoattenuating,0,False,tail,mask_ring,0.979245,embedded,False,True,111.2
PanTS_00003012,2,0,train,Non-contrast,5,0.824219,0.824219,0,5,2298,7805.58,48.3825,>=40,False,6,True,-3,isoattenuating,0,False,tail,mask_ring,0.693734,abutting,False,True,63.3149
PanTS_00003012,3,0,train,Non-contrast,5,0.824219,0.824219,0,5,109,370.238,11.4504,10-20,False,6,False,-20,hypoattenuating,0,False,tail,mask_ring,0.865875,abutting,False,True,103.415
PanTS_00003012,4,0,train,Non-contrast,5,0.824219,0.824219,0,5,128,434.775,11.824,10-20,False,6,False,-33,hypoattenuating,0,False,body,pc1_boundary,0.6706,separated,True,True,91.8411
PanTS_00003012,5,0,train,Non-contrast,5,0.824219,0.824219,0,5,1583,5376.95,42.4917,>=40,False,6,False,-3,isoattenuating,0,False,body,pc1_boundary,0.438273,separated,True,True,67.431
PanTS_00003012,6,0,train,Non-contrast,5,0.824219,0.824219,0,5,471,1599.84,19.3437,10-20,False,6,False,-42,hypoattenuating,0,False,body,pc1_boundary,0.419057,separated,True,True,93.6931
PanTS_00003024,1,1,train,Arterial,1,1,1,2,1,105,105,7.34847,5-10,False,4,False,-3.02129,isoattenuating,0,False,head,mask_ring,0.282467,inside,False,True,78.1985
PanTS_00003024,2,1,train,Arterial,1,1,1,2,1,243,243,17.8326,10-20,False,4,True,-41.0163,hypoattenuating,0,False,tail,pc1_boundary,0.759567,inside,False,True,13.4164
PanTS_00003024,3,1,train,Arterial,1,1,1,2,1,3,3,2,<5,True,4,False,-40.0092,hypoattenuating,0,False,tail,pc1_boundary,0.742881,inside,False,True,16.4012
PanTS_00003024,4,1,train,Arterial,1,1,1,2,1,6,6,2.23607,<5,True,4,False,-62.5162,hypoattenuating,0,False,tail,pc1_boundary,0.750384,inside,False,True,17.72
PanTS_00003029,1,3,train,Arterial,1.5,1.5,1.5,2,1.5,90,303.75,13.2476,10-20,False,1,True,-8,isoattenuating,0.0445434,True,head,mask_ring,0.0679365,inside,False,True,12.1861
PanTS_00003033,1,0,train,Venous,0.876953,0.876953,0.7,2,0.7,2167,1166.57,17.1118,10-20,False,1,True,-1,isoattenuating,0,False,head,mask_ring,0.28597,inside,False,True,5.38003
PanTS_00003038,1,2,train,Venous,0.927734,0.927734,2.5,2,2.5,1748,3761.22,25.0004,20-40,False,1,True,1,isoattenuating,0.589227,True,head,mask_ring,0.2117,inside,False,True,34.3539
PanTS_00003051,1,2,train,Non-contrast,0.716797,0.716797,0.8,2,0.8,5239,2153.43,24.1564,20-40,False,1,True,0,isoattenuating,0,False,head,mask_ring,0.0209324,abutting,False,False,
PanTS_00003072,1,2,train,Arterial,0.703125,0.703125,0.8,2,0.8,768,303.75,12.2319,10-20,False,2,True,-13,hypoattenuating,0.000673401,True,head,mask_ring,0.297638,inside,False,False,
PanTS_00003072,2,2,train,Arterial,0.703125,0.703125,0.8,2,0.8,173,68.4229,10.5376,10-20,False,2,False,-5,isoattenuating,0,False,head,mask_ring,0.79336,embedded,False,False,
PanTS_00003079,1,0,train,Non-contrast,0.761719,0.761719,3,2,3,11028,19195.8,46.1751,>=40,False,1,True,-13,hypoattenuating,0.528948,True,tail,mask_ring,0.89238,inside,False,True,13.7109
PanTS_00003082,1,2,train,Venous,0.765625,0.765625,2.5,2,2.5,5039,7384.42,31.0758,20-40,False,1,True,-23,hypoattenuating,0.586576,True,tail,mask_ring,0.76506,inside,False,True,0
PanTS_00003084,1,2,train,Non-contrast,0.66,0.66,5,2,5,743,1618.25,16.8858,10-20,False,1,True,10,isoattenuating,0,False,head,mask_ring,0.348508,inside,False,True,1.32
PanTS_00003113,1,0,train,Venous,0.632812,0.632812,5,2,5,2467,4939.56,31.0898,20-40,False,1,True,-13,hypoattenuating,0.565062,True,head,mask_ring,0.184656,inside,False,True,5
PanTS_00003127,1,2,train,Arterial,0.78125,0.78125,5,2,5,298,909.424,13.8182,10-20,False,2,False,-5,isoattenuating,0,False,tail,mask_ring,0.918319,inside,False,True,94.0729
PanTS_00003127,2,2,train,Arterial,0.78125,0.78125,5,2,5,1221,3726.2,21.6219,20-40,False,2,True,-4,isoattenuating,0.273951,True,tail,mask_ring,0.641129,inside,False,True,49.2683
PanTS_00003128,1,2,train,Arterial,0.742188,0.742188,3,2,3,16016,26466.9,55.5668,>=40,False,1,True,-29,hypoattenuating,0.494867,True,tail,mask_ring,0.829345,inside,False,True,28.6314
PanTS_00003130,1,4,train,Venous,0.78125,0.78125,5,2,5,1456,4443.36,32.2019,20-40,False,2,False,-6,isoattenuating,0,False,tail,mask_ring,0.894526,inside,False,True,81.3515
PanTS_00003130,2,4,train,Venous,0.78125,0.78125,5,2,5,2976,9082.03,36.3848,20-40,False,2,True,-19,hypoattenuating,0.0782918,True,head,mask_ring,0.0703355,inside,False,True,5
PanTS_00003147,1,2,train,Venous,0.613281,0.613281,2.5,2,2.5,6002,5643.58,24.8014,20-40,False,1,True,-109,hypoattenuating,0.893817,True,head,mask_ring,0.33901,inside,False,True,3.10403
PanTS_00003148,1,1,train,Non-contrast,0.78125,0.78125,0.8,2,0.8,1617,789.551,18.4633,10-20,False,1,True,17,hyperattenuating,0,False,head,mask_ring,0.250486,inside,False,True,3.22578
PanTS_00003151,1,0,train,Non-contrast,0.882812,0.882812,5,2,5,14115,55003.1,103.487,>=40,False,1,True,-69,hypoattenuating,0.468136,True,tail,mask_ring,1.24477,abutting,False,True,0.882812
PanTS_00003153,1,2,train,Non-contrast,0.976562,0.976562,3,2,3,136,389.099,18.2681,10-20,False,3,False,-36,hypoattenuating,0,False,head,mask_ring,0.376935,abutting,False,True,10.959
PanTS_00003153,2,2,train,Non-contrast,0.976562,0.976562,3,2,3,1586,4537.58,34.7252,20-40,False,3,True,-62,hypoattenuating,0,False,body,mask_ring,0.492443,abutting,False,True,16.9919
PanTS_00003153,3,2,train,Non-contrast,0.976562,0.976562,3,2,3,600,1716.61,22.7441,20-40,False,3,False,-52,hypoattenuating,0,False,body,mask_ring,0.599807,abutting,False,True,36.4996
PanTS_00003160,1,0,train,Non-contrast,1.5,1.5,1.5,2,1.5,762,2571.75,25.9374,20-40,False,1,True,0,isoattenuating,0,False,head,mask_ring,0.162888,inside,False,True,21.1069
PanTS_00003161,1,2,train,Venous,0.756,0.756,0.8,2,0.8,471,215.355,13.555,10-20,False,3,False,-3,isoattenuating,0,False,head,mask_ring,0.0405864,inside,False,True,27.1976
PanTS_00003161,2,2,train,Venous,0.756,0.756,0.8,2,0.8,69,31.5488,6.81711,5-10,False,3,False,719,hyperattenuating,0,False,head,mask_ring,0.092951,inside,False,True,21.9141
PanTS_00003161,3,2,train,Venous,0.756,0.756,0.8,2,0.8,20043,9164.24,48.383,>=40,False,3,True,-19,hypoattenuating,0.497876,True,head,mask_ring,0.303143,inside,False,True,0.8
PanTS_00003162,1,0,train,Non-contrast,0.865234,0.865234,5,2,5,497,1860.35,23.4341,20-40,False,1,True,-5,isoattenuating,0.409171,True,body,mask_ring,0.703312,inside,False,True,34.7664
PanTS_00003187,1,2,train,Non-contrast,0.658203,0.658203,0.801501,2,0.801501,6269,2176.82,40.7489,>=40,False,5,True,-1,isoattenuating,0,False,head,mask_ring,0.184428,embedded,False,False,
PanTS_00003187,2,2,train,Non-contrast,0.658203,0.658203,0.801501,2,0.801501,2470,857.671,21.2736,20-40,False,5,False,-12,hypoattenuating,0,False,head,mask_ring,0.221014,abutting,False,False,
PanTS_00003187,3,2,train,Non-contrast,0.658203,0.658203,0.801501,2,0.801501,236,81.9475,8.91328,5-10,False,5,False,0,isoattenuating,0,False,head,mask_ring,0.281685,inside,False,False,
PanTS_00003187,4,2,train,Non-contrast,0.658203,0.658203,0.801501,2,0.801501,12,4.16682,2.81918,<5,True,5,False,8,isoattenuating,0,False,head,mask_ring,0.339083,inside,False,False,
PanTS_00003187,5,2,train,Non-contrast,0.658203,0.658203,0.801501,2,0.801501,293,101.74,10.0768,10-20,False,5,False,-12,hypoattenuating,0,False,head,mask_ring,0.381388,inside,False,False,
PanTS_00003188,1,1,train,,0.84375,0.84375,1.25,2,1.25,9503,8456.65,44.5688,>=40,False,1,True,-37,hypoattenuating,0.112882,True,tail,mask_ring,0.900802,inside,False,True,0
PanTS_00003192,1,4,train,Venous,0.878906,0.878906,2.5,2,2.5,3733,7209.13,37.0508,20-40,False,1,True,25,hyperattenuating,0.531564,True,head,mask_ring,0.118933,inside,False,True,5
PanTS_00003202,1,1,train,Non-contrast,0.888672,0.888672,3.75,2,3.75,1898,5620.96,33.4173,20-40,False,1,True,10,isoattenuating,0,False,tail,mask_ring,0.773673,inside,False,True,13.0246
PanTS_00003205,1,4,train,Arterial,0.628906,0.628906,0.8,2,0.8,26927,8520.2,34.4585,20-40,False,1,True,8,isoattenuating,0.602016,True,head,mask_ring,-0.0138339,abutting,False,True,5.29514
PanTS_00003229,1,2,train,Venous,0.775391,0.775391,1.25,2,1.25,18616,13990.6,45.7644,>=40,False,1,True,6,isoattenuating,0,False,head,mask_ring,0.248806,inside,False,True,0.775391
PanTS_00003246,1,2,train,Venous,0.976562,0.976562,2.5,2,2.5,4020,9584.42,34.6171,20-40,False,1,True,-9,isoattenuating,0.804405,True,head,mask_ring,0.172118,inside,False,True,6.34498
PanTS_00003258,1,2,train,Venous,5,0.921875,0.921875,0,5,243,1032.57,19.63,10-20,False,3,False,-34,hypoattenuating,0.316802,True,tail,mask_ring,0.753006,inside,False,False,
PanTS_00003258,2,2,train,Venous,5,0.921875,0.921875,0,5,366,1555.23,26.2276,20-40,False,3,True,-27,hypoattenuating,0.100233,True,tail,pc1_boundary,0.706746,separated,True,False,
PanTS_00003258,3,2,train,Venous,5,0.921875,0.921875,0,5,288,1223.79,17.3552,10-20,False,3,False,-26,hypoattenuating,0.0752941,True,body,pc1_boundary,0.619772,separated,True,False,
PanTS_00003260,1,3,train,Venous,0.683594,0.683594,0.8,2,0.8,4689,1752.94,44.1537,>=40,False,1,True,-11,hypoattenuating,0,False,head,mask_ring,0.373318,abutting,False,False,
PanTS_00003265,1,3,train,Non-contrast,0.78125,0.78125,0.8,2,0.8,272,132.813,11.0728,10-20,False,1,True,10,isoattenuating,0,False,head,mask_ring,0.114898,inside,False,True,13.7774
PanTS_00003270,1,0,train,Venous,0.785156,0.785156,0.7,2,0.7,15893,6858.29,32.6738,20-40,False,1,True,15,hyperattenuating,0.780945,True,head,mask_ring,0.152268,inside,False,True,1.89007
PanTS_00003276,1,3,train,Venous,0.976562,0.976562,2.5,2,2.5,2757,6573.19,33.724,20-40,False,1,True,-7,isoattenuating,0.680997,True,head,mask_ring,0.238485,inside,False,True,2.18366
PanTS_00003280,1,1,train,Venous,0.859375,0.859375,7.5,2,7.5,535,2963.33,39.1008,20-40,False,1,True,-31,hypoattenuating,0,False,tail,mask_ring,0.709529,inside,False,True,73.3853
PanTS_00003287,1,0,train,Venous,0.822266,0.822266,2.5,2,2.5,1812,3062.83,24.9535,20-40,False,1,True,13,hyperattenuating,0,False,head,mask_ring,0.156429,inside,False,True,0.822266
PanTS_00003292,1,3,train,Arterial,0.976562,0.976562,2.5,2,2.5,4341,10349.7,32.3297,20-40,False,1,True,-17,hypoattenuating,0.759818,True,tail,mask_ring,0.860587,inside,False,True,65.0285
PanTS_00003300,1,2,train,Venous,0.753906,0.753906,2.5,2,2.5,1601,2274.92,21.5335,20-40,False,1,True,41,hyperattenuating,0.307452,True,head,mask_ring,0.0868209,inside,False,True,2.6112
PanTS_00003303,1,2,train,Venous,0.859375,0.859375,5,2,5,3401,12558.6,41.7735,>=40,False,1,True,2,isoattenuating,0,False,head,mask_ring,0.092798,inside,False,False,
PanTS_00003318,1,1,train,Venous,0.802734,0.802734,2.5,2,2.5,5261,8475.23,35.0749,20-40,False,1,True,-42,hypoattenuating,0,False,head,mask_ring,0.283095,inside,False,True,0
PanTS_00003339,1,2,train,Arterial,0.824219,0.824219,2.5,2,2.5,4698,7978.81,31.762,20-40,False,1,True,-5,isoattenuating,0,False,head,mask_ring,0.153102,inside,False,True,4.21885
PanTS_00003343,1,4,train,Arterial,0.810547,0.810547,2.5,2,2.5,2393,3930.42,35.9653,20-40,False,1,True,12,hyperattenuating,0.434213,True,head,mask_ring,0.0892462,abutting,False,True,69.3581
PanTS_00003355,1,3,train,Venous,0.703125,0.703125,2,2,2,11416,11287.8,40.4675,>=40,False,1,True,-11,hypoattenuating,0.901966,True,head,mask_ring,0.508467,inside,False,True,1.40625
PanTS_00003356,1,2,train,Venous,0.765625,0.765625,2.5,2,2.5,2369,3471.66,27.27,20-40,False,1,True,-27,hypoattenuating,0,False,body,mask_ring,0.591528,inside,False,True,0
PanTS_00003360,1,2,train,Arterial,0.896484,0.896484,2.5,2,2.5,6891,13845.5,80.9113,>=40,False,1,True,5,isoattenuating,0.13024,True,tail,mask_ring,0.279144,abutting,False,True,0.896484
PanTS_00003370,1,0,train,Non-contrast,0.976562,0.976562,0.8,2,0.8,414,315.857,11.2245,10-20,False,1,True,-12,hypoattenuating,0,False,head,mask_ring,0.102907,embedded,False,True,36.0967
PanTS_00003391,1,0,train,Arterial,0.826172,0.826172,2.5,2,2.5,621,1059.67,18.52,10-20,False,2,False,-57,hypoattenuating,0.679726,True,head,mask_ring,0.168577,abutting,False,True,18.82
PanTS_00003391,2,0,train,Arterial,0.826172,0.826172,2.5,2,2.5,2330,3975.91,45.3664,>=40,False,2,True,-43,hypoattenuating,0.0948487,True,body,mask_ring,0.463984,inside,False,True,0.826172
PanTS_00003398,1,4,train,Non-contrast,0.798828,0.798828,0.8,2,0.8,2274,1160.88,20.813,20-40,False,1,True,12,hyperattenuating,0,False,head,mask_ring,0.0992714,inside,False,False,
PanTS_00003405,1,4,train,Arterial,1.5,1.5,1.5,2,1.5,424,1431,24.0936,20-40,False,1,True,13,hyperattenuating,0.0143885,True,head,mask_ring,0.257147,inside,False,True,3.67423
PanTS_00003416,1,2,train,Arterial,0.820312,0.820312,5,2,5,119,400.383,17.9563,10-20,False,3,False,-38,hypoattenuating,0,False,body,mask_ring,0.595936,abutting,False,False,
PanTS_00003416,2,2,train,Arterial,0.820312,0.820312,5,2,5,6352,21371.7,68.7101,>=40,False,3,True,-8,isoattenuating,0.554635,True,head,mask_ring,0.306584,abutting,False,False,
PanTS_00003416,3,2,train,Arterial,0.820312,0.820312,5,2,5,116,390.289,11.8918,10-20,False,3,False,-3,isoattenuating,0,False,head,mask_ring,0.249574,separated,True,False,
PanTS_00003431,1,1,train,Arterial,0.835938,0.835938,2.5,2,2.5,3369,5885.58,30.6174,20-40,False,1,True,2,isoattenuating,0,False,head,mask_ring,0.0839341,inside,False,True,4.8703
PanTS_00003434,1,2,train,Arterial,0.847656,0.847656,2.5,2,2.5,7672,13781.2,38.9077,20-40,False,1,True,9,isoattenuating,0.712546,True,head,mask_ring,0.140076,inside,False,True,2.5
PanTS_00003437,1,2,train,Arterial,0.886719,0.886719,2.5,2,2.5,3657,7188.48,33.9845,20-40,False,1,True,-11,hypoattenuating,0.725222,True,head,mask_ring,0.101356,inside,False,True,0.886719
PanTS_00003441,1,4,train,Arterial,0.6875,0.6875,2,2,2,22893,21641,47.4778,>=40,False,1,True,-8,isoattenuating,0.860948,True,head,mask_ring,0.219212,inside,False,True,0.6875
PanTS_00003457,1,4,train,Arterial,0.699219,0.699219,5,2,5,551,1346.94,24.9782,20-40,False,1,True,-42,hypoattenuating,0.0260573,True,tail,mask_ring,0.980171,inside,False,True,60.269
PanTS_00003473,1,0,train,Venous,0.703125,0.703125,5,2,5,1535,3794.4,31.5815,20-40,False,3,True,-3,isoattenuating,0.416287,True,body,mask_ring,0.641442,abutting,False,True,46.3482
PanTS_00003473,2,0,train,Venous,0.703125,0.703125,5,2,5,303,748.993,19.7001,10-20,False,3,False,-11,hypoattenuating,0,False,body,mask_ring,0.667508,embedded,False,True,56.2851
PanTS_00003473,3,0,train,Venous,0.703125,0.703125,5,2,5,1258,3109.68,23.2681,20-40,False,3,False,-23,hypoattenuating,0,False,head,mask_ring,0.105989,inside,False,True,12.3111
PanTS_00003485,1,1,train,Non-contrast,0.703125,0.703125,0.8,2,0.8,1018,402.627,11.7362,10-20,False,2,True,25,hyperattenuating,0.229988,True,head,mask_ring,0.183574,inside,False,True,93.3443
PanTS_00003485,2,1,train,Non-contrast,0.703125,0.703125,0.8,2,0.8,36,14.2383,3.76358,<5,False,2,False,29,hyperattenuating,0,False,head,pc1_boundary,0.379785,embedded,False,True,72.2504
PanTS_00003493,1,0,train,Non-contrast,0.685547,0.685547,5,2,5,5250,12336.8,43.8399,>=40,False,3,True,-12,hypoattenuating,0.314797,True,head,mask_ring,0.139602,inside,False,False,
PanTS_00003493,2,0,train,Non-contrast,0.685547,0.685547,5,2,5,171,401.828,10.2419,10-20,False,3,False,-15,hypoattenuating,0,False,tail,mask_ring,0.69741,inside,False,False,
PanTS_00003493,3,0,train,Non-contrast,0.685547,0.685547,5,2,5,38,89.2952,5.22097,5-10,False,3,False,-12,hypoattenuating,0,False,tail,mask_ring,0.80727,inside,False,False,
PanTS_00003495,1,4,train,Arterial,0.808594,0.808594,2.5,2,2.5,1278,2088.97,21.5305,20-40,False,1,True,33,hyperattenuating,0.800702,True,body,mask_ring,0.416304,abutting,False,False,
PanTS_00003496,1,1,train,Venous,0.863281,0.863281,2.5,2,2.5,5592,10418.7,34.4842,20-40,False,2,True,-9,isoattenuating,0.672206,True,head,mask_ring,0.162709,inside,False,True,2.44173
PanTS_00003496,2,1,train,Venous,0.863281,0.863281,2.5,2,2.5,108,201.219,12.8336,10-20,False,2,False,-40.5,hypoattenuating,0,False,head,mask_ring,0.102133,inside,False,True,18.8135
PanTS_00003513,1,0,train,Venous,1,1,1,2,1,102,102,9.43398,5-10,False,1,True,-19.9893,hypoattenuating,0,False,head,mask_ring,0.304642,inside,False,True,11.7473
PanTS_00003521,1,0,train,Arterial,0.669922,0.669922,2.5,2,2.5,1301,1459.71,19.0232,10-20,False,1,True,-7,isoattenuating,0,False,head,mask_ring,0.129256,abutting,False,True,8.92118
PanTS_00003527,1,0,train,Arterial,1,1,1,2,1,1248,1248,25.02,20-40,False,1,True,-25,hypoattenuating,0.290155,True,tail,mask_ring,0.910812,embedded,False,True,7.07107
PanTS_00003558,1,0,train,Arterial,0.744141,0.744141,2.5,2,2.5,19114,26460.7,62.1729,>=40,False,1,True,3,isoattenuating,0.639767,True,head,mask_ring,0.209498,inside,False,True,2.68304
PanTS_00003570,1,2,train,Arterial,0.820312,0.820312,2.5,2,2.5,160,269.165,15.7014,10-20,False,1,True,-27,hypoattenuating,0,False,head,mask_ring,0.316322,abutting,False,True,15.6118
PanTS_00003578,1,4,train,Venous,0.761719,0.761719,2.5,2,2.5,681,987.817,15.1771,10-20,False,1,True,-37,hypoattenuating,0.116216,True,tail,mask_ring,0.929403,inside,False,True,0
PanTS_00003586,1,2,train,Venous,0.742188,0.742188,2.5,2,2.5,13725,18900.8,44.5995,>=40,False,1,True,38,hyperattenuating,0.0111803,True,head,mask_ring,0.139287,inside,False,True,2.09922
PanTS_00003587,1,0,train,Arterial,0.78125,0.78125,1,2,1,3447,2103.88,32.1975,20-40,False,1,True,-9,isoattenuating,0,False,head,mask_ring,0.137906,embedded,False,True,104.785
PanTS_00003588,1,3,train,Arterial,0.900391,0.900391,1.25,2,1.25,6090,6171.48,39.0998,20-40,False,1,True,-30,hypoattenuating,0.638711,True,body,mask_ring,0.519316,inside,False,True,0
PanTS_00003595,1,1,train,Arterial,0.785156,0.785156,1.25,2,1.25,16328,12582.2,40.6062,>=40,False,2,False,5,isoattenuating,0.793537,True,body,mask_ring,0.438673,inside,False,True,0.785156
PanTS_00003595,2,1,train,Arterial,0.785156,0.785156,1.25,2,1.25,19452,14989.5,40.0548,>=40,False,2,True,-1,isoattenuating,0.75489,True,tail,mask_ring,0.914639,inside,False,True,8.58426
PanTS_00003602,1,0,train,Venous,0.742188,0.742188,2.5,2,2.5,1190,1638.76,21.3872,20-40,False,1,True,63.5,hyperattenuating,0.331068,True,head,mask_ring,0.348386,inside,False,True,5
PanTS_00003615,1,3,train,Arterial,0.742188,0.742188,1.25,2,1.25,58501,40281.1,58.5797,>=40,False,1,True,-28,hypoattenuating,0.464903,True,head,mask_ring,0.10567,inside,False,True,0
PanTS_00003624,1,2,train,Arterial,0.78125,0.78125,2.5,2,2.5,2625,4005.43,25.2893,20-40,False,1,True,17,hyperattenuating,0,False,head,mask_ring,0.233535,inside,False,True,11.7437
PanTS_00003631,1,2,train,Venous,0.962891,0.962891,2.5,2,2.5,880,2039.75,19.6987,10-20,False,1,True,-22,hypoattenuating,0.449365,True,head,mask_ring,0.139512,inside,False,True,3.15573
PanTS_00003639,1,0,train,Arterial,0.599609,0.599609,0.8,2,0.8,95197,27381,64.5034,>=40,False,1,True,-16,hypoattenuating,0.293017,True,head,mask_ring,0.338736,abutting,False,True,0.8
PanTS_00003642,1,2,train,Arterial,0.742188,0.742188,2.5,2,2.5,12022,16555.6,42.6654,>=40,False,1,True,-4,isoattenuating,0.726885,True,head,mask_ring,0.127007,inside,False,True,6.48497
PanTS_00003654,1,0,train,Arterial,0.782,0.782,0.8,2,0.8,174218,85230.8,89.8447,>=40,False,1,True,-44,hypoattenuating,0.843613,True,body,mask_ring,0.646191,abutting,False,True,15.0978
PanTS_00003672,1,4,train,Arterial,0.710938,0.710938,2.5,2,2.5,293,370.229,12.6437,10-20,False,1,True,-13,hypoattenuating,0,False,head,mask_ring,0.238153,inside,False,True,9.88849
PanTS_00003679,1,1,train,Arterial,0.664062,0.664062,2.5,2,2.5,15405,16983.2,48.0009,>=40,False,1,True,0,isoattenuating,0.787525,True,head,mask_ring,0.126677,inside,False,True,0.664062
PanTS_00003684,1,1,train,Venous,0.699219,0.699219,1.5,2,1.5,2834,2078.34,21.8914,20-40,False,1,True,-3,isoattenuating,0.650125,True,head,mask_ring,0.143121,inside,False,True,0.988845
PanTS_00003700,1,4,train,Venous,0.751953,0.751953,2.5,2,2.5,3750,5300.94,31.8798,20-40,False,1,True,-39,hypoattenuating,0.361088,True,head,mask_ring,0.0665271,inside,False,True,1.50391
PanTS_00003706,1,4,train,Non-contrast,0.78125,0.78125,0.8,2,0.8,3871,1890.14,18.935,10-20,False,1,True,-16,hypoattenuating,0,False,head,mask_ring,0.200618,inside,False,True,74.8985
PanTS_00003711,1,3,train,Arterial,0.744141,0.744141,2.5,2,2.5,36828,50983.4,84.8359,>=40,False,1,True,11,hyperattenuating,0.0848544,True,head,mask_ring,0.185698,inside,False,True,0
PanTS_00003730,1,4,train,Arterial,0.976562,0.976562,2.5,2,2.5,1901,4532.33,33.7139,20-40,False,1,True,42,hyperattenuating,0.4559,True,head,mask_ring,0.122563,inside,False,True,0.976562
PanTS_00003736,1,0,train,Non-contrast,0.976562,0.976562,0.8,2,0.8,2655,2025.6,20.427,20-40,False,1,True,4,isoattenuating,0,False,body,mask_ring,0.302565,inside,False,True,11.1618
PanTS_00003746,1,0,train,Arterial,1.5,1.5,1.5,2,1.5,178,600.75,14.7733,10-20,False,2,False,-21.5,hypoattenuating,0,False,head,mask_ring,0.328085,abutting,False,True,14.543
PanTS_00003746,2,0,train,Arterial,1.5,1.5,1.5,2,1.5,896,3024,33.2378,20-40,False,2,True,-2,isoattenuating,0.40699,True,head,mask_ring,0.165939,inside,False,True,4.5
PanTS_00003750,1,3,train,Arterial,0.660156,0.660156,1.2,2,1.2,1005,525.582,14.3064,10-20,False,2,False,-21,hypoattenuating,0,False,head,mask_ring,0.338473,embedded,False,True,29.2999
PanTS_00003750,2,3,train,Arterial,0.660156,0.660156,1.2,2,1.2,3479,1819.4,34.8424,20-40,False,2,True,-18,hypoattenuating,0.0689715,True,head,mask_ring,0.201524,abutting,False,True,34.9051
PanTS_00003768,1,2,train,Venous,0.976562,0.976562,3,2,3,4829,13815.9,36.0502,20-40,False,1,True,-36,hypoattenuating,0.823635,True,tail,mask_ring,0.690098,abutting,False,True,61.2433
PanTS_00003776,1,0,train,Venous,0.728516,0.728516,2.5,2,2.5,973,1291.01,19.8098,10-20,False,1,True,-83,hypoattenuating,0,False,head,mask_ring,0.399996,inside,False,True,1.03028
PanTS_00003777,1,2,train,Venous,0.847656,0.847656,1,2,1,819,588.469,24.2939,20-40,False,1,True,-34,hypoattenuating,0,False,body,mask_ring,0.596914,inside,False,True,25.8807
PanTS_00003782,1,1,train,Arterial,1,1,1,2,1,8754,8754,34.5688,20-40,False,1,True,0,isoattenuating,0.12241,True,head,mask_ring,0.0789202,inside,False,True,2.44949
PanTS_00003784,1,1,train,Venous,0.955078,0.955078,2.5,2,2.5,344,784.47,15.6472,10-20,False,1,True,-2,isoattenuating,0,False,tail,mask_ring,0.846305,inside,False,True,80.2038
PanTS_00003812,1,0,train,Venous,0.722656,0.722656,3.75,2,3.75,3728,7300.8,29.0478,20-40,False,1,True,49,hyperattenuating,0,False,head,mask_ring,0.197655,inside,False,True,12.9273
PanTS_00003824,1,4,train,Arterial,0.794922,0.794922,5,2,5,297,938.373,13.8429,10-20,False,2,False,-4,isoattenuating,0,False,head,mask_ring,0.547333,inside,False,True,24.1252
PanTS_00003824,2,4,train,Arterial,0.794922,0.794922,5,2,5,301,951.011,14.5766,10-20,False,2,True,-42,hypoattenuating,0,False,head,pc1_boundary,-0.646715,separated,True,True,162.585
PanTS_00003841,1,4,train,Venous,1,1,1,2,1,11371,11371,52.7162,>=40,False,3,True,-10.0099,hypoattenuating,0.0328261,True,head,mask_ring,0.256589,inside,False,True,10.8167
PanTS_00003841,2,4,train,Venous,1,1,1,2,1,3,3,2,<5,True,3,False,-28.9921,hypoattenuating,0,False,head,mask_ring,0.205337,inside,False,True,14.0357
PanTS_00003841,3,4,train,Venous,1,1,1,2,1,201,201,11.5758,10-20,False,3,False,-36.9879,hypoattenuating,0,False,head,mask_ring,0.252229,inside,False,True,17.0294
PanTS_00003849,1,0,train,Venous,0.771484,0.771484,0.7,2,0.7,2868,1194.9,16.6015,10-20,False,1,True,21,hyperattenuating,0.81091,True,head,mask_ring,0.171264,abutting,False,True,17.4836
PanTS_00003889,1,0,train,Venous,2.5,0.742188,0.742188,0,2.5,4825,6644.54,37.7961,20-40,False,1,True,-9,isoattenuating,0,False,head,mask_ring,,inside,False,True,8.36786
PanTS_00003894,1,3,train,Venous,0.976562,0.976562,2.5,2,2.5,2443,5824.56,27.3434,20-40,False,1,True,73,hyperattenuating,0,False,head,mask_ring,0.221312,inside,False,False,
PanTS_00003900,1,3,train,Arterial,1.5,1.5,1.5,2,1.5,126,425.25,19.615,10-20,False,3,False,-31.5,hypoattenuating,0,False,head,pc1_boundary,0.341077,separated,True,False,
PanTS_00003900,2,3,train,Arterial,1.5,1.5,1.5,2,1.5,80,270,16.7705,10-20,False,3,False,-22,hypoattenuating,0,False,head,pc1_boundary,0.315697,separated,True,False,
PanTS_00003900,3,3,train,Arterial,1.5,1.5,1.5,2,1.5,164,553.5,22.2991,20-40,False,3,True,-17,hypoattenuating,0,False,head,pc1_boundary,0.345581,separated,True,False,
PanTS_00003916,1,1,train,Arterial,0.699219,0.699219,1,2,1,957,467.884,11.7815,10-20,False,1,True,-25,hypoattenuating,0,False,body,mask_ring,0.622426,abutting,False,True,24.6975
PanTS_00003919,1,0,train,Venous,0.703125,0.703125,5,2,5,4359,10775.1,33.1976,20-40,False,1,True,-30,hypoattenuating,0.79486,True,head,mask_ring,0.175531,inside,False,True,5.625
PanTS_00003921,1,4,train,Arterial,0.767578,0.767578,1.5,2,1.5,1562,1380.44,20.8164,20-40,False,1,True,-16.5,hypoattenuating,0,False,head,mask_ring,0.145808,inside,False,True,10.5
PanTS_00003923,1,1,train,Venous,0.921875,0.921875,2.5,2,2.5,1731,3677.74,29.0235,20-40,False,1,True,18,hyperattenuating,0.693456,True,head,mask_ring,0.238254,inside,False,True,0
PanTS_00003937,1,0,train,Non-contrast,0.703125,0.703125,0.8,2,0.8,21333,8437.37,31.9651,20-40,False,1,True,4,isoattenuating,0.787397,True,head,mask_ring,0.21898,inside,False,True,8.07371
PanTS_00003942,1,4,train,Non-contrast,0.742188,0.742188,0.8,2,0.8,1316,579.927,12.8676,10-20,False,1,True,-9,isoattenuating,0,False,head,mask_ring,0.195723,inside,False,True,14.8704
PanTS_00003950,1,1,train,Venous,5,0.9,0.9,0,5,541,2191.05,38.198,20-40,False,2,False,-4,isoattenuating,0,False,body,mask_ring,,inside,False,True,6.36396
PanTS_00003950,2,1,train,Venous,5,0.9,0.9,0,5,10126,41010.3,57.4896,>=40,False,2,True,-5,isoattenuating,0.729019,True,head,mask_ring,,embedded,False,True,15.6863
PanTS_00003953,1,4,train,Arterial,0.794922,0.794922,1.25,2,1.25,31040,24517.8,86.9698,>=40,False,1,True,-23,hypoattenuating,0.769446,True,body,mask_ring,0.660889,inside,False,True,0
PanTS_00003968,1,4,train,Non-contrast,0.78125,0.78125,0.8,2,0.8,7670,3745.12,30.297,20-40,False,2,True,-15,hypoattenuating,0,False,head,mask_ring,0.0609673,inside,False,True,34.3165
PanTS_00003968,2,4,train,Non-contrast,0.78125,0.78125,0.8,2,0.8,3622,1768.55,26.1673,20-40,False,2,False,2,isoattenuating,0,False,head,mask_ring,0.192243,inside,False,True,9.31669
PanTS_00003969,1,1,train,Venous,0.898438,0.898438,2.5,2,2.5,1760,3551.64,32.7737,20-40,False,1,True,-49,hypoattenuating,0,False,head,mask_ring,0.1742,inside,False,True,0
PanTS_00003974,1,3,train,Venous,0.898438,0.898438,2.5,2,2.5,3037,6128.6,29.5359,20-40,False,1,True,-55,hypoattenuating,0.803607,True,head,mask_ring,0.132499,inside,False,True,6.72159
PanTS_00003978,1,1,train,Non-contrast,0.75,0.75,1.25,2,1.25,3423,2406.8,40.8144,>=40,False,2,True,-22,hypoattenuating,0.0504124,True,tail,pc1_boundary,0.738848,separated,True,True,63.3685
PanTS_00003978,2,1,train,Non-contrast,0.75,0.75,1.25,2,1.25,698,490.781,24.2113,20-40,False,2,False,-3,isoattenuating,0,False,tail,mask_ring,0.817229,inside,False,True,37.7798
PanTS_00003993,1,3,train,Venous,5,0.774,0.774,0,5,445,1332.94,20.8406,20-40,False,1,True,5,isoattenuating,0,False,head,mask_ring,,inside,False,True,5
PanTS_00004029,1,0,train,Non-contrast,0.835938,0.835938,2.5,2,2.5,15437,26968.1,46.148,>=40,False,1,True,4,isoattenuating,0.84694,True,head,mask_ring,0.228518,inside,False,True,0.835938
PanTS_00004033,1,3,train,Venous,0.765625,0.765625,2.5,2,2.5,5419,7941.3,34.8473,20-40,False,1,True,17,hyperattenuating,0.847971,True,head,mask_ring,0.0887452,inside,False,True,2.16551
PanTS_00004046,1,1,train,Arterial,0.880859,0.880859,2.5,2,2.5,943,1829.22,22.3801,20-40,False,1,True,-26,hypoattenuating,0.457224,True,body,mask_ring,0.591988,inside,False,True,54.3382
PanTS_00004055,1,3,train,Arterial,0.892578,0.892578,2.5,2,2.5,1576,3138.98,24.9047,20-40,False,2,True,1,isoattenuating,0,False,head,mask_ring,0.255564,inside,False,False,
PanTS_00004055,2,3,train,Arterial,0.892578,0.892578,2.5,2,2.5,1563,3113.09,27.9063,20-40,False,2,False,19,hyperattenuating,0.73439,True,head,mask_ring,0.487967,inside,False,False,
PanTS_00004058,1,0,train,Venous,0.951172,0.951172,5,2,5,2511,11358.9,37.3828,20-40,False,1,True,8,isoattenuating,0.523852,True,head,mask_ring,0.128356,inside,False,True,6.28297
PanTS_00004064,1,1,train,Venous,0.703125,0.703125,2.5,2,2.5,4201,5192.28,30.2105,20-40,False,1,True,115,hyperattenuating,0,False,head,mask_ring,0.140027,inside,False,True,2.22348
PanTS_00004069,1,4,train,Non-contrast,0.685547,0.685547,5,2,5,5178,12167.6,43.6518,>=40,False,3,True,-12,hypoattenuating,0.084705,True,head,mask_ring,0.13989,inside,False,False,
PanTS_00004069,2,4,train,Non-contrast,0.685547,0.685547,5,2,5,167,392.429,10.2419,10-20,False,3,False,-13,hypoattenuating,0,False,tail,mask_ring,0.697705,inside,False,False,
PanTS_00004069,3,4,train,Non-contrast,0.685547,0.685547,5,2,5,36,84.5954,5.22097,5-10,False,3,False,-14,hypoattenuating,0,False,tail,mask_ring,0.80692,inside,False,False,
PanTS_00004078,1,1,train,Non-contrast,0.742188,0.742188,0.8,2,0.8,6211,2737.03,42.806,>=40,False,1,True,-1,isoattenuating,0,False,head,mask_ring,0.284367,embedded,False,True,27.3302
PanTS_00004085,1,2,train,Venous,0.976562,0.976562,1.5,2,1.5,644,921.248,15.0055,10-20,False,1,True,1,isoattenuating,0.0395738,True,head,mask_ring,0.296292,inside,False,True,4.40637
PanTS_00004117,1,0,train,Venous,0.898438,0.898438,2.5,2,2.5,2668,5383.96,26.2975,20-40,False,1,True,56,hyperattenuating,0,False,head,mask_ring,0.0348611,inside,False,True,2.54117
PanTS_00004121,1,1,train,Arterial,0.703125,0.703125,5,2,5,1028,2541.14,28.0041,20-40,False,1,True,-8,isoattenuating,0,False,tail,mask_ring,0.921389,inside,False,False,
PanTS_00004122,1,2,train,Arterial,0.957031,0.957031,2.5,2,2.5,1585,3629.29,23.6634,20-40,False,1,True,8,isoattenuating,0.779462,True,head,mask_ring,0.182449,inside,False,True,5.76569
PanTS_00004123,1,0,train,Arterial,1.5,1.5,1.5,2,1.5,1700,5737.5,27.2489,20-40,False,1,True,20,hyperattenuating,0.317665,True,head,mask_ring,0.0999653,inside,False,True,58.2495
PanTS_00004124,1,3,train,Arterial,0.904297,0.904297,2.5,2,2.5,141,288.258,11.3951,10-20,False,1,True,-17,hypoattenuating,0,False,head,mask_ring,0.222802,inside,False,True,17.4482
PanTS_00004155,1,0,train,Arterial,0.703125,0.703125,1,2,1,84858,41952.5,104.573,>=40,False,2,True,-68,hypoattenuating,0.0021895,True,tail,mask_ring,0.940253,abutting,False,True,0.703125
PanTS_00004155,2,0,train,Arterial,0.703125,0.703125,1,2,1,645,318.878,13.5203,10-20,False,2,False,-53,hypoattenuating,0,False,tail,pc1_boundary,1.7152,separated,True,True,76.476
PanTS_00004157,1,1,train,Venous,0.925781,0.925781,2.5,2,2.5,3918,8395.01,27.228,20-40,False,1,True,8.5,isoattenuating,0.86362,True,tail,mask_ring,0.76418,inside,False,True,0
PanTS_00004190,1,2,train,Venous,0.894531,0.894531,2.5,2,2.5,9042,18088.2,48.335,>=40,False,1,True,77,hyperattenuating,0.689287,True,head,mask_ring,0.129016,inside,False,True,29.4933
PanTS_00004208,1,3,train,Non-contrast,0.859375,0.859375,0.8,2,0.8,6214,3671.36,31.6878,20-40,False,1,True,0,isoattenuating,0.0566641,True,head,mask_ring,0.355089,inside,False,True,16.7007
PanTS_00004225,1,2,train,Arterial,0.701172,0.701172,5,2,5,2227,5474.43,37.2721,20-40,False,3,True,-17,hypoattenuating,0.0311314,True,tail,pc1_boundary,1.20208,separated,True,True,63.3227
PanTS_00004225,2,2,train,Arterial,0.701172,0.701172,5,2,5,1999,4913.96,35.1444,20-40,False,3,False,-9,isoattenuating,0,False,body,mask_ring,0.625669,inside,False,True,12.9071
PanTS_00004225,3,2,train,Arterial,0.701172,0.701172,5,2,5,1480,3638.15,23.9797,20-40,False,3,False,12,hyperattenuating,0.343847,True,head,mask_ring,0.167065,inside,False,True,58.9427
PanTS_00004231,1,2,train,Venous,0.742188,0.742188,2.5,2,2.5,8857,12197,35.4982,20-40,False,1,True,-48,hypoattenuating,0.847877,True,body,mask_ring,0.559904,inside,False,True,0
PanTS_00004243,1,4,train,Arterial,0.794922,0.794922,1.25,2,1.25,19947,15755.7,63.189,>=40,False,1,True,-10,isoattenuating,0.790334,True,body,mask_ring,0.426789,inside,False,True,0
PanTS_00004262,1,4,train,Non-contrast,0.851562,0.851562,1,2,1,6132,4446.67,30.4366,20-40,False,1,True,-3,isoattenuating,0,False,head,mask_ring,0.177983,inside,False,True,21.0978
PanTS_00004267,1,3,train,Non-contrast,0.898438,0.898438,0.8,2,0.8,500,322.876,13.5747,10-20,False,2,False,14,hyperattenuating,0,False,head,mask_ring,0.20528,inside,False,True,61.3769
PanTS_00004267,2,3,train,Non-contrast,0.898438,0.898438,0.8,2,0.8,981,633.483,13.8979,10-20,False,2,True,16,hyperattenuating,0,False,body,mask_ring,0.352826,inside,False,True,38.3886
PanTS_00004268,1,4,train,Venous,0.855469,0.855469,2.5,2,2.5,3262,5968.05,28.3601,20-40,False,1,True,-15,hypoattenuating,0.664084,True,head,mask_ring,0.0803843,inside,False,True,2.41963
PanTS_00004301,1,1,train,Arterial,0.853516,0.853516,1.25,2,1.25,66867,60889.9,75.9945,>=40,False,1,True,3,isoattenuating,0.508806,True,body,mask_ring,0.554315,abutting,False,True,0
PanTS_00004313,1,4,train,Non-contrast,0.880859,0.880859,0.8,2,0.8,2830,1756.67,21.09,20-40,False,2,True,0,isoattenuating,0,False,head,mask_ring,0.0601764,inside,False,True,18.3962
PanTS_00004313,2,4,train,Non-contrast,0.880859,0.880859,0.8,2,0.8,8,4.96584,2.55654,<5,True,2,False,-7.5,isoattenuating,0,False,head,mask_ring,0.0998989,inside,False,True,16.5923
PanTS_00004323,1,2,train,Non-contrast,0.892578,0.892578,2.5,2,2.5,847,1687,27.3019,20-40,False,1,True,-28,hypoattenuating,0,False,tail,mask_ring,0.676219,inside,False,True,65.5945
PanTS_00004329,1,1,train,Non-contrast,0.78125,0.78125,0.8,2,0.8,8363,4083.5,39.2099,20-40,False,3,True,2,isoattenuating,0,False,head,mask_ring,0.0222719,inside,False,False,
PanTS_00004329,2,1,train,Non-contrast,0.78125,0.78125,0.8,2,0.8,1276,623.047,17.7703,10-20,False,3,False,-7,isoattenuating,0,False,head,mask_ring,0.177857,embedded,False,False,
PanTS_00004329,3,1,train,Non-contrast,0.78125,0.78125,0.8,2,0.8,6,2.92969,1.78055,<5,True,3,False,-42,hypoattenuating,0,False,head,pc1_boundary,0.246787,abutting,False,False,
PanTS_00004360,1,1,train,Arterial,0.724609,0.724609,5,2,5,30824,80922,93.3867,>=40,False,2,True,-27,hypoattenuating,0,False,body,mask_ring,0.510219,abutting,False,True,47.4278
PanTS_00004360,2,1,train,Arterial,0.724609,0.724609,5,2,5,1088,2856.32,23.3731,20-40,False,2,False,-6,isoattenuating,0.353953,True,head,mask_ring,0.182247,inside,False,True,27.6171
PanTS_00004366,1,0,train,Arterial,1.5,1.5,1.5,2,1.5,90,303.75,12.5499,10-20,False,1,True,-52,hypoattenuating,0.516746,True,head,mask_ring,0.124608,separated,True,True,14.3091
PanTS_00004408,1,2,train,Venous,0.927734,0.927734,2.5,2,2.5,1476,3175.95,23.7262,20-40,False,1,True,-35,hypoattenuating,0.380265,True,head,mask_ring,0.104581,inside,False,True,4.84395
PanTS_00004420,1,3,train,Venous,0.916016,0.916016,2.5,2,2.5,3521,7386.05,35.2374,20-40,False,1,True,-34,hypoattenuating,0.765281,True,head,mask_ring,0.154734,inside,False,True,5
PanTS_00004426,1,0,train,Arterial,0.783203,0.783203,3,2,3,348,640.397,15.7163,10-20,False,1,True,-0.5,isoattenuating,0,False,head,mask_ring,0.192294,inside,False,True,18.4851
PanTS_00004438,1,0,train,Arterial,0.976562,0.976562,3,2,3,703,2011.3,20.8179,20-40,False,1,True,-43,hypoattenuating,0,False,body,mask_ring,0.48542,abutting,False,True,18.7525
PanTS_00004448,1,0,train,Arterial,0.738281,0.738281,2.5,2,2.5,8787,11973.6,33.8146,20-40,False,1,True,16,hyperattenuating,0.885115,True,head,mask_ring,0.214106,inside,False,True,1.47656
PanTS_00004449,1,1,train,Venous,0.771484,0.771484,0.7,2,0.7,2805,1168.65,16.6015,10-20,False,1,True,20,hyperattenuating,0.806705,True,head,mask_ring,0.171235,abutting,False,True,17.4836
PanTS_00004454,1,1,train,Non-contrast,0.832031,0.832031,0.7,2,0.7,584,283.002,13.501,10-20,False,4,False,-13,hypoattenuating,0.000125142,True,head,mask_ring,0.330318,abutting,False,True,38.3771
PanTS_00004454,2,1,train,Non-contrast,0.832031,0.832031,0.7,2,0.7,645,312.563,15.3677,10-20,False,4,False,-10,isoattenuating,3.57353e-05,True,body,mask_ring,0.258842,abutting,False,True,68.0873
PanTS_00004454,3,1,train,Non-contrast,0.832031,0.832031,0.7,2,0.7,921,446.31,17.1916,10-20,False,4,True,-8,isoattenuating,0,False,body,mask_ring,0.0718328,inside,False,True,97.9018
PanTS_00004454,4,1,train,Non-contrast,0.832031,0.832031,0.7,2,0.7,561,271.857,17.1916,10-20,False,4,False,-20,hypoattenuating,0.000107287,True,head,pc1_boundary,0.357397,separated,True,True,62.911
PanTS_00004475,1,1,train,Venous,0.65625,0.65625,3,2,3,2175,2810.08,37.3653,20-40,False,1,True,-90,hypoattenuating,0,False,tail,mask_ring,0.768166,inside,False,True,0
PanTS_00004483,1,1,train,Venous,0.820312,0.820312,5,2,5,3280,11035.8,38.1286,20-40,False,1,True,-5,isoattenuating,0.413049,True,head,mask_ring,0.270834,inside,False,True,3.28125
PanTS_00004497,1,1,train,Non-contrast,0.78125,0.78125,3,2,3,5220,9558.11,33.1902,20-40,False,1,True,4,isoattenuating,0,False,head,mask_ring,0.0470725,inside,False,True,0.78125
PanTS_00004503,1,4,train,Non-contrast,0.703125,0.703125,0.8,2,0.8,16675,6595.09,56.7139,>=40,False,2,True,-17,hypoattenuating,0.000836179,True,head,mask_ring,0.0285479,abutting,False,True,6.97103
PanTS_00004503,2,4,train,Non-contrast,0.703125,0.703125,0.8,2,0.8,12,4.74609,2.78164,<5,True,2,False,30.5,hyperattenuating,0,False,head,pc1_boundary,0.0970742,separated,True,True,39.283
PanTS_00004506,1,1,train,Venous,0.732422,0.732422,5,2,5,473,1268.69,16.1204,10-20,False,1,True,4,isoattenuating,0,False,tail,mask_ring,0.776079,inside,False,True,53.9185
PanTS_00004513,1,0,train,Venous,0.820312,0.820312,1,2,1,7011,4717.79,34.5096,20-40,False,1,True,22,hyperattenuating,0.651757,True,head,mask_ring,0.568765,inside,False,True,0.820312
PanTS_00004517,1,2,train,Arterial,0.742188,0.742188,1.25,2,1.25,27148,18692.9,44.8612,>=40,False,1,True,-6,isoattenuating,0.357361,True,head,mask_ring,0.260501,abutting,False,True,7.64129
PanTS_00004521,1,1,train,Venous,0.472656,0.472656,5,2,5,3658,4086.06,35.5168,20-40,False,1,True,-12,hypoattenuating,0.165816,True,tail,mask_ring,1.00389,abutting,False,True,66.2683
PanTS_00004523,1,4,train,Arterial,0.742188,0.742188,1.25,2,1.25,22977,15820.9,45.4254,>=40,False,1,True,-9,isoattenuating,0.633368,True,head,mask_ring,0.181394,inside,False,True,0
PanTS_00004538,1,4,train,Venous,1.5,1.5,1.5,2,1.5,1478,4988.25,45.1498,>=40,False,1,True,7,isoattenuating,0.0787315,True,head,mask_ring,0.143279,inside,False,True,4.97494
PanTS_00004539,1,4,train,Venous,0.880859,0.880859,2.5,2,2.5,5089,9871.55,40.1159,>=40,False,1,True,13,hyperattenuating,0.726281,True,tail,mask_ring,0.871543,inside,False,False,
PanTS_00004540,1,3,train,Venous,5,0.820312,0.820312,0,5,3280,11035.8,38.1286,20-40,False,1,True,-6,isoattenuating,0.625,True,head,mask_ring,,inside,False,True,3.28125
PanTS_00004542,1,0,train,Venous,0.734375,0.734375,2.5,2,2.5,5235,7058.18,35.4849,20-40,False,1,True,-108,hypoattenuating,0,False,body,mask_ring,0.708688,inside,False,True,8.95182
PanTS_00004571,1,0,train,Non-contrast,0.78125,0.78125,0.8,2,0.8,15908,7767.58,32.8297,20-40,False,1,True,13,hyperattenuating,0.752932,True,head,mask_ring,0.0783804,embedded,False,False,
PanTS_00004597,1,0,train,Venous,0.791016,0.791016,2.5,2,2.5,4516,7064.22,35.0989,20-40,False,1,True,1,isoattenuating,0.669683,True,head,mask_ring,0.225803,inside,False,True,2.5
PanTS_00004602,1,1,train,Arterial,0.621094,0.621094,5,2,5,1139,2196.89,20.7135,20-40,False,1,True,-17,hypoattenuating,0,False,head,mask_ring,0.336513,embedded,False,True,15.8503
PanTS_00004669,1,3,train,Venous,0.976562,0.976562,1,2,1,1989,1896.86,24.4507,20-40,False,3,False,-33,hypoattenuating,0,False,head,pc1_boundary,0.240968,separated,True,True,46.8728
PanTS_00004669,2,3,train,Venous,0.976562,0.976562,1,2,1,12534,11953.4,44.1929,>=40,False,3,True,-33,hypoattenuating,0,False,tail,mask_ring,0.754684,separated,True,True,85.4274
PanTS_00004669,3,3,train,Venous,0.976562,0.976562,1,2,1,483,460.625,22.6065,20-40,False,3,False,-26,hypoattenuating,0,False,tail,pc1_boundary,0.929555,separated,True,True,134.32
PanTS_00004671,1,0,train,Venous,0.744141,0.744141,2.5,2,2.5,716,991.204,25.0724,20-40,False,2,False,-15,hypoattenuating,0,False,head,mask_ring,0.0182739,abutting,False,True,0.744141
PanTS_00004671,2,0,train,Venous,0.744141,0.744141,2.5,2,2.5,3620,5011.39,34.8163,20-40,False,2,True,-16,hypoattenuating,0.497681,True,head,mask_ring,0.276887,abutting,False,True,0.744141
PanTS_00004673,1,4,train,Venous,0.804688,0.804688,5,2,5,1803,5837.42,34.582,20-40,False,1,True,1,isoattenuating,0.422209,True,head,mask_ring,0.19371,inside,False,True,9.38419
PanTS_00004677,1,3,train,Arterial,0.742188,0.742188,1.25,2,1.25,15510,10679.5,41.5794,>=40,False,1,True,-3,isoattenuating,0.719363,True,head,mask_ring,0.157142,inside,False,True,0
PanTS_00004681,1,1,train,Arterial,0.722656,0.722656,0.8,2,0.8,492,205.55,12.2041,10-20,False,1,True,13,hyperattenuating,0,False,head,mask_ring,0.0719097,embedded,False,True,58.189
PanTS_00004703,1,4,train,Venous,0.742188,0.742188,1.25,2,1.25,1378,948.827,18.9222,10-20,False,1,True,-38,hypoattenuating,0,False,head,mask_ring,-0.0175795,inside,False,True,5.76553
PanTS_00004707,1,0,train,Venous,0.802734,0.802734,2.5,2,2.5,9060,14595.3,40.0748,>=40,False,1,True,-73,hypoattenuating,0.780408,True,tail,mask_ring,0.856675,inside,False,True,0.802734
PanTS_00004724,1,4,train,Non-contrast,0.976562,0.976562,0.8,2,0.8,1363,1039.89,24.9379,20-40,False,1,True,-2,isoattenuating,0.560128,True,head,mask_ring,0.254557,embedded,False,True,14.5432
PanTS_00004735,1,0,train,Venous,0.726,0.726,3,2,3,1302,2058.76,17.1988,10-20,False,1,True,54,hyperattenuating,0,False,tail,mask_ring,0.768405,inside,False,True,16.5283
PanTS_00004748,1,3,train,Venous,0.822266,0.822266,5,2,5,225,760.637,17.6735,10-20,False,1,True,-14,hypoattenuating,0.141315,True,tail,mask_ring,0.827256,inside,False,True,58.3091
PanTS_00004753,1,2,train,Venous,0.708984,0.708984,5,2,5,2450,6157.56,32.0532,20-40,False,1,True,-27,hypoattenuating,0.800455,True,head,mask_ring,0.131783,inside,False,True,26.3053
PanTS_00004769,1,2,train,Venous,0.898438,0.898438,2.5,2,2.5,7572,15280.1,42.0252,>=40,False,1,True,-87,hypoattenuating,0,False,head,mask_ring,0.179366,inside,False,True,1.79688
PanTS_00004788,1,3,train,Arterial,0.869141,0.869141,0.8,2,0.8,6611,3995.19,27.2711,20-40,False,1,True,10,isoattenuating,0,False,body,mask_ring,0.38724,embedded,False,False,
PanTS_00004796,1,0,train,Arterial,1,1,1,2,1,633,633,21.2838,20-40,False,1,True,-18.0056,hypoattenuating,0.0608264,True,head,mask_ring,0.207485,inside,False,True,11
PanTS_00004800,1,0,train,Non-contrast,0.703125,0.703125,0.8,2,0.8,3915,1548.41,29.7211,20-40,False,1,True,-30,hypoattenuating,0,False,body,pc1_boundary,0.602447,separated,True,True,23.373
PanTS_00004825,1,1,train,Venous,0.740234,0.740234,2.5,2,2.5,3168,4339.74,27.8367,20-40,False,1,True,-18,hypoattenuating,0.783419,True,head,mask_ring,0.323807,inside,False,True,2.90548
PanTS_00004828,1,2,train,Venous,0.667969,0.667969,1.2,2,1.2,19961,10687.5,42.9127,>=40,False,1,True,-11,hypoattenuating,0.666957,True,head,mask_ring,0.144614,inside,False,True,1.2
PanTS_00004842,1,3,train,Venous,0.9375,0.9375,2.5,2,2.5,1384,3041.02,21.8348,20-40,False,1,True,9,isoattenuating,0.584182,True,head,mask_ring,0.12831,inside,False,True,8.75
PanTS_00004856,1,0,train,Non-contrast,0.742188,0.742188,0.8,2,0.8,328,144.541,9.3464,5-10,False,1,True,-18.5,hypoattenuating,0,False,head,mask_ring,0.11706,inside,False,False,
PanTS_00004857,1,4,train,Venous,0.976562,0.976562,1.5,2,1.5,53193,76093.1,66.7877,>=40,False,1,True,30,hyperattenuating,0.261679,True,head,mask_ring,0.161812,inside,False,False,
PanTS_00004937,1,1,train,Venous,0.867188,0.867188,2.5,2,2.5,2182,4102.24,29.5688,20-40,False,1,True,2,isoattenuating,0,False,head,mask_ring,0.192717,inside,False,True,2.5
PanTS_00004963,1,0,train,Venous,0.650391,0.650391,3,2,3,12719,16140.7,47.1855,>=40,False,1,True,-10,isoattenuating,0.830699,True,tail,mask_ring,0.880395,inside,False,True,0.650391
PanTS_00004964,1,0,train,Venous,0.798828,0.798828,2.5,2,2.5,1940,3094.91,23.0715,20-40,False,1,True,12,hyperattenuating,0.696152,True,head,mask_ring,0.263416,inside,False,True,1.12971
PanTS_00005011,1,1,train,Venous,0.830078,0.830078,2.5,2,2.5,1307,2251.4,18.9204,10-20,False,1,True,4,isoattenuating,0.29418,True,head,mask_ring,0.159894,inside,False,True,14.1912
PanTS_00005017,1,2,train,Non-contrast,0.716797,0.716797,0.8,2,0.8,21888,8996.8,39.3782,20-40,False,1,True,3,isoattenuating,0.00163733,True,head,mask_ring,0.0472858,inside,False,True,20.5593
PanTS_00005027,1,1,train,Venous,0.859375,0.859375,2.5,2,2.5,2086,3851.41,26.9666,20-40,False,1,True,-13,hypoattenuating,0.62015,True,head,mask_ring,0.183998,inside,False,True,2.5
PanTS_00005041,1,2,train,Non-contrast,0.78125,0.78125,0.8,2,0.8,11999,5858.89,32.6526,20-40,False,2,True,4,isoattenuating,0.19997,True,head,mask_ring,0.152709,inside,False,True,72.6681
PanTS_00005041,2,2,train,Non-contrast,0.78125,0.78125,0.8,2,0.8,956,466.797,15.6394,10-20,False,2,False,-17,hypoattenuating,0,False,head,mask_ring,0.194872,inside,False,True,80.6084
PanTS_00005054,1,3,train,Venous,0.976562,0.976562,1,2,1,2550,2431.87,21.7499,20-40,False,1,True,16,hyperattenuating,0.122076,True,tail,mask_ring,0.904076,inside,False,True,33.8767
PanTS_00005056,1,0,train,Venous,0.976563,0.976563,3,2,3,12574,35974.5,59.244,>=40,False,1,True,11,hyperattenuating,0.822732,True,head,mask_ring,0.408989,abutting,False,True,7.43728
PanTS_00005062,1,0,train,Venous,0.835938,0.835938,2.5,2,2.5,9978,17431.4,44.1769,>=40,False,1,True,2,isoattenuating,0.872077,True,head,mask_ring,0.132738,inside,False,True,0.835938
PanTS_00005085,1,4,train,Arterial,0.742188,0.742188,1.25,2,1.25,762,524.678,15.4179,10-20,False,1,True,-62,hypoattenuating,0,False,body,mask_ring,0.892275,inside,False,True,10.7689
PanTS_00005095,1,3,train,Venous,0.898438,0.898438,2.5,2,2.5,4920,9928.45,35.49,20-40,False,1,True,14,hyperattenuating,0.672244,True,head,mask_ring,0.0633658,inside,False,False,
PanTS_00005114,1,4,train,Venous,0.851562,0.851562,2.5,2,2.5,1334,2418.4,27.1209,20-40,False,1,True,16,hyperattenuating,0,False,head,mask_ring,0.0749163,inside,False,True,27.5
PanTS_00005137,1,0,train,Venous,0.753906,0.753906,2.5,2,2.5,1347,1914,21.6268,20-40,False,2,False,-1,isoattenuating,0.496472,True,tail,mask_ring,0.919674,inside,False,True,0.753906
PanTS_00005137,2,0,train,Venous,0.753906,0.753906,2.5,2,2.5,15691,22295.9,43.4842,>=40,False,2,True,-4,isoattenuating,0.904275,True,body,mask_ring,0.561056,inside,False,True,0.753906
PanTS_00005162,1,4,train,Venous,0.886719,0.886719,0.476969,2,0.476969,13204,4951.85,42.4507,>=40,False,2,True,-4.5,isoattenuating,0,False,,none,,separated,True,False,
PanTS_00005162,2,4,train,Venous,0.886719,0.886719,0.476969,2,0.476969,761,285.395,23.049,20-40,False,2,False,-10,isoattenuating,0,False,,none,,separated,True,False,
PanTS_00005172,1,2,train,Non-contrast,0.892,0.892,0.800002,2,0.800002,26957,17159,47.6184,>=40,False,1,True,12,hyperattenuating,0.791215,True,head,mask_ring,0.160411,inside,False,True,1.19819
PanTS_00005180,1,0,train,Non-contrast,0.782,0.782,5,2,5,991,3030.1,26.6899,20-40,False,1,True,-10,isoattenuating,0,False,tail,mask_ring,0.752488,abutting,False,False,
PanTS_00005186,1,4,train,Arterial,0.785156,0.785156,5,2,5,3737,11518.7,35.757,20-40,False,1,True,15,hyperattenuating,0.462788,True,head,mask_ring,0.10391,inside,False,True,0
PanTS_00005188,1,0,train,Venous,0.703125,0.703125,2.5,2,2.5,23203,28678,57.5232,>=40,False,1,True,-10,isoattenuating,0.77667,True,tail,mask_ring,0.798034,inside,False,True,9.29195
PanTS_00005207,1,0,train,Arterial,0.769531,0.769531,1.25,2,1.25,44958,33278.9,56.8343,>=40,False,1,True,-17,hypoattenuating,0.790779,True,head,mask_ring,0.227723,inside,False,True,0
PanTS_00005210,1,0,train,Venous,0.802734,0.802734,2.5,2,2.5,12701,20460.7,43.0955,>=40,False,1,True,3,isoattenuating,0.732459,True,head,mask_ring,0.229312,inside,False,True,0.802734
PanTS_00005221,1,2,train,Venous,0.703125,0.703125,2.5,2,2.5,6141,7590.04,37.242,20-40,False,2,True,37,hyperattenuating,0.0373444,True,head,mask_ring,0.144322,inside,False,True,0
PanTS_00005221,2,2,train,Venous,0.703125,0.703125,2.5,2,2.5,905,1118.55,22.5634,20-40,False,2,False,38,hyperattenuating,0,False,head,mask_ring,0.0394046,inside,False,True,17.8496
PanTS_00005230,1,4,train,Venous,0.78125,0.78125,0.7,2,0.7,2528,1080.08,17.2474,10-20,False,1,True,-26,hypoattenuating,0.67042,True,head,mask_ring,0.193518,inside,False,True,3.5
PanTS_00005242,1,0,train,Venous,0.791016,0.791016,2.5,2,2.5,2641,4131.23,25.8215,20-40,False,1,True,-26,hypoattenuating,0.669885,True,head,mask_ring,0.20801,inside,False,True,1.76877
PanTS_00005250,1,1,train,Non-contrast,0.52474,0.52474,5,2,5,1290,1776.02,19.2671,10-20,False,1,True,0,isoattenuating,0,False,body,mask_ring,0.578632,inside,False,True,48.7491
PanTS_00005257,1,4,train,Venous,0.679688,0.679688,2.5,2,2.5,2778,3208.42,27.4703,20-40,False,1,True,17,hyperattenuating,0,False,body,mask_ring,0.671273,inside,False,True,1.35938
PanTS_00005266,1,4,train,Non-contrast,0.78125,0.78125,0.8,2,0.8,5356,2615.23,30.4675,20-40,False,1,True,-42,hypoattenuating,0,False,head,pc1_boundary,-0.1807,separated,True,False,
PanTS_00005268,1,3,train,Venous,0.744141,0.744141,2.5,2,2.5,11282,15618.4,49.8264,>=40,False,1,True,2,isoattenuating,0.616456,True,head,mask_ring,0.243259,inside,False,True,8.12263
PanTS_00005275,1,2,train,Arterial,0.785,0.785,0.8,2,0.8,11351,5595.82,29.7335,20-40,False,1,True,-12,hypoattenuating,0.781627,True,head,mask_ring,0.212077,inside,False,True,0.785
PanTS_00005290,1,4,train,Venous,0.771484,0.771484,2.5,2,2.5,2569,3822.59,25.4473,20-40,False,1,True,-6,isoattenuating,0.677352,True,head,mask_ring,0.146735,inside,False,True,5
PanTS_00005309,1,4,train,Venous,0.855469,0.855469,2.5,2,2.5,8410,15386.7,44.1541,>=40,False,1,True,-25,hypoattenuating,0.702543,True,head,mask_ring,0.217719,inside,False,True,0.855469
PanTS_00005316,1,2,train,Non-contrast,0.702,0.702,4,2,4,825,1626.25,19.112,10-20,False,1,True,-19,hypoattenuating,0,False,tail,mask_ring,1.38076,inside,False,False,
PanTS_00005362,1,4,train,Venous,0.767578,0.767578,2.5,2,2.5,2326,3426.06,23.2277,20-40,False,1,True,-16,hypoattenuating,0.453323,True,tail,mask_ring,0.879317,inside,False,True,38.4589
PanTS_00005370,1,4,train,Venous,0.703125,0.703125,5,2,5,671,1658.66,17.5016,10-20,False,1,True,9,isoattenuating,0,False,body,mask_ring,0.366876,inside,False,True,44.8318
PanTS_00005390,1,2,train,Non-contrast,0.663,0.663,0.800002,2,0.800002,11712,4118.6,28.2105,20-40,False,4,True,0.5,isoattenuating,0.740204,True,head,mask_ring,0.267361,embedded,False,False,
PanTS_00005390,2,2,train,Non-contrast,0.663,0.663,0.800002,2,0.800002,4,1.40662,2.40001,<5,True,4,False,-59,hypoattenuating,0,False,body,mask_ring,0.475816,abutting,False,False,
PanTS_00005390,3,2,train,Non-contrast,0.663,0.663,0.800002,2,0.800002,1247,438.515,26.8227,20-40,False,4,False,-22,hypoattenuating,0,False,body,mask_ring,0.552939,abutting,False,False,
PanTS_00005390,4,2,train,Non-contrast,0.663,0.663,0.800002,2,0.800002,124,43.6053,7.17462,5-10,False,4,False,-0.5,isoattenuating,0,False,body,mask_ring,0.699029,embedded,False,False,
PanTS_00005391,1,4,train,Arterial,0.853516,0.853516,1.25,2,1.25,973,886.025,16.5084,10-20,False,1,True,-37,hypoattenuating,0,False,body,mask_ring,0.419831,inside,False,True,7.89773
PanTS_00005392,1,0,train,Venous,0.588542,0.588542,5,2,5,17839,30895.5,72.2934,>=40,False,2,True,0,isoattenuating,0.555982,True,head,mask_ring,0.208351,abutting,False,True,0.588542
PanTS_00005392,2,0,train,Venous,0.588542,0.588542,5,2,5,1225,2121.59,18.0894,10-20,False,2,False,-5,isoattenuating,0.405986,True,head,pc1_boundary,0.199591,separated,True,True,68.1656
PanTS_00005420,1,2,train,Arterial,0.742188,0.742188,1.25,2,1.25,436365,300461,119.328,>=40,False,1,True,-58,hypoattenuating,0.718666,True,head,mask_ring,0.255745,abutting,False,True,4.85759
PanTS_00005422,1,1,train,Non-contrast,0.703125,0.703125,0.8,2,0.8,374,147.92,11.216,10-20,False,2,False,0,isoattenuating,0.0131444,True,head,mask_ring,0.153865,inside,False,True,24.4159
PanTS_00005422,2,1,train,Non-contrast,0.703125,0.703125,0.8,2,0.8,1469,581.001,18.9177,10-20,False,2,True,13,hyperattenuating,0.094526,True,head,mask_ring,0.180617,inside,False,True,29.5484
PanTS_00005428,1,3,train,Venous,0.781,0.781,5,2,5,558,1701.79,20.6188,20-40,False,1,True,5,isoattenuating,0,False,head,mask_ring,0.140001,inside,False,False,
PanTS_00005437,1,4,train,Non-contrast,0.781,0.781,5,2,5,2534,7728.21,31.758,20-40,False,1,True,-7,isoattenuating,0,False,head,mask_ring,0.0774372,inside,False,True,31.4119
PanTS_00005466,1,3,train,Venous,0.644531,0.644531,2.5,2,2.5,4829,5015.16,28.1477,20-40,False,1,True,-4,isoattenuating,0.724405,True,head,mask_ring,0.152033,inside,False,True,0.644531
PanTS_00005514,1,0,train,Arterial,0.782,0.782,5,2,5,138,421.952,11.5694,10-20,False,2,False,1,isoattenuating,0,False,head,mask_ring,0.19091,inside,False,True,10
PanTS_00005514,2,0,train,Arterial,0.782,0.782,5,2,5,179,547.314,12.2034,10-20,False,2,True,-11,hypoattenuating,0,False,head,mask_ring,0.224314,inside,False,True,24.8957
PanTS_00005525,1,3,train,Venous,0.71875,0.71875,5,2,5,4832,12481.1,36.82,20-40,False,1,True,-59,hypoattenuating,0.89088,True,head,mask_ring,0.196281,inside,False,True,10.0258
PanTS_00005538,1,3,train,Venous,0.839844,0.839844,2.5,2,2.5,1195,2107.2,18.6476,10-20,False,1,True,19,hyperattenuating,0,False,head,mask_ring,0.0398378,inside,False,True,3.44858
PanTS_00005558,1,1,train,Venous,1.5,1.5,1.5,2,1.5,288,972,20.2361,20-40,False,2,True,-20,hypoattenuating,0.0188679,True,head,mask_ring,0.190885,inside,False,True,82.1721
PanTS_00005558,2,1,train,Venous,1.5,1.5,1.5,2,1.5,114,384.75,14.8492,10-20,False,2,False,-7.5,isoattenuating,0,False,head,mask_ring,0.00663443,inside,False,True,114.973
PanTS_00005571,1,0,train,Venous,0.732422,0.732422,2.5,2,2.5,4567,6124.83,32.0492,20-40,False,1,True,-5,isoattenuating,0.572231,True,head,mask_ring,0.0808713,inside,False,True,8.01001
PanTS_00005583,1,1,train,Arterial,0.742188,0.742188,1.25,2,1.25,19964,13746.3,40.4842,>=40,False,1,True,-48,hypoattenuating,0.808812,True,head,mask_ring,0.171223,inside,False,True,11.5198
PanTS_00005623,1,2,train,Non-contrast,0.820312,0.820312,0.8,2,0.8,2713,1460.49,32.9489,20-40,False,1,True,-5,isoattenuating,0,False,head,mask_ring,,embedded,False,False,
PanTS_00005641,1,2,train,Non-contrast,0.712891,0.712891,0.8,2,0.8,47190,19186.1,57.3559,>=40,False,1,True,-11,hypoattenuating,0,False,head,mask_ring,0.044776,inside,False,True,19.2
PanTS_00005643,1,2,train,Non-contrast,0.703125,0.703125,0.8,2,0.8,1026,405.791,11.7362,10-20,False,2,True,23,hyperattenuating,0.336216,True,head,mask_ring,0.183754,inside,False,True,93.2383
PanTS_00005643,2,2,train,Non-contrast,0.703125,0.703125,0.8,2,0.8,36,14.2383,3.76358,<5,False,2,False,27,hyperattenuating,0,False,head,pc1_boundary,0.379769,embedded,False,True,72.2504
PanTS_00005661,1,3,train,Venous,0.976562,0.976562,2.5,2,2.5,2571,6129.74,27.433,20-40,False,1,True,94,hyperattenuating,0.840979,True,head,mask_ring,0.147972,inside,False,True,31.265
PanTS_00005665,1,2,train,Non-contrast,0.703125,0.703125,0.8,2,0.8,500,197.754,12.9962,10-20,False,3,True,-6,isoattenuating,0,False,head,mask_ring,0.190297,embedded,False,True,92.9783
PanTS_00005665,2,2,train,Non-contrast,0.703125,0.703125,0.8,2,0.8,18,7.11914,3.52813,<5,True,3,False,-12,hypoattenuating,0,False,head,mask_ring,0.341777,embedded,False,True,77.5608
PanTS_00005665,3,2,train,Non-contrast,0.703125,0.703125,0.8,2,0.8,64,25.3125,6.9125,5-10,False,3,False,1.5,isoattenuating,0,False,head,mask_ring,0.34939,inside,False,True,75.1893
PanTS_00005677,1,3,train,Non-contrast,0.683594,0.683594,0.8,2,0.8,1805,674.782,16.6008,10-20,False,1,True,-23,hypoattenuating,0.0498482,True,head,mask_ring,0.0592596,embedded,False,True,51.0909
PanTS_00005731,1,1,train,Non-contrast,1.36719,1.36719,3.27,2,3.27,146,892.395,28.401,20-40,False,1,True,-8,isoattenuating,0,False,body,mask_ring,0.614532,inside,False,True,4.26259
PanTS_00005732,1,1,train,Venous,0.976562,0.976562,3,2,3,3505,10027.9,41.3039,>=40,False,1,True,-47,hypoattenuating,0,False,head,mask_ring,0.231667,abutting,False,True,5.73078
PanTS_00005739,1,1,train,Venous,0.947266,0.947266,2.5,2,2.5,843,1891.09,26.4551,20-40,False,1,True,42,hyperattenuating,0.25828,True,head,mask_ring,0.137706,inside,False,True,0.947266
PanTS_00005742,1,0,train,Non-contrast,0.781,0.781,5,2,5,529,1613.35,20.1998,20-40,False,1,True,5,isoattenuating,0,False,head,mask_ring,0.143806,inside,False,False,
PanTS_00005757,1,2,train,Venous,0.787109,0.787109,1.25,2,1.25,7777,6022.71,28.7666,20-40,False,1,True,-10,isoattenuating,0.827278,True,head,mask_ring,0.188363,inside,False,True,0
PanTS_00005759,1,3,train,Arterial,0.914062,0.914062,2.5,2,2.5,1787,3732.64,23.4378,20-40,False,1,True,-5,isoattenuating,0.57469,True,body,mask_ring,0.173714,inside,False,True,4.42924
PanTS_00005766,1,2,train,Arterial,0.8125,0.8125,2.5,2,2.5,5860,9671.29,33.7781,20-40,False,1,True,-5,isoattenuating,0.834515,True,head,mask_ring,0.161125,inside,False,True,2.98172
PanTS_00005774,1,1,train,Venous,0.583984,0.583984,4,2,4,2715,3703.67,32.9352,20-40,False,1,True,-5,isoattenuating,0,False,body,mask_ring,0.583695,inside,False,True,40.8733
PanTS_00005780,1,1,train,Arterial,0.839844,0.839844,5,2,5,2431,8573.38,32.1648,20-40,False,1,True,8,isoattenuating,0.68577,True,body,mask_ring,0.244787,inside,False,True,0.839844
PanTS_00005782,1,0,train,Venous,1,1,1,2,1,126,126,8.77496,5-10,False,1,True,-5.50851,isoattenuating,0,False,tail,mask_ring,1.00109,inside,False,True,61.3596
PanTS_00005785,1,1,train,Non-contrast,0.857422,0.857422,0.801379,2,0.801379,2118,1247.82,27.0415,20-40,False,1,True,0,isoattenuating,0,False,head,mask_ring,0.180585,embedded,False,False,
PanTS_00005803,1,3,train,Venous,0.976562,0.976562,5,2,5,387,1845.36,21.6219,20-40,False,1,True,4,isoattenuating,0.528986,True,body,mask_ring,0.632881,inside,False,False,
PanTS_00005806,1,3,train,Arterial,0.757812,0.757812,1.25,2,1.25,11697,8396.68,44.0702,>=40,False,1,True,-24,hypoattenuating,0.475564,True,head,mask_ring,0.0135322,inside,False,True,0
PanTS_00005821,1,2,train,Arterial,0.835938,0.835938,2.5,2,2.5,3399,5937.99,30.6174,20-40,False,1,True,4,isoattenuating,0,False,head,mask_ring,0.083998,inside,False,True,4.8703
PanTS_00005832,1,4,train,Arterial,0.576172,0.576172,0.8,2,0.8,1405,373.139,15.188,10-20,False,1,True,-1,isoattenuating,0,False,head,mask_ring,0.240879,inside,False,False,
PanTS_00005855,1,1,train,Venous,0.759766,0.759766,2.5,2,2.5,12282,17724.3,43.7704,>=40,False,1,True,22,hyperattenuating,0.867946,True,head,mask_ring,0.152539,inside,False,True,0.759766
PanTS_00005864,1,1,train,Non-contrast,0.703125,0.703125,0.8,2,0.8,1729,683.833,19.7843,10-20,False,1,True,-17,hypoattenuating,0.0480635,True,head,mask_ring,0.17804,inside,False,True,11.1461
PanTS_00005876,1,3,train,Venous,0.888672,0.888672,2.5,2,2.5,2922,5769.03,31.9999,20-40,False,1,True,-16,hypoattenuating,0.5589,True,body,mask_ring,0.436987,abutting,False,True,44.0422
PanTS_00005881,1,3,train,Venous,0.761719,0.761719,5,2,5,3159,9164.51,32.2667,20-40,False,1,True,2,isoattenuating,0.790578,True,head,mask_ring,0.390011,inside,False,False,
PanTS_00005905,1,0,train,Venous,0.742188,0.742188,3,2,3,2975,4916.27,47.4556,>=40,False,1,True,-22,hypoattenuating,0,False,tail,mask_ring,0.833735,inside,False,True,43.887
PanTS_00005921,1,2,train,Venous,0.753906,0.753906,2.5,2,2.5,4040,5740.58,33.8478,20-40,False,1,True,-11,hypoattenuating,0.743762,True,head,mask_ring,0.225886,inside,False,True,3.01562
PanTS_00005924,1,4,train,Venous,0.689453,0.689453,1.5,2,1.5,6906,4924.11,27.9327,20-40,False,1,True,-9,isoattenuating,0,False,head,mask_ring,0.137454,abutting,False,True,23.2473
PanTS_00005931,1,4,train,Venous,0.78125,0.78125,5,2,5,469,1431.27,23.7603,20-40,False,1,True,-58,hypoattenuating,0.292911,True,head,mask_ring,0.315535,inside,False,True,0.78125
PanTS_00005960,1,2,train,Venous,0.703125,0.703125,5,2,5,1102,2724.06,27.8963,20-40,False,1,True,-16,hypoattenuating,0,False,head,mask_ring,0.032413,inside,False,True,2.98311
PanTS_00005985,1,2,train,Non-contrast,0.78125,0.78125,0.8,2,0.8,5532,2701.17,30.4675,20-40,False,4,True,-40,hypoattenuating,0,False,head,mask_ring,0.183975,abutting,False,False,
PanTS_00005985,2,2,train,Non-contrast,0.78125,0.78125,0.8,2,0.8,16,7.8125,3.35457,<5,True,4,False,-57.5,hypoattenuating,0,False,head,pc1_boundary,0.311234,embedded,False,False,
PanTS_00005985,3,2,train,Non-contrast,0.78125,0.78125,0.8,2,0.8,11,5.37109,4.92552,<5,True,4,False,-21,hypoattenuating,0,False,head,pc1_boundary,0.249949,embedded,False,False,
PanTS_00005985,4,2,train,Non-contrast,0.78125,0.78125,0.8,2,0.8,4,1.95313,2.4,<5,True,4,False,-15,hypoattenuating,0,False,head,pc1_boundary,0.270624,embedded,False,False,
PanTS_00005992,1,2,train,Venous,0.798828,0.798828,2.5,2,2.5,4530,7226.78,29.7181,20-40,False,1,True,-6,isoattenuating,0.552404,True,head,mask_ring,0.203925,inside,False,True,0
PanTS_00005994,1,4,train,Venous,0.791016,0.791016,2.42,2,2.42,946,1432.44,22.866,20-40,False,1,True,-2,isoattenuating,0,False,head,mask_ring,0.363447,inside,False,True,49.2144
PanTS_00005995,1,3,train,Venous,0.78125,0.78125,0.8,2,0.8,5798,2831.05,32.3427,20-40,False,1,True,-4,isoattenuating,0,False,head,mask_ring,0.535248,abutting,False,False,
PanTS_00006000,1,1,train,Arterial,0.742188,0.742188,1.25,2,1.25,20181,13895.7,41.5264,>=40,False,1,True,-26,hypoattenuating,0.668911,True,head,mask_ring,0.451558,inside,False,True,0
PanTS_00006011,1,2,train,Arterial,1.5,1.5,1.5,2,1.5,841,2838.38,23.2863,20-40,False,1,True,10,isoattenuating,0.621967,True,head,mask_ring,0.201714,inside,False,True,2.12132
PanTS_00006039,1,4,train,Arterial,0.766,0.766,5,2,5,643,1886.42,18.4545,10-20,False,2,True,0,isoattenuating,0,False,head,mask_ring,0.305483,inside,False,True,19.5507
PanTS_00006039,2,4,train,Arterial,0.766,0.766,5,2,5,238,698.24,17.272,10-20,False,2,False,-57,hypoattenuating,0,False,head,pc1_boundary,-0.476251,separated,True,True,77.9919
PanTS_00006054,1,4,train,Venous,0.703125,0.703125,0.8,2,0.8,17339,6857.71,50.8853,>=40,False,1,True,-21,hypoattenuating,0,False,,none,,separated,True,False,
PanTS_00006056,1,0,train,Venous,0.742188,0.742188,1,2,1,2478,1364.99,40.6639,>=40,False,2,True,-33,hypoattenuating,0.118549,True,body,pc1_boundary,0.568797,separated,True,True,55.121
PanTS_00006056,2,0,train,Venous,0.742188,0.742188,1,2,1,1758,968.381,24.4152,20-40,False,2,False,-27,hypoattenuating,0.088221,True,body,mask_ring,0.640049,abutting,False,True,61.6891
PanTS_00006064,1,0,train,Venous,0.703125,0.703125,2.5,2,2.5,1611,1991.13,21.5243,20-40,False,1,True,-31,hypoattenuating,0.373777,True,head,mask_ring,0.0252506,inside,False,True,3.97748
PanTS_00006079,1,0,train,Venous,0.902344,0.902344,2.5,2,2.5,2232,4543.37,25.7714,20-40,False,1,True,-11,hypoattenuating,0.720195,True,head,mask_ring,0.105007,inside,False,True,1.80469
PanTS_00006135,1,1,train,Venous,1.5,1.5,1.5,2,1.5,396,1336.5,20.8926,20-40,False,1,True,-17,hypoattenuating,0,False,head,mask_ring,0.309484,separated,True,True,25.1446
PanTS_00006142,1,1,train,Arterial,0.976562,0.976562,2.5,2,2.5,1777,4236.7,35.303,20-40,False,1,True,6,isoattenuating,0.526848,True,head,mask_ring,0.0650159,inside,False,True,36.0715
PanTS_00006157,1,3,train,Venous,0.783203,0.783203,1.25,2,1.25,75815,58131.8,98.4386,>=40,False,1,True,9,isoattenuating,0.619253,True,head,mask_ring,0.211558,inside,False,True,0.783203
PanTS_00006178,1,0,train,Non-contrast,1.5,1.5,1.5,2,1.5,358,1208.25,17.6847,10-20,False,1,True,0,isoattenuating,0,False,head,mask_ring,0.196522,inside,False,True,48.2338
PanTS_00006183,1,3,train,Venous,0.753906,0.753906,2.5,2,2.5,2599,3693.01,25.665,20-40,False,1,True,-39,hypoattenuating,0,False,body,mask_ring,0.490015,inside,False,True,1.68579
PanTS_00006193,1,3,train,Non-contrast,0.898438,0.898438,0.8,2,0.8,3164,2043.16,18.623,10-20,False,1,True,17,hyperattenuating,0,False,body,mask_ring,0.366832,inside,False,False,
PanTS_00006201,1,4,train,Venous,0.951172,0.951172,2.5,2,2.5,2629,5946.33,31.1452,20-40,False,1,True,7,isoattenuating,0.377905,True,head,mask_ring,0.072821,inside,False,True,2.5
PanTS_00006218,1,3,train,Venous,0.722656,0.722656,2.5,2,2.5,1780,2323.93,20.1982,20-40,False,1,True,-33,hypoattenuating,0.085049,True,head,mask_ring,0.351272,inside,False,True,0.722656
PanTS_00006222,1,3,train,Non-contrast,0.722656,0.722656,0.8,2,0.8,29747,12427.9,50.3717,>=40,False,1,True,0,isoattenuating,0.70987,True,head,mask_ring,0.214263,abutting,False,False,
PanTS_00006238,1,4,train,Venous,0.703125,0.703125,1.25,2,1.25,7412,4580.47,38.4332,20-40,False,1,True,-16,hypoattenuating,0,False,head,mask_ring,0.132526,inside,False,True,32.7463
PanTS_00006256,1,1,train,Venous,0.644531,0.644531,5,2,5,2782,5778.5,24.8844,20-40,False,1,True,-53,hypoattenuating,0.687632,True,tail,mask_ring,0.851947,inside,False,True,20.6322
PanTS_00006257,1,0,train,Arterial,0.658203,0.658203,0.8,2,0.8,2197,761.447,32.1267,20-40,False,2,True,-1,isoattenuating,0,False,head,mask_ring,0.169256,abutting,False,False,
PanTS_00006257,2,0,train,Arterial,0.658203,0.658203,0.8,2,0.8,542,187.849,10.4844,10-20,False,2,False,-16,hypoattenuating,0,False,head,pc1_boundary,0.173917,abutting,False,False,
PanTS_00006263,1,1,train,Venous,0.976562,0.976562,2.5,2,2.5,4784,11405.9,37.2502,20-40,False,1,True,24,hyperattenuating,0.65212,True,head,mask_ring,0.101468,inside,False,True,25
PanTS_00006268,1,2,train,Venous,0.744141,0.744141,1.5,2,1.5,14604,12130.3,52.6846,>=40,False,1,True,-12,hypoattenuating,0.622212,True,head,mask_ring,0.209917,abutting,False,True,10.7595
PanTS_00006272,1,4,train,Venous,0.78125,0.78125,2.5,2,2.5,5422,8273.32,30.7912,20-40,False,1,True,-12,hypoattenuating,0.869236,True,head,mask_ring,0.263151,inside,False,True,0
PanTS_00006275,1,2,train,Arterial,1,1,1,2,1,1953,1953,23.4307,20-40,False,8,False,-13.0007,hypoattenuating,0,False,head,pc1_boundary,0.199544,inside,False,False,
PanTS_00006275,2,2,train,Arterial,1,1,1,2,1,1845,1845,35.5668,20-40,False,8,False,-23.0106,hypoattenuating,0,False,head,mask_ring,0.112342,inside,False,False,
PanTS_00006275,3,2,train,Arterial,1,1,1,2,1,39,39,5.74456,5-10,False,8,False,-3.99786,isoattenuating,0,False,head,pc1_boundary,0.327613,inside,False,False,
PanTS_00006275,4,2,train,Arterial,1,1,1,2,1,3,3,2,<5,True,8,False,15.9915,hyperattenuating,0,False,head,pc1_boundary,0.334934,inside,False,False,
PanTS_00006275,5,2,train,Arterial,1,1,1,2,1,2610,2610,34.4529,20-40,False,8,True,-14.0078,hypoattenuating,0.201539,True,head,mask_ring,0.400627,inside,False,False,
PanTS_00006275,6,2,train,Arterial,1,1,1,2,1,3,3,2,<5,True,8,False,-23.9872,hypoattenuating,0,False,head,pc1_boundary,0.37836,inside,False,False,
PanTS_00006275,7,2,train,Arterial,1,1,1,2,1,690,690,14.4914,10-20,False,8,False,-24.9943,hypoattenuating,0,False,tail,pc1_boundary,0.894364,inside,False,False,
PanTS_00006275,8,2,train,Arterial,1,1,1,2,1,87,87,12.8062,10-20,False,8,False,-23.9872,hypoattenuating,0,False,tail,pc1_boundary,0.999048,inside,False,False,
PanTS_00006282,1,3,train,Non-contrast,0.730469,0.730469,0.853631,2,0.853631,1031,469.605,12.1016,10-20,False,1,True,-7,isoattenuating,0,False,head,mask_ring,,inside,False,True,13.4547
PanTS_00006287,1,0,train,Non-contrast,0.757812,0.757812,5,2,5,7091,20361.1,52.7457,>=40,False,2,True,-2,isoattenuating,0,False,tail,mask_ring,0.88513,inside,False,False,
PanTS_00006287,2,0,train,Non-contrast,0.757812,0.757812,5,2,5,1558,4473.63,36.9326,20-40,False,2,False,-3,isoattenuating,0.0478036,True,head,mask_ring,0.176125,inside,False,False,
PanTS_00006300,1,0,train,Venous,0.863281,0.863281,5,2,5,7840,29214,78.9633,>=40,False,4,True,-57,hypoattenuating,0,False,body,mask_ring,0.681037,abutting,False,True,48.6204
PanTS_00006300,2,0,train,Venous,0.863281,0.863281,5,2,5,1311,4885.14,31.3019,20-40,False,4,False,-69,hypoattenuating,0,False,body,pc1_boundary,0.469187,separated,True,True,69.4455
PanTS_00006300,3,0,train,Venous,0.863281,0.863281,5,2,5,159,592.477,12.01,10-20,False,4,False,-53,hypoattenuating,0.00683554,True,head,pc1_boundary,0.353438,separated,True,True,49.9802
PanTS_00006300,4,0,train,Venous,0.863281,0.863281,5,2,5,786,2928.85,34.7776,20-40,False,4,False,-34,hypoattenuating,0.0264775,True,head,mask_ring,0.230421,abutting,False,True,20.3109
PanTS_00006304,1,1,train,Venous,0.8125,0.8125,2.5,2,2.5,1849,3051.57,23.7981,20-40,False,1,True,-12,hypoattenuating,0.636818,True,head,mask_ring,0.23247,inside,False,True,2.5
PanTS_00006311,1,2,train,Non-contrast,0.824,0.824,5,2,5,109,370.042,14.1594,10-20,False,1,True,6,isoattenuating,0,False,head,mask_ring,0.238681,inside,False,False,
PanTS_00006315,1,4,train,Venous,0.939453,0.939453,2.5,2,2.5,2706,5970.6,37.0666,20-40,False,1,True,28,hyperattenuating,0.481047,True,head,mask_ring,0.048479,inside,False,True,54.9686
PanTS_00006319,1,3,train,Arterial,0.783203,0.783203,0.625,2,0.625,47289,18129.6,48.8418,>=40,False,1,True,-12,hypoattenuating,0.613566,True,head,mask_ring,0.0477431,abutting,False,True,5.90038
PanTS_00006331,1,4,train,Venous,0.671875,0.671875,2,2,2,5243,4733.55,31.0938,20-40,False,3,False,-67,hypoattenuating,0,False,head,mask_ring,0.286465,abutting,False,False,
PanTS_00006331,2,4,train,Venous,0.671875,0.671875,2,2,2,44715,40370.1,99.7207,>=40,False,3,True,-51,hypoattenuating,0,False,body,mask_ring,0.554523,abutting,False,False,
PanTS_00006331,3,4,train,Venous,0.671875,0.671875,2,2,2,399,360.23,11.5355,10-20,False,3,False,-50,hypoattenuating,0,False,tail,mask_ring,1.01064,abutting,False,False,
PanTS_00006333,1,1,train,Venous,0.785156,0.785156,3,2,3,6564,12139.5,35.3614,20-40,False,1,True,2,isoattenuating,0.841782,True,head,mask_ring,0.204952,inside,False,True,2.35547
PanTS_00006340,1,2,train,Non-contrast,0.898438,0.898438,0.8,2,0.8,1550,1000.92,16.7939,10-20,False,1,True,-4,isoattenuating,0,False,head,mask_ring,0.137071,embedded,False,False,
PanTS_00006350,1,0,train,Arterial,1.5,1.5,1.5,2,1.5,4818,16260.8,48.3037,>=40,False,1,True,-16,hypoattenuating,0.574734,True,head,mask_ring,0.207436,inside,False,True,1.5
PanTS_00006351,1,3,train,Arterial,0.625,0.625,0.8,2,0.8,15887,4964.69,31.2624,20-40,False,1,True,-2,isoattenuating,0.544695,True,head,mask_ring,0.12699,inside,False,True,18.45
PanTS_00006353,1,3,train,Non-contrast,0.820312,0.820312,0.8,2,0.8,25319,13630,45.9136,>=40,False,2,True,8,isoattenuating,0.490078,True,head,mask_ring,0.183701,embedded,False,True,63.6481
PanTS_00006353,2,3,train,Non-contrast,0.820312,0.820312,0.8,2,0.8,1035,557.171,14.8816,10-20,False,2,False,5,isoattenuating,0,False,body,mask_ring,0.424182,inside,False,True,55.9801
PanTS_00006384,1,3,train,Venous,0.970703,0.970703,2.5,2,2.5,5995,14122.2,42.0323,>=40,False,1,True,-28,hypoattenuating,0.814047,True,head,mask_ring,0.223072,inside,False,True,2.17056
PanTS_00006394,1,4,train,Non-contrast,0.746094,0.746094,0.8,2,0.8,2650,1180.11,15.5312,10-20,False,1,True,-19,hypoattenuating,0,False,head,mask_ring,0.112866,inside,False,False,
PanTS_00006413,1,3,train,Arterial,0.742188,0.742188,1.25,2,1.25,2695,1855.65,19.7053,10-20,False,1,True,-40,hypoattenuating,0,False,body,mask_ring,0.472668,inside,False,True,0
PanTS_00006422,1,1,train,Non-contrast,0.898438,0.898438,0.8,2,0.8,5285,3412.8,27.1717,20-40,False,1,True,11,hyperattenuating,0,False,head,mask_ring,0.305895,inside,False,False,
PanTS_00006430,1,1,train,Arterial,0.742188,0.742188,1.25,2,1.25,49599,34151.6,53.6613,>=40,False,1,True,20,hyperattenuating,0.222385,True,head,mask_ring,0.393986,inside,False,False,
PanTS_00006432,1,0,train,Non-contrast,0.683594,0.683594,2.5,2,2.5,7913,9244.38,35.2134,20-40,False,1,True,-26,hypoattenuating,0.863051,True,head,mask_ring,0.181997,inside,False,True,0.683594
PanTS_00006447,1,0,train,Non-contrast,1.36719,1.36719,3.27002,2,3.27002,979,5983.97,31.9677,20-40,False,1,True,0,isoattenuating,0,False,head,mask_ring,0.168857,inside,False,True,1.36719
PanTS_00006466,1,4,train,Venous,0.976562,0.976562,2.5,2,2.5,1856,4425.04,29.9318,20-40,False,1,True,-27,hypoattenuating,0.564187,True,head,mask_ring,0.0482826,abutting,False,True,25.3786
PanTS_00006467,1,3,train,Venous,0.730469,0.730469,2.5,2,2.5,4645,6196.26,29.176,20-40,False,1,True,14,hyperattenuating,0,False,head,mask_ring,0.149451,inside,False,True,0
PanTS_00006483,1,0,train,Arterial,0.742188,0.742188,1.25,2,1.25,61036,42026.6,81.9064,>=40,False,1,True,2,isoattenuating,0.766384,True,head,mask_ring,0.368434,inside,False,True,0
PanTS_00006513,1,4,train,Venous,0.744141,0.744141,1.5,2,1.5,14728,12233.3,52.8263,>=40,False,1,True,-11,hypoattenuating,0.669546,True,head,mask_ring,0.209504,abutting,False,True,10.7595
PanTS_00006519,1,4,train,Venous,0.863281,0.863281,5,2,5,12934,48195.6,62.9664,>=40,False,1,True,21,hyperattenuating,0.0287821,True,head,mask_ring,0.184244,inside,False,False,
PanTS_00006523,1,0,train,Arterial,0.78125,0.78125,0.8,2,0.8,796,388.672,12.9286,10-20,False,1,True,-10,isoattenuating,0.122107,True,head,mask_ring,0.10311,inside,False,True,72.2411
PanTS_00006525,1,2,train,Venous,0.610677,0.610677,5,2,5,12154,22662.7,60.6945,>=40,False,1,True,-17,hypoattenuating,0,False,tail,mask_ring,0.673952,abutting,False,False,
PanTS_00006536,1,3,train,Arterial,0.847656,0.847656,2.5,2,2.5,363,652.058,23.0229,20-40,False,2,False,-50,hypoattenuating,0,False,tail,mask_ring,0.911542,abutting,False,True,107.99
PanTS_00006536,2,3,train,Arterial,0.847656,0.847656,2.5,2,2.5,384,689.78,16.3992,10-20,False,2,True,-58,hypoattenuating,0.325926,True,tail,mask_ring,1.00905,abutting,False,True,124.688
PanTS_00006559,1,1,train,Venous,0.861328,0.861328,2.5,2,2.5,688,1276.04,17.4253,10-20,False,1,True,39,hyperattenuating,0,False,head,mask_ring,0.136434,inside,False,False,
PanTS_00006576,1,0,train,Non-contrast,0.78125,0.78125,0.8,2,0.8,11981,5850.1,32.6526,20-40,False,2,True,4,isoattenuating,0.209857,True,head,mask_ring,0.152696,inside,False,True,72.6681
PanTS_00006576,2,0,train,Non-contrast,0.78125,0.78125,0.8,2,0.8,956,466.797,15.6394,10-20,False,2,False,-17,hypoattenuating,0,False,head,mask_ring,0.194873,inside,False,True,80.6084
PanTS_00006616,1,4,train,Venous,0.677734,0.677734,5,2,5,2205,5064.04,26.9199,20-40,False,1,True,18,hyperattenuating,0.718301,True,head,mask_ring,0.175666,inside,False,True,1.35547
PanTS_00006650,1,2,train,Arterial,0.771484,0.771484,2.5,2,2.5,2270,3377.69,35.2738,20-40,False,1,True,-3,isoattenuating,0,False,tail,mask_ring,0.813664,inside,False,True,0.771484
PanTS_00006654,1,3,train,Venous,0.724609,0.724609,1.25,2,1.25,68489,44950.9,105.198,>=40,False,1,True,-18,hypoattenuating,0.658057,True,body,mask_ring,0.674599,inside,False,True,0
PanTS_00006661,1,3,train,Non-contrast,0.640625,0.640625,5,2,5,919,1885.79,20.3585,20-40,False,1,True,-6,isoattenuating,0,False,head,mask_ring,0.387207,inside,False,False,
PanTS_00006665,1,2,train,Non-contrast,0.921875,0.921875,2.5,2,2.5,6777,14398.6,35.2128,20-40,False,1,True,26,hyperattenuating,0.879654,True,head,mask_ring,0.39409,inside,False,False,
PanTS_00006707,1,2,train,Venous,0.931641,0.931641,5,2,5,1013,4396.19,24.298,20-40,False,1,True,-5,isoattenuating,0,False,head,mask_ring,0.168703,inside,False,False,
PanTS_00006710,1,2,train,Venous,0.777344,0.777344,1.25,2,1.25,4192,3166.34,24.4001,20-40,False,1,True,-11,hypoattenuating,0.389241,True,head,mask_ring,0.181144,inside,False,True,3.32928
PanTS_00006734,1,4,train,Arterial,0.722656,0.722656,2.5,2,2.5,388,506.565,13.3251,10-20,False,1,True,8,isoattenuating,0,False,head,mask_ring,0.250115,inside,False,True,5.68872
PanTS_00006741,1,0,train,Venous,0.796875,0.796875,5,2,5,321,1019.19,25.517,20-40,False,1,True,-13,hypoattenuating,0,False,body,mask_ring,0.611356,inside,False,True,42.492
PanTS_00006746,1,2,train,Venous,0.886719,0.886719,0.625,2,0.625,27558,13542.5,40.9182,>=40,False,1,True,-16,hypoattenuating,0.843351,True,head,mask_ring,0.101587,embedded,False,True,8.125
PanTS_00006754,1,1,train,Venous,0.761719,0.761719,5,2,5,2343,6797.23,25.0025,20-40,False,1,True,-37,hypoattenuating,0.934151,True,tail,mask_ring,0.828544,inside,False,True,55.3144
PanTS_00006755,1,1,train,Arterial,0.738281,0.738281,0.8,2,0.8,1563,681.542,14.8235,10-20,False,2,False,-11,hypoattenuating,0,False,head,mask_ring,0.236289,abutting,False,False,
PanTS_00006755,2,1,train,Arterial,0.738281,0.738281,0.8,2,0.8,1952,851.164,23.8824,20-40,False,2,True,-12,hypoattenuating,0,False,head,mask_ring,0.234526,inside,False,False,
PanTS_00006772,1,2,train,Venous,0.782,0.782,0.8,2,0.8,174254,85248.4,89.8447,>=40,False,1,True,-45,hypoattenuating,0.84519,True,body,mask_ring,0.647966,abutting,False,True,15.0978
PanTS_00006786,1,4,train,Venous,0.871094,0.871094,2.5,2,2.5,20737,39338.3,60.4872,>=40,False,1,True,-65,hypoattenuating,0.917377,True,head,mask_ring,0.388473,inside,False,True,2.61328
PanTS_00006795,1,0,train,Arterial,0.742188,0.742188,1.25,2,1.25,41646,28675.5,91.0432,>=40,False,1,True,-18,hypoattenuating,0.134991,True,head,mask_ring,0.199618,inside,False,True,0
PanTS_00006802,1,0,train,Venous,0.976562,0.976562,2.5,2,2.5,491,1170.63,15.5019,10-20,False,1,True,-9,isoattenuating,0,False,head,mask_ring,0.238018,inside,False,True,0
PanTS_00006816,1,1,train,Venous,0.839844,0.839844,2.5,2,2.5,3547,6254.58,30.1314,20-40,False,1,True,-40,hypoattenuating,0.689439,True,head,mask_ring,0.171029,inside,False,True,3.44858
PanTS_00006837,1,3,train,Arterial,0.742188,0.742188,1.25,2,1.25,26446,18209.5,47.4638,>=40,False,1,True,-47,hypoattenuating,0.573249,True,head,mask_ring,0.32237,abutting,False,True,3.9515
PanTS_00006879,1,0,train,Non-contrast,0.644531,0.644531,2.5,2,2.5,8289,8608.55,29.4829,20-40,False,1,True,-10,isoattenuating,0.720751,True,head,mask_ring,0.143148,inside,False,True,0.911504
PanTS_00006903,1,0,train,Arterial,1,1,1,2,1,6333,6333,33.3167,20-40,False,1,True,-14.0078,hypoattenuating,0.515626,True,head,mask_ring,0.169479,inside,False,True,12.1244
PanTS_00006917,1,3,train,Non-contrast,0.839844,0.839844,0.8,2,0.8,15383,8680.17,39.6429,20-40,False,4,True,0,isoattenuating,0.428345,True,head,mask_ring,0.137401,inside,False,False,
PanTS_00006917,2,3,train,Non-contrast,0.839844,0.839844,0.8,2,0.8,810,457.059,18.0351,10-20,False,4,False,3,isoattenuating,0,False,head,mask_ring,0.234197,embedded,False,False,
PanTS_00006917,3,3,train,Non-contrast,0.839844,0.839844,0.8,2,0.8,4,2.25708,2.4,<5,True,4,False,21,hyperattenuating,0,False,head,mask_ring,0.204759,embedded,False,False,
PanTS_00006917,4,3,train,Non-contrast,0.839844,0.839844,0.8,2,0.8,244,137.682,12.0787,10-20,False,4,False,7,isoattenuating,0,False,head,mask_ring,0.308062,embedded,False,False,
PanTS_00006921,1,3,train,Venous,0.9375,0.9375,2.5,2,2.5,9006,19788.6,47.2206,>=40,False,1,True,-55,hypoattenuating,0.842768,True,head,mask_ring,0.172858,inside,False,True,0
PanTS_00006927,1,4,train,Venous,0.777344,0.777344,3,2,3,166,300.923,17.736,10-20,False,1,True,12.5,hyperattenuating,0,False,head,mask_ring,0.0834549,abutting,False,False,
PanTS_00006945,1,3,train,Venous,0.878906,0.878906,2.5,2,2.5,4020,7763.38,32.3691,20-40,False,1,True,-52,hypoattenuating,0.85707,True,head,mask_ring,0.135188,inside,False,True,13.8992
PanTS_00006959,1,4,train,Arterial,0.644531,0.644531,2.5,2,2.5,2044,2122.8,23.6981,20-40,False,1,True,14,hyperattenuating,0.230769,True,head,mask_ring,0.117412,embedded,False,False,
PanTS_00006960,1,1,train,Venous,0.742188,0.742188,2.5,2,2.5,9006,12402.2,36.5776,20-40,False,1,True,19,hyperattenuating,0.837027,True,head,mask_ring,0.161686,inside,False,True,1.48438
PanTS_00006975,1,3,train,Venous,0.726562,0.726562,2.5,2,2.5,3862,5096.8,28.2893,20-40,False,1,True,-10,isoattenuating,0.800998,True,head,mask_ring,0.154948,inside,False,True,0.726562
PanTS_00006982,1,3,train,Arterial,0.742188,0.742188,1.25,2,1.25,156720,107910,77.7952,>=40,False,1,True,-46,hypoattenuating,0.311772,True,head,mask_ring,0.152722,abutting,False,True,0
PanTS_00006987,1,3,train,Venous,0.820312,0.820312,1,2,1,10608,7138.26,37.1842,20-40,False,2,True,18,hyperattenuating,0.737711,True,body,mask_ring,0.611975,inside,False,True,0.820312
PanTS_00006987,2,3,train,Venous,0.820312,0.820312,1,2,1,4548,3060.41,21.5397,20-40,False,2,False,19,hyperattenuating,0,False,tail,mask_ring,0.926644,inside,False,True,1.29341
PanTS_00006998,1,3,train,Venous,0.951172,0.951172,2.5,2,2.5,3028,6848.79,35.0775,20-40,False,1,True,-17,hypoattenuating,0.60805,True,head,mask_ring,0.132144,inside,False,True,0
PanTS_00007001,1,4,train,Venous,0.703125,0.703125,1.25,2,1.25,1092,674.835,23.9579,20-40,False,2,False,-17,hypoattenuating,0,False,head,mask_ring,0.101511,inside,False,True,30.4985
PanTS_00007001,2,4,train,Venous,0.703125,0.703125,1.25,2,1.25,4344,2684.51,22.4166,20-40,False,2,True,-5,isoattenuating,0,False,head,mask_ring,0.177714,inside,False,True,12.7373
PanTS_00007002,1,2,train,Non-contrast,0.65625,0.65625,0.8,2,0.8,1535,528.855,14.2161,10-20,False,1,True,-4,isoattenuating,0.094442,True,head,mask_ring,0.138387,inside,False,True,25.4455
PanTS_00007014,1,3,train,Venous,0.675781,0.675781,5,2,5,1832,4183.19,37.3577,20-40,False,1,True,-1,isoattenuating,0.312656,True,body,mask_ring,0.646997,embedded,False,True,17.7384
PanTS_00007044,1,3,train,Non-contrast,0.663,0.663,0.800002,2,0.800002,11655,4098.55,28.2105,20-40,False,4,True,1,isoattenuating,0.707072,True,head,mask_ring,0.267351,embedded,False,False,
PanTS_00007044,2,3,train,Non-contrast,0.663,0.663,0.800002,2,0.800002,4,1.40662,2.40001,<5,True,4,False,-59,hypoattenuating,0,False,body,mask_ring,0.476123,abutting,False,False,
PanTS_00007044,3,3,train,Non-contrast,0.663,0.663,0.800002,2,0.800002,1251,439.922,26.8227,20-40,False,4,False,-22,hypoattenuating,0,False,body,mask_ring,0.553581,abutting,False,False,
PanTS_00007044,4,3,train,Non-contrast,0.663,0.663,0.800002,2,0.800002,128,45.012,7.32619,5-10,False,4,False,0,isoattenuating,0,False,body,mask_ring,0.698388,abutting,False,False,
PanTS_00007048,1,0,train,Venous,0.898438,0.898438,0.625,2,0.625,2225,1122.5,19.1178,10-20,False,1,True,-28,hypoattenuating,0,False,head,mask_ring,0.146636,inside,False,True,0.625
PanTS_00007053,1,0,train,Venous,0.898438,0.898438,2.5,2,2.5,3267,6592.73,40.1834,>=40,False,1,True,-17,hypoattenuating,0.455336,True,head,mask_ring,0.258462,inside,False,True,0.898438
PanTS_00007054,1,4,train,Venous,0.857422,0.857422,2.5,2,2.5,6198,11391.5,46.7975,>=40,False,1,True,-19,hypoattenuating,0.270406,True,head,mask_ring,0.408954,abutting,False,True,11.4238
PanTS_00007060,1,3,train,Venous,0.839844,0.839844,2.5,2,2.5,9042,15944.2,41.4405,>=40,False,1,True,-27,hypoattenuating,0.787837,True,tail,mask_ring,0.883771,inside,False,True,73.7958
PanTS_00007065,1,0,train,Venous,0.787109,0.787109,2.5,2,2.5,8475,13126.5,39.9018,20-40,False,1,True,18,hyperattenuating,0.779617,True,head,mask_ring,0.113885,inside,False,True,0
PanTS_00007067,1,0,train,Non-contrast,0.756,0.756,0.8,2,0.8,15788,7218.73,43.1384,>=40,False,1,True,5,isoattenuating,0.516378,True,head,mask_ring,0.1225,abutting,False,True,4.53074
PanTS_00007071,1,1,train,Arterial,0.841797,0.841797,1.25,2,1.25,7766,6878.95,34.5634,20-40,False,1,True,-33,hypoattenuating,0.000399162,True,head,mask_ring,0.253719,inside,False,True,0
PanTS_00007093,1,4,train,Arterial,1,1,1,2,1,225,225,10.247,10-20,False,1,True,-48.0049,hypoattenuating,0,False,body,mask_ring,0.592732,inside,False,True,14.4568
PanTS_00007094,1,3,train,Venous,1,1,1,2,1,4587,4587,41.9762,>=40,False,1,True,7,isoattenuating,0,False,head,mask_ring,-0.0803781,abutting,False,True,25.9422
PanTS_00007095,1,2,train,Arterial,0.650391,0.650391,0.7,2,0.7,59835,17717.5,52.9652,>=40,False,1,True,18,hyperattenuating,0.604569,True,head,mask_ring,0.22945,abutting,False,True,0
PanTS_00007099,1,1,train,Non-contrast,0.78125,0.78125,0.8,2,0.8,28880,14101.6,45.5205,>=40,False,1,True,-1,isoattenuating,0.523997,True,head,mask_ring,0.215603,inside,False,True,16.3398
PanTS_00007100,1,2,train,Venous,0.78125,0.78125,5,2,5,687,2096.56,20.277,20-40,False,4,False,-17,hypoattenuating,0.620811,True,tail,mask_ring,0.919019,inside,False,True,64.9827
PanTS_00007100,2,2,train,Venous,0.78125,0.78125,5,2,5,393,1199.34,21.9163,20-40,False,4,False,14,hyperattenuating,0,False,head,mask_ring,0.205773,abutting,False,True,21.8839
PanTS_00007100,3,2,train,Venous,0.78125,0.78125,5,2,5,1846,5633.54,33.0442,20-40,False,4,True,-33,hypoattenuating,0,False,head,pc1_boundary,-0.0188845,separated,True,True,28.2333
PanTS_00007100,4,2,train,Venous,0.78125,0.78125,5,2,5,936,2856.45,27.4369,20-40,False,4,False,22,hyperattenuating,0,False,head,pc1_boundary,-0.0394667,separated,True,True,35.3726
PanTS_00007102,1,1,train,Venous,0.839844,0.839844,5,2,5,316,1114.43,16.6163,10-20,False,2,True,-24,hypoattenuating,0,False,tail,mask_ring,0.74932,embedded,False,True,71.224
PanTS_00007102,2,1,train,Venous,0.839844,0.839844,5,2,5,118,416.149,15.6395,10-20,False,2,False,-18,hypoattenuating,0,False,tail,mask_ring,0.643187,embedded,False,True,54.9875
PanTS_00007105,1,1,train,Arterial,0.757812,0.757812,1.25,2,1.25,6987,5015.61,27.7633,20-40,False,1,True,-5,isoattenuating,0.534427,True,head,mask_ring,0.108547,inside,False,True,0
PanTS_00007114,1,2,train,Venous,0.65625,0.65625,2.5,2,2.5,10445,11245.7,35.8454,20-40,False,1,True,-13,hypoattenuating,0.76594,True,head,mask_ring,0.217819,inside,False,True,1.3125
PanTS_00007115,1,4,train,Arterial,0.644531,0.644531,2.5,2,2.5,11004,11428.2,39.7498,20-40,False,1,True,61,hyperattenuating,0.537302,True,head,mask_ring,0.0795553,inside,False,True,2.5
PanTS_00007122,1,2,train,Venous,0.742188,0.742188,1.25,2,1.25,80625,55514.6,72.5331,>=40,False,1,True,-27,hypoattenuating,0.839086,True,head,mask_ring,0.327376,abutting,False,True,15.3101
PanTS_00007130,1,3,train,Venous,1.5,1.5,1.5,2,1.5,11144,37611,62.2274,>=40,False,1,True,-10,isoattenuating,0.735484,True,head,mask_ring,0.120319,inside,False,True,1.5
PanTS_00007135,1,2,train,Venous,1.5,1.5,1.5,2,1.5,330,1113.75,15.1493,10-20,False,1,True,10,isoattenuating,0,False,head,mask_ring,0.128122,inside,False,False,
PanTS_00007147,1,1,train,Venous,0.78125,0.78125,1.2,2,1.2,2162,1583.5,19.0103,10-20,False,1,True,-4,isoattenuating,0.524046,True,head,mask_ring,0.0489937,inside,False,True,10.3035
PanTS_00007151,1,3,train,Venous,0.740234,0.740234,3,2,3,548,900.825,20.7437,20-40,False,2,True,1,isoattenuating,0,False,head,mask_ring,0.0813612,inside,False,True,26.7387
PanTS_00007151,2,3,train,Venous,0.740234,0.740234,3,2,3,342,562.194,20.2017,20-40,False,2,False,7,isoattenuating,0,False,body,mask_ring,0.667268,inside,False,True,24.7112
PanTS_00007152,1,2,train,Venous,1,1,1,2,1,4842,4842,27.7669,20-40,False,1,True,-17,hypoattenuating,0.740366,True,body,mask_ring,0.323257,inside,False,True,29.0689
PanTS_00007157,1,2,train,Venous,0.742188,0.742188,3,2,3,1266,2092.1,20.3448,20-40,False,2,False,-13,hypoattenuating,0,False,body,mask_ring,0.714171,inside,False,True,10.5577
PanTS_00007157,2,2,train,Venous,0.742188,0.742188,3,2,3,3121,5157.54,32.2354,20-40,False,2,True,-18,hypoattenuating,0,False,tail,mask_ring,0.895152,inside,False,True,32.4633
PanTS_00007166,1,1,train,Venous,0.833984,0.833984,2.5,2,2.5,1024,1780.56,20.4337,20-40,False,1,True,-35,hypoattenuating,0.502145,True,head,mask_ring,0.155361,inside,False,True,5.59366
PanTS_00007167,1,3,train,Venous,0.742188,0.742188,1.25,2,1.25,26465,18222.6,41.2135,>=40,False,1,True,-5,isoattenuating,0.787979,True,head,mask_ring,0.201851,inside,False,True,2.5
PanTS_00007184,1,4,train,Arterial,1,1,1,2,1,2889,2889,23.7276,20-40,False,1,True,-24.9943,hypoattenuating,0.494524,True,head,mask_ring,0.195426,inside,False,False,
PanTS_00007190,1,1,train,Arterial,0.742188,0.742188,1.25,2,1.25,25636,17651.8,53.9824,>=40,False,1,True,-15,hypoattenuating,0.636683,True,head,mask_ring,0.23829,inside,False,True,0
PanTS_00007194,1,0,train,Arterial,3,0.976562,0.976562,0,3,1280,3662.11,27.5692,20-40,False,1,True,29,hyperattenuating,0.331865,True,head,mask_ring,0.179076,inside,False,True,0.976562
PanTS_00007201,1,0,train,Delay,0.9375,0.9375,2,2,2,196,344.531,12.5351,10-20,False,1,True,-4.5,isoattenuating,0,False,head,mask_ring,0.299357,abutting,False,True,38.6892
PanTS_00007211,1,4,train,Venous,0.789062,0.789062,2.5,2,2.5,13492,21000.9,81.5024,>=40,False,6,True,-51,hypoattenuating,0,False,tail,mask_ring,0.8241,abutting,False,True,0.789062
PanTS_00007211,2,4,train,Venous,0.789062,0.789062,2.5,2,2.5,180,280.178,13.1808,10-20,False,6,False,-55,hypoattenuating,0,False,body,pc1_boundary,0.647393,separated,True,True,7.81741
PanTS_00007211,3,4,train,Venous,0.789062,0.789062,2.5,2,2.5,8725,13580.9,38.8019,20-40,False,6,False,-64,hypoattenuating,0.890173,True,body,mask_ring,0.422132,abutting,False,True,0.789062
PanTS_00007211,4,4,train,Venous,0.789062,0.789062,2.5,2,2.5,611,951.05,25.8665,20-40,False,6,False,-65,hypoattenuating,0,False,tail,mask_ring,0.686712,abutting,False,True,20.0337
PanTS_00007211,5,4,train,Venous,0.789062,0.789062,2.5,2,2.5,1247,1941.01,20.0856,20-40,False,6,False,-39,hypoattenuating,0,False,head,mask_ring,0.278357,abutting,False,True,6.65055
PanTS_00007211,6,4,train,Venous,0.789062,0.789062,2.5,2,2.5,2712,4221.36,25.3416,20-40,False,6,False,-14,hypoattenuating,0.647511,True,head,mask_ring,0.0416401,inside,False,True,7.85258
PanTS_00007217,1,3,train,Arterial,5,0.701172,0.701172,0,5,1124,2763.03,23.2933,20-40,False,1,True,1,isoattenuating,0,False,head,mask_ring,,inside,False,False,
PanTS_00007227,1,3,train,Non-contrast,0.857422,0.857422,0.801379,2,0.801379,2109,1242.52,27.0415,20-40,False,1,True,0,isoattenuating,0,False,head,mask_ring,0.180688,embedded,False,False,
PanTS_00007228,1,4,train,Venous,0.647,0.647,5,2,5,2362,4943.77,27.3714,20-40,False,1,True,2,isoattenuating,0,False,tail,mask_ring,0.802932,inside,False,True,45.4033
PanTS_00007242,1,0,train,Venous,0.742188,0.742188,1.25,2,1.25,28322,19501.2,50.4697,>=40,False,1,True,-37,hypoattenuating,0.74718,True,head,mask_ring,0.123406,inside,False,True,0
PanTS_00007248,1,4,train,Venous,0.736328,0.736328,2.5,2,2.5,4295,5821.65,44.0875,>=40,False,1,True,4,isoattenuating,0.00288369,True,tail,mask_ring,0.906726,inside,False,False,
PanTS_00007260,1,1,train,Venous,5,0.625,0.625,0,5,2948,5757.81,39.8875,20-40,False,1,True,-4,isoattenuating,0,False,head,mask_ring,,inside,False,True,0.625
PanTS_00007278,1,0,train,Venous,0.802734,0.802734,2.5,2,2.5,1662,2677.41,22.5936,20-40,False,1,True,-1,isoattenuating,0.503626,True,head,mask_ring,0.231345,inside,False,True,1.13524
PanTS_00007284,1,3,train,Venous,1.5,1.5,1.5,2,1.5,220,742.5,16.8375,10-20,False,1,True,1,isoattenuating,0.0107914,True,tail,mask_ring,0.938412,inside,False,True,56.6635
PanTS_00007298,1,3,train,Arterial,1,1,1,2,1,1389,1389,17.9165,10-20,False,1,True,-5.98154,isoattenuating,0,False,head,mask_ring,0.0819354,inside,False,False,
PanTS_00007299,1,2,train,Arterial,0.779297,0.779297,2.5,2,2.5,16665,25301.8,43.9121,>=40,False,1,True,-12,hypoattenuating,0.912224,True,head,mask_ring,0.212989,inside,False,True,2.5
PanTS_00007308,1,2,train,Venous,0.742188,0.742188,1.25,2,1.25,24430,16821.4,50.654,>=40,False,1,True,-20,hypoattenuating,0.338717,True,head,mask_ring,0.157894,inside,False,True,0.742188
PanTS_00007309,1,0,train,Venous,0.6875,0.6875,2.5,2,2.5,4550,5376.46,33.2004,20-40,False,1,True,-11,hypoattenuating,0.666754,True,head,mask_ring,0.10918,inside,False,True,2.5
PanTS_00007315,1,0,train,Venous,0.832031,0.832031,2.5,2,2.5,3489,6038.37,29.1295,20-40,False,1,True,-36,hypoattenuating,0.775096,True,head,mask_ring,0.457426,inside,False,True,0
PanTS_00007319,1,3,train,Venous,0.708984,0.708984,2.5,2,2.5,1220,1533.11,17.6094,10-20,False,1,True,-91,hypoattenuating,0.254649,True,body,mask_ring,0.582197,inside,False,True,10
PanTS_00007329,1,2,train,Non-contrast,0.716797,0.716797,0.8,2,0.8,21834,8974.61,39.3782,20-40,False,1,True,4,isoattenuating,0.00173231,True,head,mask_ring,0.0472435,inside,False,True,20.7211
PanTS_00007334,1,2,train,Venous,0.820312,0.820312,5,2,5,9093,30593.9,52.9941,>=40,False,1,True,-1,isoattenuating,0.793882,True,head,mask_ring,0.198064,inside,False,True,2.95768
PanTS_00007361,1,3,train,Non-contrast,0.78125,0.78125,0.8,2,0.8,6198,3026.37,30.3333,20-40,False,1,True,0,isoattenuating,0,False,head,mask_ring,0.251524,inside,False,False,
PanTS_00007364,1,0,train,Venous,0.855469,0.855469,2.5,2,2.5,307,561.677,12.2378,10-20,False,1,True,-4,isoattenuating,0.354034,True,head,mask_ring,0.178451,inside,False,True,16.4696
PanTS_00007414,1,1,train,Venous,0.783203,0.783203,0.418478,2,0.418478,101364,26019.9,59.4313,>=40,False,1,True,-12,hypoattenuating,0.719405,True,head,mask_ring,0.0721623,abutting,False,True,4.01437
PanTS_00007422,1,4,train,Venous,0.820312,0.820312,2.5,2,2.5,16192,27239.5,50.6434,>=40,False,1,True,-24,hypoattenuating,0.888338,True,head,mask_ring,0.208102,inside,False,True,0.820312
PanTS_00007426,1,3,train,Venous,0.941406,0.941406,5,2,5,2289,10143.1,47.0281,>=40,False,1,True,6,isoattenuating,0.461974,True,head,mask_ring,0.208473,inside,False,True,1.88281
PanTS_00007435,1,3,train,Venous,0.894531,0.894531,2.5,2,2.5,1748,3496.81,24.8748,20-40,False,1,True,16,hyperattenuating,0.471511,True,head,mask_ring,0.154826,inside,False,True,0.894531
PanTS_00007437,1,2,train,Non-contrast,0.976562,0.976562,3,2,3,1280,3662.11,27.5692,20-40,False,1,True,30,hyperattenuating,0.138727,True,head,mask_ring,0.133665,abutting,False,True,0.976562
PanTS_00007451,1,1,train,Arterial,0.617188,0.617188,1.25,2,1.25,7542,3591.13,34.1385,20-40,False,1,True,-6,isoattenuating,0.000209842,True,head,mask_ring,0.135635,inside,False,False,
PanTS_00007463,1,4,train,Venous,0.863281,0.863281,2.5,2,2.5,2621,4883.28,32.9831,20-40,False,1,True,-27,hypoattenuating,0,False,head,mask_ring,0.27819,abutting,False,True,12.2086
PanTS_00007468,1,3,train,Venous,1.5,1.5,1.5,2,1.5,794,2679.75,23.3827,20-40,False,1,True,6,isoattenuating,0,False,body,mask_ring,0.451251,inside,False,True,58.5961
PanTS_00007472,1,2,train,Non-contrast,0.78125,0.78125,0.8,2,0.8,809,395.02,12.9286,10-20,False,1,True,-10,isoattenuating,0.175049,True,head,mask_ring,0.100663,inside,False,True,72.2411
PanTS_00007485,1,3,train,Non-contrast,0.667969,0.667969,1.2,2,1.2,16942,9071.06,40.2542,>=40,False,1,True,7,isoattenuating,0.674406,True,head,mask_ring,0.152414,inside,False,True,1.37338
PanTS_00007494,1,1,train,Venous,0.8125,0.8125,1,2,1,2871,1895.31,31.844,20-40,False,1,True,13,hyperattenuating,0,False,head,mask_ring,0.0628698,inside,False,True,9.4753
PanTS_00007501,1,4,train,Venous,0.830078,0.830078,1,2,1,1032,711.079,19.4721,10-20,False,1,True,-7,isoattenuating,0,False,tail,mask_ring,0.703823,inside,False,True,56.1978
PanTS_00007516,1,0,train,Arterial,0.742188,0.742188,1.25,2,1.25,33825,23290.3,46.0256,>=40,False,1,True,10,isoattenuating,0.696745,True,body,mask_ring,0.387103,abutting,False,True,4.78288
PanTS_00007525,1,2,train,Venous,0.806641,0.806641,2.5,2,2.5,11123,18093.5,38.4461,20-40,False,1,True,-73,hypoattenuating,0.893958,True,head,mask_ring,0.115628,inside,False,True,1.14076
PanTS_00007532,1,4,train,Arterial,0.683594,0.683594,0.8,2,0.8,5822,2176.5,34.5138,20-40,False,2,True,-13,hypoattenuating,0.0205629,True,body,pc1_boundary,0.559911,abutting,False,True,11.0065
PanTS_00007532,2,4,train,Arterial,0.683594,0.683594,0.8,2,0.8,3,1.12152,1.6,<5,True,2,False,-4,isoattenuating,0,False,body,pc1_boundary,0.517989,embedded,False,True,12.054
PanTS_00007533,1,0,train,Venous,5,0.9375,0.9375,0,5,509,2236.82,22.3825,20-40,False,1,True,-27,hypoattenuating,0.0232558,True,body,mask_ring,0.820582,inside,False,False,
PanTS_00007536,1,3,train,Arterial,0.742188,0.742188,1.25,2,1.25,39894,27469.2,58.7678,>=40,False,1,True,-29,hypoattenuating,0.660482,True,head,mask_ring,0.253592,inside,False,True,0
PanTS_00007539,1,4,train,Venous,0.880859,0.880859,2.5,2,2.5,211,409.294,12.5194,10-20,False,1,True,-21,hypoattenuating,0,False,body,mask_ring,0.575712,inside,False,True,58.8244
PanTS_00007555,1,0,train,Venous,0.976562,0.976562,2.5,2,2.5,425,1013.28,24.3942,20-40,False,2,True,2,isoattenuating,0.402741,True,head,mask_ring,0.355201,abutting,False,False,
PanTS_00007555,2,0,train,Venous,0.976562,0.976562,2.5,2,2.5,334,796.318,20.3896,20-40,False,2,False,-2,isoattenuating,0,False,head,mask_ring,0.380131,inside,False,False,
PanTS_00007558,1,1,train,Non-contrast,1.5,1.5,1.5,2,1.5,5938,20040.8,51.1102,>=40,False,1,True,-14,hypoattenuating,0,False,body,mask_ring,0.342541,inside,False,True,31.8198
PanTS_00007564,1,4,train,Venous,0.740234,0.740234,2.5,2,2.5,3631,4973.98,24.7276,20-40,False,1,True,25,hyperattenuating,0.840867,True,head,mask_ring,0.31834,inside,False,True,0.740234
PanTS_00007575,1,0,train,Venous,0.976562,0.976562,2.5,2,2.5,241,574.588,13.2461,10-20,False,1,True,0,isoattenuating,0.0569433,True,head,mask_ring,0.273008,inside,False,True,16.597
PanTS_00007577,1,4,train,Arterial,0.742188,0.742188,1.25,2,1.25,18760,12917.3,48.3497,>=40,False,1,True,-1,isoattenuating,0.420264,True,head,mask_ring,0.120223,inside,False,True,0
PanTS_00007578,1,2,train,Venous,0.896484,0.896484,5,2,5,78,313.437,21.0379,20-40,False,5,False,-9.5,isoattenuating,0,False,body,pc1_boundary,0.578797,separated,True,True,65.8351
PanTS_00007578,2,2,train,Venous,0.896484,0.896484,5,2,5,100,401.842,25.3564,20-40,False,5,False,-4.5,isoattenuating,0,False,tail,pc1_boundary,0.710183,separated,True,True,69.8163
PanTS_00007578,3,2,train,Venous,0.896484,0.896484,5,2,5,499,2005.19,22.6788,20-40,False,5,True,5,isoattenuating,0,False,tail,mask_ring,0.940823,inside,False,True,82.6918
PanTS_00007578,4,2,train,Venous,0.896484,0.896484,5,2,5,103,413.897,14.2343,10-20,False,5,False,-45,hypoattenuating,0.00975333,True,body,pc1_boundary,0.567478,separated,True,True,86.3665
PanTS_00007578,5,2,train,Venous,0.896484,0.896484,5,2,5,153,614.818,16.4817,10-20,False,5,False,-4,isoattenuating,0,False,tail,mask_ring,0.841118,separated,True,True,81.7017
PanTS_00007583,1,1,train,Venous,0.794922,0.794922,1.25,2,1.25,9021,7125.47,29.1215,20-40,False,1,True,-5,isoattenuating,0.795659,True,head,mask_ring,0.2215,inside,False,True,0.794922
PanTS_00007588,1,2,train,Venous,0.748047,0.748047,2.5,2,2.5,7954,11127.1,33.8567,20-40,False,1,True,2,isoattenuating,0.902428,True,head,mask_ring,0.112416,inside,False,True,0.748047
PanTS_00007594,1,1,train,Venous,0.673828,0.673828,2.5,2,2.5,21717,24651.2,41.7638,>=40,False,1,True,-42,hypoattenuating,0.878768,True,head,mask_ring,0.202246,inside,False,True,0.673828
PanTS_00007602,1,0,train,Non-contrast,0.78125,0.78125,0.8,2,0.8,1596,779.297,18.4633,10-20,False,1,True,17,hyperattenuating,0,False,head,mask_ring,0.250595,inside,False,True,3.98733
PanTS_00007615,1,0,train,Arterial,1,1,1,2,1,378,378,15.2971,10-20,False,1,True,-31.9829,hypoattenuating,0.284822,True,head,mask_ring,0.356361,inside,False,True,12.2066
PanTS_00007622,1,0,train,Venous,0.976562,0.976562,2.5,2,2.5,5257,12533.7,41.1895,>=40,False,1,True,37,hyperattenuating,0.819523,True,head,mask_ring,0.165295,inside,False,True,0.976562
PanTS_00007627,1,2,train,Non-contrast,0.703125,0.703125,0.8,2,0.8,743,293.862,18.472,10-20,False,1,True,-4,isoattenuating,0,False,head,mask_ring,0.0929782,inside,False,True,10.5182
PanTS_00007630,1,1,train,Arterial,0.636719,0.636719,2.5,2,2.5,2382,2414.22,22.0879,20-40,False,1,True,-36,hypoattenuating,0.0968726,True,head,mask_ring,0.0606126,inside,False,True,5.40274
PanTS_00007636,1,0,train,Arterial,0.888672,0.888672,2.5,2,2.5,3822,7545.94,30.9847,20-40,False,2,True,11,hyperattenuating,0.70049,True,head,mask_ring,0.175716,inside,False,False,
PanTS_00007636,2,0,train,Arterial,0.888672,0.888672,2.5,2,2.5,150,296.152,10.9284,10-20,False,2,False,29.5,hyperattenuating,0,False,body,mask_ring,0.334547,inside,False,False,
PanTS_00007641,1,3,train,Venous,0.722656,0.722656,2.5,2,2.5,6623,8646.85,36.69,20-40,False,1,True,-14,hypoattenuating,0.657942,True,head,mask_ring,0.152915,inside,False,True,0.722656
PanTS_00007643,1,2,train,Venous,0.810547,0.810547,2.5,2,2.5,3601,5914.52,34.1154,20-40,False,1,True,-4,isoattenuating,0,False,tail,mask_ring,0.939353,inside,False,True,63.9004
PanTS_00007651,1,4,train,Venous,0.644531,0.644531,5,2,5,5012,10410.4,32.5951,20-40,False,1,True,-103,hypoattenuating,0,False,head,mask_ring,0.552253,inside,False,True,2.03819
PanTS_00007660,1,1,train,Arterial,0.742188,0.742188,1.25,2,1.25,72826,50144.6,61.0561,>=40,False,1,True,-19,hypoattenuating,0.845509,True,head,mask_ring,0.313805,abutting,False,True,0
PanTS_00007661,1,4,train,Arterial,0.910156,0.910156,2.5,2,2.5,364,753.83,16.7508,10-20,False,3,False,-13,hypoattenuating,0,False,head,mask_ring,0.160636,inside,False,False,
PanTS_00007661,2,4,train,Arterial,0.910156,0.910156,2.5,2,2.5,452,936.074,31.5368,20-40,False,3,False,-23,hypoattenuating,0,False,head,pc1_boundary,0.0732136,separated,True,False,
PanTS_00007661,3,4,train,Arterial,0.910156,0.910156,2.5,2,2.5,12430,25742,66.3272,>=40,False,3,True,-32,hypoattenuating,0,False,body,pc1_boundary,0.58868,separated,True,False,
PanTS_00007668,1,4,train,Non-contrast,0.871094,0.871094,1.25,2,1.25,13376,12687.2,48.4412,>=40,False,1,True,12,hyperattenuating,0.184449,True,head,mask_ring,0.174292,inside,False,True,35.6297
PanTS_00007690,1,2,train,Arterial,0.673828,0.673828,2.5,2,2.5,1202,1364.4,20.4443,20-40,False,1,True,21,hyperattenuating,0,False,head,mask_ring,0.287031,inside,False,True,2.77826
PanTS_00007691,1,4,train,Venous,0.976562,0.976562,3.75,2,3.75,3480,12445.4,38.91,20-40,False,3,True,-19,hypoattenuating,0.631848,True,head,mask_ring,0.18096,inside,False,True,111.856
PanTS_00007691,2,4,train,Venous,0.976562,0.976562,3.75,2,3.75,1841,6583.92,41.576,>=40,False,3,False,21,hyperattenuating,0,False,head,mask_ring,0.269971,abutting,False,True,106.028
PanTS_00007691,3,4,train,Venous,0.976562,0.976562,3.75,2,3.75,90,321.865,11.4304,10-20,False,3,False,18,hyperattenuating,0,False,body,pc1_boundary,0.430829,separated,True,True,104.992
PanTS_00007702,1,1,train,Non-contrast,0.703125,0.703125,5,2,5,6532,16146.6,39.7573,20-40,False,1,True,15,hyperattenuating,0.737187,True,head,mask_ring,0.111442,inside,False,True,3.51562
PanTS_00007713,1,4,train,Venous,0.644531,0.644531,2.5,2,2.5,11645,12093.9,42.5615,>=40,False,1,True,20,hyperattenuating,0.790492,True,head,mask_ring,0.182517,inside,False,True,0.644531
PanTS_00007728,1,0,train,Arterial,0.675781,0.675781,2,2,2,14171,12943.2,46.3832,>=40,False,1,True,7,isoattenuating,0.517782,True,head,mask_ring,0.235354,inside,False,True,0.675781
PanTS_00007735,1,1,train,Arterial,1.5,1.5,1.5,2,1.5,518,1748.25,28.5,20-40,False,1,True,-21,hypoattenuating,0,False,,none,,separated,True,True,18.6748
PanTS_00007757,1,1,train,Venous,1.5,1.5,1.5,2,1.5,38371,129502,128.292,>=40,False,1,True,-25,hypoattenuating,0.405528,True,head,mask_ring,0.354109,abutting,False,True,1.5
PanTS_00007765,1,0,train,Venous,0.791016,0.791016,2.5,2,2.5,13503,21122.3,42.1248,>=40,False,1,True,-5,isoattenuating,0.882261,True,head,mask_ring,0.147907,inside,False,True,6.37516
PanTS_00007779,1,1,train,Venous,1,1,1,2,1,1155,1155,21.7715,20-40,False,1,True,-31.0063,hypoattenuating,0,False,head,mask_ring,0.263462,inside,False,True,10.0995
PanTS_00007786,1,0,train,Venous,0.908203,0.908203,2.5,2,2.5,3237,6674.96,27.8387,20-40,False,1,True,0,isoattenuating,0.835504,True,head,mask_ring,0.195975,inside,False,True,0.908203
PanTS_00007792,1,1,train,Venous,1.5,1.5,1.5,2,1.5,1160,3915,23.1409,20-40,False,1,True,-1.5,isoattenuating,0,False,body,mask_ring,0.475894,inside,False,True,32.2064
PanTS_00007802,1,4,train,Venous,0.738281,0.738281,2.5,2,2.5,303,412.882,11.5763,10-20,False,1,True,30,hyperattenuating,0,False,head,mask_ring,0.164838,inside,False,True,0
PanTS_00007831,1,4,train,Non-contrast,0.878906,0.878906,0.8,2,0.8,5412,3344.51,29.6785,20-40,False,1,True,-5,isoattenuating,0,False,head,mask_ring,0.118006,embedded,False,False,
PanTS_00007846,1,3,train,Venous,0.605469,0.605469,2.5,2,2.5,2834,2597.31,23.9465,20-40,False,1,True,-33,hypoattenuating,0.606446,True,head,mask_ring,0.216903,inside,False,True,1.35387
PanTS_00007851,1,4,train,Venous,0.732422,0.732422,2.5,2,2.5,6115,8200.86,40.3848,>=40,False,1,True,17,hyperattenuating,0.564367,True,head,mask_ring,0.152049,inside,False,True,0
PanTS_00007858,1,0,train,Venous,0.882812,0.882812,2.5,2,2.5,2487,4845.65,27.6516,20-40,False,1,True,-28,hypoattenuating,0.0802779,True,tail,mask_ring,0.967316,inside,False,True,83.2516
PanTS_00007862,1,0,train,Non-contrast,0.742188,0.742188,0.8,2,0.8,16328,7195.32,31.0069,20-40,False,1,True,-4,isoattenuating,0.0351384,True,head,mask_ring,0.153673,inside,False,False,
PanTS_00007863,1,3,train,Non-contrast,0.820312,0.820312,0.8,2,0.8,16075,8653.65,39.8679,20-40,False,1,True,1,isoattenuating,0.44106,True,head,mask_ring,0.282451,embedded,False,False,
PanTS_00007868,1,3,train,Non-contrast,0.898438,0.898438,0.8,2,0.8,1218,786.526,20.0243,20-40,False,1,True,-2,isoattenuating,0,False,head,mask_ring,0.0560331,inside,False,True,12.2462
PanTS_00007890,1,4,train,Venous,0.75,0.75,2.5,2,2.5,16439,23117.3,42.8843,>=40,False,1,True,-4,isoattenuating,0.891689,True,head,mask_ring,0.124388,inside,False,True,0.75
PanTS_00007905,1,3,train,Venous,0.722656,0.722656,5,2,5,4070,10627.4,34.8223,20-40,False,1,True,-56,hypoattenuating,0.836351,True,body,mask_ring,0.674936,inside,False,True,0
PanTS_00007921,1,2,train,Non-contrast,0.583333,0.583333,5,2,5,14994,25510.6,121.217,>=40,False,1,True,-22,hypoattenuating,0,False,tail,mask_ring,0.60841,abutting,False,False,
PanTS_00007938,1,1,train,Venous,0.736328,0.736328,2.5,2,2.5,4682,6346.2,30.6691,20-40,False,1,True,-43,hypoattenuating,0.748726,True,head,mask_ring,0.111515,inside,False,True,4.85795
PanTS_00007946,1,1,train,Venous,0.884766,0.884766,0.7,2,0.7,635,347.959,11.1261,10-20,False,1,True,22,hyperattenuating,0.237386,True,head,mask_ring,0.17208,inside,False,True,11.857
PanTS_00007960,1,4,train,Arterial,0.742188,0.742188,1.25,2,1.25,70274,48387.4,75.8829,>=40,False,1,True,-43,hypoattenuating,0.762261,True,body,mask_ring,1.00525,inside,False,True,9.25592
PanTS_00007989,1,0,train,Venous,0.826172,0.826172,2.5,2,2.5,805,1373.65,28.3683,20-40,False,1,True,-37,hypoattenuating,0.247423,True,head,mask_ring,0.0798571,inside,False,True,8.28757
PanTS_00007995,1,1,train,Venous,0.953125,0.953125,1,2,1,3711,3371.25,21.5287,20-40,False,1,True,3,isoattenuating,0.202035,True,head,mask_ring,0.0293202,inside,False,False,
PanTS_00007997,1,4,train,Venous,0.90625,0.90625,5,2,5,1442,5921.49,36.3744,20-40,False,2,True,-22,hypoattenuating,0.0145985,True,tail,mask_ring,1.05101,abutting,False,False,
PanTS_00007997,2,4,train,Venous,0.90625,0.90625,5,2,5,164,673.457,12.9362,10-20,False,2,False,-25,hypoattenuating,0,False,tail,pc1_boundary,1.22115,separated,True,False,
PanTS_00008001,1,1,train,Venous,5,0.839844,0.839844,0,5,2431,8573.38,32.1648,20-40,False,1,True,7,isoattenuating,0,False,head,mask_ring,0.299118,inside,False,True,0.839844
PanTS_00008010,1,1,train,Venous,0.789062,0.789062,5,2,5,12496,38901.2,54.5389,>=40,False,1,True,-98,hypoattenuating,0.844136,True,head,mask_ring,0.14088,inside,False,True,3.94531
PanTS_00008045,1,0,train,Non-contrast,0.699219,0.699219,1,2,1,654,319.745,11.7655,10-20,False,1,True,-4,isoattenuating,0,False,head,mask_ring,0.160151,abutting,False,True,71.1694
PanTS_00008048,1,1,train,Arterial,0.576172,0.576172,0.8,2,0.8,1473,391.198,15.5017,10-20,False,1,True,0,isoattenuating,0,False,head,mask_ring,0.240157,inside,False,False,
PanTS_00008059,1,3,train,Arterial,0.744141,0.744141,0.7,2,0.7,88298,34226.2,57.6275,>=40,False,1,True,16,hyperattenuating,0.465157,True,head,mask_ring,0.19236,inside,False,True,0
PanTS_00008063,1,0,train,Venous,0.796875,0.796875,2.5,2,2.5,1186,1882.8,21.1206,20-40,False,1,True,-33,hypoattenuating,0,False,body,mask_ring,0.472038,abutting,False,True,24.3579
PanTS_00008072,1,1,train,Venous,1.5,1.5,1.5,2,1.5,2248,7587,56.8815,>=40,False,1,True,-22,hypoattenuating,0.105795,True,tail,pc1_boundary,0.897852,separated,True,True,95.8475
PanTS_00008073,1,4,train,Venous,0.761719,0.761719,2.5,2,2.5,1161,1684.08,17.9412,10-20,False,1,True,28,hyperattenuating,0,False,body,mask_ring,0.600383,inside,False,True,50.686
PanTS_00008086,1,0,train,Venous,0.734375,0.734375,2.5,2,2.5,8611,11609.9,42.7292,>=40,False,1,True,-21,hypoattenuating,0.657192,True,head,mask_ring,0.137195,inside,False,True,10.5808
PanTS_00008091,1,3,train,Arterial,1,1,1,2,1,954,954,19.7231,10-20,False,1,True,-2.99077,isoattenuating,0,False,head,mask_ring,0.173063,inside,False,True,1.41421
PanTS_00008123,1,4,train,Venous,0.976562,0.976562,2.5,2,2.5,8527,20329.9,45.1202,>=40,False,1,True,0,isoattenuating,0.798066,True,head,mask_ring,0.150364,inside,False,True,13.4198
PanTS_00008131,1,4,train,Venous,0.783203,0.783203,5,2,5,667,2045.71,24.2164,20-40,False,2,False,-19,hypoattenuating,0,False,head,mask_ring,0.282004,inside,False,False,
PanTS_00008131,2,4,train,Venous,0.783203,0.783203,5,2,5,4036,12378.6,46.9413,>=40,False,2,True,-2,isoattenuating,0,False,head,mask_ring,0.161133,inside,False,False,
PanTS_00008132,1,3,train,Venous,0.681641,0.681641,5,2,5,289,671.396,13.7989,10-20,False,4,False,-26,hypoattenuating,0,False,tail,pc1_boundary,0.797165,separated,True,True,93.5539
PanTS_00008132,2,3,train,Venous,0.681641,0.681641,5,2,5,2340,5436.22,34.2671,20-40,False,4,True,-25,hypoattenuating,0.221164,True,body,pc1_boundary,0.657544,separated,True,True,69.9421
PanTS_00008132,3,3,train,Venous,0.681641,0.681641,5,2,5,268,622.609,24.5506,20-40,False,4,False,-25,hypoattenuating,0,False,tail,pc1_boundary,0.694115,separated,True,True,92.7681
PanTS_00008132,4,3,train,Venous,0.681641,0.681641,5,2,5,832,1932.88,34.3213,20-40,False,4,False,-8,isoattenuating,0,False,body,pc1_boundary,0.56522,separated,True,True,83.0911
PanTS_00008180,1,4,train,Venous,0.931641,0.931641,3,2,3,5105,13292.7,34.1048,20-40,False,1,True,-40,hypoattenuating,0.931766,True,head,mask_ring,0.195826,inside,False,True,9
PanTS_00008184,1,4,train,Arterial,0.722656,0.722656,0.625,2,0.625,2536,827.737,30.1612,20-40,False,1,True,-1,isoattenuating,0,False,head,mask_ring,0.111402,embedded,False,False,
PanTS_00008205,1,1,train,Venous,0.914062,0.914062,0.7,2,0.7,3103,1814.81,26.2956,20-40,False,3,False,5,isoattenuating,0.465457,True,head,pc1_boundary,0.304375,separated,True,True,38.5234
PanTS_00008205,2,1,train,Venous,0.914062,0.914062,0.7,2,0.7,1367,799.5,21.0707,20-40,False,3,False,-26,hypoattenuating,0,False,body,mask_ring,0.586355,abutting,False,True,70.6543
PanTS_00008205,3,1,train,Venous,0.914062,0.914062,0.7,2,0.7,3924,2294.98,25.8558,20-40,False,3,True,-28,hypoattenuating,0.237077,True,tail,mask_ring,0.782089,inside,False,True,97.3465
PanTS_00008231,1,2,train,Venous,0.78125,0.78125,5,2,5,1557,4751.59,42.8233,>=40,False,2,True,-8,isoattenuating,0.413508,True,head,mask_ring,0.165004,inside,False,True,4.20716
PanTS_00008231,2,2,train,Venous,0.78125,0.78125,5,2,5,1044,3186.04,32.0693,20-40,False,2,False,-5,isoattenuating,0,False,tail,mask_ring,0.867482,inside,False,True,0.78125
PanTS_00008234,1,3,train,Non-contrast,0.867188,0.867188,0.8,2,0.8,3,1.80484,1.6,<5,True,6,False,38,hyperattenuating,0,False,head,pc1_boundary,0.071142,embedded,False,True,13.2449
PanTS_00008234,2,3,train,Non-contrast,0.867188,0.867188,0.8,2,0.8,6,3.60967,1.81989,<5,True,6,False,-23.5,hypoattenuating,0,False,head,mask_ring,0.0513241,embedded,False,True,10.4882
PanTS_00008234,3,3,train,Non-contrast,0.867188,0.867188,0.8,2,0.8,4,2.40645,2.4,<5,True,6,False,-59,hypoattenuating,0,False,head,mask_ring,0.0601534,inside,False,True,10.1304
PanTS_00008234,4,3,train,Non-contrast,0.867188,0.867188,0.8,2,0.8,893,537.24,22.2752,20-40,False,6,False,-12,hypoattenuating,0,False,head,pc1_boundary,0.253229,abutting,False,True,17.2005
PanTS_00008234,5,3,train,Non-contrast,0.867188,0.867188,0.8,2,0.8,1092,656.96,17.94,10-20,False,6,True,4,isoattenuating,0,False,head,mask_ring,0.120225,inside,False,True,7.73048
PanTS_00008234,6,3,train,Non-contrast,0.867188,0.867188,0.8,2,0.8,112,67.3805,9.08279,5-10,False,6,False,-11,hypoattenuating,0,False,head,mask_ring,0.28902,inside,False,True,22.4569
PanTS_00008238,1,3,train,Arterial,0.742188,0.742188,1.25,2,1.25,127591,87853.3,85.4888,>=40,False,1,True,-55,hypoattenuating,0.343314,True,body,mask_ring,0.731571,abutting,False,True,8.74512
PanTS_00008242,1,1,train,Non-contrast,0.628906,0.628906,0.8,2,0.8,4450,1408.06,25.6992,20-40,False,2,False,-27,hypoattenuating,0,False,,none,,separated,True,True,27.017
PanTS_00008242,2,1,train,Non-contrast,0.628906,0.628906,0.8,2,0.8,38046,12038.5,46.4931,>=40,False,2,True,-5,isoattenuating,0.708667,True,body,mask_ring,,abutting,False,True,0.628906
PanTS_00008266,1,1,train,Venous,0.728516,0.728516,5,2,5,1009,2677.56,20.7608,20-40,False,1,True,-18,hypoattenuating,0.699723,True,tail,mask_ring,0.957952,inside,False,True,93.5004
PanTS_00008273,1,2,train,Venous,0.892578,0.892578,5,2,5,7372,29366.2,53.0687,>=40,False,1,True,-19,hypoattenuating,0,False,tail,mask_ring,0.870426,inside,False,True,33.5994
PanTS_00008292,1,3,train,Arterial,0.847656,0.847656,1.25,2,1.25,66601,59817.7,92.5681,>=40,False,2,True,3,isoattenuating,0.831252,True,body,mask_ring,0.505842,inside,False,True,0
PanTS_00008292,2,3,train,Arterial,0.847656,0.847656,1.25,2,1.25,78,70.0558,8.84979,5-10,False,2,False,-39,hypoattenuating,0,False,body,pc1_boundary,0.468299,separated,True,True,31.7794
PanTS_00008298,1,4,train,Venous,0.810547,0.810547,2.5,2,2.5,6897,11328.1,35.5446,20-40,False,1,True,6,isoattenuating,0.833008,True,head,mask_ring,0.147771,inside,False,True,2.5
PanTS_00008301,1,3,train,Arterial,0.742188,0.742188,1.25,2,1.25,213824,147229,112.918,>=40,False,1,True,-46,hypoattenuating,0.741717,True,head,mask_ring,0.369417,abutting,False,True,9.11756
PanTS_00008302,1,0,train,Venous,0.742188,0.742188,1.25,2,1.25,21969,15126.8,38.8133,20-40,False,1,True,-9,isoattenuating,0.670594,True,head,mask_ring,0.0567529,embedded,False,True,0
PanTS_00008303,1,1,train,Non-contrast,0.976562,0.976562,2.5,2,2.5,4261,10159,33.4942,20-40,False,1,True,-21,hypoattenuating,0.868101,True,head,mask_ring,0.408976,inside,False,True,2.76213
PanTS_00008317,1,2,train,Non-contrast,0.586,0.586,0.8,2,0.8,10583,2907.33,32.6157,20-40,False,1,True,-2,isoattenuating,0,False,head,mask_ring,0.0856488,embedded,False,False,
PanTS_00008330,1,1,train,Venous,0.863281,0.863281,2.5,2,2.5,5998,11175.1,31.1761,20-40,False,1,True,-31,hypoattenuating,0,False,tail,mask_ring,0.761908,inside,False,True,36.6416
PanTS_00008339,1,0,train,Non-contrast,0.78125,0.78125,0.8,2,0.8,304,148.438,9.61224,5-10,False,1,True,-16,hypoattenuating,0,False,,none,,embedded,False,False,
PanTS_00008354,1,3,train,Arterial,0.767578,0.767578,1.25,2,1.25,65133,47968.5,60.8963,>=40,False,1,True,-25,hypoattenuating,0.553596,True,head,mask_ring,0.166204,abutting,False,True,0
PanTS_00008384,1,4,train,Arterial,1.5,1.5,1.5,2,1.5,548,1849.5,23.7645,20-40,False,2,True,-10,isoattenuating,0.318382,True,body,mask_ring,0.334588,abutting,False,True,26.6224
PanTS_00008384,2,4,train,Arterial,1.5,1.5,1.5,2,1.5,166,560.25,13.5,10-20,False,2,False,-35.5,hypoattenuating,0,False,body,mask_ring,0.484901,separated,True,True,16.1555
PanTS_00008385,1,3,train,Venous,0.741,0.741,5,2,5,911,2501.06,34.5224,20-40,False,1,True,-5,isoattenuating,0,False,body,mask_ring,0.552779,inside,False,True,51.1009
PanTS_00008392,1,0,train,Venous,1.5,1.5,1.5,2,1.5,1470,4961.25,27.4135,20-40,False,1,True,-26,hypoattenuating,0.768485,True,head,mask_ring,0.187679,inside,False,True,1.5
PanTS_00008407,1,2,train,Non-contrast,0.673828,0.673828,0.8,2,0.8,8585,3118.38,28.4865,20-40,False,3,True,9,isoattenuating,0,False,head,mask_ring,0.0568857,inside,False,False,
PanTS_00008407,2,2,train,Non-contrast,0.673828,0.673828,0.8,2,0.8,7180,2608.03,25.0336,20-40,False,3,False,-3,isoattenuating,0,False,head,mask_ring,0.13006,inside,False,False,
PanTS_00008407,3,2,train,Non-contrast,0.673828,0.673828,0.8,2,0.8,24,8.71765,2.83376,<5,False,3,False,-21,hypoattenuating,0,False,head,mask_ring,0.18215,embedded,False,False,
PanTS_00008408,1,0,train,Venous,0.689453,0.689453,5,2,5,2433,5782.58,51.1636,>=40,False,2,True,-18,hypoattenuating,0,False,tail,mask_ring,0.739433,inside,False,True,11.8015
PanTS_00008408,2,0,train,Venous,0.689453,0.689453,5,2,5,381,905.533,26.4394,20-40,False,2,False,-12,hypoattenuating,0,False,body,mask_ring,0.759014,inside,False,True,21.2223
PanTS_00008428,1,4,train,Venous,0.794922,0.794922,2.5,2,2.5,2723,4301.67,36.2367,20-40,False,1,True,-2,isoattenuating,0.510125,True,head,mask_ring,0.314787,inside,False,True,2.38477
PanTS_00008434,1,1,train,Arterial,0.785156,0.785156,5,2,5,2988,9210.07,40.8894,>=40,False,1,True,8,isoattenuating,0.168557,True,head,mask_ring,0.138093,inside,False,True,13.0098
PanTS_00008445,1,0,train,Venous,0.705078,0.705078,2.5,2,2.5,760,944.557,20.7438,20-40,False,1,True,-10,isoattenuating,0.375675,True,body,mask_ring,0.0548959,inside,False,True,0.705078
PanTS_00008451,1,0,train,Non-contrast,0.78125,0.78125,0.8,2,0.8,56,27.3438,4.58463,<5,False,10,False,-37.5,hypoattenuating,0,False,head,mask_ring,0.0562208,embedded,False,True,28.4531
PanTS_00008451,2,0,train,Non-contrast,0.78125,0.78125,0.8,2,0.8,12,5.85938,2.94339,<5,True,10,False,-51.5,hypoattenuating,0,False,head,pc1_boundary,0.0781517,embedded,False,True,17.0078
PanTS_00008451,3,0,train,Non-contrast,0.78125,0.78125,0.8,2,0.8,8,3.90625,2.52396,<5,True,10,False,-0.5,isoattenuating,0,False,head,pc1_boundary,0.125766,embedded,False,True,1.10485
PanTS_00008451,4,0,train,Non-contrast,0.78125,0.78125,0.8,2,0.8,1146,559.57,18.0879,10-20,False,10,True,-10,isoattenuating,0.26188,True,head,pc1_boundary,0.166162,embedded,False,True,1.92139
PanTS_00008451,5,0,train,Non-contrast,0.78125,0.78125,0.8,2,0.8,20,9.76563,3.26233,<5,False,10,False,-33.5,hypoattenuating,0,False,body,pc1_boundary,0.619598,separated,True,True,87.2054
PanTS_00008451,6,0,train,Non-contrast,0.78125,0.78125,0.8,2,0.8,746,364.258,23.7961,20-40,False,10,False,-9,isoattenuating,0,False,body,mask_ring,0.645562,embedded,False,True,67.1281
PanTS_00008451,7,0,train,Non-contrast,0.78125,0.78125,0.8,2,0.8,12,5.85938,3.26233,<5,True,10,False,3.5,isoattenuating,0,False,body,mask_ring,0.593339,embedded,False,True,67.8744
PanTS_00008451,8,0,train,Non-contrast,0.78125,0.78125,0.8,2,0.8,4,1.95313,2.4,<5,True,10,False,-21.5,hypoattenuating,0,False,body,mask_ring,0.623125,embedded,False,True,73.3169
PanTS_00008451,9,0,train,Non-contrast,0.78125,0.78125,0.8,2,0.8,4,1.95313,2.4,<5,True,10,False,-18,hypoattenuating,0,False,body,mask_ring,0.63913,embedded,False,True,75.7289
PanTS_00008451,10,0,train,Non-contrast,0.78125,0.78125,0.8,2,0.8,16,7.8125,4.09223,<5,True,10,False,-2.5,isoattenuating,0,False,tail,mask_ring,0.665472,embedded,False,True,78.1679
PanTS_00008473,1,3,train,Venous,0.662109,0.662109,2.5,2,2.5,9221,10105.9,36.9658,20-40,False,1,True,-77,hypoattenuating,0.732938,True,head,mask_ring,0.154522,inside,False,True,0.662109
PanTS_00008475,1,2,train,Venous,0.9375,0.9375,5,2,5,509,2236.82,22.3825,20-40,False,1,True,-29,hypoattenuating,0.736927,True,body,mask_ring,0.444775,inside,False,False,
PanTS_00008476,1,3,train,Arterial,0.736328,0.736328,2.5,2,2.5,3263,4422.82,32.1799,20-40,False,1,True,-12,hypoattenuating,0.610925,True,head,mask_ring,0.142703,inside,False,True,0.736328
PanTS_00008480,1,3,train,Venous,0.732422,0.732422,5,2,5,907,2432.76,22.7454,20-40,False,1,True,1,isoattenuating,0,False,head,mask_ring,0.490008,inside,False,True,10.8738
PanTS_00008512,1,1,train,Non-contrast,0.714844,0.714844,5,2,5,14869,37990.4,56.2721,>=40,False,2,True,6,isoattenuating,0.844527,True,head,mask_ring,0.178173,inside,False,True,0.714844
PanTS_00008512,2,1,train,Non-contrast,0.714844,0.714844,5,2,5,131,334.706,12.0239,10-20,False,2,False,-3,isoattenuating,0,False,tail,mask_ring,0.735395,inside,False,True,0.714844
PanTS_00008540,1,3,train,Venous,0.644531,0.644531,2.5,2,2.5,2856,2966.1,28.6916,20-40,False,1,True,-77,hypoattenuating,0,False,head,mask_ring,0.161291,inside,False,True,0
PanTS_00008546,1,3,train,Venous,0.859375,0.859375,2.5,2,2.5,8293,15311.5,43.4182,>=40,False,1,True,18,hyperattenuating,0.824336,True,head,mask_ring,0.182625,inside,False,True,2.5
PanTS_00008574,1,0,train,Non-contrast,0.625,0.625,0.8,2,0.8,15839,4949.69,31.4369,20-40,False,1,True,-1,isoattenuating,0.513598,True,head,mask_ring,0.113187,inside,False,True,18.45
PanTS_00008577,1,2,train,Non-contrast,0.699219,0.699219,1,2,1,681,332.946,11.7655,10-20,False,1,True,0,isoattenuating,0,False,head,mask_ring,0.15825,embedded,False,True,71.1694
PanTS_00008581,1,3,train,Venous,0.78125,0.78125,0.7,2,0.7,2679,1144.59,18.0129,10-20,False,1,True,-22,hypoattenuating,0.680804,True,head,mask_ring,0.195961,inside,False,True,3.5
PanTS_00008601,1,1,train,Venous,0.816406,0.816406,5,2,5,2923,9741.17,38.1787,20-40,False,1,True,-77,hypoattenuating,0,False,tail,mask_ring,0.892063,inside,False,True,3.36613
PanTS_00008628,1,1,train,Non-contrast,0.685547,0.685547,0.8,2,0.8,8951,3365.39,32.23,20-40,False,2,True,-15,hypoattenuating,0.000486796,True,head,mask_ring,0.11582,inside,False,True,41.8025
PanTS_00008628,2,1,train,Non-contrast,0.685547,0.685547,0.8,2,0.8,59,22.1828,5.57042,5-10,False,2,False,3,isoattenuating,0,False,tail,mask_ring,0.854647,inside,False,True,39.2239
PanTS_00008633,1,3,train,Venous,0.742188,0.742188,1.25,2,1.25,10148,6987.44,29.0218,20-40,False,1,True,-24,hypoattenuating,0.684001,True,body,mask_ring,0.644594,inside,False,True,40.8063
PanTS_00008636,1,1,train,Venous,0.888672,0.888672,2.5,2,2.5,265,523.201,19.12,10-20,False,3,False,-16,hypoattenuating,0,False,head,mask_ring,0.178735,separated,True,True,24.7475
PanTS_00008636,2,1,train,Venous,0.888672,0.888672,2.5,2,2.5,1426,2815.41,25.6309,20-40,False,3,True,-4,isoattenuating,0.032134,True,head,mask_ring,0.27817,abutting,False,True,27.9875
PanTS_00008636,3,1,train,Venous,0.888672,0.888672,2.5,2,2.5,406,801.584,14.7269,10-20,False,3,False,-25,hypoattenuating,0,False,body,mask_ring,0.483742,inside,False,True,23.8659
PanTS_00008646,1,0,train,Delay,1.5,1.5,1.5,2,1.5,1663,5612.62,32.4846,20-40,False,1,True,-35,hypoattenuating,0.326833,True,head,pc1_boundary,0.322233,separated,True,True,23.7171
PanTS_00008650,1,3,train,Venous,0.673828,0.673828,2.5,2,2.5,7482,8492.9,36.7337,20-40,False,1,True,52,hyperattenuating,0.60436,True,head,mask_ring,0.159171,inside,False,True,0
PanTS_00008658,1,4,train,Non-contrast,0.703125,0.703125,0.8,2,0.8,17294,6839.91,58.5708,>=40,False,7,True,-2,isoattenuating,0.0664465,True,head,mask_ring,0.0361817,embedded,False,False,
PanTS_00008658,2,4,train,Non-contrast,0.703125,0.703125,0.8,2,0.8,502,198.545,12.1527,10-20,False,7,False,-10,isoattenuating,0.0390521,True,head,mask_ring,0.0432656,inside,False,False,
PanTS_00008658,3,4,train,Non-contrast,0.703125,0.703125,0.8,2,0.8,14,5.53711,5.05093,5-10,True,7,False,-17,hypoattenuating,0,False,head,mask_ring,0.323143,abutting,False,False,
PanTS_00008658,4,4,train,Non-contrast,0.703125,0.703125,0.8,2,0.8,12,4.74609,2.78164,<5,True,7,False,-1,isoattenuating,0,False,head,pc1_boundary,0.3631,abutting,False,False,
PanTS_00008658,5,4,train,Non-contrast,0.703125,0.703125,0.8,2,0.8,77,30.4541,8.88288,5-10,False,7,False,8,isoattenuating,0,False,head,mask_ring,0.358913,abutting,False,False,
PanTS_00008658,6,4,train,Non-contrast,0.703125,0.703125,0.8,2,0.8,4,1.58203,2.4,<5,True,7,False,13.5,hyperattenuating,0,False,head,mask_ring,0.183769,abutting,False,False,
PanTS_00008658,7,4,train,Non-contrast,0.703125,0.703125,0.8,2,0.8,8,3.16406,2.59784,<5,True,7,False,11,hyperattenuating,0,False,head,pc1_boundary,0.199729,separated,True,False,
PanTS_00008662,1,4,train,Venous,0.779297,0.779297,2.5,2,2.5,5093,7732.5,32.313,20-40,False,1,True,-9,isoattenuating,0.846072,True,body,mask_ring,0.580302,inside,False,True,2.61865
PanTS_00008673,1,0,train,Venous,0.921875,0.921875,4.00003,2,4.00003,2828,9613.62,39.5738,20-40,False,1,True,10,isoattenuating,0.630549,True,head,mask_ring,0.210913,inside,False,True,5.44039
PanTS_00008691,1,0,train,Venous,0.662,0.662,5,2,5,18293,40084,87.5837,>=40,False,2,True,-1,isoattenuating,0,False,tail,mask_ring,0.714623,abutting,False,True,20.1359
PanTS_00008691,2,0,train,Venous,0.662,0.662,5,2,5,1414,3098.39,31.0377,20-40,False,2,False,-11,hypoattenuating,0,False,head,mask_ring,0.0994858,inside,False,True,10.5336
PanTS_00008699,1,0,train,Arterial,1,1,1,2,1,549,549,19.8242,10-20,False,1,True,-27.0085,hypoattenuating,0,False,head,mask_ring,0.330928,inside,False,True,13.4536
PanTS_00008701,1,2,train,Venous,0.675781,0.675781,3.5,2,3.5,1527,2440.73,22.935,20-40,False,1,True,8,isoattenuating,0,False,tail,mask_ring,0.772064,inside,False,True,38.0593
PanTS_00008711,1,3,train,Venous,0.960938,0.960938,2.5,2,2.5,4812,11108.5,37.1754,20-40,False,1,True,44,hyperattenuating,0.139362,True,head,mask_ring,0.107362,inside,False,True,26.1553
PanTS_00008721,1,2,train,Venous,0.820312,0.820312,2.5,2,2.5,1186,1995.18,23.6785,20-40,False,1,True,-45,hypoattenuating,0.179894,True,head,mask_ring,0.171001,inside,False,True,0
PanTS_00008722,1,0,train,Venous,0.654297,0.654297,5,2,5,1211,2592.17,22.5557,20-40,False,1,True,-9,isoattenuating,0,False,tail,mask_ring,0.734475,inside,False,False,
PanTS_00008724,1,2,train,Venous,0.632812,0.632812,5,2,5,4509,9028.17,63.9445,>=40,False,1,True,-7,isoattenuating,0,False,tail,mask_ring,0.937228,inside,False,True,10.257
PanTS_00008726,1,3,train,Venous,0.740234,0.740234,2.5,2,2.5,1823,2497.27,22.5426,20-40,False,1,True,4,isoattenuating,0,False,head,mask_ring,0.0881804,inside,False,True,15
PanTS_00008727,1,3,train,Venous,0.767578,0.767578,2.5,2,2.5,15064,22188.4,46.6079,>=40,False,1,True,39,hyperattenuating,0.83392,True,head,mask_ring,0.203834,inside,False,True,0.767578
PanTS_00008743,1,4,train,Venous,0.773438,0.773438,2.5,2,2.5,3584,5359.93,27.9825,20-40,False,1,True,-63,hypoattenuating,0,False,body,mask_ring,0.58564,inside,False,True,0
PanTS_00008763,1,4,train,Venous,0.810547,0.810547,2.5,2,2.5,7806,12821.1,35.2555,20-40,False,1,True,-4,isoattenuating,0.875764,True,head,mask_ring,0.278528,inside,False,True,2.97959
PanTS_00008769,1,4,train,Arterial,0.976562,0.976562,0.8,2,0.8,2655,2025.6,20.427,20-40,False,1,True,-2,isoattenuating,0,False,body,mask_ring,0.383566,inside,False,True,11.4152
PanTS_00008789,1,3,train,Venous,0.898438,0.898438,2.5,2,2.5,791,1596.22,18.2931,10-20,False,1,True,10,isoattenuating,0.512068,True,head,mask_ring,0.208471,inside,False,True,11.6797
PanTS_00008811,1,3,train,Venous,0.779297,0.779297,2.5,2,2.5,632,959.54,15.1746,10-20,False,1,True,4,isoattenuating,0.156676,True,head,mask_ring,0.215838,inside,False,True,7.89449
PanTS_00008818,1,2,train,Venous,0.888672,0.888672,5,2,5,4590,18124.5,57.458,>=40,False,1,True,23,hyperattenuating,0.254263,True,head,mask_ring,,inside,False,True,26.5953
PanTS_00008837,1,4,train,Non-contrast,0.703125,0.703125,0.8,2,0.8,1022,404.209,15.1087,10-20,False,1,True,-2,isoattenuating,0,False,head,mask_ring,0.0792534,abutting,False,False,
PanTS_00008839,1,1,train,Non-contrast,0.703125,0.703125,0.8,2,0.8,21308,8427.48,31.9651,20-40,False,1,True,4,isoattenuating,0.105213,True,head,mask_ring,0.218971,inside,False,True,8.07371
PanTS_00008854,1,4,train,Venous,0.933594,0.933594,0.7,2,0.7,6668,4068.27,27.7232,20-40,False,1,True,-25,hypoattenuating,0,False,head,mask_ring,0.180466,abutting,False,True,7.30585
PanTS_00008885,1,1,train,Venous,0.818359,0.818359,2.5,2,2.5,1146,1918.73,21.1714,20-40,False,2,True,7,isoattenuating,0,False,head,pc1_boundary,0.341793,separated,True,True,40.8841
PanTS_00008885,2,1,train,Venous,0.818359,0.818359,2.5,2,2.5,497,832.117,21.4861,20-40,False,2,False,-22,hypoattenuating,0.178473,True,body,mask_ring,0.600336,inside,False,True,69.3342
PanTS_00008892,1,1,train,Arterial,0.855469,0.855469,1.25,2,1.25,141079,129057,124.955,>=40,False,1,True,-26,hypoattenuating,0.615074,True,tail,mask_ring,0.649846,inside,False,True,0
PanTS_00008913,1,0,train,Venous,0.822266,0.822266,2.5,2,2.5,1035,1749.46,18.6465,10-20,False,1,True,-77,hypoattenuating,0,False,body,mask_ring,0.276727,inside,False,True,1.83864
PanTS_00008922,1,3,train,Venous,1,1,1,2,1,4218,4218,36.4005,20-40,False,2,True,7,isoattenuating,0,False,tail,mask_ring,0.97719,abutting,False,True,25.9422
PanTS_00008922,2,3,train,Venous,1,1,1,2,1,408,408,15.4272,10-20,False,2,False,0,isoattenuating,0,False,tail,pc1_boundary,0.988651,separated,True,True,38.5876
PanTS_00008931,1,2,train,Venous,0.865234,0.865234,2.5,2,2.5,10165,19024.6,42.2754,>=40,False,1,True,-41,hypoattenuating,0.710076,True,head,mask_ring,0.11484,inside,False,True,2.5
PanTS_00008942,1,3,train,Arterial,0.976562,0.976562,2.5,2,2.5,6922,16503.3,40.6048,>=40,False,1,True,29,hyperattenuating,0.79176,True,head,mask_ring,0.167367,inside,False,True,4.3183
PanTS_00008954,1,4,train,Venous,0.744141,0.744141,2.5,2,2.5,23651,32741.6,58.6229,>=40,False,1,True,8,isoattenuating,0.65264,True,head,mask_ring,0.177178,inside,False,True,1.48828
PanTS_00008974,1,0,train,Venous,0.703125,0.703125,2.5,2,2.5,4725,5839.92,30.0596,20-40,False,1,True,60,hyperattenuating,0.737448,True,head,mask_ring,0.252338,inside,False,True,2.5
PanTS_00008989,1,0,train,Arterial,0.820312,0.820312,1,2,1,14262,9597.08,36.7417,20-40,False,2,True,1,isoattenuating,0.765677,True,head,mask_ring,0.571119,inside,False,True,0.820312
PanTS_00008989,2,0,train,Arterial,0.820312,0.820312,1,2,1,3900,2624.36,20.87,20-40,False,2,False,4,isoattenuating,0.636167,True,tail,mask_ring,0.927851,inside,False,True,0.820312
PanTS_00008994,1,1,train,Venous,0.644531,0.644531,2.5,2,2.5,715,742.564,13.5205,10-20,False,2,False,-35,hypoattenuating,0,False,head,mask_ring,0.0472835,inside,False,True,8.45405
PanTS_00008994,2,1,train,Venous,0.644531,0.644531,2.5,2,2.5,879,912.886,18.1278,10-20,False,2,True,-9,isoattenuating,0.200308,True,head,mask_ring,0.0588491,embedded,False,True,2.88243
PanTS_00008999,1,3,train,Non-contrast,0.664062,0.664062,2.5,2,2.5,32151,35444.7,75.9028,>=40,False,2,True,4,isoattenuating,0.0315513,True,head,mask_ring,0.207645,inside,False,True,9.98304
PanTS_00008999,2,3,train,Non-contrast,0.664062,0.664062,2.5,2,2.5,3637,4009.6,26.018,20-40,False,2,False,-8,isoattenuating,0.73959,True,body,mask_ring,0.64366,inside,False,True,1.87825
PanTS_00009001,1,4,test,Venous,0.683594,0.683594,2.5,2,2.5,6484,7574.95,33.6631,20-40,False,1,True,-11,hypoattenuating,0.27362,True,tail,mask_ring,0.831925,inside,False,True,44.9425
PanTS_00009005,1,1,test,Arterial,0.863281,0.863281,2.5,2,2.5,8029,14959.1,37.2868,20-40,False,1,True,-37,hypoattenuating,0.901534,True,body,mask_ring,0.564265,inside,False,True,0.863281
PanTS_00009008,1,3,test,Venous,1.5,1.5,1.5,2,1.5,205,691.875,14.151,10-20,False,1,True,-43,hypoattenuating,0.670623,True,tail,mask_ring,1.00037,inside,False,True,97.2343
PanTS_00009009,1,2,test,Venous,0.976562,0.976562,1.5,2,1.5,34302,49069.4,55.9288,>=40,False,1,True,-61,hypoattenuating,0.833368,True,head,mask_ring,0.480537,abutting,False,True,0
PanTS_00009020,1,0,test,Arterial,0.646484,0.646484,1.5,2,1.5,26089,16355.5,41.4975,>=40,False,1,True,-29,hypoattenuating,0.872927,True,head,mask_ring,0.300663,inside,False,True,0
PanTS_00009037,1,0,test,Non-contrast,0.923828,0.923828,2.5,2,2.5,37832,80720.1,102.315,>=40,False,1,True,7,isoattenuating,0.431518,True,head,mask_ring,0.197627,inside,False,True,0
PanTS_00009041,1,0,test,Venous,0.724609,0.724609,2.5,2,2.5,403,528.996,16.3231,10-20,False,3,False,0,isoattenuating,0.226587,True,tail,mask_ring,0.999573,inside,False,True,19.912
PanTS_00009041,2,0,test,Venous,0.724609,0.724609,2.5,2,2.5,5534,7264.18,32.8408,20-40,False,3,True,-21,hypoattenuating,0.813576,True,body,mask_ring,0.0954917,inside,False,True,2.5
PanTS_00009041,3,0,test,Venous,0.724609,0.724609,2.5,2,2.5,251,329.474,11.8759,10-20,False,3,False,1,isoattenuating,0,False,head,mask_ring,0.0694181,abutting,False,True,15.6021
PanTS_00009056,1,3,test,Venous,0.867188,0.867188,2.5,2,2.5,732,1376.19,17.9363,10-20,False,2,False,16,hyperattenuating,0,False,tail,mask_ring,0.924163,inside,False,True,10.4175
PanTS_00009056,2,3,test,Venous,0.867188,0.867188,2.5,2,2.5,732,1376.19,18.5636,10-20,False,2,True,13,hyperattenuating,0,False,head,mask_ring,0.118747,inside,False,True,0.867188
PanTS_00009061,1,3,test,Venous,0.800781,0.800781,2.5,2,2.5,2312,3706.43,25.334,20-40,False,1,True,-56,hypoattenuating,0,False,body,mask_ring,0.330859,inside,False,True,2.62512
PanTS_00009067,1,3,test,Arterial,0.816406,0.816406,2.5,2,2.5,2019,3364.25,21.4992,20-40,False,1,True,5,isoattenuating,0.395004,True,head,mask_ring,0.465873,inside,False,True,0.816406
PanTS_00009075,1,2,test,Venous,0.8125,0.8125,2.5,2,2.5,19406,32027.5,64.8134,>=40,False,1,True,-15,hypoattenuating,0.623008,True,tail,mask_ring,0.891824,abutting,False,True,24.1697
PanTS_00009079,1,4,test,Venous,0.914062,0.914062,1.5,2,1.5,1806,2263.39,26.19,20-40,False,1,True,-8,isoattenuating,0.406432,True,tail,mask_ring,0.978127,inside,False,True,87.9775
PanTS_00009084,1,2,test,Venous,0.9375,0.9375,1,2,1,66255,58231.9,59.594,>=40,False,1,True,-29,hypoattenuating,0,False,tail,pc1_boundary,1.19449,separated,True,True,66.4187
PanTS_00009087,1,0,test,Arterial,0.767578,0.767578,3,2,3,10944,19343.8,39.5698,20-40,False,1,True,-25,hypoattenuating,0.877897,True,head,mask_ring,0.301847,abutting,False,True,7.07672
PanTS_00009097,1,2,test,Non-contrast,0.636719,0.636719,2.5,2,2.5,31242,31664.6,57.1075,>=40,False,1,True,9,isoattenuating,0.295192,True,head,mask_ring,0.117716,inside,False,True,0
PanTS_00009121,1,1,test,Venous,0.703125,0.703125,5,2,5,16077,39741.1,52.813,>=40,False,1,True,-52,hypoattenuating,0.852106,True,head,mask_ring,0.173069,inside,False,True,0.703125
PanTS_00009127,1,3,test,Venous,0.896484,0.896484,2.5,2,2.5,166,333.529,12.8178,10-20,False,1,True,-78,hypoattenuating,0,False,body,mask_ring,0.560581,inside,False,True,24.2566
PanTS_00009135,1,2,test,Venous,0.722656,0.722656,2.5,2,2.5,2971,3878.88,32.1071,20-40,False,1,True,-79,hypoattenuating,0.517706,True,tail,mask_ring,0.75703,inside,False,True,0
PanTS_00009143,1,4,test,Arterial,0.976562,0.976562,5,2,5,3055,14567.4,37.1845,20-40,False,1,True,5,isoattenuating,0.816274,True,tail,mask_ring,0.901008,inside,False,True,74.0593
PanTS_00009151,1,3,test,Venous,0.791016,0.791016,2.5,2,2.5,1332,2083.6,27.566,20-40,False,1,True,-47,hypoattenuating,0.104584,True,body,mask_ring,0.489801,inside,False,True,0
PanTS_00009152,1,0,test,Venous,0.804688,0.804688,2.5,2,2.5,9421,15250.8,37.811,20-40,False,1,True,-12,hypoattenuating,0.808463,True,head,mask_ring,0.0385101,abutting,False,True,5
PanTS_00009157,1,3,test,Venous,0.699219,0.699219,2.5,2,2.5,705,861.699,18.5595,10-20,False,1,True,-45,hypoattenuating,0,False,tail,mask_ring,0.857798,inside,False,True,0
PanTS_00009158,1,4,test,Venous,0.632812,0.632812,1.5,2,1.5,110742,66520.2,85.1952,>=40,False,1,True,-71,hypoattenuating,0.829046,True,tail,mask_ring,0.451577,inside,False,True,0
PanTS_00009161,1,0,test,Arterial,1.5,1.5,1.5,2,1.5,1016,3429,22.9456,20-40,False,1,True,-34,hypoattenuating,0.566287,True,body,mask_ring,0.614819,inside,False,True,10.5
PanTS_00009168,1,3,test,Venous,0.804688,0.804688,2.5,2,2.5,31645,51227.1,60.9467,>=40,False,1,True,-17,hypoattenuating,0.873131,True,head,mask_ring,0.505849,inside,False,True,4.552
PanTS_00009174,1,4,test,Venous,0.898438,0.898438,2.5,2,2.5,8309,16767.4,48.4299,>=40,False,1,True,1,isoattenuating,0.585156,True,head,mask_ring,0.234921,inside,False,True,0.898438
PanTS_00009180,1,1,test,Venous,0.636719,0.636719,2,2,2,1815,1471.64,17.6529,10-20,False,1,True,-1,isoattenuating,0,False,body,mask_ring,0.498418,inside,False,True,12.9813
PanTS_00009181,1,2,test,Venous,0.796875,0.796875,2.5,2,2.5,150,238.129,10.0116,10-20,False,1,True,-56,hypoattenuating,0,False,body,mask_ring,0.701081,inside,False,True,70.2966
PanTS_00009182,1,0,test,Arterial,0.802734,0.802734,2.5,2,2.5,3172,5109.95,37.3568,20-40,False,1,True,-101,hypoattenuating,0.719785,True,body,mask_ring,0.587177,inside,False,True,0
PanTS_00009188,1,1,test,Venous,0.769531,0.769531,2.5,2,2.5,567,839.412,14.5308,10-20,False,2,True,-81,hypoattenuating,0.417677,True,head,mask_ring,0.213707,inside,False,True,5.50723
PanTS_00009188,2,1,test,Venous,0.769531,0.769531,2.5,2,2.5,136,201.341,9.8414,5-10,False,2,False,-84,hypoattenuating,0,False,head,mask_ring,0.0416952,inside,False,True,8.29585
PanTS_00009191,1,3,test,Venous,0.839844,0.839844,5,2,5,682,2405.2,19.1043,10-20,False,1,True,-50,hypoattenuating,0,False,tail,mask_ring,0.796685,inside,False,True,88.6264
PanTS_00009199,1,4,test,Venous,0.943359,0.943359,5,2,5,426,1895.54,21.0116,20-40,False,2,True,-77,hypoattenuating,0.0636364,True,body,mask_ring,0.492347,inside,False,True,33.9016
PanTS_00009199,2,4,test,Venous,0.943359,0.943359,5,2,5,230,1023.42,19.2725,10-20,False,2,False,-60,hypoattenuating,0,False,head,mask_ring,0.159319,inside,False,True,0
PanTS_00009222,1,2,test,Venous,0.826172,0.826172,5,2,5,892,3044.22,23.8881,20-40,False,1,True,-43.5,hypoattenuating,0.669604,True,head,mask_ring,0.263082,inside,False,True,0
PanTS_00009227,1,1,test,Arterial,0.751953,0.751953,2.5,2,2.5,1382,1953.57,22.744,20-40,False,1,True,-82,hypoattenuating,0.316834,True,head,mask_ring,0.204745,inside,False,True,4.57395
PanTS_00009237,1,2,test,Venous,0.757812,0.757812,2.5,2,2.5,2495,3582.07,32.2483,20-40,False,1,True,-79,hypoattenuating,0,False,head,mask_ring,0.0952909,inside,False,True,2.39641
PanTS_00009258,1,1,test,Non-contrast,0.736328,0.736328,2.5,2,2.5,23128,31348.8,51.3585,>=40,False,1,True,-41,hypoattenuating,0.916928,True,tail,mask_ring,0.867749,inside,False,True,3.93282
PanTS_00009259,1,1,test,Arterial,0.835938,0.835938,2.5,2,2.5,456,796.622,15.197,10-20,False,1,True,-25,hypoattenuating,0.672825,True,tail,mask_ring,0.704234,inside,False,True,61.8571
PanTS_00009265,1,3,test,Venous,0.974609,0.974609,2.5,2,2.5,6845,16254.5,44.8065,>=40,False,1,True,10,isoattenuating,0.746254,True,head,mask_ring,0.0845284,inside,False,True,0.974609
PanTS_00009281,1,3,test,Venous,0.722656,0.722656,1,2,1,6737,3518.28,27.0483,20-40,False,1,True,-49,hypoattenuating,0.758385,True,head,mask_ring,0.269224,inside,False,True,4.77497
PanTS_00009286,1,2,test,Venous,0.703125,0.703125,2.5,2,2.5,1072,1324.95,15.7388,10-20,False,1,True,4,isoattenuating,0,False,head,mask_ring,0.342715,inside,False,True,2.5
PanTS_00009287,1,1,test,Venous,0.96875,0.96875,2.5,2,2.5,62,145.464,7.72811,5-10,False,2,True,-22,hypoattenuating,0,False,head,mask_ring,0.39501,inside,False,False,
PanTS_00009287,2,1,test,Venous,0.96875,0.96875,2.5,2,2.5,44,103.232,7.22605,5-10,False,2,False,-27.5,hypoattenuating,0,False,head,mask_ring,0.429436,inside,False,False,
PanTS_00009290,1,1,test,Venous,0.876953,0.876953,2.5,2,2.5,68,130.738,7.72056,5-10,False,1,True,-36,hypoattenuating,0,False,tail,mask_ring,0.773322,inside,False,True,17.4843
PanTS_00009292,1,1,test,Non-contrast,0.765625,0.765625,1,2,1,2854,1672.96,19.9089,10-20,False,1,True,-42,hypoattenuating,0.150129,True,tail,mask_ring,0.748494,inside,False,True,10.0702
PanTS_00009301,1,0,test,Venous,0.865234,0.865234,2.5,2,2.5,284,531.527,14.5656,10-20,False,1,True,-18,hypoattenuating,0,False,head,mask_ring,0.241327,inside,False,True,13.0852
PanTS_00009304,1,4,test,Venous,0.820312,0.820312,2.5,2,2.5,4174,7021.83,30.0184,20-40,False,1,True,-22,hypoattenuating,0.773801,True,head,mask_ring,0.466817,inside,False,True,1.64062
PanTS_00009308,1,4,test,Venous,0.824219,0.824219,5,2,5,2192,7445.53,29.2476,20-40,False,1,True,-70,hypoattenuating,0.0207675,True,body,mask_ring,0.54979,inside,False,True,30.4069
PanTS_00009313,1,2,test,Venous,0.806641,0.806641,2.5,2,2.5,18488,30074,45.4824,>=40,False,1,True,-35,hypoattenuating,0.853595,True,body,mask_ring,0.937801,abutting,False,True,62.3397
PanTS_00009317,1,4,test,Venous,0.722656,0.722656,1,2,1,15788,8245,31.5701,20-40,False,1,True,-62,hypoattenuating,0.73991,True,head,mask_ring,0.241097,inside,False,True,4.6786
PanTS_00009319,1,2,test,Venous,0.792969,0.792969,2.5,2,2.5,8126,12774.1,44.0518,>=40,False,1,True,-34,hypoattenuating,0.67909,True,body,mask_ring,0.587846,abutting,False,True,0.792969
PanTS_00009321,1,0,test,Venous,0.818359,0.818359,1,2,1,580,388.433,11.6583,10-20,False,1,True,-74.5,hypoattenuating,0,False,tail,mask_ring,0.887877,inside,False,True,34.6811
PanTS_00009325,1,3,test,Venous,0.824219,0.824219,2.5,2,2.5,3733,6339.91,31.4633,20-40,False,1,True,26,hyperattenuating,0,False,tail,mask_ring,0.758984,inside,False,True,59.9803
PanTS_00009329,1,4,test,Delay,0.804688,0.804688,2.5,2,2.5,1351,2187.01,23.0812,20-40,False,1,True,15,hyperattenuating,0,False,head,mask_ring,0.190749,inside,False,True,4.38183
PanTS_00009338,1,3,test,Venous,0.933594,0.933594,2.5,2,2.5,10743,23408.9,45.0691,>=40,False,1,True,-29,hypoattenuating,0.784904,True,tail,mask_ring,0.55207,inside,False,True,5.08641
PanTS_00009341,1,0,test,Venous,0.859375,0.859375,2.5,2,2.5,594,1096.71,16.6076,10-20,False,1,True,4,isoattenuating,0.411607,True,head,mask_ring,0.154651,inside,False,True,5.04496
PanTS_00009342,1,1,test,Arterial,0.738281,0.738281,2.5,2,2.5,2616,3564.68,22.2891,20-40,False,1,True,-17,hypoattenuating,0.794837,True,head,mask_ring,0.0639084,inside,False,True,2.33465
PanTS_00009347,1,3,test,Arterial,0.744141,0.744141,2.5,2,2.5,1592,2203.91,19.4132,10-20,False,1,True,-23,hypoattenuating,0.598449,True,head,mask_ring,0.0594071,inside,False,True,7.8252
PanTS_00009366,1,2,test,Venous,0.78125,0.78125,2,2,2,11269,13756.1,41.9585,>=40,False,1,True,-25,hypoattenuating,0.728764,True,head,mask_ring,0.181835,inside,False,True,2.65551
PanTS_00009367,1,4,test,Venous,1.5,1.5,1.5,2,1.5,90079,304017,129.739,>=40,False,1,True,-14,hypoattenuating,0.00268293,True,head,mask_ring,-0.15106,abutting,False,True,5.40833
PanTS_00009371,1,3,test,Venous,0.826172,0.826172,5,2,5,508,1733.7,26.0802,20-40,False,1,True,1,isoattenuating,0.184077,True,head,mask_ring,0.0725491,inside,False,True,7.23204
PanTS_00009373,1,4,test,Venous,0.892,0.892,5,2,5,9772,38876.1,71.7465,>=40,False,1,True,-6,isoattenuating,0.30423,True,head,mask_ring,0.543473,inside,False,True,5
PanTS_00009375,1,1,test,Venous,0.894531,0.894531,2.5,2,2.5,6301,12604.9,40.2429,>=40,False,1,True,6,isoattenuating,0.734973,True,head,mask_ring,0.206689,inside,False,True,2.65522
PanTS_00009382,1,0,test,Non-contrast,0.722656,0.722656,1,2,1,10027,5236.42,28.8877,20-40,False,1,True,-8,isoattenuating,0.546638,True,head,mask_ring,0.211133,inside,False,True,10.9098
PanTS_00009383,1,0,test,Arterial,0.646484,0.646484,1.5,2,1.5,20127,12617.9,40.4308,>=40,False,1,True,-27,hypoattenuating,0.606549,True,head,mask_ring,0.281911,inside,False,True,4.76751
PanTS_00009385,1,1,test,Delay,0.734375,0.734375,5,2,5,1035,2790.91,19.3791,10-20,False,1,True,7,isoattenuating,0.808976,True,head,mask_ring,0.187688,inside,False,True,5
PanTS_00009386,1,3,test,Venous,0.941406,0.941406,3,2,3,3977,10573.8,41.9452,>=40,False,1,True,16,hyperattenuating,0.385108,True,head,mask_ring,0.0807331,inside,False,True,2.82422
PanTS_00009407,1,0,test,Arterial,0.896484,0.896484,2.5,2,2.5,9568,19224.1,43.7601,>=40,False,1,True,22,hyperattenuating,0.878684,True,head,mask_ring,0.114666,inside,False,True,2.5
PanTS_00009408,1,0,test,Venous,0.651042,0.651042,5,2,5,19907,42188.4,51.4277,>=40,False,1,True,-27,hypoattenuating,0.881011,True,tail,mask_ring,0.802959,inside,False,True,13.4055
PanTS_00009421,1,0,test,Venous,0.599609,0.599609,2.5,2,2.5,2830,2543.68,19.2636,10-20,False,1,True,-10,isoattenuating,0.817918,True,head,mask_ring,0.28608,inside,False,True,0.599609
PanTS_00009423,1,3,test,Venous,0.808594,0.808594,2.5,2,2.5,2758,4508.12,24.605,20-40,False,1,True,-14,hypoattenuating,0.854357,True,tail,mask_ring,0.66318,inside,False,True,0.808594
PanTS_00009435,1,2,test,Arterial,0.976562,0.976562,2.5,2,2.5,2066,4925.72,24.782,20-40,False,1,True,-22,hypoattenuating,0.753956,True,head,mask_ring,0.0557608,inside,False,True,2.5
PanTS_00009445,1,1,test,Venous,0.703125,0.703125,2.5,2,2.5,3116,3851.26,25.8249,20-40,False,1,True,-13,hypoattenuating,0,False,head,mask_ring,0.169841,inside,False,True,5.565
PanTS_00009449,1,1,test,Venous,0.976562,0.976562,2.5,2,2.5,256,610.351,14.2184,10-20,False,2,False,-38,hypoattenuating,0,False,tail,mask_ring,0.951539,inside,False,True,8.46936
PanTS_00009449,2,1,test,Venous,0.976562,0.976562,2.5,2,2.5,11350,27060.5,53.641,>=40,False,2,True,-22,hypoattenuating,0.819631,True,body,mask_ring,0.463023,inside,False,True,2.68397
PanTS_00009457,1,4,test,Non-contrast,0.806641,0.806641,2.5,2,2.5,11410,18560.4,47.7983,>=40,False,1,True,-25,hypoattenuating,0.599619,True,head,mask_ring,0.10888,inside,False,True,20.8918
PanTS_00009459,1,2,test,Venous,0.849609,0.849609,2.5,2,2.5,2249,4058.52,29.9143,20-40,False,1,True,-81,hypoattenuating,0.0028996,True,body,mask_ring,0.637331,inside,False,True,7.25906
PanTS_00009460,1,0,test,Venous,0.740234,0.740234,2.5,2,2.5,4001,5480.83,29.4702,20-40,False,1,True,-3,isoattenuating,0.739071,True,head,mask_ring,0.0933191,inside,False,True,17.5
PanTS_00009464,1,1,test,Non-contrast,0.646484,0.646484,1.5,2,1.5,8936,5602.1,29.3077,20-40,False,1,True,-14,hypoattenuating,0.376332,True,head,mask_ring,0.245744,embedded,False,True,16.9627
PanTS_00009470,1,1,test,Venous,0.646484,0.646484,1.5,2,1.5,19184,12026.7,34.3372,20-40,False,1,True,-42,hypoattenuating,0.631685,True,head,mask_ring,0.289125,inside,False,True,3.87891
PanTS_00009473,1,2,test,Venous,0.716797,0.716797,2.5,2,2.5,6418,8243.89,37.8083,20-40,False,1,True,-64,hypoattenuating,0.875203,True,head,mask_ring,0.146636,inside,False,True,2.02741
PanTS_00009478,1,2,test,Non-contrast,0.816406,0.816406,2.5,2,2.5,24999,41655.8,68.1457,>=40,False,1,True,-2,isoattenuating,0.498126,True,head,mask_ring,0.149185,inside,False,True,0
PanTS_00009483,1,0,test,Venous,0.810547,0.810547,2.5,2,2.5,29667,48727,63.0449,>=40,False,1,True,-38,hypoattenuating,0.847077,True,head,mask_ring,0.621912,inside,False,True,0.810547
PanTS_00009495,1,2,test,Arterial,0.541016,0.541016,2.5,2,2.5,1592,1164.94,18.5623,10-20,False,1,True,-13,hypoattenuating,0.281365,True,head,mask_ring,0.22117,inside,False,True,0
PanTS_00009504,1,1,test,Arterial,0.816406,0.816406,2.5,2,2.5,17921,29861.7,53.5534,>=40,False,1,True,-12,hypoattenuating,0.789152,True,head,mask_ring,0.266976,inside,False,True,0.816406
PanTS_00009506,1,4,test,Venous,0.789062,0.789062,2.5,2,2.5,27129,42227.6,68.1043,>=40,False,1,True,1,isoattenuating,0.00805426,True,head,mask_ring,0.175649,inside,False,False,
PanTS_00009510,1,3,test,Non-contrast,0.744141,0.744141,2,2,2,47360,52450.8,65.0662,>=40,False,1,True,19,hyperattenuating,0.563356,True,head,mask_ring,0.22349,inside,False,True,0
PanTS_00009517,1,1,test,Arterial,0.732422,0.732422,2.5,2,2.5,5747,7707.33,38.6641,20-40,False,1,True,-9,isoattenuating,0.621025,True,head,mask_ring,0.138032,inside,False,True,2.92969
PanTS_00009518,1,4,test,Venous,0.814453,0.814453,2.5,2,2.5,3258,5402.85,27.7129,20-40,False,1,True,-39,hypoattenuating,0.353714,True,tail,mask_ring,0.914566,inside,False,True,10.7255
PanTS_00009520,1,3,test,Venous,0.742188,0.742188,0.625,2,0.625,2320,798.722,19.7306,10-20,False,1,True,-33,hypoattenuating,0,False,head,pc1_boundary,0.337479,separated,True,False,
PanTS_00009523,1,3,test,Venous,1.5,1.5,1.5,2,1.5,48,162,8.21584,5-10,False,1,True,-33,hypoattenuating,0,False,body,mask_ring,0.715535,inside,False,True,19.2094
PanTS_00009528,1,4,test,Venous,0.756,0.756,0.8,2,0.8,143451,65589.9,73.7503,>=40,False,1,True,59,hyperattenuating,0.205256,True,head,mask_ring,0.224299,inside,False,True,0
PanTS_00009534,1,4,test,Venous,0.943359,0.943359,2.5,2,2.5,5085,11313.2,35.8601,20-40,False,1,True,0,isoattenuating,0.888936,True,body,mask_ring,0.612827,inside,False,True,0.943359
PanTS_00009544,1,0,test,Venous,0.546875,0.546875,3,2,3,10884,9765.31,35.2875,20-40,False,1,True,5,isoattenuating,0.59206,True,head,mask_ring,0.150878,inside,False,True,0
PanTS_00009545,1,3,test,Non-contrast,0.898438,0.898438,2.5,2,2.5,10511,21211,54.7795,>=40,False,1,True,-31,hypoattenuating,0.574889,True,body,mask_ring,0.576705,inside,False,True,49.8103
PanTS_00009551,1,2,test,Venous,0.714844,0.714844,2.5,2,2.5,12918,16502.8,55.3039,>=40,False,1,True,-20,hypoattenuating,0.85025,True,head,mask_ring,0.184429,inside,False,True,1.42969
PanTS_00009562,1,1,test,Venous,0.798828,0.798828,2.5,2,2.5,25182,40173.2,72.8412,>=40,False,1,True,-34,hypoattenuating,0.457731,True,tail,mask_ring,0.608208,abutting,False,False,
PanTS_00009567,1,2,test,Venous,1.5,1.5,1.5,2,1.5,16694,56342.2,77.2318,>=40,False,1,True,-17,hypoattenuating,0,False,body,mask_ring,0.578262,separated,True,True,42.5852
PanTS_00009569,1,4,test,Venous,0.798828,0.798828,2.5,2,2.5,1997,3185.84,23.0515,20-40,False,1,True,12,hyperattenuating,0.575369,True,head,mask_ring,0.11608,inside,False,True,2.5
PanTS_00009578,1,4,test,Venous,0.898438,0.898438,5,2,5,2000,8071.91,40.4893,>=40,False,1,True,-10,isoattenuating,0.645348,True,head,mask_ring,0.20126,inside,False,True,6.72159
PanTS_00009584,1,3,test,Venous,0.976562,0.976562,2.5,2,2.5,63,150.204,9.76477,5-10,False,1,True,-11,hypoattenuating,0,False,head,mask_ring,0.371691,inside,False,True,0
PanTS_00009608,1,2,test,Venous,0.695312,0.695312,2.5,2,2.5,3635,4393.43,22.5132,20-40,False,1,True,-46,hypoattenuating,0.830046,True,body,mask_ring,0.730901,inside,False,True,0.695312
PanTS_00009612,1,1,test,Arterial,0.742188,0.742188,2.5,2,2.5,4990,6871.77,35.5155,20-40,False,1,True,46,hyperattenuating,0.592332,True,head,mask_ring,0.126799,inside,False,True,0.742188
PanTS_00009613,1,2,test,Venous,0.976562,0.976562,2.5,2,2.5,13765,32818.3,62.1826,>=40,False,1,True,-15,hypoattenuating,0.855296,True,head,mask_ring,0.185257,inside,False,True,0.976562
PanTS_00009620,1,1,test,Venous,1.5,1.5,1.5,2,1.5,852,2875.5,25.5441,20-40,False,1,True,-26,hypoattenuating,0.225995,True,head,mask_ring,0.268663,inside,False,False,
PanTS_00009635,1,4,test,Arterial,0.722656,0.722656,1,2,1,24990,13050.6,34.113,20-40,False,1,True,-42,hypoattenuating,0.837454,True,head,mask_ring,0.268207,inside,False,True,3.61328
PanTS_00009640,1,4,test,Non-contrast,0.763672,0.763672,2.5,2,2.5,7332,10690,42.2531,>=40,False,1,True,3,isoattenuating,0.851806,True,head,mask_ring,0.161747,inside,False,True,0.763672
PanTS_00009641,1,3,test,Venous,0.800781,0.800781,2.5,2,2.5,3982,6383.65,29.66,20-40,False,1,True,-6,isoattenuating,0.355068,True,head,mask_ring,0.440712,inside,False,True,0.800781
PanTS_00009649,1,2,test,Venous,0.976562,0.976562,5,2,5,1147,5469.32,31.119,20-40,False,1,True,9,isoattenuating,0.310222,True,body,mask_ring,0.634305,inside,False,False,
PanTS_00009652,1,4,test,Venous,0.773438,0.773438,2.5,2,2.5,4769,7132.11,33.653,20-40,False,1,True,-34,hypoattenuating,0.631152,True,head,mask_ring,0.111755,inside,False,True,3.9776
PanTS_00009659,1,2,test,Venous,0.789062,0.789062,2.5,2,2.5,40980,63787.3,70.8394,>=40,False,1,True,-15,hypoattenuating,0,False,tail,mask_ring,0.7025,abutting,False,True,24.0651
PanTS_00009666,1,3,test,Non-contrast,0.794922,0.794922,4,2,4,543,1372.49,20.0201,20-40,False,1,True,-31,hypoattenuating,0.763543,True,head,mask_ring,0.115733,inside,False,True,2.86613
PanTS_00009687,1,4,test,Venous,0.837891,0.837891,2.5,2,2.5,1241,2178.15,23.5869,20-40,False,1,True,-25,hypoattenuating,0,False,body,mask_ring,0.328354,inside,False,True,20.268
PanTS_00009726,1,2,test,Venous,0.724609,0.724609,2.5,2,2.5,112662,147885,80.4915,>=40,False,1,True,17,hyperattenuating,0.279523,True,body,mask_ring,0.620898,inside,False,True,32.6686
PanTS_00009731,1,4,test,Venous,0.785156,0.785156,2.5,2,2.5,6482,9989.9,36.8097,20-40,False,1,True,6,isoattenuating,0.863291,True,head,mask_ring,0.253382,inside,False,True,0.785156
PanTS_00009739,1,0,test,Venous,0.757812,0.757812,1,2,1,8141,4675.21,26.2924,20-40,False,1,True,-26,hypoattenuating,0.666996,True,tail,mask_ring,0.719487,inside,False,True,24.1352
PanTS_00009752,1,4,test,Venous,0.679688,0.679688,2.5,2,2.5,4906,5666.13,28.6367,20-40,False,1,True,-64.5,hypoattenuating,0.476845,True,body,mask_ring,0.710448,inside,False,True,0
PanTS_00009760,1,0,test,Venous,0.767578,0.767578,2.5,2,2.5,16121,23745.3,59.0992,>=40,False,1,True,0,isoattenuating,0.374307,True,head,mask_ring,0.118497,inside,False,True,0
PanTS_00009765,1,0,test,Venous,0.699219,0.699219,2.5,2,2.5,1728,2112.08,18.2948,10-20,False,1,True,18,hyperattenuating,0,False,tail,mask_ring,0.921231,inside,False,True,67.7982
PanTS_00009766,1,1,test,Venous,0.949219,0.949219,2.5,2,2.5,12277,27654.4,56.2919,>=40,False,1,True,-26,hypoattenuating,0.731324,True,body,mask_ring,0.609138,inside,False,True,2.12252
PanTS_00009768,1,0,test,Venous,0.875,0.875,2.5,2,2.5,475,909.18,17.2934,10-20,False,1,True,-58,hypoattenuating,0,False,head,mask_ring,0.181055,inside,False,True,0
PanTS_00009769,1,1,test,Arterial,0.753906,0.753906,2.5,2,2.5,1333,1894.11,19.9452,10-20,False,1,True,-116,hypoattenuating,0,False,body,mask_ring,0.518669,inside,False,True,13.5912
PanTS_00009781,1,3,test,Non-contrast,0.90625,0.90625,2.5,2,2.5,5966,12249.5,36.1911,20-40,False,1,True,-17,hypoattenuating,0.689868,True,head,mask_ring,0.112654,inside,False,True,0.90625
PanTS_00009784,1,3,test,Venous,0.722656,0.722656,1,2,1,14853,7756.71,30.1461,20-40,False,1,True,-39,hypoattenuating,0.857036,True,head,mask_ring,0.267202,inside,False,True,3.58859
PanTS_00009787,1,0,test,Venous,0.931641,0.931641,2.5,2,2.5,9427,20455.5,39.0323,20-40,False,1,True,-48,hypoattenuating,0.939207,True,tail,mask_ring,0.844842,inside,False,False,
PanTS_00009788,1,1,test,Arterial,0.598958,0.598958,5,2,5,19763,35450,61.3842,>=40,False,1,True,-11,hypoattenuating,0.685756,True,tail,mask_ring,0.879431,abutting,False,False,
PanTS_00009790,1,0,test,Arterial,0.830078,0.830078,2.5,2,2.5,9489,16345.5,48.8357,>=40,False,1,True,-41,hypoattenuating,0.672957,True,tail,mask_ring,0.814389,inside,False,True,27.9174
PanTS_00009797,1,0,test,Venous,0.761719,0.761719,2.5,2,2.5,930,1349,17.102,10-20,False,1,True,-17,hypoattenuating,0.674429,True,head,mask_ring,0.212753,inside,False,True,2.28516
PanTS_00009821,1,3,test,Venous,0.974609,0.974609,1.5,2,1.5,6948,9899.47,45.4174,>=40,False,1,True,-1,isoattenuating,0.205445,True,head,mask_ring,0.121416,inside,False,True,0
PanTS_00009826,1,3,test,Venous,0.761719,0.761719,2.5,2,2.5,1533,2223.68,24.2412,20-40,False,1,True,-29,hypoattenuating,0.505471,True,head,mask_ring,0.235842,inside,False,True,1.70326
PanTS_00009832,1,1,test,Venous,0.976562,0.976562,2.5,2,2.5,18989,45273.3,60.9784,>=40,False,1,True,14,hyperattenuating,0.911771,True,head,mask_ring,0.151942,inside,False,True,0.976562
PanTS_00009838,1,3,test,Venous,0.732422,0.732422,2.5,2,2.5,31945,42841.6,63.4976,>=40,False,1,True,12,hyperattenuating,0.165243,True,head,mask_ring,0.153736,inside,False,True,0
PanTS_00009862,1,3,test,Arterial,0.845703,0.845703,2.5,2,2.5,5865,10486.8,32.3097,20-40,False,1,True,17,hyperattenuating,0.711721,True,head,mask_ring,0.137642,inside,False,True,0.845703
PanTS_00009868,1,4,test,Venous,0.783203,0.783203,2.5,2,2.5,222,340.441,10.5078,10-20,False,1,True,0,isoattenuating,0,False,body,mask_ring,0.596637,inside,False,True,30.1229
PanTS_00009882,1,1,test,Venous,0.871094,0.871094,2.5,2,2.5,18,34.1462,4.46189,<5,False,2,False,-21,hypoattenuating,0,False,body,mask_ring,0.318222,inside,False,True,41.9722
PanTS_00009882,2,1,test,Venous,0.871094,0.871094,2.5,2,2.5,157,297.831,11.1974,10-20,False,2,True,-20,hypoattenuating,0,False,body,mask_ring,0.430998,inside,False,True,52.6718
PanTS_00009887,1,1,test,Venous,0.757812,0.757812,2.5,2,2.5,7024,10084.3,39.098,20-40,False,1,True,-76,hypoattenuating,0,False,head,mask_ring,0.253509,embedded,False,True,0
PanTS_00009892,1,2,test,Venous,0.699219,0.699219,2.5,2,2.5,1789,2186.64,22.0403,20-40,False,1,True,-43,hypoattenuating,0.687855,True,head,mask_ring,0.260852,inside,False,True,5.31515
PanTS_00009894,1,2,test,Venous,0.783203,0.783203,2.5,2,2.5,2693,4129.76,24.7089,20-40,False,1,True,-64,hypoattenuating,0.818511,True,head,mask_ring,0.175308,inside,False,True,0
PanTS_00009896,1,3,test,Venous,0.859375,0.859375,2.5,2,2.5,906,1672.76,17.892,10-20,False,1,True,-66,hypoattenuating,0.0702875,True,tail,mask_ring,0.784007,inside,False,True,41.5103
PanTS_00009897,1,3,test,Venous,0.84375,0.84375,2.5,2,2.5,2198,3911.97,29.4088,20-40,False,1,True,-108,hypoattenuating,0,False,body,mask_ring,0.539725,embedded,False,True,2.38649
PanTS_00009901,1,3,test,Venous,0.830078,0.830078,3,2,3,4437,9171.67,33.993,20-40,False,1,True,-9,isoattenuating,0.519951,True,tail,mask_ring,0.810792,inside,False,False,
