case_id,duct,tumor_present,detected,native_sp_max_mm,native_sp_min_mm,mask_vox_iso,status,n_components,largest_comp_vox,n_dropped_components,n_unbridged_components,n_bridged_gaps,max_gap_mm,total_len_mm,flipped,orientation_margin_mm,n_samples,n_finite,caliber_p50_mm,caliber_p90_mm,caliber_max_mm,caliber_head_mm,caliber_tail_mm,frac_dilated,len_evaluable,score,arc_mm,cutoff_frac,scale_mm,up_caliber_mm,down_caliber_mm,ratio,persistence_mm,n_candidates,on_bridge,dist_to_duct_end_mm,cutoff_x_mm,cutoff_y_mm,cutoff_z_mm
PanTS_00000003,cbd,1,False,7.5,0.8183590173721313,4099,ok,3,3949,0,2,0,0.0,79.4830945006615,True,59.313119551515754,80.0,80.0,5.0008187936123,6.921871959005371,8.33470660249664,3.6669488426275523,1.9937674266300975,0.0125,True,,,,,,,,,0.0,False,,,,
PanTS_00000003,mpd,1,False,7.5,0.8183590173721313,1104,ok,5,532,0,4,0,0.0,19.120955864630137,False,15.080666649260301,20.0,20.0,3.761971450902636,4.153806903973923,4.180711938436908,2.634696345301182,3.911041848506133,0.65,False,,,,,,,,,0.0,False,,,,
PanTS_00000012,cbd,0,False,2.0,0.810546875,1128,ok,3,1125,2,0,0,0.0,44.51253175218438,False,22.90834559874362,45.0,45.0,4.3452208547180575,5.246467979812728,5.728153435399474,4.198709351324087,2.3058110822864863,0.0,True,,,,,,,,,0.0,False,,,,
PanTS_00000012,mpd,0,False,2.0,0.810546875,0,no_mask,0,0,0,0,0,0.0,,,,,,,,,,,,,,,,,,,,,,,,,,
PanTS_00000020,cbd,0,False,1.0,0.9570310115814209,0,no_mask,0,0,0,0,0,0.0,,,,,,,,,,,,,,,,,,,,,,,,,,
PanTS_00000020,mpd,0,False,1.0,0.9570310115814209,15,too_small,1,15,1,0,0,0.0,,,,,,,,,,,,,,,,,,,,,,,,,,
PanTS_00000026,cbd,1,False,5.0,0.6289060115814209,1465,orient_ambiguous,2,1337,0,1,0,0.0,40.67730505073418,True,5.392590820340715,,,,,,,,,,,,,,,,,,,,,,,
PanTS_00000026,mpd,1,False,5.0,0.6289060115814209,84,orient_ambiguous,1,84,0,0,0,0.0,18.071067811865476,True,7.131976723981184,,,,,,,,,,,,,,,,,,,,,,,
PanTS_00000029,cbd,1,False,2.5,0.8496090173721313,1096,ok,1,1096,0,0,0,0.0,52.31225058326672,True,35.82901728326379,53.0,53.0,3.716769525277935,5.24242768860887,5.919297044969704,4.577833417736921,1.501873075387194,0.0,True,,,,,,,,,0.0,False,,,,
PanTS_00000029,mpd,1,False,2.5,0.8496090173721313,176,orient_ambiguous,4,109,1,1,0,0.0,9.82842712474619,False,7.8002339388462545,,,,,,,,,,,,,,,,,,,,,,,
PanTS_00000031,cbd,1,False,5.0,0.8222659826278687,2739,ok,2,2717,0,1,0,0.0,57.43393540575587,False,11.992434913726054,58.0,58.0,3.814332334908806,9.725372363503357,10.569188913601396,2.052802057418737,9.126764749584195,0.22413793103448276,True,,,,,,,,,0.0,False,,,,
PanTS_00000031,mpd,1,False,5.0,0.8222659826278687,9,too_small,1,9,1,0,0,0.0,,,,,,,,,,,,,,,,,,,,,,,,,,
PanTS_00000035,cbd,1,False,5.0,0.75,3309,ok,1,3309,0,0,0,0.0,84.36140967817235,True,57.843634907414526,85.0,85.0,5.396776850017171,7.69531323752723,8.167943963805282,2.0811815352784038,5.4952975779162045,0.03529411764705882,True,,,,,,,,,0.0,False,,,,
PanTS_00000035,mpd,1,False,5.0,0.75,580,ok,4,341,2,1,0,0.0,28.07033885400646,False,25.135548720332174,29.0,29.0,2.691050594646764,3.748457603974476,3.9686127193419907,2.8992078291890353,2.677765796758554,0.3448275862068966,True,,,,,,,,,0.0,False,,,,
PanTS_00000036,cbd,1,False,1.5,1.5,873,ok,2,853,0,1,0,0.0,37.99514229592996,True,15.676141663873942,38.0,38.0,3.719840864121122,5.347531832589143,6.9231721926671685,4.9561354924908425,2.271234435144771,0.0,True,,,,,,,,,0.0,False,,,,
PanTS_00000036,mpd,1,False,1.5,1.5,0,no_mask,0,0,0,0,0,0.0,,,,,,,,,,,,,,,,,,,,,,,,,,
PanTS_00000040,cbd,1,False,1.0,0.78125,0,no_mask,0,0,0,0,0,0.0,,,,,,,,,,,,,,,,,,,,,,,,,,
PanTS_00000040,mpd,1,False,1.0,0.78125,60,no_regions,1,60,0,0,0,0.0,5.414213562373095,,,,,,,,,,,,,,,,,,,,,,,,,
PanTS_00000042,cbd,1,True,2.5,0.8652340173721313,7026,ok,4,6526,0,3,0,0.0,64.36213863603136,True,32.27275771230479,65.0,65.0,8.728638949837427,13.432331041926993,13.911133743718775,4.608899236719357,8.71187062537127,0.6923076923076923,True,1.4937756287221369,10.0,0.15537084708371976,16.0,12.97981445708563,4.608899236719357,2.8162504299670355,34.0,1.0,False,10.0,-245.71360074850077,-318.552430268271,71.5620751368766
PanTS_00000042,mpd,1,False,2.5,0.8652340173721313,3631,ok,6,3003,2,2,1,7.14142842854285,96.30595672614955,False,47.92837081344703,97.0,85.0,5.250754776681773,6.306104155793656,7.035491609779422,,5.106612741968757,1.0,True,,,,,,,,,0.0,False,,,,
PanTS_00000047,cbd,1,False,0.800000011920929,0.78125,0,no_mask,0,0,0,0,0,0.0,,,,,,,,,,,,,,,,,,,,,,,,,,
PanTS_00000047,mpd,1,False,0.800000011920929,0.78125,0,no_mask,0,0,0,0,0,0.0,,,,,,,,,,,,,,,,,,,,,,,,,,
PanTS_00000049,cbd,1,False,2.5,0.8203120231628418,884,ok,3,717,1,1,0,0.0,24.338288046437587,True,17.098184457458643,25.0,25.0,3.6258351551210906,4.453514359817669,4.774715229681327,2.6762167368727656,3.5549872633767867,0.0,True,,,,,,,,,0.0,False,,,,
PanTS_00000049,mpd,1,False,2.5,0.8203120231628418,6,too_small,1,6,1,0,0,0.0,,,,,,,,,,,,,,,,,,,,,,,,,,
PanTS_00000050,cbd,1,False,1.25,0.9765620231628418,3697,ok,3,3150,1,1,0,0.0,45.337559088578566,False,19.881478617318905,46.0,46.0,5.442627665893711,8.723280971696143,10.049773217196144,4.05881919579935,6.197272239030353,0.17391304347826086,True,,,,,,,,,0.0,False,,,,
PanTS_00000050,mpd,1,False,1.25,0.9765620231628418,94,orient_ambiguous,2,70,0,0,0,0.0,1.4142135623730951,False,0.355914172267898,,,,,,,,,,,,,,,,,,,,,,,
PanTS_00000056,cbd,0,False,0.800000011920929,0.6445310115814209,1816,ok,1,1816,0,0,0,0.0,47.73059289185083,False,14.280767351793337,48.0,48.0,5.402988019125168,6.878871795200256,7.200633117977195,2.6511848856269644,5.052119629371898,0.0,True,,,,,,,,,0.0,False,,,,
PanTS_00000056,mpd,0,False,0.800000011920929,0.6445310115814209,0,no_mask,0,0,0,0,0,0.0,,,,,,,,,,,,,,,,,,,,,,,,,,
PanTS_00000074,cbd,1,False,5.0,0.888671875,2804,ok,1,2804,0,0,0,0.0,65.4796947123095,False,15.47928545123499,66.0,66.0,4.093643422916047,7.117001751824265,7.86888254824815,7.117001751824265,2.38692316869155,0.0,True,,,,,,,,,0.0,False,,,,
PanTS_00000074,mpd,1,False,5.0,0.888671875,33,too_small,1,33,0,0,0,0.0,,,,,,,,,,,,,,,,,,,,,,,,,,
PanTS_00000084,cbd,1,False,2.5,0.78125,855,ok,3,608,0,1,1,7.280109889280518,44.54660116599361,True,27.7529240519114,45.0,33.0,3.259159521619932,5.179148647397566,5.859034913518926,2.3248944228609023,,0.0,True,,,,,,,,,0.0,False,,,,
PanTS_00000084,mpd,1,False,2.5,0.78125,468,ok,6,378,4,1,0,0.0,51.458514953208685,False,39.55479203515108,52.0,52.0,2.0116889064845713,2.9513213897559036,3.6356217705487417,1.8366008754284788,2.357898373554722,0.038461538461538464,True,,,,,,,,,0.0,False,,,,
PanTS_00000086,cbd,1,False,2.5,0.7011719942092896,1201,orient_ambiguous,2,1135,0,1,0,0.0,57.237054025190204,True,9.520056130954114,,,,,,,,,,,,,,,,,,,,,,,
PanTS_00000086,mpd,1,False,2.5,0.7011719942092896,84,orient_ambiguous,4,54,3,0,0,0.0,5.82842712474619,False,2.0188070601858144,,,,,,,,,,,,,,,,,,,,,,,
PanTS_00000091,cbd,1,False,2.0,0.544921875,32,orient_ambiguous,1,32,0,0,0,0.0,6.414213562373095,True,5.035016792705985,,,,,,,,,,,,,,,,,,,,,,,
PanTS_00000091,mpd,1,False,2.0,0.544921875,0,no_mask,0,0,0,0,0,0.0,,,,,,,,,,,,,,,,,,,,,,,,,,
PanTS_00000099,cbd,1,False,0.7999999523162842,0.6171875,15,too_small,1,15,1,0,0,0.0,,,,,,,,,,,,,,,,,,,,,,,,,,
PanTS_00000099,mpd,1,False,0.7999999523162842,0.6171875,0,no_mask,0,0,0,0,0,0.0,,,,,,,,,,,,,,,,,,,,,,,,,,
PanTS_00000100,cbd,1,False,5.0,0.765999972820282,1362,no_regions,2,1356,1,0,0,0.0,38.730592891850854,,,,,,,,,,,,,,,,,,,,,,,,,
PanTS_00000100,mpd,1,False,5.0,0.765999972820282,30,too_small,3,28,2,0,0,0.0,,,,,,,,,,,,,,,,,,,,,,,,,,
PanTS_00000110,cbd,0,False,1.25,0.744140625,1701,ok,1,1701,0,0,0,0.0,45.80166070371631,False,24.98600528755174,46.0,46.0,4.681178756851546,6.000000000000001,6.615532503218913,5.1227363457049915,4.48921279279537,0.0,True,,,,,,,,,0.0,False,,,,
PanTS_00000110,mpd,0,False,1.25,0.744140625,19,too_small,1,19,1,0,0,0.0,,,,,,,,,,,,,,,,,,,,,,,,,,
PanTS_00000113,cbd,1,False,4.0,0.7695310115814209,458,ok,1,458,0,0,0,0.0,40.534440469144215,True,18.04003252977901,41.0,41.0,2.8315611428344596,3.724503670205693,3.970857512776732,2.1897547037831484,3.576503297826479,0.0,True,,,,,,,,,0.0,False,,,,
PanTS_00000113,mpd,1,False,4.0,0.7695310115814209,0,no_mask,0,0,0,0,0,0.0,,,,,,,,,,,,,,,,,,,,,,,,,,
PanTS_00000117,cbd,1,False,2.5,0.8066409826278687,2010,ok,1,2010,0,0,0,0.0,28.216603223948436,True,18.549486949463677,29.0,29.0,6.255283294517501,6.877747968273186,7.680712551015076,6.403398766991943,6.467689942070823,0.0,True,,,,,,,,,0.0,False,,,,
PanTS_00000117,mpd,1,False,2.5,0.8066409826278687,5672,ok,3,5493,0,2,0,0.0,153.69411106268095,False,59.52868249184918,154.0,154.0,5.7188160363537115,7.069938186712861,8.536906747955992,6.152911991907461,2.4119513627510827,0.7987012987012987,True,,,,,,,,,0.0,False,,,,
PanTS_00000128,cbd,1,False,3.75,0.8183590173721313,1186,ok,2,1078,0,1,0,0.0,37.92334552620547,True,24.472634930097286,38.0,38.0,4.692077969778502,5.610976636265989,5.978097346893685,5.59571056049745,3.336428730271786,0.0,True,,,,,,,,,0.0,False,,,,
PanTS_00000128,mpd,1,False,3.75,0.8183590173721313,313,orient_ambiguous,3,193,0,2,0,0.0,13.53516942700323,True,3.85215342789299,,,,,,,,,,,,,,,,,,,,,,,
PanTS_00000162,cbd,1,True,2.5,0.9589840173721313,20665,ok,3,20615,1,1,0,0.0,79.31492141375969,True,44.204994985256675,80.0,80.0,14.712465382400005,18.629433115472747,19.13016355917367,8.98218830329959,4.103997221761588,0.85,True,1.4237156493267686,5.0,0.06303984056060088,8.0,16.38307650522692,6.1068090928496925,2.6827556349206083,66.0,1.0,False,5.0,-255.40663019005981,-343.5823164781302,97.68436239529044
PanTS_00000162,mpd,1,False,2.5,0.9589840173721313,9163,loop_in_skeleton,7,8187,2,0,0,0.0,,,,,,,,,,,,,,,,,,,,,,,,,,
PanTS_00000164,cbd,1,False,5.0,0.7128909826278687,774,orient_ambiguous,3,380,0,0,1,7.874007874011811,23.409177301015042,True,8.69214186672296,,,,,,,,,,,,,,,,,,,,,,,
PanTS_00000164,mpd,1,False,5.0,0.7128909826278687,1566,orient_ambiguous,5,966,1,3,0,0.0,47.68070483908618,False,15.80108838741753,,,,,,,,,,,,,,,,,,,,,,,
PanTS_00000167,cbd,1,False,2.5,0.8183590173721313,5926,ok,3,5221,0,2,0,0.0,30.702613556046025,True,20.40832631613671,31.0,31.0,7.6630258437981915,9.511034362633728,11.381108142370271,8.79930684946395,6.87121877794431,0.41935483870967744,True,,,,,,,,,0.0,False,,,,
PanTS_00000167,mpd,1,False,2.5,0.8183590173721313,9239,ok,5,8903,0,2,0,0.0,219.90512762470038,False,110.52086124396384,220.0,220.0,5.645873203396063,7.808610414985465,8.849773287768821,3.5025988034194935,2.6153770749023133,0.8681818181818182,True,,,,,,,,,0.0,False,,,,
PanTS_00000174,cbd,0,False,0.800000011920929,0.78125,652,ok,2,357,0,0,1,7.810249675906654,28.445195208439202,False,18.761694691926508,29.0,16.0,2.7686095815938927,3.8033901969410913,4.300045929117806,2.758587300133726,,0.0,True,,,,,,,,,0.0,False,,,,
PanTS_00000174,mpd,0,False,0.800000011920929,0.78125,10,too_small,2,6,2,0,0,0.0,,,,,,,,,,,,,,,,,,,,,,,,,,
PanTS_00000180,cbd,1,False,5.0,0.810546875,3825,ok,1,3825,0,0,0,0.0,77.38331839513216,False,39.8655366634126,78.0,78.0,5.806774393142614,7.8688204137456035,8.15884210433581,2.8946119528227445,4.5233986875707135,0.05128205128205128,True,,,,,,,,,0.0,False,,,,
PanTS_00000180,mpd,1,False,5.0,0.810546875,383,orient_ambiguous,4,209,2,0,1,7.874007874011811,39.09134005581925,True,10.444806757806157,,,,,,,,,,,,,,,,,,,,,,,
PanTS_00000187,cbd,0,False,1.0,1.0,1554,ok,2,1545,1,0,0,0.0,71.26163357264303,False,50.57910792214949,72.0,72.0,3.729044114506003,5.093776861463932,5.918253415497804,2.1762040166727727,4.099134263038428,0.0,True,,,,,,,,,0.0,False,,,,
PanTS_00000187,mpd,0,False,1.0,1.0,327,orient_ambiguous,4,132,0,3,0,0.0,24.509860921691395,False,16.736871375351672,,,,,,,,,,,,,,,,,,,,,,,
PanTS_00000199,cbd,1,False,2.5,0.7519530057907104,1320,orient_ambiguous,3,1305,2,0,0,0.0,30.341687834789596,True,4.658739754960077,,,,,,,,,,,,,,,,,,,,,,,
PanTS_00000199,mpd,1,False,2.5,0.7519530057907104,5024,ok,6,4313,2,2,1,7.3484692283495345,119.97564122537597,False,72.25152051345876,120.0,106.0,5.82830291080875,6.656207288823804,7.364927798608017,5.8624556322617405,4.048331265085569,0.9245283018867925,True,,,,,,,,,0.0,False,,,,
PanTS_00000220,cbd,1,False,1.5,1.5,1018,ok,1,1018,0,0,0,0.0,39.31297954112574,True,18.52282135707562,40.0,40.0,3.9785769195801137,5.6516920804476785,5.942414679130809,4.157209426076835,3.6746911322566853,0.0,True,,,,,,,,,0.0,False,,,,
PanTS_00000220,mpd,1,False,1.5,1.5,0,no_mask,0,0,0,0,0,0.0,,,,,,,,,,,,,,,,,,,,,,,,,,
PanTS_00000231,cbd,1,False,2.5,0.8984379768371582,1876,ok,2,1657,0,1,0,0.0,53.826240251169125,True,40.91305896707209,54.0,54.0,4.64045812146006,5.704100908558559,6.126897790439736,4.0998107411225915,5.058558124121406,0.0,True,,,,,,,,,0.0,False,,,,
PanTS_00000231,mpd,1,False,2.5,0.8984379768371582,3447,ok,3,3001,0,1,1,6.4031242374328485,145.31942518599126,False,84.46400908424296,146.0,134.0,4.171323781629814,6.426779991822358,6.818018915402455,5.311880650949197,2.0,0.753731343283582,True,,,,,,,,,0.0,False,,,,
PanTS_00000237,cbd,0,False,0.8015533685684204,0.73828125,1045,ok,1,1045,0,0,0,0.0,49.559020016597024,False,17.9810630781723,50.0,50.0,3.7111203551714045,5.58228521792917,6.266343215211577,2.097687203886493,4.486310610063878,0.0,True,,,,,,,,,0.0,False,,,,
PanTS_00000237,mpd,0,False,0.8015533685684204,0.73828125,23,too_small,3,12,3,0,0,0.0,,,,,,,,,,,,,,,,,,,,,,,,,,
PanTS_00000246,cbd,1,False,1.25,0.890625,1798,ok,1,1798,0,0,0,0.0,55.458514953208685,False,26.4319530642684,56.0,56.0,5.144878729648831,6.2096941786164175,6.65855746724307,5.5549887038949475,3.554659043157568,0.0,True,,,,,,,,,0.0,False,,,,
PanTS_00000246,mpd,1,False,1.25,0.890625,146,orient_ambiguous,6,59,3,1,1,7.0,17.70674230225704,True,7.968491686654854,,,,,,,,,,,,,,,,,,,,,,,
PanTS_00000251,cbd,1,False,5.0,0.7539060115814209,689,orient_ambiguous,4,389,0,3,0,0.0,12.292528739883945,True,7.7954282483810005,,,,,,,,,,,,,,,,,,,,,,,
PanTS_00000251,mpd,1,False,5.0,0.7539060115814209,11,too_small,2,6,2,0,0,0.0,,,,,,,,,,,,,,,,,,,,,,,,,,
PanTS_00000252,cbd,1,False,0.800000011920929,0.78125,2799,ok,1,2799,0,0,0,0.0,28.19542346484762,False,17.11346937113416,29.0,29.0,7.380676781800341,8.911388845399404,9.877799433172715,8.494901465565174,6.535601811281548,0.3103448275862069,True,,,,,,,,,0.0,False,,,,
PanTS_00000252,mpd,1,False,0.800000011920929,0.78125,61,orient_ambiguous,1,61,0,0,0,0.0,3.0,True,1.6401233841795317,,,,,,,,,,,,,,,,,,,,,,,
PanTS_00000259,cbd,1,False,3.0,0.66796875,2570,ok,1,2570,0,0,0,0.0,52.48382345852052,False,34.950151225054285,53.0,53.0,5.887685885475207,7.81237454735015,8.02794218151477,4.40053905761949,4.306391037374806,0.0,True,,,,,,,,,0.0,False,,,,
PanTS_00000259,mpd,1,False,3.0,0.66796875,1178,orient_ambiguous,4,793,0,3,0,0.0,22.606237238868708,True,4.6244725295547795,,,,,,,,,,,,,,,,,,,,,,,
PanTS_00000263,cbd,0,False,1.500000015761973,1.5,1466,orient_ambiguous,1,1466,0,0,0,0.0,27.45997286892674,False,2.9081942168018884,,,,,,,,,,,,,,,,,,,,,,,
PanTS_00000263,mpd,0,False,1.500000015761973,1.5,201,orient_ambiguous,5,81,0,3,1,5.830951894845301,7.830951894845301,True,4.006416311432432,,,,,,,,,,,,,,,,,,,,,,,
PanTS_00000270,cbd,1,False,1.25,0.7421879768371582,0,no_mask,0,0,0,0,0,0.0,,,,,,,,,,,,,,,,,,,,,,,,,,
PanTS_00000270,mpd,1,False,1.25,0.7421879768371582,0,no_mask,0,0,0,0,0,0.0,,,,,,,,,,,,,,,,,,,,,,,,,,
PanTS_00000290,cbd,1,False,1.5,1.5,2728,ok,1,2728,0,0,0,0.0,37.31297954112575,True,27.905090052345955,38.0,38.0,5.952098376769973,7.922356439890099,8.425217322714163,5.184787500340627,7.908634517185616,0.05263157894736842,True,,,,,,,,,0.0,False,,,,
PanTS_00000290,mpd,1,False,1.5,1.5,0,no_mask,0,0,0,0,0,0.0,,,,,,,,,,,,,,,,,,,,,,,,,,
PanTS_00000308,cbd,0,False,5.0,0.7421879768371582,506,orient_ambiguous,3,361,0,2,0,0.0,25.827698166887178,False,2.055351960793825,,,,,,,,,,,,,,,,,,,,,,,
PanTS_00000308,mpd,0,False,5.0,0.7421879768371582,0,no_mask,0,0,0,0,0,0.0,,,,,,,,,,,,,,,,,,,,,,,,,,
PanTS_00000314,cbd,0,False,1.0,1.0,7236,ok,2,7113,0,1,0,0.0,103.94719611579929,False,74.96160107322166,104.0,104.0,7.860819387992045,8.959373669217033,9.698913842922712,6.028242648408449,5.793689686260983,0.375,True,,,,,,,,,0.0,False,,,,
PanTS_00000314,mpd,0,False,1.0,1.0,1053,ok,4,609,0,2,1,6.164414002968976,76.47896575445046,True,14.262001570217823,77.0,77.0,2.199809555038227,2.7201130283485315,3.1464523024817153,2.216037649893471,2.4695077804132124,0.0,True,,,,,,,,,0.0,False,,,,
PanTS_00000350,cbd,0,False,0.800000011920929,0.6757810115814209,312,orient_ambiguous,1,312,0,0,0,0.0,1.0,False,0.0,,,,,,,,,,,,,,,,,,,,,,,
PanTS_00000350,mpd,0,False,0.800000011920929,0.6757810115814209,158,ok,4,74,1,0,2,6.0,19.51323307596588,True,13.385003295126083,20.0,1.0,2.1999320645351697,2.1999320645351697,2.1999320645351697,,2.1999320645351697,0.0,False,,,,,,,,,0.0,False,,,,
PanTS_00000352,cbd,1,False,2.5,0.8730469942092896,5645,loop_in_skeleton,1,5645,0,0,0,0.0,,,,,,,,,,,,,,,,,,,,,,,,,,
PanTS_00000352,mpd,1,False,2.5,0.8730469942092896,1668,ok,4,1113,0,1,2,7.280109889280518,62.8856181702902,False,30.59482435012874,63.0,50.0,3.75353343932366,4.99010694861306,7.656471405893349,4.45792193627925,3.8375680360124758,0.84,True,,,,,,,,,0.0,False,,,,
PanTS_00000363,cbd,1,False,1.25,0.7421879768371582,13593,ok,2,13489,0,0,0,0.0,73.55756210087898,False,51.941936649255624,74.0,74.0,11.29148136722914,14.603873212023196,15.239342850051083,14.610961986847329,7.669762726825043,0.7702702702702703,True,,,,,,,,,0.0,False,,,,
PanTS_00000363,mpd,1,False,1.25,0.7421879768371582,249,ok,3,175,1,1,0,0.0,18.94938298937633,True,11.621948685103332,19.0,19.0,2.1363697986487526,2.79526341544454,2.811747029738485,2.663145494435658,1.7260001737013524,0.0,False,,,,,,,,,0.0,False,,,,
PanTS_00000368,cbd,1,False,0.800000011920929,0.68359375,349,orient_ambiguous,1,349,0,0,0,0.0,15.120955864630135,True,3.3198671426118853,,,,,,,,,,,,,,,,,,,,,,,
PanTS_00000368,mpd,1,False,0.800000011920929,0.68359375,9,too_small,1,9,1,0,0,0.0,,,,,,,,,,,,,,,,,,,,,,,,,,
PanTS_00000371,cbd,1,False,0.9136068820953369,0.703125,12794,loop_in_skeleton,1,12794,0,0,0,0.0,,,,,,,,,,,,,,,,,,,,,,,,,,
PanTS_00000371,mpd,1,False,0.9136068820953369,0.703125,154,orient_ambiguous,6,72,3,2,0,0.0,8.65685424949238,False,6.516356014713075,,,,,,,,,,,,,,,,,,,,,,,
PanTS_00000404,cbd,0,False,1.5,1.5,1200,ok,1,1200,0,0,0,0.0,59.09418944360024,True,43.41960650016763,60.0,60.0,3.9582600123903253,4.994362626278593,5.7588542279891115,4.005181976717916,3.987706350443089,0.0,True,,,,,,,,,0.0,False,,,,
PanTS_00000404,mpd,0,False,1.5,1.5,230,ok,3,144,1,1,0,0.0,19.731321849709865,False,13.730012945873803,20.0,20.0,2.106050706161642,2.7266368573271436,2.959475971435739,2.682936557323041,2.036319248279988,0.0,False,,,,,,,,,0.0,False,,,,
PanTS_00000416,cbd,1,False,0.800000011920929,0.78125,1373,ok,1,1373,0,0,0,0.0,54.119497948912084,False,40.40490605304686,55.0,55.0,4.310534063687998,5.53989292416519,6.171837664402883,3.000309578687112,3.2333015840162087,0.0,True,,,,,,,,,0.0,False,,,,
PanTS_00000416,mpd,1,False,0.800000011920929,0.78125,51,orient_ambiguous,1,51,0,0,0,0.0,4.0,True,2.778658613185513,,,,,,,,,,,,,,,,,,,,,,,
PanTS_00000423,cbd,1,False,2.5,0.9277340173721313,1794,ok,1,1794,0,0,0,0.0,63.87272851558176,True,40.32692171330811,64.0,64.0,3.950630849842868,5.416515766686074,6.6487431041548195,2.725006493960235,5.978464712370971,0.0,True,,,,,,,,,0.0,False,,,,
PanTS_00000423,mpd,1,False,2.5,0.9277340173721313,1284,ok,1,1284,0,0,0,0.0,85.01826392766473,False,45.15998026072069,86.0,86.0,3.02780402943964,4.4354769381014645,5.575725126462248,3.0953507550149286,1.8272545694398197,0.4069767441860465,True,,,,,,,,,0.0,False,,,,
PanTS_00000437,cbd,0,False,2.0,0.779296875,1914,ok,2,1855,0,1,0,0.0,66.29034186630687,False,40.33116081219154,67.0,67.0,4.293282981143058,5.481924494287919,6.17809485629925,4.1999727279936145,4.903696320292115,0.0,True,,,,,,,,,0.0,False,,,,
PanTS_00000437,mpd,0,False,2.0,0.779296875,28,orient_ambiguous,2,26,1,0,0,0.0,2.414213562373095,True,1.767022619889321,,,,,,,,,,,,,,,,,,,,,,,
PanTS_00000449,cbd,1,False,5.0,0.78125,1017,ok,1,1017,0,0,0,0.0,27.952782777728334,True,18.523601407536667,28.0,28.0,5.065648673683089,6.570205248795788,7.036895778601242,4.165892630699716,3.0204647390062638,0.0,True,,,,,,,,,0.0,False,,,,
PanTS_00000449,mpd,1,False,5.0,0.78125,1342,ok,1,1342,0,0,0,0.0,49.11609816056007,False,31.290120002811687,50.0,50.0,4.642632946949856,5.801121719827416,5.878100565852993,4.3908657208446575,4.636616835562898,0.9,True,,,,,,,,,0.0,False,,,,
PanTS_00000451,cbd,1,False,1.5,1.5,1118,ok,1,1118,0,0,0,0.0,33.6807048390862,True,21.383564914064674,34.0,34.0,4.08333260898252,6.491370890254581,7.0464909674665455,6.138228150108452,2.5330931265756673,0.0,True,,,,,,,,,0.0,False,,,,
PanTS_00000451,mpd,1,False,1.5,1.5,0,no_mask,0,0,0,0,0,0.0,,,,,,,,,,,,,,,,,,,,,,,,,,
PanTS_00000463,cbd,1,False,5.0,0.7421875,1028,no_regions,1,1028,0,0,0,0.0,45.7982609153643,,,,,,,,,,,,,,,,,,,,,,,,,
PanTS_00000463,mpd,1,False,5.0,0.7421875,86,too_small,2,85,1,0,0,0.0,,,,,,,,,,,,,,,,,,,,,,,,,,
PanTS_00000464,cbd,0,False,1.5,1.5,532,ok,2,528,1,0,0,0.0,16.803118619434354,False,12.972309677302619,17.0,17.0,3.871561708566627,4.390514395270396,4.725461095138354,3.8774629663107962,3.8551099763648367,0.0,False,,,,,,,,,0.0,False,,,,
PanTS_00000464,mpd,0,False,1.5,1.5,79,orient_ambiguous,2,66,1,0,0,0.0,12.120955864630135,True,4.462177466376033,,,,,,,,,,,,,,,,,,,,,,,
PanTS_00000465,cbd,1,False,1.0,0.87109375,4569,ok,1,4569,0,0,0,0.0,58.97323357897012,False,35.798785342870744,59.0,59.0,7.936035546525629,8.511269043039972,9.338796039855668,6.290938992151993,7.067235972142835,0.3728813559322034,True,,,,,,,,,0.0,False,,,,
PanTS_00000465,mpd,1,False,1.0,0.87109375,432,ok,1,432,0,0,0,0.0,20.77781011412252,False,13.84949981823733,21.0,21.0,3.729883396051534,4.292443589829048,4.624994683569222,3.401679253055214,3.851296471076678,0.6190476190476191,False,,,,,,,,,0.0,False,,,,
PanTS_00000469,cbd,0,False,0.800000011920929,0.6640625,204,orient_ambiguous,1,204,0,0,0,0.0,20.949382989376325,False,7.255220922121431,,,,,,,,,,,,,,,,,,,,,,,
PanTS_00000469,mpd,0,False,0.800000011920929,0.6640625,96,too_small,1,96,0,0,0,0.0,,,,,,,,,,,,,,,,,,,,,,,,,,
PanTS_00000482,cbd,1,False,0.90625,0.800000011920929,87,orient_ambiguous,1,87,0,0,0,0.0,3.414213562373095,False,2.410982992054656,,,,,,,,,,,,,,,,,,,,,,,
PanTS_00000482,mpd,1,False,0.90625,0.800000011920929,0,no_mask,0,0,0,0,0,0.0,,,,,,,,,,,,,,,,,,,,,,,,,,
PanTS_00000485,cbd,1,False,2.5,0.8789060115814209,2556,loop_in_skeleton,1,2556,0,0,0,0.0,,,,,,,,,,,,,,,,,,,,,,,,,,
PanTS_00000485,mpd,1,False,2.5,0.8789060115814209,0,no_mask,0,0,0,0,0,0.0,,,,,,,,,,,,,,,,,,,,,,,,,,
PanTS_00000488,cbd,1,False,5.0,0.7287260293960571,2172,ok,1,2172,0,0,0,0.0,74.33343034236752,True,28.17279503060418,75.0,75.0,5.351733988307293,6.359289719391793,6.868893868542325,2.9349198384166195,4.585410150455129,0.0,True,,,,,,,,,0.0,False,,,,
PanTS_00000488,mpd,1,False,5.0,0.7287260293960571,34,orient_ambiguous,2,26,1,0,0,0.0,2.0,False,0.3551014602592115,,,,,,,,,,,,,,,,,,,,,,,
PanTS_00000554,cbd,1,False,1.25,0.7675780057907104,6065,orient_ambiguous,2,6053,1,0,0,0.0,88.75031473523359,False,5.8168370452420675,,,,,,,,,,,,,,,,,,,,,,,
PanTS_00000554,mpd,1,False,1.25,0.7675780057907104,1018,ok,4,803,1,1,1,7.810249675906654,119.50581865430553,True,51.23357126545105,120.0,107.0,2.4641404199128316,3.4003855692763176,3.935795463343337,2.59816571696597,2.158722218195675,0.16822429906542055,True,,,,,,,,,0.0,False,,,,
PanTS_00000557,cbd,1,False,0.800000011920929,0.625,0,no_mask,0,0,0,0,0,0.0,,,,,,,,,,,,,,,,,,,,,,,,,,
PanTS_00000557,mpd,1,False,0.800000011920929,0.625,39,orient_ambiguous,2,27,1,0,0,0.0,1.0,False,0.0,,,,,,,,,,,,,,,,,,,,,,,
PanTS_00000564,cbd,1,False,2.5,0.7246090173721313,2640,loop_in_skeleton,1,2640,0,0,0,0.0,,,,,,,,,,,,,,,,,,,,,,,,,,
PanTS_00000564,mpd,1,False,2.5,0.7246090173721313,284,orient_ambiguous,4,185,1,2,0,0.0,11.024579547452822,True,9.699478749948296,,,,,,,,,,,,,,,,,,,,,,,
PanTS_00000574,cbd,1,False,2.5,0.8125,0,no_mask,0,0,0,0,0,0.0,,,,,,,,,,,,,,,,,,,,,,,,,,
PanTS_00000574,mpd,1,False,2.5,0.8125,0,no_mask,0,0,0,0,0,0.0,,,,,,,,,,,,,,,,,,,,,,,,,,
PanTS_00000592,cbd,1,False,0.9765620231628418,0.800000011920929,1652,ok,1,1652,0,0,0,0.0,31.902165767104666,False,19.56407031951412,32.0,32.0,5.803187499228668,6.548271955920287,6.784655357032653,4.915415113694329,6.499577048802511,0.0,True,,,,,,,,,0.0,False,,,,
PanTS_00000592,mpd,1,False,0.9765620231628418,0.800000011920929,228,orient_ambiguous,3,176,1,0,1,5.830951894845301,11.65937901959149,True,8.031570483911302,,,,,,,,,,,,,,,,,,,,,,,
PanTS_00000605,cbd,1,False,3.0,0.6601560115814209,2298,ok,2,2280,1,0,0,0.0,60.96910483275907,True,25.326846808898257,61.0,61.0,6.090705662170638,6.829057540921001,7.237516976209702,3.335891803763543,4.78471066905853,0.0,True,,,,,,,,,0.0,False,,,,
PanTS_00000605,mpd,1,False,3.0,0.6601560115814209,141,orient_ambiguous,2,122,1,0,0,0.0,15.170843917394794,True,10.839179196147143,,,,,,,,,,,,,,,,,,,,,,,
PanTS_00000623,cbd,1,False,0.8789060115814209,0.800000011920929,167,orient_ambiguous,1,167,0,0,0,0.0,3.414213562373095,True,2.380081666601477,,,,,,,,,,,,,,,,,,,,,,,
PanTS_00000623,mpd,1,False,0.8789060115814209,0.800000011920929,0,no_mask,0,0,0,0,0,0.0,,,,,,,,,,,,,,,,,,,,,,,,,,
PanTS_00000626,cbd,1,False,1.0,0.8515625,1065,ok,1,1065,0,0,0,0.0,29.630816786321535,True,19.49133280947125,30.0,30.0,3.963881204064056,5.005839807762994,5.276583476789543,4.520487872910181,3.6985661755505097,0.0,True,,,,,,,,,0.0,False,,,,
PanTS_00000626,mpd,1,False,1.0,0.8515625,33,orient_ambiguous,1,33,0,0,0,0.0,1.0,False,0.0,,,,,,,,,,,,,,,,,,,,,,,
PanTS_00000654,cbd,1,False,0.800000011920929,0.78125,99,orient_ambiguous,2,58,0,1,0,0.0,3.414213562373095,False,2.6803709330202494,,,,,,,,,,,,,,,,,,,,,,,
PanTS_00000654,mpd,1,False,0.800000011920929,0.78125,0,no_mask,0,0,0,0,0,0.0,,,,,,,,,,,,,,,,,,,,,,,,,,
PanTS_00000656,cbd,1,False,2.5,0.8691409826278687,2980,ok,1,2980,0,0,0,0.0,57.461914741560676,True,42.33037616665389,58.0,58.0,5.632735036674225,7.336350746014537,7.982242338405933,6.410618929387331,4.936171584832081,0.0,True,,,,,,,,,0.0,False,,,,
PanTS_00000656,mpd,1,False,2.5,0.8691409826278687,103,orient_ambiguous,1,103,0,0,0,0.0,1.0,False,0.0,,,,,,,,,,,,,,,,,,,,,,,
PanTS_00000674,cbd,1,False,2.5,0.703125,554,ok,2,518,0,1,0,0.0,30.852277714340005,True,10.686174345576159,31.0,31.0,3.0889356100556475,4.360081538911617,4.391381587480096,2.8363759407700004,3.436637028111936,0.0,True,,,,,,,,,0.0,False,,,,
PanTS_00000674,mpd,1,False,2.5,0.703125,647,ok,1,647,0,0,0,0.0,58.969104832759086,False,25.878653244833274,59.0,59.0,3.0035163507816596,3.531597159061559,3.9125280686444244,2.7080623680570763,3.0917799430628943,0.3389830508474576,True,,,,,,,,,0.0,False,,,,
PanTS_00000675,cbd,1,False,1.0,0.953125,948,ok,3,873,0,0,1,7.0710678118654755,68.1440774963649,False,33.00076025073138,69.0,56.0,3.249818844554757,3.9803956311727346,4.46498126513923,2.3318075491193326,2.812525298691952,0.0,True,,,,,,,,,0.0,False,,,,
PanTS_00000675,mpd,1,False,1.0,0.953125,0,no_mask,0,0,0,0,0,0.0,,,,,,,,,,,,,,,,,,,,,,,,,,
PanTS_00000677,cbd,0,False,0.800000011920929,0.671875,454,orient_ambiguous,1,454,0,0,0,0.0,15.999271042140986,False,9.729874156688481,,,,,,,,,,,,,,,,,,,,,,,
PanTS_00000677,mpd,0,False,0.800000011920929,0.671875,0,no_mask,0,0,0,0,0,0.0,,,,,,,,,,,,,,,,,,,,,,,,,,
PanTS_00000686,cbd,0,False,2.5,0.86328125,1018,ok,1,1018,0,0,0,0.0,44.82696920902815,False,31.498361075412717,45.0,45.0,3.908049398975804,5.701848665623112,6.124306842587604,4.231624927439546,3.100976725203369,0.0,True,,,,,,,,,0.0,False,,,,
PanTS_00000686,mpd,0,False,2.5,0.86328125,29,orient_ambiguous,3,23,2,0,0,0.0,1.0,False,0.0,,,,,,,,,,,,,,,,,,,,,,,
PanTS_00000693,cbd,1,False,2.5,0.8378909826278687,736,ok,1,736,0,0,0,0.0,41.55902001659703,True,34.898674761668005,42.0,42.0,3.6838058774340725,4.744777114333072,5.513652196267323,2.6077897057643176,4.19731971672931,0.0,True,,,,,,,,,0.0,False,,,,
PanTS_00000693,mpd,1,False,2.5,0.8378909826278687,1182,ok,4,1022,0,1,0,0.0,77.96837587490006,False,55.87529320089968,78.0,78.0,3.1774316289612345,3.8801934320981597,5.273615341711277,3.1305746555687533,2.9466513627102913,0.47435897435897434,True,,,,,,,,,0.0,False,,,,
PanTS_00000696,cbd,1,True,1.25,0.7617189884185791,14403,ok,2,14356,0,0,1,7.810249675906654,90.46491705182197,False,58.52643627990035,91.0,77.0,13.253729369024366,14.501867151828444,15.058970459488682,1.7097420756649342,10.440611883691568,0.8831168831168831,True,1.018933036171687,24.0,0.26529621406994525,8.0,13.038266356598474,6.43413903720467,2.0264197402645787,66.0,1.0,False,24.0,40.68362725927565,84.21617945713912,-136.18511549475755
PanTS_00000696,mpd,1,False,1.25,0.7617189884185791,2372,ok,5,1665,2,1,1,7.810249675906654,58.96910483275908,True,35.58671697245496,59.0,59.0,4.3662733728742555,5.969072169522707,6.736909560722532,6.107886489027173,2.644783689270814,0.7796610169491526,True,,,,,,,,,0.0,False,,,,
PanTS_00000708,cbd,0,False,5.0,0.86328125,2623,ok,2,2545,0,1,0,0.0,60.483823458520504,False,31.88878214697301,61.0,61.0,5.729820292599299,7.835753114603029,8.186173882102366,3.375603206114631,3.9357776346360804,0.04918032786885246,True,,,,,,,,,0.0,False,,,,
PanTS_00000708,mpd,0,False,5.0,0.86328125,660,ok,1,660,0,0,0,0.0,63.60477932315063,False,16.659693530949177,64.0,64.0,2.49414780408243,3.3741091699955152,3.9375486975712612,1.8306013556627807,2.9476752890333344,0.140625,True,,,,,,,,,0.0,False,,,,
PanTS_00000715,cbd,1,False,5.0,0.8339840173721313,782,orient_ambiguous,3,526,0,2,0,0.0,12.485281374238571,True,9.035579315064169,,,,,,,,,,,,,,,,,,,,,,,
PanTS_00000715,mpd,1,False,5.0,0.8339840173721313,271,orient_ambiguous,5,121,2,1,0,0.0,2.414213562373095,False,0.9817831562361796,,,,,,,,,,,,,,,,,,,,,,,
PanTS_00000723,cbd,1,False,2.5,0.7421879768371582,875,loop_in_skeleton,1,875,0,0,0,0.0,,,,,,,,,,,,,,,,,,,,,,,,,,
PanTS_00000723,mpd,1,False,2.5,0.7421879768371582,97,orient_ambiguous,3,59,1,1,0,0.0,9.70674230225704,False,1.7579915465235203,,,,,,,,,,,,,,,,,,,,,,,
PanTS_00000727,cbd,1,False,5.0,0.8300780057907104,1225,ok,3,621,0,2,0,0.0,26.413484604514082,True,19.277278988478592,27.0,27.0,3.8114715100175447,4.495203344520149,5.154148424017591,3.6266901884327756,3.5139225028069294,0.0,True,,,,,,,,,0.0,False,,,,
PanTS_00000727,mpd,1,False,5.0,0.8300780057907104,180,orient_ambiguous,3,135,1,1,0,0.0,4.0,True,2.7836486259976674,,,,,,,,,,,,,,,,,,,,,,,
PanTS_00000730,cbd,1,False,5.0,0.7460939884185791,1052,ok,4,542,0,3,0,0.0,19.634945532532548,True,13.04519595591908,20.0,20.0,2.359882087871914,4.588610569994047,5.694740455976115,2.595577901477804,2.213006049846535,0.0,False,,,,,,,,,0.0,False,,,,
PanTS_00000730,mpd,1,False,5.0,0.7460939884185791,986,orient_ambiguous,10,380,2,3,3,6.164414002968976,68.01256297109794,True,12.88484461134415,,,,,,,,,,,,,,,,,,,,,,,
PanTS_00000750,cbd,1,False,2.5,0.7695310115814209,1069,ok,2,916,0,0,1,2.23606797749979,64.59820661353116,True,14.893923484120826,65.0,57.0,2.7639226745655816,4.026256042585187,5.729252864162915,2.9194612991310356,2.163417769640876,0.0,True,,,,,,,,,0.0,False,,,,
PanTS_00000750,mpd,1,False,2.5,0.7695310115814209,2858,ok,6,2818,5,0,0,0.0,81.11464024484201,False,45.93817186866172,82.0,82.0,5.525473646149323,6.404478073554573,7.2384093537080005,5.2666291574842745,2.2608199859263025,0.8902439024390244,True,,,,,,,,,0.0,False,,,,
PanTS_00000761,cbd,1,False,1.25,0.68359375,1183,ok,1,1183,0,0,0,0.0,35.46264369941973,False,12.70233245814343,36.0,36.0,4.372413679207472,5.383471832636671,5.792520432263284,4.243059901009913,4.650689363693105,0.0,True,,,,,,,,,0.0,False,,,,
PanTS_00000761,mpd,1,False,1.25,0.68359375,197,ok,8,64,4,2,1,7.3484692283495345,14.226784405860384,True,11.009080471987396,15.0,3.0,1.7104307213842915,1.9420861442768582,1.9999999999999998,,1.7104307213842915,0.0,False,,,,,,,,,0.0,False,,,,
PanTS_00000766,cbd,1,False,1.5,1.5,2315,ok,1,2315,0,0,0,0.0,45.21587426608941,True,30.270148584650116,46.0,46.0,6.377101652746376,7.73669639901266,8.47526486563481,4.919016768930793,6.850353413201555,0.06521739130434782,True,,,,,,,,,0.0,False,,,,
PanTS_00000766,mpd,1,False,1.5,1.5,78,orient_ambiguous,2,51,0,1,0,0.0,1.0,False,0.0,,,,,,,,,,,,,,,,,,,,,,,
PanTS_00000771,cbd,1,False,2.5,0.8984379768371582,1030,ok,3,942,0,1,1,3.3166247903554,35.80238966157534,True,25.95206282606999,36.0,36.0,4.330792922044862,5.336923682335023,5.803511688023324,4.775662892049301,4.452741581339526,0.0,True,,,,,,,,,0.0,False,,,,
PanTS_00000771,mpd,1,False,2.5,0.8984379768371582,334,ok,3,165,0,1,1,7.483314773547883,33.16474857049309,False,22.7355686963747,34.0,21.0,1.7134092324910597,2.0,2.567981573344121,1.4171962047069546,1.7660218951636821,0.0,True,,,,,,,,,0.0,False,,,,
PanTS_00000778,cbd,0,False,0.7999999523162842,0.78125,639,ok,1,639,0,0,0,0.0,25.973962536829152,False,20.36542533487714,26.0,26.0,3.693619816677139,4.951925018856542,5.108023158681852,3.5421542508561563,3.8871908633052294,0.0,True,,,,,,,,,0.0,False,,,,
PanTS_00000778,mpd,0,False,0.7999999523162842,0.78125,9,too_small,2,6,2,0,0,0.0,,,,,,,,,,,,,,,,,,,,,,,,,,
PanTS_00000797,cbd,1,False,3.0,0.7773439884185791,2087,ok,1,2087,0,0,0,0.0,64.67997588122714,True,13.51933199478464,65.0,65.0,4.273134883891531,5.897306059057271,6.12210175318897,3.617614675882627,3.720396097579063,0.0,True,,,,,,,,,0.0,False,,,,
PanTS_00000797,mpd,1,False,3.0,0.7773439884185791,136,orient_ambiguous,5,43,2,1,1,3.4641016151377544,18.85640646055102,True,14.263244137146996,,,,,,,,,,,,,,,,,,,,,,,
PanTS_00000803,cbd,0,False,1.5999995470046997,0.734375,79,orient_ambiguous,2,61,1,0,0,0.0,5.82842712474619,False,3.7036992089856327,,,,,,,,,,,,,,,,,,,,,,,
PanTS_00000803,mpd,0,False,1.5999995470046997,0.734375,28,orient_ambiguous,2,24,1,0,0,0.0,1.0,False,0.0,,,,,,,,,,,,,,,,,,,,,,,
PanTS_00000806,cbd,1,False,2.5,0.9765620231628418,1638,orient_ambiguous,1,1638,0,0,0,0.0,49.116098160560085,False,9.47443548069031,,,,,,,,,,,,,,,,,,,,,,,
PanTS_00000806,mpd,1,False,2.5,0.9765620231628418,554,orient_ambiguous,5,288,1,2,0,0.0,28.70601334439803,True,7.174728133222434,,,,,,,,,,,,,,,,,,,,,,,
PanTS_00000811,cbd,1,False,1.0,0.763671875,29163,ok,2,28953,0,1,0,0.0,116.23146736326113,False,86.95445716096489,117.0,117.0,13.675527517852647,20.653176915907522,22.63777448950681,15.64611503997841,3.681154560674376,0.7863247863247863,True,,,,,,,,,0.0,False,,,,
PanTS_00000811,mpd,1,False,1.0,0.763671875,123,orient_ambiguous,1,123,0,0,0,0.0,8.87831517751085,False,5.492834498490105,,,,,,,,,,,,,,,,,,,,,,,
PanTS_00000814,cbd,1,False,1.2000000476837158,0.732421875,597,orient_ambiguous,1,597,0,0,0,0.0,28.241911729260273,True,1.4550336709036138,,,,,,,,,,,,,,,,,,,,,,,
PanTS_00000814,mpd,1,False,1.2000000476837158,0.732421875,599,ok,2,314,0,1,0,0.0,30.65612529163337,True,19.4426076131507,31.0,31.0,2.346835104024574,3.234291904970123,3.4625258262503342,2.531651570605857,1.6491180549336293,0.12903225806451613,True,,,,,,,,,0.0,False,,,,
PanTS_00000836,cbd,1,False,0.800000011920929,0.62890625,0,no_mask,0,0,0,0,0,0.0,,,,,,,,,,,,,,,,,,,,,,,,,,
PanTS_00000836,mpd,1,False,0.800000011920929,0.62890625,9,too_small,1,9,1,0,0,0.0,,,,,,,,,,,,,,,,,,,,,,,,,,
PanTS_00000839,cbd,1,False,5.0,0.703125,1353,ok,1,1353,0,0,0,0.0,48.43733519410787,True,28.663614381895027,49.0,49.0,3.98657410016655,6.089254384536664,7.04188939963154,1.931737484990201,6.097539830109724,0.0,True,,,,,,,,,0.0,False,,,,
PanTS_00000839,mpd,1,False,5.0,0.703125,181,too_small,2,169,1,0,0,0.0,,,,,,,,,,,,,,,,,,,,,,,,,,
PanTS_00000840,cbd,0,False,1.5,0.9375,3923,ok,4,2253,0,3,0,0.0,24.16671517118378,False,16.195452743251323,25.0,25.0,7.8062212466685486,8.523375910710792,8.875740717228295,8.285692248283087,6.535944875711403,0.32,True,,,,,,,,,0.0,False,,,,
PanTS_00000840,mpd,0,False,1.5,0.9375,244,ok,6,106,4,1,0,0.0,23.241911729260273,False,19.05709182419526,24.0,24.0,1.8679663306569623,2.0916772269828674,2.3462054808885107,1.5832054704103924,1.9727212340833529,0.0,True,,,,,,,,,0.0,False,,,,
PanTS_00000849,cbd,1,False,2.5,0.8710939884185791,730,ok,2,723,1,0,0,0.0,45.09491840145928,True,34.34470203243559,46.0,46.0,3.0878465154232533,4.1267256526972975,4.346053002556033,2.7297493746677626,3.6648158029770332,0.0,True,,,,,,,,,0.0,False,,,,
PanTS_00000849,mpd,1,False,2.5,0.8710939884185791,1411,orient_ambiguous,6,892,1,2,2,7.874007874011811,85.3571023746733,False,1.6821227137954757,,,,,,,,,,,,,,,,,,,,,,,
PanTS_00000855,cbd,1,False,5.0,0.6386719942092896,205,ok,2,122,0,1,0,0.0,11.82842712474619,True,10.127068931421313,12.0,12.0,2.664065580183384,2.7884468929028974,2.803867030846341,2.644406567570932,2.659272657562339,0.0,False,,,,,,,,,0.0,False,,,,
PanTS_00000855,mpd,1,False,5.0,0.6386719942092896,32,too_small,3,21,2,0,0,0.0,,,,,,,,,,,,,,,,,,,,,,,,,,
PanTS_00000860,cbd,1,False,2.5,0.8378909826278687,3323,loop_in_skeleton,1,3323,0,0,0,0.0,,,,,,,,,,,,,,,,,,,,,,,,,,
PanTS_00000860,mpd,1,True,2.5,0.8378909826278687,4937,ok,5,4502,0,3,1,6.4031242374328485,105.08860278167114,False,42.433593582521574,106.0,106.0,4.926397888192787,8.525960060689957,9.61939431508804,5.589808896955007,3.589674754015439,0.9245283018867925,True,1.5490119423179265,5.0,0.047578898830616737,8.0,8.640485749903199,2.9528344566729348,2.926166663483989,94.0,1.0,False,5.0,-184.4726354675344,-270.1148257376492,93.79018296260625
PanTS_00000862,cbd,1,True,2.5,0.9375,5089,ok,2,3573,0,0,1,3.3166247903554,105.43126503519743,True,36.81947207442617,106.0,97.0,6.665125632693521,9.087753299947291,10.08308872351537,8.806918538198765,6.427969645826571,0.27835051546391754,True,1.0304190561258924,55.0,0.5216668886751825,16.0,9.185557989572546,4.496954560625657,2.0426174793935585,17.0,1.0,False,50.43126503519743,-233.94762080021286,-328.73157915252295,96.09332747824158
PanTS_00000862,mpd,1,False,2.5,0.9375,8034,ok,4,6189,0,3,0,0.0,110.40376919637397,False,55.927953911579465,111.0,111.0,6.73819534394262,8.249733302949494,9.72314454717274,6.0345140978647205,4.792367533431544,1.0,True,,,,,,,,,0.0,False,,,,
PanTS_00000871,cbd,1,False,0.8398439884185791,0.800000011920929,241,orient_ambiguous,1,241,0,0,0,0.0,11.974691494688162,True,9.184649505909526,,,,,,,,,,,,,,,,,,,,,,,
PanTS_00000871,mpd,1,False,0.8398439884185791,0.800000011920929,0,no_mask,0,0,0,0,0,0.0,,,,,,,,,,,,,,,,,,,,,,,,,,
PanTS_00000878,cbd,1,False,2.5,0.84375,1370,ok,1,1370,0,0,0,0.0,44.63421657467353,True,26.484802326363678,45.0,45.0,4.377626270222448,5.9001702775236495,6.345910549141361,3.642779246707611,4.261620358822711,0.0,True,,,,,,,,,0.0,False,,,,
PanTS_00000878,mpd,1,False,2.5,0.84375,1084,ok,2,1039,0,1,0,0.0,46.437335194107874,False,22.894983092859427,47.0,47.0,4.00435871360591,5.351875062545013,5.687435347412864,4.348955803303763,3.407518944895062,0.8723404255319149,True,,,,,,,,,0.0,False,,,,
PanTS_00000881,cbd,1,False,1.0,1.0,2171,ok,1,2171,0,0,0,0.0,52.80166070371631,False,18.266394447239634,53.0,53.0,5.596692107719781,7.1685307429014475,7.849511345365558,4.590680104736657,4.842429617165287,0.0,True,,,,,,,,,0.0,False,,,,
PanTS_00000881,mpd,1,False,1.0,1.0,396,orient_ambiguous,6,222,2,2,1,6.557438524302,10.292528739883945,False,4.167998666389323,,,,,,,,,,,,,,,,,,,,,,,
PanTS_00000892,cbd,0,False,1.25,0.8895078301429749,0,no_mask,0,0,0,0,0,0.0,,,,,,,,,,,,,,,,,,,,,,,,,,
PanTS_00000892,mpd,0,False,1.25,0.8895078301429749,0,no_mask,0,0,0,0,0,0.0,,,,,,,,,,,,,,,,,,,,,,,,,,
PanTS_00000911,cbd,1,False,1.25,0.9550780057907104,1434,ok,1,1434,0,0,0,0.0,43.14140666587193,False,20.286638810560788,44.0,44.0,3.8079989584867167,7.249323763684064,7.8579380932500875,6.446403498002759,3.3734434615313615,0.0,True,,,,,,,,,0.0,False,,,,
PanTS_00000911,mpd,1,False,1.25,0.9550780057907104,0,no_mask,0,0,0,0,0,0.0,,,,,,,,,,,,,,,,,,,,,,,,,,
PanTS_00000927,cbd,1,False,1.0,0.8203125,813,orient_ambiguous,2,663,0,1,0,0.0,15.756630355021699,False,3.943053617855206,,,,,,,,,,,,,,,,,,,,,,,
PanTS_00000927,mpd,1,False,1.0,0.8203125,894,ok,1,894,0,0,0,0.0,30.580928733556874,True,12.103886191243213,31.0,31.0,4.382940705758953,4.796241376462299,5.85127356464375,4.018109041622098,4.000259229832968,1.0,True,,,,,,,,,0.0,False,,,,
PanTS_00000930,cbd,1,False,7.5,0.8613280057907104,699,orient_ambiguous,1,699,0,0,0,0.0,42.87758621965183,True,2.4403129521797347,,,,,,,,,,,,,,,,,,,,,,,
PanTS_00000930,mpd,1,False,7.5,0.8613280057907104,148,orient_ambiguous,3,84,1,0,0,0.0,7.0,True,5.10903665148523,,,,,,,,,,,,,,,,,,,,,,,
PanTS_00000932,cbd,1,False,5.0,0.884765625,1089,no_regions,2,976,0,1,0,0.0,33.045030348694624,,,,,,,,,,,,,,,,,,,,,,,,,
PanTS_00000932,mpd,1,False,5.0,0.884765625,267,no_regions,4,225,2,1,0,0.0,19.53516942700323,,,,,,,,,,,,,,,,,,,,,,,,,
PanTS_00000941,cbd,0,False,0.800000011920929,0.625,0,no_mask,0,0,0,0,0,0.0,,,,,,,,,,,,,,,,,,,,,,,,,,
PanTS_00000941,mpd,0,False,0.800000011920929,0.625,6,too_small,1,6,1,0,0,0.0,,,,,,,,,,,,,,,,,,,,,,,,,,
PanTS_00000945,cbd,1,True,2.5,0.8007810115814209,8557,ok,1,8557,0,0,0,0.0,88.65053862970427,True,42.28794273826326,89.0,89.0,9.49862567303232,12.883469757443075,13.388937277121496,1.9674683269890458,6.619779489837951,0.5730337078651685,True,1.5134691682724515,27.0,0.30456667739808935,16.0,9.685137612285597,3.3923931582352695,2.8549573002098105,51.0,1.0,False,27.0,-190.73953221549502,-273.65536649745377,140.25599808507988
PanTS_00000945,mpd,1,True,2.5,0.8007810115814209,2994,ok,4,2873,1,1,1,7.615773105863909,124.50749450696942,False,44.60039632678639,125.0,111.0,3.8970507738995233,6.309853496847173,7.176777393391559,2.0,2.0509568224004715,0.6216216216216216,True,1.380674073071391,27.0,0.21685441592826085,8.0,5.38159682110466,2.066744772905933,2.6039000517407387,69.0,1.0,False,27.0,-205.09503751565063,-262.3405176747138,136.58356936450485
PanTS_00000948,cbd,0,False,5.0,0.9375,1364,ok,3,1116,1,1,0,0.0,21.459972868926737,True,13.008609226470572,22.0,22.0,5.71366241615603,6.018653604830018,6.529771165819868,4.338374630873226,5.936027547310788,0.0,True,,,,,,,,,0.0,False,,,,
PanTS_00000948,mpd,0,False,5.0,0.9375,0,no_mask,0,0,0,0,0,0.0,,,,,,,,,,,,,,,,,,,,,,,,,,
PanTS_00000953,cbd,0,False,2.5,0.87109375,165,ok,1,165,0,0,0,0.0,18.21733218180745,False,12.783178369847317,19.0,19.0,2.7705125024583825,3.6350708619127285,3.8481789394684665,3.076573290031669,2.6706883671707486,0.0,False,,,,,,,,,0.0,False,,,,
PanTS_00000953,mpd,0,False,2.5,0.87109375,42,orient_ambiguous,2,31,1,0,0,0.0,2.8284271247461903,False,0.26843098384704156,,,,,,,,,,,,,,,,,,,,,,,
PanTS_00000966,cbd,1,False,4.0,0.6835939884185791,827,ok,3,629,0,1,1,7.483314773547883,30.089552012416593,True,18.484091216878898,31.0,19.0,3.830105190091871,4.956412000562461,5.577864004684693,3.8676833448262045,,0.0,True,,,,,,,,,0.0,False,,,,
PanTS_00000966,mpd,1,False,4.0,0.6835939884185791,3,too_small,1,3,1,0,0,0.0,,,,,,,,,,,,,,,,,,,,,,,,,,
PanTS_00001012,cbd,1,False,2.5,0.8945310115814209,1008,ok,1,1008,0,0,0,0.0,53.31225058326671,True,38.997226510637816,54.0,54.0,3.7887585053548847,4.80383072368935,5.212155186534452,2.720048330961246,3.175916007901142,0.0,True,,,,,,,,,0.0,False,,,,
PanTS_00001012,mpd,1,False,2.5,0.8945310115814209,1149,ok,4,726,0,2,1,5.385164807134504,80.23632506733117,False,41.42297982241894,81.0,81.0,2.650707807602523,3.603528985011391,4.6787809806906475,2.7184747530357765,2.0,0.25925925925925924,True,,,,,,,,,0.0,False,,,,
PanTS_00001016,cbd,1,False,2.5,0.6894530057907104,2890,orient_ambiguous,2,1870,0,1,0,0.0,48.82696920902815,True,1.9421519941881833,,,,,,,,,,,,,,,,,,,,,,,
PanTS_00001016,mpd,1,False,2.5,0.6894530057907104,177,ok,6,140,5,0,0,0.0,14.706742302257041,False,10.464082517562435,15.0,15.0,2.280313102956293,2.7857204948390653,3.215328043530645,2.3273000562176653,2.2610761013603238,0.06666666666666667,False,,,,,,,,,0.0,False,,,,
PanTS_00001017,cbd,0,False,1.0,0.95703125,1839,ok,2,1785,0,0,1,5.0,60.8980370208936,False,20.52027388301618,61.0,50.0,5.198127266745489,5.892893918209835,6.297960267254081,2.511468994939498,5.206811221233904,0.0,True,,,,,,,,,0.0,False,,,,
PanTS_00001017,mpd,0,False,1.0,0.95703125,18,too_small,2,9,2,0,0,0.0,,,,,,,,,,,,,,,,,,,,,,,,,,
PanTS_00001021,cbd,1,False,0.8000000715255737,0.703125,85,orient_ambiguous,1,85,0,0,0,0.0,13.706742302257041,False,9.426119565458475,,,,,,,,,,,,,,,,,,,,,,,
PanTS_00001021,mpd,1,False,0.8000000715255737,0.703125,203,too_small,1,203,0,0,0,0.0,,,,,,,,,,,,,,,,,,,,,,,,,,
PanTS_00001022,cbd,0,False,1.0,1.0,2223,ok,2,2163,0,1,0,0.0,39.3628675938904,False,33.28973862572842,40.0,40.0,6.673229254480104,7.5725439846031835,7.7176113366758035,6.096270712652572,5.850824831607685,0.0,True,,,,,,,,,0.0,False,,,,
PanTS_00001022,mpd,0,False,1.0,1.0,312,ok,6,219,2,2,1,5.0990195135927845,38.951297227932784,True,31.174939277211077,39.0,28.0,2.0503096440775366,2.6928185152034265,3.0724319752742297,1.9643703205234502,,0.0,True,,,,,,,,,0.0,False,,,,
PanTS_00001030,cbd,1,False,2.5,0.7441409826278687,6658,ok,1,6658,0,0,0,0.0,58.3122505832667,False,38.14311806261716,59.0,59.0,9.047079815810147,13.263092550439161,14.319118896045289,7.2290187171869,6.6101705690420225,0.6271186440677966,True,,,,,,,,,0.0,False,,,,
PanTS_00001030,mpd,1,False,2.5,0.7441409826278687,12,too_small,1,12,1,0,0,0.0,,,,,,,,,,,,,,,,,,,,,,,,,,
PanTS_00001048,cbd,1,False,5.0,0.7319999933242798,3519,orient_ambiguous,2,3046,0,1,0,0.0,52.851548756480966,False,6.333215067520918,,,,,,,,,,,,,,,,,,,,,,,
PanTS_00001048,mpd,1,False,5.0,0.7319999933242798,8,too_small,1,8,1,0,0,0.0,,,,,,,,,,,,,,,,,,,,,,,,,,
PanTS_00001053,cbd,1,False,5.0,0.703125,555,ok,2,526,0,0,0,0.0,29.195423464847618,True,20.810976998381268,30.0,30.0,2.8775622503069025,4.0548756546026254,4.729936000786991,2.559353022178115,3.6524221876837277,0.0,True,,,,,,,,,0.0,False,,,,
PanTS_00001053,mpd,1,False,5.0,0.703125,125,orient_ambiguous,1,125,0,0,0,0.0,19.313708498984763,True,3.658042563965397,,,,,,,,,,,,,,,,,,,,,,,
PanTS_00001055,cbd,1,False,2.5,0.9375,4955,ok,4,4938,3,0,0,0.0,57.508403005973335,True,44.39457265417847,58.0,58.0,7.730393111762847,9.148117855390925,9.708067218834886,4.715386171228916,8.416404603807255,0.43103448275862066,True,,,,,,,,,0.0,False,,,,
PanTS_00001055,mpd,1,False,2.5,0.9375,1221,ok,5,765,0,3,0,0.0,45.801660703716315,False,35.8398312002777,46.0,46.0,3.5744042935978393,3.989577078346736,4.348340829000106,3.5015013310531917,2.6790694734003417,0.6956521739130435,True,,,,,,,,,0.0,False,,,,
PanTS_00001070,cbd,1,False,1.25,0.6660159826278687,918,ok,1,918,0,0,0,0.0,28.48455241637956,False,19.78063764881842,29.0,29.0,4.970339335148579,5.71602450052353,6.085221058156517,3.9881248140832652,4.423796698150974,0.0,True,,,,,,,,,0.0,False,,,,
PanTS_00001070,mpd,1,False,1.25,0.6660159826278687,224,ok,4,136,0,1,1,4.898979485566356,14.585057479767888,True,11.338826654697455,15.0,15.0,2.0907309793231645,2.569977841981223,3.05336470055827,2.119496107385133,2.0664313291646152,0.0,False,,,,,,,,,0.0,False,,,,
PanTS_00001077,cbd,1,False,2.5,0.9179689884185791,5084,loop_in_skeleton,3,5017,1,0,0,0.0,,,,,,,,,,,,,,,,,,,,,,,,,,
PanTS_00001077,mpd,1,True,2.5,0.9179689884185791,6455,ok,3,6087,1,1,0,0.0,132.84183334834088,False,62.6487163160647,133.0,133.0,6.048018930620661,7.803698479392911,7.994688329170815,5.514933577963479,2.7655395255816706,0.8947368421052632,True,1.0172698781416174,110.0,0.8280524080961416,5.0,4.0481700053095,1.9999999999999998,2.0240850026547506,16.0,1.0,False,22.841833348340884,-334.3660161619639,-313.31948843257476,147.81001850337177
PanTS_00001079,cbd,1,False,2.5,0.931640625,1792,ok,1,1792,0,0,0,0.0,69.14067770801287,False,57.41881720532343,70.0,70.0,4.258422944254981,5.493867589298324,6.503005941298406,3.8536211145522374,3.9990738899091673,0.0,True,,,,,,,,,0.0,False,,,,
PanTS_00001079,mpd,1,False,2.5,0.931640625,16,too_small,1,16,1,0,0,0.0,,,,,,,,,,,,,,,,,,,,,,,,,,
PanTS_00001081,cbd,1,False,1.25,0.6582030057907104,262,orient_ambiguous,3,169,0,1,1,7.3484692283495345,25.93352670811743,False,8.621941834855326,,,,,,,,,,,,,,,,,,,,,,,
PanTS_00001081,mpd,1,False,1.25,0.6582030057907104,52,orient_ambiguous,1,52,0,0,0,0.0,4.82842712474619,True,2.453612822601846,,,,,,,,,,,,,,,,,,,,,,,
PanTS_00001082,cbd,1,False,0.800000011920929,0.7559999823570251,2982,ok,1,2982,0,0,0,0.0,49.3628675938904,True,14.709554793893922,50.0,50.0,7.268653430029587,8.062197650013134,8.60943213393253,7.580191190857624,6.239172520499286,0.1,True,,,,,,,,,0.0,False,,,,
PanTS_00001082,mpd,1,False,0.800000011920929,0.7559999823570251,283,ok,4,257,3,0,0,0.0,33.84887792598799,False,17.74971658926458,34.0,34.0,2.47559830158206,3.2673862138930554,3.7532358664378274,2.7583072815429466,2.2860795683391664,0.11764705882352941,True,,,,,,,,,0.0,False,,,,
PanTS_00001085,cbd,1,False,2.5,0.9765620231628418,5419,orient_ambiguous,2,4599,0,1,0,0.0,64.31297954112574,True,2.6308659113813135,,,,,,,,,,,,,,,,,,,,,,,
PanTS_00001085,mpd,1,False,2.5,0.9765620231628418,6166,ok,6,4551,1,3,0,0.0,54.772952410052454,False,40.29365226571443,55.0,55.0,2.258143588646761,3.0506814226931414,4.324357034026724,2.0,1.8391210350210567,0.09090909090909091,True,,,,,,,,,0.0,False,,,,
PanTS_00001086,cbd,1,False,2.5,0.8515620231628418,2499,orient_ambiguous,2,1950,0,1,0,0.0,42.14140666587193,True,6.150945603484708,,,,,,,,,,,,,,,,,,,,,,,
PanTS_00001086,mpd,1,False,2.5,0.8515620231628418,5923,ok,2,5859,0,1,0,0.0,156.45074141770266,False,80.0345694665248,157.0,157.0,4.803266499157248,8.756440448609155,10.21436967275276,4.410104150118125,2.018649030561229,0.8726114649681529,True,,,,,,,,,0.0,False,,,,
PanTS_00001090,cbd,0,False,0.800000011920929,0.70703125,174,orient_ambiguous,1,174,0,0,0,0.0,6.414213562373095,False,1.902010057387935,,,,,,,,,,,,,,,,,,,,,,,
PanTS_00001090,mpd,0,False,0.800000011920929,0.70703125,0,no_mask,0,0,0,0,0,0.0,,,,,,,,,,,,,,,,,,,,,,,,,,
PanTS_00001091,cbd,1,False,1.5,0.7988280057907104,852,ok,1,852,0,0,0,0.0,62.604779323150645,True,34.621587487328114,63.0,63.0,3.1864928335627205,4.087018971895207,4.436563034420649,1.5161426921654988,3.8864704867632653,0.0,True,,,,,,,,,0.0,False,,,,
PanTS_00001091,mpd,1,False,1.5,0.7988280057907104,4780,ok,1,4780,0,0,0,0.0,100.26357544527698,False,44.845300021338005,101.0,101.0,6.300993806465068,7.62603360874013,8.548638644457153,6.669583492806215,4.533644558583827,1.0,True,,,,,,,,,0.0,False,,,,
PanTS_00001099,cbd,0,False,5.0,0.888671875,677,orient_ambiguous,2,619,0,1,0,0.0,14.803118619434354,False,9.201749224641642,,,,,,,,,,,,,,,,,,,,,,,
PanTS_00001099,mpd,0,False,5.0,0.888671875,192,orient_ambiguous,1,192,0,0,0,0.0,2.414213562373095,False,0.16472747605171634,,,,,,,,,,,,,,,,,,,,,,,
PanTS_00001104,cbd,0,False,1.0,0.654296875,1020,ok,4,936,2,1,0,0.0,37.94865403151731,True,30.115332054860676,38.0,38.0,4.0933841483311,4.369637685983888,5.190014706023553,4.159562856291707,3.970799871648459,0.0,True,,,,,,,,,0.0,False,,,,
PanTS_00001104,mpd,0,False,1.0,0.654296875,387,ok,7,159,3,3,0,0.0,19.267220234572108,False,15.055960213624516,20.0,20.0,2.0,2.094572143876204,2.4234812896047866,2.0,2.0,0.0,False,,,,,,,,,0.0,False,,,,
PanTS_00001111,cbd,1,False,0.800000011920929,0.78125,751,orient_ambiguous,2,395,0,1,0,0.0,14.024579547452822,True,4.828812543793994,,,,,,,,,,,,,,,,,,,,,,,
PanTS_00001111,mpd,1,False,0.800000011920929,0.78125,0,no_mask,0,0,0,0,0,0.0,,,,,,,,,,,,,,,,,,,,,,,,,,
PanTS_00001115,cbd,0,False,1.0,1.0,2145,ok,2,2124,0,1,0,0.0,88.26503336099503,False,33.05395872704719,89.0,89.0,4.320234481789823,6.511042722066665,7.110131213177703,2.106507934638684,4.306089692216258,0.0,True,,,,,,,,,0.0,False,,,,
PanTS_00001115,mpd,0,False,1.0,1.0,648,ok,6,306,1,4,0,0.0,42.73059289185085,True,29.726082880187334,43.0,43.0,2.2053156800160187,2.7558458792598524,3.607902399230399,2.355980587857232,2.212936573936974,0.046511627906976744,True,,,,,,,,,0.0,False,,,,
PanTS_00001121,cbd,1,False,0.800000011920929,0.78125,172,orient_ambiguous,1,172,0,0,0,0.0,4.82842712474619,True,3.0971617389479,,,,,,,,,,,,,,,,,,,,,,,
PanTS_00001121,mpd,1,False,0.800000011920929,0.78125,51,too_small,2,31,0,0,0,0.0,,,,,,,,,,,,,,,,,,,,,,,,,,
PanTS_00001145,cbd,1,True,5.0,0.625,7571,ok,1,7571,0,0,0,0.0,81.65466737591531,True,56.18817279238371,82.0,82.0,8.65406308270791,12.456119421669445,12.847663065775727,5.292397831075485,5.381334327493651,0.5365853658536586,True,1.2128719020345575,9.0,0.1102202763078626,12.0,11.206973884531337,4.8347891241612135,2.3179860789638127,44.0,1.0,False,9.0,-133.92694499366343,-129.16964307576387,222.27371602252958
PanTS_00001145,mpd,1,False,5.0,0.625,141,orient_ambiguous,4,62,1,1,1,7.280109889280518,23.450953806675315,False,12.250239657585308,,,,,,,,,,,,,,,,,,,,,,,
PanTS_00001154,cbd,1,False,2.5,0.7734379768371582,1429,ok,4,1029,0,3,0,0.0,51.77708115626348,True,35.44725718992569,52.0,52.0,3.6764116353502327,4.70670252015075,5.79793627302754,4.28067366315251,3.5037792709729283,0.0,True,,,,,,,,,0.0,False,,,,
PanTS_00001154,mpd,1,False,2.5,0.7734379768371582,1624,ok,3,1395,0,2,0,0.0,115.25264712236192,False,63.25163904306147,116.0,116.0,2.603805358650745,3.840624773865386,5.342706034179163,3.4955477149357037,2.0,0.25,True,,,,,,,,,0.0,False,,,,
PanTS_00001168,cbd,1,False,2.5,0.80859375,2112,ok,1,2112,0,0,0,0.0,54.241182771401235,False,44.2148118200854,55.0,55.0,5.610725462448448,6.782279730753203,7.223567462259144,4.356744627612059,4.7496398542039024,0.0,True,,,,,,,,,0.0,False,,,,
PanTS_00001168,mpd,1,False,2.5,0.80859375,26,orient_ambiguous,1,26,0,0,0,0.0,6.732050807568877,False,1.526889706404675,,,,,,,,,,,,,,,,,,,,,,,
PanTS_00001182,cbd,1,False,1.25,0.9765620231628418,2058,ok,3,1779,1,1,0,0.0,35.99854208428197,True,20.335420712315923,36.0,36.0,6.059798699638628,6.588554602085673,7.096296997907749,4.937854882696069,6.277568779328018,0.0,True,,,,,,,,,0.0,False,,,,
PanTS_00001182,mpd,1,False,1.25,0.9765620231628418,431,ok,8,189,2,3,2,7.483314773547883,22.386209498511555,False,14.71984066530056,23.0,9.0,1.8959043620430547,2.261430591378798,2.611822493227014,1.8959043620430547,,0.0,True,,,,,,,,,0.0,False,,,,
PanTS_00001183,cbd,1,False,5.0,0.6757810115814209,772,orient_ambiguous,4,602,1,2,0,0.0,20.04575930655364,True,3.495915416192066,,,,,,,,,,,,,,,,,,,,,,,
PanTS_00001183,mpd,1,False,5.0,0.6757810115814209,6,too_small,1,6,1,0,0,0.0,,,,,,,,,,,,,,,,,,,,,,,,,,
PanTS_00001186,cbd,1,False,5.0,0.8417969942092896,1447,ok,3,1126,0,2,0,0.0,34.53444046914422,True,20.309126904645993,35.0,35.0,4.9168184704600675,5.68547275232253,5.991734028414124,5.515122145778564,3.818374378260948,0.0,True,,,,,,,,,0.0,False,,,,
PanTS_00001186,mpd,1,False,5.0,0.8417969942092896,428,ok,4,338,2,1,0,0.0,26.970562748477146,False,22.6640268487661,27.0,27.0,2.119071136628869,3.663051342808859,3.8598915708343107,2.8983635598498445,1.9991701800589083,0.2962962962962963,True,,,,,,,,,0.0,False,,,,
PanTS_00001193,cbd,1,False,5.0,0.625,3066,loop_in_skeleton,1,3066,0,0,0,0.0,,,,,,,,,,,,,,,,,,,,,,,,,,
PanTS_00001193,mpd,1,False,5.0,0.625,87,too_small,1,87,0,0,0,0.0,,,,,,,,,,,,,,,,,,,,,,,,,,
PanTS_00001194,cbd,0,False,0.8000000715255737,0.66796875,1860,orient_ambiguous,1,1860,0,0,0,0.0,10.65685424949238,False,7.546519964844272,,,,,,,,,,,,,,,,,,,,,,,
PanTS_00001194,mpd,0,False,0.8000000715255737,0.66796875,0,no_mask,0,0,0,0,0,0.0,,,,,,,,,,,,,,,,,,,,,,,,,,
PanTS_00001195,cbd,0,False,2.5,0.8789060115814209,2376,ok,2,2329,0,1,0,0.0,75.01826392766472,True,48.55018894029638,76.0,76.0,4.574475491406039,6.378185003026376,7.8691374999527515,3.810303402843969,4.558478137503235,0.0,True,,,,,,,,,0.0,False,,,,
PanTS_00001195,mpd,0,False,2.5,0.8789060115814209,0,no_mask,0,0,0,0,0,0.0,,,,,,,,,,,,,,,,,,,,,,,,,,
PanTS_00001197,cbd,1,False,0.9765625,0.800000011920929,655,ok,2,619,0,1,0,0.0,22.14553541208296,False,14.553061861734122,23.0,23.0,5.036248195933496,5.769114234928922,6.034078690146759,3.1753241935738563,5.348854109442595,0.0,True,,,,,,,,,0.0,False,,,,
PanTS_00001197,mpd,1,False,0.9765625,0.800000011920929,107,orient_ambiguous,2,104,1,0,0,0.0,10.120955864630135,True,6.707338327133762,,,,,,,,,,,,,,,,,,,,,,,
PanTS_00001208,cbd,0,False,1.0,1.0,4992,ok,1,4992,0,0,0,0.0,118.67438921929806,False,36.661177528107444,119.0,119.0,5.524036342846738,7.10464137023808,8.128307638437088,3.540506751940095,5.263356818409548,0.025210084033613446,True,,,,,,,,,0.0,False,,,,
PanTS_00001208,mpd,0,False,1.0,1.0,471,ok,4,441,3,0,0,0.0,48.798260915364295,True,35.00282716501761,49.0,49.0,2.3535150579963564,3.4876146133899746,3.9157252067073824,2.1496585802361956,2.5885367360115246,0.1836734693877551,True,,,,,,,,,0.0,False,,,,
PanTS_00001215,cbd,1,False,1.5,0.8535159826278687,1233,orient_ambiguous,3,1023,1,1,0,0.0,12.388905057061256,True,8.488305489644514,,,,,,,,,,,,,,,,,,,,,,,
PanTS_00001215,mpd,1,False,1.5,0.8535159826278687,4,too_small,2,2,2,0,0,0.0,,,,,,,,,,,,,,,,,,,,,,,,,,
PanTS_00001254,cbd,1,False,1.5,0.9667969942092896,774,ok,2,725,0,0,1,5.916079783099616,49.47509979969665,True,22.783301913472567,50.0,38.0,3.537992425298498,4.362316810902706,5.23678054783383,1.9232621552685112,3.7867428237657315,0.0,True,,,,,,,,,0.0,False,,,,
PanTS_00001254,mpd,1,False,1.5,0.9667969942092896,0,no_mask,0,0,0,0,0,0.0,,,,,,,,,,,,,,,,,,,,,,,,,,
PanTS_00001258,cbd,1,False,5.0,0.53515625,151,orient_ambiguous,2,113,0,1,0,0.0,5.82842712474619,True,3.3739643689931,,,,,,,,,,,,,,,,,,,,,,,
PanTS_00001258,mpd,1,False,5.0,0.53515625,0,no_mask,0,0,0,0,0,0.0,,,,,,,,,,,,,,,,,,,,,,,,,,
PanTS_00001261,cbd,1,False,4.0,0.76953125,824,orient_ambiguous,3,588,0,2,0,0.0,13.438793109825918,False,9.461043283666584,,,,,,,,,,,,,,,,,,,,,,,
PanTS_00001261,mpd,1,False,4.0,0.76953125,173,orient_ambiguous,6,101,4,1,0,0.0,11.974691494688164,False,6.39811047422346,,,,,,,,,,,,,,,,,,,,,,,
PanTS_00001264,cbd,0,False,2.5,0.9765620231628418,1494,ok,1,1494,0,0,0,0.0,54.53031172293318,True,33.90531602112601,55.0,55.0,4.114598867895424,6.767715637662504,8.085549355971999,2.4712435417413516,4.047988049102568,0.01818181818181818,True,,,,,,,,,0.0,False,,,,
PanTS_00001264,mpd,0,False,2.5,0.9765620231628418,398,ok,5,130,1,2,1,4.47213595499958,45.91020010696647,False,36.227357863356296,46.0,36.0,1.9646458241450393,2.7033357885590874,3.3756361127223147,1.8639861481978293,1.769572875007797,0.027777777777777776,True,,,,,,,,,0.0,False,,,,
PanTS_00001268,cbd,1,False,0.8920000195503235,0.800000011920929,6184,ok,4,5826,1,2,0,0.0,57.82284046281712,False,36.12137748738964,58.0,58.0,9.750974211345444,10.513821650945944,11.14292031193629,10.657315119880126,1.9720399869497283,0.6896551724137931,True,,,,,,,,,0.0,False,,,,
PanTS_00001268,mpd,1,False,0.8920000195503235,0.800000011920929,7320,ok,2,7176,0,0,1,7.0710678118654755,145.37627381748513,True,78.05515665558627,146.0,133.0,5.44295372127354,9.802921954935403,10.510792797590424,7.853373139465354,2.913038978146063,0.9022556390977443,True,,,,,,,,,0.0,False,,,,
PanTS_00001275,cbd,1,False,1.0,0.783203125,711,ok,1,711,0,0,0,0.0,43.38404735299121,False,29.788252685124526,44.0,44.0,3.529867751501336,4.183824914032487,4.964369259758745,1.600599221677271,3.1670293174890682,0.0,True,,,,,,,,,0.0,False,,,,
PanTS_00001275,mpd,1,False,1.0,0.783203125,42,too_small,3,18,3,0,0,0.0,,,,,,,,,,,,,,,,,,,,,,,,,,
PanTS_00001277,cbd,1,False,1.0,0.78125,465,orient_ambiguous,2,411,0,1,0,0.0,14.120955864630135,False,7.038174125218738,,,,,,,,,,,,,,,,,,,,,,,
PanTS_00001277,mpd,1,True,1.0,0.78125,2622,ok,2,2616,1,0,0,0.0,91.70042668246893,True,63.26729740147532,92.0,92.0,4.094534761802786,5.939603896105132,6.807321414778296,3.0794447535748684,3.3785273788654377,0.9021739130434783,True,1.4372291498560825,6.0,0.06543044800408836,5.0,6.229625493451354,2.3004502957662147,2.708002648401687,76.0,1.0,False,6.0,-35.44483063464145,138.78331845985366,-1024.5509059760027
PanTS_00001297,cbd,1,False,2.5,0.8789060115814209,8177,ok,2,8169,1,0,0,0.0,51.60477932315065,True,38.13147180353917,52.0,52.0,10.917522313367819,11.989592751926486,12.378392838567706,12.002302046175783,9.229898034412667,1.0,True,,,,,,,,,0.0,False,,,,
PanTS_00001297,mpd,1,False,2.5,0.8789060115814209,3187,ok,1,3187,0,0,0,0.0,120.49868759783324,False,66.83261151998028,121.0,121.0,4.2826645484125,6.590504011195164,7.919945779348604,6.212392028739838,2.80707281569716,0.6611570247933884,True,,,,,,,,,0.0,False,,,,
PanTS_00001311,cbd,0,False,5.0,0.78125,2207,no_regions,1,2207,0,0,0,0.0,52.044301390835585,,,,,,,,,,,,,,,,,,,,,,,,,
PanTS_00001311,mpd,0,False,5.0,0.78125,302,no_regions,6,111,2,2,0,0.0,2.732050807568877,,,,,,,,,,,,,,,,,,,,,,,,,
PanTS_00001314,cbd,0,False,0.800000011920929,0.6484375,0,no_mask,0,0,0,0,0,0.0,,,,,,,,,,,,,,,,,,,,,,,,,,
PanTS_00001314,mpd,0,False,0.800000011920929,0.6484375,37,orient_ambiguous,3,27,2,0,0,0.0,1.0,False,0.0,,,,,,,,,,,,,,,,,,,,,,,
PanTS_00001317,cbd,0,False,1.0,0.748046875,0,no_mask,0,0,0,0,0,0.0,,,,,,,,,,,,,,,,,,,,,,,,,,
PanTS_00001317,mpd,0,False,1.0,0.748046875,0,no_mask,0,0,0,0,0,0.0,,,,,,,,,,,,,,,,,,,,,,,,,,
PanTS_00001321,cbd,1,False,1.5,1.5,0,no_mask,0,0,0,0,0,0.0,,,,,,,,,,,,,,,,,,,,,,,,,,
PanTS_00001321,mpd,1,False,1.5,1.5,0,no_mask,0,0,0,0,0,0.0,,,,,,,,,,,,,,,,,,,,,,,,,,
PanTS_00001322,cbd,0,False,1.0,0.703125,0,no_mask,0,0,0,0,0,0.0,,,,,,,,,,,,,,,,,,,,,,,,,,
PanTS_00001322,mpd,0,False,1.0,0.703125,129,orient_ambiguous,4,93,2,1,0,0.0,11.974691494688162,False,2.536924435778367,,,,,,,,,,,,,,,,,,,,,,,
PanTS_00001326,cbd,1,False,0.7421879768371582,0.625,1148,orient_ambiguous,1,1148,0,0,0,0.0,19.777810114122516,False,6.787905414422244,,,,,,,,,,,,,,,,,,,,,,,
PanTS_00001326,mpd,1,False,0.7421879768371582,0.625,189,ok,2,162,0,1,0,0.0,14.853006672199012,True,11.089280383192765,15.0,15.0,2.3879250877920883,3.5204724149709268,3.6805705850353854,2.0839049885868706,3.300448385489444,0.4,False,,,,,,,,,0.0,False,,,,
PanTS_00001327,cbd,1,False,0.800000011920929,0.59375,168,orient_ambiguous,2,149,1,0,0,0.0,10.70674230225704,False,6.164419842782369,,,,,,,,,,,,,,,,,,,,,,,
PanTS_00001327,mpd,1,False,0.800000011920929,0.59375,0,no_mask,0,0,0,0,0,0.0,,,,,,,,,,,,,,,,,,,,,,,,,,
PanTS_00001331,cbd,1,True,2.5,0.828125,2589,ok,1,2589,0,0,0,0.0,30.33828804643759,True,24.338764992114836,31.0,31.0,9.044142163078048,10.28738428089474,10.513678738922744,2.195571069720633,10.22099114158003,0.6774193548387096,True,2.2155618613485752,9.0,0.29665484045190893,12.0,9.092330376800913,1.9576030376524365,4.6446241663501215,21.0,1.0,False,9.0,-197.84859569088593,-251.2277104360025,119.80445020154582
PanTS_00001331,mpd,1,False,2.5,0.828125,1826,ok,1,1826,0,0,0,0.0,89.98955563400085,False,65.2851095362914,90.0,90.0,3.6116641961334177,5.20817699378999,5.916760165089479,5.602851984850446,2.588795292372904,0.6222222222222222,True,,,,,,,,,0.0,False,,,,
PanTS_00001333,cbd,0,False,0.9973404407501221,0.8007810115814209,0,no_mask,0,0,0,0,0,0.0,,,,,,,,,,,,,,,,,,,,,,,,,,
PanTS_00001333,mpd,0,False,0.9973404407501221,0.8007810115814209,0,no_mask,0,0,0,0,0,0.0,,,,,,,,,,,,,,,,,,,,,,,,,,
PanTS_00001347,cbd,1,False,2.5,0.8203120231628418,2544,ok,2,2358,0,1,0,0.0,54.21587426608939,True,39.45568043010775,55.0,55.0,4.542256180681159,7.317557192153229,7.900358962283146,3.841194767936666,6.837081144596674,0.0,True,,,,,,,,,0.0,False,,,,
PanTS_00001347,mpd,1,False,2.5,0.8203120231628418,7804,loop_in_skeleton,6,6836,1,0,1,6.4031242374328485,,,,,,,,,,,,,,,,,,,,,,,,,,
PanTS_00001351,cbd,1,False,0.8072992563247681,0.5859375,0,no_mask,0,0,0,0,0,0.0,,,,,,,,,,,,,,,,,,,,,,,,,,
PanTS_00001351,mpd,1,False,0.8072992563247681,0.5859375,30,too_small,1,30,0,0,0,0.0,,,,,,,,,,,,,,,,,,,,,,,,,,
PanTS_00001352,cbd,1,False,0.800000011920929,0.78125,6,too_small,1,6,1,0,0,0.0,,,,,,,,,,,,,,,,,,,,,,,,,,
PanTS_00001352,mpd,1,False,0.800000011920929,0.78125,30,orient_ambiguous,1,30,0,0,0,0.0,1.0,False,0.0,,,,,,,,,,,,,,,,,,,,,,,
PanTS_00001359,cbd,1,False,5.0,0.9765620231628418,1351,ok,3,1095,1,1,0,0.0,24.21733218180745,True,14.646967296890342,25.0,25.0,5.482477141184078,6.779183620807869,7.422606418378329,4.810157881234186,6.632349506449006,0.0,True,,,,,,,,,0.0,False,,,,
PanTS_00001359,mpd,1,False,5.0,0.9765620231628418,0,no_mask,0,0,0,0,0,0.0,,,,,,,,,,,,,,,,,,,,,,,,,,
PanTS_00001361,cbd,1,False,0.800000011920929,0.78125,377,orient_ambiguous,4,221,0,3,0,0.0,11.120955864630135,False,0.6105409093275469,,,,,,,,,,,,,,,,,,,,,,,
PanTS_00001361,mpd,1,False,0.800000011920929,0.78125,0,no_mask,0,0,0,0,0,0.0,,,,,,,,,,,,,,,,,,,,,,,,,,
PanTS_00001372,cbd,0,False,1.5,1.5,1375,orient_ambiguous,2,1190,0,1,0,0.0,35.17011495953579,True,7.382205196648172,,,,,,,,,,,,,,,,,,,,,,,
PanTS_00001372,mpd,0,False,1.5,1.5,56,orient_ambiguous,3,48,2,0,0,0.0,1.4142135623730951,False,0.1712930980432006,,,,,,,,,,,,,,,,,,,,,,,
PanTS_00001387,cbd,1,False,5.0,0.8046879768371582,3313,ok,3,1827,0,2,0,0.0,47.9486540315173,True,31.73299187097766,48.0,48.0,4.5596011457722305,6.335198409455122,7.16471633179008,4.256675042322968,6.396032677569973,0.0,True,,,,,,,,,0.0,False,,,,
PanTS_00001387,mpd,1,False,5.0,0.8046879768371582,72,orient_ambiguous,1,72,0,0,0,0.0,12.38890505706126,True,9.102360662727618,,,,,,,,,,,,,,,,,,,,,,,
PanTS_00001423,cbd,1,False,1.0,1.0,1460,ok,2,1440,0,1,0,0.0,38.752501608810675,True,25.09704011276467,39.0,39.0,4.06046549960331,6.573928068761257,7.242904148323531,4.046747699404279,4.212728303268545,0.0,True,,,,,,,,,0.0,False,,,,
PanTS_00001423,mpd,1,False,1.0,1.0,426,orient_ambiguous,4,369,1,1,1,6.4031242374328485,12.388905057061258,False,3.7328210852855435,,,,,,,,,,,,,,,,,,,,,,,
PanTS_00001436,cbd,1,False,1.25,0.7421879768371582,1441,orient_ambiguous,5,453,1,3,0,0.0,17.949382989376325,False,7.945345740365433,,,,,,,,,,,,,,,,,,,,,,,
PanTS_00001436,mpd,1,False,1.25,0.7421879768371582,244,orient_ambiguous,6,97,2,2,0,0.0,11.485281374238571,False,9.424271383484825,,,,,,,,,,,,,,,,,,,,,,,
PanTS_00001437,cbd,0,False,1.5,1.5,1368,ok,1,1368,0,0,0,0.0,70.06548114993639,True,27.677200252720464,71.0,71.0,3.5127676916383535,6.054444171856699,7.175796106454887,1.7542157154152433,1.9939940051763365,0.0,True,,,,,,,,,0.0,False,,,,
PanTS_00001437,mpd,0,False,1.5,1.5,35,orient_ambiguous,2,27,1,0,0,0.0,1.0,False,0.0,,,,,,,,,,,,,,,,,,,,,,,
PanTS_00001438,cbd,1,False,2.5,0.9765620231628418,2518,ok,2,2510,1,0,0,0.0,85.7325347644848,True,27.82189528507022,86.0,86.0,4.570341677134741,7.1401768305775235,8.20358002367547,1.9325753477622405,5.411190380005452,0.046511627906976744,True,,,,,,,,,0.0,False,,,,
PanTS_00001438,mpd,1,False,2.5,0.9765620231628418,6119,orient_ambiguous,12,2511,2,8,1,6.4031242374328485,42.14140666587193,False,6.834723044580199,,,,,,,,,,,,,,,,,,,,,,,
PanTS_00001442,cbd,0,False,0.800000011920929,0.703125,174,orient_ambiguous,2,148,0,1,0,0.0,8.706742302257041,True,5.3236247032928645,,,,,,,,,,,,,,,,,,,,,,,
PanTS_00001442,mpd,0,False,0.800000011920929,0.703125,0,no_mask,0,0,0,0,0,0.0,,,,,,,,,,,,,,,,,,,,,,,,,,
PanTS_00001450,cbd,1,False,2.5,0.8339840173721313,13417,ok,2,13411,1,0,0,0.0,114.72767706041478,True,51.348973967892576,115.0,115.0,7.899508747332724,10.848507403989597,13.039930248786655,10.314602895555378,4.346891847696624,0.46956521739130436,True,,,,,,,,,0.0,False,,,,
PanTS_00001450,mpd,1,True,2.5,0.8339840173721313,3703,ok,4,3696,3,0,0,0.0,107.72427727206274,False,52.08595521662167,108.0,108.0,4.552458384936996,7.361489388647096,8.386452471889864,3.406036306408873,2.6188220163435822,0.8425925925925926,True,1.9235013835524295,6.0,0.05569775125849039,8.0,7.2740761909973966,1.917547949349982,3.7934259706325424,86.0,1.0,False,6.0,-265.33607314569326,-273.5326409297106,88.1668070324943
PanTS_00001453,cbd,0,False,0.8984379768371582,0.800000011920929,1592,ok,2,1460,0,0,1,6.164414002968976,66.40899656272221,False,13.213778834743415,67.0,55.0,3.7663239136311732,6.036381327235903,6.6085778816376415,2.5886576800943404,5.61118381926074,0.0,True,,,,,,,,,0.0,False,,,,
PanTS_00001453,mpd,0,False,0.8984379768371582,0.800000011920929,0,no_mask,0,0,0,0,0,0.0,,,,,,,,,,,,,,,,,,,,,,,,,,
PanTS_00001471,cbd,1,False,5.0,0.7226560115814209,744,ok,5,270,1,0,2,7.211102550927978,70.50838016594693,False,19.55058232882893,71.0,48.0,2.7190442321286676,3.9345062475080295,4.912920218531614,3.0823166004938147,4.38706809550656,0.0,True,,,,,,,,,0.0,False,,,,
PanTS_00001471,mpd,1,False,5.0,0.7226560115814209,491,orient_ambiguous,3,377,0,1,0,0.0,45.04503034869462,True,18.933350291651585,,,,,,,,,,,,,,,,,,,,,,,
PanTS_00001472,cbd,1,False,0.8691409826278687,0.800000011920929,0,no_mask,0,0,0,0,0,0.0,,,,,,,,,,,,,,,,,,,,,,,,,,
PanTS_00001472,mpd,1,False,0.8691409826278687,0.800000011920929,0,no_mask,0,0,0,0,0,0.0,,,,,,,,,,,,,,,,,,,,,,,,,,
PanTS_00001477,cbd,1,False,0.800000011920929,0.703125,0,no_mask,0,0,0,0,0,0.0,,,,,,,,,,,,,,,,,,,,,,,,,,
PanTS_00001477,mpd,1,False,0.800000011920929,0.703125,0,no_mask,0,0,0,0,0,0.0,,,,,,,,,,,,,,,,,,,,,,,,,,
PanTS_00001488,cbd,1,False,2.5,0.9472659826278687,3992,ok,1,3992,0,0,0,0.0,75.72573518778077,True,45.73508586718016,76.0,76.0,6.759279824092609,8.956433946565024,9.497342976592504,3.04550964701786,8.756733207647525,0.3026315789473684,True,,,,,,,,,0.0,False,,,,
PanTS_00001488,mpd,1,False,2.5,0.9472659826278687,1195,ok,7,649,3,3,0,0.0,36.55902001659704,False,21.35986539798914,37.0,37.0,3.526562514672494,3.879337385312935,4.103354665520979,3.5573549570845984,3.5881436318363997,0.7297297297297297,True,,,,,,,,,0.0,False,,,,
PanTS_00001500,cbd,1,False,2.5,0.796875,3748,ok,2,3324,0,0,1,7.280109889280518,86.93477726519583,True,55.393405588089884,87.0,73.0,6.403095007298882,8.184851612207188,8.462686008488868,4.634046841928413,3.223740537704554,0.1780821917808219,True,,,,,,,,,0.0,False,,,,
PanTS_00001500,mpd,1,False,2.5,0.796875,2316,ok,2,2014,0,1,0,0.0,153.10832462505397,False,75.27631734237772,154.0,154.0,2.9669594014332477,4.485914538375401,5.274710112117384,1.593197649108519,1.9420685130871647,0.43506493506493504,True,,,,,,,,,0.0,False,,,,
PanTS_00001502,cbd,1,False,0.800000011920929,0.7109375,804,orient_ambiguous,1,804,0,0,0,0.0,15.681433796945203,False,5.723393218205999,,,,,,,,,,,,,,,,,,,,,,,
PanTS_00001502,mpd,1,False,0.800000011920929,0.7109375,0,no_mask,0,0,0,0,0,0.0,,,,,,,,,,,,,,,,,,,,,,,,,,
PanTS_00001515,cbd,1,False,2.5,0.923828125,519,orient_ambiguous,2,290,0,1,0,0.0,12.70674230225704,False,7.3257293186223045,,,,,,,,,,,,,,,,,,,,,,,
PanTS_00001515,mpd,1,False,2.5,0.923828125,89,orient_ambiguous,2,87,1,0,0,0.0,11.610365985079726,False,0.29115764935841426,,,,,,,,,,,,,,,,,,,,,,,
PanTS_00001517,cbd,1,False,2.5,0.9765625,2036,ok,3,1967,1,1,0,0.0,63.92261656834643,False,35.49778454037222,64.0,64.0,4.600720973477689,5.953392382490227,7.027151449823975,5.930702340335434,3.7528854099011726,0.0,True,,,,,,,,,0.0,False,,,,
PanTS_00001517,mpd,1,False,2.5,0.9765625,34,too_small,3,17,3,0,0,0.0,,,,,,,,,,,,,,,,,,,,,,,,,,
PanTS_00001519,cbd,1,False,1.25,0.68359375,1466,ok,1,1466,0,0,0,0.0,50.58019977569783,False,23.066791917978694,51.0,51.0,4.593918208440323,5.435614489090243,6.022846555641978,3.6084514574823343,4.635415856828292,0.0,True,,,,,,,,,0.0,False,,,,
PanTS_00001519,mpd,1,False,1.25,0.68359375,365,orient_ambiguous,5,237,1,3,0,0.0,40.38404735299122,False,4.722973540018115,,,,,,,,,,,,,,,,,,,,,,,
PanTS_00001524,cbd,0,False,0.896484375,0.5,6960,loop_in_skeleton,1,6960,0,0,0,0.0,,,,,,,,,,,,,,,,,,,,,,,,,,
PanTS_00001524,mpd,0,False,0.896484375,0.5,1845,ok,7,918,1,4,1,4.898979485566356,62.38331839513217,False,49.48118901198587,63.0,63.0,3.1531094738137826,3.8046374206327203,3.9363004547975264,2.3243645930005745,3.3770601653472894,0.4444444444444444,True,,,,,,,,,0.0,False,,,,
PanTS_00001536,cbd,1,False,0.800000011920929,0.78125,181,orient_ambiguous,1,181,0,0,0,0.0,1.0,False,0.0,,,,,,,,,,,,,,,,,,,,,,,
PanTS_00001536,mpd,1,False,0.800000011920929,0.78125,93,orient_ambiguous,5,69,4,0,0,0.0,1.4142135623730951,True,0.7992633089627077,,,,,,,,,,,,,,,,,,,,,,,
PanTS_00001541,cbd,1,False,2.5,0.703125,1759,ok,1,1759,0,0,0,0.0,56.8768572617928,True,30.750703724709787,57.0,57.0,4.5479822247485036,5.729737763063107,6.518402009801062,3.3387188718031036,4.960505353602983,0.0,True,,,,,,,,,0.0,False,,,,
PanTS_00001541,mpd,1,False,2.5,0.703125,0,no_mask,0,0,0,0,0,0.0,,,,,,,,,,,,,,,,,,,,,,,,,,
PanTS_00001542,cbd,1,False,2.5,0.9375,345,orient_ambiguous,2,333,1,0,0,0.0,7.242640687119285,True,5.9782432795963345,,,,,,,,,,,,,,,,,,,,,,,
PanTS_00001542,mpd,1,True,2.5,0.9375,3202,ok,5,1807,1,3,0,0.0,41.680704839086175,False,19.046988149565024,42.0,42.0,3.9924699311688885,5.4139487265853665,5.762006006463752,4.076900090995814,4.109984958661044,0.6666666666666666,True,1.4159055525385544,22.0,0.5278221681935055,5.0,5.112189490466124,1.9159179259382453,2.6682716525879524,19.0,1.0,False,19.680704839086175,-281.87838242707596,-279.2463049614383,148.88052819664037
PanTS_00001560,cbd,0,False,1.5,1.5,0,no_mask,0,0,0,0,0,0.0,,,,,,,,,,,,,,,,,,,,,,,,,,
PanTS_00001560,mpd,0,False,1.5,1.5,0,no_mask,0,0,0,0,0,0.0,,,,,,,,,,,,,,,,,,,,,,,,,,
PanTS_00001568,cbd,1,False,5.0,0.8203120231628418,1815,ok,1,1815,0,0,0,0.0,84.75104369309261,True,27.45600941499651,85.0,85.0,4.179040668633675,5.256527702571521,5.753121745625069,2.578413263801041,4.350847693857196,0.0,True,,,,,,,,,0.0,False,,,,
PanTS_00001568,mpd,1,False,5.0,0.8203120231628418,596,ok,3,538,1,1,0,0.0,46.21587426608941,False,20.236784507278493,47.0,47.0,2.253235981667689,3.946123529149818,4.225205938426674,2.0297229089232696,2.8688928290361777,0.2978723404255319,True,,,,,,,,,0.0,False,,,,
PanTS_00001582,cbd,1,False,2.5,0.8164060115814209,995,ok,2,956,0,1,0,0.0,40.96983379061812,True,20.25002088746316,41.0,41.0,3.7872649390495496,5.513301977097437,5.929894233547387,2.5789669317656685,3.443168004707739,0.0,True,,,,,,,,,0.0,False,,,,
PanTS_00001582,mpd,1,False,2.5,0.8164060115814209,378,orient_ambiguous,1,378,0,0,0,0.0,10.120955864630135,False,7.986275458910377,,,,,,,,,,,,,,,,,,,,,,,
PanTS_00001583,cbd,1,False,1.25,0.7851560115814209,155,orient_ambiguous,3,113,1,1,0,0.0,3.732050807568877,False,2.370505023585679,,,,,,,,,,,,,,,,,,,,,,,
PanTS_00001583,mpd,1,False,1.25,0.7851560115814209,527,ok,2,479,0,1,0,0.0,33.21660322394844,True,20.889754689277524,34.0,34.0,2.097077025085334,4.0401625609404785,4.79837576464006,1.9739997615615028,2.072669378106176,0.17647058823529413,True,,,,,,,,,0.0,False,,,,
PanTS_00001592,cbd,1,True,3.75,0.921875,24511,ok,2,23869,0,1,0,0.0,75.92528739883943,False,45.933300835715215,76.0,76.0,17.79992314880983,18.498460478123086,19.2338660174026,8.995751987027461,16.310137722671335,0.9473684210526315,True,1.6598435451076268,5.0,0.06585421236188074,8.0,14.867478565403822,4.7051624871110365,3.1598225579096706,70.0,1.0,False,5.0,81.59504175370577,192.28592736419748,-148.70663320151755
PanTS_00001592,mpd,1,False,3.75,0.921875,50,too_small,4,23,3,0,0,0.0,,,,,,,,,,,,,,,,,,,,,,,,,,
PanTS_00001601,cbd,1,False,2.5,0.7773439884185791,20456,ok,1,20456,0,0,0,0.0,98.16719912809971,True,58.43992725017359,99.0,99.0,14.018526436040172,16.334907592418883,16.71785182930073,16.115942996257502,3.593842286126818,0.7878787878787878,True,,,,,,,,,0.0,False,,,,
PanTS_00001601,mpd,1,False,2.5,0.7773439884185791,1193,ok,7,1107,5,1,0,0.0,86.57874185997979,False,55.08101224834754,87.0,87.0,3.344531280775062,4.02178193253467,4.782338305429584,3.6998611122122487,1.891487712309484,0.5747126436781609,True,,,,,,,,,0.0,False,,,,
PanTS_00001612,cbd,1,False,2.5,0.8125,2175,ok,2,2131,0,1,0,0.0,70.72573518778077,False,54.77073386579453,71.0,71.0,5.249449294848145,5.646461837974676,5.958078819857208,2.5316178758334575,4.520868692606214,0.0,True,,,,,,,,,0.0,False,,,,
PanTS_00001612,mpd,1,False,2.5,0.8125,26,orient_ambiguous,3,20,2,0,0,0.0,5.732050807568877,True,4.1243786099578745,,,,,,,,,,,,,,,,,,,,,,,
PanTS_00001618,cbd,1,False,2.5,0.7402340173721313,6005,ok,3,5484,0,2,0,0.0,26.92407448406449,True,21.661378880438313,27.0,27.0,12.570404205059548,13.193758443681444,13.43539582048326,12.86460267530934,10.642721396706492,1.0,True,,,,,,,,,0.0,False,,,,
PanTS_00001618,mpd,1,False,2.5,0.7402340173721313,1953,ok,6,1775,2,2,1,6.324555320336759,82.73585305127376,False,39.94917286916089,83.0,71.0,4.223524959099843,5.787065637721131,6.898616134897992,3.8356441122840454,,0.9014084507042254,True,,,,,,,,,0.0,False,,,,
PanTS_00001645,cbd,1,False,0.800000011920929,0.78125,6,too_small,1,6,1,0,0,0.0,,,,,,,,,,,,,,,,,,,,,,,,,,
PanTS_00001645,mpd,1,False,0.800000011920929,0.78125,15,too_small,1,15,1,0,0,0.0,,,,,,,,,,,,,,,,,,,,,,,,,,
PanTS_00001649,cbd,1,False,1.0,1.0,2373,ok,2,2277,0,1,0,0.0,60.55149148203398,False,34.86761869694327,61.0,61.0,5.638816493109228,6.6746508369502,7.8152837696885635,3.436318377063949,4.6426490017208755,0.0,True,,,,,,,,,0.0,False,,,,
PanTS_00001649,mpd,1,False,1.0,1.0,411,ok,6,210,2,3,0,0.0,23.363596551749424,True,14.404030650935958,24.0,24.0,2.3394672273667707,3.543204308191285,3.9864061729033295,3.3866342982077366,1.6504853356898552,0.25,True,,,,,,,,,0.0,False,,,,
PanTS_00001650,cbd,1,False,5.0,0.703125,550,orient_ambiguous,4,243,1,0,2,5.916079783099616,51.37158344424058,False,7.082730940244556,,,,,,,,,,,,,,,,,,,,,,,
PanTS_00001650,mpd,1,False,5.0,0.703125,263,orient_ambiguous,2,244,1,0,0,0.0,22.827698166887178,False,15.514202215841927,,,,,,,,,,,,,,,,,,,,,,,
PanTS_00001655,cbd,1,False,1.25,0.8710939884185791,1390,ok,1,1390,0,0,0,0.0,66.55829105873799,False,35.76617421774153,67.0,67.0,3.785445353263487,5.454844383652926,5.814954070436775,1.865817197207436,2.0803642971306697,0.0,True,,,,,,,,,0.0,False,,,,
PanTS_00001655,mpd,1,False,1.25,0.8710939884185791,79,orient_ambiguous,2,78,1,0,0,0.0,2.414213562373095,True,1.503869392983077,,,,,,,,,,,,,,,,,,,,,,,
PanTS_00001660,cbd,0,False,1.25,0.7910159826278687,1577,ok,1,1577,0,0,0,0.0,55.458514953208685,False,35.27599214614297,56.0,56.0,4.35964760682232,5.492200876910285,6.4000892083721865,4.839249743890372,4.333223668953967,0.0,True,,,,,,,,,0.0,False,,,,
PanTS_00001660,mpd,0,False,1.25,0.7910159826278687,8,too_small,1,8,1,0,0,0.0,,,,,,,,,,,,,,,,,,,,,,,,,,
PanTS_00001669,cbd,1,False,1.5,1.5,11977,ok,1,11977,0,0,0,0.0,46.94792507365828,True,36.38131072295428,47.0,47.0,15.49268263203586,16.315361275266348,17.096272372918683,16.288367070123115,12.694944841991095,1.0,True,,,,,,,,,0.0,False,,,,
PanTS_00001669,mpd,1,False,1.5,1.5,225,orient_ambiguous,1,225,0,0,0,0.0,7.560477932315067,False,4.387974834005547,,,,,,,,,,,,,,,,,,,,,,,
PanTS_00001670,cbd,1,False,0.800000011920929,0.703125,585,orient_ambiguous,5,247,1,3,0,0.0,16.535169427003233,True,3.791150793901135,,,,,,,,,,,,,,,,,,,,,,,
PanTS_00001670,mpd,1,False,0.800000011920929,0.703125,58,orient_ambiguous,3,42,2,0,0,0.0,3.414213562373095,True,2.024034196962262,,,,,,,,,,,,,,,,,,,,,,,
PanTS_00001672,cbd,1,False,0.800000011920929,0.7226560115814209,1719,orient_ambiguous,2,1695,0,1,0,0.0,22.0956473593183,False,4.8219716307698235,,,,,,,,,,,,,,,,,,,,,,,
PanTS_00001672,mpd,1,False,0.800000011920929,0.7226560115814209,0,no_mask,0,0,0,0,0,0.0,,,,,,,,,,,,,,,,,,,,,,,,,,
PanTS_00001678,cbd,1,False,1.5,1.5,610,ok,2,588,0,1,0,0.0,33.2630914883611,True,17.46690208969966,34.0,34.0,3.3862716888382653,4.4136910271246705,5.223547546395223,2.7641662354327092,4.211312617212578,0.0,True,,,,,,,,,0.0,False,,,,
PanTS_00001678,mpd,1,False,1.5,1.5,139,orient_ambiguous,5,92,3,1,0,0.0,9.610365985079726,True,4.78824447496181,,,,,,,,,,,,,,,,,,,,,,,
PanTS_00001683,cbd,1,False,2.5,0.7421879768371582,977,ok,1,977,0,0,0,0.0,43.48382345852053,True,31.299051562145937,44.0,44.0,4.371966864275357,4.871726250455238,5.754486018807598,4.421594305063233,2.9654166045499544,0.0,True,,,,,,,,,0.0,False,,,,
PanTS_00001683,mpd,1,False,2.5,0.7421879768371582,1663,loop_in_skeleton,1,1663,0,0,0,0.0,,,,,,,,,,,,,,,,,,,,,,,,,,
PanTS_00001684,cbd,0,False,5.0,0.7988280057907104,1867,ok,1,1867,0,0,0,0.0,73.43320644789685,True,32.289659176268316,74.0,74.0,4.327394580017099,5.745949679878158,6.0552130221892195,2.5226217111480778,3.1293007443985728,0.0,True,,,,,,,,,0.0,False,,,,
PanTS_00001684,mpd,0,False,5.0,0.7988280057907104,117,orient_ambiguous,2,104,1,0,0,0.0,23.94938298937633,True,8.474060285019254,,,,,,,,,,,,,,,,,,,,,,,
PanTS_00001693,cbd,0,False,0.7999982237815857,0.7020000219345093,27,orient_ambiguous,1,27,0,0,0,0.0,4.82842712474619,True,3.3548097885064614,,,,,,,,,,,,,,,,,,,,,,,
PanTS_00001693,mpd,0,False,0.7999982237815857,0.7020000219345093,14,too_small,1,14,1,0,0,0.0,,,,,,,,,,,,,,,,,,,,,,,,,,
PanTS_00001727,cbd,1,False,3.0,0.75,7668,ok,1,7668,0,0,0,0.0,40.19129471863659,True,28.71630864038005,41.0,41.0,11.042657694361,12.885535947463438,13.626748873025296,12.16310859254624,9.838029797010378,1.0,True,,,,,,,,,0.0,False,,,,
PanTS_00001727,mpd,1,True,3.0,0.75,2221,ok,2,2186,0,1,0,0.0,104.25337608022093,False,44.00015750474583,105.0,105.0,3.822363242396639,5.463466218310334,6.2848377440494625,4.321689427753469,2.523418681365875,0.7238095238095238,True,1.222915122334999,30.0,0.2877604652046528,5.0,6.094707220484117,2.611071194940839,2.3341788735186935,39.0,1.0,False,30.0,-3.3695339809016787,119.95857417929031,1510.5234115369738
PanTS_00001732,cbd,1,False,2.5,0.7636719942092896,494,orient_ambiguous,2,436,0,1,0,0.0,14.803118619434354,True,4.713174525024261,,,,,,,,,,,,,,,,,,,,,,,
PanTS_00001732,mpd,1,False,2.5,0.7636719942092896,409,orient_ambiguous,3,314,1,1,0,0.0,40.58432852190887,True,12.222666074907647,,,,,,,,,,,,,,,,,,,,,,,
PanTS_00001736,cbd,1,False,1.0,1.0,1383,ok,2,1275,0,1,0,0.0,45.43393540575587,False,31.145104958785325,46.0,46.0,4.324317714151107,6.399236835929066,7.2404484609646165,5.035818817681452,1.9905559938402855,0.0,True,,,,,,,,,0.0,False,,,,
PanTS_00001736,mpd,1,False,1.0,1.0,0,no_mask,0,0,0,0,0,0.0,,,,,,,,,,,,,,,,,,,,,,,,,,
PanTS_00001749,cbd,1,False,3.75,0.9765620231628418,3470,orient_ambiguous,6,2090,2,3,0,0.0,30.484552416379564,True,1.7277607103754988,,,,,,,,,,,,,,,,,,,,,,,
PanTS_00001749,mpd,1,False,3.75,0.9765620231628418,40,too_small,1,40,0,0,0,0.0,,,,,,,,,,,,,,,,,,,,,,,,,,
PanTS_00001751,cbd,1,False,1.5000000973678373,1.4999999126781198,1267,ok,2,1076,0,1,0,0.0,37.40935585830306,True,29.01091370478185,38.0,38.0,3.877710495019034,5.938829299168854,6.914899475076217,2.7218316615244955,4.093639372231806,0.0,True,,,,,,,,,0.0,False,,,,
PanTS_00001751,mpd,1,False,1.5000000973678373,1.4999999126781198,1092,orient_ambiguous,2,1046,0,1,0,0.0,7.5604779323150675,True,2.9601981061109974,,,,,,,,,,,,,,,,,,,,,,,
PanTS_00001755,cbd,0,False,0.8917197585105896,0.6259999871253967,652,ok,1,652,0,0,0,0.0,31.848877925988,False,17.245193782656507,32.0,32.0,3.8983339460242385,4.4721359549995805,5.107750127569077,3.263330791442236,3.9846272229890785,0.0,True,,,,,,,,,0.0,False,,,,
PanTS_00001755,mpd,0,False,0.8917197585105896,0.6259999871253967,0,no_mask,0,0,0,0,0,0.0,,,,,,,,,,,,,,,,,,,,,,,,,,
PanTS_00001771,cbd,1,False,5.0,0.9765625,1700,ok,2,1687,1,0,0,0.0,48.33755908857855,False,29.23801537223757,49.0,49.0,4.796088844088285,6.367364394520894,6.844494959013636,3.8149738414789645,6.267032574729107,0.0,True,,,,,,,,,0.0,False,,,,
PanTS_00001771,mpd,1,False,5.0,0.9765625,0,no_mask,0,0,0,0,0,0.0,,,,,,,,,,,,,,,,,,,,,,,,,,
PanTS_00001787,cbd,1,False,5.0,0.8886719942092896,1385,ok,1,1385,0,0,0,0.0,67.2370540251902,True,52.91094373557294,68.0,68.0,4.1901344535936795,5.272828996842689,5.865759219667209,1.9266424754511045,3.187252419456419,0.0,True,,,,,,,,,0.0,False,,,,
PanTS_00001787,mpd,1,False,5.0,0.8886719942092896,0,no_mask,0,0,0,0,0,0.0,,,,,,,,,,,,,,,,,,,,,,,,,,
PanTS_00001802,cbd,1,False,0.8984375,0.800000011920929,886,ok,2,513,0,1,0,0.0,33.070338854006465,False,25.889233237501884,34.0,34.0,3.391534730676602,4.213605158544909,4.446632344942477,2.245286565952631,4.103003170677712,0.0,True,,,,,,,,,0.0,False,,,,
PanTS_00001802,mpd,1,False,0.8984375,0.800000011920929,0,no_mask,0,0,0,0,0,0.0,,,,,,,,,,,,,,,,,,,,,,,,,,
PanTS_00001816,cbd,1,False,2.5,0.802734375,453,ok,5,400,3,1,0,0.0,30.609637027220717,False,16.036363280062393,31.0,31.0,3.2509059701891303,4.20653580554611,4.471379863093866,2.0,3.1976384018932,0.0,True,,,,,,,,,0.0,False,,,,
PanTS_00001816,mpd,1,False,2.5,0.802734375,136,orient_ambiguous,3,122,2,0,0,0.0,15.902894724963673,False,13.656751055847142,,,,,,,,,,,,,,,,,,,,,,,
PanTS_00001823,cbd,1,False,1.5,1.5,742,ok,1,742,0,0,0,0.0,50.43393540575586,False,15.926377837725038,51.0,51.0,3.068071193356954,4.293019679067803,4.554463129313223,2.153654146941654,2.1741509843402875,0.0,True,,,,,,,,,0.0,False,,,,
PanTS_00001823,mpd,1,False,1.5,1.5,0,no_mask,0,0,0,0,0,0.0,,,,,,,,,,,,,,,,,,,,,,,,,,
PanTS_00001826,cbd,1,False,0.77734375,0.699999988079071,569,orient_ambiguous,2,530,0,1,0,0.0,46.17011495953577,True,8.263744266637254,,,,,,,,,,,,,,,,,,,,,,,
PanTS_00001826,mpd,1,False,0.77734375,0.699999988079071,1644,ok,10,880,6,2,1,6.4031242374328485,72.01899288552374,True,43.886317888564186,73.0,73.0,2.878518109364886,3.8158687414331256,4.516590009739202,2.6319946687236113,2.186505591689756,0.3972602739726027,True,,,,,,,,,0.0,False,,,,
PanTS_00001829,cbd,1,False,0.9765620231628418,0.800000011920929,1649,ok,1,1649,0,0,0,0.0,31.902165767104666,False,19.558567094153442,32.0,32.0,5.803187499228668,6.548271955920287,6.784655357032653,4.915415113694329,6.499577048802511,0.0,True,,,,,,,,,0.0,False,,,,
PanTS_00001829,mpd,1,False,0.9765620231628418,0.800000011920929,225,orient_ambiguous,3,173,1,0,1,5.830951894845301,11.65937901959149,True,8.031941746745261,,,,,,,,,,,,,,,,,,,,,,,
PanTS_00001840,cbd,1,False,3.0,0.767578125,4005,no_regions,3,3896,0,2,0,0.0,69.62595908225146,,,,,,,,,,,,,,,,,,,,,,,,,
PanTS_00001840,mpd,1,False,3.0,0.767578125,318,no_regions,4,156,0,3,0,0.0,24.65612529163337,,,,,,,,,,,,,,,,,,,,,,,,,
PanTS_00001850,cbd,1,False,1.25,0.9765620231628418,2384,ok,5,2175,2,1,0,0.0,18.0956473593183,False,12.177081137982057,19.0,19.0,4.790629824818242,9.499390197333753,9.749630564109895,3.1157259788997034,8.346724785948064,0.3157894736842105,False,,,,,,,,,0.0,False,,,,
PanTS_00001850,mpd,1,False,1.25,0.9765620231628418,163,orient_ambiguous,2,106,0,1,0,0.0,3.82842712474619,True,1.4941074019939293,,,,,,,,,,,,,,,,,,,,,,,
PanTS_00001856,cbd,1,False,2.5,0.7773439884185791,1116,orient_ambiguous,2,576,0,1,0,0.0,40.876857261792814,False,6.576384924606142,,,,,,,,,,,,,,,,,,,,,,,
PanTS_00001856,mpd,1,False,2.5,0.7773439884185791,4772,ok,6,4441,2,3,0,0.0,123.21295843465332,False,55.892260133916864,124.0,124.0,5.589300006684141,6.688622049737164,7.839353616670862,7.327695295155067,3.9019761149657777,1.0,True,,,,,,,,,0.0,False,,,,
PanTS_00001870,cbd,1,False,2.5,0.947265625,1759,ok,1,1759,0,0,0,0.0,32.94865403151732,False,21.90764960238953,33.0,33.0,4.321268669981288,7.254157593563333,7.9776370742980856,2.5958346985528657,4.117894968677612,0.0,True,,,,,,,,,0.0,False,,,,
PanTS_00001870,mpd,1,False,2.5,0.947265625,0,no_mask,0,0,0,0,0,0.0,,,,,,,,,,,,,,,,,,,,,,,,,,
PanTS_00001873,cbd,1,False,5.0,0.7421875,1580,ok,1,1580,0,0,0,0.0,33.29179978202494,False,16.176188965411413,34.0,34.0,5.758389827739212,7.119999940097669,7.559617318753215,2.8523818946648483,6.914029113040385,0.0,True,,,,,,,,,0.0,False,,,,
PanTS_00001873,mpd,1,False,5.0,0.7421875,101,orient_ambiguous,2,96,1,0,0,0.0,5.878315177510849,False,3.4656228731014567,,,,,,,,,,,,,,,,,,,,,,,
PanTS_00001874,cbd,1,False,0.78515625,0.699999988079071,11659,orient_ambiguous,2,6502,0,1,0,0.0,22.72792206135786,False,6.859262302698625,,,,,,,,,,,,,,,,,,,,,,,
PanTS_00001874,mpd,1,False,0.78515625,0.699999988079071,1008,ok,3,627,0,2,0,0.0,37.80238966157533,True,12.391553350619951,38.0,38.0,3.1933182309451116,4.274385694125877,4.592619418172378,2.8298379559437334,3.2645541308657586,0.5,True,,,,,,,,,0.0,False,,,,
PanTS_00001876,cbd,1,False,0.7226560115814209,0.625,2064,ok,1,2064,0,0,0,0.0,37.438064151966906,False,19.50050289635265,38.0,38.0,6.723576774544691,9.097698125873189,9.578642191822443,2.75730189664349,7.775716328644468,0.3684210526315789,True,,,,,,,,,0.0,False,,,,
PanTS_00001876,mpd,1,False,0.7226560115814209,0.625,0,no_mask,0,0,0,0,0,0.0,,,,,,,,,,,,,,,,,,,,,,,,,,
PanTS_00001878,cbd,1,False,5.0,0.8349999785423279,0,no_mask,0,0,0,0,0,0.0,,,,,,,,,,,,,,,,,,,,,,,,,,
PanTS_00001878,mpd,1,False,5.0,0.8349999785423279,0,no_mask,0,0,0,0,0,0.0,,,,,,,,,,,,,,,,,,,,,,,,,,
PanTS_00001890,cbd,0,False,3.75,0.703125,3598,ok,2,3473,0,1,0,0.0,66.92601635669844,True,46.811723379277325,67.0,67.0,6.274931327319359,7.830375839889044,8.339846001605014,4.274887187525722,7.2437271176412645,0.04477611940298507,True,,,,,,,,,0.0,False,,,,
PanTS_00001890,mpd,0,False,3.75,0.703125,394,ok,4,187,1,2,0,0.0,26.87758621965184,False,20.48324051320065,27.0,27.0,2.126375420413849,2.5851922175199697,3.3018345577773283,2.1087396502920956,1.98714299122626,0.037037037037037035,True,,,,,,,,,0.0,False,,,,
PanTS_00001913,cbd,1,False,3.0,0.9160159826278687,845,ok,1,845,0,0,0,0.0,42.19129471863659,True,33.53322513369318,43.0,43.0,3.590560423559395,4.665133478881133,5.6961918156465625,2.934702011774439,3.5787591782380748,0.0,True,,,,,,,,,0.0,False,,,,
PanTS_00001913,mpd,1,False,3.0,0.9160159826278687,8,too_small,1,8,1,0,0,0.0,,,,,,,,,,,,,,,,,,,,,,,,,,
PanTS_00001921,cbd,0,False,0.800000011920929,0.62890625,433,orient_ambiguous,2,385,0,1,0,0.0,16.535169427003233,True,9.591012006577351,,,,,,,,,,,,,,,,,,,,,,,
PanTS_00001921,mpd,0,False,0.800000011920929,0.62890625,0,no_mask,0,0,0,0,0,0.0,,,,,,,,,,,,,,,,,,,,,,,,,,
PanTS_00001922,cbd,1,False,2.5,0.7421879768371582,4422,ok,1,4422,0,0,0,0.0,62.84814896812896,True,21.193172759521957,63.0,63.0,7.838277771762043,10.36550820660391,11.094091115982662,6.553726505668498,10.6136260548735,0.4603174603174603,True,,,,,,,,,0.0,False,,,,
PanTS_00001922,mpd,1,False,2.5,0.7421879768371582,5644,ok,2,5630,1,0,0,0.0,120.86981268414569,False,76.06523519034103,121.0,121.0,5.95060286193911,8.254847532112272,8.984480509383456,7.353689421657898,2.5330814218429247,0.8760330578512396,True,,,,,,,,,0.0,False,,,,
PanTS_00001923,cbd,1,False,2.0,0.732421875,5522,loop_in_skeleton,1,5522,0,0,0,0.0,,,,,,,,,,,,,,,,,,,,,,,,,,
PanTS_00001923,mpd,1,False,2.0,0.732421875,640,ok,5,421,2,1,1,4.358898943540674,58.76825480184372,True,41.67615801312745,59.0,49.0,3.3564610865405644,3.787282560267193,4.1498694676437635,3.501504177508918,3.3819328813535847,0.5918367346938775,True,,,,,,,,,0.0,False,,,,
PanTS_00001941,cbd,1,False,2.5,0.8847659826278687,6820,ok,2,6791,0,1,0,0.0,73.23972485568319,True,56.46545491564518,74.0,74.0,9.105843656667401,10.881120980291406,11.51815844024689,5.811422941092817,9.398987745475605,0.6621621621621622,True,,,,,,,,,0.0,False,,,,
PanTS_00001941,mpd,1,False,2.5,0.8847659826278687,213,ok,6,145,4,0,1,6.48074069840786,25.48001174054885,False,18.91046780908667,26.0,16.0,2.297458092970775,2.6933812278490104,2.7662693707538626,,2.5074731196251085,0.0,True,,,,,,,,,0.0,False,,,,
PanTS_00001946,cbd,1,False,1.25,0.7421879768371582,5237,ok,2,2916,0,1,0,0.0,55.36213863603137,False,14.237095602201563,56.0,56.0,6.568429233011535,7.864105807514177,8.235422521280153,7.180786110454495,2.5872132211415377,0.05357142857142857,True,,,,,,,,,0.0,False,,,,
PanTS_00001946,mpd,1,False,1.25,0.7421879768371582,340,ok,6,235,4,0,1,5.0,38.5310406807922,True,26.81507084908826,39.0,28.0,2.508536099243524,3.237222641611037,3.643650013841405,2.1308155538165683,2.794487604187376,0.10714285714285714,True,,,,,,,,,0.0,False,,,,
PanTS_00001964,cbd,1,False,2.5,0.7792969942092896,4792,ok,1,4792,0,0,0,0.0,76.47969471230951,True,27.05671849148896,77.0,77.0,7.16480884211909,10.348684286493755,11.425121944803221,6.297637111897155,6.515667203963162,0.44155844155844154,True,,,,,,,,,0.0,False,,,,
PanTS_00001964,mpd,1,False,2.5,0.7792969942092896,1278,ok,3,1172,0,1,1,5.744562646538029,105.5878539105969,False,60.26452011813349,106.0,94.0,2.800082649174482,4.647155170637815,5.376616767959648,5.056729171368998,2.1236407431335995,0.3191489361702128,True,,,,,,,,,0.0,False,,,,
PanTS_00001968,cbd,1,False,0.8144530057907104,0.625,1085,ok,2,974,0,1,0,0.0,23.241911729260277,True,15.810123802279264,24.0,24.0,5.240372844482286,5.911089178148568,6.188662035802631,5.1428911801915955,5.00352434925351,0.0,True,,,,,,,,,0.0,False,,,,
PanTS_00001968,mpd,1,False,0.8144530057907104,0.625,443,ok,3,291,1,1,0,0.0,21.14553541208296,False,12.537870787607467,22.0,22.0,2.6292971734379997,3.980932899532492,4.0,2.3805297047131475,3.800511947035569,0.4090909090909091,True,,,,,,,,,0.0,False,,,,
PanTS_00001973,cbd,1,False,1.25,0.7421879768371582,3936,loop_in_skeleton,1,3936,0,0,0,0.0,,,,,,,,,,,,,,,,,,,,,,,,,,
PanTS_00001973,mpd,1,False,1.25,0.7421879768371582,167,ok,5,70,2,0,2,6.6332495807108,24.430941634077392,True,19.07668252670921,25.0,7.0,1.8452793913065764,2.3558000900298905,2.7688954316139998,1.9441817488621427,1.5357527802210413,0.0,True,,,,,,,,,0.0,False,,,,
PanTS_00001996,cbd,1,False,2.5,0.955078125,3696,ok,1,3696,0,0,0,0.0,91.77562324054544,False,44.300561630593876,92.0,92.0,5.247655172801229,7.08391038519149,8.34294478641472,4.693543810171228,5.169015375695557,0.021739130434782608,True,,,,,,,,,0.0,False,,,,
PanTS_00001996,mpd,1,False,2.5,0.955078125,246,orient_ambiguous,4,190,2,0,0,0.0,13.485281374238571,False,8.625256662348079,,,,,,,,,,,,,,,,,,,,,,,
PanTS_00002012,cbd,1,False,2.5,0.6933590173721313,3482,ok,3,2509,0,2,0,0.0,27.609637027220714,True,20.222198100616048,28.0,28.0,8.589819150070372,9.911640891061122,10.380573291254562,5.314786589847861,9.542533893935879,0.6785714285714286,True,,,,,,,,,0.0,False,,,,
PanTS_00002012,mpd,1,False,2.5,0.6933590173721313,4357,ok,2,4300,0,1,0,0.0,136.67293130358004,False,86.53132265715755,137.0,137.0,4.952616263555443,6.242646927009361,6.9789044579564985,6.0491294241739055,2.5270218736948724,0.8832116788321168,True,,,,,,,,,0.0,False,,,,
PanTS_00002014,cbd,1,False,5.0,0.9492189884185791,18058,ok,1,18058,0,0,0,0.0,91.3368301307195,True,60.62486229938389,92.0,92.0,13.962740416653627,15.423488196456292,16.49077720537334,8.103409560619756,12.749385695066195,0.9456521739130435,True,,,,,,,,,0.0,False,,,,
PanTS_00002014,mpd,1,False,5.0,0.9492189884185791,530,ok,4,374,0,2,1,6.4031242374328485,38.03394102375438,False,29.794517992227608,39.0,29.0,2.348392594174072,3.5638159390066417,4.114966278504143,2.2837036722542647,,0.13793103448275862,True,,,,,,,,,0.0,False,,,,
PanTS_00002026,cbd,0,False,3.0,0.9765625,1940,ok,2,1891,0,1,0,0.0,36.826969209028164,False,18.85994981885475,37.0,37.0,6.063599149758581,7.444861481430916,7.746606061998127,3.156581335288389,5.291170666140018,0.0,True,,,,,,,,,0.0,False,,,,
PanTS_00002026,mpd,0,False,3.0,0.9765625,279,orient_ambiguous,3,165,0,2,0,0.0,20.731321849709865,False,12.127222843474852,,,,,,,,,,,,,,,,,,,,,,,
PanTS_00002028,cbd,1,False,2.5,0.9765620231628418,7295,ok,1,7295,0,0,0,0.0,82.16865704381772,True,55.45096469202767,83.0,83.0,8.46126956086864,9.832647097088163,10.32999836581365,5.928391279528743,3.5372427387655754,0.5783132530120482,True,,,,,,,,,0.0,False,,,,
PanTS_00002028,mpd,1,False,2.5,0.9765620231628418,1116,ok,4,819,1,2,0,0.0,108.26090461478402,False,22.26147097331937,109.0,109.0,2.39364520264075,2.9691520609313344,3.837501985260494,2.030348680165979,2.242065823307855,0.07339449541284404,True,,,,,,,,,0.0,False,,,,
PanTS_00002038,cbd,0,False,2.5,0.826171875,851,ok,2,649,0,1,0,0.0,49.75177265095165,True,14.789860990277422,50.0,50.0,2.97644131891827,3.9089517089132,4.226049593212789,2.7003069360950587,3.7417023435662715,0.0,True,,,,,,,,,0.0,False,,,,
PanTS_00002038,mpd,0,False,2.5,0.826171875,288,orient_ambiguous,7,139,2,2,1,6.782329983125268,18.48907228538231,True,3.8486946834320133,,,,,,,,,,,,,,,,,,,,,,,
PanTS_00002071,cbd,1,False,1.25,0.7421879768371582,9822,ok,1,9822,0,0,0,0.0,72.45778599534962,False,33.04980671357785,73.0,73.0,9.765010684411646,11.045785055338685,11.529741781494236,6.51843387459381,7.551317142367904,0.7808219178082192,True,,,,,,,,,0.0,False,,,,
PanTS_00002071,mpd,1,False,1.25,0.7421879768371582,2313,ok,4,1912,1,0,2,7.874007874011811,188.58142969965593,True,76.22782411252075,189.0,164.0,3.4317024974497783,3.9850939411010904,4.578639481930373,2.655428463600725,2.2146269891504646,0.6463414634146342,True,,,,,,,,,0.0,False,,,,
PanTS_00002081,cbd,1,False,5.0,1.296875,222,orient_ambiguous,1,222,0,0,0,0.0,16.21733218180745,False,3.134262538549258,,,,,,,,,,,,,,,,,,,,,,,
PanTS_00002081,mpd,1,False,5.0,1.296875,94,orient_ambiguous,5,37,2,0,0,0.0,2.0,True,0.8267999179683869,,,,,,,,,,,,,,,,,,,,,,,
PanTS_00002091,cbd,1,False,0.800000011920929,0.78125,0,no_mask,0,0,0,0,0,0.0,,,,,,,,,,,,,,,,,,,,,,,,,,
PanTS_00002091,mpd,1,False,0.800000011920929,0.78125,0,no_mask,0,0,0,0,0,0.0,,,,,,,,,,,,,,,,,,,,,,,,,,
PanTS_00002094,cbd,1,False,1.25,0.6796879768371582,9048,ok,1,9048,0,0,0,0.0,60.947925073658276,False,27.287807994539364,61.0,61.0,7.940318181085766,12.860738045507889,13.590908058855893,10.146192390626808,6.820606713830896,0.47540983606557374,True,,,,,,,,,0.0,False,,,,
PanTS_00002094,mpd,1,False,1.25,0.6796879768371582,482,ok,8,142,2,4,1,7.3484692283495345,19.55634918610405,True,16.261548219738643,20.0,20.0,1.7507930209765137,2.0,2.0,1.72757020119914,1.8814374437108645,0.0,False,,,,,,,,,0.0,False,,,,
PanTS_00002095,cbd,1,False,0.80078125,0.800000011920929,328,ok,3,264,1,1,0,0.0,19.73132184970986,False,10.311355857264545,20.0,20.0,2.9112213466908416,3.6442944142171196,3.794503625888349,2.591012762686762,3.08982561122673,0.0,False,,,,,,,,,0.0,False,,,,
PanTS_00002095,mpd,1,False,0.80078125,0.800000011920929,0,no_mask,0,0,0,0,0,0.0,,,,,,,,,,,,,,,,,,,,,,,,,,
PanTS_00002098,cbd,1,False,1.25,0.9003909826278687,1360,orient_ambiguous,2,1094,0,1,0,0.0,51.237782983049236,True,0.6138001629488983,,,,,,,,,,,,,,,,,,,,,,,
PanTS_00002098,mpd,1,False,1.25,0.9003909826278687,401,ok,10,131,4,3,1,7.54983443527075,29.595593741824395,True,18.33458269388971,30.0,17.0,2.0,2.3852055724560364,2.639825142025877,2.3154168809821223,1.983474542663168,0.0,True,,,,,,,,,0.0,False,,,,
PanTS_00002102,cbd,1,False,1.0,1.0,2133,ok,1,2133,0,0,0,0.0,38.509131963832374,False,29.94878228390799,39.0,39.0,7.299334564853835,7.91019814846058,8.112736493226064,4.533567219348523,6.824881235266249,0.02564102564102564,True,,,,,,,,,0.0,False,,,,
PanTS_00002102,mpd,1,False,1.0,1.0,138,orient_ambiguous,4,54,1,2,0,0.0,4.414213562373095,True,1.6970898841255178,,,,,,,,,,,,,,,,,,,,,,,
PanTS_00002107,cbd,1,False,0.800000011920929,0.7109375,802,orient_ambiguous,1,802,0,0,0,0.0,15.681433796945203,False,5.721042486090074,,,,,,,,,,,,,,,,,,,,,,,
PanTS_00002107,mpd,1,False,0.800000011920929,0.7109375,0,no_mask,0,0,0,0,0,0.0,,,,,,,,,,,,,,,,,,,,,,,,,,
PanTS_00002110,cbd,0,False,0.8203125,0.800000011920929,679,ok,1,679,0,0,0,0.0,37.045030348694624,False,25.757503118589508,38.0,38.0,3.1119435738654024,4.109626173750487,5.599840297271079,3.9309985897694606,3.1322714581100985,0.0,True,,,,,,,,,0.0,False,,,,
PanTS_00002110,mpd,0,False,0.8203125,0.800000011920929,86,orient_ambiguous,2,69,1,0,0,0.0,1.0,False,0.0,,,,,,,,,,,,,,,,,,,,,,,
PanTS_00002123,cbd,1,False,0.822265625,0.800000011920929,123,ok,2,105,1,0,0,0.0,13.120955864630133,False,10.071747483468044,14.0,14.0,2.2961907667226806,3.0046709561737717,3.241751086929704,2.5257085815663354,2.1545123289973507,0.0,False,,,,,,,,,0.0,False,,,,
PanTS_00002123,mpd,1,False,0.822265625,0.800000011920929,45,orient_ambiguous,1,45,0,0,0,0.0,1.0,False,0.0,,,,,,,,,,,,,,,,,,,,,,,
PanTS_00002126,cbd,1,False,1.5,1.5,585,orient_ambiguous,3,376,0,1,0,0.0,7.242640687119285,True,3.30615307761175,,,,,,,,,,,,,,,,,,,,,,,
PanTS_00002126,mpd,1,False,1.5,1.5,978,ok,3,900,1,0,1,7.615773105863909,129.9715961221072,False,27.473816787331586,130.0,117.0,2.281232044831975,3.1030063847505853,4.209435399412047,2.39425978927898,2.363707143918263,0.06837606837606838,True,,,,,,,,,0.0,False,,,,
PanTS_00002142,cbd,1,False,0.800000011920929,0.78125,654,ok,2,644,1,0,0,0.0,18.681433796945203,False,15.473110636112747,19.0,19.0,4.586393409485145,5.229220854121619,5.6802152283615035,4.97667037861467,4.065520858321416,0.0,False,,,,,,,,,0.0,False,,,,
PanTS_00002142,mpd,1,False,0.800000011920929,0.78125,69,too_small,1,69,0,0,0,0.0,,,,,,,,,,,,,,,,,,,,,,,,,,
PanTS_00002162,cbd,0,False,1.5,1.5,1348,ok,2,1315,0,1,0,0.0,43.459243911067716,False,23.730045536421237,44.0,44.0,4.631567369973913,5.73564088176534,5.9165683156081,4.5062812469889835,5.441751583043022,0.0,True,,,,,,,,,0.0,False,,,,
PanTS_00002162,mpd,0,False,1.5,1.5,0,no_mask,0,0,0,0,0,0.0,,,,,,,,,,,,,,,,,,,,,,,,,,
PanTS_00002172,cbd,0,False,0.935546875,0.800000011920929,730,ok,1,730,0,0,0,0.0,29.241911729260273,False,16.716219639483352,30.0,30.0,4.199468380954295,5.640257839191989,5.981247056899637,5.471336969944957,3.868326152283313,0.0,True,,,,,,,,,0.0,False,,,,
PanTS_00002172,mpd,0,False,0.935546875,0.800000011920929,0,no_mask,0,0,0,0,0,0.0,,,,,,,,,,,,,,,,,,,,,,,,,,
PanTS_00002177,cbd,1,False,0.800000011920929,0.75,33,orient_ambiguous,1,33,0,0,0,0.0,2.0,False,0.5292265355771271,,,,,,,,,,,,,,,,,,,,,,,
PanTS_00002177,mpd,1,False,0.800000011920929,0.75,44,orient_ambiguous,2,38,1,0,0,0.0,3.414213562373095,True,2.3309486196576117,,,,,,,,,,,,,,,,,,,,,,,
PanTS_00002179,cbd,0,False,1.500000011058771,1.4999999617633524,2066,ok,2,2058,1,0,0,0.0,65.07228072664041,True,38.106217405985724,66.0,66.0,5.180448538164056,6.01026678649005,6.813108690580215,2.4765748473570364,6.08200665383015,0.0,True,,,,,,,,,0.0,False,,,,
PanTS_00002179,mpd,0,False,1.500000011058771,1.4999999617633524,58,orient_ambiguous,4,28,3,0,0,0.0,3.8284271247461903,True,0.12982491871580137,,,,,,,,,,,,,,,,,,,,,,,
PanTS_00002186,cbd,1,False,0.7999999523162842,0.78125,1043,ok,2,690,0,1,0,0.0,26.580928733556874,False,19.003803038377573,27.0,27.0,3.6618337734531394,5.069117003161048,5.9612884254178145,3.1116900515831976,4.530766887365612,0.0,True,,,,,,,,,0.0,False,,,,
PanTS_00002186,mpd,1,False,0.7999999523162842,0.78125,12,too_small,1,12,1,0,0,0.0,,,,,,,,,,,,,,,,,,,,,,,,,,
PanTS_00002187,cbd,1,False,5.0,1.544921875,41,orient_ambiguous,1,41,0,0,0,0.0,2.0,False,0.12906777237270717,,,,,,,,,,,,,,,,,,,,,,,
PanTS_00002187,mpd,1,False,5.0,1.544921875,461,orient_ambiguous,4,334,0,2,0,0.0,6.146264369941973,True,1.8227879448087387,,,,,,,,,,,,,,,,,,,,,,,
PanTS_00002196,cbd,1,False,5.0,0.828125,1424,no_regions,2,1320,0,0,0,0.0,38.72719310349884,,,,,,,,,,,,,,,,,,,,,,,,,
PanTS_00002196,mpd,1,False,5.0,0.828125,67,no_regions,2,66,1,0,0,0.0,13.38890505706126,,,,,,,,,,,,,,,,,,,,,,,,,
PanTS_00002205,cbd,1,False,1.0,1.0,261,orient_ambiguous,1,261,0,0,0,0.0,3.414213562373095,True,0.4953525190482253,,,,,,,,,,,,,,,,,,,,,,,
PanTS_00002205,mpd,1,False,1.0,1.0,75,orient_ambiguous,1,75,0,0,0,0.0,6.5604779323150675,True,2.938971567769215,,,,,,,,,,,,,,,,,,,,,,,
PanTS_00002211,cbd,1,False,0.9765620231628418,0.625,0,no_mask,0,0,0,0,0,0.0,,,,,,,,,,,,,,,,,,,,,,,,,,
PanTS_00002211,mpd,1,False,0.9765620231628418,0.625,81,orient_ambiguous,1,81,0,0,0,0.0,5.82842712474619,False,1.1332908083321627,,,,,,,,,,,,,,,,,,,,,,,
PanTS_00002213,cbd,1,False,2.5168919563293457,0.6582030057907104,400,orient_ambiguous,2,206,0,1,0,0.0,6.974691494688162,False,1.2713278025445724,,,,,,,,,,,,,,,,,,,,,,,
PanTS_00002213,mpd,1,False,2.5168919563293457,0.6582030057907104,74,orient_ambiguous,1,74,0,0,0,0.0,9.388905057061258,True,6.635138477439481,,,,,,,,,,,,,,,,,,,,,,,
PanTS_00002232,cbd,1,False,2.5,0.8203120231628418,860,ok,2,605,0,1,0,0.0,35.241911729260266,True,17.955252159009405,36.0,36.0,3.62482547919408,5.57329798873481,5.88303503737877,3.1720311359866233,2.3192754287737416,0.0,True,,,,,,,,,0.0,False,,,,
PanTS_00002232,mpd,1,False,2.5,0.8203120231628418,1177,ok,6,535,1,2,2,7.3484692283495345,54.564343494438944,False,26.940501322295248,55.0,42.0,2.0,3.8575446195417813,4.074554557404892,2.1518467009927544,1.9999999999999998,0.23809523809523808,True,,,,,,,,,0.0,False,,,,
PanTS_00002235,cbd,1,False,5.0,0.7480469942092896,2888,ok,1,2888,0,0,0,0.0,67.50500321762132,True,48.10613477791958,68.0,68.0,5.9643591388574215,7.338578718285578,8.415374282322398,5.538940502245342,4.414459519525959,0.029411764705882353,True,,,,,,,,,0.0,False,,,,
PanTS_00002235,mpd,1,False,5.0,0.7480469942092896,157,orient_ambiguous,3,115,1,0,1,6.708203932499369,8.70820393249937,False,5.510378227946635,,,,,,,,,,,,,,,,,,,,,,,
PanTS_00002243,cbd,1,False,5.0,0.76171875,2134,ok,2,1956,0,1,0,0.0,52.141406665871926,True,21.304809201567277,53.0,53.0,4.684279799045725,5.802810746392021,6.253739729079411,2.3792809568836066,5.471788271492823,0.0,True,,,,,,,,,0.0,False,,,,
PanTS_00002243,mpd,1,False,5.0,0.76171875,440,ok,5,307,1,3,0,0.0,41.58432852190887,False,29.46290162764774,42.0,42.0,2.1778383627815723,2.812287353273537,4.171273055832435,1.9788572413904473,2.1299092532553496,0.07142857142857142,True,,,,,,,,,0.0,False,,,,
PanTS_00002249,cbd,1,False,2.0,0.78125,1188,ok,2,1174,1,0,0,0.0,25.87758621965184,False,19.711737030981844,26.0,26.0,4.586614867628779,5.6390808627028015,6.144021634429398,5.114520194147007,3.8712695476817083,0.0,True,,,,,,,,,0.0,False,,,,
PanTS_00002249,mpd,1,False,2.0,0.78125,0,no_mask,0,0,0,0,0,0.0,,,,,,,,,,,,,,,,,,,,,,,,,,
PanTS_00002262,cbd,1,False,0.800000011920929,0.765625,0,no_mask,0,0,0,0,0,0.0,,,,,,,,,,,,,,,,,,,,,,,,,,
PanTS_00002262,mpd,1,False,0.800000011920929,0.765625,0,no_mask,0,0,0,0,0,0.0,,,,,,,,,,,,,,,,,,,,,,,,,,
PanTS_00002269,cbd,1,False,1.25,0.7773439884185791,8971,ok,2,8943,0,1,0,0.0,53.53371151128518,False,38.171759187027675,54.0,54.0,11.399199753137594,12.851105626165346,13.18616827613377,9.15390148499402,9.562800732995864,0.8888888888888888,True,,,,,,,,,0.0,False,,,,
PanTS_00002269,mpd,1,False,1.25,0.7773439884185791,2407,ok,4,2342,2,1,0,0.0,82.4536572491386,True,51.57396694173944,83.0,83.0,4.245802509412779,5.446404520046607,6.381080145432519,5.31462829281441,3.7148870646677157,0.9518072289156626,True,,,,,,,,,0.0,False,,,,
PanTS_00002275,cbd,1,False,1.5,0.689453125,794,ok,1,794,0,0,0,0.0,33.995142295929966,False,12.238340141760503,34.0,34.0,3.746832755521497,4.33062437045573,4.901397945907427,3.9002001632414736,3.112016644447201,0.0,True,,,,,,,,,0.0,False,,,,
PanTS_00002275,mpd,1,False,1.5,0.689453125,99,orient_ambiguous,4,53,2,0,1,7.0710678118654755,14.535169427003229,True,6.722415091223191,,,,,,,,,,,,,,,,,,,,,,,
PanTS_00002276,cbd,1,False,1.500000000895422,1.5,1491,ok,2,1464,0,1,0,0.0,50.01972184338277,True,38.41898275970986,51.0,51.0,4.6743759045172295,5.930631052170108,6.148911370019251,3.9027548379668175,5.514999199930228,0.0,True,,,,,,,,,0.0,False,,,,
PanTS_00002276,mpd,1,False,1.500000000895422,1.5,8,too_small,1,8,1,0,0,0.0,,,,,,,,,,,,,,,,,,,,,,,,,,
PanTS_00002279,cbd,1,False,2.5,0.7773439884185791,2231,ok,4,1298,0,3,0,0.0,63.11876899105305,True,32.07273787648014,64.0,64.0,4.011150219536064,5.198418011606879,5.60104045796501,2.6359975344280366,2.883251837971301,0.0,True,,,,,,,,,0.0,False,,,,
PanTS_00002279,mpd,1,False,2.5,0.7773439884185791,5070,ok,3,5033,1,1,0,0.0,147.61964346246342,False,81.14436730295235,148.0,148.0,5.086083883745047,6.760996526717943,7.824968044729922,6.623000613076787,4.04012163823381,0.8918918918918919,True,,,,,,,,,0.0,False,,,,
PanTS_00002281,cbd,0,False,1.0,1.0,3462,ok,2,3459,1,0,0,0.0,65.89730806303459,False,43.07898077036204,66.0,66.0,6.173630589792747,7.915298662240959,8.299444779214943,5.658843149960467,4.1288562050625535,0.06060606060606061,True,,,,,,,,,0.0,False,,,,
PanTS_00002281,mpd,0,False,1.0,1.0,470,ok,4,357,1,2,0,0.0,46.141406665871926,True,16.252480733261827,47.0,47.0,2.3683105151679977,3.385241221456225,3.773461281139252,1.9081995306983184,3.337654255221131,0.1702127659574468,True,,,,,,,,,0.0,False,,,,
PanTS_00002287,cbd,1,False,2.5,0.78515625,1371,ok,2,1350,0,1,0,0.0,18.681433796945203,False,14.440004823627056,19.0,19.0,7.187189662053064,7.843084086193294,7.86354005406532,7.175145000997171,7.3210007797013965,0.0,False,,,,,,,,,0.0,False,,,,
PanTS_00002287,mpd,1,False,2.5,0.78515625,0,no_mask,0,0,0,0,0,0.0,,,,,,,,,,,,,,,,,,,,,,,,,,
PanTS_00002304,cbd,1,False,1.25,0.7421879768371582,2857,ok,1,2857,0,0,0,0.0,53.70115564032797,False,37.98925590039534,54.0,54.0,6.017431451341383,7.109635004745778,7.798664437995132,6.539475536452695,5.38445433408089,0.0,True,,,,,,,,,0.0,False,,,,
PanTS_00002304,mpd,1,False,1.25,0.7421879768371582,4651,ok,1,4651,0,0,0,0.0,169.44734162935055,True,105.1214174232724,170.0,170.0,5.12591651815167,6.100873888196235,7.4790666591619175,3.450784640819249,1.792242305718439,0.8411764705882353,True,,,,,,,,,0.0,False,,,,
PanTS_00002323,cbd,1,False,5.0,0.9414060115814209,649,ok,3,475,1,1,0,0.0,19.606237238868708,True,13.608277894667957,20.0,20.0,3.8668841572061923,4.602795235452176,5.1781991211448375,3.7506621771661193,4.136720165206425,0.0,False,,,,,,,,,0.0,False,,,,
PanTS_00002323,mpd,1,False,5.0,0.9414060115814209,21,too_small,3,19,3,0,0,0.0,,,,,,,,,,,,,,,,,,,,,,,,,,
PanTS_00002329,cbd,1,False,1.25,0.6953120231628418,1717,ok,1,1717,0,0,0,0.0,45.58432852190887,True,16.640951306999803,46.0,46.0,4.6420106449779,7.013164910017063,7.792350921748292,3.1634185756766735,5.247825108749626,0.0,True,,,,,,,,,0.0,False,,,,
PanTS_00002329,mpd,1,False,1.25,0.6953120231628418,0,no_mask,0,0,0,0,0,0.0,,,,,,,,,,,,,,,,,,,,,,,,,,
PanTS_00002340,cbd,1,False,1.0,0.9765625,2494,ok,2,2418,0,0,0,0.0,35.31637932947776,False,21.11388836342803,36.0,36.0,6.719106506246932,7.914799137014769,8.32808371802061,5.960059431368917,7.019254182404795,0.05555555555555555,True,,,,,,,,,0.0,False,,,,
PanTS_00002340,mpd,1,False,1.0,0.9765625,60,orient_ambiguous,1,60,0,0,0,0.0,2.8284271247461903,True,0.7462542686145142,,,,,,,,,,,,,,,,,,,,,,,
PanTS_00002345,cbd,1,False,5.0,0.9765620231628418,2184,ok,1,2184,0,0,0,0.0,54.23778298304923,True,42.70661526888966,55.0,55.0,5.167134847770642,6.201775108229727,6.7432364094957675,3.889871109934645,6.419398146714494,0.0,True,,,,,,,,,0.0,False,,,,
PanTS_00002345,mpd,1,False,5.0,0.9765620231628418,197,orient_ambiguous,3,137,1,1,0,0.0,9.803118619434352,True,0.5709211427482863,,,,,,,,,,,,,,,,,,,,,,,
PanTS_00002353,cbd,1,False,1.5,1.5,558,orient_ambiguous,2,550,1,0,0,0.0,23.192023676495612,False,2.4564537314552766,,,,,,,,,,,,,,,,,,,,,,,
PanTS_00002353,mpd,1,False,1.5,1.5,421,ok,7,275,3,2,1,7.810249675906654,29.809520718047644,False,17.75261873708474,30.0,16.0,2.8184519409955016,3.8592180311826487,3.974294520127697,1.6433701326874084,2.3649398923128424,0.4375,True,,,,,,,,,0.0,False,,,,
PanTS_00002362,cbd,1,False,0.800000011920929,0.6620000004768372,886,orient_ambiguous,1,886,0,0,0,0.0,20.99927104214099,False,7.956898009231367,,,,,,,,,,,,,,,,,,,,,,,
PanTS_00002362,mpd,1,False,0.800000011920929,0.6620000004768372,0,no_mask,0,0,0,0,0,0.0,,,,,,,,,,,,,,,,,,,,,,,,,,
PanTS_00002375,cbd,0,False,1.25,0.953125,3606,loop_in_skeleton,1,3606,0,0,0,0.0,,,,,,,,,,,,,,,,,,,,,,,,,,
PanTS_00002375,mpd,0,False,1.25,0.953125,30,orient_ambiguous,1,30,0,0,0,0.0,2.414213562373095,True,1.5485448573466023,,,,,,,,,,,,,,,,,,,,,,,
PanTS_00002388,cbd,1,False,1.25,0.7636719942092896,15585,ok,1,15585,0,0,0,0.0,70.57947081783881,False,52.88825545642548,71.0,71.0,12.664734515645534,14.677473017338942,16.554946545564718,9.773426189079142,11.282858050610571,1.0,True,,,,,,,,,0.0,False,,,,
PanTS_00002388,mpd,1,True,1.25,0.7636719942092896,1555,ok,2,1535,0,0,1,5.0990195135927845,103.43439172859426,True,70.49726928859604,104.0,94.0,3.83976999829313,4.285133803984903,5.4242501933252365,2.6534755990483045,,0.7021276595744681,True,1.2475077683880695,35.0,0.3383787482584896,5.0,4.748618211788525,2.0,2.3743091058942625,31.0,1.0,False,35.0,-16.24537717312245,90.78857626449432,-23.468494544364376
PanTS_00002396,cbd,1,False,2.5902366638183594,0.7871090173721313,9825,loop_in_skeleton,1,9825,0,0,0,0.0,,,,,,,,,,,,,,,,,,,,,,,,,,
PanTS_00002396,mpd,1,False,2.5902366638183594,0.7871090173721313,52,orient_ambiguous,1,52,0,0,0,0.0,3.82842712474619,True,0.33644234715288235,,,,,,,,,,,,,,,,,,,,,,,
PanTS_00002417,cbd,1,False,5.0,0.7324219942092896,279,orient_ambiguous,2,255,0,1,0,0.0,3.0,True,0.03939417429438663,,,,,,,,,,,,,,,,,,,,,,,
PanTS_00002417,mpd,1,False,5.0,0.7324219942092896,79,orient_ambiguous,1,79,0,0,0,0.0,8.974691494688162,True,5.371206474781657,,,,,,,,,,,,,,,,,,,,,,,
PanTS_00002435,cbd,1,False,1.25,0.7421879768371582,1493,orient_ambiguous,1,1493,0,0,0,0.0,53.82624025116912,False,9.141762040897476,,,,,,,,,,,,,,,,,,,,,,,
PanTS_00002435,mpd,1,False,1.25,0.7421879768371582,705,ok,8,379,1,2,3,7.615773105863909,61.829951420131565,True,29.056365850343273,62.0,27.0,2.0,2.8886517947898693,3.7899585069038513,,,0.037037037037037035,True,,,,,,,,,0.0,False,,,,
PanTS_00002445,cbd,1,False,0.800000011920929,0.7850000262260437,1935,orient_ambiguous,3,1463,0,2,0,0.0,9.656854249492381,False,4.284869395907034,,,,,,,,,,,,,,,,,,,,,,,
PanTS_00002445,mpd,1,False,0.800000011920929,0.7850000262260437,338,orient_ambiguous,3,221,0,1,1,7.810249675906654,29.127357963243426,True,9.173269139176572,,,,,,,,,,,,,,,,,,,,,,,
PanTS_00002451,cbd,1,False,5.0,0.75,971,no_regions,2,965,1,0,0,0.0,31.848877925988,,,,,,,,,,,,,,,,,,,,,,,,,
PanTS_00002451,mpd,1,False,5.0,0.75,0,no_mask,0,0,0,0,0,0.0,,,,,,,,,,,,,,,,,,,,,,,,,,
PanTS_00002453,cbd,0,False,5.0,0.6757810115814209,2983,orient_ambiguous,1,2983,0,0,0,0.0,68.31152162540768,False,7.447928477918172,,,,,,,,,,,,,,,,,,,,,,,
PanTS_00002453,mpd,0,False,5.0,0.6757810115814209,656,orient_ambiguous,8,308,4,2,1,7.483314773547883,28.382809710159552,True,6.129346787349444,,,,,,,,,,,,,,,,,,,,,,,
PanTS_00002464,cbd,1,False,2.5,0.8164060115814209,3165,loop_in_skeleton,1,3165,0,0,0,0.0,,,,,,,,,,,,,,,,,,,,,,,,,,
PanTS_00002464,mpd,1,True,2.5,0.8164060115814209,8070,ok,1,8070,0,0,0,0.0,139.9839689720719,False,83.91946845358754,140.0,140.0,6.863342938599398,10.011862902502001,10.59756588818814,6.447726505374288,2.9447328770516386,0.9,True,1.8257885615162153,5.0,0.035718375730563454,8.0,9.516743388666455,2.6845483876458753,3.54500720957831,92.0,1.0,False,5.0,-205.15670145880424,-203.40619032811614,109.08230116004992
PanTS_00002466,cbd,1,False,0.800000011920929,0.78125,9,too_small,1,9,1,0,0,0.0,,,,,,,,,,,,,,,,,,,,,,,,,,
PanTS_00002466,mpd,1,False,0.800000011920929,0.78125,15,too_small,1,15,1,0,0,0.0,,,,,,,,,,,,,,,,,,,,,,,,,,
PanTS_00002468,cbd,1,False,0.800000011920929,0.78125,1355,ok,1,1355,0,0,0,0.0,49.705284386539,False,35.61616624513192,50.0,50.0,4.361666076387879,5.535977146202655,5.930773334007412,2.7320090818900917,4.631463260042451,0.0,True,,,,,,,,,0.0,False,,,,
PanTS_00002468,mpd,1,False,0.800000011920929,0.78125,45,orient_ambiguous,1,45,0,0,0,0.0,3.0,True,1.8437925381691684,,,,,,,,,,,,,,,,,,,,,,,
PanTS_00002472,cbd,0,False,1.0,0.78125,121,orient_ambiguous,1,121,0,0,0,0.0,5.5604779323150675,False,3.8337205604508604,,,,,,,,,,,,,,,,,,,,,,,
PanTS_00002472,mpd,0,False,1.0,0.78125,0,no_mask,0,0,0,0,0,0.0,,,,,,,,,,,,,,,,,,,,,,,,,,
PanTS_00002479,cbd,1,False,0.800000011920929,0.765625,0,no_mask,0,0,0,0,0,0.0,,,,,,,,,,,,,,,,,,,,,,,,,,
PanTS_00002479,mpd,1,False,0.800000011920929,0.765625,0,no_mask,0,0,0,0,0,0.0,,,,,,,,,,,,,,,,,,,,,,,,,,
PanTS_00002483,cbd,1,False,0.87890625,0.800000011920929,557,ok,2,391,0,1,0,0.0,25.19542346484762,False,21.375133260432335,26.0,26.0,2.9258935050363544,3.8891660880496124,3.985600341261622,3.4461303578867675,1.6355262525053467,0.0,True,,,,,,,,,0.0,False,,,,
PanTS_00002483,mpd,1,False,0.87890625,0.800000011920929,0,no_mask,0,0,0,0,0,0.0,,,,,,,,,,,,,,,,,,,,,,,,,,
PanTS_00002495,cbd,1,False,5.0,0.7820000052452087,2036,ok,3,1943,0,1,0,0.0,37.195423464847615,False,24.236331529829677,38.0,38.0,6.369986036876244,8.22944324369952,8.720922185261841,2.659959065808054,8.163086130106166,0.15789473684210525,True,,,,,,,,,0.0,False,,,,
PanTS_00002495,mpd,1,False,5.0,0.7820000052452087,365,ok,4,150,1,2,0,0.0,23.338288046437587,True,18.380995548089835,24.0,24.0,1.9883115975953842,2.6369005474286262,2.8214029283682893,1.9131987043754877,2.071859013721016,0.0,True,,,,,,,,,0.0,False,,,,
PanTS_00002497,cbd,1,False,5.0,0.6289060115814209,1038,orient_ambiguous,1,1038,0,0,0,0.0,27.095647359318303,False,5.657235182379814,,,,,,,,,,,,,,,,,,,,,,,
PanTS_00002497,mpd,1,False,5.0,0.6289060115814209,0,no_mask,0,0,0,0,0,0.0,,,,,,,,,,,,,,,,,,,,,,,,,,
PanTS_00002498,cbd,1,False,1.0,1.0,2040,ok,1,2040,0,0,0,0.0,58.92261656834642,False,39.05098435638836,59.0,59.0,4.544715635127779,5.860171755624121,6.712130506720349,4.774415666028213,3.892019818817491,0.0,True,,,,,,,,,0.0,False,,,,
PanTS_00002498,mpd,1,False,1.0,1.0,261,orient_ambiguous,4,129,0,3,0,0.0,7.242640687119285,False,5.125901548789074,,,,,,,,,,,,,,,,,,,,,,,
PanTS_00002514,cbd,1,False,2.5,0.9238280057907104,3050,ok,2,2918,0,1,0,0.0,45.898037020893625,True,29.670929739437174,46.0,46.0,6.414581644887324,8.133264198718107,8.656024206273,7.225098591023833,3.1024132484877835,0.13043478260869565,True,,,,,,,,,0.0,False,,,,
PanTS_00002514,mpd,1,True,2.5,0.9238280057907104,6799,ok,5,6482,2,2,0,0.0,145.54857565059797,False,69.76513833381584,146.0,146.0,4.955732191513181,7.71083039981535,9.115853409142456,4.239654784565058,4.512450378442707,0.8424657534246576,True,2.3115914290665756,20.0,0.13741116950544224,5.0,7.1039407343168435,1.4310044086851832,4.9643038771934975,58.0,2.0,False,20.0,-279.3592695079567,-300.1260552956104,103.4190612461322
PanTS_00002541,cbd,1,False,3.0,0.8925780057907104,855,ok,1,855,0,0,0,0.0,36.826969209028164,True,26.175705368741735,37.0,37.0,3.455205493111544,4.866497276318232,5.273538520920044,3.5461935183494298,4.586463557846293,0.0,True,,,,,,,,,0.0,False,,,,
PanTS_00002541,mpd,1,False,3.0,0.8925780057907104,99,orient_ambiguous,2,95,1,0,0,0.0,12.438793109825918,True,7.011307399718877,,,,,,,,,,,,,,,,,,,,,,,
PanTS_00002566,cbd,0,False,3.0,0.9765625,3260,ok,1,3260,0,0,0,0.0,69.43320644789681,False,29.67238686506207,70.0,70.0,6.025173053817711,7.58561344666072,8.466471822994482,4.786527399296874,5.239135287694197,0.05714285714285714,True,,,,,,,,,0.0,False,,,,
PanTS_00002566,mpd,0,False,3.0,0.9765625,411,ok,5,293,1,2,1,7.3484692283495345,61.90336049873551,True,22.870732846319164,62.0,50.0,2.019357721891245,2.4941437837757108,3.1469445337553044,2.0590169970889374,,0.0,True,,,,,,,,,0.0,False,,,,
PanTS_00002567,cbd,1,False,2.5,0.859375,1968,ok,3,1878,0,2,0,0.0,45.973233578970124,True,34.144552100490614,46.0,46.0,5.876667014666655,6.4427909538954005,6.746144986896646,5.241340894141384,5.673045455557863,0.0,True,,,,,,,,,0.0,False,,,,
PanTS_00002567,mpd,1,False,2.5,0.859375,3528,ok,6,3283,3,1,0,0.0,110.23486715161316,False,44.97831911888279,111.0,111.0,4.895097963319659,7.035615800944066,7.520204116834788,4.974642342954868,2.1619573510575085,0.8828828828828829,True,,,,,,,,,0.0,False,,,,
PanTS_00002572,cbd,1,False,5.0,0.8085939884185791,1716,orient_ambiguous,2,1336,0,1,0,0.0,35.973962536829156,True,4.117783082720646,,,,,,,,,,,,,,,,,,,,,,,
PanTS_00002572,mpd,1,False,5.0,0.8085939884185791,448,orient_ambiguous,5,386,3,1,0,0.0,46.559020016597024,False,4.4346040279223935,,,,,,,,,,,,,,,,,,,,,,,
PanTS_00002582,cbd,0,False,5.0,0.6308590173721313,810,ok,3,685,0,2,0,0.0,18.313708498984763,True,15.62305429955196,19.0,19.0,4.368411408350093,5.978773545062171,5.993805477660557,5.804205575473342,3.548009007957754,0.0,False,,,,,,,,,0.0,False,,,,
PanTS_00002582,mpd,0,False,5.0,0.6308590173721313,0,no_mask,0,0,0,0,0,0.0,,,,,,,,,,,,,,,,,,,,,,,,,,
PanTS_00002585,cbd,1,False,2.5,0.8320310115814209,862,orient_ambiguous,2,689,0,1,0,0.0,15.242640687119286,False,1.7139614030145403,,,,,,,,,,,,,,,,,,,,,,,
PanTS_00002585,mpd,1,False,2.5,0.8320310115814209,180,ok,3,157,2,0,0,0.0,16.631545744180546,False,12.83216200808602,17.0,17.0,2.284117818928903,3.1075110959271703,3.4457857465487844,2.0610050875377413,2.5214576505156456,0.058823529411764705,False,,,,,,,,,0.0,False,,,,
PanTS_00002592,cbd,1,False,5.0,0.7597659826278687,2167,ok,2,2138,0,1,0,0.0,48.07033885400646,True,29.451226051747657,49.0,49.0,5.747729486536177,7.187388132959542,8.137338839017351,2.9605563554822503,5.877806520564027,0.04081632653061224,True,,,,,,,,,0.0,False,,,,
PanTS_00002592,mpd,1,False,5.0,0.7597659826278687,23,too_small,2,18,2,0,0,0.0,,,,,,,,,,,,,,,,,,,,,,,,,,
PanTS_00002593,cbd,1,False,2.5,0.7851560115814209,6659,ok,1,6659,0,0,0,0.0,71.13994875015388,True,20.034160728498982,72.0,72.0,4.386669805786218,7.986940099881906,9.101225552495862,2.540351643880222,8.000989596012118,0.05555555555555555,True,,,,,,,,,0.0,False,,,,
PanTS_00002593,mpd,1,False,2.5,0.7851560115814209,1511,ok,4,1455,2,1,0,0.0,81.55416231252697,False,47.419271196239364,82.0,82.0,3.4726769069441508,5.249177447733305,5.6854138218406565,5.359339251202416,1.9800280935810002,0.5487804878048781,True,,,,,,,,,0.0,False,,,,
PanTS_00002597,cbd,1,False,3.75,0.9199219942092896,6551,orient_ambiguous,1,6551,0,0,0,0.0,14.902894724963671,False,7.784699283041014,,,,,,,,,,,,,,,,,,,,,,,
PanTS_00002597,mpd,1,False,3.75,0.9199219942092896,44,too_small,1,44,0,0,0,0.0,,,,,,,,,,,,,,,,,,,,,,,,,,
PanTS_00002609,cbd,1,False,2.5,0.7773439884185791,3585,ok,3,1577,0,2,0,0.0,29.803118619434354,True,13.333035102568358,30.0,30.0,6.7687104955863715,7.396635704743708,7.8235190407316075,6.7687104955863715,4.899345711322294,0.0,True,,,,,,,,,0.0,False,,,,
PanTS_00002609,mpd,1,False,2.5,0.7773439884185791,6616,ok,2,6603,1,0,0,0.0,114.69556897839891,False,61.566202251548475,115.0,115.0,5.419836331570208,9.675357206829258,10.486339863982373,9.93366897468157,2.5416157087598084,0.8782608695652174,True,,,,,,,,,0.0,False,,,,
PanTS_00002616,cbd,1,False,2.5,0.7304689884185791,1295,ok,1,1295,0,0,0,0.0,53.21587426608939,True,38.643727430430786,54.0,54.0,4.265288302448776,5.212174256919891,5.905826705371903,3.70471791677796,4.025796222153908,0.0,True,,,,,,,,,0.0,False,,,,
PanTS_00002616,mpd,1,False,2.5,0.7304689884185791,294,ok,2,240,0,1,0,0.0,32.67730505073419,False,25.16614835310635,33.0,33.0,2.3341492538199202,2.780227291110825,3.153243216988882,2.4488279950666136,2.120276324693322,0.0,True,,,,,,,,,0.0,False,,,,
PanTS_00002628,cbd,1,False,2.5,0.9765620231628418,13296,ok,1,13296,0,0,0,0.0,64.24045381354222,True,41.17291662974951,65.0,65.0,12.159823462807054,14.666230800424422,15.527342994004806,7.673519830991484,13.564049210756245,0.9230769230769231,True,,,,,,,,,0.0,False,,,,
PanTS_00002628,mpd,1,False,2.5,0.9765620231628418,4436,ok,4,3949,1,2,0,0.0,97.06402323421835,False,62.38419435965441,98.0,98.0,5.664889509643753,6.703290006517336,7.634817706210554,4.896167355643671,5.04517290345256,1.0,True,,,,,,,,,0.0,False,,,,
PanTS_00002643,cbd,1,False,2.5,0.88671875,3832,ok,1,3832,0,0,0,0.0,71.87199955772275,False,26.219596204993504,72.0,72.0,5.508055093334289,7.639884064443921,9.828860813366783,4.748128345089782,5.188084156182336,0.09722222222222222,True,,,,,,,,,0.0,False,,,,
PanTS_00002643,mpd,1,False,2.5,0.88671875,88,orient_ambiguous,4,46,3,0,0,0.0,1.4142135623730951,False,0.032700609799871216,,,,,,,,,,,,,,,,,,,,,,,
PanTS_00002652,cbd,1,False,2.5,0.82421875,2413,ok,1,2413,0,0,0,0.0,44.96983379061812,False,30.70136964680069,45.0,45.0,5.753435546245205,7.061084402324018,7.763954143758951,5.559900143142966,7.012502443122646,0.0,True,,,,,,,,,0.0,False,,,,
PanTS_00002652,mpd,1,False,2.5,0.82421875,11,too_small,2,10,2,0,0,0.0,,,,,,,,,,,,,,,,,,,,,,,,,,
PanTS_00002655,cbd,0,False,1.5000001263856557,1.4999998943768005,189,orient_ambiguous,2,169,0,1,0,0.0,8.610365985079726,False,3.593288065896587,,,,,,,,,,,,,,,,,,,,,,,
PanTS_00002655,mpd,0,False,1.5000001263856557,1.4999998943768005,0,no_mask,0,0,0,0,0,0.0,,,,,,,,,,,,,,,,,,,,,,,,,,
PanTS_00002677,cbd,1,False,0.7999999523162842,0.7460939884185791,0,no_mask,0,0,0,0,0,0.0,,,,,,,,,,,,,,,,,,,,,,,,,,
PanTS_00002677,mpd,1,False,0.7999999523162842,0.7460939884185791,0,no_mask,0,0,0,0,0,0.0,,,,,,,,,,,,,,,,,,,,,,,,,,
PanTS_00002686,cbd,1,False,2.5,0.947265625,3096,ok,2,3085,1,0,0,0.0,77.4830945006615,False,38.79641546518426,78.0,78.0,5.491794143048244,7.434826769889268,8.732754884849726,3.767807602325162,3.3890324380997177,0.05128205128205128,True,,,,,,,,,0.0,False,,,,
PanTS_00002686,mpd,1,False,2.5,0.947265625,326,orient_ambiguous,6,181,3,2,0,0.0,21.288399993672925,True,1.3462610563305883,,,,,,,,,,,,,,,,,,,,,,,
PanTS_00002720,cbd,1,False,5.0,0.8789060115814209,1161,ok,1,1161,0,0,0,0.0,36.969833790618125,True,29.511610452319957,37.0,37.0,4.367958634475451,5.335107123914252,5.75314659700307,4.88478209281409,3.603215072942868,0.0,True,,,,,,,,,0.0,False,,,,
PanTS_00002720,mpd,1,False,5.0,0.8789060115814209,8,too_small,1,8,1,0,0,0.0,,,,,,,,,,,,,,,,,,,,,,,,,,
PanTS_00002729,cbd,1,False,1.25,0.7851560115814209,726,ok,2,509,0,1,0,0.0,22.291799782024935,False,15.490682323968606,23.0,23.0,3.560659183421797,4.115282531768526,4.276589601580062,3.6445241970254445,3.7833398196475794,0.0,True,,,,,,,,,0.0,False,,,,
PanTS_00002729,mpd,1,False,1.25,0.7851560115814209,1020,ok,2,932,0,0,0,0.0,50.77635219840446,True,37.43261979836738,51.0,51.0,3.026824472736753,4.051687793432375,4.762350116288927,4.0434820024998945,3.2152022532779148,0.47058823529411764,True,,,,,,,,,0.0,False,,,,
PanTS_00002734,cbd,1,False,3.0,0.7421875,2007,ok,1,2007,0,0,0,0.0,67.79413216915326,False,32.02811630327952,68.0,68.0,3.9986920554815417,6.018765465053544,6.5338864519625925,3.8996414675826507,3.4948487987915025,0.0,True,,,,,,,,,0.0,False,,,,
PanTS_00002734,mpd,1,False,3.0,0.7421875,361,orient_ambiguous,7,206,4,1,1,6.782329983125268,36.0204508012418,True,7.708906575720482,,,,,,,,,,,,,,,,,,,,,,,
PanTS_00002741,cbd,1,False,2.5,0.7089840173721313,3720,ok,2,2791,0,1,0,0.0,49.16598621332475,True,36.40570122347732,50.0,50.0,7.141976731703755,8.839442633900411,9.983769505247908,5.101036149047355,5.824442087539447,0.24,True,,,,,,,,,0.0,False,,,,
PanTS_00002741,mpd,1,False,2.5,0.7089840173721313,1023,ok,4,507,2,1,0,0.0,56.21174551987837,False,45.81156279055219,57.0,57.0,2.390916693103554,3.19036380631114,3.596088491591608,2.305027606080399,2.6551035592459655,0.10526315789473684,True,,,,,,,,,0.0,False,,,,
PanTS_00002750,cbd,1,False,0.800000011920929,0.7226560115814209,0,no_mask,0,0,0,0,0,0.0,,,,,,,,,,,,,,,,,,,,,,,,,,
PanTS_00002750,mpd,1,False,0.800000011920929,0.7226560115814209,0,no_mask,0,0,0,0,0,0.0,,,,,,,,,,,,,,,,,,,,,,,,,,
PanTS_00002759,cbd,1,False,5.0,0.78125,4148,ok,1,4148,0,0,0,0.0,59.94792507365827,True,34.16789340300963,60.0,60.0,6.504780975715297,8.322140824048217,9.558185139632856,7.458713544777979,5.972326765950395,0.16666666666666666,True,,,,,,,,,0.0,False,,,,
PanTS_00002759,mpd,1,False,5.0,0.78125,0,no_mask,0,0,0,0,0,0.0,,,,,,,,,,,,,,,,,,,,,,,,,,
PanTS_00002765,cbd,0,False,2.5,0.9765625,1025,ok,1,1025,0,0,0,0.0,65.6512675875633,False,33.00841077554727,66.0,66.0,2.69907101069583,4.94638773481851,5.625396035354735,2.384247362399512,2.282103485279643,0.0,True,,,,,,,,,0.0,False,,,,
PanTS_00002765,mpd,0,False,2.5,0.9765625,438,ok,4,273,1,1,1,4.58257569495584,34.55653823178499,True,25.71323026046345,35.0,24.0,2.0,2.5995975357958017,2.7268424941518297,2.0,2.175993043172187,0.0,True,,,,,,,,,0.0,False,,,,
PanTS_00002779,cbd,1,False,0.800000011920929,0.78125,0,no_mask,0,0,0,0,0,0.0,,,,,,,,,,,,,,,,,,,,,,,,,,
PanTS_00002779,mpd,1,False,0.800000011920929,0.78125,0,no_mask,0,0,0,0,0,0.0,,,,,,,,,,,,,,,,,,,,,,,,,,
PanTS_00002783,cbd,0,False,0.8009999990463257,0.8000017404556274,12,too_small,1,12,1,0,0,0.0,,,,,,,,,,,,,,,,,,,,,,,,,,
PanTS_00002783,mpd,0,False,0.8009999990463257,0.8000017404556274,12,too_small,1,12,1,0,0,0.0,,,,,,,,,,,,,,,,,,,,,,,,,,
PanTS_00002821,cbd,0,False,1.0,1.0,2585,ok,3,2274,0,2,0,0.0,45.07373864235846,False,24.191344991720165,46.0,46.0,6.115013980584804,6.722124351809406,6.936500818610618,4.6751331877879405,6.125943498461596,0.0,True,,,,,,,,,0.0,False,,,,
PanTS_00002821,mpd,0,False,1.0,1.0,816,ok,3,615,0,2,0,0.0,73.09418944360024,True,53.95864106765312,74.0,74.0,2.465942826329123,3.565586676439584,3.907531015312265,2.2128778068614965,2.0957588846723176,0.21621621621621623,True,,,,,,,,,0.0,False,,,,
PanTS_00002829,cbd,1,False,1.25,0.7890629768371582,2785,ok,1,2785,0,0,0,0.0,79.60477932315064,False,44.362302493915934,80.0,80.0,5.259017510388217,6.2416873694522295,6.527196818110022,2.237873339382827,6.26393465252599,0.0,True,,,,,,,,,0.0,False,,,,
PanTS_00002829,mpd,1,False,1.25,0.7890629768371582,78,orient_ambiguous,3,31,0,1,1,5.0990195135927845,7.0990195135927845,True,5.957098043737091,,,,,,,,,,,,,,,,,,,,,,,
PanTS_00002840,cbd,0,False,0.800000011920929,0.7421875,0,no_mask,0,0,0,0,0,0.0,,,,,,,,,,,,,,,,,,,,,,,,,,
PanTS_00002840,mpd,0,False,0.800000011920929,0.7421875,0,no_mask,0,0,0,0,0,0.0,,,,,,,,,,,,,,,,,,,,,,,,,,
PanTS_00002849,cbd,1,False,0.8920000195503235,0.800000011920929,8820,ok,3,7177,0,2,0,0.0,68.1652572554657,False,30.68485122306476,69.0,69.0,9.831878393483981,11.07152767860608,11.712433792460955,8.148383555095307,9.878281992060572,0.9565217391304348,True,,,,,,,,,0.0,False,,,,
PanTS_00002849,mpd,1,False,0.8920000195503235,0.800000011920929,7499,ok,2,7449,0,1,0,0.0,146.57655498640278,True,78.69426781870827,147.0,147.0,4.861071212769029,9.408040941628785,9.856982948617619,7.823140743247513,3.9995256070254652,0.9727891156462585,True,,,,,,,,,0.0,False,,,,
PanTS_00002855,cbd,1,False,0.800000011920929,0.61328125,0,no_mask,0,0,0,0,0,0.0,,,,,,,,,,,,,,,,,,,,,,,,,,
PanTS_00002855,mpd,1,False,0.800000011920929,0.61328125,0,no_mask,0,0,0,0,0,0.0,,,,,,,,,,,,,,,,,,,,,,,,,,
PanTS_00002859,cbd,1,False,2.0,0.84375,1785,ok,1,1785,0,0,0,0.0,53.24118277140122,False,12.462116190813369,54.0,54.0,5.375472551667556,5.936564020320268,6.472342516913569,2.9926402193798927,5.473967058820948,0.0,True,,,,,,,,,0.0,False,,,,
PanTS_00002859,mpd,1,False,2.0,0.84375,335,orient_ambiguous,4,133,0,1,1,7.0710678118654755,28.363596551749424,False,13.388471921755281,,,,,,,,,,,,,,,,,,,,,,,
PanTS_00002866,cbd,1,False,5.0,0.703125,4190,ok,2,3987,0,1,0,0.0,72.41202668879603,True,17.99718987958639,73.0,73.0,6.425568653943921,8.892106368728879,10.247227415022179,4.680560861048371,5.687487073867727,0.2054794520547945,True,,,,,,,,,0.0,False,,,,
PanTS_00002866,mpd,1,False,5.0,0.703125,438,orient_ambiguous,6,215,1,3,1,7.3484692283495345,23.973962536829152,True,15.167704752495975,,,,,,,,,,,,,,,,,,,,,,,
PanTS_00002875,cbd,1,False,1.25,0.7910159826278687,1599,ok,1,1599,0,0,0,0.0,21.681433796945207,False,17.20054222407311,22.0,22.0,7.481176426950286,7.934442322910917,8.20750657919026,6.500520807257988,7.853776713561642,0.09090909090909091,True,,,,,,,,,0.0,False,,,,
PanTS_00002875,mpd,1,False,1.25,0.7910159826278687,1125,orient_ambiguous,3,1016,0,2,0,0.0,27.973962536829156,True,6.871357606936321,,,,,,,,,,,,,,,,,,,,,,,
PanTS_00002887,cbd,0,False,3.0,0.9765629768371582,1635,ok,1,1635,0,0,0,0.0,45.29107082416591,False,27.22226696009337,46.0,46.0,5.69190373458798,6.685680260647332,6.87792056961465,2.538894256686743,6.071320487238281,0.0,True,,,,,,,,,0.0,False,,,,
PanTS_00002887,mpd,0,False,3.0,0.9765629768371582,35,too_small,2,19,2,0,0,0.0,,,,,,,,,,,,,,,,,,,,,,,,,,
PanTS_00002888,cbd,1,False,2.5,0.7070310115814209,2228,ok,2,2203,0,1,0,0.0,61.21247447773738,False,29.980159170492954,62.0,62.0,4.079891282613074,5.806894372582544,6.158510749020042,1.904657385503472,4.608626575988035,0.0,True,,,,,,,,,0.0,False,,,,
PanTS_00002888,mpd,1,False,2.5,0.7070310115814209,111,orient_ambiguous,3,60,0,1,1,7.483314773547883,8.483314773547882,False,6.636367123824947,,,,,,,,,,,,,,,,,,,,,,,
PanTS_00002889,cbd,1,False,0.800000011920929,0.7382810115814209,6,too_small,1,6,1,0,0,0.0,,,,,,,,,,,,,,,,,,,,,,,,,,
PanTS_00002889,mpd,1,False,0.800000011920929,0.7382810115814209,0,no_mask,0,0,0,0,0,0.0,,,,,,,,,,,,,,,,,,,,,,,,,,
PanTS_00002893,cbd,1,False,2.5,0.82421875,2209,ok,2,2207,1,0,0,0.0,55.33683013071953,False,41.52247072538223,56.0,56.0,5.222199283278879,6.01816305190162,6.415348857112749,5.1686871336233935,4.785394809874791,0.0,True,,,,,,,,,0.0,False,,,,
PanTS_00002893,mpd,1,False,2.5,0.82421875,276,orient_ambiguous,4,168,0,1,0,0.0,5.414213562373095,True,2.0151639576455835,,,,,,,,,,,,,,,,,,,,,,,
PanTS_00002898,cbd,1,False,0.8000019192695618,0.6629999876022339,4,too_small,1,4,1,0,0,0.0,,,,,,,,,,,,,,,,,,,,,,,,,,
PanTS_00002898,mpd,1,False,0.8000019192695618,0.6629999876022339,0,no_mask,0,0,0,0,0,0.0,,,,,,,,,,,,,,,,,,,,,,,,,,
PanTS_00002905,cbd,1,False,5.0,0.8671879768371582,1664,ok,1,1664,0,0,0,0.0,66.01899288552373,False,39.88781250201816,67.0,67.0,4.156580966596299,5.531093337561378,5.9801850510785695,2.2683920265699933,2.7426605099132226,0.0,True,,,,,,,,,0.0,False,,,,
PanTS_00002905,mpd,1,False,5.0,0.8671879768371582,121,orient_ambiguous,3,105,2,0,0,0.0,12.97469149468816,False,0.14496299206126118,,,,,,,,,,,,,,,,,,,,,,,
PanTS_00002906,cbd,1,False,0.800000011920929,0.78125,533,ok,1,533,0,0,0,0.0,17.535169427003233,True,13.918949249317343,18.0,18.0,3.7747299980581563,4.213530998946767,4.358678560151978,3.469338524554602,4.031196547959462,0.0,False,,,,,,,,,0.0,False,,,,
PanTS_00002906,mpd,1,False,0.800000011920929,0.78125,0,no_mask,0,0,0,0,0,0.0,,,,,,,,,,,,,,,,,,,,,,,,,,
PanTS_00002913,cbd,1,False,2.5,0.7773439884185791,15593,ok,3,15519,0,2,0,0.0,65.62595908225144,True,25.47397759855032,66.0,66.0,11.948133093927682,15.142781184046267,15.790051418643937,8.112399342744993,7.517922214878077,0.7878787878787878,True,,,,,,,,,0.0,False,,,,
PanTS_00002913,mpd,1,True,2.5,0.7773439884185791,5216,ok,7,4722,2,4,0,0.0,124.5054871745373,False,35.38143084323505,125.0,125.0,4.376873420297015,7.456447828016552,8.644708782535245,3.9845059873328523,2.991848274868594,0.784,True,1.5803861559743304,19.0,0.15260371595803612,8.0,7.601438426942265,2.5418630282992245,2.9904988358198166,66.0,1.0,False,19.0,-224.87269860793364,-226.19987827352685,77.57484054430529
PanTS_00002915,cbd,1,False,1.0,1.0,1392,ok,1,1392,0,0,0,0.0,45.97663336732213,False,31.865284374281487,46.0,46.0,4.6153633727049534,5.214271085703843,5.833537870393373,4.204853821949714,1.6042916377430085,0.0,True,,,,,,,,,0.0,False,,,,
PanTS_00002915,mpd,1,False,1.0,1.0,240,ok,3,144,1,1,0,0.0,18.142135623730955,True,13.74946272102261,19.0,19.0,2.089662551136131,2.8750051061661477,3.24621772196855,1.9206525869487256,2.6547887717941423,0.05263157894736842,False,,,,,,,,,0.0,False,,,,
PanTS_00002916,cbd,1,False,0.800000011920929,0.78515625,761,ok,3,740,2,0,0,0.0,35.75250160881068,True,10.29473722472354,36.0,36.0,3.2984077934158673,4.433687962501228,4.8250534734375545,3.357038064889319,2.728522371631516,0.0,True,,,,,,,,,0.0,False,,,,
PanTS_00002916,mpd,1,False,0.800000011920929,0.78515625,0,no_mask,0,0,0,0,0,0.0,,,,,,,,,,,,,,,,,,,,,,,,,,
PanTS_00002924,cbd,0,False,0.800000011920929,0.6640625,2389,ok,2,2276,0,1,0,0.0,57.36213863603136,True,12.166312658947689,58.0,58.0,5.791579305994809,6.466364190952088,6.96620805106227,3.6970888549645107,5.936869324119213,0.0,True,,,,,,,,,0.0,False,,,,
PanTS_00002924,mpd,0,False,0.800000011920929,0.6640625,0,no_mask,0,0,0,0,0,0.0,,,,,,,,,,,,,,,,,,,,,,,,,,
PanTS_00002927,cbd,1,False,2.0,0.6640620231628418,1199,ok,3,1195,2,0,0,0.0,58.67657609287514,False,30.5043004763032,59.0,59.0,3.8488453191704783,4.846008857277528,5.647241629184635,3.6148493756063393,3.4350701778489254,0.0,True,,,,,,,,,0.0,False,,,,
PanTS_00002927,mpd,1,False,2.0,0.6640620231628418,1686,ok,6,1375,2,3,0,0.0,38.50913196383238,True,16.370045877274926,39.0,39.0,4.017308112186405,6.610537991317723,7.221891237123318,6.534341793871041,3.1637044715971125,0.6923076923076923,True,,,,,,,,,0.0,False,,,,
PanTS_00002930,cbd,1,False,2.5,0.8984379768371582,1385,ok,1,1385,0,0,0,0.0,46.53371151128518,True,34.855919412312446,47.0,47.0,4.477044263169597,5.533997024185344,5.908202759930504,4.288342242324699,4.939686254271563,0.0,True,,,,,,,,,0.0,False,,,,
PanTS_00002930,mpd,1,False,2.5,0.8984379768371582,0,no_mask,0,0,0,0,0,0.0,,,,,,,,,,,,,,,,,,,,,,,,,,
PanTS_00002933,cbd,0,False,2.5130889415740967,0.78125,3632,ok,1,3632,0,0,0,0.0,85.55416231252697,False,35.75804964298523,86.0,86.0,5.37833074147647,7.865215664694409,8.266685388288913,4.223114965233923,5.713094819484969,0.05813953488372093,True,,,,,,,,,0.0,False,,,,
PanTS_00002933,mpd,0,False,2.5130889415740967,0.78125,497,ok,7,272,4,2,0,0.0,46.50913196383236,True,29.379287799048235,47.0,47.0,2.0,2.468850617038392,2.630892403749538,2.0569036699001044,1.939370828926114,0.0,True,,,,,,,,,0.0,False,,,,
PanTS_00002935,cbd,1,False,1.5,1.5,0,no_mask,0,0,0,0,0,0.0,,,,,,,,,,,,,,,,,,,,,,,,,,
PanTS_00002935,mpd,1,False,1.5,1.5,0,no_mask,0,0,0,0,0,0.0,,,,,,,,,,,,,,,,,,,,,,,,,,
PanTS_00002936,cbd,1,False,1.5,1.5,324,orient_ambiguous,2,226,0,1,0,0.0,11.803118619434354,True,7.753886721112245,,,,,,,,,,,,,,,,,,,,,,,
PanTS_00002936,mpd,1,False,1.5,1.5,593,orient_ambiguous,5,512,3,1,0,0.0,21.731321849709865,True,3.922533590410479,,,,,,,,,,,,,,,,,,,,,,,
PanTS_00002960,cbd,1,False,1.5,0.59765625,2485,loop_in_skeleton,2,2270,0,0,1,5.385164807134504,,,,,,,,,,,,,,,,,,,,,,,,,,
PanTS_00002960,mpd,1,False,1.5,0.59765625,59,orient_ambiguous,2,49,1,0,0,0.0,3.414213562373095,False,1.5688465260325657,,,,,,,,,,,,,,,,,,,,,,,
PanTS_00002963,cbd,1,False,0.800000011920929,0.7421875,0,no_mask,0,0,0,0,0,0.0,,,,,,,,,,,,,,,,,,,,,,,,,,
PanTS_00002963,mpd,1,False,0.800000011920929,0.7421875,24,too_small,1,24,0,0,0,0.0,,,,,,,,,,,,,,,,,,,,,,,,,,
PanTS_00002964,cbd,0,False,0.800000011920929,0.78125,707,ok,1,707,0,0,0,0.0,27.559748974456056,False,21.52819346301204,28.0,28.0,3.9780038177705284,5.161919555616696,5.705429156239182,2.49975685236614,4.123985295959361,0.0,True,,,,,,,,,0.0,False,,,,
PanTS_00002964,mpd,0,False,0.800000011920929,0.78125,0,no_mask,0,0,0,0,0,0.0,,,,,,,,,,,,,,,,,,,,,,,,,,
PanTS_00002976,cbd,0,False,5.0,0.8539999723434448,912,orient_ambiguous,2,900,1,0,0,0.0,13.024579547452822,False,9.555078517620373,,,,,,,,,,,,,,,,,,,,,,,
PanTS_00002976,mpd,0,False,5.0,0.8539999723434448,103,orient_ambiguous,2,91,1,0,0,0.0,4.82842712474619,True,2.583536912176811,,,,,,,,,,,,,,,,,,,,,,,
PanTS_00002993,cbd,1,False,1.25,0.8125,10350,loop_in_skeleton,1,10350,0,0,0,0.0,,,,,,,,,,,,,,,,,,,,,,,,,,
PanTS_00002993,mpd,1,False,1.25,0.8125,1075,ok,5,816,1,1,2,7.810249675906654,60.96910483275907,True,39.18606525223332,61.0,61.0,3.385186516658357,3.9038980968940473,3.9772758808341764,3.4688789203064823,1.4685271024589102,0.5737704918032787,True,,,,,,,,,0.0,False,,,,
PanTS_00003012,cbd,1,False,5.0,0.82421875,2659,loop_in_skeleton,2,2636,0,0,0,0.0,,,,,,,,,,,,,,,,,,,,,,,,,,
PanTS_00003012,mpd,1,False,5.0,0.82421875,39,too_small,2,26,1,0,0,0.0,,,,,,,,,,,,,,,,,,,,,,,,,,
PanTS_00003024,cbd,1,False,1.0,1.0,771,ok,1,771,0,0,0,0.0,30.70601334439803,False,21.271500277487178,31.0,31.0,4.618456636899161,5.594736885456406,5.802624115367013,5.006016136997247,1.5417026161492475,0.0,True,,,,,,,,,0.0,False,,,,
PanTS_00003024,mpd,1,False,1.0,1.0,36,orient_ambiguous,1,36,0,0,0,0.0,3.732050807568877,False,0.3107698679162212,,,,,,,,,,,,,,,,,,,,,,,
PanTS_00003029,cbd,1,False,1.5,1.5,2829,ok,1,2829,0,0,0,0.0,68.74764390474061,True,27.336253355931262,69.0,69.0,5.541149210802258,6.966594509122718,7.238877763140118,2.82323901486828,4.562919979193511,0.0,True,,,,,,,,,0.0,False,,,,
PanTS_00003029,mpd,1,False,1.5,1.5,585,orient_ambiguous,2,365,0,1,0,0.0,10.388905057061258,False,5.394253295767129,,,,,,,,,,,,,,,,,,,,,,,
PanTS_00003033,cbd,1,False,0.876953125,0.699999988079071,2265,ok,2,2249,1,0,0,0.0,62.701155640327954,False,46.05455489898523,63.0,63.0,4.470436756530975,5.916800529548888,6.969335199159338,3.0407170313827123,4.3217737438320745,0.0,True,,,,,,,,,0.0,False,,,,
PanTS_00003033,mpd,1,False,0.876953125,0.699999988079071,257,ok,3,175,1,1,0,0.0,17.535169427003233,True,10.720409797190081,18.0,18.0,2.6521519217191902,3.0840248056528665,3.305325831327667,2.6712533375395164,2.6196907488302035,0.1111111111111111,False,,,,,,,,,0.0,False,,,,
PanTS_00003038,cbd,1,False,2.5,0.9277340173721313,1431,ok,3,822,0,1,0,0.0,31.2664912767131,True,24.233131106967782,32.0,32.0,4.473258645114187,5.273094769622103,5.522194211690549,4.451462893379231,2.8732470786467488,0.0,True,,,,,,,,,0.0,False,,,,
PanTS_00003038,mpd,1,False,2.5,0.9277340173721313,0,no_mask,0,0,0,0,0,0.0,,,,,,,,,,,,,,,,,,,,,,,,,,
PanTS_00003051,cbd,1,False,0.800000011920929,0.7167969942092896,0,no_mask,0,0,0,0,0,0.0,,,,,,,,,,,,,,,,,,,,,,,,,,
PanTS_00003051,mpd,1,False,0.800000011920929,0.7167969942092896,0,no_mask,0,0,0,0,0,0.0,,,,,,,,,,,,,,,,,,,,,,,,,,
PanTS_00003054,cbd,0,False,5.0427350997924805,0.9879999756813049,11891,ok,1,11891,0,0,0,0.0,101.7291349761328,False,42.22745796177301,102.0,102.0,10.518896627898018,12.922702237368357,13.874713264023073,4.4996465655715605,7.404806356832073,0.7058823529411765,True,,,,,,,,,0.0,False,,,,
PanTS_00003054,mpd,0,False,5.0427350997924805,0.9879999756813049,0,no_mask,0,0,0,0,0,0.0,,,,,,,,,,,,,,,,,,,,,,,,,,
PanTS_00003068,cbd,0,False,2.5,0.8046879768371582,2044,ok,2,1720,0,1,0,0.0,44.16671517118377,True,10.066454098329267,45.0,45.0,5.548196237431395,8.654961685930143,9.089034822261512,3.321347221234708,6.599462283773265,0.17777777777777778,True,,,,,,,,,0.0,False,,,,
PanTS_00003068,mpd,0,False,2.5,0.8046879768371582,67,orient_ambiguous,5,34,4,0,0,0.0,1.0,False,0.0,,,,,,,,,,,,,,,,,,,,,,,
PanTS_00003072,cbd,1,False,0.800000011920929,0.703125,0,no_mask,0,0,0,0,0,0.0,,,,,,,,,,,,,,,,,,,,,,,,,,
PanTS_00003072,mpd,1,False,0.800000011920929,0.703125,0,no_mask,0,0,0,0,0,0.0,,,,,,,,,,,,,,,,,,,,,,,,,,
PanTS_00003079,cbd,1,False,3.0,0.76171875,5304,ok,2,4960,0,0,1,4.358898943540674,100.42292217775903,False,20.703336347614922,101.0,91.0,5.012407551053476,7.82327112432963,9.279487532006858,5.007108927956153,6.009574057266818,0.0989010989010989,True,,,,,,,,,0.0,False,,,,
PanTS_00003079,mpd,1,False,3.0,0.76171875,610,ok,8,318,4,3,0,0.0,33.87418643129983,True,24.345011049113793,34.0,34.0,2.7682220119148564,3.5951483420223727,3.6977565097414087,2.1300248131073785,2.600080898440185,0.2647058823529412,True,,,,,,,,,0.0,False,,,,
PanTS_00003082,cbd,1,False,2.5,0.765625,485,orient_ambiguous,3,297,0,2,0,0.0,41.87345747344081,True,5.869855091840233,,,,,,,,,,,,,,,,,,,,,,,
PanTS_00003082,mpd,1,False,2.5,0.765625,192,orient_ambiguous,6,66,3,1,0,0.0,3.0,False,0.41916602987762985,,,,,,,,,,,,,,,,,,,,,,,
PanTS_00003084,cbd,1,False,5.0,0.6600000262260437,182,orient_ambiguous,2,126,0,0,0,0.0,13.292528739883943,False,5.378094987092279,,,,,,,,,,,,,,,,,,,,,,,
PanTS_00003084,mpd,1,False,5.0,0.6600000262260437,329,orient_ambiguous,3,172,0,2,0,0.0,2.0,True,0.6677600626547502,,,,,,,,,,,,,,,,,,,,,,,
PanTS_00003113,cbd,1,False,5.0,0.6328120231628418,96,orient_ambiguous,2,61,0,1,0,0.0,6.0,True,0.879154678532446,,,,,,,,,,,,,,,,,,,,,,,
PanTS_00003113,mpd,1,False,5.0,0.6328120231628418,4637,ok,6,4363,3,2,0,0.0,126.76663679026437,False,79.67189585981335,127.0,127.0,5.127411038066175,6.43708017540088,7.767514189373173,5.966832190681048,5.078729916457323,0.952755905511811,True,,,,,,,,,0.0,False,,,,
PanTS_00003123,cbd,0,False,1.5,1.5,0,no_mask,0,0,0,0,0,0.0,,,,,,,,,,,,,,,,,,,,,,,,,,
PanTS_00003123,mpd,0,False,1.5,1.5,0,no_mask,0,0,0,0,0,0.0,,,,,,,,,,,,,,,,,,,,,,,,,,
PanTS_00003127,cbd,1,False,5.0,0.78125,634,orient_ambiguous,4,323,0,2,1,7.874007874011811,17.43448580632688,False,9.376342601301697,,,,,,,,,,,,,,,,,,,,,,,
PanTS_00003127,mpd,1,False,5.0,0.78125,253,orient_ambiguous,5,125,2,1,1,5.656854249492381,18.727922061357855,True,12.130324433585644,,,,,,,,,,,,,,,,,,,,,,,
PanTS_00003128,cbd,1,False,3.0,0.7421875,1560,ok,2,1483,0,1,0,0.0,55.01972184338276,False,13.735232185085874,56.0,56.0,4.725548778016115,6.0662366612127645,6.45012607240867,2.6771539640093605,3.7472176295447315,0.0,True,,,,,,,,,0.0,False,,,,
PanTS_00003128,mpd,1,False,3.0,0.7421875,275,orient_ambiguous,7,156,4,1,1,3.4641016151377544,31.28839999367293,True,10.339558006550611,,,,,,,,,,,,,,,,,,,,,,,
PanTS_00003130,cbd,1,False,5.0,0.78125,1032,ok,1,1032,0,0,0,0.0,37.534440469144215,True,18.320508906039308,38.0,38.0,4.261736353013795,6.109339776660914,6.362297543492776,5.6506967503594305,3.981947832849656,0.0,True,,,,,,,,,0.0,False,,,,
PanTS_00003130,mpd,1,False,5.0,0.78125,16,too_small,2,13,2,0,0,0.0,,,,,,,,,,,,,,,,,,,,,,,,,,
PanTS_00003144,cbd,0,False,2.0,0.5703125,804,ok,1,804,0,0,0,0.0,14.535169427003229,False,11.870810742635985,15.0,15.0,5.613112272238121,6.620781792064003,6.783791547890291,4.903491219929183,6.300280463268161,0.0,False,,,,,,,,,0.0,False,,,,
PanTS_00003144,mpd,0,False,2.0,0.5703125,0,no_mask,0,0,0,0,0,0.0,,,,,,,,,,,,,,,,,,,,,,,,,,
PanTS_00003147,cbd,1,False,2.5,0.6132810115814209,821,ok,4,799,3,0,0,0.0,35.2664912767131,True,26.371218546689903,36.0,36.0,3.7895613524732354,5.101768402437148,5.826587745357248,2.025429951625269,4.753621985082207,0.0,True,,,,,,,,,0.0,False,,,,
PanTS_00003147,mpd,1,False,2.5,0.6132810115814209,382,orient_ambiguous,8,200,3,3,0,0.0,9.464101615137753,False,3.9702731215056204,,,,,,,,,,,,,,,,,,,,,,,
PanTS_00003148,cbd,1,False,0.800000011920929,0.78125,147,orient_ambiguous,3,108,1,1,0,0.0,1.0,False,0.0,,,,,,,,,,,,,,,,,,,,,,,
PanTS_00003148,mpd,1,False,0.800000011920929,0.78125,44,orient_ambiguous,1,44,0,0,0,0.0,6.146264369941973,False,4.381608764474196,,,,,,,,,,,,,,,,,,,,,,,
PanTS_00003151,cbd,1,False,5.0,0.8828120231628418,3398,ok,1,3398,0,0,0,0.0,52.80166070371631,True,30.78232676539939,53.0,53.0,5.847940353050284,8.836218827526235,9.548112066493678,4.778390728288303,6.021032349961535,0.20754716981132076,True,,,,,,,,,0.0,False,,,,
PanTS_00003151,mpd,1,False,5.0,0.8828120231628418,6942,ok,5,6048,1,2,1,6.48074069840786,72.96383519906935,False,18.644464614247415,73.0,62.0,2.571541110766331,3.381713489919345,3.8569111644755463,3.0024808525713595,,0.14516129032258066,True,,,,,,,,,0.0,False,,,,
PanTS_00003153,cbd,1,False,3.0,0.9765625,1255,ok,2,1216,0,1,0,0.0,69.75444348144461,True,17.35872214448501,70.0,70.0,2.748474000818918,5.668296003289096,6.347007740376599,1.6478488959250555,4.003267143543527,0.0,True,,,,,,,,,0.0,False,,,,
PanTS_00003153,mpd,1,False,3.0,0.9765625,65,orient_ambiguous,3,39,2,0,0,0.0,6.414213562373095,True,4.474495978212921,,,,,,,,,,,,,,,,,,,,,,,
PanTS_00003157,cbd,0,False,0.8000000715255737,0.703125,677,orient_ambiguous,3,385,0,2,0,0.0,17.535169427003233,True,9.618306099526631,,,,,,,,,,,,,,,,,,,,,,,
PanTS_00003157,mpd,0,False,0.8000000715255737,0.703125,47,orient_ambiguous,1,47,0,0,0,0.0,2.0,True,0.15777517416816167,,,,,,,,,,,,,,,,,,,,,,,
PanTS_00003160,cbd,1,False,1.5,1.5,90,orient_ambiguous,3,54,1,1,0,0.0,5.0,False,2.328643437009248,,,,,,,,,,,,,,,,,,,,,,,
PanTS_00003160,mpd,1,False,1.5,1.5,26,too_small,2,13,2,0,0,0.0,,,,,,,,,,,,,,,,,,,,,,,,,,
PanTS_00003161,cbd,1,False,0.800000011920929,0.7559999823570251,4484,loop_in_skeleton,2,4460,0,0,1,7.3484692283495345,,,,,,,,,,,,,,,,,,,,,,,,,,
PanTS_00003161,mpd,1,False,0.800000011920929,0.7559999823570251,3,too_small,1,3,1,0,0,0.0,,,,,,,,,,,,,,,,,,,,,,,,,,
PanTS_00003162,cbd,1,False,5.0,0.8652340173721313,1274,orient_ambiguous,4,966,0,3,0,0.0,10.70674230225704,True,5.833356815361768,,,,,,,,,,,,,,,,,,,,,,,
PanTS_00003162,mpd,1,False,5.0,0.8652340173721313,133,orient_ambiguous,4,82,2,1,0,0.0,14.38890505706126,False,1.8706160636297255,,,,,,,,,,,,,,,,,,,,,,,
PanTS_00003180,cbd,0,False,2.5,0.703125,587,orient_ambiguous,3,506,0,2,0,0.0,10.610365985079726,False,5.782626865336763,,,,,,,,,,,,,,,,,,,,,,,
PanTS_00003180,mpd,0,False,2.5,0.703125,104,orient_ambiguous,2,94,1,0,0,0.0,25.70674230225704,False,11.181004759594755,,,,,,,,,,,,,,,,,,,,,,,
PanTS_00003187,cbd,1,False,0.8015009164810181,0.658203125,0,no_mask,0,0,0,0,0,0.0,,,,,,,,,,,,,,,,,,,,,,,,,,
PanTS_00003187,mpd,1,False,0.8015009164810181,0.658203125,0,no_mask,0,0,0,0,0,0.0,,,,,,,,,,,,,,,,,,,,,,,,,,
PanTS_00003188,cbd,1,False,1.25,0.84375,1588,ok,1,1588,0,0,0,0.0,64.89730806303459,False,46.24091502619885,65.0,65.0,3.989792567507566,5.560806267177824,5.907234719769135,3.5033074829066564,3.8780402233691236,0.0,True,,,,,,,,,0.0,False,,,,
PanTS_00003188,mpd,1,False,1.25,0.84375,199,orient_ambiguous,2,151,0,1,0,0.0,10.120955864630135,True,5.07409460752551,,,,,,,,,,,,,,,,,,,,,,,
PanTS_00003192,cbd,1,False,2.5,0.8789060115814209,14740,ok,1,14740,0,0,0,0.0,63.43660623624884,True,45.56724712880387,64.0,64.0,12.823359136987857,14.205977294261261,16.15642895262278,15.114854722107268,8.146659424753452,0.921875,True,,,,,,,,,0.0,False,,,,
PanTS_00003192,mpd,1,False,2.5,0.8789060115814209,5633,ok,1,5633,0,0,0,0.0,147.9374807076592,False,89.33144836679543,148.0,148.0,5.30084557326188,7.971250549683031,8.504852227499153,6.194052830376269,3.857226313941204,0.918918918918919,True,,,,,,,,,0.0,False,,,,
PanTS_00003199,cbd,0,False,1.5,1.5,0,no_mask,0,0,0,0,0,0.0,,,,,,,,,,,,,,,,,,,,,,,,,,
PanTS_00003199,mpd,0,False,1.5,1.5,0,no_mask,0,0,0,0,0,0.0,,,,,,,,,,,,,,,,,,,,,,,,,,
PanTS_00003202,cbd,1,False,3.75,0.8886719942092896,1076,ok,1,1076,0,0,0,0.0,42.60890806936169,False,30.175543945804513,43.0,43.0,3.5940067312198902,5.709197635489857,6.242896105180209,3.2031832526653155,3.526611215868108,0.0,True,,,,,,,,,0.0,False,,,,
PanTS_00003202,mpd,1,False,3.75,0.8886719942092896,922,ok,4,843,1,1,1,7.810249675906654,81.31525289352798,True,62.178096917976454,82.0,70.0,2.941378243930977,3.6711401636465357,3.999633996650041,2.668059531358072,,0.37142857142857144,True,,,,,,,,,0.0,False,,,,
PanTS_00003204,cbd,0,False,5.0,0.78125,482,orient_ambiguous,4,396,1,2,0,0.0,9.242640687119284,True,4.4164297787295155,,,,,,,,,,,,,,,,,,,,,,,
PanTS_00003204,mpd,0,False,5.0,0.78125,24,too_small,2,21,1,0,0,0.0,,,,,,,,,,,,,,,,,,,,,,,,,,
PanTS_00003205,cbd,1,False,0.800000011920929,0.62890625,0,no_mask,0,0,0,0,0,0.0,,,,,,,,,,,,,,,,,,,,,,,,,,
PanTS_00003205,mpd,1,False,0.800000011920929,0.62890625,9,too_small,1,9,1,0,0,0.0,,,,,,,,,,,,,,,,,,,,,,,,,,
PanTS_00003218,cbd,0,False,2.499999761581421,0.703125,4262,ok,1,4262,0,0,0,0.0,82.75031473523357,False,40.067573558996685,83.0,83.0,5.687813558067307,8.45153050570471,9.2573441818881,1.785920268088908,4.987978895667315,0.1686746987951807,True,,,,,,,,,0.0,False,,,,
PanTS_00003218,mpd,0,False,2.499999761581421,0.703125,487,orient_ambiguous,4,188,1,1,1,5.656854249492381,38.337559088578566,True,6.688869402252479,,,,,,,,,,,,,,,,,,,,,,,
PanTS_00003229,cbd,1,False,1.25,0.7753909826278687,116,orient_ambiguous,2,101,1,0,0,0.0,8.146264369941973,True,2.152275568911609,,,,,,,,,,,,,,,,,,,,,,,
PanTS_00003229,mpd,1,False,1.25,0.7753909826278687,40,too_small,3,21,2,0,0,0.0,,,,,,,,,,,,,,,,,,,,,,,,,,
PanTS_00003246,cbd,1,False,2.5,0.9765620231628418,12494,orient_ambiguous,5,6678,3,1,0,0.0,62.91921677999442,True,0.5933317609400888,,,,,,,,,,,,,,,,,,,,,,,
PanTS_00003246,mpd,1,False,2.5,0.9765620231628418,2821,ok,4,2683,1,2,0,0.0,83.37918964892113,False,44.838970444801745,84.0,84.0,4.307457054300437,6.4879536664765185,7.522539209272397,6.243954280760255,3.9400988174768377,1.0,True,,,,,,,,,0.0,False,,,,
PanTS_00003258,cbd,1,False,5.0,0.921875,1133,ok,3,1026,0,2,0,0.0,37.091518613107276,False,26.75524762568383,38.0,38.0,4.415698919127497,6.524403397806437,6.738002944549261,1.64576461310694,3.3294920815323135,0.0,True,,,,,,,,,0.0,False,,,,
PanTS_00003258,mpd,1,False,5.0,0.921875,0,no_mask,0,0,0,0,0,0.0,,,,,,,,,,,,,,,,,,,,,,,,,,
PanTS_00003260,cbd,1,False,0.800000011920929,0.68359375,0,no_mask,0,0,0,0,0,0.0,,,,,,,,,,,,,,,,,,,,,,,,,,
PanTS_00003260,mpd,1,False,0.800000011920929,0.68359375,0,no_mask,0,0,0,0,0,0.0,,,,,,,,,,,,,,,,,,,,,,,,,,
PanTS_00003265,cbd,1,False,0.800000011920929,0.78125,1023,loop_in_skeleton,1,1023,0,0,0,0.0,,,,,,,,,,,,,,,,,,,,,,,,,,
PanTS_00003265,mpd,1,False,0.800000011920929,0.78125,208,orient_ambiguous,3,134,0,2,0,0.0,7.242640687119285,True,5.268229638204062,,,,,,,,,,,,,,,,,,,,,,,
PanTS_00003270,cbd,1,True,0.78515625,0.699999988079071,15788,ok,4,10459,1,2,0,0.0,43.291799782024924,False,25.031948829368318,44.0,44.0,13.011007935667664,15.426255857091622,15.728680469713185,6.533833963762582,14.63916731120684,0.7954545454545454,True,1.033689464686687,8.0,0.18479250205073847,12.0,11.357003310435351,5.547434936812376,2.0472530890035503,35.0,1.0,False,8.0,38.66545718701815,245.57017119764944,-896.328574451854
PanTS_00003270,mpd,1,False,0.78515625,0.699999988079071,1008,ok,6,901,3,2,0,0.0,71.94379632744725,True,48.12449181550263,72.0,72.0,2.933481640795688,3.751322758054918,5.147781439101171,3.078542065069041,2.1412360021324424,0.3888888888888889,True,,,,,,,,,0.0,False,,,,
PanTS_00003276,cbd,1,True,2.5,0.9765620231628418,5632,ok,2,5628,1,0,0,0.0,50.530311722933185,True,35.66000009174621,51.0,51.0,9.22695455190183,11.715616031255204,12.274607999323855,2.808238992405097,11.435113495964742,0.5686274509803921,True,1.7933426066547895,21.0,0.4155921324045414,16.0,9.690505332587772,2.7957382465290594,3.4661704630677224,29.0,1.0,False,21.0,-207.68863092484327,-293.8725679223876,126.6458321243345
PanTS_00003276,mpd,1,False,2.5,0.9765620231628418,2009,ok,4,1550,1,2,0,0.0,48.24118277140125,False,34.19174511018082,49.0,49.0,4.695007732497538,5.975735205613397,6.735320730239346,5.818714323952173,2.3838943338027225,0.7142857142857143,True,,,,,,,,,0.0,False,,,,
PanTS_00003280,cbd,1,False,7.5,0.859375,827,ok,3,542,0,1,1,3.3166247903554,59.09370594661889,False,21.891744018460557,60.0,51.0,2.392334738401802,4.186767375641275,6.190208829262732,3.9418815134413743,2.2885306109279133,0.0,True,,,,,,,,,0.0,False,,,,
PanTS_00003280,mpd,1,False,7.5,0.859375,56,orient_ambiguous,1,56,0,0,0,0.0,1.0,False,0.0,,,,,,,,,,,,,,,,,,,,,,,
PanTS_00003287,cbd,1,False,2.5,0.8222659826278687,14450,ok,6,12086,1,3,1,3.605551275463989,71.13654896180185,True,33.28678418061895,72.0,72.0,10.578323007560947,15.059497967917382,15.577817439310572,14.685678646809102,3.0725273795494257,0.7638888888888888,True,,,,,,,,,0.0,False,,,,
PanTS_00003287,mpd,1,False,2.5,0.8222659826278687,1640,ok,3,1590,1,0,1,5.830951894845301,105.01593099369377,False,57.39009401431982,106.0,94.0,3.889220343084993,4.46168524554919,5.5349576975105705,3.9892490917163794,2.770533119030208,0.723404255319149,True,,,,,,,,,0.0,False,,,,
PanTS_00003291,cbd,0,False,1.0,1.0,1176,ok,6,684,2,2,1,6.0,41.263091488361084,True,30.501838515785913,42.0,30.0,3.6494533326041054,3.9821419217439065,4.718920306369835,3.4625201978201705,3.6204202602200697,0.0,True,,,,,,,,,0.0,False,,,,
PanTS_00003291,mpd,0,False,1.0,1.0,846,orient_ambiguous,6,465,1,2,2,7.0,45.64825629549557,True,1.0119912763257517,,,,,,,,,,,,,,,,,,,,,,,
PanTS_00003292,cbd,1,False,2.5,0.9765620231628418,3007,ok,1,3007,0,0,0,0.0,94.6751181771571,True,39.946593459115945,95.0,95.0,5.329979417268428,6.238314053432059,7.274852694354667,4.243872473564933,4.726097512882941,0.0,True,,,,,,,,,0.0,False,,,,
PanTS_00003292,mpd,1,False,2.5,0.9765620231628418,500,ok,3,313,0,1,1,5.916079783099616,31.350744146714515,False,26.604948670257585,32.0,20.0,2.0,2.635985567962293,2.741712090226125,2.0805795838348384,1.6800809745323009,0.0,True,,,,,,,,,0.0,False,,,,
PanTS_00003300,cbd,1,False,2.5,0.7539060115814209,14066,ok,2,14064,1,0,0,0.0,127.11245337126496,True,63.53317040019758,128.0,128.0,9.812205100044796,12.544354839322521,14.028867542681834,8.786851219832378,6.79363309129363,0.9453125,True,,,,,,,,,0.0,False,,,,
PanTS_00003300,mpd,1,False,2.5,0.7539060115814209,2805,ok,4,1615,1,2,0,0.0,61.944525285306256,False,24.767838073972477,62.0,62.0,3.834561037606166,6.01989036470477,6.437573644876579,2.5352881104198763,6.079672035891445,0.5967741935483871,True,,,,,,,,,0.0,False,,,,
PanTS_00003303,cbd,1,False,5.0,0.859375,2241,ok,1,2241,0,0,0,0.0,59.53371151128519,True,31.183307837791236,60.0,60.0,5.3989106331012895,5.939259458794588,6.715614216125356,5.4058822263691555,4.617812110770291,0.0,True,,,,,,,,,0.0,False,,,,
PanTS_00003303,mpd,1,False,5.0,0.859375,0,no_mask,0,0,0,0,0,0.0,,,,,,,,,,,,,,,,,,,,,,,,,,
PanTS_00003318,cbd,1,False,2.5,0.8027340173721313,1800,ok,1,1800,0,0,0,0.0,49.48382345852054,True,35.960878967844515,50.0,50.0,4.56213725254112,5.907096405525236,6.098647960969007,4.4037477855406895,5.876086833718729,0.0,True,,,,,,,,,0.0,False,,,,
PanTS_00003318,mpd,1,False,2.5,0.8027340173721313,886,ok,6,544,3,1,1,7.681145747868608,46.24016576446563,False,31.84015514591174,47.0,33.0,2.3757939267201245,2.728115109679435,3.1071878109797844,2.3797318155315628,2.452865914436315,0.0,True,,,,,,,,,0.0,False,,,,
PanTS_00003339,cbd,1,False,2.5,0.82421875,1031,ok,1,1031,0,0,0,0.0,35.31297954112575,False,26.250422250386233,36.0,36.0,4.156758022253333,6.727923717915578,7.07330458236657,6.116183165061699,2.35928151774809,0.0,True,,,,,,,,,0.0,False,,,,
PanTS_00003339,mpd,1,False,2.5,0.82421875,14,too_small,1,14,1,0,0,0.0,,,,,,,,,,,,,,,,,,,,,,,,,,
PanTS_00003343,cbd,1,False,2.5,0.8105469942092896,493,ok,2,402,0,1,0,0.0,20.413484604514082,False,13.089133637131397,21.0,21.0,3.230278959609516,3.987344441927215,4.182590758695959,3.546109380339157,2.893266494999713,0.0,False,,,,,,,,,0.0,False,,,,
PanTS_00003343,mpd,1,False,2.5,0.8105469942092896,22,orient_ambiguous,1,22,0,0,0,0.0,2.0,True,0.8595495090764871,,,,,,,,,,,,,,,,,,,,,,,
PanTS_00003355,cbd,1,False,2.0,0.703125,1203,ok,2,764,0,1,0,0.0,23.241911729260273,False,17.543837372981088,24.0,24.0,2.65777911232753,4.367780042018362,4.791064734928295,1.8225485847652203,3.371488214336122,0.0,True,,,,,,,,,0.0,False,,,,
PanTS_00003355,mpd,1,False,2.0,0.703125,1143,ok,3,1061,1,1,0,0.0,35.72719310349885,True,17.20133040818063,36.0,36.0,4.461488014004808,6.0374503317540675,6.327682006720868,4.461488014004808,1.9206199056176962,0.75,True,,,,,,,,,0.0,False,,,,
PanTS_00003356,cbd,1,False,2.5,0.765625,1797,ok,2,1192,0,1,0,0.0,39.72719310349884,True,11.928060329092578,40.0,40.0,4.994614271559216,6.333249308658555,6.778223898924075,4.184023470826031,4.044521284213195,0.0,True,,,,,,,,,0.0,False,,,,
PanTS_00003356,mpd,1,True,2.5,0.765625,1506,ok,3,1143,0,1,1,5.385164807134504,53.96196479448033,False,23.57586482866933,54.0,45.0,4.232124444733708,5.993258965982485,6.319210003626162,3.7799078680655196,3.0656927858761587,0.7777777777777778,True,1.60533731369833,5.0,0.09265785667818087,5.0,6.085337647507643,2.0,3.0426688237538215,23.0,1.0,False,5.0,-237.6580161385966,-190.1837740809102,118.91800287238523
PanTS_00003360,cbd,1,False,2.5,0.896484375,16,too_small,2,8,2,0,0,0.0,,,,,,,,,,,,,,,,,,,,,,,,,,
PanTS_00003360,mpd,1,True,2.5,0.896484375,2484,ok,5,1875,0,3,0,0.0,26.56314876280806,True,16.4365949586716,27.0,27.0,7.0732118104922925,8.116063231133058,8.401504769118057,6.619085356409739,6.704007755461115,1.0,True,1.0838975308808207,5.0,0.18823069676892618,8.0,8.10335095629769,3.82277713391902,2.119755003344997,21.0,1.0,False,5.0,1.4845373239932087,138.3448377406659,373.43340061312136
PanTS_00003370,cbd,1,False,0.9765620231628418,0.800000011920929,118,orient_ambiguous,4,75,2,1,0,0.0,9.560477932315067,False,8.031257469425107,,,,,,,,,,,,,,,,,,,,,,,
PanTS_00003370,mpd,1,False,0.9765620231628418,0.800000011920929,93,orient_ambiguous,4,46,2,0,1,5.744562646538029,17.03709138642197,True,4.698300840076811,,,,,,,,,,,,,,,,,,,,,,,
PanTS_00003391,cbd,1,False,2.5,0.826171875,1132,ok,3,1114,2,0,0,0.0,48.53031172293317,False,30.529616084963223,49.0,49.0,3.9346573870334844,5.580561334151529,5.9881656755741215,1.553109683830215,4.139007515904336,0.0,True,,,,,,,,,0.0,False,,,,
PanTS_00003391,mpd,1,False,2.5,0.826171875,3777,ok,3,2948,0,2,0,0.0,97.40983981521899,True,62.34033249375965,98.0,98.0,5.166764411186316,6.504656314061122,7.204198227321474,6.6893652302234194,2.0,0.7857142857142857,True,,,,,,,,,0.0,False,,,,
PanTS_00003398,cbd,1,False,0.800000011920929,0.798828125,163,orient_ambiguous,2,155,1,0,0,0.0,11.803118619434352,False,9.63836275569259,,,,,,,,,,,,,,,,,,,,,,,
PanTS_00003398,mpd,1,False,0.800000011920929,0.798828125,0,no_mask,0,0,0,0,0,0.0,,,,,,,,,,,,,,,,,,,,,,,,,,
PanTS_00003405,cbd,1,False,1.5,1.5,1508,ok,2,1459,0,1,0,0.0,39.38817609920224,True,27.251682716305993,40.0,40.0,4.27758182871092,6.368150897597939,7.017276433355935,4.555769818797083,3.7336000592182845,0.0,True,,,,,,,,,0.0,False,,,,
PanTS_00003405,mpd,1,False,1.5,1.5,488,ok,2,361,0,1,0,0.0,38.045030348694624,False,24.101478771099227,39.0,39.0,2.703025393946687,3.2627660438963395,3.8712598888429737,2.587378723543532,3.198310945176267,0.15384615384615385,True,,,,,,,,,0.0,False,,,,
PanTS_00003411,cbd,0,False,0.800000011920929,0.78125,1261,ok,1,1261,0,0,0,0.0,35.92334552620548,False,25.07745045989702,36.0,36.0,3.4975693725651578,6.881135224631958,7.824566972278161,6.6696983897807876,2.5472759232363535,0.0,True,,,,,,,,,0.0,False,,,,
PanTS_00003411,mpd,0,False,0.800000011920929,0.78125,0,no_mask,0,0,0,0,0,0.0,,,,,,,,,,,,,,,,,,,,,,,,,,
PanTS_00003416,cbd,1,False,5.0,0.8203120231628418,433,ok,2,416,1,0,0,0.0,21.267220234572108,True,14.813231274425824,22.0,22.0,3.382145182112472,4.918564131798277,5.412298091971938,1.9137423640627773,4.239719794590839,0.0,True,,,,,,,,,0.0,False,,,,
PanTS_00003416,mpd,1,False,5.0,0.8203120231628418,0,no_mask,0,0,0,0,0,0.0,,,,,,,,,,,,,,,,,,,,,,,,,,
PanTS_00003428,cbd,0,False,0.800000011920929,0.6640620231628418,1699,ok,2,1681,1,0,0,0.0,46.215874266089415,False,30.84888694096164,47.0,47.0,5.659670490180288,6.226508059585711,6.520832528167141,5.1562188982683175,4.421785718894613,0.0,True,,,,,,,,,0.0,False,,,,
PanTS_00003428,mpd,0,False,0.800000011920929,0.6640620231628418,0,no_mask,0,0,0,0,0,0.0,,,,,,,,,,,,,,,,,,,,,,,,,,
PanTS_00003431,cbd,1,False,2.5,0.8359379768371582,863,ok,2,855,1,0,0,0.0,38.534440469144215,False,18.339001682927226,39.0,39.0,4.166550554621135,4.6621001531130375,5.224496140900562,4.34293172435466,2.3848238029945366,0.0,True,,,,,,,,,0.0,False,,,,
PanTS_00003431,mpd,1,False,2.5,0.8359379768371582,639,ok,7,330,2,1,2,7.0,87.13746696534182,True,38.51534169715402,88.0,68.0,2.0,3.313175713055215,3.8242216617770843,2.5505187990846245,2.7812834327120175,0.11764705882352941,True,,,,,,,,,0.0,False,,,,
PanTS_00003434,cbd,1,False,2.5,0.8476560115814209,17569,ok,1,17569,0,0,0,0.0,102.21781613872336,False,58.72385486926426,103.0,103.0,9.860224016250282,17.080907804033306,18.03259322288264,11.137360459746482,5.779029692306899,0.6504854368932039,True,,,,,,,,,0.0,False,,,,
PanTS_00003434,mpd,1,False,2.5,0.8476560115814209,5652,ok,3,5183,0,1,1,5.385164807134504,147.8339643522031,True,71.5473228853828,148.0,136.0,5.71860974943696,6.891016934397239,7.768158007736702,6.163429088385655,2.0,0.8529411764705882,True,,,,,,,,,0.0,False,,,,
PanTS_00003437,cbd,1,False,2.5,0.8867189884185791,1114,ok,2,935,0,1,0,0.0,43.92334552620547,True,30.712571931080227,44.0,44.0,4.245308373756544,5.16869008411417,5.540637854285597,1.9999620201642836,4.694824339954929,0.0,True,,,,,,,,,0.0,False,,,,
PanTS_00003437,mpd,1,False,2.5,0.8867189884185791,1183,ok,4,789,1,1,1,6.324555320336759,78.7789415273344,False,34.537416645181665,79.0,67.0,2.907789461948664,4.001432473235227,5.167567157946115,4.054903279775527,2.6539060915044606,0.417910447761194,True,,,,,,,,,0.0,False,,,,
PanTS_00003441,cbd,1,False,2.0,0.6875,2259,ok,2,2258,1,0,0,0.0,51.19129471863658,True,20.446390742550523,52.0,52.0,4.591434174384076,8.937699517171573,9.655486569452084,3.22857778176598,6.551725200402407,0.17307692307692307,True,,,,,,,,,0.0,False,,,,
PanTS_00003441,mpd,1,True,2.0,0.6875,1382,ok,4,1206,0,2,1,6.4031242374328485,63.701155640327954,True,27.142304398246523,64.0,64.0,3.313378432851437,5.349536010333108,5.83815604283505,3.417651920685458,3.126570410927438,0.578125,True,1.3463737820625885,41.0,0.6436303955221137,12.0,5.085444153852509,2.0,2.5427220769262546,15.0,1.0,False,22.701155640327954,-19.659841511421263,110.4457003439102,719.5955815747911
PanTS_00003447,cbd,0,False,5.0,0.7949219942092896,2602,ok,3,2274,1,1,0,0.0,52.43393540575587,True,38.14589493010947,53.0,53.0,5.588596742160167,7.449948933601497,9.943338987862651,4.706665725753769,5.212340214622874,0.07547169811320754,True,,,,,,,,,0.0,False,,,,
PanTS_00003447,mpd,0,False,5.0,0.7949219942092896,517,orient_ambiguous,7,148,1,4,1,7.0710678118654755,8.071067811865476,False,6.061047916681062,,,,,,,,,,,,,,,,,,,,,,,
PanTS_00003457,cbd,1,False,5.0,0.6992189884185791,6492,ok,1,6492,0,0,0,0.0,63.433206447896836,True,26.317338640546808,64.0,64.0,8.243648764217498,9.151470939783497,10.70231214129076,5.745468650150167,8.189048545589038,0.625,True,,,,,,,,,0.0,False,,,,
PanTS_00003457,mpd,1,True,5.0,0.6992189884185791,1492,ok,5,1317,0,2,2,7.54983443527075,91.64329492101197,False,24.44561070367924,92.0,78.0,3.318394585648778,4.658928876267375,5.343666294893092,1.8295640844741947,3.291152781975904,0.5384615384615384,True,1.1769012524078821,38.0,0.4146511758743777,16.0,4.521812755128877,2.0,2.2609063775644387,32.0,1.0,False,38.0,-170.83473138583904,-195.94078714474338,54.57885320931112
PanTS_00003473,cbd,1,False,5.0,0.703125,1274,ok,1,1274,0,0,0,0.0,36.80238966157534,True,25.221476559084643,37.0,37.0,4.213537281350528,7.40187102908153,8.004370204700033,2.0,4.405446836887072,0.0,True,,,,,,,,,0.0,False,,,,
PanTS_00003473,mpd,1,False,5.0,0.703125,90,orient_ambiguous,2,80,1,0,0,0.0,20.120955864630137,False,1.5616496474562318,,,,,,,,,,,,,,,,,,,,,,,
PanTS_00003477,cbd,0,False,0.800000011920929,0.7421879768371582,0,no_mask,0,0,0,0,0,0.0,,,,,,,,,,,,,,,,,,,,,,,,,,
PanTS_00003477,mpd,0,False,0.800000011920929,0.7421879768371582,44,orient_ambiguous,2,38,1,0,0,0.0,3.414213562373095,True,2.6070706996256376,,,,,,,,,,,,,,,,,,,,,,,
PanTS_00003485,cbd,1,False,0.800000011920929,0.703125,1090,ok,2,734,0,1,0,0.0,38.706013344398016,False,17.31326652899509,39.0,39.0,1.9955737454894373,2.726603298888248,3.4179028342285287,1.9193168395724043,1.9579936408347862,0.0,True,,,,,,,,,0.0,False,,,,
PanTS_00003485,mpd,1,False,0.800000011920929,0.703125,45,orient_ambiguous,1,45,0,0,0,0.0,4.82842712474619,True,2.6025397819466036,,,,,,,,,,,,,,,,,,,,,,,
PanTS_00003493,cbd,1,False,5.0,0.685546875,1113,ok,1,1113,0,0,0,0.0,40.220003012300445,False,30.908354192649387,41.0,41.0,3.823609634121291,6.085294763893218,7.4530186578643915,4.321053817133652,3.8257722179436513,0.0,True,,,,,,,,,0.0,False,,,,
PanTS_00003493,mpd,1,False,5.0,0.685546875,0,no_mask,0,0,0,0,0,0.0,,,,,,,,,,,,,,,,,,,,,,,,,,
PanTS_00003495,cbd,1,False,2.5,0.80859375,1385,ok,2,1345,0,1,0,0.0,41.31637932947775,False,31.61808121762549,42.0,42.0,4.544380925191804,5.586906257432211,5.812838915752266,4.493222193076523,5.548216931038796,0.0,True,,,,,,,,,0.0,False,,,,
PanTS_00003495,mpd,1,False,2.5,0.80859375,0,no_mask,0,0,0,0,0,0.0,,,,,,,,,,,,,,,,,,,,,,,,,,
PanTS_00003496,cbd,1,False,2.5,0.8632810115814209,101,orient_ambiguous,2,86,1,0,0,0.0,5.656854249492381,True,0.8061927631625672,,,,,,,,,,,,,,,,,,,,,,,
PanTS_00003496,mpd,1,False,2.5,0.8632810115814209,2551,ok,5,1927,1,1,2,7.0,133.06169030024745,False,70.463193754472,134.0,110.0,3.381275576779209,5.603863510376284,6.086853255091764,3.5771058930828916,,0.5545454545454546,True,,,,,,,,,0.0,False,,,,
PanTS_00003513,cbd,1,False,1.0,1.0,4602,ok,1,4602,0,0,0,0.0,92.18983680291853,False,38.249277692255816,93.0,93.0,6.854822813861152,8.501410467139046,9.158204513194853,2.690656160776077,5.9259651141100145,0.15053763440860216,True,,,,,,,,,0.0,False,,,,
PanTS_00003513,mpd,1,False,1.0,1.0,999,ok,4,807,1,2,0,0.0,87.06475219207735,True,52.487850561395604,88.0,88.0,2.6118728094293804,3.5210726737138938,3.911625629625554,2.6854827990342667,3.3466683557593173,0.2159090909090909,True,,,,,,,,,0.0,False,,,,
PanTS_00003516,cbd,0,False,0.800000011920929,0.78125,954,orient_ambiguous,2,760,0,1,0,0.0,20.192023676495616,False,8.570487430186951,,,,,,,,,,,,,,,,,,,,,,,
PanTS_00003516,mpd,0,False,0.800000011920929,0.78125,9,too_small,1,9,1,0,0,0.0,,,,,,,,,,,,,,,,,,,,,,,,,,
PanTS_00003521,cbd,1,False,2.5,0.6699219942092896,306,orient_ambiguous,2,235,0,0,1,7.874007874011811,26.091340055819263,False,9.606858959827193,,,,,,,,,,,,,,,,,,,,,,,
PanTS_00003521,mpd,1,False,2.5,0.6699219942092896,17,too_small,1,17,1,0,0,0.0,,,,,,,,,,,,,,,,,,,,,,,,,,
PanTS_00003527,cbd,1,False,1.0,1.0,1419,ok,2,1403,1,0,0,0.0,41.21660322394843,False,28.704599433824782,42.0,42.0,4.143389393410173,6.864623139986685,7.155423770469482,4.138784948647922,4.279256562699029,0.0,True,,,,,,,,,0.0,False,,,,
PanTS_00003527,mpd,1,False,1.0,1.0,419,orient_ambiguous,4,362,1,1,1,6.4031242374328485,11.135175045001725,False,3.50481299093434,,,,,,,,,,,,,,,,,,,,,,,
PanTS_00003558,cbd,1,False,2.5,0.7441409826278687,7225,ok,3,7181,1,1,0,0.0,71.43660623624883,False,38.89985095800736,72.0,72.0,8.12993275045142,10.563515643047829,12.616346114667047,7.507331965285979,1.8370506950628513,0.5416666666666666,True,,,,,,,,,0.0,False,,,,
PanTS_00003558,mpd,1,False,2.5,0.7441409826278687,2494,ok,3,1889,0,2,0,0.0,34.82356942067616,True,26.626680457982488,35.0,35.0,6.58922875855219,7.349122169707792,7.531486853520981,6.465667142099397,5.04966939151544,1.0,True,,,,,,,,,0.0,False,,,,
PanTS_00003563,cbd,0,False,0.822265625,0.699999988079071,753,ok,2,395,0,1,0,0.0,15.438793109825918,True,10.020301596594322,16.0,16.0,3.9699710104917534,4.400626735610329,4.812901413598278,3.705774460237288,4.065638889997919,0.0,False,,,,,,,,,0.0,False,,,,
PanTS_00003563,mpd,0,False,0.822265625,0.699999988079071,126,ok,5,50,3,1,0,0.0,12.53516942700323,True,10.514355169369622,13.0,13.0,1.7204886607311405,1.9993760129917029,2.0,1.7494742636448306,1.8575597660613425,0.0,False,,,,,,,,,0.0,False,,,,
PanTS_00003569,cbd,0,False,1.5000000773983382,1.4999999579575694,837,orient_ambiguous,3,362,0,2,0,0.0,27.095647359318303,False,4.050653251585068,,,,,,,,,,,,,,,,,,,,,,,
PanTS_00003569,mpd,0,False,1.5000000773983382,1.4999999579575694,98,orient_ambiguous,2,85,1,0,0,0.0,5.974691494688162,False,2.9819314974799305,,,,,,,,,,,,,,,,,,,,,,,
PanTS_00003570,cbd,1,False,2.5,0.8203125,3208,ok,1,3208,0,0,0,0.0,51.31225058326671,False,25.544782758087702,52.0,52.0,6.4784676300832835,7.464748310083582,7.937920788824224,3.3549077933894917,7.011787179917996,0.0,True,,,,,,,,,0.0,False,,,,
PanTS_00003570,mpd,1,False,2.5,0.8203125,121,orient_ambiguous,3,106,2,0,0,0.0,11.438793109825916,False,9.096999302503948,,,,,,,,,,,,,,,,,,,,,,,
PanTS_00003578,cbd,1,False,2.5,0.7617189884185791,298,orient_ambiguous,4,170,1,2,0,0.0,6.146264369941973,True,5.273338209527672,,,,,,,,,,,,,,,,,,,,,,,
PanTS_00003578,mpd,1,False,2.5,0.7617189884185791,277,ok,5,205,3,1,0,0.0,24.241911729260273,False,14.525665850922124,25.0,25.0,2.1361828811033905,2.654735629002544,3.2003115497447414,2.1631269658142367,2.245418349911418,0.0,True,,,,,,,,,0.0,False,,,,
PanTS_00003581,cbd,0,False,0.800000011920929,0.63671875,539,ok,2,527,1,0,0,0.0,32.38817609920225,False,21.123229158841166,33.0,33.0,3.0628232644054525,4.5759350100510385,5.469734126760945,2.135776288641886,2.358903069038334,0.0,True,,,,,,,,,0.0,False,,,,
PanTS_00003581,mpd,0,False,0.800000011920929,0.63671875,0,no_mask,0,0,0,0,0,0.0,,,,,,,,,,,,,,,,,,,,,,,,,,
PanTS_00003586,cbd,1,False,2.5,0.7421879768371582,1075,ok,2,1069,1,0,0,0.0,56.77708115626349,True,17.6926255953608,57.0,57.0,3.8010449523922145,5.228395981712646,6.027922687331203,2.864543300847342,2.5379739130317605,0.0,True,,,,,,,,,0.0,False,,,,
PanTS_00003586,mpd,1,False,2.5,0.7421879768371582,214,orient_ambiguous,5,88,2,2,0,0.0,13.342416792648603,True,4.226715775328646,,,,,,,,,,,,,,,,,,,,,,,
PanTS_00003587,cbd,1,False,1.0,0.78125,0,no_mask,0,0,0,0,0,0.0,,,,,,,,,,,,,,,,,,,,,,,,,,
PanTS_00003587,mpd,1,False,1.0,0.78125,63,orient_ambiguous,1,63,0,0,0,0.0,5.414213562373095,False,2.8077485348167244,,,,,,,,,,,,,,,,,,,,,,,
PanTS_00003588,cbd,1,False,1.25,0.9003909826278687,1140,ok,4,821,1,2,0,0.0,23.973962536829152,False,15.061488663066008,24.0,24.0,4.182567925008998,5.942831018241095,6.406413120453589,3.9475461148565842,3.9020665947797197,0.0,True,,,,,,,,,0.0,False,,,,
PanTS_00003588,mpd,1,False,1.25,0.9003909826278687,1706,ok,1,1706,0,0,0,0.0,68.77635219840447,True,37.939670826457856,69.0,69.0,4.869439535726619,5.636050289286156,5.968402559599319,5.3521998912937505,3.449475711429103,0.7391304347826086,True,,,,,,,,,0.0,False,,,,
PanTS_00003595,cbd,1,False,1.25,0.7851560115814209,204,orient_ambiguous,3,174,1,1,0,0.0,3.414213562373095,True,2.259325894849777,,,,,,,,,,,,,,,,,,,,,,,
PanTS_00003595,mpd,1,False,1.25,0.7851560115814209,807,ok,3,749,0,2,0,0.0,35.505732175480375,True,27.375043677115713,36.0,36.0,3.7904574312153834,3.9694160241183636,4.005289868472893,3.680749483830379,3.8739415203318583,0.9722222222222222,True,,,,,,,,,0.0,False,,,,
PanTS_00003602,cbd,1,False,2.5,0.7421879768371582,1971,ok,1,1971,0,0,0,0.0,93.70042668246894,True,49.86919779697749,94.0,94.0,3.7281663242027707,6.45938745830405,8.100910810745782,3.259216559349615,3.775130811952659,0.02127659574468085,True,,,,,,,,,0.0,False,,,,
PanTS_00003602,mpd,1,False,2.5,0.7421879768371582,6031,ok,5,5523,2,1,1,7.681145747868608,94.69702689411692,False,37.96549026501822,95.0,95.0,6.630725985867118,8.63077459360909,9.615919999422378,7.996689112215664,3.543716651851502,0.9894736842105263,True,,,,,,,,,0.0,False,,,,
PanTS_00003615,cbd,1,False,1.25,0.7421879768371582,2350,ok,1,2350,0,0,0,0.0,26.26722023457211,False,22.103751152342415,27.0,27.0,7.980734021523943,10.080767317296834,10.44309642421989,6.660954954541545,10.037753786207297,0.4444444444444444,True,,,,,,,,,0.0,False,,,,
PanTS_00003615,mpd,1,False,1.25,0.7421879768371582,872,ok,6,344,1,4,0,0.0,50.772952410052454,True,32.771413560436926,51.0,51.0,2.0,3.0251648171190566,3.369811235051299,3.0285733331656646,2.0,0.0392156862745098,True,,,,,,,,,0.0,False,,,,
PanTS_00003624,cbd,1,False,2.5,0.78125,2049,loop_in_skeleton,2,1969,0,0,0,0.0,,,,,,,,,,,,,,,,,,,,,,,,,,
PanTS_00003624,mpd,1,False,2.5,0.78125,42,orient_ambiguous,1,42,0,0,0,0.0,6.242640687119285,False,4.930183611783107,,,,,,,,,,,,,,,,,,,,,,,
PanTS_00003631,cbd,1,False,2.5,0.9628909826278687,741,ok,1,741,0,0,0,0.0,27.656125291633373,True,23.463049947035785,28.0,28.0,4.18024316846739,5.023200027703995,5.596130407654157,4.465518640702713,4.1193235758324676,0.0,True,,,,,,,,,0.0,False,,,,
PanTS_00003631,mpd,1,False,2.5,0.9628909826278687,547,ok,6,398,3,2,0,0.0,56.705284386539,False,34.74392341410815,57.0,57.0,2.061548107795339,2.746972540049086,3.548786194376474,1.938238333340884,2.549472390376307,0.017543859649122806,True,,,,,,,,,0.0,False,,,,
PanTS_00003639,cbd,1,False,0.800000011920929,0.599609375,0,no_mask,0,0,0,0,0,0.0,,,,,,,,,,,,,,,,,,,,,,,,,,
PanTS_00003639,mpd,1,False,0.800000011920929,0.599609375,60,orient_ambiguous,1,60,0,0,0,0.0,9.610365985079726,True,4.18918729209927,,,,,,,,,,,,,,,,,,,,,,,
PanTS_00003642,cbd,1,False,2.5,0.7421879768371582,4455,ok,1,4455,0,0,0,0.0,66.62595908225144,True,31.600904619777204,67.0,67.0,7.431815213179466,8.693968143162754,9.226795068289794,4.150241630378046,5.221890894575095,0.2537313432835821,True,,,,,,,,,0.0,False,,,,
PanTS_00003642,mpd,1,False,2.5,0.7421879768371582,341,ok,3,226,0,1,0,0.0,33.75590139716269,False,23.91992400880945,34.0,34.0,2.174716196058599,2.984077691606964,3.454058109731431,2.1787524437490466,2.204446671768915,0.029411764705882353,True,,,,,,,,,0.0,False,,,,
PanTS_00003654,cbd,1,False,0.800000011920929,0.7820000052452087,2597,ok,2,2310,0,1,0,0.0,46.169386001676756,False,25.017661561808296,47.0,47.0,5.245684739736423,6.538366452818281,7.540652370893893,5.292742965714142,6.545425082921589,0.0,True,,,,,,,,,0.0,False,,,,
PanTS_00003654,mpd,1,False,0.800000011920929,0.7820000052452087,581,orient_ambiguous,8,247,2,3,2,7.54983443527075,43.91270202916114,True,8.451941851150027,,,,,,,,,,,,,,,,,,,,,,,
PanTS_00003662,cbd,0,False,2.5,0.865234375,1550,ok,1,1550,0,0,0,0.0,58.77635219840445,False,36.05948194784443,59.0,59.0,4.5611180990676905,5.932973420422745,7.353142394442758,2.431454349732211,3.185206430358156,0.0,True,,,,,,,,,0.0,False,,,,
PanTS_00003662,mpd,0,False,2.5,0.865234375,118,orient_ambiguous,2,115,1,0,0,0.0,20.413484604514082,False,1.6456169596863912,,,,,,,,,,,,,,,,,,,,,,,
PanTS_00003672,cbd,1,False,2.5,0.7109375,2467,ok,1,2467,0,0,0,0.0,42.41275564665506,False,30.880163722433984,43.0,43.0,5.6224275465938875,8.824082483672296,9.67553118695209,5.168823271566619,5.146239416630226,0.2558139534883721,True,,,,,,,,,0.0,False,,,,
PanTS_00003672,mpd,1,False,2.5,0.7109375,437,orient_ambiguous,1,437,0,0,0,0.0,22.827698166887178,False,12.730023900521607,,,,,,,,,,,,,,,,,,,,,,,
PanTS_00003676,cbd,0,False,1.0,0.76171875,1335,orient_ambiguous,1,1335,0,0,0,0.0,23.388176099202248,True,8.82233267307641,,,,,,,,,,,,,,,,,,,,,,,
PanTS_00003676,mpd,0,False,1.0,0.76171875,278,orient_ambiguous,1,278,0,0,0,0.0,45.55902001659703,False,5.944676219692287,,,,,,,,,,,,,,,,,,,,,,,
PanTS_00003679,cbd,1,False,2.5,0.6640620231628418,4961,loop_in_skeleton,2,4943,1,0,0,0.0,,,,,,,,,,,,,,,,,,,,,,,,,,
PanTS_00003679,mpd,1,False,2.5,0.6640620231628418,2725,ok,6,2301,0,4,1,6.0,110.28208437388483,False,53.905229426842915,111.0,111.0,3.8491232623556604,5.640026314078928,6.714762354793956,6.13994756636353,2.559932168749545,0.6576576576576577,True,,,,,,,,,0.0,False,,,,
PanTS_00003684,cbd,1,False,1.5,0.6992189884185791,935,orient_ambiguous,1,935,0,0,0,0.0,33.070338854006465,True,8.753981851322806,,,,,,,,,,,,,,,,,,,,,,,
PanTS_00003684,mpd,1,False,1.5,0.6992189884185791,1958,ok,1,1958,0,0,0,0.0,101.17817952214443,False,69.3467798512521,102.0,102.0,3.6140392902321414,5.558294965950757,6.414319976668521,3.91523573213159,2.0,0.6372549019607843,True,,,,,,,,,0.0,False,,,,
PanTS_00003700,cbd,1,False,2.5,0.7519530057907104,552,ok,2,392,0,0,1,5.916079783099616,33.06161519518258,True,26.52667561588416,34.0,22.0,3.633319463922188,5.12958845077857,5.405936583112279,3.321481659109112,2.3271747056926078,0.0,True,,,,,,,,,0.0,False,,,,
PanTS_00003700,mpd,1,False,2.5,0.7519530057907104,784,ok,4,584,0,2,1,6.48074069840786,73.64939774222559,False,42.61034304992405,74.0,63.0,2.3746445749686793,2.9444539246975743,3.5849531836543393,,2.5850077383818286,0.06349206349206349,True,,,,,,,,,0.0,False,,,,
PanTS_00003706,cbd,1,False,0.800000011920929,0.78125,646,ok,1,646,0,0,0,0.0,22.94938298937633,False,17.67379549414485,23.0,23.0,5.015393044088308,5.331336837176019,5.658505211398245,1.8771538532216954,5.1666216951733155,0.0,True,,,,,,,,,0.0,False,,,,
PanTS_00003706,mpd,1,False,0.800000011920929,0.78125,51,orient_ambiguous,3,38,2,0,0,0.0,2.0,True,0.933755879847439,,,,,,,,,,,,,,,,,,,,,,,
PanTS_00003711,cbd,1,True,2.5,0.7441409826278687,7018,ok,1,7018,0,0,0,0.0,63.41202668879601,False,42.09608800929113,64.0,64.0,10.191592575368414,11.655995442283158,12.324467020200673,4.5796176870377305,8.293007757003501,0.71875,True,1.186092632169831,12.0,0.18923855026573733,16.0,10.804408927909469,4.748446543201236,2.2753565465276386,46.0,1.0,False,12.0,13.378492728359731,101.53131513513684,-51.77668131230695
PanTS_00003711,mpd,1,False,2.5,0.7441409826278687,38,too_small,1,38,0,0,0,0.0,,,,,,,,,,,,,,,,,,,,,,,,,,
PanTS_00003730,cbd,1,False,2.5,0.9765620231628418,4823,ok,2,4819,1,0,0,0.0,103.40716898472598,True,60.77332799270138,104.0,104.0,6.803746378030414,8.60564424776059,9.788296462041572,1.7157814510677758,5.468756401997776,0.22115384615384615,True,,,,,,,,,0.0,False,,,,
PanTS_00003730,mpd,1,False,2.5,0.9765620231628418,1623,ok,2,1374,0,1,0,0.0,49.851548756480966,False,34.842570945318116,50.0,50.0,4.035542260910377,6.281310925124358,7.040258526218963,5.462327119152574,2.851833657548973,0.76,True,,,,,,,,,0.0,False,,,,
PanTS_00003736,cbd,1,False,0.9765625,0.800000011920929,2026,ok,1,2026,0,0,0,0.0,58.290341866306875,False,43.91121217725761,59.0,59.0,4.5418826753347785,6.5451269525167115,6.985382075804194,3.687629881079695,3.5621718093555823,0.0,True,,,,,,,,,0.0,False,,,,
PanTS_00003736,mpd,1,False,0.9765625,0.800000011920929,38,too_small,5,12,5,0,0,0.0,,,,,,,,,,,,,,,,,,,,,,,,,,
PanTS_00003746,cbd,1,False,1.5,1.5,1382,ok,1,1382,0,0,0,0.0,54.21587426608939,False,26.411294794645563,55.0,55.0,3.8947297499519733,5.69913196463476,6.198999594641237,3.3752395136323994,5.300437694857963,0.0,True,,,,,,,,,0.0,False,,,,
PanTS_00003746,mpd,1,False,1.5,1.5,78,orient_ambiguous,4,34,2,0,1,5.656854249492381,19.459972868926734,True,2.4092813625755536,,,,,,,,,,,,,,,,,,,,,,,
PanTS_00003750,cbd,1,False,1.2000000476837158,0.66015625,721,ok,1,721,0,0,0,0.0,26.28839999367293,True,19.08702298558734,27.0,27.0,3.893433250736928,4.7566704206457215,5.1575222169470525,3.4447061186071863,3.9171802386850945,0.0,True,,,,,,,,,0.0,False,,,,
PanTS_00003750,mpd,1,False,1.2000000476837158,0.66015625,60,orient_ambiguous,2,50,1,0,0,0.0,12.610365985079726,True,7.414730459114622,,,,,,,,,,,,,,,,,,,,,,,
PanTS_00003768,cbd,1,False,3.0,0.9765625,4021,ok,2,4001,0,1,0,0.0,50.901436809245624,False,43.3942954128525,51.0,51.0,7.524599826220133,8.6875603043907,8.942201735367707,2.9714415492186284,8.410574798554093,0.37254901960784315,True,,,,,,,,,0.0,False,,,,
PanTS_00003768,mpd,1,False,3.0,0.9765625,491,orient_ambiguous,3,214,0,1,1,6.557438524302,46.92030611819239,True,7.901338945552233,,,,,,,,,,,,,,,,,,,,,,,
PanTS_00003776,cbd,1,False,2.5,0.7285159826278687,2340,orient_ambiguous,2,2338,1,0,0,0.0,84.99708416856392,False,8.2771981031212,,,,,,,,,,,,,,,,,,,,,,,
PanTS_00003776,mpd,1,False,2.5,0.7285159826278687,542,orient_ambiguous,7,308,2,2,2,7.0,45.48382345852053,True,28.36079576378134,,,,,,,,,,,,,,,,,,,,,,,
PanTS_00003777,cbd,1,False,1.0,0.84765625,1047,ok,2,1044,1,0,0,0.0,36.94865403151731,False,21.638192455126106,37.0,37.0,4.341864677009577,5.06561941759702,5.8962234515231,3.7663742370032747,4.100626157420427,0.0,True,,,,,,,,,0.0,False,,,,
PanTS_00003777,mpd,1,False,1.0,0.84765625,405,ok,5,219,2,0,2,5.830951894845301,70.53463230527238,True,12.468999231269493,71.0,47.0,1.9957945001812192,2.381475108263535,3.3906388019095273,1.4413307134236084,1.9642274459450877,0.02127659574468085,True,,,,,,,,,0.0,False,,,,
PanTS_00003782,cbd,1,False,1.0,1.0,3495,ok,1,3495,0,0,0,0.0,57.533711511285176,False,33.281567696666,58.0,58.0,5.290034836845933,9.271580799053085,9.546776074165985,4.704588428763342,5.0557008925109095,0.25862068965517243,True,,,,,,,,,0.0,False,,,,
PanTS_00003782,mpd,1,False,1.0,1.0,165,orient_ambiguous,5,99,2,2,0,0.0,8.82842712474619,True,6.4520593096982,,,,,,,,,,,,,,,,,,,,,,,
PanTS_00003784,cbd,1,False,2.5,0.955078125,731,ok,3,652,0,1,1,7.14142842854285,37.822862225488045,False,21.482797346184057,38.0,25.0,4.001336438903103,5.639521654989943,5.941511043827819,1.902989712099398,5.289808903044059,0.0,True,,,,,,,,,0.0,False,,,,
PanTS_00003784,mpd,1,False,2.5,0.955078125,14,too_small,2,12,2,0,0,0.0,,,,,,,,,,,,,,,,,,,,,,,,,,
PanTS_00003812,cbd,1,False,3.75,0.7226560115814209,1758,ok,2,1675,0,1,0,0.0,43.773681367911486,True,16.859014707919204,44.0,44.0,4.798097020210654,6.9140460702330016,7.590860199851975,4.237193007140843,6.112857043572538,0.0,True,,,,,,,,,0.0,False,,,,
PanTS_00003812,mpd,1,False,3.75,0.7226560115814209,1650,ok,4,1186,2,1,0,0.0,59.161857467113705,False,26.424393656528324,60.0,60.0,3.4923218864469945,5.12655720470427,5.605697686508025,2.654165449558038,2.935180304424889,0.6666666666666666,True,,,,,,,,,0.0,False,,,,
PanTS_00003815,cbd,0,False,5.0,0.8261719942092896,5153,ok,1,5153,0,0,0,0.0,79.11876899105306,True,30.036696281229343,80.0,80.0,6.939796673678379,10.134626584673736,10.77774945456329,2.8099491296532273,7.783022427073282,0.3,True,,,,,,,,,0.0,False,,,,
PanTS_00003815,mpd,0,False,5.0,0.8261719942092896,0,no_mask,0,0,0,0,0,0.0,,,,,,,,,,,,,,,,,,,,,,,,,,
PanTS_00003824,cbd,1,False,5.0,0.7949219942092896,3007,ok,1,3007,0,0,0,0.0,79.84742001026994,True,34.37157003747999,80.0,80.0,5.615132661248324,6.444901314034468,6.890637000982039,3.8191317424486497,3.7771540198685223,0.0,True,,,,,,,,,0.0,False,,,,
PanTS_00003824,mpd,1,False,5.0,0.7949219942092896,1306,ok,3,1203,1,1,0,0.0,17.70674230225704,False,11.794413641912346,18.0,18.0,1.9999999999999998,2.2627073962037634,2.6690229451883156,1.98679513090211,2.0,0.0,False,,,,,,,,,0.0,False,,,,
PanTS_00003841,cbd,1,False,1.0,1.0,1413,ok,1,1413,0,0,0,0.0,47.24191172926025,False,10.042939867875475,48.0,48.0,5.3384084832623095,5.683078671027018,5.8738565892207975,4.224175966414577,4.972062194021114,0.0,True,,,,,,,,,0.0,False,,,,
PanTS_00003841,mpd,1,False,1.0,1.0,75,orient_ambiguous,1,75,0,0,0,0.0,5.146264369941973,False,3.629896214415023,,,,,,,,,,,,,,,,,,,,,,,
PanTS_00003849,cbd,1,False,0.771484375,0.699999988079071,1074,ok,2,918,0,1,0,0.0,45.437335194107874,True,35.56809781660584,46.0,46.0,3.246861748964775,4.420723956315265,5.657458551979391,3.746762922126469,3.1059903498778096,0.0,True,,,,,,,,,0.0,False,,,,
PanTS_00003849,mpd,1,False,0.771484375,0.699999988079071,66,orient_ambiguous,3,34,1,0,1,6.082762530298219,9.082762530298218,False,5.691269361051752,,,,,,,,,,,,,,,,,,,,,,,
PanTS_00003889,cbd,1,False,2.5,0.7421879768371582,440,no_regions,2,412,0,1,0,0.0,34.31710828733677,,,,,,,,,,,,,,,,,,,,,,,,,
PanTS_00003889,mpd,1,False,2.5,0.7421879768371582,163,no_regions,2,139,0,0,1,5.385164807134504,25.556008724529303,,,,,,,,,,,,,,,,,,,,,,,,,
PanTS_00003894,cbd,1,False,2.5,0.9765620231628418,968,ok,2,954,1,0,0,0.0,37.070338854006465,True,29.073342003308653,38.0,38.0,3.931499276463328,5.594630665278116,6.037532541554432,5.00112811290772,4.309682849850226,0.0,True,,,,,,,,,0.0,False,,,,
PanTS_00003894,mpd,1,False,2.5,0.9765620231628418,0,no_mask,0,0,0,0,0,0.0,,,,,,,,,,,,,,,,,,,,,,,,,,
PanTS_00003900,cbd,1,False,1.5,1.5,0,no_mask,0,0,0,0,0,0.0,,,,,,,,,,,,,,,,,,,,,,,,,,
PanTS_00003900,mpd,1,False,1.5,1.5,0,no_mask,0,0,0,0,0,0.0,,,,,,,,,,,,,,,,,,,,,,,,,,
PanTS_00003916,cbd,1,False,1.0,0.69921875,144,orient_ambiguous,1,144,0,0,0,0.0,8.071067811865476,True,5.95322636887386,,,,,,,,,,,,,,,,,,,,,,,
PanTS_00003916,mpd,1,False,1.0,0.69921875,348,orient_ambiguous,6,162,2,2,1,6.4031242374328485,26.26309148836109,True,4.658208539011479,,,,,,,,,,,,,,,,,,,,,,,
PanTS_00003919,cbd,1,False,5.0,0.703125,941,orient_ambiguous,2,675,0,1,0,0.0,19.267220234572108,False,3.01745403731082,,,,,,,,,,,,,,,,,,,,,,,
PanTS_00003919,mpd,1,False,5.0,0.703125,370,orient_ambiguous,4,248,1,2,0,0.0,6.5604779323150675,False,0.4050844174539989,,,,,,,,,,,,,,,,,,,,,,,
PanTS_00003921,cbd,1,False,1.5,0.7675780057907104,2071,ok,1,2071,0,0,0,0.0,61.23705402519021,True,27.67707015654097,62.0,62.0,5.213847727357946,6.32475043296417,7.026441314147023,3.791289129844567,4.289735652461874,0.0,True,,,,,,,,,0.0,False,,,,
PanTS_00003921,mpd,1,False,1.5,0.7675780057907104,242,orient_ambiguous,3,205,1,1,0,0.0,24.827698166887178,True,14.854286713154373,,,,,,,,,,,,,,,,,,,,,,,
PanTS_00003923,cbd,1,True,2.5,0.921875,6155,ok,3,5898,0,2,0,0.0,68.43320644789682,True,36.8002292878832,69.0,69.0,7.784299753040285,11.777024420794119,11.931089015731626,5.2701983638891665,5.706397037557025,0.463768115942029,True,1.1424861808377318,23.0,0.3360941448434332,8.0,11.07759632369752,5.017910662679566,2.2076113084448736,32.0,1.0,False,23.0,-254.92622416741654,-266.0140470398943,84.52564993594534
PanTS_00003923,mpd,1,False,2.5,0.921875,1028,ok,3,921,1,1,0,0.0,20.631545744180546,False,12.564637576775826,21.0,21.0,5.872582683286168,6.705753935709883,6.792516816876059,4.1998905177393855,6.110452929426984,1.0,False,,,,,,,,,0.0,False,,,,
PanTS_00003924,cbd,0,False,0.800000011920929,0.6738280057907104,0,no_mask,0,0,0,0,0,0.0,,,,,,,,,,,,,,,,,,,,,,,,,,
PanTS_00003924,mpd,0,False,0.800000011920929,0.6738280057907104,9,too_small,1,9,1,0,0,0.0,,,,,,,,,,,,,,,,,,,,,,,,,,
PanTS_00003928,cbd,0,False,1.5,0.7363280057907104,184,orient_ambiguous,3,114,1,1,0,0.0,10.388905057061256,True,1.7718052856631665,,,,,,,,,,,,,,,,,,,,,,,
PanTS_00003928,mpd,0,False,1.5,0.7363280057907104,72,orient_ambiguous,3,31,1,1,0,0.0,4.414213562373095,True,3.367558400611122,,,,,,,,,,,,,,,,,,,,,,,
PanTS_00003937,cbd,1,False,0.800000011920929,0.703125,1530,ok,1,1530,0,0,0,0.0,46.33755908857855,False,29.00576158363034,47.0,47.0,5.066725088169385,5.767766972225588,6.255131865201636,1.8637156627865394,5.617862150133639,0.0,True,,,,,,,,,0.0,False,,,,
PanTS_00003937,mpd,1,False,0.800000011920929,0.703125,3,too_small,1,3,1,0,0,0.0,,,,,,,,,,,,,,,,,,,,,,,,,,
PanTS_00003942,cbd,1,False,0.800000011920929,0.7421875,314,ok,4,159,2,1,0,0.0,13.53516942700323,False,10.682061195034066,14.0,14.0,2.508898848519137,2.7059077138627163,2.77822762441587,2.508898848519137,2.589577583711956,0.0,False,,,,,,,,,0.0,False,,,,
PanTS_00003942,mpd,1,False,0.800000011920929,0.7421875,120,orient_ambiguous,2,102,1,0,0,0.0,7.878315177510849,True,5.028879296182483,,,,,,,,,,,,,,,,,,,,,,,
PanTS_00003950,cbd,1,False,5.0,0.8999999761581421,1324,no_regions,3,1214,0,2,0,0.0,26.97396253682915,,,,,,,,,,,,,,,,,,,,,,,,,
PanTS_00003950,mpd,1,False,5.0,0.8999999761581421,1864,no_regions,4,1626,2,1,0,0.0,4.82842712474619,,,,,,,,,,,,,,,,,,,,,,,,,
PanTS_00003953,cbd,1,False,1.25,0.7949219942092896,3006,ok,1,3006,0,0,0,0.0,59.67997588122714,False,24.241340755164163,60.0,60.0,6.16256709433881,7.713422924572065,8.382623757302278,4.161170142107228,7.456754550734547,0.016666666666666666,True,,,,,,,,,0.0,False,,,,
PanTS_00003953,mpd,1,False,1.25,0.7949219942092896,43,orient_ambiguous,2,22,0,1,0,0.0,2.414213562373095,True,1.8024943341061572,,,,,,,,,,,,,,,,,,,,,,,
PanTS_00003968,cbd,1,False,0.800000011920929,0.78125,641,ok,2,635,1,0,0,0.0,18.26722023457211,False,15.036321941694524,19.0,19.0,4.788563203442628,5.466353702614647,5.93938925438308,5.100608667222031,4.009556896790002,0.0,False,,,,,,,,,0.0,False,,,,
PanTS_00003968,mpd,1,False,0.800000011920929,0.78125,63,orient_ambiguous,1,63,0,0,0,0.0,1.0,False,0.0,,,,,,,,,,,,,,,,,,,,,,,
PanTS_00003969,cbd,1,False,2.5,0.8984379768371582,1899,ok,4,1187,0,3,0,0.0,59.53031172293318,True,13.35171402045,60.0,60.0,3.9072743322486794,5.090007190476084,5.7544248513017635,3.2935515654181637,4.502152391646801,0.0,True,,,,,,,,,0.0,False,,,,
PanTS_00003969,mpd,1,False,2.5,0.8984379768371582,2040,ok,9,1694,3,2,2,5.385164807134504,138.83396435220303,False,39.636065103153655,139.0,127.0,3.3331086714959195,4.0490652110822705,4.429369788041831,3.7972383606576567,1.9138186641567265,0.5511811023622047,True,,,,,,,,,0.0,False,,,,
PanTS_00003974,cbd,1,False,2.5,0.8984379768371582,12319,ok,1,12319,0,0,0,0.0,46.82696920902815,True,35.10710075988085,47.0,47.0,15.712913341430498,17.461286446874848,17.718778675824137,15.770501232476018,5.878868949132956,0.851063829787234,True,,,,,,,,,0.0,False,,,,
PanTS_00003974,mpd,1,False,2.5,0.8984379768371582,1082,ok,4,946,2,1,0,0.0,83.41129773093701,False,56.27487588253621,84.0,84.0,2.7099159824794015,4.022824320070777,4.824336441786692,2.6165877021636508,2.0,0.39285714285714285,True,,,,,,,,,0.0,False,,,,
PanTS_00003978,cbd,1,False,1.25,0.75,3225,ok,1,3225,0,0,0,0.0,69.28621312009584,False,19.26530247134575,70.0,70.0,5.56996025824373,6.581589074840731,7.441274518394652,4.004986244522354,3.5381700105803686,0.0,True,,,,,,,,,0.0,False,,,,
PanTS_00003978,mpd,1,False,1.25,0.75,393,orient_ambiguous,8,101,2,2,3,6.782329983125268,37.71443880705157,False,1.190361908526512,,,,,,,,,,,,,,,,,,,,,,,
PanTS_00003993,cbd,1,False,5.0,0.7739999890327454,1438,no_regions,2,1330,0,1,0,0.0,51.605508281009676,,,,,,,,,,,,,,,,,,,,,,,,,
PanTS_00003993,mpd,1,False,5.0,0.7739999890327454,77,no_regions,3,46,1,0,0,0.0,10.14626436994197,,,,,,,,,,,,,,,,,,,,,,,,,
PanTS_00004029,cbd,1,False,2.5,0.8359379768371582,12788,ok,1,12788,0,0,0,0.0,60.72986393399181,False,42.64488172607129,61.0,61.0,13.940095565436513,15.31461822674251,16.20867103662945,12.754718719042206,8.261165626821217,0.9180327868852459,True,,,,,,,,,0.0,False,,,,
PanTS_00004029,mpd,1,True,2.5,0.8359379768371582,898,ok,2,886,1,0,0,0.0,50.6300878284625,True,35.94929417270909,51.0,51.0,3.038956953240011,5.291140150646666,5.640787612293633,2.4277979626507644,3.119955772896872,0.49019607843137253,True,1.3337383121963127,6.0,0.11850660856699138,8.0,5.123034868712055,2.0325071098959544,2.5205495438460273,16.0,1.0,False,6.0,49.963956353740144,89.26107244250579,-55.67690497177347
PanTS_00004033,cbd,1,False,2.5,0.765625,19687,ok,1,19687,0,0,0,0.0,122.64908071398625,True,27.036760765899814,123.0,123.0,11.889756329635736,14.976151038564003,15.7045170804763,5.901555445292356,1.8229454437003905,0.7723577235772358,True,,,,,,,,,0.0,False,,,,
PanTS_00004033,mpd,1,False,2.5,0.765625,6638,ok,3,6508,1,1,0,0.0,161.00441977331369,False,58.313969683079605,162.0,162.0,5.891944366995986,7.874946236451428,9.834927581523882,4.582188726130433,3.412012961114448,0.9074074074074074,True,,,,,,,,,0.0,False,,,,
PanTS_00004046,cbd,1,False,2.5,0.880859375,1225,ok,1,1225,0,0,0,0.0,45.65199654542232,False,21.749081610586046,46.0,46.0,4.386454814742164,5.686518564425576,5.953239477795632,2.540514374117789,4.974409031642265,0.0,True,,,,,,,,,0.0,False,,,,
PanTS_00004046,mpd,1,False,2.5,0.880859375,27,too_small,1,27,0,0,0,0.0,,,,,,,,,,,,,,,,,,,,,,,,,,
PanTS_00004055,cbd,1,False,2.5,0.892578125,1696,ok,3,1430,0,2,0,0.0,47.80166070371631,False,37.57163511005807,48.0,48.0,5.100798875708877,6.011658133916471,6.240178672970945,4.166584783852102,3.2542698085394806,0.0,True,,,,,,,,,0.0,False,,,,
PanTS_00004055,mpd,1,False,2.5,0.892578125,0,no_mask,0,0,0,0,0,0.0,,,,,,,,,,,,,,,,,,,,,,,,,,
PanTS_00004058,cbd,1,False,5.0,0.9511719942092896,7491,ok,1,7491,0,0,0,0.0,50.70188459818698,True,31.912322132941426,51.0,51.0,9.906130044204096,11.891401796019068,13.339614021304792,8.721774212593278,8.563093128414668,0.9215686274509803,True,,,,,,,,,0.0,False,,,,
PanTS_00004058,mpd,1,False,5.0,0.9511719942092896,514,orient_ambiguous,4,244,1,2,0,0.0,12.071067811865476,True,9.865953910146448,,,,,,,,,,,,,,,,,,,,,,,
PanTS_00004064,cbd,1,False,2.5,0.703125,6266,ok,2,6256,1,0,0,0.0,46.24118277140124,True,26.679891528023767,47.0,47.0,9.870199582168372,11.248133842825931,11.633783663251428,11.134257838661746,3.4055898682226813,0.5957446808510638,True,,,,,,,,,0.0,False,,,,
PanTS_00004064,mpd,1,False,2.5,0.703125,7112,ok,2,4903,0,1,0,0.0,48.50840300597335,False,22.54062966981715,49.0,49.0,7.13358279515033,7.763955898350983,8.098839960518701,7.272099346617233,7.235335423154067,1.0,True,,,,,,,,,0.0,False,,,,
PanTS_00004069,cbd,1,False,5.0,0.685546875,1059,ok,1,1059,0,0,0,0.0,38.31297954112574,False,30.297928833140592,39.0,39.0,3.981004193183818,6.2552116500013515,6.626488745241596,4.655970338588938,3.838698696974923,0.0,True,,,,,,,,,0.0,False,,,,
PanTS_00004069,mpd,1,False,5.0,0.685546875,0,no_mask,0,0,0,0,0,0.0,,,,,,,,,,,,,,,,,,,,,,,,,,
PanTS_00004078,cbd,1,False,0.800000011920929,0.7421875,0,no_mask,0,0,0,0,0,0.0,,,,,,,,,,,,,,,,,,,,,,,,,,
PanTS_00004078,mpd,1,False,0.800000011920929,0.7421875,12,too_small,1,12,1,0,0,0.0,,,,,,,,,,,,,,,,,,,,,,,,,,
PanTS_00004085,cbd,1,False,1.5,0.9765620231628418,1607,ok,2,1587,0,1,0,0.0,56.53371151128517,False,31.896834022940702,57.0,57.0,4.257973872622764,5.882946110694212,6.430426549836577,1.5625841126816027,3.7075876523358797,0.0,True,,,,,,,,,0.0,False,,,,
PanTS_00004085,mpd,1,False,1.5,0.9765620231628418,267,orient_ambiguous,7,159,5,1,0,0.0,20.192023676495616,True,8.43004787370743,,,,,,,,,,,,,,,,,,,,,,,
PanTS_00004089,cbd,0,False,2.5,0.7851560115814209,2256,ok,1,2256,0,0,0,0.0,61.16938600167675,True,45.16777866771824,62.0,62.0,5.509505924645676,6.826680130419376,7.099246505744404,1.815477945238927,5.620686710150845,0.0,True,,,,,,,,,0.0,False,,,,
PanTS_00004089,mpd,0,False,2.5,0.7851560115814209,279,orient_ambiguous,4,186,1,2,0,0.0,23.777810114122516,False,0.8208138347069518,,,,,,,,,,,,,,,,,,,,,,,
PanTS_00004099,cbd,0,False,0.800000011920929,0.74609375,284,orient_ambiguous,2,173,0,1,0,0.0,10.292528739883945,False,0.17909049013441702,,,,,,,,,,,,,,,,,,,,,,,
PanTS_00004099,mpd,0,False,0.800000011920929,0.74609375,0,no_mask,0,0,0,0,0,0.0,,,,,,,,,,,,,,,,,,,,,,,,,,
PanTS_00004112,cbd,0,False,5.0,0.6464840173721313,1496,ok,2,1477,1,0,0,0.0,58.65539633377434,True,12.690270751428105,59.0,59.0,4.155149827543385,4.761927497564184,5.523504994800885,2.799806722804804,4.167454186199861,0.0,True,,,,,,,,,0.0,False,,,,
PanTS_00004112,mpd,0,False,5.0,0.6464840173721313,157,orient_ambiguous,3,116,1,1,0,0.0,20.974691494688162,True,2.4561479624174876,,,,,,,,,,,,,,,,,,,,,,,
PanTS_00004117,cbd,1,False,2.5,0.8984379768371582,486,orient_ambiguous,3,397,0,2,0,0.0,10.21733218180745,True,6.278455471310487,,,,,,,,,,,,,,,,,,,,,,,
PanTS_00004117,mpd,1,False,2.5,0.8984379768371582,115,orient_ambiguous,2,94,0,0,1,7.0,20.803118619434354,True,13.981754134887698,,,,,,,,,,,,,,,,,,,,,,,
PanTS_00004121,cbd,1,False,5.0,0.703125,3196,ok,2,3175,0,0,0,0.0,75.99368438021192,True,19.139035541906875,76.0,76.0,4.032030853716847,6.049866241341945,6.440062885453731,3.3808211833154322,3.8503515482579287,0.0,True,,,,,,,,,0.0,False,,,,
PanTS_00004121,mpd,1,False,5.0,0.703125,0,no_mask,0,0,0,0,0,0.0,,,,,,,,,,,,,,,,,,,,,,,,,,
PanTS_00004122,cbd,1,False,2.5,0.95703125,665,ok,4,249,0,3,0,0.0,15.120955864630135,False,11.720041447336385,16.0,16.0,3.233148415904436,4.97906271612204,5.452187950655601,4.393522970533079,2.63249865732004,0.0,False,,,,,,,,,0.0,False,,,,
PanTS_00004122,mpd,1,False,2.5,0.95703125,49,orient_ambiguous,3,31,2,0,0,0.0,3.82842712474619,False,2.14092067376691,,,,,,,,,,,,,,,,,,,,,,,
PanTS_00004123,cbd,1,False,1.5,1.5,1364,ok,3,992,1,1,0,0.0,29.170114959535784,True,21.52879350887231,30.0,30.0,4.346140744017523,5.404766394061416,5.9830473118751675,4.3840654030293305,3.8961012641636414,0.0,True,,,,,,,,,0.0,False,,,,
PanTS_00004123,mpd,1,False,1.5,1.5,54,orient_ambiguous,1,54,0,0,0,0.0,2.0,False,0.9913574017607942,,,,,,,,,,,,,,,,,,,,,,,
PanTS_00004124,cbd,1,False,2.5,0.904296875,987,ok,1,987,0,0,0,0.0,43.5344404691442,False,27.368134756580712,44.0,44.0,4.067043401111588,5.470795778989998,5.77907890972425,2.827204840596755,3.130182519472241,0.0,True,,,,,,,,,0.0,False,,,,
PanTS_00004124,mpd,1,False,2.5,0.904296875,121,orient_ambiguous,1,121,0,0,0,0.0,13.853006672199012,False,9.200817942141898,,,,,,,,,,,,,,,,,,,,,,,
PanTS_00004155,cbd,1,False,1.0,0.703125,776,ok,5,662,2,1,1,6.782329983125268,34.341687834789596,False,19.199095485302816,35.0,35.0,3.65475642478942,4.52505381842861,5.359467044123751,2.956879574186522,2.739609097873659,0.0,True,,,,,,,,,0.0,False,,,,
PanTS_00004155,mpd,1,False,1.0,0.703125,269,orient_ambiguous,2,159,0,0,0,0.0,21.31710828733677,False,5.718301806070794,,,,,,,,,,,,,,,,,,,,,,,
PanTS_00004157,cbd,1,False,2.5,0.9257810115814209,701,orient_ambiguous,5,499,2,2,0,0.0,4.464101615137754,True,2.7340091496741437,,,,,,,,,,,,,,,,,,,,,,,
PanTS_00004157,mpd,1,False,2.5,0.9257810115814209,292,orient_ambiguous,2,176,0,1,0,0.0,7.974691494688162,False,4.871865723525843,,,,,,,,,,,,,,,,,,,,,,,
PanTS_00004190,cbd,1,False,2.5,0.8945310115814209,3785,ok,1,3785,0,0,0,0.0,94.84669105241092,True,43.21274840164973,95.0,95.0,5.221980436146367,7.653458365253576,8.069371375014285,3.725785123073767,5.278983966650747,0.010526315789473684,True,,,,,,,,,0.0,False,,,,
PanTS_00004190,mpd,1,False,2.5,0.8945310115814209,20,too_small,2,13,2,0,0,0.0,,,,,,,,,,,,,,,,,,,,,,,,,,
PanTS_00004208,cbd,1,False,0.859375,0.800000011920929,503,ok,2,279,0,1,0,0.0,18.73132184970986,False,13.373814862597314,19.0,19.0,2.3698030743992025,3.8663229604183753,4.03310190823706,3.6931691084529326,1.8234758468731531,0.0,False,,,,,,,,,0.0,False,,,,
PanTS_00004208,mpd,1,False,0.859375,0.800000011920929,133,orient_ambiguous,3,120,2,0,0,0.0,1.0,False,0.0,,,,,,,,,,,,,,,,,,,,,,,
PanTS_00004225,cbd,1,False,5.0,0.701171875,1614,ok,4,1130,0,2,0,0.0,30.65612529163337,True,17.209516588506062,31.0,31.0,4.549829765036403,6.344720573511582,6.565134756284234,5.406947986990507,3.9421185596927364,0.0,True,,,,,,,,,0.0,False,,,,
PanTS_00004225,mpd,1,False,5.0,0.701171875,51,orient_ambiguous,1,51,0,0,0,0.0,5.146264369941973,True,0.45987600407831053,,,,,,,,,,,,,,,,,,,,,,,
PanTS_00004230,cbd,0,False,1.0,0.8984375,1603,ok,1,1603,0,0,0,0.0,79.60405036529161,False,44.339485336435835,80.0,80.0,2.5500705268254036,4.602301405318008,5.351891500305705,1.42905719180068,5.118037774881588,0.0,True,,,,,,,,,0.0,False,,,,
PanTS_00004230,mpd,0,False,1.0,0.8984375,24,too_small,3,12,3,0,0,0.0,,,,,,,,,,,,,,,,,,,,,,,,,,
PanTS_00004231,cbd,1,False,2.5,0.7421879768371582,1720,ok,1,1720,0,0,0,0.0,65.01972184338275,False,23.33091095509463,66.0,66.0,5.1248498243678124,5.944300236009187,6.644264485717892,1.6015571033609386,4.246336204592611,0.0,True,,,,,,,,,0.0,False,,,,
PanTS_00004231,mpd,1,False,2.5,0.7421879768371582,1558,ok,4,1111,1,1,1,7.0710678118654755,67.34022991907152,False,30.30112395842466,68.0,68.0,3.1680841949396017,5.244505276703569,5.903806852100175,5.353059834521938,2.654612659587363,0.5,True,,,,,,,,,0.0,False,,,,
PanTS_00004243,cbd,1,False,1.25,0.7949219942092896,2971,ok,1,2971,0,0,0,0.0,83.2397248556832,False,30.65509184198025,84.0,84.0,5.412735827848283,6.604674986587966,7.189949236586239,1.9621459148250273,5.121366787284014,0.0,True,,,,,,,,,0.0,False,,,,
PanTS_00004243,mpd,1,False,1.25,0.7949219942092896,1327,ok,4,1141,1,1,1,7.810249675906654,69.62896139251272,True,46.2031459977929,70.0,56.0,3.631051674742102,5.032690186747534,5.65281334515411,3.6274251314774433,2.458457455902461,0.5892857142857143,True,,,,,,,,,0.0,False,,,,
PanTS_00004248,cbd,0,False,1.5,1.5,1260,ok,2,1257,1,0,0,0.0,25.341687834789592,False,19.25843222676582,26.0,26.0,4.434611623431888,6.000369389354419,6.306091166484074,5.661992927388709,4.434611623431888,0.0,True,,,,,,,,,0.0,False,,,,
PanTS_00004248,mpd,0,False,1.5,1.5,0,no_mask,0,0,0,0,0,0.0,,,,,,,,,,,,,,,,,,,,,,,,,,
PanTS_00004251,cbd,0,False,3.75,0.703125,842,ok,1,842,0,0,0,0.0,41.459243911067716,True,23.364394663525662,42.0,42.0,3.454965407035761,4.0863299018079156,4.389725532849625,2.6674717872938274,3.7664050847713124,0.0,True,,,,,,,,,0.0,False,,,,
PanTS_00004251,mpd,0,False,3.75,0.703125,79,orient_ambiguous,3,56,2,0,0,0.0,3.414213562373095,True,1.6030934282879716,,,,,,,,,,,,,,,,,,,,,,,
PanTS_00004262,cbd,1,False,1.0,0.8515625,1056,ok,1,1056,0,0,0,0.0,31.263091488361095,False,18.885504525946164,32.0,32.0,4.155822898745493,5.139067244175571,5.730500733649679,4.385775251346027,3.6655333638488887,0.0,True,,,,,,,,,0.0,False,,,,
PanTS_00004262,mpd,1,False,1.0,0.8515625,33,orient_ambiguous,1,33,0,0,0,0.0,1.0,False,0.0,,,,,,,,,,,,,,,,,,,,,,,
PanTS_00004267,cbd,1,False,0.8984375,0.800000011920929,1001,ok,2,664,0,1,0,0.0,35.85227771434,False,29.264849444198582,36.0,36.0,3.339267120140777,4.6134489472247395,5.161096561477216,1.6875004378829408,3.2755803044556924,0.0,True,,,,,,,,,0.0,False,,,,
PanTS_00004267,mpd,1,False,0.8984375,0.800000011920929,7,too_small,1,7,1,0,0,0.0,,,,,,,,,,,,,,,,,,,,,,,,,,
PanTS_00004268,cbd,1,False,2.5,0.8554689884185791,17120,ok,2,17106,1,0,0,0.0,119.03871472890648,True,47.465660472611056,120.0,120.0,12.048616371281842,15.260041878873254,16.574543162464067,6.15562114127955,6.774120631480741,0.7916666666666666,True,,,,,,,,,0.0,False,,,,
PanTS_00004268,mpd,1,False,2.5,0.8554689884185791,3613,ok,3,3547,1,0,1,7.0710678118654755,170.539589200317,False,76.60786986723058,171.0,158.0,3.69683437428536,5.9736753326100205,8.003905409361561,1.8958473234345377,2.2989506801727275,0.5822784810126582,True,,,,,,,,,0.0,False,,,,
PanTS_00004270,cbd,0,False,1.5,1.5,1038,orient_ambiguous,3,757,0,2,0,0.0,19.313708498984763,False,4.129386167159804,,,,,,,,,,,,,,,,,,,,,,,
PanTS_00004270,mpd,0,False,1.5,1.5,609,orient_ambiguous,11,423,8,2,0,0.0,74.67657609287515,False,0.009050167912775464,,,,,,,,,,,,,,,,,,,,,,,
PanTS_00004287,cbd,0,False,0.800000011920929,0.78125,165,orient_ambiguous,1,165,0,0,0,0.0,3.414213562373095,True,0.07106400889347064,,,,,,,,,,,,,,,,,,,,,,,
PanTS_00004287,mpd,0,False,0.800000011920929,0.78125,82,orient_ambiguous,5,57,4,0,0,0.0,2.414213562373095,True,1.5923546383164222,,,,,,,,,,,,,,,,,,,,,,,
PanTS_00004290,cbd,0,False,1.0,0.6640625,522,ok,1,522,0,0,0,0.0,20.58505747976789,False,12.37857049049867,21.0,21.0,3.199058358174807,5.80631244647286,5.965162256927575,2.0999646693524427,4.557958254703278,0.0,False,,,,,,,,,0.0,False,,,,
PanTS_00004290,mpd,0,False,1.0,0.6640625,243,orient_ambiguous,4,144,1,2,0,0.0,21.99927104214099,True,8.332968808757126,,,,,,,,,,,,,,,,,,,,,,,
PanTS_00004301,cbd,1,False,1.25,0.8535159826278687,1845,ok,2,1776,0,1,0,0.0,70.75104369309261,False,55.100285384386446,71.0,71.0,4.263422607484819,5.553079512165129,6.456880572148794,4.43940341025065,2.3165605588789093,0.0,True,,,,,,,,,0.0,False,,,,
PanTS_00004301,mpd,1,False,1.25,0.8535159826278687,460,ok,2,421,0,1,0,0.0,37.505732175480375,True,20.89821794533266,38.0,38.0,2.9080981818160163,3.701783552670754,3.9295938232224867,2.252039971085231,2.6803312439640172,0.34210526315789475,True,,,,,,,,,0.0,False,,,,
PanTS_00004312,cbd,0,False,0.8000020980834961,0.7020000219345093,1053,ok,1,1053,0,0,0,0.0,47.559020016597024,True,12.714116764858488,48.0,48.0,3.9029873557313857,5.666341491058257,6.2120625885620155,2.349927154088328,3.5679936884843864,0.0,True,,,,,,,,,0.0,False,,,,
PanTS_00004312,mpd,0,False,0.8000020980834961,0.7020000219345093,8,too_small,1,8,1,0,0,0.0,,,,,,,,,,,,,,,,,,,,,,,,,,
PanTS_00004313,cbd,1,False,0.880859375,0.800000011920929,1869,ok,2,1857,1,0,0,0.0,36.55902001659704,False,26.652456900772904,37.0,37.0,6.0995932708828935,7.0050656239164795,7.099792366320834,6.661283923561653,4.076028530855229,0.0,True,,,,,,,,,0.0,False,,,,
PanTS_00004313,mpd,1,False,0.880859375,0.800000011920929,106,orient_ambiguous,2,102,1,0,0,0.0,10.70674230225704,True,6.018301662929364,,,,,,,,,,,,,,,,,,,,,,,
PanTS_00004323,cbd,1,False,2.5,0.892578125,4491,ok,2,4352,0,1,0,0.0,59.090060697389205,False,27.573362551318493,60.0,60.0,4.086816401019471,6.527981472491803,8.408176638354734,3.838972562964856,4.2408857459370495,0.03333333333333333,True,,,,,,,,,0.0,False,,,,
PanTS_00004323,mpd,1,False,2.5,0.892578125,209,orient_ambiguous,3,167,1,1,0,0.0,23.727922061357862,False,5.163324010975561,,,,,,,,,,,,,,,,,,,,,,,
PanTS_00004329,cbd,1,False,0.800000011920929,0.78125,0,no_mask,0,0,0,0,0,0.0,,,,,,,,,,,,,,,,,,,,,,,,,,
PanTS_00004329,mpd,1,False,0.800000011920929,0.78125,0,no_mask,0,0,0,0,0,0.0,,,,,,,,,,,,,,,,,,,,,,,,,,
PanTS_00004330,cbd,0,False,0.800000011920929,0.703125,0,no_mask,0,0,0,0,0,0.0,,,,,,,,,,,,,,,,,,,,,,,,,,
PanTS_00004330,mpd,0,False,0.800000011920929,0.703125,0,no_mask,0,0,0,0,0,0.0,,,,,,,,,,,,,,,,,,,,,,,,,,
PanTS_00004339,cbd,0,False,1.5,1.5,1298,orient_ambiguous,1,1298,0,0,0,0.0,30.120226906771123,False,4.397447199795003,,,,,,,,,,,,,,,,,,,,,,,
PanTS_00004339,mpd,0,False,1.5,1.5,8,too_small,1,8,1,0,0,0.0,,,,,,,,,,,,,,,,,,,,,,,,,,
PanTS_00004360,cbd,1,False,5.0,0.7246090173721313,1388,orient_ambiguous,2,835,0,1,0,0.0,29.60623723886871,True,5.02769800236668,,,,,,,,,,,,,,,,,,,,,,,
PanTS_00004360,mpd,1,False,5.0,0.7246090173721313,127,orient_ambiguous,2,119,1,0,0,0.0,13.438793109825918,True,4.953341974144589,,,,,,,,,,,,,,,,,,,,,,,
PanTS_00004366,cbd,1,False,1.5,1.5,8,too_small,2,4,2,0,0,0.0,,,,,,,,,,,,,,,,,,,,,,,,,,
PanTS_00004366,mpd,1,False,1.5,1.5,30,orient_ambiguous,1,30,0,0,0,0.0,9.732050807568877,True,3.1495667604715525,,,,,,,,,,,,,,,,,,,,,,,
PanTS_00004400,cbd,0,False,0.7999999523162842,0.724609375,867,ok,2,503,0,0,1,5.916079783099616,46.625492915849634,False,29.48282831335426,47.0,35.0,3.4842715074818975,5.116954740178653,5.409763648300415,2.878702002944828,3.9292105280303513,0.0,True,,,,,,,,,0.0,False,,,,
PanTS_00004400,mpd,0,False,0.7999999523162842,0.724609375,91,orient_ambiguous,2,86,1,0,0,0.0,9.242640687119284,True,0.8664250336784178,,,,,,,,,,,,,,,,,,,,,,,
PanTS_00004408,cbd,1,False,2.5,0.9277340173721313,2271,ok,2,2133,0,1,0,0.0,25.413484604514082,True,11.099988827704347,26.0,26.0,5.036832500215333,8.08372114519258,9.034286844733316,5.376558357310609,3.6797132139177346,0.11538461538461539,True,,,,,,,,,0.0,False,,,,
PanTS_00004408,mpd,1,True,2.5,0.9277340173721313,3118,ok,2,3104,1,0,0,0.0,177.32492784900256,False,89.16674996452895,178.0,178.0,2.889745178905873,5.680535999129312,6.561903373601425,2.198231467920298,1.9483590594343547,0.4550561797752809,True,1.7225590894449205,6.0,0.03383619027951433,8.0,6.044817157565342,1.8316446159830018,3.300212882356126,61.0,1.0,False,6.0,-252.23959118071892,-334.18603068254623,105.76807547167577
PanTS_00004420,cbd,1,False,2.5,0.9160159826278687,8469,ok,2,8298,0,1,0,0.0,68.72573518778077,True,50.473547761450334,69.0,69.0,9.427035631820688,12.954550777907304,13.551641326708532,5.208936885073719,5.383095951671308,0.6956521739130435,True,,,,,,,,,0.0,False,,,,
PanTS_00004420,mpd,1,False,2.5,0.9160159826278687,4034,ok,3,3553,0,2,0,0.0,117.18837888720051,False,57.40214666754298,118.0,118.0,4.423705605133341,6.27264914132921,7.471312212251119,6.63021337257294,2.4818386876335867,0.8983050847457628,True,,,,,,,,,0.0,False,,,,
PanTS_00004424,cbd,0,False,5.0,0.73046875,0,no_mask,0,0,0,0,0,0.0,,,,,,,,,,,,,,,,,,,,,,,,,,
PanTS_00004424,mpd,0,False,5.0,0.73046875,224,orient_ambiguous,3,95,0,2,0,0.0,6.242640687119285,True,4.2055030752548745,,,,,,,,,,,,,,,,,,,,,,,
PanTS_00004426,cbd,1,False,3.0,0.783203125,2197,ok,2,2035,0,1,0,0.0,48.01972184338277,False,36.64930276091917,49.0,49.0,4.535832851332837,6.436728998095226,6.737847759173645,5.0031050514728115,6.454630921878412,0.0,True,,,,,,,,,0.0,False,,,,
PanTS_00004426,mpd,1,False,3.0,0.783203125,13,too_small,1,13,1,0,0,0.0,,,,,,,,,,,,,,,,,,,,,,,,,,
PanTS_00004427,cbd,0,False,1.0,0.87109375,1324,ok,2,1321,1,0,0,0.0,66.16598621332474,False,42.81717340733455,67.0,67.0,3.7712031284231813,4.804245044975674,5.857627243405001,2.257491762367547,2.984457819462953,0.0,True,,,,,,,,,0.0,False,,,,
PanTS_00004427,mpd,0,False,1.0,0.87109375,0,no_mask,0,0,0,0,0,0.0,,,,,,,,,,,,,,,,,,,,,,,,,,
PanTS_00004438,cbd,1,False,3.0,0.9765625,1709,ok,4,935,2,1,0,0.0,23.509860921691395,False,14.94924250801245,24.0,24.0,4.034036218667128,6.106712627789512,6.3134153532054,3.610912084009387,4.9445204848743565,0.0,True,,,,,,,,,0.0,False,,,,
PanTS_00004438,mpd,1,False,3.0,0.9765625,52,orient_ambiguous,3,37,2,0,0,0.0,2.0,True,0.6246837123470783,,,,,,,,,,,,,,,,,,,,,,,
PanTS_00004446,cbd,0,False,1.0,0.7820000052452087,1931,ok,1,1931,0,0,0,0.0,67.2404538135422,False,29.271619344671443,68.0,68.0,4.142772314363292,5.772351901446554,5.998447682866887,1.5756807233451509,3.1395427543667482,0.0,True,,,,,,,,,0.0,False,,,,
PanTS_00004446,mpd,0,False,1.0,0.7820000052452087,528,orient_ambiguous,5,312,0,3,1,7.0710678118654755,37.09491840145929,False,15.411820760775178,,,,,,,,,,,,,,,,,,,,,,,
PanTS_00004448,cbd,1,False,2.5,0.7382810115814209,979,ok,1,979,0,0,0,0.0,22.874186431299833,True,16.445940021183,23.0,23.0,4.986944281595019,5.954501206128135,6.033589146451098,5.832834621640813,4.1747180018766805,0.0,True,,,,,,,,,0.0,False,,,,
PanTS_00004448,mpd,1,False,2.5,0.7382810115814209,4697,ok,1,4697,0,0,0,0.0,149.47265013466247,False,76.56195994327429,150.0,150.0,5.362933770946693,6.671970859020273,7.556034061012876,6.381346497741704,2.119698057986813,0.8666666666666667,True,,,,,,,,,0.0,False,,,,
PanTS_00004449,cbd,1,False,0.771484375,0.699999988079071,1040,ok,2,877,0,1,0,0.0,46.24458255975325,False,35.41616821450698,47.0,47.0,3.3831408229556788,4.4596927762853324,5.266859801480247,3.8361048317997275,3.2820498389582564,0.0,True,,,,,,,,,0.0,False,,,,
PanTS_00004449,mpd,1,False,0.771484375,0.699999988079071,61,orient_ambiguous,3,30,2,0,0,0.0,1.0,False,0.0,,,,,,,,,,,,,,,,,,,,,,,
PanTS_00004454,cbd,1,False,0.83203125,0.699999988079071,1201,ok,1,1201,0,0,0,0.0,53.772952410052454,False,44.251105404057796,54.0,54.0,3.76777005152002,4.327371833488447,4.72737298963298,3.561435455384607,4.316497764443979,0.0,True,,,,,,,,,0.0,False,,,,
PanTS_00004454,mpd,1,False,0.83203125,0.699999988079071,45,orient_ambiguous,2,36,1,0,0,0.0,2.414213562373095,True,1.0305092721136546,,,,,,,,,,,,,,,,,,,,,,,
PanTS_00004475,cbd,1,False,3.0,0.65625,1238,ok,1,1238,0,0,0,0.0,53.776352198404474,True,38.11335730449318,54.0,54.0,3.8663921925201308,5.10572177887473,5.557662627320035,3.329658743684399,2.58557557737769,0.0,True,,,,,,,,,0.0,False,,,,
PanTS_00004475,mpd,1,False,3.0,0.65625,973,ok,9,366,3,5,0,0.0,20.045759306553638,False,13.01396278915864,21.0,21.0,2.748228007435041,3.7318351475618488,3.914694025436943,2.9694523998144877,2.414989257340795,0.19047619047619047,False,,,,,,,,,0.0,False,,,,
PanTS_00004483,cbd,1,False,5.0,0.8203125,1127,ok,1,1127,0,0,0,0.0,33.12022690677112,True,25.392013697640966,34.0,34.0,4.540288923390395,6.000000000000001,6.1110047652265225,3.582051949159804,6.0,0.0,True,,,,,,,,,0.0,False,,,,
PanTS_00004483,mpd,1,False,5.0,0.8203125,139,orient_ambiguous,7,50,5,1,0,0.0,7.0,False,2.316408395377074,,,,,,,,,,,,,,,,,,,,,,,
PanTS_00004486,cbd,0,False,0.800000011920929,0.78125,111,orient_ambiguous,1,111,0,0,0,0.0,5.82842712474619,True,2.966703936658792,,,,,,,,,,,,,,,,,,,,,,,
PanTS_00004486,mpd,0,False,0.800000011920929,0.78125,0,no_mask,0,0,0,0,0,0.0,,,,,,,,,,,,,,,,,,,,,,,,,,
PanTS_00004497,cbd,1,False,3.0,0.78125,2774,ok,1,2774,0,0,0,0.0,61.2404538135422,False,45.38138749967656,62.0,62.0,6.438279705316823,7.384326522991721,7.709471678405694,6.225015190560907,3.7609019368188097,0.0,True,,,,,,,,,0.0,False,,,,
PanTS_00004497,mpd,1,False,3.0,0.78125,256,orient_ambiguous,5,102,0,4,0,0.0,11.024579547452824,True,8.271658942397398,,,,,,,,,,,,,,,,,,,,,,,
PanTS_00004503,cbd,1,False,0.800000011920929,0.703125,827,ok,2,825,1,0,0,0.0,36.38817609920225,False,17.68521747082119,37.0,37.0,3.912313244398373,4.804910489035809,5.325344430430107,3.185303820232548,2.6029703992595463,0.0,True,,,,,,,,,0.0,False,,,,
PanTS_00004503,mpd,1,False,0.800000011920929,0.703125,39,orient_ambiguous,1,39,0,0,0,0.0,8.974691494688162,False,3.2994084947504128,,,,,,,,,,,,,,,,,,,,,,,
PanTS_00004506,cbd,1,False,5.0,0.7324219942092896,1417,ok,2,770,0,1,0,0.0,30.999271042140986,True,12.81074184005481,31.0,31.0,3.9688843081752547,5.5230032792538974,5.846825518721447,3.0396550124824078,3.1418474052834915,0.0,True,,,,,,,,,0.0,False,,,,
PanTS_00004506,mpd,1,False,5.0,0.7324219942092896,67,orient_ambiguous,2,43,0,1,0,0.0,2.0,True,0.9789269380419228,,,,,,,,,,,,,,,,,,,,,,,
PanTS_00004513,cbd,1,False,1.0,0.8203125,1053,ok,1,1053,0,0,0,0.0,55.701884598186986,False,23.941529631946743,56.0,56.0,3.6251945471688067,4.1480896412000785,5.257128503918054,2.697821735077808,3.70382468493401,0.0,True,,,,,,,,,0.0,False,,,,
PanTS_00004513,mpd,1,False,1.0,0.8203125,1185,ok,2,1182,1,0,0,0.0,44.605508281009676,True,21.123294577934452,45.0,45.0,3.9920104516945827,4.714765540641684,5.733421660613511,4.390544253786976,3.9269330395971913,0.9333333333333333,True,,,,,,,,,0.0,False,,,,
PanTS_00004517,cbd,1,False,1.25,0.7421879768371582,4854,ok,1,4854,0,0,0,0.0,93.48309450066148,False,46.050377057451314,94.0,94.0,6.629835576333187,9.260002338685258,10.222147703386607,5.465985770664677,5.530204993906359,0.3404255319148936,True,,,,,,,,,0.0,False,,,,
PanTS_00004517,mpd,1,False,1.25,0.7421879768371582,23,too_small,2,20,1,0,0,0.0,,,,,,,,,,,,,,,,,,,,,,,,,,
PanTS_00004521,cbd,1,False,5.0,0.47265625,2427,ok,1,2427,0,0,0,0.0,35.02385058959381,False,22.403861719216003,36.0,36.0,6.499447881630829,7.610174644177167,8.1642771354927,5.650817525988318,6.473692409686728,0.027777777777777776,True,,,,,,,,,0.0,False,,,,
PanTS_00004521,mpd,1,False,5.0,0.47265625,146,orient_ambiguous,1,146,0,0,0,0.0,22.85300667219901,False,14.393360728099372,,,,,,,,,,,,,,,,,,,,,,,
PanTS_00004523,cbd,1,False,1.25,0.7421879768371582,12815,ok,1,12815,0,0,0,0.0,47.705284386539,False,28.332196726073388,48.0,48.0,12.1001692847478,14.18891497019917,15.46195767682039,13.960626231407506,10.320170193361804,0.9375,True,,,,,,,,,0.0,False,,,,
PanTS_00004523,mpd,1,False,1.25,0.7421879768371582,1797,ok,2,1775,0,1,0,0.0,80.47896575445046,True,52.150880657217584,81.0,81.0,3.9155454266959575,5.823257579853184,6.153222101807596,4.058940694329542,3.477892228385536,0.7654320987654321,True,,,,,,,,,0.0,False,,,,
PanTS_00004527,cbd,0,False,1.25,0.7421879768371582,786,ok,1,786,0,0,0,0.0,37.97396253682915,False,20.474801591023656,38.0,38.0,4.003823705820116,5.240312464780783,5.647914113070662,1.3403776464117625,4.44656515645244,0.0,True,,,,,,,,,0.0,False,,,,
PanTS_00004527,mpd,0,False,1.25,0.7421879768371582,290,orient_ambiguous,5,155,2,1,0,0.0,29.145535412082964,False,3.1571444035319125,,,,,,,,,,,,,,,,,,,,,,,
PanTS_00004538,cbd,1,False,1.5,1.5,6093,orient_ambiguous,1,6093,0,0,0,0.0,79.67924692336813,True,9.575208805999637,,,,,,,,,,,,,,,,,,,,,,,
PanTS_00004538,mpd,1,False,1.5,1.5,233,orient_ambiguous,4,115,1,1,1,5.656854249492381,10.388905057061256,False,5.163686214665944,,,,,,,,,,,,,,,,,,,,,,,
PanTS_00004539,cbd,1,False,2.5,0.8808590173721313,1109,ok,1,1109,0,0,0,0.0,41.80166070371632,True,33.76732029902418,42.0,42.0,4.008316094565798,5.091320414059557,6.022617270248461,5.019912220037362,3.741535256608672,0.0,True,,,,,,,,,0.0,False,,,,
PanTS_00004539,mpd,1,False,2.5,0.8808590173721313,0,no_mask,0,0,0,0,0,0.0,,,,,,,,,,,,,,,,,,,,,,,,,,
PanTS_00004540,cbd,1,False,5.0,0.8203125,1082,no_regions,1,1082,0,0,0,0.0,29.559748974456056,,,,,,,,,,,,,,,,,,,,,,,,,
PanTS_00004540,mpd,1,False,5.0,0.8203125,123,no_regions,7,38,4,2,0,0.0,6.414213562373095,,,,,,,,,,,,,,,,,,,,,,,,,
PanTS_00004542,cbd,1,False,2.5,0.734375,2184,ok,2,1979,0,1,0,0.0,72.52618297672213,False,45.86359972280751,73.0,73.0,5.16415078872872,6.182198464772297,6.343922585754292,5.193101104797909,3.113103149791235,0.0,True,,,,,,,,,0.0,False,,,,
PanTS_00004542,mpd,1,False,2.5,0.734375,1236,ok,7,1033,3,2,0,0.0,96.09273152788221,False,37.58907302050317,97.0,97.0,2.4494059899861327,3.4263277422808796,4.0,2.341144741246321,2.1733101772397276,0.17525773195876287,True,,,,,,,,,0.0,False,,,,
PanTS_00004548,cbd,0,False,1.5,0.7167969942092896,850,ok,5,538,0,3,1,7.54983443527075,19.488681162590577,True,13.902072829276026,20.0,20.0,4.045671513992858,4.363689598430521,4.55693272486702,3.9016622137181534,4.288418456095583,0.0,False,,,,,,,,,0.0,False,,,,
PanTS_00004548,mpd,0,False,1.5,0.7167969942092896,400,orient_ambiguous,6,204,3,2,0,0.0,25.70601334439803,True,22.42191821144187,,,,,,,,,,,,,,,,,,,,,,,
PanTS_00004568,cbd,0,False,1.25,0.8378909826278687,7553,ok,1,7553,0,0,0,0.0,84.62523012439243,False,61.68618443324479,85.0,85.0,8.523972946341866,9.672993160367177,10.576792479683645,6.252737133514103,9.57924566807538,0.7058823529411765,True,,,,,,,,,0.0,False,,,,
PanTS_00004568,mpd,0,False,1.25,0.8378909826278687,33,orient_ambiguous,2,27,1,0,0,0.0,4.0,False,1.8310420162757168,,,,,,,,,,,,,,,,,,,,,,,
PanTS_00004571,cbd,1,False,0.800000011920929,0.78125,180,orient_ambiguous,1,180,0,0,0,0.0,3.8284271247461903,False,2.426018494091686,,,,,,,,,,,,,,,,,,,,,,,
PanTS_00004571,mpd,1,False,0.800000011920929,0.78125,0,no_mask,0,0,0,0,0,0.0,,,,,,,,,,,,,,,,,,,,,,,,,,
PanTS_00004597,cbd,1,False,2.5,0.7910159826278687,14885,loop_in_skeleton,3,14869,2,0,0,0.0,,,,,,,,,,,,,,,,,,,,,,,,,,
PanTS_00004597,mpd,1,False,2.5,0.7910159826278687,1140,ok,2,1116,0,1,0,0.0,41.60550828100968,False,28.11798808868588,42.0,42.0,3.778371852167977,5.947033959334999,6.294647294273978,5.911775204268636,2.388657737235612,0.6190476190476191,True,,,,,,,,,0.0,False,,,,
PanTS_00004602,cbd,1,False,5.0,0.62109375,1187,ok,1,1187,0,0,0,0.0,35.82356942067615,False,29.01383747830979,36.0,36.0,4.643830379354141,5.576942858387348,6.025923534216345,3.2587534348511777,4.492866355788951,0.0,True,,,,,,,,,0.0,False,,,,
PanTS_00004602,mpd,1,False,5.0,0.62109375,16,too_small,2,10,2,0,0,0.0,,,,,,,,,,,,,,,,,,,,,,,,,,
PanTS_00004621,cbd,0,False,1.0,1.0,657,ok,3,558,1,1,0,0.0,31.877586219651842,False,24.39516216223245,32.0,32.0,2.9252019931414726,4.295637624200322,4.4672176538877615,3.3723369241825236,2.835931627298201,0.0,True,,,,,,,,,0.0,False,,,,
PanTS_00004621,mpd,0,False,1.0,1.0,222,ok,2,177,0,1,0,0.0,24.924074484064494,True,18.883492534927818,25.0,25.0,2.08797938585458,2.661868976987355,2.9918904048111945,2.2507500309356065,2.183721826669095,0.0,True,,,,,,,,,0.0,False,,,,
PanTS_00004664,cbd,0,False,5.0,0.8984379768371582,1162,orient_ambiguous,5,575,0,3,0,0.0,11.974691494688162,False,7.853589262415042,,,,,,,,,,,,,,,,,,,,,,,
PanTS_00004664,mpd,0,False,5.0,0.8984379768371582,127,orient_ambiguous,4,73,2,1,0,0.0,8.70674230225704,False,1.1579995448945208,,,,,,,,,,,,,,,,,,,,,,,
PanTS_00004665,cbd,0,False,1.5,1.5,1176,ok,1,1176,0,0,0,0.0,38.55562022824503,False,19.142105686261633,39.0,39.0,4.139988548015436,5.138180294642998,5.831531314091753,4.018938765943526,4.340237841900803,0.0,True,,,,,,,,,0.0,False,,,,
PanTS_00004665,mpd,0,False,1.5,1.5,113,orient_ambiguous,4,41,1,1,0,0.0,6.878315177510849,True,3.9730501238206095,,,,,,,,,,,,,,,,,,,,,,,
PanTS_00004669,cbd,1,False,1.0,0.9765625,858,ok,1,858,0,0,0,0.0,40.73059289185084,False,26.57806945624564,41.0,41.0,3.6345110271582812,4.934462149026954,5.190718164568746,3.4815861266693178,3.7273745972335135,0.0,True,,,,,,,,,0.0,False,,,,
PanTS_00004669,mpd,1,False,1.0,0.9765625,36,orient_ambiguous,1,36,0,0,0,0.0,4.242640687119286,False,3.510825512504157,,,,,,,,,,,,,,,,,,,,,,,
PanTS_00004671,cbd,1,False,2.5,0.744140625,0,no_mask,0,0,0,0,0,0.0,,,,,,,,,,,,,,,,,,,,,,,,,,
PanTS_00004671,mpd,1,False,2.5,0.744140625,1016,orient_ambiguous,1,1016,0,0,0,0.0,33.63081678632153,True,2.8132718875852145,,,,,,,,,,,,,,,,,,,,,,,
PanTS_00004673,cbd,1,False,5.0,0.8046879768371582,808,ok,1,808,0,0,0,0.0,30.438064151966906,True,22.788839931604894,31.0,31.0,3.909822869835057,5.33038718077216,5.581179397840217,4.321622380054263,3.8534666562606867,0.0,True,,,,,,,,,0.0,False,,,,
PanTS_00004673,mpd,1,False,5.0,0.8046879768371582,183,orient_ambiguous,3,146,1,1,0,0.0,16.853006672199015,False,0.8706853855834407,,,,,,,,,,,,,,,,,,,,,,,
PanTS_00004677,cbd,1,False,1.25,0.7421879768371582,701,orient_ambiguous,2,426,0,1,0,0.0,47.01972184338277,False,6.405202476663703,,,,,,,,,,,,,,,,,,,,,,,
PanTS_00004677,mpd,1,False,1.25,0.7421879768371582,5432,ok,4,5401,2,1,0,0.0,120.77416532482741,True,67.97407079990847,121.0,121.0,5.925683483747818,7.471398431866662,8.163255835191316,7.176728651005338,4.613316166606846,0.9917355371900827,True,,,,,,,,,0.0,False,,,,
PanTS_00004681,cbd,1,False,0.800000011920929,0.7226560115814209,0,no_mask,0,0,0,0,0,0.0,,,,,,,,,,,,,,,,,,,,,,,,,,
PanTS_00004681,mpd,1,False,0.800000011920929,0.7226560115814209,14,too_small,2,12,2,0,0,0.0,,,,,,,,,,,,,,,,,,,,,,,,,,
PanTS_00004699,cbd,0,False,2.5,0.7421879768371582,1018,ok,2,1014,1,0,0,0.0,27.33828804643759,False,21.419768071440423,28.0,28.0,5.506772352888981,6.239592954583618,6.653988153607557,5.7326039039245815,4.383744443601037,0.0,True,,,,,,,,,0.0,False,,,,
PanTS_00004699,mpd,0,False,2.5,0.7421879768371582,4,too_small,1,4,1,0,0,0.0,,,,,,,,,,,,,,,,,,,,,,,,,,
PanTS_00004702,cbd,0,False,5.0,0.7421879768371582,1476,ok,1,1476,0,0,0,0.0,54.7982609153643,True,38.30217224139538,55.0,55.0,4.654669124296731,5.738443339989615,5.921200486485214,2.98900403022146,3.9720740041282965,0.0,True,,,,,,,,,0.0,False,,,,
PanTS_00004702,mpd,0,False,5.0,0.7421879768371582,12,too_small,2,10,2,0,0,0.0,,,,,,,,,,,,,,,,,,,,,,,,,,
PanTS_00004703,cbd,1,False,1.25,0.7421879768371582,3638,ok,1,3638,0,0,0,0.0,56.82964003952113,False,39.19369193925363,57.0,57.0,6.991781639113902,8.106322456685087,8.654638524655482,6.467210480320358,8.038372371992189,0.14035087719298245,True,,,,,,,,,0.0,False,,,,
PanTS_00004703,mpd,1,False,1.25,0.7421879768371582,1236,ok,2,1124,0,1,0,0.0,101.30666392133763,True,67.71278659053038,102.0,102.0,2.7305551207038725,3.713252142152545,4.23787674653289,3.117447584526413,2.5520508148903245,0.24509803921568626,True,,,,,,,,,0.0,False,,,,
PanTS_00004707,cbd,1,False,2.5,0.8027340173721313,4044,ok,1,4044,0,0,0,0.0,84.31152162540768,True,51.86036396453206,85.0,85.0,6.099370060660378,7.339553074687426,8.026079833419816,5.3570472351946865,5.271494148830297,0.0,True,,,,,,,,,0.0,False,,,,
PanTS_00004707,mpd,1,False,2.5,0.8027340173721313,1371,ok,7,403,0,5,1,5.196152422706632,91.28548416223681,False,26.234484202405003,92.0,80.0,2.3231760135613766,2.93839044865215,4.374988276030156,2.5501421713095693,2.0,0.0875,True,,,,,,,,,0.0,False,,,,
PanTS_00004722,cbd,0,False,1.0,0.81640625,2161,no_regions,2,2059,0,1,0,0.0,59.94792507365827,,,,,,,,,,,,,,,,,,,,,,,,,
PanTS_00004722,mpd,0,False,1.0,0.81640625,375,no_regions,4,198,1,2,0,0.0,18.803118619434354,,,,,,,,,,,,,,,,,,,,,,,,,
PanTS_00004723,cbd,0,False,3.0,0.947265625,800,ok,1,800,0,0,0,0.0,27.291799782024935,False,22.7448079407918,28.0,28.0,4.568076388663744,5.243636778977729,5.367969688473972,3.9167089480035795,4.593985293769007,0.0,True,,,,,,,,,0.0,False,,,,
PanTS_00004723,mpd,0,False,3.0,0.947265625,100,orient_ambiguous,4,63,2,1,0,0.0,7.560477932315067,False,4.227408321226239,,,,,,,,,,,,,,,,,,,,,,,
PanTS_00004724,cbd,1,False,0.9765625,0.800000011920929,639,ok,2,606,0,1,0,0.0,22.14553541208296,False,14.552959914295723,23.0,23.0,4.721246830969139,5.64822199748959,6.03407869014676,3.1753241935738563,5.030305692628733,0.0,True,,,,,,,,,0.0,False,,,,
PanTS_00004724,mpd,1,False,0.9765625,0.800000011920929,113,orient_ambiguous,2,110,1,0,0,0.0,10.024579547452822,True,6.697438407109974,,,,,,,,,,,,,,,,,,,,,,,
PanTS_00004730,cbd,0,False,2.5,0.830078125,1329,ok,4,1322,3,0,0,0.0,42.094918401459275,False,28.873555752000414,43.0,43.0,4.66011435272494,5.806050697208207,6.241480783227988,3.0349619631557525,4.27138697572358,0.0,True,,,,,,,,,0.0,False,,,,
PanTS_00004730,mpd,0,False,2.5,0.830078125,44,orient_ambiguous,3,24,2,0,0,0.0,3.0,False,0.8943780105233081,,,,,,,,,,,,,,,,,,,,,,,
PanTS_00004735,cbd,1,False,3.0,0.7260000109672546,991,ok,3,942,1,1,0,0.0,22.853006672199015,False,13.069915563834616,23.0,23.0,5.519939553422953,6.382293501586284,6.6460522259638655,3.226102497063799,6.0725691550721645,0.0,True,,,,,,,,,0.0,False,,,,
PanTS_00004735,mpd,1,False,3.0,0.7260000109672546,24,too_small,2,23,1,0,0,0.0,,,,,,,,,,,,,,,,,,,,,,,,,,
PanTS_00004748,cbd,1,False,5.0,0.8222659826278687,700,ok,3,302,0,1,1,5.830951894845301,25.9265992541636,True,21.152428965542597,26.0,14.0,2.668935887917111,4.159899817825584,4.659947518454046,3.3401140739030395,2.2569143107866116,0.0,True,,,,,,,,,0.0,False,,,,
PanTS_00004748,mpd,1,False,5.0,0.8222659826278687,312,orient_ambiguous,4,175,1,1,1,7.3484692283495345,19.005323477841916,True,13.100221414109471,,,,,,,,,,,,,,,,,,,,,,,
PanTS_00004750,cbd,0,False,2.5,0.875,206,orient_ambiguous,2,169,0,0,1,5.916079783099616,27.719198402533973,True,7.696131856556708,,,,,,,,,,,,,,,,,,,,,,,
PanTS_00004750,mpd,0,False,2.5,0.875,0,no_mask,0,0,0,0,0,0.0,,,,,,,,,,,,,,,,,,,,,,,,,,
PanTS_00004753,cbd,1,False,5.0,0.7089840173721313,878,orient_ambiguous,1,878,0,0,0,0.0,2.414213562373095,False,0.0471925403007063,,,,,,,,,,,,,,,,,,,,,,,
PanTS_00004753,mpd,1,False,5.0,0.7089840173721313,504,ok,5,354,1,1,1,6.4031242374328485,22.827698166887174,False,10.324962560793196,23.0,23.0,2.487781024710367,2.9601280625319366,3.1365183114470554,2.386929918161327,2.7193292010702166,0.0,True,,,,,,,,,0.0,False,,,,
PanTS_00004769,cbd,1,False,2.5,0.8984379768371582,2004,ok,1,2004,0,0,0,0.0,65.45851495320869,True,19.690974973895987,66.0,66.0,4.778399179772817,6.763931529667552,7.110109903574382,2.0,3.788938267304914,0.0,True,,,,,,,,,0.0,False,,,,
PanTS_00004769,mpd,1,False,2.5,0.8984379768371582,320,orient_ambiguous,9,120,3,3,2,7.0,28.09817212941741,False,8.511372348878336,,,,,,,,,,,,,,,,,,,,,,,
PanTS_00004776,cbd,0,False,1.5,1.5,1535,ok,2,1415,0,1,0,0.0,29.438064151966913,True,18.474091908728518,30.0,30.0,5.564376622756301,6.4274058864034425,6.60640577824731,4.376810963849906,5.737770700649657,0.0,True,,,,,,,,,0.0,False,,,,
PanTS_00004776,mpd,0,False,1.5,1.5,256,ok,5,131,2,2,0,0.0,21.609637027220714,False,18.572030687309585,22.0,22.0,2.0513496115620917,2.444760930825072,2.474503876373255,2.024695634201703,2.0268091729653683,0.0,True,,,,,,,,,0.0,False,,,,
PanTS_00004788,cbd,1,False,0.8691409826278687,0.800000011920929,0,no_mask,0,0,0,0,0,0.0,,,,,,,,,,,,,,,,,,,,,,,,,,
PanTS_00004788,mpd,1,False,0.8691409826278687,0.800000011920929,0,no_mask,0,0,0,0,0,0.0,,,,,,,,,,,,,,,,,,,,,,,,,,
PanTS_00004793,cbd,0,False,0.9765625,0.800000011920929,1082,ok,2,1031,0,1,0,0.0,32.341687834789596,False,26.308647012223073,33.0,33.0,4.982528903281441,5.709613307411966,5.9009106232941395,4.800139692545404,5.028775915170426,0.0,True,,,,,,,,,0.0,False,,,,
PanTS_00004793,mpd,0,False,0.9765625,0.800000011920929,21,orient_ambiguous,1,21,0,0,0,0.0,2.414213562373095,True,1.4604644193262502,,,,,,,,,,,,,,,,,,,,,,,
PanTS_00004796,cbd,1,False,1.0,1.0,1655,ok,1,1655,0,0,0,0.0,52.340958876930564,False,39.58956289576655,53.0,53.0,4.157326317324758,6.90595642687398,7.579815229837369,6.125120735266666,3.228540961399209,0.0,True,,,,,,,,,0.0,False,,,,
PanTS_00004796,mpd,1,False,1.0,1.0,339,orient_ambiguous,2,273,0,1,0,0.0,33.87418643129983,False,6.443120912944984,,,,,,,,,,,,,,,,,,,,,,,
PanTS_00004800,cbd,1,False,0.8000000715255737,0.703125,79,orient_ambiguous,2,40,0,0,1,7.681145747868608,13.095359310241703,False,7.973844924257712,,,,,,,,,,,,,,,,,,,,,,,
PanTS_00004800,mpd,1,False,0.8000000715255737,0.703125,210,too_small,1,210,0,0,0,0.0,,,,,,,,,,,,,,,,,,,,,,,,,,
PanTS_00004825,cbd,1,False,2.5,0.7402340173721313,4462,ok,1,4462,0,0,0,0.0,59.215874266089386,True,27.654988568824333,60.0,60.0,7.162196789639988,10.68753937053657,11.448300824205802,6.408751583265439,9.235172022509403,0.4666666666666667,True,,,,,,,,,0.0,False,,,,
PanTS_00004825,mpd,1,False,2.5,0.7402340173721313,304,ok,2,264,0,1,0,0.0,23.973962536829152,False,17.384107789872452,24.0,24.0,2.4802535843352893,3.790691641778559,4.159304604107747,2.368108610849658,2.405711276644576,0.20833333333333334,True,,,,,,,,,0.0,False,,,,
PanTS_00004828,cbd,1,False,1.2000000476837158,0.66796875,6536,ok,1,6536,0,0,0,0.0,53.94792507365827,False,34.944045523927784,54.0,54.0,9.518541492608094,10.272335665772134,10.50213186052695,10.161679244469134,7.566790404189954,0.9074074074074074,True,,,,,,,,,0.0,False,,,,
PanTS_00004828,mpd,1,False,1.2000000476837158,0.66796875,195,orient_ambiguous,1,195,0,0,0,0.0,5.732050807568877,True,1.1984711052431365,,,,,,,,,,,,,,,,,,,,,,,
PanTS_00004842,cbd,1,False,2.5,0.9375,1830,ok,1,1830,0,0,0,0.0,48.16598621332474,False,38.41274132513689,49.0,49.0,5.0588836592524045,6.289034007369758,7.019449935677915,3.9559209244779483,6.15187763570478,0.0,True,,,,,,,,,0.0,False,,,,
PanTS_00004842,mpd,1,False,2.5,0.9375,1088,ok,4,377,0,2,1,7.0710678118654755,53.0654811499364,True,25.842755243569236,54.0,41.0,2.0,2.910167746413334,3.760811857454206,1.7667515544401629,2.107195822012055,0.07317073170731707,True,,,,,,,,,0.0,False,,,,
PanTS_00004856,cbd,1,False,0.800000011920929,0.7421879768371582,0,no_mask,0,0,0,0,0,0.0,,,,,,,,,,,,,,,,,,,,,,,,,,
PanTS_00004856,mpd,1,False,0.800000011920929,0.7421879768371582,0,no_mask,0,0,0,0,0,0.0,,,,,,,,,,,,,,,,,,,,,,,,,,
PanTS_00004857,cbd,1,False,1.5,0.9765620231628418,1964,ok,1,1964,0,0,0,0.0,39.316379329477755,True,33.311459942819496,40.0,40.0,5.547561407598069,6.000502878831328,6.198463875129889,5.559563955085466,5.522612946230266,0.0,True,,,,,,,,,0.0,False,,,,
PanTS_00004857,mpd,1,False,1.5,0.9765620231628418,0,no_mask,0,0,0,0,0,0.0,,,,,,,,,,,,,,,,,,,,,,,,,,
PanTS_00004859,cbd,0,False,1.5000000545917667,1.4999998914474655,0,no_mask,0,0,0,0,0,0.0,,,,,,,,,,,,,,,,,,,,,,,,,,
PanTS_00004859,mpd,0,False,1.5000000545917667,1.4999998914474655,0,no_mask,0,0,0,0,0,0.0,,,,,,,,,,,,,,,,,,,,,,,,,,
PanTS_00004880,cbd,0,False,1.0,1.0,1419,ok,2,1410,1,0,0,0.0,46.555620228245026,False,37.45644906630837,47.0,47.0,4.258999303820019,6.687783520501292,7.095523021440329,3.902737748758977,3.4500004526789505,0.0,True,,,,,,,,,0.0,False,,,,
PanTS_00004880,mpd,0,False,1.0,1.0,33,orient_ambiguous,1,33,0,0,0,0.0,2.0,False,0.7883713832169246,,,,,,,,,,,,,,,,,,,,,,,
PanTS_00004901,cbd,0,False,2.0,0.787109375,476,ok,3,248,1,0,1,7.810249675906654,38.880588529913105,False,24.960063592005735,39.0,25.0,3.3774660195950377,3.805100546035304,4.153756769415295,3.683000495910331,2.0048176445343686,0.0,True,,,,,,,,,0.0,False,,,,
PanTS_00004901,mpd,0,False,2.0,0.787109375,0,no_mask,0,0,0,0,0,0.0,,,,,,,,,,,,,,,,,,,,,,,,,,
PanTS_00004913,cbd,0,False,3.0,0.796875,1781,no_regions,2,1589,0,1,0,0.0,57.72986393399181,,,,,,,,,,,,,,,,,,,,,,,,,
PanTS_00004913,mpd,0,False,3.0,0.796875,82,no_regions,2,41,0,1,0,0.0,4.414213562373095,,,,,,,,,,,,,,,,,,,,,,,,,
PanTS_00004937,cbd,1,False,2.5,0.8671879768371582,680,ok,2,664,1,0,0,0.0,41.755172439303664,True,26.758760754391087,42.0,42.0,3.259248111703486,4.0290070558617295,4.501674459530363,2.101893437893194,3.5127892408660495,0.0,True,,,,,,,,,0.0,False,,,,
PanTS_00004937,mpd,1,False,2.5,0.8671879768371582,797,ok,5,699,2,2,0,0.0,52.559020016597024,False,33.91031409995246,53.0,53.0,2.757442413268725,3.5144662427774986,3.687217078777685,2.5120134069023683,3.4624524080195096,0.32075471698113206,True,,,,,,,,,0.0,False,,,,
PanTS_00004954,cbd,0,False,1.0,0.728515625,2097,ok,1,2097,0,0,0,0.0,64.70528438653898,False,30.06363969542867,65.0,65.0,3.8978285717410635,8.201407498284338,8.774131488778389,1.967915991385091,2.683410974836182,0.12307692307692308,True,,,,,,,,,0.0,False,,,,
PanTS_00004954,mpd,0,False,1.0,0.728515625,621,ok,1,621,0,0,0,0.0,88.77222345219343,True,16.890643144382995,89.0,89.0,2.277560234801902,3.4441901495208453,3.734928016509185,1.9151000559854614,2.2545288677017963,0.16853932584269662,True,,,,,,,,,0.0,False,,,,
PanTS_00004963,cbd,1,False,3.0,0.6503909826278687,1652,ok,1,1652,0,0,0,0.0,68.40862690044402,True,26.32814379707609,69.0,69.0,3.7133675119045892,6.359151740753323,7.083787387846984,2.923270194375612,3.3870331685832253,0.0,True,,,,,,,,,0.0,False,,,,
PanTS_00004963,mpd,1,False,3.0,0.6503909826278687,719,ok,5,589,2,2,0,0.0,70.21514530823036,False,12.873524361325348,71.0,71.0,2.6639295113451062,3.474931712635229,3.913880083795039,2.0082748814005944,3.2871129425600074,0.2112676056338028,True,,,,,,,,,0.0,False,,,,
PanTS_00004964,cbd,1,False,2.5,0.7988280057907104,580,ok,4,512,1,2,0,0.0,40.97396253682914,True,31.630916705681145,41.0,41.0,3.592170730492958,3.9565759900780857,4.148408545189667,3.751803296661188,3.7028103644184585,0.0,True,,,,,,,,,0.0,False,,,,
PanTS_00004964,mpd,1,True,2.5,0.7988280057907104,1733,ok,3,1555,1,1,0,0.0,113.1316912577318,False,59.718137961617785,114.0,114.0,3.0351608892620217,4.379363357792385,5.457550652922341,4.831045763225028,2.240483662915655,0.41228070175438597,True,1.0403751900791942,59.0,0.5215161140443725,5.0,4.499046495225606,2.1874409719774057,2.056762469415827,19.0,1.0,False,54.1316912577318,-234.24173150076192,-205.07531356993346,93.78917272023034
PanTS_00005011,cbd,1,False,2.5,0.8300780057907104,3545,ok,2,3510,0,1,0,0.0,53.069609896147426,True,42.835239184590066,54.0,54.0,7.890119954019278,9.927727357149196,10.47041310030052,8.898354171738495,5.501631607037452,0.48148148148148145,True,,,,,,,,,0.0,False,,,,
PanTS_00005011,mpd,1,False,2.5,0.8300780057907104,515,ok,3,259,1,1,0,0.0,28.999271042140986,False,19.919766421628225,29.0,29.0,2.005791831868734,2.715670844499155,2.9755655712767903,2.016366638747706,1.9999999999999998,0.0,True,,,,,,,,,0.0,False,,,,
PanTS_00005016,cbd,0,False,1.5,1.5,0,no_mask,0,0,0,0,0,0.0,,,,,,,,,,,,,,,,,,,,,,,,,,
PanTS_00005016,mpd,0,False,1.5,1.5,0,no_mask,0,0,0,0,0,0.0,,,,,,,,,,,,,,,,,,,,,,,,,,
PanTS_00005017,cbd,1,False,0.800000011920929,0.716796875,3,too_small,1,3,1,0,0,0.0,,,,,,,,,,,,,,,,,,,,,,,,,,
PanTS_00005017,mpd,1,False,0.800000011920929,0.716796875,21,too_small,2,14,2,0,0,0.0,,,,,,,,,,,,,,,,,,,,,,,,,,
PanTS_00005027,cbd,1,False,2.5,0.859375,1699,ok,1,1699,0,0,0,0.0,74.24045381354222,True,33.070335887489044,75.0,75.0,4.1024816599104525,5.854693735620636,6.010710062230606,2.087926103426973,5.480009075004311,0.0,True,,,,,,,,,0.0,False,,,,
PanTS_00005027,mpd,1,False,2.5,0.859375,899,ok,2,593,0,1,0,0.0,48.75177265095164,False,32.56565735061826,49.0,49.0,2.0000000000000004,4.45881222704956,5.605052523994851,3.249016755709995,1.976121780294033,0.3673469387755102,True,,,,,,,,,0.0,False,,,,
PanTS_00005034,cbd,0,False,1.0,1.0,372,ok,3,324,1,1,0,0.0,23.26722023457211,False,16.09156226677353,24.0,24.0,2.9526449489962108,4.676736448376285,5.000393590216865,1.322232636661813,4.37707683551237,0.0,True,,,,,,,,,0.0,False,,,,
PanTS_00005034,mpd,0,False,1.0,1.0,173,orient_ambiguous,7,63,3,2,0,0.0,11.024579547452822,False,9.579455032414192,,,,,,,,,,,,,,,,,,,,,,,
PanTS_00005041,cbd,1,False,0.800000011920929,0.78125,2720,ok,1,2720,0,0,0,0.0,30.63081678632154,False,20.385272448154858,31.0,31.0,6.779940619866562,8.375821828676566,8.890366196164345,8.235430919018263,5.668723273046584,0.25806451612903225,True,,,,,,,,,0.0,False,,,,
PanTS_00005041,mpd,1,False,0.800000011920929,0.78125,61,orient_ambiguous,1,61,0,0,0,0.0,3.0,True,1.641285242157494,,,,,,,,,,,,,,,,,,,,,,,
PanTS_00005050,cbd,0,False,0.859375,0.800000011920929,1855,ok,1,1855,0,0,0,0.0,51.60550828100967,False,39.405124277478464,52.0,52.0,5.62313367292465,6.475930071407874,6.802964138804388,5.459625284223421,5.070192720435102,0.0,True,,,,,,,,,0.0,False,,,,
PanTS_00005050,mpd,0,False,0.859375,0.800000011920929,101,orient_ambiguous,2,98,1,0,0,0.0,15.438793109825918,False,4.183641707891503,,,,,,,,,,,,,,,,,,,,,,,
PanTS_00005054,cbd,1,False,1.0,0.9765625,2334,ok,1,2334,0,0,0,0.0,53.751772650951644,False,13.07157677399109,54.0,54.0,5.222337125605817,6.548583795760583,7.1608017862370135,3.7173070181048598,6.47624971023672,0.0,True,,,,,,,,,0.0,False,,,,
PanTS_00005054,mpd,1,False,1.0,0.9765625,330,ok,5,276,3,1,0,0.0,16.485281374238575,True,12.772566183252145,17.0,17.0,3.4405637161847693,3.787938006235013,3.901889777889309,3.2144623056480137,3.39083152726203,0.7058823529411765,False,,,,,,,,,0.0,False,,,,
PanTS_00005056,cbd,1,False,3.0,0.9765629768371582,2440,ok,2,2401,0,1,0,0.0,43.923345526205466,False,29.146098244427662,44.0,44.0,6.510233170654932,7.986568227296351,8.216479114635659,6.011053306495576,5.187058095718513,0.06818181818181818,True,,,,,,,,,0.0,False,,,,
PanTS_00005056,mpd,1,False,3.0,0.9765629768371582,419,orient_ambiguous,4,369,2,1,0,0.0,13.388905057061258,True,8.855528750536465,,,,,,,,,,,,,,,,,,,,,,,
PanTS_00005062,cbd,1,False,2.5,0.8359379768371582,1767,ok,1,1767,0,0,0,0.0,79.9936843802119,True,39.22019477034394,80.0,80.0,4.011060959640311,5.645857390560541,6.006735634013718,3.763437095340587,4.737841162247118,0.0,True,,,,,,,,,0.0,False,,,,
PanTS_00005062,mpd,1,False,2.5,0.8359379768371582,7411,loop_in_skeleton,3,7240,1,0,0,0.0,,,,,,,,,,,,,,,,,,,,,,,,,,
PanTS_00005085,cbd,1,False,1.25,0.7421879768371582,5717,loop_in_skeleton,2,5707,1,0,0,0.0,,,,,,,,,,,,,,,,,,,,,,,,,,
PanTS_00005085,mpd,1,False,1.25,0.7421879768371582,346,ok,5,149,1,2,1,7.280109889280518,30.96154368622572,True,22.652990814849865,31.0,18.0,2.0,2.5316354186386065,2.7211932959163643,2.0,1.8121324506350258,0.0,True,,,,,,,,,0.0,False,,,,
PanTS_00005095,cbd,1,False,2.5,0.8984379768371582,884,ok,1,884,0,0,0,0.0,29.902165767104663,True,17.794162333107767,30.0,30.0,4.423725368806557,5.92282823870883,6.261147070141474,5.774872767139183,3.967660476954342,0.0,True,,,,,,,,,0.0,False,,,,
PanTS_00005095,mpd,1,False,2.5,0.8984379768371582,0,no_mask,0,0,0,0,0,0.0,,,,,,,,,,,,,,,,,,,,,,,,,,
PanTS_00005103,cbd,0,False,1.25,0.8417969942092896,870,orient_ambiguous,2,858,1,0,0,0.0,30.609637027220717,False,2.6056221810379867,,,,,,,,,,,,,,,,,,,,,,,
PanTS_00005103,mpd,0,False,1.25,0.8417969942092896,0,no_mask,0,0,0,0,0,0.0,,,,,,,,,,,,,,,,,,,,,,,,,,
PanTS_00005114,cbd,1,False,2.5,0.8515620231628418,899,loop_in_skeleton,3,702,0,0,0,0.0,,,,,,,,,,,,,,,,,,,,,,,,,,
PanTS_00005114,mpd,1,False,2.5,0.8515620231628418,231,ok,1,231,0,0,0,0.0,33.17011495953579,False,24.14814296986828,34.0,34.0,2.1276839141938977,2.644902615169288,3.887115071937597,2.0730259582136377,2.0,0.029411764705882353,True,,,,,,,,,0.0,False,,,,
PanTS_00005137,cbd,1,False,2.5,0.7539060115814209,1130,ok,5,594,0,3,1,5.0990195135927845,20.04575930655364,True,12.531018193865787,21.0,21.0,3.860749184657515,5.698702554834444,5.847238336106489,5.441727505957401,2.93425019521505,0.0,False,,,,,,,,,0.0,False,,,,
PanTS_00005137,mpd,1,False,2.5,0.7539060115814209,2414,ok,2,2406,1,0,0,0.0,43.530311722933185,False,27.37627277738484,44.0,44.0,5.789833310839924,6.2277778802212795,6.982566635775147,6.00954257157437,5.585952902143836,1.0,True,,,,,,,,,0.0,False,,,,
PanTS_00005148,cbd,0,False,1.5,1.5,1184,ok,1,1184,0,0,0,0.0,50.65539633377434,True,29.757293658122794,51.0,51.0,3.915596357928589,4.315174867500637,5.954101595977026,3.9439721789108413,3.8170805771502367,0.0,True,,,,,,,,,0.0,False,,,,
PanTS_00005148,mpd,0,False,1.5,1.5,269,orient_ambiguous,6,217,4,1,0,0.0,29.288399993672932,False,16.305393378998794,,,,,,,,,,,,,,,,,,,,,,,
PanTS_00005162,cbd,1,False,0.8867189884185791,0.4769686460494995,0,no_mask,0,0,0,0,0,0.0,,,,,,,,,,,,,,,,,,,,,,,,,,
PanTS_00005162,mpd,1,False,0.8867189884185791,0.4769686460494995,0,no_mask,0,0,0,0,0,0.0,,,,,,,,,,,,,,,,,,,,,,,,,,
PanTS_00005172,cbd,1,False,0.8920000195503235,0.800001859664917,8063,ok,3,8042,2,0,0,0.0,73.67584713501613,False,25.036951616847407,74.0,74.0,9.899302908525733,10.843186424288943,11.251366696791312,9.832834885900613,9.089054128650996,0.9594594594594594,True,,,,,,,,,0.0,False,,,,
PanTS_00005172,mpd,1,False,0.8920000195503235,0.800001859664917,4850,ok,2,4689,0,1,0,0.0,111.38453130990715,True,56.89878181072902,112.0,112.0,5.018491868077116,7.514307365172451,8.625366407457228,5.87210480158606,3.9881367228100766,0.9732142857142857,True,,,,,,,,,0.0,False,,,,
PanTS_00005180,cbd,1,False,5.0,0.7820000052452087,1176,ok,1,1176,0,0,0,0.0,39.09491840145928,False,27.189114340218023,40.0,40.0,5.370329961183602,6.143974317198775,6.71994527022506,3.4431456347890794,3.668372425892797,0.0,True,,,,,,,,,0.0,False,,,,
PanTS_00005180,mpd,1,False,5.0,0.7820000052452087,0,no_mask,0,0,0,0,0,0.0,,,,,,,,,,,,,,,,,,,,,,,,,,
PanTS_00005186,cbd,1,False,5.0,0.78515625,18964,loop_in_skeleton,2,18951,1,0,0,0.0,,,,,,,,,,,,,,,,,,,,,,,,,,
PanTS_00005186,mpd,1,False,5.0,0.78515625,929,ok,6,790,3,2,0,0.0,54.287671035813894,True,36.634487323569104,55.0,55.0,3.535794009455384,3.998047540886513,4.340481626212228,2.7173087139082073,3.6975238480246846,0.6363636363636364,True,,,,,,,,,0.0,False,,,,
PanTS_00005188,cbd,1,False,2.5,0.703125,5383,loop_in_skeleton,1,5383,0,0,0,0.0,,,,,,,,,,,,,,,,,,,,,,,,,,
PanTS_00005188,mpd,1,False,2.5,0.703125,347,orient_ambiguous,5,151,2,1,1,3.0,40.04843013704662,False,5.992719144456169,,,,,,,,,,,,,,,,,,,,,,,
PanTS_00005195,cbd,0,False,1.5,1.5,117,orient_ambiguous,1,117,0,0,0,0.0,7.974691494688162,True,4.719493497425695,,,,,,,,,,,,,,,,,,,,,,,
PanTS_00005195,mpd,0,False,1.5,1.5,53,orient_ambiguous,1,53,0,0,0,0.0,3.732050807568877,False,2.431662838956271,,,,,,,,,,,,,,,,,,,,,,,
PanTS_00005207,cbd,1,False,1.25,0.7695310115814209,1942,ok,2,1862,0,1,0,0.0,31.438064151966906,False,19.904285109552557,32.0,32.0,6.766394035785531,7.711408419744291,7.975769789516978,4.90596675240322,6.232395395055658,0.0,True,,,,,,,,,0.0,False,,,,
PanTS_00005207,mpd,1,False,1.25,0.7695310115814209,1664,ok,4,1575,2,0,1,5.830951894845301,90.0884567212773,True,53.49370435343822,91.0,79.0,3.4214635129199915,5.840253682420405,6.181712794303536,5.492235451094549,1.8863346258141236,0.5569620253164557,True,,,,,,,,,0.0,False,,,,
PanTS_00005210,cbd,1,False,2.5,0.8027340173721313,5816,ok,1,5816,0,0,0,0.0,83.92188761048742,True,26.277553186509532,84.0,84.0,7.569628909718594,9.868192439503199,10.328525094421996,9.429820955862438,6.704756869766486,0.4166666666666667,True,,,,,,,,,0.0,False,,,,
PanTS_00005210,mpd,1,True,2.5,0.8027340173721313,3119,ok,2,3111,1,0,0,0.0,112.77416532482741,False,61.38261179097791,113.0,113.0,3.9815885266969744,6.120641295899163,7.1046806741209725,3.0130885399137144,2.005314987694135,0.7256637168141593,True,1.4088332359256572,6.0,0.05320367464230827,5.0,6.762248803634674,2.5467720960687283,2.655223376317448,55.0,1.0,False,6.0,-210.69772252234176,-234.33521965037585,119.2465825904523
PanTS_00005221,cbd,1,False,2.5,0.703125,1490,ok,3,1434,1,1,0,0.0,45.751772650951644,True,30.15394733486371,46.0,46.0,5.828519490264554,7.220418519136032,7.881014087676364,4.18634931251983,2.8081151223271794,0.0,True,,,,,,,,,0.0,False,,,,
PanTS_00005221,mpd,1,True,2.5,0.703125,6844,ok,4,6768,1,1,0,0.0,140.96618900132307,False,94.39647319027424,141.0,141.0,6.096964472413173,7.4679073327782195,8.518733881733215,6.432958349928256,5.142565274588785,0.9716312056737588,True,1.0318032939564348,115.0,0.8157984607140131,8.0,7.857761961698785,3.8432189516206936,2.044578271655626,25.0,1.0,False,25.966189001323073,-229.85784038202718,-223.6571487304172,188.02558879806503
PanTS_00005225,cbd,0,False,1.2447916269302368,0.8203120231628418,1251,ok,2,1247,1,0,0,0.0,48.26576231885406,False,34.321748094152525,49.0,49.0,3.7969992558349457,4.820693037969238,6.5606087272993925,3.251111645961352,4.495789539148744,0.0,True,,,,,,,,,0.0,False,,,,
PanTS_00005225,mpd,0,False,1.2447916269302368,0.8203120231628418,4,too_small,1,4,1,0,0,0.0,,,,,,,,,,,,,,,,,,,,,,,,,,
PanTS_00005226,cbd,0,False,1.5,0.7851560115814209,2229,loop_in_skeleton,1,2229,0,0,0,0.0,,,,,,,,,,,,,,,,,,,,,,,,,,
PanTS_00005226,mpd,0,False,1.5,0.7851560115814209,92,orient_ambiguous,4,44,2,1,0,0.0,7.560477932315067,True,4.03741508554481,,,,,,,,,,,,,,,,,,,,,,,
PanTS_00005230,cbd,1,False,0.78125,0.699999988079071,2262,ok,2,2162,0,1,0,0.0,65.70455542867997,False,16.899411242071498,66.0,66.0,4.012987309773852,6.573470737338891,7.093134784977284,2.025472906093981,3.431134182727143,0.0,True,,,,,,,,,0.0,False,,,,
PanTS_00005230,mpd,1,False,0.78125,0.699999988079071,306,orient_ambiguous,8,174,5,2,0,0.0,26.65612529163337,False,13.398716530956575,,,,,,,,,,,,,,,,,,,,,,,
PanTS_00005242,cbd,1,False,2.5,0.7910159826278687,3036,ok,2,2984,0,1,0,0.0,71.72646414563981,True,49.396338229629194,72.0,72.0,5.579828949655953,6.864739720845206,7.2848373310683945,6.317592466197661,4.370278327387323,0.0,True,,,,,,,,,0.0,False,,,,
PanTS_00005242,mpd,1,False,2.5,0.7910159826278687,1251,ok,2,1187,0,0,0,0.0,107.3278436804384,False,66.1829205350546,108.0,108.0,2.5675422511193613,3.9696375882674952,4.46224615716586,3.4431443293576582,2.0,0.32407407407407407,True,,,,,,,,,0.0,False,,,,
PanTS_00005250,cbd,1,False,5.0,0.5247395634651184,1997,ok,1,1997,0,0,0,0.0,69.60137953479864,False,46.7887017214031,70.0,70.0,5.168546361114535,6.00513386709593,6.824156787584883,2.34377921827708,2.616627139284697,0.0,True,,,,,,,,,0.0,False,,,,
PanTS_00005250,mpd,1,False,5.0,0.5247395634651184,28,too_small,2,21,1,0,0,0.0,,,,,,,,,,,,,,,,,,,,,,,,,,
PanTS_00005257,cbd,1,False,2.5,0.6796879768371582,3924,ok,2,3921,1,0,0,0.0,74.36140967817235,True,29.15403833010432,75.0,75.0,6.167062116978526,8.009649095272584,8.914993694421996,3.3809734495755217,7.835696947004347,0.08,True,,,,,,,,,0.0,False,,,,
PanTS_00005257,mpd,1,False,2.5,0.6796879768371582,1658,ok,10,905,1,6,2,7.3484692283495345,48.8005542671324,False,21.350014401843026,49.0,29.0,2.560035537939028,3.408619474518125,3.96973274477233,3.4729810436809467,2.691051385274245,0.1724137931034483,True,,,,,,,,,0.0,False,,,,
PanTS_00005266,cbd,1,False,0.800000011920929,0.78125,0,no_mask,0,0,0,0,0,0.0,,,,,,,,,,,,,,,,,,,,,,,,,,
PanTS_00005266,mpd,1,False,0.800000011920929,0.78125,0,no_mask,0,0,0,0,0,0.0,,,,,,,,,,,,,,,,,,,,,,,,,,
PanTS_00005268,cbd,1,False,2.5,0.7441409826278687,3109,ok,3,1839,0,2,0,0.0,37.04843013704664,False,16.58364721340637,38.0,38.0,6.31302751082657,8.91758834871741,9.50285717789837,3.6215491831936593,2.479641090614415,0.21052631578947367,True,,,,,,,,,0.0,False,,,,
PanTS_00005268,mpd,1,False,2.5,0.7441409826278687,1616,ok,4,1392,1,2,0,0.0,41.630816786321525,True,27.286872596934685,42.0,42.0,5.2497470340651375,6.4915537225436895,6.904572160655853,5.246971035367364,3.9069321747464105,0.9285714285714286,True,,,,,,,,,0.0,False,,,,
PanTS_00005275,cbd,1,False,0.800000011920929,0.7850000262260437,3636,ok,2,3524,0,1,0,0.0,50.387447141343216,False,21.40860663657898,51.0,51.0,6.8575867592318,8.095801971313353,9.10975999763241,8.167920035467843,7.003692812178604,0.11764705882352941,True,,,,,,,,,0.0,False,,,,
PanTS_00005275,mpd,1,False,0.800000011920929,0.7850000262260437,1924,ok,5,1276,2,2,0,0.0,49.84814896812896,True,24.729587293316317,50.0,50.0,4.174547016964803,4.992069506388455,5.743694756794164,4.534982906325758,4.0459278223074415,0.98,True,,,,,,,,,0.0,False,,,,
PanTS_00005284,cbd,0,False,0.7421879768371582,0.625,785,ok,1,785,0,0,0,0.0,38.36626738224241,False,17.28670966099921,39.0,39.0,3.617446571003117,4.306049271820459,4.859941371225268,3.8898863215136714,3.734459822443476,0.0,True,,,,,,,,,0.0,False,,,,
PanTS_00005284,mpd,0,False,0.7421879768371582,0.625,275,orient_ambiguous,7,95,3,3,0,0.0,23.87758621965184,True,3.5554523149152715,,,,,,,,,,,,,,,,,,,,,,,
PanTS_00005290,cbd,1,False,2.5,0.7714840173721313,1866,ok,1,1866,0,0,0,0.0,57.06960989614742,True,34.08055232880116,58.0,58.0,5.445999763631509,5.982198717015427,6.74354604938003,2.319366905409171,6.019216771534885,0.0,True,,,,,,,,,0.0,False,,,,
PanTS_00005290,mpd,1,False,2.5,0.7714840173721313,1325,ok,3,1010,0,1,1,6.324555320336759,64.79753195750527,False,40.23423149375524,65.0,65.0,3.688092392450451,4.484101529731741,5.586537426975592,3.845249875350831,2.2052697323187624,0.6461538461538462,True,,,,,,,,,0.0,False,,,,
PanTS_00005309,cbd,1,False,2.5,0.8554689884185791,2184,ok,2,2065,0,1,0,0.0,59.40862690044401,True,40.95375265907272,60.0,60.0,4.9557612366937684,6.303138633358738,7.251140127394552,3.4380305795483936,3.5422005923784763,0.0,True,,,,,,,,,0.0,False,,,,
PanTS_00005309,mpd,1,True,2.5,0.8554689884185791,5218,ok,7,5108,4,2,0,0.0,148.04405638989257,False,74.13336025579981,149.0,149.0,4.815419450393443,7.118732532744955,7.723021281096118,2.2394751960910426,3.9106971053799775,0.87248322147651,True,1.6290253763648606,11.0,0.07430220616915631,16.0,7.317839307554642,2.3659053514647352,3.0930397545380073,97.0,2.0,False,11.0,-248.8541527642266,-273.4294307322316,92.65049382855274
PanTS_00005316,cbd,1,False,4.0,0.7020000219345093,82,orient_ambiguous,1,82,0,0,0,0.0,5.414213562373095,True,3.0369837315485704,,,,,,,,,,,,,,,,,,,,,,,
PanTS_00005316,mpd,1,False,4.0,0.7020000219345093,0,no_mask,0,0,0,0,0,0.0,,,,,,,,,,,,,,,,,,,,,,,,,,
PanTS_00005362,cbd,1,False,2.5,0.7675780057907104,625,ok,4,464,1,2,0,0.0,27.241911729260273,True,18.1415584358378,28.0,28.0,2.764237055576731,3.5578342636689393,4.0459764493904276,2.7397186290872004,2.395362974659392,0.0,True,,,,,,,,,0.0,False,,,,
PanTS_00005362,mpd,1,False,2.5,0.7675780057907104,92,orient_ambiguous,3,40,1,1,0,0.0,14.146264369941973,False,6.538332882973483,,,,,,,,,,,,,,,,,,,,,,,
PanTS_00005370,cbd,1,False,5.0,0.703125,1103,ok,3,756,0,2,0,0.0,16.949382989376325,True,12.400981241484558,17.0,17.0,5.02413474190779,5.789492237727677,5.9598958353214195,3.255094499760456,5.615020794461342,0.0,False,,,,,,,,,0.0,False,,,,
PanTS_00005370,mpd,1,False,5.0,0.703125,205,orient_ambiguous,3,169,1,1,0,0.0,14.70674230225704,True,10.92066694849684,,,,,,,,,,,,,,,,,,,,,,,
PanTS_00005371,cbd,0,False,1.5,1.5,0,no_mask,0,0,0,0,0,0.0,,,,,,,,,,,,,,,,,,,,,,,,,,
PanTS_00005371,mpd,0,False,1.5,1.5,0,no_mask,0,0,0,0,0,0.0,,,,,,,,,,,,,,,,,,,,,,,,,,
PanTS_00005379,cbd,0,False,2.5,0.9257810115814209,824,ok,2,814,1,0,0,0.0,38.65539633377435,False,28.24806274218066,39.0,39.0,3.7400546925700078,4.1470719418445,4.3719863014884535,3.6310631822994015,3.7184626467920694,0.0,True,,,,,,,,,0.0,False,,,,
PanTS_00005379,mpd,0,False,2.5,0.9257810115814209,16,too_small,2,14,2,0,0,0.0,,,,,,,,,,,,,,,,,,,,,,,,,,
PanTS_00005390,cbd,1,False,0.8000019192695618,0.6629999876022339,6,too_small,1,6,1,0,0,0.0,,,,,,,,,,,,,,,,,,,,,,,,,,
PanTS_00005390,mpd,1,False,0.8000019192695618,0.6629999876022339,0,no_mask,0,0,0,0,0,0.0,,,,,,,,,,,,,,,,,,,,,,,,,,
PanTS_00005391,cbd,1,False,1.25,0.8535159826278687,1851,ok,3,1722,1,1,0,0.0,43.55902001659704,False,32.702427774477904,44.0,44.0,5.247029628014079,6.924318474274319,7.969673601544208,2.8579226646486298,2.3001695391791808,0.0,True,,,,,,,,,0.0,False,,,,
PanTS_00005391,mpd,1,False,1.25,0.8535159826278687,165,ok,4,115,1,1,0,0.0,14.681433796945205,True,10.482256000022506,15.0,15.0,2.1260060064397255,2.8240459911084392,2.9207634232505,2.1524272877935866,2.444506024573629,0.0,False,,,,,,,,,0.0,False,,,,
PanTS_00005392,cbd,1,False,5.0,0.5885416865348816,835,orient_ambiguous,5,407,2,2,0,0.0,18.024579547452824,False,3.7074553180922685,,,,,,,,,,,,,,,,,,,,,,,
PanTS_00005392,mpd,1,False,5.0,0.5885416865348816,10,too_small,1,10,1,0,0,0.0,,,,,,,,,,,,,,,,,,,,,,,,,,
PanTS_00005412,cbd,0,False,2.0,0.6464840173721313,1404,ok,2,1398,1,0,0,0.0,54.31565037161871,False,24.242757783323206,55.0,55.0,4.100893458958787,5.507216458490883,6.681854456205036,2.710408526380048,4.239691592163553,0.0,True,,,,,,,,,0.0,False,,,,
PanTS_00005412,mpd,0,False,2.0,0.6464840173721313,15,too_small,2,9,2,0,0,0.0,,,,,,,,,,,,,,,,,,,,,,,,,,
PanTS_00005420,cbd,1,False,1.25,0.7421879768371582,792,ok,2,657,0,1,0,0.0,16.120955864630133,True,10.234402845942007,17.0,17.0,4.720503605077589,5.650498135939569,5.966652560565228,5.116213821425072,4.806530869625971,0.0,False,,,,,,,,,0.0,False,,,,
PanTS_00005420,mpd,1,False,1.25,0.7421879768371582,191,orient_ambiguous,6,82,4,1,0,0.0,20.53516942700323,False,11.968352999872568,,,,,,,,,,,,,,,,,,,,,,,
PanTS_00005422,cbd,1,False,0.800000011920929,0.703125,603,ok,4,301,1,2,0,0.0,21.04575930655364,True,10.014559673988384,22.0,22.0,2.9196584309425577,3.625196531057658,3.7073397384957785,3.4205926738073362,1.9447721424845044,0.0,True,,,,,,,,,0.0,False,,,,
PanTS_00005422,mpd,1,False,0.800000011920929,0.703125,51,orient_ambiguous,2,39,1,0,0,0.0,2.0,True,0.9286276048143947,,,,,,,,,,,,,,,,,,,,,,,
PanTS_00005428,cbd,1,False,5.0,0.781000018119812,1484,ok,5,714,1,3,0,0.0,20.366996340101426,True,11.360690667186258,21.0,21.0,2.422574256636797,6.096651682640599,6.309260087685154,2.0340397952087144,5.815500718912408,0.0,False,,,,,,,,,0.0,False,,,,
PanTS_00005428,mpd,1,False,5.0,0.781000018119812,0,no_mask,0,0,0,0,0,0.0,,,,,,,,,,,,,,,,,,,,,,,,,,
PanTS_00005437,cbd,1,False,5.0,0.781000018119812,100,orient_ambiguous,1,100,0,0,0,0.0,7.82842712474619,False,3.7336183100338474,,,,,,,,,,,,,,,,,,,,,,,
PanTS_00005437,mpd,1,False,5.0,0.781000018119812,64,too_small,1,64,0,0,0,0.0,,,,,,,,,,,,,,,,,,,,,,,,,,
PanTS_00005466,cbd,1,False,2.5,0.6445310115814209,727,ok,1,727,0,0,0,0.0,27.4346643636149,True,23.012550696083178,28.0,28.0,4.272477832146471,5.604400187967061,5.966804764303255,3.3470985339713617,4.782550331406639,0.0,True,,,,,,,,,0.0,False,,,,
PanTS_00005466,mpd,1,False,2.5,0.6445310115814209,3942,loop_in_skeleton,6,3790,2,0,0,0.0,,,,,,,,,,,,,,,,,,,,,,,,,,
PanTS_00005473,cbd,0,False,0.800000011920929,0.7421879768371582,92,orient_ambiguous,1,92,0,0,0,0.0,8.464101615137753,True,5.1988977380324215,,,,,,,,,,,,,,,,,,,,,,,
PanTS_00005473,mpd,0,False,0.800000011920929,0.7421879768371582,132,orient_ambiguous,3,74,1,1,0,0.0,7.4641016151377535,False,6.146656945099732,,,,,,,,,,,,,,,,,,,,,,,
PanTS_00005489,cbd,0,False,1.5,1.5,5007,ok,1,5007,0,0,0,0.0,89.16452829760668,True,50.8413215672394,90.0,90.0,6.851280021275954,8.220493195431077,8.808185791413704,6.291482495681852,4.36295204001771,0.15555555555555556,True,,,,,,,,,0.0,False,,,,
PanTS_00005489,mpd,0,False,1.5,1.5,490,ok,6,309,3,0,2,5.0,66.28694207795488,False,51.29977189338605,67.0,48.0,2.374631100972757,2.959372517414918,3.770366229108234,2.2422037101609424,2.2171026278155095,0.08333333333333333,True,,,,,,,,,0.0,False,,,,
PanTS_00005504,cbd,0,False,0.800000011920929,0.673828125,1365,no_regions,1,1365,0,0,0,0.0,50.82696920902814,,,,,,,,,,,,,,,,,,,,,,,,,
PanTS_00005504,mpd,0,False,0.800000011920929,0.673828125,44,no_regions,2,24,0,1,0,0.0,8.14626436994197,,,,,,,,,,,,,,,,,,,,,,,,,
PanTS_00005513,cbd,0,False,0.7999999523162842,0.7089840173721313,0,no_mask,0,0,0,0,0,0.0,,,,,,,,,,,,,,,,,,,,,,,,,,
PanTS_00005513,mpd,0,False,0.7999999523162842,0.7089840173721313,0,no_mask,0,0,0,0,0,0.0,,,,,,,,,,,,,,,,,,,,,,,,,,
PanTS_00005514,cbd,1,False,5.0,0.7820000052452087,2033,ok,3,975,0,2,0,0.0,26.459972868926737,False,14.207601400748572,27.0,27.0,4.077036156561773,5.132511477562391,6.077972421139303,3.630811012450905,4.015473505228171,0.0,True,,,,,,,,,0.0,False,,,,
PanTS_00005514,mpd,1,False,5.0,0.7820000052452087,163,orient_ambiguous,5,64,2,0,0,0.0,3.82842712474619,False,0.21893291942372173,,,,,,,,,,,,,,,,,,,,,,,
PanTS_00005525,cbd,1,False,5.0,0.71875,1004,orient_ambiguous,3,921,1,0,0,0.0,41.045759306553634,False,0.17231400832833543,,,,,,,,,,,,,,,,,,,,,,,
PanTS_00005525,mpd,1,False,5.0,0.71875,84,orient_ambiguous,1,84,0,0,0,0.0,13.292528739883945,True,11.095880968428052,,,,,,,,,,,,,,,,,,,,,,,
PanTS_00005538,cbd,1,True,2.5,0.8398439884185791,8795,ok,2,8532,0,1,0,0.0,74.31152162540768,True,35.731949489070075,75.0,75.0,8.94037351594265,12.688858172964585,13.423847058915579,5.699206644993941,9.692321882880009,0.6533333333333333,True,1.1330290203112308,9.0,0.12111177113782624,12.0,11.695412404668987,5.332609959746346,2.1931872934553227,25.0,1.0,False,9.0,-225.33630124158182,-294.46250578742,99.82467547172655
PanTS_00005538,mpd,1,False,2.5,0.8398439884185791,5786,ok,4,4585,0,3,0,0.0,147.8615551917237,False,76.86332528396413,148.0,148.0,4.073561186826691,6.654344900960447,9.354008159495587,7.6780898598170415,3.500289996270639,0.8581081081081081,True,,,,,,,,,0.0,False,,,,
PanTS_00005545,cbd,0,False,0.800000011920929,0.78125,6,too_small,1,6,1,0,0,0.0,,,,,,,,,,,,,,,,,,,,,,,,,,
PanTS_00005545,mpd,0,False,0.800000011920929,0.78125,3,too_small,1,3,1,0,0,0.0,,,,,,,,,,,,,,,,,,,,,,,,,,
PanTS_00005549,cbd,0,False,1.5,1.5,105,no_regions,2,85,0,0,1,3.605551275463989,14.262405524956373,,,,,,,,,,,,,,,,,,,,,,,,,
PanTS_00005549,mpd,0,False,1.5,1.5,0,no_mask,0,0,0,0,0,0.0,,,,,,,,,,,,,,,,,,,,,,,,,,
PanTS_00005558,cbd,1,False,1.5000001276137163,1.499999889079737,745,ok,3,436,1,0,1,7.14142842854285,45.161879229784645,True,32.377871015279,46.0,33.0,3.64312966927831,4.5356949959261055,4.959716588147484,3.2855715340255496,4.234621536526673,0.0,True,,,,,,,,,0.0,False,,,,
PanTS_00005558,mpd,1,False,1.5000001276137163,1.499999889079737,162,orient_ambiguous,1,162,0,0,0,0.0,10.560477932315067,False,5.544999076813255,,,,,,,,,,,,,,,,,,,,,,,
PanTS_00005571,cbd,1,False,2.5,0.7324219942092896,13562,ok,4,13427,0,3,0,0.0,88.98955563400088,True,53.26874087113785,89.0,89.0,9.978273390319071,13.191339996686114,13.836796839585132,12.627153752201083,4.577265773940578,0.6741573033707865,True,,,,,,,,,0.0,False,,,,
PanTS_00005571,mpd,1,False,2.5,0.7324219942092896,369,ok,3,224,0,1,0,0.0,32.04503034869464,False,19.528467460365693,33.0,33.0,2.0,2.711475342721783,3.3240467476388535,2.537996742770255,1.6640848509130706,0.06060606060606061,True,,,,,,,,,0.0,False,,,,
PanTS_00005580,cbd,0,False,1.25,0.7421879768371582,1019,ok,1,1019,0,0,0,0.0,40.58092873355687,False,32.271581123591545,41.0,41.0,4.690119491992273,5.4536543824952375,5.7898953165295275,2.5612801454939786,3.8290818785029748,0.0,True,,,,,,,,,0.0,False,,,,
PanTS_00005580,mpd,0,False,1.25,0.7421879768371582,0,no_mask,0,0,0,0,0,0.0,,,,,,,,,,,,,,,,,,,,,,,,,,
PanTS_00005583,cbd,1,False,1.25,0.7421879768371582,1358,ok,2,1352,1,0,0,0.0,29.291799782024935,False,21.874530035740687,30.0,30.0,6.176436026271236,7.075650426703007,7.537012603331746,4.526762418129194,6.239218753227783,0.0,True,,,,,,,,,0.0,False,,,,
PanTS_00005583,mpd,1,False,1.25,0.7421879768371582,81,orient_ambiguous,5,46,4,0,0,0.0,2.0,True,0.9620854959362077,,,,,,,,,,,,,,,,,,,,,,,
PanTS_00005589,cbd,0,False,1.0,1.0,3117,ok,2,3069,0,1,0,0.0,84.40862690044402,False,60.9900406783581,85.0,85.0,6.208781484845268,6.931535924492944,7.10708985814484,3.5069934271167473,3.50884802653911,0.0,True,,,,,,,,,0.0,False,,,,
PanTS_00005589,mpd,0,False,1.0,1.0,189,orient_ambiguous,6,51,2,2,1,7.810249675906654,11.956514045848627,True,8.26146235315331,,,,,,,,,,,,,,,,,,,,,,,
PanTS_00005623,cbd,1,False,0.8203125,0.800000011920929,0,no_mask,0,0,0,0,0,0.0,,,,,,,,,,,,,,,,,,,,,,,,,,
PanTS_00005623,mpd,1,False,0.8203125,0.800000011920929,0,no_mask,0,0,0,0,0,0.0,,,,,,,,,,,,,,,,,,,,,,,,,,
PanTS_00005641,cbd,1,False,0.800000011920929,0.712890625,670,ok,1,670,0,0,0,0.0,24.87758621965184,False,16.031830118102242,25.0,25.0,4.450336513551225,5.5691015928629435,5.942384632361508,4.5380735579619405,2.0098526010833133,0.0,True,,,,,,,,,0.0,False,,,,
PanTS_00005641,mpd,1,False,0.800000011920929,0.712890625,357,orient_ambiguous,1,357,0,0,0,0.0,32.24191172926028,True,9.062059767159006,,,,,,,,,,,,,,,,,,,,,,,
PanTS_00005643,cbd,1,False,0.800000011920929,0.703125,1090,ok,2,734,0,1,0,0.0,38.706013344398016,False,17.31563552362988,39.0,39.0,1.9955737454894373,2.726603298888248,3.4179028342285287,1.9193168395724043,1.9579936408347862,0.0,True,,,,,,,,,0.0,False,,,,
PanTS_00005643,mpd,1,False,0.800000011920929,0.703125,45,orient_ambiguous,1,45,0,0,0,0.0,4.82842712474619,True,2.602583366766325,,,,,,,,,,,,,,,,,,,,,,,
PanTS_00005661,cbd,1,False,2.5,0.9765620231628418,1795,ok,1,1795,0,0,0,0.0,65.67584713501611,True,43.695143483809105,66.0,66.0,4.4650172474299445,6.358909791177408,6.956923906460802,2.9926498871695397,1.935327221403801,0.0,True,,,,,,,,,0.0,False,,,,
PanTS_00005661,mpd,1,False,2.5,0.9765620231628418,14,too_small,1,14,1,0,0,0.0,,,,,,,,,,,,,,,,,,,,,,,,,,
PanTS_00005665,cbd,1,False,0.800000011920929,0.703125,0,no_mask,0,0,0,0,0,0.0,,,,,,,,,,,,,,,,,,,,,,,,,,
PanTS_00005665,mpd,1,False,0.800000011920929,0.703125,87,orient_ambiguous,1,87,0,0,0,0.0,8.146264369941973,True,6.89442957838574,,,,,,,,,,,,,,,,,,,,,,,
PanTS_00005676,cbd,0,False,0.8789060115814209,0.6000000238418579,3576,ok,2,3090,0,1,0,0.0,54.67997588122714,False,38.33436117328915,55.0,55.0,6.505667466052931,7.832942388075298,8.635217789129918,7.460387873780688,6.678354451422875,0.09090909090909091,True,,,,,,,,,0.0,False,,,,
PanTS_00005676,mpd,0,False,0.8789060115814209,0.6000000238418579,0,no_mask,0,0,0,0,0,0.0,,,,,,,,,,,,,,,,,,,,,,,,,,
PanTS_00005677,cbd,1,False,0.800000011920929,0.68359375,47,orient_ambiguous,1,47,0,0,0,0.0,4.82842712474619,False,1.903268244065707,,,,,,,,,,,,,,,,,,,,,,,
PanTS_00005677,mpd,1,False,0.800000011920929,0.68359375,15,too_small,2,12,2,0,0,0.0,,,,,,,,,,,,,,,,,,,,,,,,,,
PanTS_00005695,cbd,0,False,3.0,0.78125,1890,ok,1,1890,0,0,0,0.0,63.265762318854065,True,48.770814071508696,64.0,64.0,4.448782851775302,6.37510902279018,6.950646483357747,1.9409688574562576,4.72988721948688,0.0,True,,,,,,,,,0.0,False,,,,
PanTS_00005695,mpd,0,False,3.0,0.78125,5,too_small,1,5,1,0,0,0.0,,,,,,,,,,,,,,,,,,,,,,,,,,
PanTS_00005724,cbd,0,False,3.0,0.7402340173721313,977,ok,2,926,0,1,0,0.0,16.388905057061258,True,10.1108975991488,17.0,17.0,5.478012893479591,5.820337903980787,6.057439335422854,5.418910211472491,5.652127223185802,0.0,False,,,,,,,,,0.0,False,,,,
PanTS_00005724,mpd,0,False,3.0,0.7402340173721313,0,no_mask,0,0,0,0,0,0.0,,,,,,,,,,,,,,,,,,,,,,,,,,
PanTS_00005731,cbd,1,False,3.2699995040893555,1.3671879768371582,4594,no_regions,1,4594,0,0,0,0.0,38.38817609920225,,,,,,,,,,,,,,,,,,,,,,,,,
PanTS_00005731,mpd,1,False,3.2699995040893555,1.3671879768371582,131,too_small,4,112,3,0,0,0.0,,,,,,,,,,,,,,,,,,,,,,,,,,
PanTS_00005732,cbd,1,False,3.0,0.9765625,1668,ok,1,1668,0,0,0,0.0,53.18716597242555,True,27.648509878613766,54.0,54.0,4.993650580900695,6.86815119173882,7.286435646406899,3.2865987834776633,5.140755976358166,0.0,True,,,,,,,,,0.0,False,,,,
PanTS_00005732,mpd,1,False,3.0,0.9765625,796,ok,2,785,1,0,0,0.0,90.18230826835547,True,31.177846546775854,91.0,91.0,2.6662823251512275,3.2218806656724457,3.625491933842881,2.1413519804402616,2.6590137700484116,0.10989010989010989,True,,,,,,,,,0.0,False,,,,
PanTS_00005739,cbd,1,False,2.5,0.9472659826278687,7985,ok,5,7766,3,1,0,0.0,85.13654896180186,False,61.86098632062817,86.0,86.0,8.174995809115499,11.736498806120249,12.411610623138266,8.153895521526596,2.824701742921828,0.5348837209302325,True,,,,,,,,,0.0,False,,,,
PanTS_00005739,mpd,1,True,2.5,0.9472659826278687,4577,ok,6,2185,2,3,0,0.0,54.92334552620546,True,36.593755503607156,55.0,55.0,6.006442692448032,7.23561552156469,7.870335109959921,2.9652769967054087,6.739181258662675,0.9090909090909091,True,1.8428489659246459,6.0,0.10924316322168016,5.0,6.195587169050046,1.727148403373064,3.587177081569984,48.0,1.0,False,6.0,1.5455432836334069,117.07266253454445,-115.76915564514252
PanTS_00005742,cbd,1,False,5.0,0.781000018119812,1504,ok,4,712,0,3,0,0.0,20.924074484064494,False,12.837390467895325,21.0,21.0,4.891676154994275,5.408212861664229,5.543310400378016,1.8710494550567662,5.229885283344731,0.0,False,,,,,,,,,0.0,False,,,,
PanTS_00005742,mpd,1,False,5.0,0.781000018119812,0,no_mask,0,0,0,0,0,0.0,,,,,,,,,,,,,,,,,,,,,,,,,,
PanTS_00005757,cbd,1,True,1.25,0.7871090173721313,10355,ok,1,10355,0,0,0,0.0,80.04697222132859,False,55.84568066309199,81.0,81.0,11.152607922283794,13.016391555814977,13.667753032308244,2.4044085248342464,9.107646621144953,0.8641975308641975,True,2.253635393899533,9.0,0.11243398407518956,12.0,9.688350785896542,2.0315990545891025,4.768830131128429,71.0,1.0,False,9.0,59.231003848492634,88.03011609460832,-324.91766148246796
PanTS_00005757,mpd,1,False,1.25,0.7871090173721313,3092,ok,3,2156,0,1,0,0.0,101.06062344586634,True,66.93642440333585,102.0,102.0,4.0,5.647775811248074,6.518234611656219,4.571592652812025,2.0,0.7450980392156863,True,,,,,,,,,0.0,False,,,,
PanTS_00005759,cbd,1,False,2.5,0.9140620231628418,857,ok,2,526,0,1,0,0.0,27.166715171183778,True,22.36846005601266,28.0,28.0,3.9076192869577597,4.604301658650862,5.204899195498981,3.4254375565271333,4.35412522957646,0.0,True,,,,,,,,,0.0,False,,,,
PanTS_00005759,mpd,1,False,2.5,0.9140620231628418,613,ok,2,582,0,0,1,7.483314773547883,41.89267063185095,False,32.75092083118318,42.0,28.0,3.0201291827554684,4.758363070206399,5.362880453935768,4.266671642551428,2.628878186949013,0.4642857142857143,True,,,,,,,,,0.0,False,,,,
PanTS_00005766,cbd,1,False,2.5,0.8125,3378,ok,3,3355,2,0,0,0.0,76.70042668246893,True,56.086526487616865,77.0,77.0,4.982318388111288,9.734354290736709,10.769786157963285,4.744007290586097,4.003625832462559,0.16883116883116883,True,,,,,,,,,0.0,False,,,,
PanTS_00005766,mpd,1,False,2.5,0.8125,3035,ok,2,2827,0,1,0,0.0,104.99222646449387,False,69.5497641573186,105.0,105.0,4.321497346045588,6.201520282932269,7.715191536444957,4.843766958109619,5.149196115054494,0.8,True,,,,,,,,,0.0,False,,,,
PanTS_00005774,cbd,1,False,4.0,0.5839840173721313,760,ok,2,557,0,1,0,0.0,22.973962536829152,True,13.175579831042098,23.0,23.0,3.7057759781204376,4.826573414614104,5.38294406684721,2.3878486833175248,3.748916012652851,0.0,True,,,,,,,,,0.0,False,,,,
PanTS_00005774,mpd,1,False,4.0,0.5839840173721313,98,orient_ambiguous,3,62,1,1,0,0.0,12.70674230225704,True,8.537327095752055,,,,,,,,,,,,,,,,,,,,,,,
PanTS_00005780,cbd,1,False,5.0,0.83984375,1524,ok,1,1524,0,0,0,0.0,97.16185746711369,True,60.59716637697363,98.0,98.0,3.864958443402835,4.634085592887331,5.369955211543176,3.9226044467203764,4.3987421321761655,0.0,True,,,,,,,,,0.0,False,,,,
PanTS_00005780,mpd,1,False,5.0,0.83984375,3092,ok,6,2368,3,2,0,0.0,62.96910483275907,False,43.76054737675005,63.0,63.0,5.641802852434552,6.622714510832872,6.8607039328757,5.950167839611912,6.524943269915982,1.0,True,,,,,,,,,0.0,False,,,,
PanTS_00005782,cbd,1,False,1.0,1.0,18,too_small,1,18,1,0,0,0.0,,,,,,,,,,,,,,,,,,,,,,,,,,
PanTS_00005782,mpd,1,False,1.0,1.0,453,ok,7,165,3,2,1,3.605551275463989,43.60409335974595,True,35.105072743736486,44.0,35.0,1.8205659862897938,2.502800046840793,2.706465682419678,1.788211216508334,0.35819099077830724,0.0,True,,,,,,,,,0.0,False,,,,
PanTS_00005785,cbd,1,False,0.857421875,0.8013793230056763,1364,ok,3,986,1,1,0,0.0,23.559748974456056,False,12.583945320645027,24.0,24.0,2.321362007164394,7.71738868008397,8.194501675281522,1.6229401759596618,6.396756279968586,0.125,True,,,,,,,,,0.0,False,,,,
PanTS_00005785,mpd,1,False,0.857421875,0.8013793230056763,0,no_mask,0,0,0,0,0,0.0,,,,,,,,,,,,,,,,,,,,,,,,,,
PanTS_00005793,cbd,0,False,1.0,1.0,2022,ok,3,2007,2,0,0,0.0,96.84669105241092,False,53.44637602827475,97.0,97.0,3.440856916465013,6.253692753523079,6.94409174747,1.8796586147540113,2.9985759939376626,0.0,True,,,,,,,,,0.0,False,,,,
PanTS_00005793,mpd,0,False,1.0,1.0,342,ok,4,246,2,1,0,0.0,38.07033885400646,True,26.660119195512202,39.0,39.0,2.046867287843713,3.09566714465644,3.8563390096230985,1.9028822065884943,2.493758279954288,0.07692307692307693,True,,,,,,,,,0.0,False,,,,
PanTS_00005796,cbd,0,False,0.800000011920929,0.7149999737739563,1133,ok,1,1133,0,0,0,0.0,35.80238966157534,False,24.76656447198077,36.0,36.0,4.216392361122972,5.232399109847252,5.539939868261821,3.3486989200695705,4.742466886643154,0.0,True,,,,,,,,,0.0,False,,,,
PanTS_00005796,mpd,0,False,0.800000011920929,0.7149999737739563,0,no_mask,0,0,0,0,0,0.0,,,,,,,,,,,,,,,,,,,,,,,,,,
PanTS_00005803,cbd,1,False,5.0,0.9765620231628418,2735,ok,1,2735,0,0,0,0.0,65.67657609287514,True,44.574709225226144,66.0,66.0,6.306839891693551,7.784893716285019,7.965762466288929,2.286842063233471,6.19997492527653,0.0,True,,,,,,,,,0.0,False,,,,
PanTS_00005803,mpd,1,False,5.0,0.9765620231628418,0,no_mask,0,0,0,0,0,0.0,,,,,,,,,,,,,,,,,,,,,,,,,,
PanTS_00005806,cbd,1,False,1.25,0.7578120231628418,328,orient_ambiguous,1,328,0,0,0,0.0,17.94938298937633,False,5.120826152411489,,,,,,,,,,,,,,,,,,,,,,,
PanTS_00005806,mpd,1,False,1.25,0.7578120231628418,822,ok,6,503,1,2,2,7.810249675906654,28.652167023165422,False,19.29892406655253,29.0,3.0,2.0000000000000004,2.0563981836359155,2.0704977295448943,,,0.0,True,,,,,,,,,0.0,False,,,,
PanTS_00005821,cbd,1,False,2.5,0.8359379768371582,856,ok,2,848,1,0,0,0.0,38.31297954112575,True,18.17035863953186,39.0,39.0,4.132689981026703,4.56106709515194,5.135699994926171,4.388303033597904,2.416026776101593,0.0,True,,,,,,,,,0.0,False,,,,
PanTS_00005821,mpd,1,False,2.5,0.8359379768371582,654,ok,7,336,3,2,0,0.0,56.216603223948425,False,35.63244620010482,57.0,57.0,2.0,3.1818314053662275,3.8097010117990453,2.020328819939995,2.9551313035610196,0.08771929824561403,True,,,,,,,,,0.0,False,,,,
PanTS_00005832,cbd,1,False,0.800000011920929,0.576171875,0,no_mask,0,0,0,0,0,0.0,,,,,,,,,,,,,,,,,,,,,,,,,,
PanTS_00005832,mpd,1,False,0.800000011920929,0.576171875,0,no_mask,0,0,0,0,0,0.0,,,,,,,,,,,,,,,,,,,,,,,,,,
PanTS_00005855,cbd,1,False,2.5,0.7597659826278687,10482,ok,1,10482,0,0,0,0.0,80.04284347511754,True,40.396212599155916,81.0,81.0,10.610010080883104,12.401315242582267,12.679364367008313,6.543148257172447,6.30122978992183,0.7654320987654321,True,,,,,,,,,0.0,False,,,,
PanTS_00005855,mpd,1,False,2.5,0.7597659826278687,14715,ok,2,14673,0,1,0,0.0,176.3782156901192,False,56.70982337339336,177.0,177.0,8.312105547473843,10.543038830957382,11.591932252718,6.224513407115792,4.257864720021666,0.96045197740113,True,,,,,,,,,0.0,False,,,,
PanTS_00005864,cbd,1,False,0.800000011920929,0.703125,662,ok,2,645,1,0,0,0.0,21.73132184970986,False,14.548077253421415,22.0,22.0,3.989076882831699,5.630477627169509,5.770212746034138,3.769179116614393,4.697459744705679,0.0,True,,,,,,,,,0.0,False,,,,
PanTS_00005864,mpd,1,False,0.800000011920929,0.703125,9,too_small,1,9,1,0,0,0.0,,,,,,,,,,,,,,,,,,,,,,,,,,
PanTS_00005869,cbd,0,False,1.5,1.5,0,no_mask,0,0,0,0,0,0.0,,,,,,,,,,,,,,,,,,,,,,,,,,
PanTS_00005869,mpd,0,False,1.5,1.5,0,no_mask,0,0,0,0,0,0.0,,,,,,,,,,,,,,,,,,,,,,,,,,
PanTS_00005876,cbd,1,False,2.5,0.888671875,430,ok,2,339,0,0,1,5.916079783099616,36.57220507473298,False,21.48311666789532,37.0,25.0,2.4370767046815676,3.4026698170093606,4.1152804482326815,2.456288325949264,2.5922210736705447,0.0,True,,,,,,,,,0.0,False,,,,
PanTS_00005876,mpd,1,False,2.5,0.888671875,4,too_small,2,2,2,0,0,0.0,,,,,,,,,,,,,,,,,,,,,,,,,,
PanTS_00005881,cbd,1,False,5.0,0.7617189884185791,1650,ok,2,1623,0,1,0,0.0,33.070338854006465,True,26.247753529157066,34.0,34.0,4.904070036948873,6.030455286197171,6.162529432538368,5.871621401442763,6.021362949149017,0.0,True,,,,,,,,,0.0,False,,,,
PanTS_00005881,mpd,1,False,5.0,0.7617189884185791,0,no_mask,0,0,0,0,0,0.0,,,,,,,,,,,,,,,,,,,,,,,,,,
PanTS_00005894,cbd,0,False,2.5,0.81640625,944,ok,1,944,0,0,0,0.0,45.46264369941972,True,13.677872780431734,46.0,46.0,3.962973917518916,5.983006898159206,6.309953484054738,2.6851617169556876,4.284931204571282,0.0,True,,,,,,,,,0.0,False,,,,
PanTS_00005894,mpd,0,False,2.5,0.81640625,387,orient_ambiguous,5,205,2,2,0,0.0,23.877586219651835,False,1.5106981937395965,,,,,,,,,,,,,,,,,,,,,,,
PanTS_00005905,cbd,1,False,3.0,0.7421875,1664,orient_ambiguous,1,1664,0,0,0,0.0,75.92261656834643,False,9.50848155004153,,,,,,,,,,,,,,,,,,,,,,,
PanTS_00005905,mpd,1,False,3.0,0.7421875,566,orient_ambiguous,2,556,1,0,0,0.0,65.14067770801289,False,10.384495797233384,,,,,,,,,,,,,,,,,,,,,,,
PanTS_00005915,cbd,0,False,5.0,0.70703125,4925,loop_in_skeleton,2,4894,0,0,0,0.0,,,,,,,,,,,,,,,,,,,,,,,,,,
PanTS_00005915,mpd,0,False,5.0,0.70703125,0,no_mask,0,0,0,0,0,0.0,,,,,,,,,,,,,,,,,,,,,,,,,,
PanTS_00005921,cbd,1,False,2.5,0.7539060115814209,1205,ok,2,1204,1,0,0,0.0,45.06960989614744,True,23.318303336205798,46.0,46.0,4.359253932685907,5.309891178948391,5.949257952916504,1.6818087028736368,5.191801346917772,0.0,True,,,,,,,,,0.0,False,,,,
PanTS_00005921,mpd,1,False,2.5,0.7539060115814209,2167,ok,3,1915,1,1,0,0.0,63.19056576077754,False,43.897971073964165,64.0,64.0,5.060786972780754,5.979715487727073,6.090802372674477,4.129674393234158,3.9105723567502215,1.0,True,,,,,,,,,0.0,False,,,,
PanTS_00005924,cbd,1,False,1.5,0.689453125,988,orient_ambiguous,1,988,0,0,0,0.0,35.99854208428197,True,9.557863704448792,,,,,,,,,,,,,,,,,,,,,,,
PanTS_00005924,mpd,1,False,1.5,0.689453125,91,orient_ambiguous,5,36,3,1,0,0.0,1.0,False,0.0,,,,,,,,,,,,,,,,,,,,,,,
PanTS_00005931,cbd,1,False,5.0,0.78125,3271,ok,1,3271,0,0,0,0.0,51.24118277140124,True,33.010054396634814,52.0,52.0,6.210264553851184,7.858177801665253,8.020453180496695,7.890737838187642,5.819957335459408,0.0,True,,,,,,,,,0.0,False,,,,
PanTS_00005931,mpd,1,False,5.0,0.78125,663,ok,9,228,2,3,3,5.830951894845301,37.672349320979784,False,28.999411682488386,38.0,12.0,1.473253995158358,1.7977034138959427,1.9616927105038062,,1.5352993587769657,0.0,True,,,,,,,,,0.0,False,,,,
PanTS_00005934,cbd,0,False,1.5,1.5,1035,orient_ambiguous,4,559,0,2,1,7.810249675906654,43.1920236764956,True,9.128357058674059,,,,,,,,,,,,,,,,,,,,,,,
PanTS_00005934,mpd,0,False,1.5,1.5,307,orient_ambiguous,7,122,1,4,1,4.69041575982343,16.631545744180546,True,11.91465319828663,,,,,,,,,,,,,,,,,,,,,,,
PanTS_00005938,cbd,0,False,5.0,0.9765620231628418,763,ok,2,674,0,1,0,0.0,20.170843917394794,True,14.700912007980385,21.0,21.0,4.828665176849133,5.997987234641493,6.153867878889164,5.705665015368077,3.543614885783034,0.0,False,,,,,,,,,0.0,False,,,,
PanTS_00005938,mpd,0,False,5.0,0.9765620231628418,50,orient_ambiguous,2,47,1,0,0,0.0,2.0,True,0.5320083977365879,,,,,,,,,,,,,,,,,,,,,,,
PanTS_00005960,cbd,1,False,5.0,0.703125,9903,ok,2,9900,1,0,0,0.0,98.62862991274446,True,72.99009249854137,99.0,99.0,8.295762686834832,11.058609513261489,13.119827087373922,4.510186871997619,3.6036749378321673,0.5757575757575758,True,,,,,,,,,0.0,False,,,,
PanTS_00005960,mpd,1,False,5.0,0.703125,1108,orient_ambiguous,2,1102,1,0,0,0.0,36.023850589593806,True,10.141370183061454,,,,,,,,,,,,,,,,,,,,,,,
PanTS_00005985,cbd,1,False,0.800000011920929,0.78125,0,no_mask,0,0,0,0,0,0.0,,,,,,,,,,,,,,,,,,,,,,,,,,
PanTS_00005985,mpd,1,False,0.800000011920929,0.78125,0,no_mask,0,0,0,0,0,0.0,,,,,,,,,,,,,,,,,,,,,,,,,,
PanTS_00005992,cbd,1,False,2.5,0.7988280057907104,16419,ok,3,16143,1,1,0,0.0,75.55756210087897,True,53.802347405605204,76.0,76.0,15.555951679967322,17.411137481066866,17.803801052511282,15.792330750441398,3.1044228518472696,0.8026315789473685,True,,,,,,,,,0.0,False,,,,
PanTS_00005992,mpd,1,False,2.5,0.7988280057907104,620,ok,3,389,0,2,0,0.0,37.23778298304924,False,28.843316967784816,38.0,38.0,2.8288837544340377,3.556527707195311,4.105046852709049,2.4208235712978117,2.707023813993164,0.3684210526315789,True,,,,,,,,,0.0,False,,,,
PanTS_00005994,cbd,1,False,2.4200000762939453,0.7910159826278687,6422,loop_in_skeleton,1,6422,0,0,0,0.0,,,,,,,,,,,,,,,,,,,,,,,,,,
PanTS_00005994,mpd,1,False,2.4200000762939453,0.7910159826278687,6,too_small,1,6,1,0,0,0.0,,,,,,,,,,,,,,,,,,,,,,,,,,
PanTS_00005995,cbd,1,False,0.7999999523162842,0.78125,99,orient_ambiguous,1,99,0,0,0,0.0,1.0,False,0.0,,,,,,,,,,,,,,,,,,,,,,,
PanTS_00005995,mpd,1,False,0.7999999523162842,0.78125,0,no_mask,0,0,0,0,0,0.0,,,,,,,,,,,,,,,,,,,,,,,,,,
PanTS_00006000,cbd,1,True,1.25,0.7421879768371582,10309,ok,2,10278,0,0,1,7.3484692283495345,88.65999085375724,False,37.44105275793741,89.0,75.0,9.995846231502156,12.262907136592577,13.033963163919763,1.7897229993179664,11.877351322513348,0.52,True,1.5959993604184985,49.0,0.5526731903325419,5.0,11.286477627759375,3.733487868698125,3.0230385164462827,39.0,1.0,False,39.659990853757236,34.98318989756626,89.31780226548211,-13.64072088907001
PanTS_00006000,mpd,1,False,1.25,0.7421879768371582,1204,ok,3,949,1,1,0,0.0,53.554891270385994,True,34.608762833734176,54.0,54.0,3.508450726317932,4.163932570370942,4.804636634102526,3.569025155566842,3.4778740215921795,0.5925925925925926,True,,,,,,,,,0.0,False,,,,
PanTS_00006011,cbd,1,False,1.5,1.5,1639,ok,1,1639,0,0,0,0.0,48.483823458520526,True,34.06940354293826,49.0,49.0,5.302790802481299,6.316990799112024,6.96754907873075,3.1056531060391164,5.995648496438227,0.0,True,,,,,,,,,0.0,False,,,,
PanTS_00006011,mpd,1,False,1.5,1.5,64,orient_ambiguous,3,52,2,0,0,0.0,5.146264369941973,True,3.744869097073039,,,,,,,,,,,,,,,,,,,,,,,
PanTS_00006034,cbd,0,False,0.82421875,0.800000011920929,0,no_mask,0,0,0,0,0,0.0,,,,,,,,,,,,,,,,,,,,,,,,,,
PanTS_00006034,mpd,0,False,0.82421875,0.800000011920929,0,no_mask,0,0,0,0,0,0.0,,,,,,,,,,,,,,,,,,,,,,,,,,
PanTS_00006039,cbd,1,False,5.0,0.765999972820282,1351,ok,2,1343,1,0,0,0.0,42.412755646655064,True,30.651036785917682,43.0,43.0,4.8020022167152865,6.060369507618402,6.723439145062175,4.834076290578471,2.8449152295234885,0.0,True,,,,,,,,,0.0,False,,,,
PanTS_00006039,mpd,1,False,5.0,0.765999972820282,38,orient_ambiguous,2,35,1,0,0,0.0,4.0,True,2.479094322230292,,,,,,,,,,,,,,,,,,,,,,,
PanTS_00006054,cbd,1,False,0.800000011920929,0.703125,0,no_mask,0,0,0,0,0,0.0,,,,,,,,,,,,,,,,,,,,,,,,,,
PanTS_00006054,mpd,1,False,0.800000011920929,0.703125,0,no_mask,0,0,0,0,0,0.0,,,,,,,,,,,,,,,,,,,,,,,,,,
PanTS_00006056,cbd,1,False,1.0,0.7421875,1173,ok,1,1173,0,0,0,0.0,32.29179978202494,False,23.40822129643199,33.0,33.0,3.695293503368436,6.066549043156036,6.754837437943916,3.532046530748743,5.627958820748844,0.0,True,,,,,,,,,0.0,False,,,,
PanTS_00006056,mpd,1,False,1.0,0.7421875,198,orient_ambiguous,2,147,0,1,0,0.0,15.70674230225704,False,4.7381809773831876,,,,,,,,,,,,,,,,,,,,,,,
PanTS_00006064,cbd,1,False,2.5,0.703125,17316,ok,1,17316,0,0,0,0.0,73.38258943727315,True,55.03982241483947,74.0,74.0,14.671082175272002,16.635927988007534,17.79907540083216,10.168693688140612,7.443713165995966,0.918918918918919,True,,,,,,,,,0.0,False,,,,
PanTS_00006064,mpd,1,False,2.5,0.703125,1388,ok,4,1315,2,1,0,0.0,103.97104670539308,False,51.765134600734925,104.0,104.0,3.082125931009982,4.125744512954647,5.135928659259786,3.6244000663047453,2.685504952598888,0.4423076923076923,True,,,,,,,,,0.0,False,,,,
PanTS_00006071,cbd,0,False,1.0,0.68359375,576,ok,2,498,0,0,1,6.164414002968976,54.45548482713488,False,17.87754051549557,55.0,43.0,2.764824386507725,4.098275796161984,4.506098925085118,1.9346147220167582,2.3306782778632664,0.0,True,,,,,,,,,0.0,False,,,,
PanTS_00006071,mpd,0,False,1.0,0.68359375,135,orient_ambiguous,2,93,0,1,0,0.0,14.363596551749424,False,9.679835084232604,,,,,,,,,,,,,,,,,,,,,,,
PanTS_00006078,cbd,0,False,5.0,0.78125,1029,ok,3,834,0,2,0,0.0,29.463372657278743,True,21.338187532309316,30.0,30.0,4.631539447338081,5.706504910976293,6.06728237896464,5.662555958446981,3.8950154134216506,0.0,True,,,,,,,,,0.0,False,,,,
PanTS_00006078,mpd,0,False,5.0,0.78125,130,orient_ambiguous,2,121,1,0,0,0.0,12.292528739883943,False,0.764618163967631,,,,,,,,,,,,,,,,,,,,,,,
PanTS_00006079,cbd,1,True,2.5,0.9023439884185791,20022,ok,2,19294,0,1,0,0.0,134.84450417883386,True,85.66703365157743,135.0,135.0,11.397332223069554,13.932209111592837,14.490367949672013,5.43605511778917,5.755407854362415,0.7481481481481481,True,1.1031751959414982,10.0,0.07415949252731703,16.0,11.678113072883358,5.43605511778917,2.148269805923678,100.0,1.0,False,10.0,-240.53561736586005,-274.27341354019427,89.97650965502604
PanTS_00006079,mpd,1,False,2.5,0.9023439884185791,4129,ok,1,4129,0,0,0,0.0,162.73987036923455,False,102.7783410993458,163.0,163.0,4.0738361441147655,6.434812331011165,7.295002789145807,6.0742848451370035,2.488968014416707,0.7177914110429447,True,,,,,,,,,0.0,False,,,,
PanTS_00006135,cbd,1,False,1.5,1.5,1951,ok,1,1951,0,0,0,0.0,68.79753195750527,True,42.82792764864254,69.0,69.0,4.003546387728228,6.67865991840395,8.094675395455011,3.791523778935467,2.657511416210073,0.014492753623188406,True,,,,,,,,,0.0,False,,,,
PanTS_00006135,mpd,1,False,1.5,1.5,20,orient_ambiguous,1,20,0,0,0,0.0,1.0,False,0.0,,,,,,,,,,,,,,,,,,,,,,,
PanTS_00006142,cbd,1,False,2.5,0.9765625,2616,ok,1,2616,0,0,0,0.0,40.8734574734408,False,29.70375320005843,41.0,41.0,6.820888233229634,8.210380024025193,8.577862381330768,7.278760750358846,5.862939823620502,0.14634146341463414,True,,,,,,,,,0.0,False,,,,
PanTS_00006142,mpd,1,False,2.5,0.9765625,24,too_small,3,19,3,0,0,0.0,,,,,,,,,,,,,,,,,,,,,,,,,,
PanTS_00006157,cbd,1,False,1.25,0.7832030057907104,1318,ok,2,1302,1,0,0,0.0,107.20761677366731,False,29.706352129105724,108.0,108.0,2.6836392401565425,4.501809156518082,5.447108661996863,1.5324449234165485,2.798857293247817,0.0,True,,,,,,,,,0.0,False,,,,
PanTS_00006157,mpd,1,False,1.25,0.7832030057907104,280,orient_ambiguous,4,189,1,2,0,0.0,14.26722023457211,False,5.334457785449416,,,,,,,,,,,,,,,,,,,,,,,
PanTS_00006166,cbd,0,False,1.5,1.5,0,no_mask,0,0,0,0,0,0.0,,,,,,,,,,,,,,,,,,,,,,,,,,
PanTS_00006166,mpd,0,False,1.5,1.5,0,no_mask,0,0,0,0,0,0.0,,,,,,,,,,,,,,,,,,,,,,,,,,
PanTS_00006178,cbd,1,False,1.5,1.5,1891,ok,3,1768,1,1,0,0.0,62.3874471413432,True,12.383183857339528,63.0,63.0,4.453618426741684,5.394103575422398,5.866891443993891,3.5685648049159817,4.851156385803793,0.0,True,,,,,,,,,0.0,False,,,,
PanTS_00006178,mpd,1,False,1.5,1.5,8,too_small,1,8,1,0,0,0.0,,,,,,,,,,,,,,,,,,,,,,,,,,
PanTS_00006183,cbd,1,False,2.5,0.7539060115814209,989,ok,4,774,1,1,0,0.0,68.70455542867998,True,38.293016429335694,69.0,69.0,2.373500667811454,3.858478518575292,5.018803177625257,1.7720029064031755,1.9046717019851604,0.0,True,,,,,,,,,0.0,False,,,,
PanTS_00006183,mpd,1,False,2.5,0.7539060115814209,1147,ok,10,511,4,5,0,0.0,35.41275564665507,False,12.348641326769695,36.0,36.0,3.027871441865068,3.981247749945048,4.280789566518716,3.8712154907004335,2.236496535621857,0.4722222222222222,True,,,,,,,,,0.0,False,,,,
PanTS_00006193,cbd,1,False,0.8984375,0.800000011920929,886,ok,2,513,0,1,0,0.0,33.070338854006465,False,25.889007437817405,34.0,34.0,3.391534730676602,4.213605158544909,4.446632344942477,2.245286565952631,4.103003170677712,0.0,True,,,,,,,,,0.0,False,,,,
PanTS_00006193,mpd,1,False,0.8984375,0.800000011920929,0,no_mask,0,0,0,0,0,0.0,,,,,,,,,,,,,,,,,,,,,,,,,,
PanTS_00006195,cbd,0,False,1.5,1.5,2103,ok,2,2090,1,0,0,0.0,57.09078965524824,True,42.12971112228643,58.0,58.0,5.0286212358915705,6.13031063799558,7.218421912642761,4.336707923014211,5.384189712118,0.0,True,,,,,,,,,0.0,False,,,,
PanTS_00006195,mpd,0,False,1.5,1.5,210,orient_ambiguous,3,109,1,1,0,0.0,16.94938298937633,True,9.35838929430893,,,,,,,,,,,,,,,,,,,,,,,
PanTS_00006201,cbd,1,False,2.5,0.9511719942092896,25878,ok,2,25669,0,1,0,0.0,112.8917214011055,True,82.37433986571868,113.0,113.0,16.31054407592834,19.6495075357623,21.584334286920072,13.207734836053985,5.97625237927461,0.831858407079646,True,,,,,,,,,0.0,False,,,,
PanTS_00006201,mpd,1,False,2.5,0.9511719942092896,2699,ok,5,2644,3,0,1,7.211102550927978,145.24155978741246,False,102.87413814255186,146.0,135.0,3.310630699540322,5.9329854565601785,6.877934579794648,3.7110243702677623,,0.5333333333333333,True,,,,,,,,,0.0,False,,,,
PanTS_00006209,cbd,0,False,1.5,1.5,80,orient_ambiguous,1,80,0,0,0,0.0,6.146264369941973,True,3.5539156509767693,,,,,,,,,,,,,,,,,,,,,,,
PanTS_00006209,mpd,0,False,1.5,1.5,86,orient_ambiguous,2,66,0,0,1,4.47213595499958,16.910929064825496,True,0.8101350388611941,,,,,,,,,,,,,,,,,,,,,,,
PanTS_00006218,cbd,1,False,2.5,0.7226560115814209,1892,ok,2,1864,0,1,0,0.0,59.19056576077755,True,40.899043733869675,60.0,60.0,4.375592380089657,5.456698863856996,5.9573770676354965,4.011305478229906,4.109494496302119,0.0,True,,,,,,,,,0.0,False,,,,
PanTS_00006218,mpd,1,False,2.5,0.7226560115814209,1159,ok,5,896,1,2,0,0.0,60.7264641456398,False,34.49180389853381,61.0,61.0,3.3330494038458034,4.320086027694429,4.944899088226107,3.2255385891322046,2.328027978095373,0.5245901639344263,True,,,,,,,,,0.0,False,,,,
PanTS_00006222,cbd,1,False,0.800000011920929,0.7226560115814209,1719,orient_ambiguous,2,1695,0,1,0,0.0,22.0956473593183,False,4.823021440702583,,,,,,,,,,,,,,,,,,,,,,,
PanTS_00006222,mpd,1,False,0.800000011920929,0.7226560115814209,0,no_mask,0,0,0,0,0,0.0,,,,,,,,,,,,,,,,,,,,,,,,,,
PanTS_00006224,cbd,0,False,1.0,1.0,2639,ok,1,2639,0,0,0,0.0,62.386718183484184,False,19.350395280965376,63.0,63.0,5.2280951299085485,7.7971890781509146,8.885793131508294,1.9997396409420602,6.34658918517712,0.06349206349206349,True,,,,,,,,,0.0,False,,,,
PanTS_00006224,mpd,0,False,1.0,1.0,933,ok,5,810,3,1,0,0.0,111.06329427635937,True,30.310958502327228,112.0,112.0,2.226542141709424,2.753230821827367,3.481198874487264,2.459763470497121,2.000878082769588,0.017857142857142856,True,,,,,,,,,0.0,False,,,,
PanTS_00006238,cbd,1,False,1.25,0.703125,697,ok,2,689,1,0,0,0.0,16.58505747976789,False,13.321355156135613,17.0,17.0,5.127656633711337,5.897887095004831,5.97412858600588,5.314996316223894,5.081581768867814,0.0,False,,,,,,,,,0.0,False,,,,
PanTS_00006238,mpd,1,False,1.25,0.703125,24,orient_ambiguous,1,24,0,0,0,0.0,1.0,False,0.0,,,,,,,,,,,,,,,,,,,,,,,
PanTS_00006256,cbd,1,False,5.0,0.6445310115814209,1930,ok,1,1930,0,0,0,0.0,62.35873884767935,True,40.140853730843645,63.0,63.0,4.615363022155024,5.519421835439079,5.905838823212774,4.471164182549332,2.018762664211957,0.0,True,,,,,,,,,0.0,False,,,,
PanTS_00006256,mpd,1,False,5.0,0.6445310115814209,126,orient_ambiguous,3,97,1,1,0,0.0,5.82842712474619,True,2.992703561974512,,,,,,,,,,,,,,,,,,,,,,,
PanTS_00006257,cbd,1,False,0.800000011920929,0.658203125,0,no_mask,0,0,0,0,0,0.0,,,,,,,,,,,,,,,,,,,,,,,,,,
PanTS_00006257,mpd,1,False,0.800000011920929,0.658203125,0,no_mask,0,0,0,0,0,0.0,,,,,,,,,,,,,,,,,,,,,,,,,,
PanTS_00006263,cbd,1,False,2.5,0.9765620231628418,22610,ok,1,22610,0,0,0,0.0,115.87467038821576,True,73.41811620518084,116.0,116.0,13.205201923061495,15.87336398203328,16.837905304909206,9.692832629929033,2.045387614856896,0.8362068965517241,True,,,,,,,,,0.0,False,,,,
PanTS_00006263,mpd,1,True,2.5,0.9765620231628418,2102,ok,1,2102,0,0,0,0.0,103.9211586526284,False,52.73302421035781,104.0,104.0,3.7225461033087734,5.196779806479302,6.62466077404095,5.341918594659404,2.150453976562563,0.5865384615384616,True,1.0641513582052773,73.0,0.7024556014046487,16.0,4.181879113436563,2.0,2.0909395567182814,18.0,1.0,False,30.921158652628407,-326.2077380957021,-299.54764676891716,123.40111704993757
PanTS_00006268,cbd,1,False,1.5,0.744140625,2351,ok,1,2351,0,0,0,0.0,65.3156503716187,False,39.28524331772029,66.0,66.0,5.530668135731151,7.558095276082202,7.929205491546928,3.1932568377754054,6.488844881722841,0.0,True,,,,,,,,,0.0,False,,,,
PanTS_00006268,mpd,1,False,1.5,0.744140625,263,ok,3,250,2,0,0,0.0,25.02385058959381,True,19.62225043531222,26.0,26.0,2.4912921278426374,3.121812450131286,3.2470004518636926,2.538197400686991,2.5080928335733432,0.07692307692307693,True,,,,,,,,,0.0,False,,,,
PanTS_00006272,cbd,1,False,2.5,0.78125,13211,ok,2,13193,1,0,0,0.0,61.16525725546571,True,46.43943167678731,62.0,62.0,14.22850610671259,15.70976904233387,16.441987504593115,14.22850610671259,2.919859868725964,0.7741935483870968,True,,,,,,,,,0.0,False,,,,
PanTS_00006272,mpd,1,False,2.5,0.78125,1990,ok,1,1990,0,0,0,0.0,104.38526026776617,False,61.853795826894014,105.0,105.0,3.921911701222331,5.434487336276231,5.903092137790913,5.595354429270805,2.527755304181828,0.6285714285714286,True,,,,,,,,,0.0,False,,,,
PanTS_00006274,cbd,0,False,1.25,0.7421879768371582,3968,ok,1,3968,0,0,0,0.0,73.09686027409323,False,17.405461495893928,74.0,74.0,6.400631177665195,9.420797684698702,9.775378552386535,4.016970583457855,5.213646875167193,0.25675675675675674,True,,,,,,,,,0.0,False,,,,
PanTS_00006274,mpd,0,False,1.25,0.7421879768371582,296,ok,4,155,1,1,1,3.7416573867739413,25.56935555366112,True,21.584402367500754,26.0,17.0,2.022100230468888,2.9759671138541823,3.389291969034483,1.6278756348742665,2.0900570344733342,0.058823529411764705,True,,,,,,,,,0.0,False,,,,
PanTS_00006275,cbd,1,False,1.0,1.0,0,no_mask,0,0,0,0,0,0.0,,,,,,,,,,,,,,,,,,,,,,,,,,
PanTS_00006275,mpd,1,False,1.0,1.0,0,no_mask,0,0,0,0,0,0.0,,,,,,,,,,,,,,,,,,,,,,,,,,
PanTS_00006282,cbd,1,False,0.8536312580108643,0.73046875,713,no_regions,4,318,0,2,1,7.810249675906654,25.127357963243423,,,,,,,,,,,,,,,,,,,,,,,,,
PanTS_00006282,mpd,1,False,0.8536312580108643,0.73046875,52,no_regions,3,40,2,0,0,0.0,1.0,,,,,,,,,,,,,,,,,,,,,,,,,
PanTS_00006287,cbd,1,False,5.0,0.7578120231628418,795,ok,2,532,0,1,0,0.0,23.095647359318303,True,17.80777502697073,24.0,24.0,3.6555501383993474,4.355966597355174,4.445674788313006,3.7077785238420713,3.3817807915656948,0.0,True,,,,,,,,,0.0,False,,,,
PanTS_00006287,mpd,1,False,5.0,0.7578120231628418,0,no_mask,0,0,0,0,0,0.0,,,,,,,,,,,,,,,,,,,,,,,,,,
PanTS_00006296,cbd,0,False,1.5,0.6640620231628418,938,ok,1,938,0,0,0,0.0,58.58359956404983,False,27.57634805581816,59.0,59.0,3.1379929166825686,4.297794786502586,4.840274991161733,2.67535639366706,2.897414381298236,0.0,True,,,,,,,,,0.0,False,,,,
PanTS_00006296,mpd,0,False,1.5,0.6640620231628418,100,orient_ambiguous,4,69,3,0,0,0.0,12.656854249492381,False,6.012587072398313,,,,,,,,,,,,,,,,,,,,,,,
PanTS_00006300,cbd,1,False,5.0,0.8632810115814209,9305,ok,1,9305,0,0,0,0.0,84.38258943727314,False,46.63121065562022,85.0,85.0,7.52654503640525,11.458900827674672,13.367521977348732,7.354214899418158,6.651719269185375,0.43529411764705883,True,,,,,,,,,0.0,False,,,,
PanTS_00006300,mpd,1,False,5.0,0.8632810115814209,207,orient_ambiguous,2,170,0,1,0,0.0,17.267220234572108,True,3.73837810338987,,,,,,,,,,,,,,,,,,,,,,,
PanTS_00006303,cbd,0,False,0.7999999523162842,0.6210939884185791,3,too_small,1,3,1,0,0,0.0,,,,,,,,,,,,,,,,,,,,,,,,,,
PanTS_00006303,mpd,0,False,0.7999999523162842,0.6210939884185791,0,no_mask,0,0,0,0,0,0.0,,,,,,,,,,,,,,,,,,,,,,,,,,
PanTS_00006304,cbd,1,False,2.5,0.8125,986,ok,2,953,0,1,0,0.0,13.681433796945203,True,12.21941179950809,14.0,14.0,5.941434800242503,6.572272858040902,6.607053262830522,6.203769308435298,6.203769308435298,0.0,False,,,,,,,,,0.0,False,,,,
PanTS_00006304,mpd,1,False,2.5,0.8125,1927,ok,5,1393,1,2,1,5.385164807134504,88.35728093196131,False,46.92562787584493,89.0,89.0,3.4010175089072856,4.426118855314898,5.913784784228036,5.351722570271665,3.3923415210727437,0.5617977528089888,True,,,,,,,,,0.0,False,,,,
PanTS_00006310,cbd,0,False,0.800000011920929,0.78125,1036,ok,1,1036,0,0,0,0.0,37.1912947186366,False,26.337107588347383,38.0,38.0,4.330470191704057,5.502861553649887,5.758881504570733,4.126697231448699,3.9732847201051724,0.0,True,,,,,,,,,0.0,False,,,,
PanTS_00006310,mpd,0,False,0.800000011920929,0.78125,67,orient_ambiguous,5,37,4,0,0,0.0,1.0,False,0.0,,,,,,,,,,,,,,,,,,,,,,,
PanTS_00006311,cbd,1,False,5.0,0.8240000009536743,1154,ok,2,1127,0,0,1,7.280109889280518,42.86103862283738,False,32.53963321151565,43.0,30.0,5.380176334950406,5.798270426277869,6.106144314688931,1.4338131059385582,5.118681230258195,0.0,True,,,,,,,,,0.0,False,,,,
PanTS_00006311,mpd,1,False,5.0,0.8240000009536743,0,no_mask,0,0,0,0,0,0.0,,,,,,,,,,,,,,,,,,,,,,,,,,
PanTS_00006315,cbd,1,False,2.5,0.9394530057907104,1827,loop_in_skeleton,2,1709,0,0,0,0.0,,,,,,,,,,,,,,,,,,,,,,,,,,
PanTS_00006315,mpd,1,False,2.5,0.9394530057907104,4,too_small,1,4,1,0,0,0.0,,,,,,,,,,,,,,,,,,,,,,,,,,
PanTS_00006319,cbd,1,False,0.7832030057907104,0.625,609,ok,2,579,0,1,0,0.0,24.36699634010143,False,13.564683173099766,25.0,25.0,4.281746330022247,4.718734015578707,5.061846915111899,4.543819205399064,3.544068618499504,0.0,True,,,,,,,,,0.0,False,,,,
PanTS_00006319,mpd,1,False,0.7832030057907104,0.625,47,orient_ambiguous,2,44,1,0,0,0.0,4.82842712474619,True,2.36996666934888,,,,,,,,,,,,,,,,,,,,,,,
PanTS_00006321,cbd,0,False,1.5,1.5,429,ok,2,409,0,1,0,0.0,24.874186431299833,False,14.567621664556487,25.0,25.0,3.153196541118885,4.419030854694109,4.481749276297221,2.5440674093590196,4.325406942264826,0.0,True,,,,,,,,,0.0,False,,,,
PanTS_00006321,mpd,0,False,1.5,1.5,482,orient_ambiguous,7,209,2,1,3,7.0710678118654755,49.82645185404699,False,10.061391820418915,,,,,,,,,,,,,,,,,,,,,,,
PanTS_00006331,cbd,1,False,2.0,0.671875,849,ok,3,357,0,2,0,0.0,13.21733218180745,False,10.862978552004108,14.0,14.0,1.880688275135727,3.26387299168091,3.5149846982335027,1.880688275135727,1.7016065274084937,0.0,False,,,,,,,,,0.0,False,,,,
PanTS_00006331,mpd,1,False,2.0,0.671875,0,no_mask,0,0,0,0,0,0.0,,,,,,,,,,,,,,,,,,,,,,,,,,
PanTS_00006333,cbd,1,False,3.0,0.78515625,8331,ok,1,8331,0,0,0,0.0,83.50354530190329,False,22.3034900306471,84.0,84.0,4.452981195654498,8.972685433756277,10.086807133598091,8.444660406190986,4.278619448983855,0.17857142857142858,True,,,,,,,,,0.0,False,,,,
PanTS_00006333,mpd,1,False,3.0,0.78515625,3640,ok,3,3548,0,1,1,5.385164807134504,108.47410805038041,True,71.74977959753532,109.0,109.0,3.9554647767134723,7.349418051582331,8.384902333184348,7.895458901866375,2.780598796252709,0.7981651376146789,True,,,,,,,,,0.0,False,,,,
PanTS_00006340,cbd,1,False,0.8984379768371582,0.800000011920929,633,ok,1,633,0,0,0,0.0,14.170843917394794,False,11.105548196318711,15.0,15.0,4.20655024706268,5.951348977300928,6.017534759308838,3.831331465844488,4.553422456380257,0.0,False,,,,,,,,,0.0,False,,,,
PanTS_00006340,mpd,1,False,0.8984379768371582,0.800000011920929,0,no_mask,0,0,0,0,0,0.0,,,,,,,,,,,,,,,,,,,,,,,,,,
PanTS_00006350,cbd,1,False,1.5,1.5,1203,ok,1,1203,0,0,0,0.0,24.14553541208296,True,17.91849160361223,25.0,25.0,5.344371995320845,6.471353898016784,6.633403186046213,6.348204144649705,3.9599937956376823,0.0,True,,,,,,,,,0.0,False,,,,
PanTS_00006350,mpd,1,False,1.5,1.5,1132,orient_ambiguous,7,658,3,3,0,0.0,14.071067811865476,False,8.801033493626766,,,,,,,,,,,,,,,,,,,,,,,
PanTS_00006351,cbd,1,False,0.800000011920929,0.625,0,no_mask,0,0,0,0,0,0.0,,,,,,,,,,,,,,,,,,,,,,,,,,
PanTS_00006351,mpd,1,False,0.800000011920929,0.625,45,orient_ambiguous,1,45,0,0,0,0.0,3.414213562373095,True,2.072189747763119,,,,,,,,,,,,,,,,,,,,,,,
PanTS_00006353,cbd,1,False,0.8203120231628418,0.7999999523162842,72,orient_ambiguous,2,70,1,0,0,0.0,4.82842712474619,False,3.3964232691141945,,,,,,,,,,,,,,,,,,,,,,,
PanTS_00006353,mpd,1,False,0.8203120231628418,0.7999999523162842,10,too_small,2,6,2,0,0,0.0,,,,,,,,,,,,,,,,,,,,,,,,,,
PanTS_00006376,cbd,0,False,1.2000000476837158,0.77734375,1794,ok,3,1785,2,0,0,0.0,45.559020016597024,False,30.625447413851333,46.0,46.0,5.918261917113091,7.228924835244105,7.8923906789573,4.237085343957066,3.329815885171068,0.0,True,,,,,,,,,0.0,False,,,,
PanTS_00006376,mpd,0,False,1.2000000476837158,0.77734375,221,ok,4,113,1,2,0,0.0,16.17084391739479,True,11.247723799265025,17.0,17.0,2.0,3.4352634794474284,3.6806383296549487,1.4749886515666981,2.537898524468517,0.17647058823529413,False,,,,,,,,,0.0,False,,,,
PanTS_00006379,cbd,0,False,1.5,1.5,0,no_mask,0,0,0,0,0,0.0,,,,,,,,,,,,,,,,,,,,,,,,,,
PanTS_00006379,mpd,0,False,1.5,1.5,0,no_mask,0,0,0,0,0,0.0,,,,,,,,,,,,,,,,,,,,,,,,,,
PanTS_00006384,cbd,1,False,2.5,0.9707030057907104,2765,ok,1,2765,0,0,0,0.0,61.55829105873799,True,48.373461888671855,62.0,62.0,5.879478004389048,7.051203939014823,7.531682359403607,7.172275895435888,5.337110318718649,0.0,True,,,,,,,,,0.0,False,,,,
PanTS_00006384,mpd,1,False,2.5,0.9707030057907104,987,ok,3,947,1,0,0,0.0,86.0900606973892,False,60.53230478587515,87.0,87.0,2.1843771217359436,3.715095774351219,4.04079638947101,1.9067417661996784,2.6386331513788477,0.21839080459770116,True,,,,,,,,,0.0,False,,,,
PanTS_00006394,cbd,1,False,0.7999999523162842,0.7460939884185791,0,no_mask,0,0,0,0,0,0.0,,,,,,,,,,,,,,,,,,,,,,,,,,
PanTS_00006394,mpd,1,False,0.7999999523162842,0.7460939884185791,0,no_mask,0,0,0,0,0,0.0,,,,,,,,,,,,,,,,,,,,,,,,,,
PanTS_00006400,cbd,0,False,0.800000011920929,0.7940000295639038,684,orient_ambiguous,3,585,0,1,1,5.744562646538029,29.99927104214099,False,1.2798285417672872,,,,,,,,,,,,,,,,,,,,,,,
PanTS_00006400,mpd,0,False,0.800000011920929,0.7940000295639038,0,no_mask,0,0,0,0,0,0.0,,,,,,,,,,,,,,,,,,,,,,,,,,
PanTS_00006413,cbd,1,False,1.25,0.7421879768371582,7,too_small,1,7,1,0,0,0.0,,,,,,,,,,,,,,,,,,,,,,,,,,
PanTS_00006413,mpd,1,False,1.25,0.7421879768371582,511,ok,4,475,3,0,0,0.0,22.04575930655364,True,15.458855108927125,23.0,23.0,3.760526608432494,5.596351457883399,5.703417038353184,5.09427463753617,3.407543386059341,0.6521739130434783,True,,,,,,,,,0.0,False,,,,
PanTS_00006422,cbd,1,False,0.8984375,0.800000011920929,1628,ok,2,1581,0,1,0,0.0,51.8016607037163,False,40.084267602835354,52.0,52.0,4.5009814756325905,5.233848344028425,5.952063517878005,4.397137637622862,4.3580398529978055,0.0,True,,,,,,,,,0.0,False,,,,
PanTS_00006422,mpd,1,False,0.8984375,0.800000011920929,0,no_mask,0,0,0,0,0,0.0,,,,,,,,,,,,,,,,,,,,,,,,,,
PanTS_00006430,cbd,1,True,1.25,0.7421879768371582,5215,ok,1,5215,0,0,0,0.0,59.97250462111108,False,36.1672062418793,60.0,60.0,8.186449376506182,9.737151998043883,10.519934570602604,4.2588317073488495,7.881976767647965,0.5333333333333333,True,1.3793637032832793,8.0,0.1333944621879924,8.0,9.929501546826518,3.8167841335407493,2.6015360574283073,26.0,1.0,False,8.0,45.998469937983174,60.08693583138057,-200.75054281701907
PanTS_00006430,mpd,1,False,1.25,0.7421879768371582,0,no_mask,0,0,0,0,0,0.0,,,,,,,,,,,,,,,,,,,,,,,,,,
PanTS_00006432,cbd,1,False,2.5,0.6835939884185791,2520,orient_ambiguous,4,2314,1,2,0,0.0,47.99854208428196,True,5.356223245862683,,,,,,,,,,,,,,,,,,,,,,,
PanTS_00006432,mpd,1,False,2.5,0.6835939884185791,5427,loop_in_skeleton,6,4558,2,0,2,7.280109889280518,,,,,,,,,,,,,,,,,,,,,,,,,,
PanTS_00006434,cbd,0,False,1.0,0.7421875,897,ok,2,825,0,1,0,0.0,38.21660322394843,False,27.038514774126583,39.0,39.0,3.562130793874866,4.18116314521301,4.48500057294316,3.600910518390716,4.169188480015932,0.0,True,,,,,,,,,0.0,False,,,,
PanTS_00006434,mpd,0,False,1.0,0.7421875,57,orient_ambiguous,5,27,4,0,0,0.0,1.0,False,0.0,,,,,,,,,,,,,,,,,,,,,,,
PanTS_00006442,cbd,0,False,0.7999999523162842,0.7597659826278687,293,no_regions,2,167,0,1,0,0.0,10.485281374238571,,,,,,,,,,,,,,,,,,,,,,,,,
PanTS_00006442,mpd,0,False,0.7999999523162842,0.7597659826278687,56,no_regions,2,54,1,0,0,0.0,1.0,,,,,,,,,,,,,,,,,,,,,,,,,
PanTS_00006447,cbd,1,False,3.27001953125,1.3671879768371582,242,orient_ambiguous,2,191,0,1,0,0.0,3.414213562373095,True,1.2080528554238263,,,,,,,,,,,,,,,,,,,,,,,
PanTS_00006447,mpd,1,False,3.27001953125,1.3671879768371582,2,too_small,1,2,1,0,0,0.0,,,,,,,,,,,,,,,,,,,,,,,,,,
PanTS_00006457,cbd,0,False,2.5,0.703125,424,ok,3,263,1,1,0,0.0,20.48528137423857,True,13.779844602683273,21.0,21.0,2.9206697478409245,3.788796856596481,3.8718605713457217,3.4574929478579213,2.7090557612302955,0.0,False,,,,,,,,,0.0,False,,,,
PanTS_00006457,mpd,0,False,2.5,0.703125,531,ok,10,168,5,2,2,6.708203932499369,42.071071526389765,False,29.581466442299998,43.0,21.0,1.9475661672015228,2.37843556321877,2.719437136982202,1.9555616392889479,2.031652684185026,0.0,True,,,,,,,,,0.0,False,,,,
PanTS_00006459,cbd,0,False,0.800000011920929,0.7289999723434448,334,orient_ambiguous,3,262,0,2,0,0.0,17.488681162590577,True,9.337224781184556,,,,,,,,,,,,,,,,,,,,,,,
PanTS_00006459,mpd,0,False,0.800000011920929,0.7289999723434448,94,orient_ambiguous,4,54,2,1,0,0.0,4.464101615137754,True,1.0829596991801989,,,,,,,,,,,,,,,,,,,,,,,
PanTS_00006466,cbd,1,False,2.5,0.9765620231628418,34,orient_ambiguous,1,34,0,0,0,0.0,6.82842712474619,True,4.095500883932267,,,,,,,,,,,,,,,,,,,,,,,
PanTS_00006466,mpd,1,False,2.5,0.9765620231628418,18,too_small,2,12,2,0,0,0.0,,,,,,,,,,,,,,,,,,,,,,,,,,
PanTS_00006467,cbd,1,False,2.5,0.7304689884185791,3935,ok,1,3935,0,0,0,0.0,87.48649428901354,True,49.41886077196672,88.0,88.0,5.654097064493728,7.486973907356123,7.988726065594233,2.500798001589507,7.273450080880689,0.0,True,,,,,,,,,0.0,False,,,,
PanTS_00006467,mpd,1,False,2.5,0.7304689884185791,555,ok,6,239,3,2,0,0.0,32.55562022824504,False,24.109596823859924,33.0,33.0,2.3477007230639106,3.122596369223534,3.9336362417000283,2.2203262286943746,1.5383647794802426,0.09090909090909091,True,,,,,,,,,0.0,False,,,,
PanTS_00006475,cbd,0,False,1.50000003274025,1.499999985685641,0,no_mask,0,0,0,0,0,0.0,,,,,,,,,,,,,,,,,,,,,,,,,,
PanTS_00006475,mpd,0,False,1.50000003274025,1.499999985685641,0,no_mask,0,0,0,0,0,0.0,,,,,,,,,,,,,,,,,,,,,,,,,,
PanTS_00006483,cbd,1,False,1.25,0.7421879768371582,5465,ok,1,5465,0,0,0,0.0,42.31637932947775,False,33.49006244541488,43.0,43.0,10.050880988390485,12.761542405089928,13.67780237217525,8.611582990993845,5.542906602744262,0.7209302325581395,True,,,,,,,,,0.0,False,,,,
PanTS_00006483,mpd,1,False,1.25,0.7421879768371582,26,orient_ambiguous,1,26,0,0,0,0.0,4.0,True,1.4083033164503682,,,,,,,,,,,,,,,,,,,,,,,
PanTS_00006513,cbd,1,False,1.5,0.744140625,2359,ok,1,2359,0,0,0,0.0,61.63008782846249,True,37.7864149191583,62.0,62.0,5.714032696500374,7.510169610167828,7.879773907538725,2.646917357578074,7.426904339839165,0.0,True,,,,,,,,,0.0,False,,,,
PanTS_00006513,mpd,1,False,1.5,0.744140625,246,ok,3,233,2,0,0,0.0,31.534440469144226,False,24.7184212426738,32.0,32.0,2.2497279420478193,2.875879664926649,3.370995655722318,2.028040680070455,2.2940777116357105,0.0625,True,,,,,,,,,0.0,False,,,,
PanTS_00006514,cbd,0,False,0.800000011920929,0.703125,3,too_small,1,3,1,0,0,0.0,,,,,,,,,,,,,,,,,,,,,,,,,,
PanTS_00006514,mpd,0,False,0.800000011920929,0.703125,0,no_mask,0,0,0,0,0,0.0,,,,,,,,,,,,,,,,,,,,,,,,,,
PanTS_00006519,cbd,1,False,5.0,0.8632810115814209,973,ok,5,672,1,0,3,7.874007874011811,50.59956387662333,True,22.734371205400347,51.0,22.0,4.482804320033841,5.578095236336149,5.908023953673896,2.6366290332734517,5.017713913651866,0.0,True,,,,,,,,,0.0,False,,,,
PanTS_00006519,mpd,1,False,5.0,0.8632810115814209,0,no_mask,0,0,0,0,0,0.0,,,,,,,,,,,,,,,,,,,,,,,,,,
PanTS_00006523,cbd,1,False,0.800000011920929,0.78125,1175,ok,1,1175,0,0,0,0.0,37.99514229592996,False,28.845257492255687,38.0,38.0,5.2129083600159145,5.897043931647174,6.233555111421914,5.127603447720929,3.7437830081197188,0.0,True,,,,,,,,,0.0,False,,,,
PanTS_00006523,mpd,1,False,0.800000011920929,0.78125,22,too_small,2,13,2,0,0,0.0,,,,,,,,,,,,,,,,,,,,,,,,,,
PanTS_00006525,cbd,1,False,5.0,0.6106770634651184,622,orient_ambiguous,1,622,0,0,0,0.0,13.170843917394793,False,4.149680057612159,,,,,,,,,,,,,,,,,,,,,,,
PanTS_00006525,mpd,1,False,5.0,0.6106770634651184,0,no_mask,0,0,0,0,0,0.0,,,,,,,,,,,,,,,,,,,,,,,,,,
PanTS_00006536,cbd,1,False,2.5,0.84765625,2127,ok,3,1923,0,2,0,0.0,64.06888093828839,False,12.178721070669205,65.0,65.0,4.8201675545956,5.647366400468841,5.935691895101875,4.5543880429217936,2.9336249990379333,0.0,True,,,,,,,,,0.0,False,,,,
PanTS_00006536,mpd,1,False,2.5,0.84765625,13,too_small,2,9,2,0,0,0.0,,,,,,,,,,,,,,,,,,,,,,,,,,
PanTS_00006559,cbd,1,False,2.5,0.8613280057907104,3393,ok,3,2719,1,1,0,0.0,98.06402323421835,True,60.893775104800284,99.0,99.0,3.857703329226021,5.559836205563297,6.306787699737518,2.251314748372047,5.747145449338058,0.0,True,,,,,,,,,0.0,False,,,,
PanTS_00006559,mpd,1,False,2.5,0.8613280057907104,0,no_mask,0,0,0,0,0,0.0,,,,,,,,,,,,,,,,,,,,,,,,,,
PanTS_00006574,cbd,0,False,1.5,1.5,1105,ok,2,1086,1,0,0,0.0,44.73059289185085,True,33.646599835415614,45.0,45.0,4.239621863946292,5.536719787248556,5.944567094833703,3.5946736698432478,2.6947532354319286,0.0,True,,,,,,,,,0.0,False,,,,
PanTS_00006574,mpd,0,False,1.5,1.5,231,ok,4,98,0,3,0,0.0,21.63494553253255,False,18.1871137681761,22.0,22.0,1.9982558619227522,2.4585051032597964,2.574959769309962,2.188861166254852,1.913707928300519,0.0,True,,,,,,,,,0.0,False,,,,
PanTS_00006576,cbd,1,False,0.800000011920929,0.78125,2720,ok,1,2720,0,0,0,0.0,30.63081678632154,False,20.385450865036653,31.0,31.0,6.779940619866562,8.375821828676566,8.890366196164345,8.235430919018263,5.668723273046584,0.25806451612903225,True,,,,,,,,,0.0,False,,,,
PanTS_00006576,mpd,1,False,0.800000011920929,0.78125,61,orient_ambiguous,1,61,0,0,0,0.0,3.0,True,1.6413108887985572,,,,,,,,,,,,,,,,,,,,,,,
PanTS_00006580,cbd,0,False,0.82421875,0.800000011920929,0,no_mask,0,0,0,0,0,0.0,,,,,,,,,,,,,,,,,,,,,,,,,,
PanTS_00006580,mpd,0,False,0.82421875,0.800000011920929,0,no_mask,0,0,0,0,0,0.0,,,,,,,,,,,,,,,,,,,,,,,,,,
PanTS_00006601,cbd,0,False,1.0,0.765625,6378,loop_in_skeleton,2,6333,0,0,0,0.0,,,,,,,,,,,,,,,,,,,,,,,,,,
PanTS_00006601,mpd,0,False,1.0,0.765625,183,orient_ambiguous,4,159,3,0,0,0.0,4.414213562373095,False,0.09517376998690352,,,,,,,,,,,,,,,,,,,,,,,
PanTS_00006605,cbd,0,False,1.5,0.712890625,2063,ok,1,2063,0,0,0,0.0,48.70528438653899,False,15.750854745181805,49.0,49.0,5.585949102891755,6.506226856020794,7.767030979021597,4.0964205811303405,5.482766272694233,0.0,True,,,,,,,,,0.0,False,,,,
PanTS_00006605,mpd,0,False,1.5,0.712890625,424,orient_ambiguous,8,350,6,1,0,0.0,43.67730505073418,True,5.778027388344755,,,,,,,,,,,,,,,,,,,,,,,
PanTS_00006612,cbd,0,False,1.0,0.82421875,2079,ok,2,1590,0,1,0,0.0,30.145535412082957,True,20.132003904351738,31.0,31.0,4.908936644946176,5.651958502778304,6.028087443972892,2.7357481294641475,4.481259062073119,0.0,True,,,,,,,,,0.0,False,,,,
PanTS_00006612,mpd,0,False,1.0,0.82421875,0,no_mask,0,0,0,0,0,0.0,,,,,,,,,,,,,,,,,,,,,,,,,,
PanTS_00006616,cbd,1,False,5.0,0.6777340173721313,15686,ok,1,15686,0,0,0,0.0,94.96837587490003,True,58.28341012405186,95.0,95.0,11.122519602370467,13.703578867150341,15.418987762477947,12.57608818055748,3.854035051202782,0.8105263157894737,True,,,,,,,,,0.0,False,,,,
PanTS_00006616,mpd,1,False,5.0,0.6777340173721313,1758,ok,5,1622,1,2,1,5.656854249492381,74.96497608654805,False,44.22897970313706,75.0,75.0,4.1247802903469895,5.26639149820937,5.841001136157885,4.040367820717883,2.084481796593042,0.8266666666666667,True,,,,,,,,,0.0,False,,,,
PanTS_00006641,cbd,0,False,2.5,0.873046875,2114,ok,1,2114,0,0,0,0.0,69.60477932315065,False,33.986016283714065,70.0,70.0,5.193992401864834,6.586051604182186,7.186205841155285,3.7336425757246943,4.620086523141085,0.0,True,,,,,,,,,0.0,False,,,,
PanTS_00006641,mpd,0,False,2.5,0.873046875,151,orient_ambiguous,3,132,2,0,0,0.0,16.071067811865476,True,7.603547437672162,,,,,,,,,,,,,,,,,,,,,,,
PanTS_00006642,cbd,0,False,0.8000000715255737,0.78125,665,ok,1,665,0,0,0,0.0,34.99854208428198,False,23.766208274014645,35.0,35.0,2.951844958755885,5.67844815147019,5.943044693429038,2.3888965394192634,5.52720158204231,0.0,True,,,,,,,,,0.0,False,,,,
PanTS_00006642,mpd,0,False,0.8000000715255737,0.78125,12,too_small,1,12,1,0,0,0.0,,,,,,,,,,,,,,,,,,,,,,,,,,
PanTS_00006650,cbd,1,False,2.5,0.771484375,220,orient_ambiguous,4,173,2,1,0,0.0,4.146264369941973,True,3.4408508311566415,,,,,,,,,,,,,,,,,,,,,,,
PanTS_00006650,mpd,1,False,2.5,0.771484375,16,too_small,1,16,1,0,0,0.0,,,,,,,,,,,,,,,,,,,,,,,,,,
PanTS_00006654,cbd,1,False,1.25,0.7246090173721313,2192,ok,1,2192,0,0,0,0.0,46.36286759389039,False,29.84405057790726,47.0,47.0,5.952091581014897,7.111698826600043,7.861651046314091,3.3870196892209803,6.704586330725152,0.0,True,,,,,,,,,0.0,False,,,,
PanTS_00006654,mpd,1,False,1.25,0.7246090173721313,1367,ok,1,1367,0,0,0,0.0,51.26576231885406,True,34.82912616885625,52.0,52.0,4.4004471198115045,5.616310045840091,5.864366846243387,4.772700004536913,3.3870964997406285,0.9423076923076923,True,,,,,,,,,0.0,False,,,,
PanTS_00006656,cbd,0,False,5.0,0.75,1501,ok,1,1501,0,0,0,0.0,44.33415930022655,False,35.38363967639326,45.0,45.0,4.3000442618508865,5.36770423158166,5.790536337407743,2.929199939239692,4.5222769219983086,0.0,True,,,,,,,,,0.0,False,,,,
PanTS_00006656,mpd,0,False,5.0,0.75,338,ok,2,288,0,1,0,0.0,35.02385058959381,True,28.423696984005588,36.0,36.0,2.2475856366769706,3.281495495323794,3.795501682107895,2.0,2.6279708197481932,0.1111111111111111,True,,,,,,,,,0.0,False,,,,
PanTS_00006661,cbd,1,False,5.0,0.640625,1738,ok,3,1658,1,0,1,6.0,69.50840300597334,False,20.801068950043135,70.0,58.0,4.754850111419714,5.92121603172325,6.420582162664286,2.0913389479380924,2.7520124811565965,0.0,True,,,,,,,,,0.0,False,,,,
PanTS_00006661,mpd,1,False,5.0,0.640625,0,no_mask,0,0,0,0,0,0.0,,,,,,,,,,,,,,,,,,,,,,,,,,
PanTS_00006665,cbd,1,False,2.5,0.921875,2922,ok,3,2600,0,2,0,0.0,60.82624025116912,False,43.529178975488506,61.0,61.0,5.512514523705815,7.74257802789702,8.214926430251323,3.948179096587213,6.056800173404351,0.03278688524590164,True,,,,,,,,,0.0,False,,,,
PanTS_00006665,mpd,1,False,2.5,0.921875,0,no_mask,0,0,0,0,0,0.0,,,,,,,,,,,,,,,,,,,,,,,,,,
PanTS_00006707,cbd,1,False,5.0,0.9316409826278687,129,orient_ambiguous,2,125,1,0,0,0.0,1.4142135623730951,True,0.6524067014478092,,,,,,,,,,,,,,,,,,,,,,,
PanTS_00006707,mpd,1,False,5.0,0.9316409826278687,0,no_mask,0,0,0,0,0,0.0,,,,,,,,,,,,,,,,,,,,,,,,,,
PanTS_00006710,cbd,1,False,1.25,0.7773439884185791,990,ok,2,897,0,1,0,0.0,34.12022690677112,False,25.375856791004605,35.0,35.0,4.088214006937193,4.476927343189599,4.6637596253869225,4.1392979142619,4.1238167603606275,0.0,True,,,,,,,,,0.0,False,,,,
PanTS_00006710,mpd,1,False,1.25,0.7773439884185791,48,orient_ambiguous,2,27,0,0,1,5.477225575051661,10.305652699797852,True,8.882395873116959,,,,,,,,,,,,,,,,,,,,,,,
PanTS_00006717,cbd,0,False,1.2444933652877808,0.78125,1641,ok,1,1641,0,0,0,0.0,33.41275564665507,False,17.72645884358637,34.0,34.0,5.557085345703828,6.230856622367274,6.7508801322035845,5.423472409682197,5.917118835920201,0.0,True,,,,,,,,,0.0,False,,,,
PanTS_00006717,mpd,0,False,1.2444933652877808,0.78125,0,no_mask,0,0,0,0,0,0.0,,,,,,,,,,,,,,,,,,,,,,,,,,
PanTS_00006734,cbd,1,False,2.5,0.7226560115814209,2313,ok,2,2211,0,1,0,0.0,58.04770117918759,True,21.63040137366003,59.0,59.0,5.052811819320585,6.732825875187295,7.774087573212002,3.3814061569919245,4.270867748250486,0.0,True,,,,,,,,,0.0,False,,,,
PanTS_00006734,mpd,1,False,2.5,0.7226560115814209,24,too_small,2,16,2,0,0,0.0,,,,,,,,,,,,,,,,,,,,,,,,,,
PanTS_00006739,cbd,0,False,2.5,0.736328125,2380,ok,1,2380,0,0,0,0.0,55.969833790618104,True,37.56885088579645,56.0,56.0,5.95706119722877,7.450490111919985,8.022314205276182,4.781770953845431,6.570185467268518,0.0,True,,,,,,,,,0.0,False,,,,
PanTS_00006739,mpd,0,False,2.5,0.736328125,253,orient_ambiguous,3,214,1,1,0,0.0,34.53444046914422,True,3.9835944883722263,,,,,,,,,,,,,,,,,,,,,,,
PanTS_00006741,cbd,1,False,5.0,0.796875,395,orient_ambiguous,1,395,0,0,0,0.0,17.36359655174942,False,2.770752008902127,,,,,,,,,,,,,,,,,,,,,,,
PanTS_00006741,mpd,1,False,5.0,0.796875,5,too_small,1,5,1,0,0,0.0,,,,,,,,,,,,,,,,,,,,,,,,,,
PanTS_00006746,cbd,1,False,0.8867189884185791,0.625,2644,ok,1,2644,0,0,0,0.0,49.43733519410787,False,19.389809207545706,50.0,50.0,5.853584734887722,7.433596216394428,7.981122222586793,3.809691208294276,5.392720521593068,0.0,True,,,,,,,,,0.0,False,,,,
PanTS_00006746,mpd,1,False,0.8867189884185791,0.625,175,orient_ambiguous,3,134,1,1,0,0.0,13.21733218180745,True,9.198496179344854,,,,,,,,,,,,,,,,,,,,,,,
PanTS_00006754,cbd,1,False,5.0,0.7617189884185791,2626,ok,2,2596,0,1,0,0.0,51.9486540315173,True,26.660878407914506,52.0,52.0,5.719417534111928,6.074557738215438,6.283300420210846,5.4483052130955585,4.7698537736711,0.0,True,,,,,,,,,0.0,False,,,,
PanTS_00006754,mpd,1,False,5.0,0.7617189884185791,134,orient_ambiguous,4,70,2,1,0,0.0,8.242640687119284,False,6.9847294779254945,,,,,,,,,,,,,,,,,,,,,,,
PanTS_00006755,cbd,1,False,0.800000011920929,0.7382810115814209,6,too_small,1,6,1,0,0,0.0,,,,,,,,,,,,,,,,,,,,,,,,,,
PanTS_00006755,mpd,1,False,0.800000011920929,0.7382810115814209,0,no_mask,0,0,0,0,0,0.0,,,,,,,,,,,,,,,,,,,,,,,,,,
PanTS_00006771,cbd,0,False,5.0,0.6640625,1406,ok,2,1400,1,0,0,0.0,43.70601334439802,True,29.047975823602513,44.0,44.0,4.657241041017592,6.209541605550991,6.697249200825091,1.9435796349723942,6.206590637249636,0.0,True,,,,,,,,,0.0,False,,,,
PanTS_00006771,mpd,0,False,5.0,0.6640625,287,orient_ambiguous,2,265,0,0,1,4.898979485566356,41.65148109437702,False,5.188051948074607,,,,,,,,,,,,,,,,,,,,,,,
PanTS_00006772,cbd,1,False,0.800000011920929,0.7820000052452087,2626,ok,2,2325,0,1,0,0.0,45.89803702089362,True,26.560969919457875,46.0,46.0,5.256894715190226,6.350667463229436,7.221960970953425,5.379880816034479,5.765933061383151,0.0,True,,,,,,,,,0.0,False,,,,
PanTS_00006772,mpd,1,False,0.800000011920929,0.7820000052452087,586,orient_ambiguous,8,241,2,4,1,7.483314773547883,45.84618236743827,False,8.843790592830382,,,,,,,,,,,,,,,,,,,,,,,
PanTS_00006783,cbd,0,False,3.0,0.9765629768371582,1923,ok,2,1880,0,1,0,0.0,56.99441333807093,False,32.40967144590213,57.0,57.0,4.251599524501779,5.913992910919546,6.826254173409767,2.6849775204020405,6.01107093273742,0.0,True,,,,,,,,,0.0,False,,,,
PanTS_00006783,mpd,0,False,3.0,0.9765629768371582,491,orient_ambiguous,5,279,2,1,1,6.48074069840786,43.60096760517898,False,7.230788771887491,,,,,,,,,,,,,,,,,,,,,,,
PanTS_00006786,cbd,1,False,2.5,0.8710939884185791,3615,ok,1,3615,0,0,0,0.0,91.60405036529164,True,23.89708496918081,92.0,92.0,4.750737099931646,6.505099468537621,9.573903289339173,2.647257384579608,2.1499488346592113,0.05434782608695652,True,,,,,,,,,0.0,False,,,,
PanTS_00006786,mpd,1,False,2.5,0.8710939884185791,1254,ok,6,492,2,2,1,7.3484692283495345,50.48722324687253,False,18.92335450667905,51.0,51.0,2.480362272480429,3.3289854443089437,4.294081301257087,1.752644721858144,2.7969150440276795,0.11764705882352941,True,,,,,,,,,0.0,False,,,,
PanTS_00006791,cbd,0,False,1.0,1.0,4947,ok,2,4620,0,1,0,0.0,78.97250462111109,False,58.40925632775002,79.0,79.0,6.65771430446601,7.646179280698273,8.137056296758917,4.5092806617315,6.595277228741187,0.012658227848101266,True,,,,,,,,,0.0,False,,,,
PanTS_00006791,mpd,0,False,1.0,1.0,342,ok,4,228,2,1,0,0.0,33.312979541125756,True,26.375937312610667,34.0,34.0,2.114629845243053,2.748462379072375,3.116606002949039,2.182026052691469,2.446192652819507,0.0,True,,,,,,,,,0.0,False,,,,
PanTS_00006795,cbd,1,False,1.25,0.7421879768371582,2326,loop_in_skeleton,1,2326,0,0,0,0.0,,,,,,,,,,,,,,,,,,,,,,,,,,
PanTS_00006795,mpd,1,False,1.25,0.7421879768371582,79,orient_ambiguous,5,32,2,1,0,0.0,4.414213562373095,True,1.410831543861974,,,,,,,,,,,,,,,,,,,,,,,
PanTS_00006797,cbd,0,False,1.5,1.5,0,no_mask,0,0,0,0,0,0.0,,,,,,,,,,,,,,,,,,,,,,,,,,
PanTS_00006797,mpd,0,False,1.5,1.5,0,no_mask,0,0,0,0,0,0.0,,,,,,,,,,,,,,,,,,,,,,,,,,
PanTS_00006798,cbd,0,False,3.0,0.861328125,1060,ok,3,728,0,1,1,7.681145747868608,42.18687792334897,False,25.587004601440903,43.0,30.0,4.224797705820215,5.753373819301865,5.9983611763215094,3.4067961927148307,4.200269486558389,0.0,True,,,,,,,,,0.0,False,,,,
PanTS_00006798,mpd,0,False,3.0,0.861328125,362,ok,4,276,1,1,1,6.324555320336759,58.2479008465422,False,16.143504175969277,59.0,47.0,2.2416507913910526,3.0563482117749885,3.821991208540428,1.468249925349122,2.6502408925720484,0.10638297872340426,True,,,,,,,,,0.0,False,,,,
PanTS_00006799,cbd,0,False,1.5,1.5,670,ok,1,670,0,0,0,0.0,33.04503034869463,True,14.639959836127368,34.0,34.0,3.708257713788493,5.179720080766508,5.39122671837766,1.9243248481876571,4.0132360672104,0.0,True,,,,,,,,,0.0,False,,,,
PanTS_00006799,mpd,0,False,1.5,1.5,0,no_mask,0,0,0,0,0,0.0,,,,,,,,,,,,,,,,,,,,,,,,,,
PanTS_00006802,cbd,1,False,2.5,0.9765620231628418,924,ok,1,924,0,0,0,0.0,49.72646414563981,True,43.38030798781348,50.0,50.0,3.8193637057966736,4.410262736933428,5.027061638193161,2.8608336928154174,3.366963157104797,0.0,True,,,,,,,,,0.0,False,,,,
PanTS_00006802,mpd,1,False,2.5,0.9765620231628418,729,ok,1,729,0,0,0,0.0,55.1406777080129,False,34.70843138384973,56.0,56.0,2.818761613995469,4.383757866221236,4.927420792514726,2.0174444600361956,2.214574021793414,0.375,True,,,,,,,,,0.0,False,,,,
PanTS_00006806,cbd,0,False,0.800000011920929,0.69921875,520,orient_ambiguous,2,319,0,1,0,0.0,22.77781011412252,True,6.686248854474641,,,,,,,,,,,,,,,,,,,,,,,
PanTS_00006806,mpd,0,False,0.800000011920929,0.69921875,386,orient_ambiguous,1,386,0,0,0,0.0,15.170843917394794,True,3.7338229800006673,,,,,,,,,,,,,,,,,,,,,,,
PanTS_00006816,cbd,1,False,2.5,0.8398439884185791,1127,orient_ambiguous,4,559,0,3,0,0.0,13.756630355021699,True,7.836214364880377,,,,,,,,,,,,,,,,,,,,,,,
PanTS_00006816,mpd,1,False,2.5,0.8398439884185791,656,ok,12,287,6,1,1,6.48074069840786,29.79784898574463,False,19.10059801785927,30.0,17.0,2.0560561293486748,2.6256637485644676,3.252954821429994,2.059045789516425,2.0034257421427775,0.058823529411764705,True,,,,,,,,,0.0,False,,,,
PanTS_00006837,cbd,1,False,1.25,0.7421879768371582,18243,ok,1,18243,0,0,0,0.0,90.43587727838984,False,10.15664357399639,91.0,91.0,11.27405664492891,16.99177825244548,17.89881435605858,8.820809288403378,3.9935595647233395,0.7912087912087912,True,,,,,,,,,0.0,False,,,,
PanTS_00006837,mpd,1,False,1.25,0.7421879768371582,773,ok,7,331,3,3,0,0.0,49.04503034869461,True,35.158653575807264,50.0,50.0,2.0,3.1032718011041083,3.644794601449769,2.2758053167078103,1.880410992711994,0.1,True,,,,,,,,,0.0,False,,,,
PanTS_00006843,cbd,0,False,0.800000011920929,0.78125,1069,ok,2,1057,1,0,0,0.0,35.948654031517314,False,17.084084948946003,36.0,36.0,4.1188445493908965,5.910089877304195,6.6593110478257085,3.7811874175139506,3.722208000713696,0.0,True,,,,,,,,,0.0,False,,,,
PanTS_00006843,mpd,0,False,0.800000011920929,0.78125,0,no_mask,0,0,0,0,0,0.0,,,,,,,,,,,,,,,,,,,,,,,,,,
PanTS_00006859,cbd,0,False,1.25,0.7753909826278687,1535,ok,2,1435,0,1,0,0.0,41.17011495953577,False,32.48823449574034,42.0,42.0,5.240232894591026,5.851532863854809,6.435726296773683,5.263228227749541,5.383028031455703,0.0,True,,,,,,,,,0.0,False,,,,
PanTS_00006859,mpd,0,False,1.25,0.7753909826278687,279,orient_ambiguous,5,125,1,2,0,0.0,10.024579547452822,False,8.812809869058027,,,,,,,,,,,,,,,,,,,,,,,
PanTS_00006874,cbd,0,False,1.25,0.9765620231628418,2793,ok,2,2770,0,0,0,0.0,66.02239267387574,False,47.016181260945245,67.0,67.0,4.27284016599428,7.217934623164212,9.35959802159704,3.164115427692936,6.910948157343864,0.05970149253731343,True,,,,,,,,,0.0,False,,,,
PanTS_00006874,mpd,0,False,1.25,0.9765620231628418,17,too_small,3,13,3,0,0,0.0,,,,,,,,,,,,,,,,,,,,,,,,,,
PanTS_00006879,cbd,1,False,2.5,0.6445310115814209,316,ok,1,316,0,0,0,0.0,20.43879310982592,True,17.31081733181105,21.0,21.0,3.201078214921575,4.006694355415233,4.71257274293859,2.133515090059211,3.538328459473621,0.0,False,,,,,,,,,0.0,False,,,,
PanTS_00006879,mpd,1,False,2.5,0.6445310115814209,1194,ok,4,1099,1,2,0,0.0,55.87272851558177,False,32.443223309800594,56.0,56.0,3.6530844643343934,4.759049825811212,5.8713870866123345,4.62917888088876,3.0511083906678964,0.6607142857142857,True,,,,,,,,,0.0,False,,,,
PanTS_00006887,cbd,0,False,1.0,0.703125,2169,ok,1,2169,0,0,0,0.0,54.726464145639795,False,23.474425092590113,55.0,55.0,4.8766220364324955,7.3008120598204265,8.204592664354799,3.1754662902423068,6.876010711916668,0.01818181818181818,True,,,,,,,,,0.0,False,,,,
PanTS_00006887,mpd,0,False,1.0,0.703125,42,orient_ambiguous,1,42,0,0,0,0.0,4.82842712474619,False,2.5428471453684836,,,,,,,,,,,,,,,,,,,,,,,
PanTS_00006903,cbd,1,False,1.0,1.0,1296,ok,2,1287,1,0,0,0.0,33.53444046914422,False,22.58488563466335,34.0,34.0,4.480231807764561,5.611009790313238,6.2982573376991375,2.46276859447286,4.5589659610558195,0.0,True,,,,,,,,,0.0,False,,,,
PanTS_00006903,mpd,1,False,1.0,1.0,180,orient_ambiguous,4,123,2,1,0,0.0,6.82842712474619,True,3.765293838857552,,,,,,,,,,,,,,,,,,,,,,,
PanTS_00006917,cbd,1,False,0.8398439884185791,0.800000011920929,238,orient_ambiguous,1,238,0,0,0,0.0,11.974691494688162,True,9.18464750489185,,,,,,,,,,,,,,,,,,,,,,,
PanTS_00006917,mpd,1,False,0.8398439884185791,0.800000011920929,0,no_mask,0,0,0,0,0,0.0,,,,,,,,,,,,,,,,,,,,,,,,,,
PanTS_00006921,cbd,1,False,2.5,0.9375,1561,ok,2,1238,0,1,0,0.0,36.68070483908619,True,30.580374481072862,37.0,37.0,5.199457124278902,5.881396071841966,6.419858855776083,5.844233667531208,3.54061096608154,0.0,True,,,,,,,,,0.0,False,,,,
PanTS_00006921,mpd,1,False,2.5,0.9375,1934,ok,5,1907,4,0,0,0.0,40.50913196383237,False,19.20592956875381,41.0,41.0,4.099613268291741,6.7337700859405825,9.009362373021457,6.432708769029855,4.181607598771807,0.7073170731707317,True,,,,,,,,,0.0,False,,,,
PanTS_00006927,cbd,1,False,3.0,0.77734375,3427,ok,2,3416,1,0,0,0.0,67.30812183705567,False,11.878348382332788,68.0,68.0,5.049832385277439,7.255988274717369,8.713746155359349,3.8726810557450095,4.26148303711271,0.04411764705882353,True,,,,,,,,,0.0,False,,,,
PanTS_00006927,mpd,1,False,3.0,0.77734375,0,no_mask,0,0,0,0,0,0.0,,,,,,,,,,,,,,,,,,,,,,,,,,
PanTS_00006944,cbd,0,False,5.0,0.9707030057907104,1509,ok,4,619,0,3,0,0.0,26.020450801241804,True,13.039787278923804,27.0,27.0,3.9614654787279875,5.035143070803371,5.2992168553443335,4.235962110732915,2.8250953336748172,0.0,True,,,,,,,,,0.0,False,,,,
PanTS_00006944,mpd,0,False,5.0,0.9707030057907104,86,orient_ambiguous,4,30,1,2,0,0.0,4.0,True,0.4409524167418759,,,,,,,,,,,,,,,,,,,,,,,
PanTS_00006945,cbd,1,False,2.5,0.8789060115814209,2430,loop_in_skeleton,3,1449,0,0,0,0.0,,,,,,,,,,,,,,,,,,,,,,,,,,
PanTS_00006945,mpd,1,False,2.5,0.8789060115814209,1178,orient_ambiguous,4,486,0,3,0,0.0,42.727193103498834,True,15.30577597425583,,,,,,,,,,,,,,,,,,,,,,,
PanTS_00006946,cbd,0,False,5.0,0.7820000052452087,0,no_mask,0,0,0,0,0,0.0,,,,,,,,,,,,,,,,,,,,,,,,,,
PanTS_00006946,mpd,0,False,5.0,0.7820000052452087,6,too_small,1,6,1,0,0,0.0,,,,,,,,,,,,,,,,,,,,,,,,,,
PanTS_00006959,cbd,1,False,2.5,0.6445310115814209,5539,ok,3,5456,1,1,0,0.0,99.38526026776618,True,34.48018799401491,100.0,100.0,7.410168472195114,8.309504257493863,9.303200450714442,3.9570187308035,3.4231207842863762,0.18,True,,,,,,,,,0.0,False,,,,
PanTS_00006959,mpd,1,False,2.5,0.6445310115814209,0,no_mask,0,0,0,0,0,0.0,,,,,,,,,,,,,,,,,,,,,,,,,,
PanTS_00006960,cbd,1,False,2.5,0.7421879768371582,13322,ok,2,13290,0,0,0,0.0,107.35995176245432,False,54.83356865871127,108.0,108.0,8.422492245823076,11.544708937156186,13.047896756914644,11.182817219519826,7.553342335921171,0.6388888888888888,True,,,,,,,,,0.0,False,,,,
PanTS_00006960,mpd,1,False,2.5,0.7421879768371582,4923,ok,1,4923,0,0,0,0.0,155.86495498007562,True,84.98950334463673,156.0,156.0,4.5934236096841055,7.279290261597745,8.235464711681853,6.770115165099277,3.0061123515904464,0.7756410256410257,True,,,,,,,,,0.0,False,,,,
PanTS_00006971,cbd,0,False,2.5,0.923828125,2929,loop_in_skeleton,2,2927,1,0,0,0.0,,,,,,,,,,,,,,,,,,,,,,,,,,
PanTS_00006971,mpd,0,False,2.5,0.923828125,0,no_mask,0,0,0,0,0,0.0,,,,,,,,,,,,,,,,,,,,,,,,,,
PanTS_00006975,cbd,1,True,2.5,0.7265620231628418,5683,ok,3,4715,1,1,0,0.0,71.72646414563981,True,20.184014700244713,72.0,72.0,7.134203552899853,10.49974074406802,11.543047407946421,6.538205847117328,9.206236932990716,0.4166666666666667,True,1.0296270422153062,37.0,0.5158486541992632,16.0,10.135570536319769,4.964775056585772,2.0414964264846076,30.0,1.0,False,34.72646414563981,-164.4139470728778,-205.46092731892006,93.47846908992607
PanTS_00006975,mpd,1,False,2.5,0.7265620231628418,1467,ok,7,938,1,4,0,0.0,46.09491840145928,False,17.821901029411777,47.0,47.0,4.253466320665965,4.774761828494082,4.95495216161524,4.292439824604006,3.67024332655983,0.9787234042553191,True,,,,,,,,,0.0,False,,,,
PanTS_00006982,cbd,1,False,1.25,0.7421879768371582,1291,ok,1,1291,0,0,0,0.0,34.316379329477755,False,22.232739967702095,35.0,35.0,4.423766843634411,5.550120097112568,5.718420045955779,3.7578738280226704,5.067260942621518,0.0,True,,,,,,,,,0.0,False,,,,
PanTS_00006982,mpd,1,False,1.25,0.7421879768371582,3045,ok,1,3045,0,0,0,0.0,84.69702689411693,True,50.354142817623114,85.0,85.0,4.698994876773978,6.26856883396264,7.135034808549223,5.8366304465659224,3.9710493531223,0.9764705882352941,True,,,,,,,,,0.0,False,,,,
PanTS_00006987,cbd,1,False,1.0,0.8203125,1482,orient_ambiguous,3,924,0,2,0,0.0,31.585057479767894,True,9.248855596793248,,,,,,,,,,,,,,,,,,,,,,,
PanTS_00006987,mpd,1,False,1.0,0.8203125,1302,ok,1,1302,0,0,0,0.0,40.555620228245026,True,11.268136965791271,41.0,41.0,4.6586602801870765,5.777294827186197,5.983499592254496,4.903141397948243,3.463954957399367,0.8780487804878049,True,,,,,,,,,0.0,False,,,,
PanTS_00006998,cbd,1,False,2.5,0.9511719942092896,3393,orient_ambiguous,2,2713,0,1,0,0.0,39.72792206135786,True,3.472104312985884,,,,,,,,,,,,,,,,,,,,,,,
PanTS_00006998,mpd,1,False,2.5,0.9511719942092896,605,ok,5,506,2,1,0,0.0,35.38817609920224,False,23.99795473697372,36.0,36.0,3.3159663362400096,4.797006171908682,5.271724414397542,4.447137795618717,3.637413803595678,0.5277777777777778,True,,,,,,,,,0.0,False,,,,
PanTS_00006999,cbd,0,False,2.5,0.84375,842,ok,1,842,0,0,0,0.0,46.06960989614743,False,35.19085403955349,47.0,47.0,3.949413532162244,4.677566753311035,5.2401237881353335,3.086468105050903,4.477039340906291,0.0,True,,,,,,,,,0.0,False,,,,
PanTS_00006999,mpd,0,False,2.5,0.84375,21,too_small,2,18,2,0,0,0.0,,,,,,,,,,,,,,,,,,,,,,,,,,
PanTS_00007001,cbd,1,False,1.25,0.703125,3483,ok,1,3483,0,0,0,0.0,21.14553541208296,False,10.659479532816615,22.0,22.0,9.410387188971155,13.126408875171272,13.495569197467672,12.00574898276783,7.382553468284856,0.5909090909090909,True,,,,,,,,,0.0,False,,,,
PanTS_00007001,mpd,1,False,1.25,0.703125,32,orient_ambiguous,1,32,0,0,0,0.0,3.414213562373095,True,1.7974055158712403,,,,,,,,,,,,,,,,,,,,,,,
PanTS_00007002,cbd,1,False,0.800000011920929,0.65625,768,ok,1,768,0,0,0,0.0,48.701884598187,False,27.69429299864669,49.0,49.0,3.2616106917633334,4.096928376191884,4.99790379839515,2.053873291677882,2.291522003370546,0.0,True,,,,,,,,,0.0,False,,,,
PanTS_00007002,mpd,1,False,0.800000011920929,0.65625,12,too_small,1,12,1,0,0,0.0,,,,,,,,,,,,,,,,,,,,,,,,,,
PanTS_00007014,cbd,1,False,5.0,0.6757810115814209,3044,ok,3,2554,0,2,0,0.0,25.413484604514082,True,16.38389738856045,26.0,26.0,6.760087252675623,10.108952128535739,10.481916719614187,6.370686052366525,5.988485597533275,0.38461538461538464,True,,,,,,,,,0.0,False,,,,
PanTS_00007014,mpd,1,False,5.0,0.6757810115814209,229,orient_ambiguous,5,106,2,2,0,0.0,8.928203230275509,True,7.161014274024318,,,,,,,,,,,,,,,,,,,,,,,
PanTS_00007040,cbd,0,False,3.0,0.9765625,1508,ok,2,1465,0,1,0,0.0,49.262362530502045,False,14.527794888018722,50.0,50.0,4.251456895320617,5.20358172803892,5.746098472761952,3.6561172233556443,4.029624664119115,0.0,True,,,,,,,,,0.0,False,,,,
PanTS_00007040,mpd,0,False,3.0,0.9765625,368,ok,3,274,1,1,0,0.0,36.55562022824503,True,19.390131068672897,37.0,37.0,2.296456913437015,2.9932146477894985,3.431093200672769,2.270620904870368,2.0168321809146343,0.05405405405405406,True,,,,,,,,,0.0,False,,,,
PanTS_00007042,cbd,0,False,1.25,0.7480469942092896,1643,ok,1,1643,0,0,0,0.0,61.679975881227136,False,35.67094495751323,62.0,62.0,4.271450786180345,5.624023361708286,6.2185968399662634,4.0955523076520635,4.301736786647848,0.0,True,,,,,,,,,0.0,False,,,,
PanTS_00007042,mpd,0,False,1.25,0.7480469942092896,14,too_small,1,14,1,0,0,0.0,,,,,,,,,,,,,,,,,,,,,,,,,,
PanTS_00007044,cbd,1,False,0.8000019192695618,0.6629999876022339,6,too_small,1,6,1,0,0,0.0,,,,,,,,,,,,,,,,,,,,,,,,,,
PanTS_00007044,mpd,1,False,0.8000019192695618,0.6629999876022339,0,no_mask,0,0,0,0,0,0.0,,,,,,,,,,,,,,,,,,,,,,,,,,
PanTS_00007048,cbd,1,False,0.8984379768371582,0.625,6107,loop_in_skeleton,1,6107,0,0,0,0.0,,,,,,,,,,,,,,,,,,,,,,,,,,
PanTS_00007048,mpd,1,False,0.8984379768371582,0.625,162,orient_ambiguous,7,97,5,0,0,0.0,2.0,False,0.9798230842628968,,,,,,,,,,,,,,,,,,,,,,,
PanTS_00007053,cbd,1,False,2.5,0.8984379768371582,19250,loop_in_skeleton,3,18483,0,0,0,0.0,,,,,,,,,,,,,,,,,,,,,,,,,,
PanTS_00007053,mpd,1,False,2.5,0.8984379768371582,4500,ok,7,4193,4,0,2,7.483314773547883,139.45215642221982,False,73.23343691138015,140.0,115.0,5.438963346232388,8.214036121174946,8.874916269407402,5.802898677929107,2.7046559676271964,0.8608695652173913,True,,,,,,,,,0.0,False,,,,
PanTS_00007054,cbd,1,False,2.5,0.857421875,5276,ok,1,5276,0,0,0,0.0,68.01899288552373,False,19.719002104752747,69.0,69.0,7.123626764022458,8.835724138265274,9.782756453325904,3.7777714881751647,8.438184289409715,0.2318840579710145,True,,,,,,,,,0.0,False,,,,
PanTS_00007054,mpd,1,False,2.5,0.857421875,289,orient_ambiguous,8,83,4,2,0,0.0,5.82842712474619,True,2.538132010482016,,,,,,,,,,,,,,,,,,,,,,,
PanTS_00007060,cbd,1,False,2.5,0.8398439884185791,1283,ok,3,816,0,2,0,0.0,46.30885079491471,True,34.587745258303904,47.0,47.0,3.4923830341283413,5.051265566162394,5.845689984079586,2.538244230997617,3.795972511869663,0.0,True,,,,,,,,,0.0,False,,,,
PanTS_00007060,mpd,1,False,2.5,0.8398439884185791,13,too_small,3,7,3,0,0,0.0,,,,,,,,,,,,,,,,,,,,,,,,,,
PanTS_00007065,cbd,1,False,2.5,0.7871090173721313,1769,ok,3,1549,0,1,1,6.164414002968976,77.30436275312285,True,43.883174873771964,78.0,65.0,3.6778829162047675,4.504437287413406,5.292327832351739,1.516234605879534,3.158801403682928,0.0,True,,,,,,,,,0.0,False,,,,
PanTS_00007065,mpd,1,False,2.5,0.7871090173721313,1641,ok,4,1335,1,1,1,5.385164807134504,121.27421537774701,False,69.89890139052005,122.0,110.0,3.308240323257534,4.031936547738353,4.905566399987567,3.6208983691415395,2.177929408634595,0.5545454545454546,True,,,,,,,,,0.0,False,,,,
PanTS_00007067,cbd,1,False,0.800000011920929,0.7559999823570251,2990,ok,1,2990,0,0,0,0.0,50.55562022824501,False,13.204366917313486,51.0,51.0,7.295250284313806,8.19051894254133,8.529770766583404,7.609802027296828,6.788110610869276,0.23529411764705882,True,,,,,,,,,0.0,False,,,,
PanTS_00007067,mpd,1,False,0.800000011920929,0.7559999823570251,284,ok,4,248,3,0,0,0.0,34.341687834789596,True,14.208720529408485,35.0,35.0,2.089942796708275,3.055714659683883,3.7970182126613334,2.4954053848177393,2.0,0.08571428571428572,True,,,,,,,,,0.0,False,,,,
PanTS_00007071,cbd,1,False,1.25,0.8417969942092896,1108,loop_in_skeleton,1,1108,0,0,0,0.0,,,,,,,,,,,,,,,,,,,,,,,,,,
PanTS_00007071,mpd,1,False,1.25,0.8417969942092896,124,orient_ambiguous,2,92,0,1,0,0.0,12.70674230225704,True,9.734359012443875,,,,,,,,,,,,,,,,,,,,,,,
PanTS_00007093,cbd,1,False,1.0,1.0,7389,ok,1,7389,0,0,0,0.0,109.72500622992177,False,76.7888955527992,110.0,110.0,7.891323147852734,9.349888729500096,10.45742059916181,3.4315917913988874,7.817264481242422,0.42727272727272725,True,,,,,,,,,0.0,False,,,,
PanTS_00007093,mpd,1,False,1.0,1.0,669,ok,7,420,5,1,0,0.0,35.53444046914422,True,24.438374588013588,36.0,36.0,2.9426274365323026,3.6197640946193657,3.888710970270747,2.7425838354572174,2.5795017127603446,0.3333333333333333,True,,,,,,,,,0.0,False,,,,
PanTS_00007094,cbd,1,False,1.0,1.0,631,orient_ambiguous,1,631,0,0,0,0.0,22.120955864630137,True,7.591269872926723,,,,,,,,,,,,,,,,,,,,,,,
PanTS_00007094,mpd,1,False,1.0,1.0,33,orient_ambiguous,2,21,1,0,0,0.0,2.0,True,0.6345211688704602,,,,,,,,,,,,,,,,,,,,,,,
PanTS_00007095,cbd,1,False,0.699999988079071,0.650390625,9941,ok,1,9941,0,0,0,0.0,40.87345747344081,False,28.82284206066612,41.0,41.0,14.629216578027672,17.51107171947866,17.746478373155032,11.907333371297762,12.125076213378998,0.9512195121951219,True,,,,,,,,,0.0,False,,,,
PanTS_00007095,mpd,1,False,0.699999988079071,0.650390625,170,orient_ambiguous,2,146,0,1,0,0.0,14.803118619434352,True,9.101608962999642,,,,,,,,,,,,,,,,,,,,,,,
PanTS_00007099,cbd,1,False,0.800000011920929,0.78125,112,orient_ambiguous,1,112,0,0,0,0.0,10.82842712474619,True,3.0791157414061914,,,,,,,,,,,,,,,,,,,,,,,
PanTS_00007099,mpd,1,False,0.800000011920929,0.78125,105,orient_ambiguous,3,54,0,1,1,6.324555320336759,11.15298244508295,True,7.753349399969174,,,,,,,,,,,,,,,,,,,,,,,
PanTS_00007100,cbd,1,False,5.0,0.78125,990,orient_ambiguous,4,683,0,3,0,0.0,7.292528739883944,True,1.7509713757786614,,,,,,,,,,,,,,,,,,,,,,,
PanTS_00007100,mpd,1,False,5.0,0.78125,152,orient_ambiguous,1,152,0,0,0,0.0,25.388905057061258,False,4.848926607113638,,,,,,,,,,,,,,,,,,,,,,,
PanTS_00007102,cbd,1,False,5.0,0.8398439884185791,1667,ok,1,1667,0,0,0,0.0,36.89876597875265,True,23.77002168381476,37.0,37.0,5.759572069786313,7.293703000284115,8.047944474530897,5.174704843469847,5.568480178479232,0.0,True,,,,,,,,,0.0,False,,,,
PanTS_00007102,mpd,1,False,5.0,0.8398439884185791,20,too_small,1,20,0,0,0,0.0,,,,,,,,,,,,,,,,,,,,,,,,,,
PanTS_00007105,cbd,1,False,1.25,0.7578120231628418,4269,ok,1,4269,0,0,0,0.0,72.92188761048742,False,50.98043343539402,73.0,73.0,6.574704604940402,7.727420429832036,8.49714869188362,4.974287002031055,5.927404701635885,0.0958904109589041,True,,,,,,,,,0.0,False,,,,
PanTS_00007105,mpd,1,False,1.25,0.7578120231628418,1170,ok,1,1170,0,0,0,0.0,80.74764390474061,True,54.88268898735856,81.0,81.0,2.288462982451812,5.722871666169742,6.210497533500616,5.767926706209801,3.0165562193159623,0.3333333333333333,True,,,,,,,,,0.0,False,,,,
PanTS_00007110,cbd,0,False,1.5,1.5,1037,ok,2,1029,1,0,0,0.0,40.92334552620547,False,23.94258195866341,41.0,41.0,3.548230211151497,4.4466065330597715,4.787426181522728,2.4030312727599283,3.9929258413499653,0.0,True,,,,,,,,,0.0,False,,,,
PanTS_00007110,mpd,0,False,1.5,1.5,179,orient_ambiguous,3,132,1,1,0,0.0,26.777810114122524,False,7.1629545164354855,,,,,,,,,,,,,,,,,,,,,,,
PanTS_00007114,cbd,1,True,2.5,0.65625,4546,ok,5,3777,0,3,1,5.477225575051661,61.33755908857855,True,41.91479462348507,62.0,62.0,7.143070744006296,10.05610191473297,11.527639896589404,2.777822724627967,8.03186554941151,0.3870967741935484,True,1.072722135749677,33.0,0.538006410596551,16.0,9.806698718612799,4.662311573505207,2.1033984031315933,23.0,1.0,False,28.33755908857855,-157.04442175208257,-190.48745904978622,90.35238343277987
PanTS_00007114,mpd,1,False,2.5,0.65625,1129,ok,1,1129,0,0,0,0.0,99.2389958978242,False,70.84791126374418,100.0,100.0,2.632454822007767,3.83884719859534,4.435608238669572,3.767961274344409,2.0,0.32,True,,,,,,,,,0.0,False,,,,
PanTS_00007115,cbd,1,False,2.5,0.6445310115814209,2096,ok,2,1749,0,1,0,0.0,45.97323357897012,False,19.420992103801957,46.0,46.0,4.741911682624391,6.215275582721862,7.151894930982063,3.2253100869372187,5.8517861287310495,0.0,True,,,,,,,,,0.0,False,,,,
PanTS_00007115,mpd,1,False,2.5,0.6445310115814209,10941,ok,1,10941,0,0,0,0.0,137.28475520437783,False,75.43106556673555,138.0,138.0,7.835606176931489,11.561457818051263,13.467964491384175,10.018065642306173,3.7978803710865763,0.9782608695652174,True,,,,,,,,,0.0,False,,,,
PanTS_00007118,cbd,0,False,2.0,0.65625,674,orient_ambiguous,3,468,0,2,0,0.0,14.853006672199013,False,3.0274968975975867,,,,,,,,,,,,,,,,,,,,,,,
PanTS_00007118,mpd,0,False,2.0,0.65625,24,orient_ambiguous,1,24,0,0,0,0.0,1.0,False,0.0,,,,,,,,,,,,,,,,,,,,,,,
PanTS_00007122,cbd,1,False,1.25,0.7421879768371582,0,no_mask,0,0,0,0,0,0.0,,,,,,,,,,,,,,,,,,,,,,,,,,
PanTS_00007122,mpd,1,False,1.25,0.7421879768371582,26,too_small,2,16,2,0,0,0.0,,,,,,,,,,,,,,,,,,,,,,,,,,
PanTS_00007130,cbd,1,False,1.5000000790885057,1.4999999442744085,1976,ok,1,1976,0,0,0,0.0,41.384047352991224,True,29.004287586641723,42.0,42.0,4.294478235790299,6.476086189043059,7.3451919309271725,6.287849700766294,3.9199981692299044,0.0,True,,,,,,,,,0.0,False,,,,
PanTS_00007130,mpd,1,False,1.5000000790885057,1.4999999442744085,6007,ok,3,5984,1,1,0,0.0,101.79607404178722,False,62.73827335385203,102.0,102.0,6.990664263314391,9.022129195315102,9.862812736057943,8.793550969298039,3.9989931724247096,1.0,True,,,,,,,,,0.0,False,,,,
PanTS_00007132,cbd,0,False,3.0,0.68359375,39,orient_ambiguous,1,39,0,0,0,0.0,7.242640687119286,True,3.5436525822108678,,,,,,,,,,,,,,,,,,,,,,,
PanTS_00007132,mpd,0,False,3.0,0.68359375,177,ok,4,98,0,3,0,0.0,13.803118619434352,True,10.25062421688838,14.0,14.0,2.056769451313409,2.9032484792671265,3.6079747649173624,2.0,2.056769451313409,0.07142857142857142,False,,,,,,,,,0.0,False,,,,
PanTS_00007135,cbd,1,False,1.5,1.5,464,ok,2,444,0,1,0,0.0,20.463372657278743,True,15.418534831087207,21.0,21.0,3.0132458206995336,4.90973316336568,5.341795847789027,2.9467504657149597,3.176248934959128,0.0,False,,,,,,,,,0.0,False,,,,
PanTS_00007135,mpd,1,False,1.5,1.5,0,no_mask,0,0,0,0,0,0.0,,,,,,,,,,,,,,,,,,,,,,,,,,
PanTS_00007136,cbd,0,False,0.900390625,0.699999988079071,320,no_regions,1,320,0,0,0,0.0,6.82842712474619,,,,,,,,,,,,,,,,,,,,,,,,,
PanTS_00007136,mpd,0,False,0.900390625,0.699999988079071,0,no_mask,0,0,0,0,0,0.0,,,,,,,,,,,,,,,,,,,,,,,,,,
PanTS_00007147,cbd,1,False,1.2000000476837158,0.78125,2896,ok,1,2896,0,0,0,0.0,72.68337566957916,False,40.459201675459425,73.0,73.0,6.751921077457454,7.640517130482432,8.180556100624454,4.587458060327981,2.571211659498479,0.0136986301369863,True,,,,,,,,,0.0,False,,,,
PanTS_00007147,mpd,1,False,1.2000000476837158,0.78125,681,ok,5,278,1,1,2,7.280109889280518,63.82633323953485,True,14.793738530026477,64.0,39.0,2.4690039217688335,3.9567305797838723,4.249128273117369,2.9739623314719767,2.0,0.20512820512820512,True,,,,,,,,,0.0,False,,,,
PanTS_00007151,cbd,1,False,3.0,0.740234375,1041,ok,2,1006,0,1,0,0.0,36.045030348694624,False,24.384826551319197,37.0,37.0,3.823585701712762,4.9167618457767395,5.275652151842809,3.286032118700206,3.773185281664123,0.0,True,,,,,,,,,0.0,False,,,,
PanTS_00007151,mpd,1,False,3.0,0.740234375,109,orient_ambiguous,4,62,2,1,0,0.0,7.878315177510849,True,6.211852788093289,,,,,,,,,,,,,,,,,,,,,,,
PanTS_00007152,cbd,1,False,1.0,1.0,2186,ok,1,2186,0,0,0,0.0,49.973233578970124,True,23.929259724623332,50.0,50.0,5.396423653853962,6.889739184039888,7.794251233896248,4.989699407745907,4.00048402718911,0.0,True,,,,,,,,,0.0,False,,,,
PanTS_00007152,mpd,1,False,1.0,1.0,411,orient_ambiguous,6,228,2,2,1,5.830951894845301,12.974691494688162,False,7.111074077072701,,,,,,,,,,,,,,,,,,,,,,,
PanTS_00007157,cbd,1,False,3.0,0.7421875,1718,ok,1,1718,0,0,0,0.0,78.16525725546572,False,13.950590335501285,79.0,79.0,3.9030536257618134,5.6347046279688655,6.670880317913274,2.3877986846425543,6.053985658850924,0.0,True,,,,,,,,,0.0,False,,,,
PanTS_00007157,mpd,1,False,3.0,0.7421875,689,orient_ambiguous,5,599,3,0,1,7.810249675906654,87.94679863770851,True,1.6276611392568583,,,,,,,,,,,,,,,,,,,,,,,
PanTS_00007166,cbd,1,False,2.5,0.8339840173721313,276,orient_ambiguous,2,266,1,0,0,0.0,6.82842712474619,True,3.5377090492866827,,,,,,,,,,,,,,,,,,,,,,,
PanTS_00007166,mpd,1,False,2.5,0.8339840173721313,1283,ok,5,617,1,2,1,6.48074069840786,54.45057448902597,False,38.93680071057617,55.0,42.0,4.024475943831957,4.6540360464533,5.265695639561036,4.260809022345597,3.879438939181865,0.8571428571428571,True,,,,,,,,,0.0,False,,,,
PanTS_00007167,cbd,1,False,1.25,0.7421879768371582,19130,ok,1,19130,0,0,0,0.0,94.63202970109647,False,69.14619465389053,95.0,95.0,13.55747807821861,15.420567449047558,16.338161753748206,12.384272943711014,5.664324658013256,0.8631578947368421,True,,,,,,,,,0.0,False,,,,
PanTS_00007167,mpd,1,False,1.25,0.7421879768371582,2236,ok,1,2236,0,0,0,0.0,70.80093174585728,True,50.187909887558796,71.0,71.0,4.238707827379632,6.1983017946607095,7.050832695107662,6.053561236899315,3.572487453191174,0.7323943661971831,True,,,,,,,,,0.0,False,,,,
PanTS_00007169,cbd,0,False,5.0,0.7324219942092896,2509,ok,1,2509,0,0,0,0.0,50.80166070371631,True,36.23173104914776,51.0,51.0,5.589459769760155,9.080379751448922,9.849794784595321,4.780121309849049,4.864099439037563,0.21568627450980393,True,,,,,,,,,0.0,False,,,,
PanTS_00007169,mpd,0,False,5.0,0.7324219942092896,150,ok,6,94,4,0,1,7.14142842854285,16.287692798484823,False,10.86085441754688,17.0,5.0,2.0122329635195695,2.280686152862,2.3419623248786983,2.0122329635195695,,0.0,False,,,,,,,,,0.0,False,,,,
PanTS_00007178,cbd,0,False,2.5,0.7050780057907104,981,ok,1,981,0,0,0,0.0,41.80578944992733,False,12.00220736805494,42.0,42.0,3.7509816312636564,5.744810435428829,5.994505823148243,2.8752692192292564,3.6413318988167536,0.0,True,,,,,,,,,0.0,False,,,,
PanTS_00007178,mpd,0,False,2.5,0.7050780057907104,0,no_mask,0,0,0,0,0,0.0,,,,,,,,,,,,,,,,,,,,,,,,,,
PanTS_00007182,cbd,0,False,2.5,0.884765625,1453,ok,2,1446,1,0,0,0.0,59.58019977569782,False,30.03787938740161,60.0,60.0,4.010807398349026,6.64732169015277,7.108497220954113,1.6031400476209927,4.004106600967819,0.0,True,,,,,,,,,0.0,False,,,,
PanTS_00007182,mpd,0,False,2.5,0.884765625,7,too_small,2,6,2,0,0,0.0,,,,,,,,,,,,,,,,,,,,,,,,,,
PanTS_00007184,cbd,1,False,1.0,1.0,3990,ok,1,3990,0,0,0,0.0,98.11804003319405,False,40.406021773987504,99.0,99.0,5.193759430464082,7.52384611081187,8.604893833760553,2.258583685204974,4.975448879271263,0.0707070707070707,True,,,,,,,,,0.0,False,,,,
PanTS_00007184,mpd,1,False,1.0,1.0,0,no_mask,0,0,0,0,0,0.0,,,,,,,,,,,,,,,,,,,,,,,,,,
PanTS_00007190,cbd,1,False,1.25,0.7421879768371582,1489,ok,1,1489,0,0,0,0.0,55.67997588122715,False,29.334675063634318,56.0,56.0,4.185417071548307,5.4757290844772895,6.3054304755889525,3.2966678586339286,4.03233322160089,0.0,True,,,,,,,,,0.0,False,,,,
PanTS_00007190,mpd,1,False,1.25,0.7421879768371582,100,orient_ambiguous,5,84,4,0,0,0.0,9.024579547452822,True,0.3384062085905164,,,,,,,,,,,,,,,,,,,,,,,
PanTS_00007194,cbd,1,False,3.0,0.9765625,3010,ok,2,2967,0,1,0,0.0,40.823569420676144,False,11.165667118882318,41.0,41.0,3.6185102495006443,3.966527803226157,4.992408206000739,3.4758956119107167,3.4187598433778,0.0,True,,,,,,,,,0.0,False,,,,
PanTS_00007194,mpd,1,False,3.0,0.9765625,100,orient_ambiguous,1,100,0,0,0,0.0,3.414213562373095,False,1.5389598650843368,,,,,,,,,,,,,,,,,,,,,,,
PanTS_00007201,cbd,1,False,2.0,0.9375,4664,ok,4,4551,1,2,0,0.0,95.21101656201934,True,76.35521877625376,96.0,96.0,6.888750436858644,7.507764909684674,7.949156384481466,4.528090647091604,6.4539881049407235,0.0,True,,,,,,,,,0.0,False,,,,
PanTS_00007201,mpd,1,False,2.0,0.9375,3,too_small,1,3,1,0,0,0.0,,,,,,,,,,,,,,,,,,,,,,,,,,
PanTS_00007211,cbd,1,False,2.5,0.7890620231628418,4672,ok,2,3025,0,1,0,0.0,55.77635219840446,False,10.021064247151362,56.0,56.0,6.596325616079407,9.62815503007646,10.624403189235972,6.216987106333077,2.3572018105177808,0.23214285714285715,True,,,,,,,,,0.0,False,,,,
PanTS_00007211,mpd,1,False,2.5,0.7890620231628418,1822,ok,8,884,1,6,0,0.0,65.16865704381772,False,19.40560322356813,66.0,66.0,3.208377411112434,4.141269576498855,5.041411267116915,3.280165067550352,2.6782817046812992,0.5,True,,,,,,,,,0.0,False,,,,
PanTS_00007217,cbd,1,False,5.0,0.701171875,1596,no_regions,4,1120,0,3,0,0.0,29.973962536829152,,,,,,,,,,,,,,,,,,,,,,,,,
PanTS_00007217,mpd,1,False,5.0,0.701171875,0,no_mask,0,0,0,0,0,0.0,,,,,,,,,,,,,,,,,,,,,,,,,,
PanTS_00007227,cbd,1,False,0.857421875,0.8013793230056763,1358,ok,3,986,1,1,0,0.0,23.559748974456056,False,12.576179666073207,24.0,24.0,2.321362007164394,7.71738868008397,8.194501675281522,1.6229401759596618,6.396756279968586,0.125,True,,,,,,,,,0.0,False,,,,
PanTS_00007227,mpd,1,False,0.857421875,0.8013793230056763,0,no_mask,0,0,0,0,0,0.0,,,,,,,,,,,,,,,,,,,,,,,,,,
PanTS_00007228,cbd,1,False,5.0,0.6470000147819519,1664,orient_ambiguous,3,1301,1,1,0,0.0,14.656854249492381,False,2.651692176228792,,,,,,,,,,,,,,,,,,,,,,,
PanTS_00007228,mpd,1,False,5.0,0.6470000147819519,212,orient_ambiguous,4,132,2,0,1,6.4031242374328485,39.9628732118889,True,6.235145472052242,,,,,,,,,,,,,,,,,,,,,,,
PanTS_00007242,cbd,1,False,1.25,0.7421879768371582,31,too_small,2,19,2,0,0,0.0,,,,,,,,,,,,,,,,,,,,,,,,,,
PanTS_00007242,mpd,1,False,1.25,0.7421879768371582,1437,orient_ambiguous,5,1281,2,2,0,0.0,23.973962536829152,True,8.513227644870325,,,,,,,,,,,,,,,,,,,,,,,
PanTS_00007248,cbd,1,False,2.5,0.7363280057907104,731,ok,3,715,2,0,0,0.0,33.38817609920225,True,24.846671549964956,34.0,34.0,3.2980061409302106,5.571112787883627,5.9715855583160415,2.7442497244726836,4.551596232494907,0.0,True,,,,,,,,,0.0,False,,,,
PanTS_00007248,mpd,1,False,2.5,0.7363280057907104,0,no_mask,0,0,0,0,0,0.0,,,,,,,,,,,,,,,,,,,,,,,,,,
PanTS_00007260,cbd,1,False,5.0,0.625,3092,loop_in_skeleton,1,3092,0,0,0,0.0,,,,,,,,,,,,,,,,,,,,,,,,,,
PanTS_00007260,mpd,1,False,5.0,0.625,87,no_regions,1,87,0,0,0,0.0,1.0,,,,,,,,,,,,,,,,,,,,,,,,,
PanTS_00007262,cbd,0,False,1.5,1.5,4747,loop_in_skeleton,4,4287,1,0,0,0.0,,,,,,,,,,,,,,,,,,,,,,,,,,
PanTS_00007262,mpd,0,False,1.5,1.5,6132,orient_ambiguous,5,5787,1,1,2,5.656854249492381,145.27649771195578,False,1.0463890298012188,,,,,,,,,,,,,,,,,,,,,,,
PanTS_00007273,cbd,0,False,1.5000001494073696,1.4999999993845703,0,no_mask,0,0,0,0,0,0.0,,,,,,,,,,,,,,,,,,,,,,,,,,
PanTS_00007273,mpd,0,False,1.5000001494073696,1.4999999993845703,0,no_mask,0,0,0,0,0,0.0,,,,,,,,,,,,,,,,,,,,,,,,,,
PanTS_00007278,cbd,1,False,2.5,0.8027340173721313,530,orient_ambiguous,3,324,1,1,0,0.0,13.535169427003233,True,9.937129076678403,,,,,,,,,,,,,,,,,,,,,,,
PanTS_00007278,mpd,1,False,2.5,0.8027340173721313,622,ok,4,563,2,1,0,0.0,50.58019977569784,False,33.537427621247886,51.0,51.0,2.813317087048488,3.5272016756421625,3.970420854193801,3.2255780344681133,2.211836129039648,0.23529411764705882,True,,,,,,,,,0.0,False,,,,
PanTS_00007284,cbd,1,False,1.5,1.5,2926,ok,2,2806,0,0,1,6.164414002968976,75.06512185435558,True,36.95782424478215,76.0,64.0,5.868660303224173,6.662007813254769,7.3172604890935355,2.5858983702797493,4.125120256122506,0.0,True,,,,,,,,,0.0,False,,,,
PanTS_00007284,mpd,1,False,1.5,1.5,512,ok,4,418,1,2,0,0.0,38.73059289185084,False,31.112706386970668,39.0,39.0,2.703459966933423,3.5216014420566757,3.853158105107527,2.5179641427367194,2.6105696821858047,0.20512820512820512,True,,,,,,,,,0.0,False,,,,
PanTS_00007291,cbd,0,False,0.7000000476837158,0.64453125,2386,loop_in_skeleton,3,2378,2,0,0,0.0,,,,,,,,,,,,,,,,,,,,,,,,,,
PanTS_00007291,mpd,0,False,0.7000000476837158,0.64453125,115,orient_ambiguous,3,43,0,2,0,0.0,2.0,False,0.535007633549359,,,,,,,,,,,,,,,,,,,,,,,
PanTS_00007298,cbd,1,False,1.0,1.0,1314,ok,1,1314,0,0,0,0.0,46.50913196383237,False,30.334955393374358,47.0,47.0,5.294153868653757,6.382811809469086,6.850182763367556,5.168025823279255,3.219628548394924,0.0,True,,,,,,,,,0.0,False,,,,
PanTS_00007298,mpd,1,False,1.0,1.0,0,no_mask,0,0,0,0,0,0.0,,,,,,,,,,,,,,,,,,,,,,,,,,
PanTS_00007299,cbd,1,False,2.5,0.7792969942092896,6461,ok,2,6354,0,1,0,0.0,95.57534207162776,True,36.68259023342017,96.0,96.0,7.145506031097021,10.553823645886037,11.018030760266521,5.562963128373789,3.083415917306656,0.3958333333333333,True,,,,,,,,,0.0,False,,,,
PanTS_00007299,mpd,1,False,2.5,0.7792969942092896,4647,ok,3,4604,1,0,1,5.385164807134504,133.05882506857358,False,73.61744112074356,134.0,124.0,5.795265243506228,6.8909722799004065,7.957781978274805,7.401477206705951,,0.9516129032258065,True,,,,,,,,,0.0,False,,,,
PanTS_00007308,cbd,1,False,1.25,0.7421879768371582,19350,ok,1,19350,0,0,0,0.0,90.42834874382677,False,62.510649990499445,91.0,91.0,12.61461110484068,17.263588407895373,17.921938049236854,7.864850753128696,3.8162403911036074,0.7582417582417582,True,,,,,,,,,0.0,False,,,,
PanTS_00007308,mpd,1,True,1.25,0.7421879768371582,4391,ok,5,3871,1,0,3,6.708203932499369,178.72157475440497,True,95.85408477309329,179.0,144.0,3.661612198368565,7.891175722344492,8.640911048448391,,2.887390002183884,0.6597222222222222,True,1.048675364261954,28.0,0.1566682704003529,16.0,7.813717302078221,3.777243253429686,2.0686296269067315,58.0,1.0,False,28.0,40.662786777429346,125.76156328579741,-70.36828182501219
PanTS_00007309,cbd,1,False,2.5,0.6875,566,ok,3,385,0,2,0,0.0,17.120955864630133,True,13.44273495423112,18.0,18.0,3.7784172987863016,4.263065462829302,4.598630435454737,4.012084869694535,3.726394688006454,0.0,False,,,,,,,,,0.0,False,,,,
PanTS_00007309,mpd,1,True,2.5,0.6875,3745,ok,2,3529,0,1,0,0.0,70.97250462111109,False,27.3851898264886,71.0,71.0,5.358204607271393,8.623825236077451,9.562817201207404,8.029765397619798,3.828889490254785,0.9295774647887324,True,1.3010731174272478,43.0,0.6058684307332373,5.0,4.983548362552042,2.022444638695551,2.464121028186147,27.0,1.0,False,27.972504621111085,-152.34797446379474,-197.06719860490145,125.11993812982573
PanTS_00007315,cbd,1,False,2.5,0.8320310115814209,1815,ok,2,1813,1,0,0,0.0,59.60477932315065,True,40.15848056981026,60.0,60.0,4.922839721038573,6.115993302927381,6.645729857470566,2.0204301995027647,4.374669994542106,0.0,True,,,,,,,,,0.0,False,,,,
PanTS_00007315,mpd,1,False,2.5,0.8320310115814209,1743,ok,3,1559,1,1,0,0.0,70.72573518778077,False,40.52818730313464,71.0,71.0,3.7633262502095874,5.22436407586184,5.555751039056894,4.414895891502321,2.0,0.6901408450704225,True,,,,,,,,,0.0,False,,,,
PanTS_00007319,cbd,1,False,2.5,0.7089840173721313,873,ok,1,873,0,0,0,0.0,51.06960989614744,True,37.63890822559085,52.0,52.0,3.14711614326603,4.752699780565092,5.778353648324019,2.5008339333591874,4.338898509524393,0.0,True,,,,,,,,,0.0,False,,,,
PanTS_00007319,mpd,1,False,2.5,0.7089840173721313,430,orient_ambiguous,6,227,3,2,0,0.0,44.53104068079221,True,13.950163306738544,,,,,,,,,,,,,,,,,,,,,,,
PanTS_00007322,cbd,0,False,1.0,1.0,954,orient_ambiguous,1,954,0,0,0,0.0,20.120955864630133,False,5.952248309668363,,,,,,,,,,,,,,,,,,,,,,,
PanTS_00007322,mpd,0,False,1.0,1.0,3,too_small,1,3,1,0,0,0.0,,,,,,,,,,,,,,,,,,,,,,,,,,
PanTS_00007329,cbd,1,False,0.800000011920929,0.716796875,3,too_small,1,3,1,0,0,0.0,,,,,,,,,,,,,,,,,,,,,,,,,,
PanTS_00007329,mpd,1,False,0.800000011920929,0.716796875,21,too_small,2,14,2,0,0,0.0,,,,,,,,,,,,,,,,,,,,,,,,,,
PanTS_00007334,cbd,1,False,5.0,0.8203120231628418,20102,ok,1,20102,0,0,0,0.0,66.38331839513216,False,46.31414456200221,67.0,67.0,14.04938960224146,19.355214034852942,21.25651075828892,16.99018882142429,8.545342159645237,0.9253731343283582,True,,,,,,,,,0.0,False,,,,
PanTS_00007334,mpd,1,False,5.0,0.8203120231628418,2212,ok,2,2022,0,1,0,0.0,56.48042367016853,True,33.45198621603941,57.0,57.0,5.453585624837835,5.862786920415511,6.040272528821899,5.753094745914054,4.783226974175581,1.0,True,,,,,,,,,0.0,False,,,,
PanTS_00007347,cbd,0,False,1.5,0.84375,853,ok,2,760,0,0,1,7.54983443527075,61.669332384182844,True,21.93196689162608,62.0,49.0,3.607072376702011,4.207137357468426,4.718689020289789,1.9272812432433926,4.08671921681125,0.0,True,,,,,,,,,0.0,False,,,,
PanTS_00007347,mpd,0,False,1.5,0.84375,270,ok,6,187,4,1,0,0.0,35.19542346484762,False,14.297356278041569,36.0,36.0,1.9999999999999998,2.543940239886828,3.3257412148537324,2.1419342657170626,1.9253322373990958,0.027777777777777776,True,,,,,,,,,0.0,False,,,,
PanTS_00007361,cbd,1,False,0.800000011920929,0.78125,0,no_mask,0,0,0,0,0,0.0,,,,,,,,,,,,,,,,,,,,,,,,,,
PanTS_00007361,mpd,1,False,0.800000011920929,0.78125,0,no_mask,0,0,0,0,0,0.0,,,,,,,,,,,,,,,,,,,,,,,,,,
PanTS_00007364,cbd,1,False,2.5,0.85546875,669,ok,2,546,0,0,1,7.54983443527075,48.96259008192582,False,35.461407969289596,49.0,36.0,3.393903658624912,3.9200751747200826,4.140108510058478,3.1652493311355943,2.7704074963276617,0.0,True,,,,,,,,,0.0,False,,,,
PanTS_00007364,mpd,1,False,2.5,0.85546875,160,orient_ambiguous,3,146,2,0,0,0.0,13.53516942700323,False,7.990105370358291,,,,,,,,,,,,,,,,,,,,,,,
PanTS_00007395,cbd,0,False,1.25,0.8691409826278687,1034,ok,2,992,0,0,1,5.916079783099616,67.7922080870334,True,33.39206331364119,68.0,56.0,3.4470688758537795,4.491216427184958,5.658548319728741,1.609431354143601,2.5634512509897145,0.0,True,,,,,,,,,0.0,False,,,,
PanTS_00007395,mpd,0,False,1.25,0.8691409826278687,327,ok,7,80,1,2,3,7.810249675906654,37.937998761941806,False,25.161986588099936,38.0,5.0,2.0478788455347434,2.5556755998840535,2.6564729663862234,,2.2261791978327707,0.0,True,,,,,,,,,0.0,False,,,,
PanTS_00007401,cbd,0,False,2.5,0.671875,1953,ok,2,1947,1,0,0,0.0,47.33755908857855,False,13.452676814731433,48.0,48.0,5.917743570042989,6.69150708292615,7.08143224255807,3.9300988041899343,5.397893313554917,0.0,True,,,,,,,,,0.0,False,,,,
PanTS_00007401,mpd,0,False,2.5,0.671875,56,orient_ambiguous,2,38,1,0,0,0.0,4.5604779323150675,True,0.8149253432924866,,,,,,,,,,,,,,,,,,,,,,,
PanTS_00007405,cbd,0,False,1.5,1.5,971,orient_ambiguous,3,598,1,1,0,0.0,14.535169427003233,True,5.88031887249123,,,,,,,,,,,,,,,,,,,,,,,
PanTS_00007405,mpd,0,False,1.5,1.5,33,orient_ambiguous,2,25,1,0,0,0.0,1.0,False,0.0,,,,,,,,,,,,,,,,,,,,,,,
PanTS_00007414,cbd,1,False,0.7832030057907104,0.41847825050354004,747,ok,3,633,0,0,2,7.0,42.07373864235846,False,10.363243097414802,43.0,30.0,4.067556069767468,5.080196697318588,5.685671676540829,4.838716511872571,1.9710123594683238,0.0,True,,,,,,,,,0.0,False,,,,
PanTS_00007414,mpd,1,False,0.7832030057907104,0.41847825050354004,117,orient_ambiguous,2,87,0,1,0,0.0,3.414213562373095,True,1.7501534769669984,,,,,,,,,,,,,,,,,,,,,,,
PanTS_00007422,cbd,1,False,2.5,0.8203120231628418,4592,ok,2,3655,0,1,0,0.0,39.316379329477755,True,28.820333521562755,40.0,40.0,8.783449893365725,9.916407393821274,10.518544556004088,9.237206811371449,4.856707106104967,0.6,True,,,,,,,,,0.0,False,,,,
PanTS_00007422,mpd,1,False,2.5,0.8203120231628418,2028,ok,2,1573,0,1,0,0.0,52.898037020893625,False,27.530888708969158,53.0,53.0,4.032329791921424,6.213538248514135,6.65882775627548,4.442631581126211,3.470368692884776,0.9433962264150944,True,,,,,,,,,0.0,False,,,,
PanTS_00007426,cbd,1,False,5.0,0.9414060115814209,5861,ok,3,4841,1,1,0,0.0,78.0900606973892,True,23.718867781577014,79.0,79.0,6.676514536857632,10.584069282229772,11.158571528651686,4.952263370264085,3.440592863064773,0.27848101265822783,True,,,,,,,,,0.0,False,,,,
PanTS_00007426,mpd,1,False,5.0,0.9414060115814209,406,orient_ambiguous,4,223,0,3,0,0.0,5.414213562373095,False,3.176032444223843,,,,,,,,,,,,,,,,,,,,,,,
PanTS_00007435,cbd,1,True,2.5,0.8945310115814209,17006,ok,1,17006,0,0,0,0.0,89.28961290844784,True,30.98262245753301,90.0,90.0,7.538523437840233,13.357810885454004,14.364774945197869,5.729734677394584,3.676754015789068,0.45555555555555555,True,1.1855277896573466,51.0,0.571175059883979,16.0,13.415646779896967,5.89837241520666,2.2744658755879734,27.0,1.0,False,38.289612908447836,-182.5365529058762,-256.411586380452,131.03177878924777
PanTS_00007435,mpd,1,False,2.5,0.8945310115814209,2321,ok,7,1666,2,3,1,7.0710678118654755,80.06888093828839,False,48.404019653463976,81.0,81.0,4.012643067459983,5.298320483789438,5.9332794710166326,5.14143577439701,2.989253557962833,0.8395061728395061,True,,,,,,,,,0.0,False,,,,
PanTS_00007437,cbd,1,False,3.0,0.9765625,3016,loop_in_skeleton,2,2971,0,0,0,0.0,,,,,,,,,,,,,,,,,,,,,,,,,,
PanTS_00007437,mpd,1,False,3.0,0.9765625,103,orient_ambiguous,1,103,0,0,0,0.0,4.82842712474619,False,1.5350336074011537,,,,,,,,,,,,,,,,,,,,,,,
PanTS_00007451,cbd,1,False,1.25,0.6171879768371582,384,orient_ambiguous,1,384,0,0,0,0.0,19.31710828733677,False,8.033893420831145,,,,,,,,,,,,,,,,,,,,,,,
PanTS_00007451,mpd,1,False,1.25,0.6171879768371582,0,no_mask,0,0,0,0,0,0.0,,,,,,,,,,,,,,,,,,,,,,,,,,
PanTS_00007463,cbd,1,False,2.5,0.8632810115814209,12265,ok,1,12265,0,0,0,0.0,63.972504621111085,True,44.720797561378674,64.0,64.0,12.618227907971171,15.52126518365937,15.916564046980541,11.409051497184558,8.417831548052263,0.953125,True,,,,,,,,,0.0,False,,,,
PanTS_00007463,mpd,1,False,2.5,0.8632810115814209,689,ok,5,481,2,1,1,5.830951894845301,55.62668804011048,False,36.95944134876823,56.0,56.0,2.6610134524446782,3.3692749881460817,3.97134345707353,1.9044875296264028,2.9655886546005785,0.14285714285714285,True,,,,,,,,,0.0,False,,,,
PanTS_00007468,cbd,1,False,1.5,1.5,581,orient_ambiguous,3,290,0,2,0,0.0,14.949382989376325,True,5.915495523352547,,,,,,,,,,,,,,,,,,,,,,,
PanTS_00007468,mpd,1,False,1.5,1.5,128,orient_ambiguous,1,128,0,0,0,0.0,7.9746914946881615,True,5.526634520571552,,,,,,,,,,,,,,,,,,,,,,,
PanTS_00007472,cbd,1,False,0.800000011920929,0.78125,1178,ok,1,1178,0,0,0,0.0,38.459243911067716,False,29.003431505804702,39.0,39.0,5.260679078601997,6.02985643406764,6.322139043654267,5.17095580616401,3.9302455251198523,0.0,True,,,,,,,,,0.0,False,,,,
PanTS_00007472,mpd,1,False,0.800000011920929,0.78125,19,too_small,2,14,2,0,0,0.0,,,,,,,,,,,,,,,,,,,,,,,,,,
PanTS_00007485,cbd,1,False,1.2000000476837158,0.66796875,6052,ok,1,6052,0,0,0,0.0,52.19056576077756,False,36.990123144007356,53.0,53.0,8.311245079138882,9.933079880076757,10.49095322716592,9.184439512379333,6.30906048333222,0.6037735849056604,True,,,,,,,,,0.0,False,,,,
PanTS_00007485,mpd,1,False,1.2000000476837158,0.66796875,295,orient_ambiguous,1,295,0,0,0,0.0,6.146264369941972,False,2.1558989407498395,,,,,,,,,,,,,,,,,,,,,,,
PanTS_00007494,cbd,1,False,1.0,0.8125,2448,ok,2,2436,1,0,0,0.0,65.11536920270106,False,36.02429241904734,66.0,66.0,5.589543571219975,6.450818520478981,7.0199579015736635,1.9956503865240833,2.729118192879527,0.0,True,,,,,,,,,0.0,False,,,,
PanTS_00007494,mpd,1,False,1.0,0.8125,549,orient_ambiguous,4,351,0,3,0,0.0,34.58432852190888,False,8.698395613770368,,,,,,,,,,,,,,,,,,,,,,,
PanTS_00007501,cbd,1,False,1.0,0.830078125,2094,ok,1,2094,0,0,0,0.0,57.82624025116912,False,44.16512312404126,58.0,58.0,4.8581682294696025,5.991345348050923,6.557264141862089,4.834864685741727,3.335537104972448,0.0,True,,,,,,,,,0.0,False,,,,
PanTS_00007501,mpd,1,False,1.0,0.830078125,30,too_small,2,24,1,0,0,0.0,,,,,,,,,,,,,,,,,,,,,,,,,,
PanTS_00007508,cbd,0,False,1.5000001477375906,1.5000000102495983,0,no_mask,0,0,0,0,0,0.0,,,,,,,,,,,,,,,,,,,,,,,,,,
PanTS_00007508,mpd,0,False,1.5000001477375906,1.5000000102495983,0,no_mask,0,0,0,0,0,0.0,,,,,,,,,,,,,,,,,,,,,,,,,,
PanTS_00007514,cbd,0,False,0.800000011920929,0.625,1810,ok,1,1810,0,0,0,0.0,42.55902001659703,False,13.163457343531963,43.0,43.0,5.686324132503306,6.4404995882264675,6.84819609952672,4.298962921611791,6.0988352319659205,0.0,True,,,,,,,,,0.0,False,,,,
PanTS_00007514,mpd,0,False,0.800000011920929,0.625,63,orient_ambiguous,3,48,2,0,0,0.0,3.8284271247461903,True,2.37242533262701,,,,,,,,,,,,,,,,,,,,,,,
PanTS_00007516,cbd,1,True,1.25,0.7421879768371582,8150,ok,1,8150,0,0,0,0.0,46.19129471863658,False,34.42539128715561,47.0,47.0,12.651503125680355,14.902031021846257,15.48031190434518,6.001558910093682,11.515452086968477,0.8297872340425532,True,1.1976033392543168,8.0,0.17319280718867314,12.0,12.268268139348663,5.348952379354205,2.2935833541351975,38.0,1.0,False,8.0,21.437921106239628,84.88249243005052,-88.18500873691087
PanTS_00007516,mpd,1,False,1.25,0.7421879768371582,56,orient_ambiguous,5,31,4,0,0,0.0,4.464101615137754,True,3.191457484952828,,,,,,,,,,,,,,,,,,,,,,,
PanTS_00007525,cbd,1,False,2.5,0.8066409826278687,3993,ok,1,3993,0,0,0,0.0,61.04430139083557,True,46.468991392181934,62.0,62.0,7.65400334076346,9.488923854560337,9.810744422265845,4.32010124560321,5.194763461540283,0.3225806451612903,True,,,,,,,,,0.0,False,,,,
PanTS_00007525,mpd,1,False,2.5,0.8066409826278687,247,ok,3,192,0,1,1,7.615773105863909,54.56442713738121,False,35.99984998491624,55.0,42.0,1.8748931381484961,2.0,2.1121758225123406,1.9237974792789956,1.342297507834639,0.0,True,,,,,,,,,0.0,False,,,,
PanTS_00007532,cbd,1,False,0.800000011920929,0.68359375,345,orient_ambiguous,1,345,0,0,0,0.0,16.120955864630133,True,3.578994878921687,,,,,,,,,,,,,,,,,,,,,,,
PanTS_00007532,mpd,1,False,0.800000011920929,0.68359375,9,too_small,1,9,1,0,0,0.0,,,,,,,,,,,,,,,,,,,,,,,,,,
PanTS_00007533,cbd,1,False,5.0,0.9375,1187,ok,1,1187,0,0,0,0.0,33.852277714340005,False,24.54549551799898,34.0,34.0,5.15645331654064,5.95231917529073,6.359907543816067,5.099084682209944,3.8686739284711216,0.0,True,,,,,,,,,0.0,False,,,,
PanTS_00007533,mpd,1,False,5.0,0.9375,0,no_mask,0,0,0,0,0,0.0,,,,,,,,,,,,,,,,,,,,,,,,,,
PanTS_00007536,cbd,1,False,1.25,0.7421879768371582,1863,ok,1,1863,0,0,0,0.0,14.120955864630135,False,10.585775090319046,15.0,15.0,6.942603805726396,7.997908812769337,8.082163227649328,6.954784763300525,6.499927203105411,0.06666666666666667,False,,,,,,,,,0.0,False,,,,
PanTS_00007536,mpd,1,False,1.25,0.7421879768371582,622,ok,5,297,0,4,0,0.0,48.16258642497274,True,33.7383433593047,49.0,49.0,1.9363881186526157,2.005931019524938,3.0330783955855516,1.9688596942087493,1.875660252316564,0.0,True,,,,,,,,,0.0,False,,,,
PanTS_00007539,cbd,1,False,2.5,0.880859375,377,orient_ambiguous,4,142,1,2,0,0.0,10.974691494688162,False,8.69304691208746,,,,,,,,,,,,,,,,,,,,,,,
PanTS_00007539,mpd,1,False,2.5,0.880859375,127,orient_ambiguous,3,104,2,0,0,0.0,8.70674230225704,False,7.053065385091495,,,,,,,,,,,,,,,,,,,,,,,
PanTS_00007555,cbd,1,False,2.5,0.9765625,1590,ok,1,1590,0,0,0,0.0,57.82284046281711,False,27.843710621995815,58.0,58.0,4.369255521271224,5.533924448656192,6.916232430356986,1.846940521973461,5.065529339659745,0.0,True,,,,,,,,,0.0,False,,,,
PanTS_00007555,mpd,1,False,2.5,0.9765625,0,no_mask,0,0,0,0,0,0.0,,,,,,,,,,,,,,,,,,,,,,,,,,
PanTS_00007558,cbd,1,False,1.5000000518267866,1.499999956016407,6067,ok,1,6067,0,0,0,0.0,91.8999788935276,True,49.77900523010096,92.0,92.0,6.270830775415688,9.136545302739973,9.723519792321303,7.193401446416418,2.178611662683698,0.31521739130434784,True,,,,,,,,,0.0,False,,,,
PanTS_00007558,mpd,1,False,1.5000000518267866,1.499999956016407,621,orient_ambiguous,3,573,1,1,0,0.0,34.31710828733677,True,12.214417588698431,,,,,,,,,,,,,,,,,,,,,,,
PanTS_00007564,cbd,1,False,2.5,0.7402340173721313,1367,ok,1,1367,0,0,0,0.0,52.947925073658276,True,33.045524485040794,53.0,53.0,4.748334812645286,6.036592582766066,6.836323514652152,4.066022379444306,4.278142583745956,0.0,True,,,,,,,,,0.0,False,,,,
PanTS_00007564,mpd,1,False,2.5,0.7402340173721313,3772,orient_ambiguous,5,1131,1,3,0,0.0,50.777081156263485,True,4.106238744053229,,,,,,,,,,,,,,,,,,,,,,,
PanTS_00007569,cbd,0,False,1.5,1.5,2664,ok,1,2664,0,0,0,0.0,45.633487616814506,True,26.13417156209423,46.0,46.0,6.322024936597808,6.926603132631827,7.241417979880198,6.314715679923065,2.6164045494497055,0.0,True,,,,,,,,,0.0,False,,,,
PanTS_00007569,mpd,0,False,1.5,1.5,116,orient_ambiguous,4,32,0,1,2,7.615773105863909,11.485281374238571,False,9.49982611621914,,,,,,,,,,,,,,,,,,,,,,,
PanTS_00007575,cbd,1,False,2.5,0.9765620231628418,4348,ok,1,4348,0,0,0,0.0,94.7174776953587,True,52.60646328750991,95.0,95.0,5.645451353219848,7.231341309054026,8.154628864557964,4.790690759905787,3.9229221789882702,0.010526315789473684,True,,,,,,,,,0.0,False,,,,
PanTS_00007575,mpd,1,False,2.5,0.9765620231628418,1044,ok,5,560,1,3,0,0.0,43.75177265095165,False,29.277794435101306,44.0,44.0,2.783506647717224,3.8088400118095116,4.061935329771128,3.173792189820197,2.5624799040416937,0.25,True,,,,,,,,,0.0,False,,,,
PanTS_00007577,cbd,1,False,1.25,0.7421879768371582,11596,ok,1,11596,0,0,0,0.0,70.21854509658237,False,34.040184891562134,71.0,71.0,13.109111821330815,13.990660444255942,14.232836043646717,8.614234708621998,7.398896311853378,0.9014084507042254,True,,,,,,,,,0.0,False,,,,
PanTS_00007577,mpd,1,True,1.25,0.7421879768371582,2640,ok,2,2598,0,1,0,0.0,114.06402323421835,True,48.38486421372424,115.0,115.0,3.9442457249932485,5.325310794297593,6.129112331213467,2.693770685661339,3.428587364247076,0.8434782608695652,True,1.1606126576281295,15.0,0.13150509314579492,12.0,4.783051289961797,2.1395666246312572,2.2355234162367483,27.0,1.0,False,15.0,7.75535866333604,95.06076563605934,-296.57946288855806
PanTS_00007578,cbd,1,False,5.0,0.8964840173721313,780,ok,1,780,0,0,0,0.0,23.999271042140986,False,18.154409042511972,24.0,24.0,4.922934768819477,5.7089438026630335,5.950185650852507,4.3830865474189435,4.896376131350658,0.0,True,,,,,,,,,0.0,False,,,,
PanTS_00007578,mpd,1,False,5.0,0.8964840173721313,9,too_small,1,9,1,0,0,0.0,,,,,,,,,,,,,,,,,,,,,,,,,,
PanTS_00007583,cbd,1,False,1.25,0.7949219942092896,27054,ok,2,25632,0,1,0,0.0,110.04211451725854,False,80.87714403245329,111.0,111.0,15.591339689678453,19.548649038193386,20.917181893609875,14.047727353078823,3.1528536293984963,0.8378378378378378,True,,,,,,,,,0.0,False,,,,
PanTS_00007583,mpd,1,False,1.25,0.7949219942092896,4635,ok,2,4547,0,1,0,0.0,133.35509405838425,True,87.40397403791333,134.0,134.0,5.215705132935092,7.3953639159921325,8.50317891754141,8.064777435160899,2.191800292368646,0.7611940298507462,True,,,,,,,,,0.0,False,,,,
PanTS_00007588,cbd,1,False,2.5,0.7480469942092896,6190,ok,1,6190,0,0,0,0.0,105.38526026776614,True,74.28807953042804,106.0,106.0,7.168852647929969,9.089041951428943,9.75863267548231,4.405155916325046,8.078619869883532,0.2830188679245283,True,,,,,,,,,0.0,False,,,,
PanTS_00007588,mpd,1,False,2.5,0.7480469942092896,1051,ok,2,1030,0,1,0,0.0,70.38331839513218,False,37.11135337972553,71.0,71.0,3.4936992351752583,4.108803136294103,4.69364303242424,3.035727610689465,2.535071697558373,0.5915492957746479,True,,,,,,,,,0.0,False,,,,
PanTS_00007594,cbd,1,False,2.5,0.6738280057907104,3438,ok,1,3438,0,0,0,0.0,58.87272851558178,True,29.167910885425723,59.0,59.0,6.56635633979343,8.289194470177321,8.683072480356593,3.9067887756373696,2.0,0.1694915254237288,True,,,,,,,,,0.0,False,,,,
PanTS_00007594,mpd,1,False,2.5,0.6738280057907104,1083,ok,4,933,1,1,0,0.0,69.96497608654803,False,31.238157478431322,70.0,70.0,2.9137718216932003,4.101346337565845,4.56369310738751,4.073366719606307,1.908191214857001,0.44285714285714284,True,,,,,,,,,0.0,False,,,,
PanTS_00007602,cbd,1,False,0.800000011920929,0.78125,147,orient_ambiguous,3,108,1,1,0,0.0,1.0,False,0.0,,,,,,,,,,,,,,,,,,,,,,,
PanTS_00007602,mpd,1,False,0.800000011920929,0.78125,38,orient_ambiguous,1,38,0,0,0,0.0,6.146264369941973,False,4.381487210894033,,,,,,,,,,,,,,,,,,,,,,,
PanTS_00007608,cbd,0,False,5.0,0.865234375,1088,ok,4,646,0,2,1,6.557438524302,39.79935025356228,True,24.340689664080713,40.0,28.0,3.69701293473736,4.976021947492517,5.805734230172766,3.698501977830768,2.2230461690848906,0.0,True,,,,,,,,,0.0,False,,,,
PanTS_00007608,mpd,0,False,5.0,0.865234375,1,too_small,1,1,1,0,0,0.0,,,,,,,,,,,,,,,,,,,,,,,,,,
PanTS_00007615,cbd,1,False,1.0,1.0,1731,ok,2,1689,0,1,0,0.0,44.559020016597024,False,31.434745594461937,45.0,45.0,5.253630024392616,5.841287642040434,6.1529106609208455,2.2306503650668845,5.554547063644109,0.0,True,,,,,,,,,0.0,False,,,,
PanTS_00007615,mpd,1,False,1.0,1.0,907,orient_ambiguous,7,316,2,3,1,5.385164807134504,35.80238966157534,False,21.721127492333046,,,,,,,,,,,,,,,,,,,,,,,
PanTS_00007617,cbd,0,False,0.800000011920929,0.78125,87,orient_ambiguous,3,60,2,0,0,0.0,3.8284271247461903,False,1.5405139183074255,,,,,,,,,,,,,,,,,,,,,,,
PanTS_00007617,mpd,0,False,0.800000011920929,0.78125,69,orient_ambiguous,2,66,1,0,0,0.0,9.560477932315067,True,0.5456034471528426,,,,,,,,,,,,,,,,,,,,,,,
PanTS_00007622,cbd,1,True,2.5,0.9765620231628418,5190,ok,2,4232,0,1,0,0.0,70.0688809382884,True,50.556984615070256,71.0,71.0,7.362282448604831,10.355849813286724,10.831037021636716,4.614056437076958,4.753112960332876,0.36619718309859156,True,1.0574026989106635,11.0,0.1569883784741475,16.0,9.927732751110678,4.770239099712984,2.081181371329586,26.0,1.0,False,11.0,-245.8865446839762,-325.4504983426636,148.00821509539148
PanTS_00007622,mpd,1,False,2.5,0.9765620231628418,501,orient_ambiguous,5,246,2,2,0,0.0,6.974691494688162,True,2.407048276455008,,,,,,,,,,,,,,,,,,,,,,,
PanTS_00007627,cbd,1,False,0.800000011920929,0.703125,1015,ok,1,1015,0,0,0,0.0,28.898765978752653,False,18.235006090055766,29.0,29.0,4.817779154523153,6.3129014895777615,6.935406198959357,3.8905595900094547,4.616581185826626,0.0,True,,,,,,,,,0.0,False,,,,
PanTS_00007627,mpd,1,False,0.800000011920929,0.703125,53,too_small,4,18,4,0,0,0.0,,,,,,,,,,,,,,,,,,,,,,,,,,
PanTS_00007630,cbd,1,False,2.5,0.6367189884185791,7923,ok,1,7923,0,0,0,0.0,84.58214164833181,False,39.47126105231369,85.0,85.0,8.491826815378067,10.737206421928311,11.259112133314785,6.982770383654095,5.886642343311899,0.6235294117647059,True,,,,,,,,,0.0,False,,,,
PanTS_00007630,mpd,1,False,2.5,0.6367189884185791,390,orient_ambiguous,7,128,1,4,0,0.0,14.388905057061258,False,0.5043999070194864,,,,,,,,,,,,,,,,,,,,,,,
PanTS_00007636,cbd,1,False,2.5,0.888671875,656,ok,4,429,1,1,1,4.69041575982343,24.27547323959132,False,17.719269016085672,25.0,14.0,2.7909645972343755,3.054381686405335,3.1748151391986306,2.6970738276535595,2.78686948079486,0.0,True,,,,,,,,,0.0,False,,,,
PanTS_00007636,mpd,1,False,2.5,0.888671875,0,no_mask,0,0,0,0,0,0.0,,,,,,,,,,,,,,,,,,,,,,,,,,
PanTS_00007641,cbd,1,False,2.5,0.7226560115814209,12825,loop_in_skeleton,1,12825,0,0,0,0.0,,,,,,,,,,,,,,,,,,,,,,,,,,
PanTS_00007641,mpd,1,False,2.5,0.7226560115814209,1136,ok,7,1049,4,1,0,0.0,92.21101656201932,False,31.208696821451042,93.0,93.0,2.7183722700785284,3.692263302355189,4.3869471587633475,2.0,2.4187209343344045,0.3118279569892473,True,,,,,,,,,0.0,False,,,,
PanTS_00007643,cbd,1,False,2.5,0.8105469942092896,71,orient_ambiguous,1,71,0,0,0,0.0,7.878315177510849,False,0.2810772279319913,,,,,,,,,,,,,,,,,,,,,,,
PanTS_00007643,mpd,1,False,2.5,0.8105469942092896,41,orient_ambiguous,2,36,1,0,0,0.0,3.8284271247461903,False,2.4079512155162313,,,,,,,,,,,,,,,,,,,,,,,
PanTS_00007651,cbd,1,False,5.0,0.6445310115814209,285,ok,1,285,0,0,0,0.0,23.631545744180546,True,10.04013332685626,24.0,24.0,2.443236321558383,4.234746960799814,4.947023428486019,1.9732406337328519,3.8431436245319537,0.0,True,,,,,,,,,0.0,False,,,,
PanTS_00007651,mpd,1,False,5.0,0.6445310115814209,616,ok,9,172,4,3,1,5.196152422706632,31.170114959535784,False,11.44472305049503,32.0,21.0,1.932212073792781,2.7623602636020217,3.5910724272848027,1.7298853883406267,2.057524095784383,0.047619047619047616,True,,,,,,,,,0.0,False,,,,
PanTS_00007660,cbd,1,False,1.25,0.7421879768371582,650,ok,3,617,1,1,0,0.0,20.43879310982592,False,14.818132667871794,21.0,21.0,3.794378286678288,4.832573077618765,5.476364648507321,3.7037669110539806,4.192698241517233,0.0,False,,,,,,,,,0.0,False,,,,
PanTS_00007660,mpd,1,False,1.25,0.7421879768371582,181,orient_ambiguous,2,142,0,1,0,0.0,11.974691494688162,True,7.9553891168453035,,,,,,,,,,,,,,,,,,,,,,,
PanTS_00007661,cbd,1,False,2.5,0.91015625,989,ok,4,607,0,3,0,0.0,36.92334552620547,False,17.891685046697695,37.0,37.0,3.077794433070012,4.2754840739166236,4.957939778057801,1.5174709351728874,3.4392404290996312,0.0,True,,,,,,,,,0.0,False,,,,
PanTS_00007661,mpd,1,False,2.5,0.91015625,0,no_mask,0,0,0,0,0,0.0,,,,,,,,,,,,,,,,,,,,,,,,,,
PanTS_00007666,cbd,0,False,1.5,1.5,1677,orient_ambiguous,1,1677,0,0,0,0.0,38.65879612212636,True,5.116729941116276,,,,,,,,,,,,,,,,,,,,,,,
PanTS_00007666,mpd,0,False,1.5,1.5,71,too_small,5,27,4,0,0,0.0,,,,,,,,,,,,,,,,,,,,,,,,,,
PanTS_00007668,cbd,1,False,1.25,0.8710939884185791,3799,orient_ambiguous,1,3799,0,0,0,0.0,14.342416792648605,True,7.507974681564367,,,,,,,,,,,,,,,,,,,,,,,
PanTS_00007668,mpd,1,False,1.25,0.8710939884185791,294,orient_ambiguous,2,248,0,1,0,0.0,4.414213562373095,True,2.597291321341011,,,,,,,,,,,,,,,,,,,,,,,
PanTS_00007679,cbd,0,False,1.25,0.787109375,287,no_regions,1,287,0,0,0,0.0,3.8284271247461903,,,,,,,,,,,,,,,,,,,,,,,,,
PanTS_00007679,mpd,0,False,1.25,0.787109375,0,no_mask,0,0,0,0,0,0.0,,,,,,,,,,,,,,,,,,,,,,,,,,
PanTS_00007690,cbd,1,False,2.5,0.6738280057907104,1048,ok,1,1048,0,0,0,0.0,66.14067770801289,True,31.990307898236477,67.0,67.0,3.636943469313129,4.402351040404906,5.042364985034191,3.6721146103428115,4.194328273179108,0.0,True,,,,,,,,,0.0,False,,,,
PanTS_00007690,mpd,1,True,2.5,0.6738280057907104,4568,ok,1,4568,0,0,0,0.0,132.3770027753441,False,74.34875345280311,133.0,133.0,4.942788652395673,7.170385078206326,8.964989135771013,7.585573401421662,3.358000795390247,0.9022556390977443,True,1.3127849338369215,85.0,0.6421054882489883,8.0,4.9684124182465315,2.0,2.4842062091232657,39.0,1.0,False,47.377002775344096,-219.73452157588616,-205.44005727008803,123.31380382390802
PanTS_00007691,cbd,1,False,3.75,0.9765620231628418,3755,orient_ambiguous,4,2843,1,2,0,0.0,32.38817609920225,False,9.897169328610616,,,,,,,,,,,,,,,,,,,,,,,
PanTS_00007691,mpd,1,False,3.75,0.9765620231628418,12,too_small,1,12,1,0,0,0.0,,,,,,,,,,,,,,,,,,,,,,,,,,
PanTS_00007702,cbd,1,True,5.0,0.703125,5638,ok,1,5638,0,0,0,0.0,76.21514530823038,True,29.143734486979284,77.0,77.0,7.649106406285392,10.15866337283758,11.053817117319548,1.892436234647791,7.4373986155938425,0.44155844155844154,True,1.9821788745929552,20.0,0.2624150346904899,16.0,10.169314760790533,2.5739279852241923,3.9508932725267263,31.0,1.0,False,20.0,-159.47525677210373,-192.56057824495718,99.93154629316719
PanTS_00007702,mpd,1,False,5.0,0.703125,44,orient_ambiguous,2,29,1,0,0,0.0,7.414213562373095,False,2.4853417152383237,,,,,,,,,,,,,,,,,,,,,,,
PanTS_00007713,cbd,1,False,2.5,0.6445310115814209,1541,ok,1,1541,0,0,0,0.0,54.97250462111109,True,44.68455775512609,55.0,55.0,5.296374388651696,5.765383518642505,6.14421013724282,3.4882730229041723,5.157939411931984,0.0,True,,,,,,,,,0.0,False,,,,
PanTS_00007713,mpd,1,True,2.5,0.6445310115814209,4063,ok,2,4048,1,0,0,0.0,115.55270439680892,False,50.54791884565723,116.0,116.0,5.40427226241871,6.256910221000691,6.964415500167096,4.888449185217317,3.150273100962071,0.896551724137931,True,1.6602039957053965,5.0,0.04327029839846898,8.0,6.143125115052792,1.9436504307387052,3.160612123404326,85.0,1.0,False,5.0,-156.88839584429323,-161.42741853770895,116.2082717025776
PanTS_00007716,cbd,0,False,1.0,1.0,2649,ok,2,2643,1,0,0,0.0,90.77562324054543,False,61.896141799575396,91.0,91.0,5.1613189366724805,5.943563181272273,6.41416087261505,3.7678215404320277,4.699590960549581,0.0,True,,,,,,,,,0.0,False,,,,
PanTS_00007716,mpd,0,False,1.0,1.0,102,orient_ambiguous,5,78,4,0,0,0.0,11.7566303550217,False,8.490319661889806,,,,,,,,,,,,,,,,,,,,,,,
PanTS_00007724,cbd,0,False,3.0,0.81640625,1192,no_regions,2,984,0,1,0,0.0,31.898765978752657,,,,,,,,,,,,,,,,,,,,,,,,,
PanTS_00007724,mpd,0,False,3.0,0.81640625,540,no_regions,6,277,3,1,1,4.123105625617661,42.26236253050207,,,,,,,,,,,,,,,,,,,,,,,,,
PanTS_00007728,cbd,1,False,1.9999998807907104,0.67578125,697,orient_ambiguous,2,385,0,1,0,0.0,14.488681162590575,False,6.231373045698746,,,,,,,,,,,,,,,,,,,,,,,
PanTS_00007728,mpd,1,False,1.9999998807907104,0.67578125,383,ok,4,228,1,1,1,7.54983443527075,47.4697801731242,True,23.743098328802354,48.0,34.0,2.0,2.974786411033871,3.8752472647496896,2.8263229963489724,2.0,0.058823529411764705,True,,,,,,,,,0.0,False,,,,
PanTS_00007735,cbd,1,False,1.5,1.5,0,no_mask,0,0,0,0,0,0.0,,,,,,,,,,,,,,,,,,,,,,,,,,
PanTS_00007735,mpd,1,False,1.5,1.5,131,no_regions,3,56,0,1,1,6.48074069840786,8.894954260780956,,,,,,,,,,,,,,,,,,,,,,,,,
PanTS_00007742,cbd,0,False,1.25,0.7636719942092896,767,ok,3,738,1,0,1,7.0710678118654755,63.77635219840447,False,32.39493861276248,64.0,53.0,3.4328600845332713,4.748118364474166,5.562079883686415,1.7916885529526696,,0.0,True,,,,,,,,,0.0,False,,,,
PanTS_00007742,mpd,0,False,1.25,0.7636719942092896,138,orient_ambiguous,4,69,2,1,0,0.0,5.242640687119286,False,4.315940693531715,,,,,,,,,,,,,,,,,,,,,,,
PanTS_00007757,cbd,1,False,1.5,1.5,1717,ok,1,1717,0,0,0,0.0,36.484552416379564,True,28.108737255465726,37.0,37.0,6.460605411075531,7.0744367831315005,7.670643159769728,6.04694287189294,5.815735942484364,0.0,True,,,,,,,,,0.0,False,,,,
PanTS_00007757,mpd,1,False,1.5,1.5,1073,ok,3,1061,2,0,0,0.0,31.21660322394844,False,20.94011546411681,32.0,32.0,4.382594522638415,5.04620062278828,5.348782704864396,3.883078961650933,4.828400615307924,0.9375,True,,,,,,,,,0.0,False,,,,
PanTS_00007760,cbd,0,False,1.5,1.5,0,no_mask,0,0,0,0,0,0.0,,,,,,,,,,,,,,,,,,,,,,,,,,
PanTS_00007760,mpd,0,False,1.5,1.5,0,no_mask,0,0,0,0,0,0.0,,,,,,,,,,,,,,,,,,,,,,,,,,
PanTS_00007765,cbd,1,False,2.5,0.7910159826278687,14863,ok,1,14863,0,0,0,0.0,64.16865704381772,True,43.957380170913154,65.0,65.0,12.083419504350669,14.88377215503464,15.343829720193643,11.255454468330015,12.089926435565197,1.0,True,,,,,,,,,0.0,False,,,,
PanTS_00007765,mpd,1,False,2.5,0.7910159826278687,916,ok,5,572,1,3,0,0.0,34.58432852190888,False,27.710167188459682,35.0,35.0,3.594274845615142,4.073331547466823,4.30191131658841,3.4671554188785683,3.5902555622796655,0.8571428571428571,True,,,,,,,,,0.0,False,,,,
PanTS_00007768,cbd,0,False,2.5,0.923828125,1310,ok,3,965,0,2,0,0.0,33.12022690677112,False,27.903451212642224,34.0,34.0,4.62809003854135,5.665530716851771,5.871350864169993,5.461003538019113,2.1071793997817347,0.0,True,,,,,,,,,0.0,False,,,,
PanTS_00007768,mpd,0,False,2.5,0.923828125,22,too_small,1,22,0,0,0,0.0,,,,,,,,,,,,,,,,,,,,,,,,,,
PanTS_00007779,cbd,1,False,1.0,1.0,4458,ok,2,4374,0,0,1,6.708203932499369,98.23705773971447,False,39.95683057016408,99.0,86.0,6.5723056634712975,7.881815467749041,8.488662522731627,2.1428020968231767,5.22794183575179,0.03488372093023256,True,,,,,,,,,0.0,False,,,,
PanTS_00007779,mpd,1,False,1.0,1.0,819,ok,3,564,0,2,0,0.0,72.9936843802119,True,50.89725910060287,73.0,73.0,2.35244425489365,3.4283402158269265,3.6631043128209773,2.017084808193931,3.1189077663646003,0.136986301369863,True,,,,,,,,,0.0,False,,,,
PanTS_00007786,cbd,1,False,2.5,0.9082030057907104,1444,ok,1,1444,0,0,0,0.0,46.898037020893625,True,38.93949485104267,47.0,47.0,4.195423985983216,5.838225693520005,6.104421500763806,3.6154008441934047,4.928915299313605,0.0,True,,,,,,,,,0.0,False,,,,
PanTS_00007786,mpd,1,False,2.5,0.9082030057907104,1385,ok,2,1156,0,1,0,0.0,84.67511817715712,False,63.13299154299847,85.0,85.0,2.8806699849500115,4.135256548084819,5.067036829519791,4.075259928503374,3.30448093561165,0.4470588235294118,True,,,,,,,,,0.0,False,,,,
PanTS_00007792,cbd,1,False,1.5,1.5,1004,ok,1,1004,0,0,0,0.0,23.413484604514085,True,16.534735018732515,24.0,24.0,5.178660276193144,6.7564332830088905,6.918148384050841,4.926400248220913,4.345021573760656,0.0,True,,,,,,,,,0.0,False,,,,
PanTS_00007792,mpd,1,False,1.5,1.5,134,orient_ambiguous,2,126,1,0,0,0.0,18.045759306553638,True,11.146596536261544,,,,,,,,,,,,,,,,,,,,,,,
PanTS_00007802,cbd,1,True,2.5,0.7382810115814209,4681,ok,2,4622,0,1,0,0.0,83.31152162540768,True,16.572705962562612,84.0,84.0,7.404597960738265,10.239251729440612,11.065414513543322,7.7557962689119915,2.2428450569041067,0.36904761904761907,True,1.0271211074164537,41.0,0.4921288100383963,16.0,9.69891738699075,4.759145665004727,2.0379534625950804,31.0,1.0,False,41.0,-180.08394328549872,-248.23026851130078,94.99684782369299
PanTS_00007802,mpd,1,False,2.5,0.7382810115814209,7796,ok,3,7758,1,1,0,0.0,205.7637209588285,False,105.17013428943308,206.0,206.0,5.113030342153835,8.062644746472893,8.886929685808791,3.6897583060601447,1.8667737296334825,0.8640776699029126,True,,,,,,,,,0.0,False,,,,
PanTS_00007831,cbd,1,False,0.87890625,0.800000011920929,0,no_mask,0,0,0,0,0,0.0,,,,,,,,,,,,,,,,,,,,,,,,,,
PanTS_00007831,mpd,1,False,0.87890625,0.800000011920929,0,no_mask,0,0,0,0,0,0.0,,,,,,,,,,,,,,,,,,,,,,,,,,
PanTS_00007846,cbd,1,False,2.5,0.6054689884185791,1295,orient_ambiguous,6,616,2,2,1,4.358898943540674,24.241911729260273,False,0.6950996197900459,,,,,,,,,,,,,,,,,,,,,,,
PanTS_00007846,mpd,1,False,2.5,0.6054689884185791,1120,ok,6,897,2,2,0,0.0,64.72573518778077,False,35.9162250103215,65.0,65.0,2.878925794708013,3.83459214149076,4.288030584258013,3.1537018393127942,2.675820181417924,0.4,True,,,,,,,,,0.0,False,,,,
PanTS_00007851,cbd,1,False,2.5,0.7324219942092896,2480,ok,1,2480,0,0,0,0.0,57.45511516485667,True,41.67145544137276,58.0,58.0,6.150606865241201,7.893854106670953,8.422661904737371,6.1602340593662195,3.998458453626263,0.05172413793103448,True,,,,,,,,,0.0,False,,,,
PanTS_00007851,mpd,1,False,2.5,0.7324219942092896,1217,ok,6,671,2,3,0,0.0,57.115369202701046,False,40.75060203043134,58.0,58.0,2.525057102023404,3.548394307653259,3.9533023461666934,3.157905573263673,2.414371954394092,0.20689655172413793,True,,,,,,,,,0.0,False,,,,
PanTS_00007858,cbd,1,False,2.5,0.8828120231628418,1352,ok,3,1299,1,1,0,0.0,79.45778599534965,True,48.92421739975466,80.0,80.0,3.3679153955603107,4.437587668229505,5.474575852600829,2.5903047405529107,4.105821487695384,0.0,True,,,,,,,,,0.0,False,,,,
PanTS_00007858,mpd,1,False,2.5,0.8828120231628418,143,ok,2,117,0,1,0,0.0,19.04575930655364,False,12.332678714680256,20.0,20.0,2.0,3.1555283989078804,3.5746003376242568,2.5454733543707873,1.9724090853293794,0.1,False,,,,,,,,,0.0,False,,,,
PanTS_00007862,cbd,1,False,0.800000011920929,0.7421875,433,orient_ambiguous,2,405,0,0,0,0.0,23.46337265727874,True,8.997135522816443,,,,,,,,,,,,,,,,,,,,,,,
PanTS_00007862,mpd,1,False,0.800000011920929,0.7421875,0,no_mask,0,0,0,0,0,0.0,,,,,,,,,,,,,,,,,,,,,,,,,,
PanTS_00007863,cbd,1,False,0.8203120231628418,0.7999999523162842,0,no_mask,0,0,0,0,0,0.0,,,,,,,,,,,,,,,,,,,,,,,,,,
PanTS_00007863,mpd,1,False,0.8203120231628418,0.7999999523162842,0,no_mask,0,0,0,0,0,0.0,,,,,,,,,,,,,,,,,,,,,,,,,,
PanTS_00007868,cbd,1,False,0.8984375,0.800000011920929,829,ok,1,829,0,0,0,0.0,27.70601334439803,False,17.606631061459577,28.0,28.0,4.317739716354925,5.390806112382281,5.751391836557943,4.293468696178032,4.165730612134953,0.0,True,,,,,,,,,0.0,False,,,,
PanTS_00007868,mpd,1,False,0.8984375,0.800000011920929,6,too_small,1,6,1,0,0,0.0,,,,,,,,,,,,,,,,,,,,,,,,,,
PanTS_00007869,cbd,0,False,3.0,0.7382810115814209,672,orient_ambiguous,2,665,1,0,0,0.0,22.535169427003233,True,5.430373987886425,,,,,,,,,,,,,,,,,,,,,,,
PanTS_00007869,mpd,0,False,3.0,0.7382810115814209,54,orient_ambiguous,4,25,2,1,0,0.0,1.0,False,0.0,,,,,,,,,,,,,,,,,,,,,,,
PanTS_00007890,cbd,1,False,2.5,0.75,12721,ok,1,12721,0,0,0,0.0,81.06815198042939,True,59.86122805088321,82.0,82.0,12.045038852687526,14.226319573258815,14.4593699302379,10.514898062374664,3.020420393315855,0.8292682926829268,True,,,,,,,,,0.0,False,,,,
PanTS_00007890,mpd,1,False,2.5,0.75,388,ok,1,388,0,0,0,0.0,40.38404735299122,False,32.955308133820886,41.0,41.0,2.1104082750455473,3.1714463573535077,3.837841649614205,2.495980250442967,2.0,0.07317073170731707,True,,,,,,,,,0.0,False,,,,
PanTS_00007904,cbd,0,False,1.0,1.0,1740,ok,1,1740,0,0,0,0.0,42.31637932947775,False,12.140117912687856,43.0,43.0,5.031962514267102,5.995638697081714,6.068948979943473,5.700387836320649,3.653745650352391,0.0,True,,,,,,,,,0.0,False,,,,
PanTS_00007904,mpd,0,False,1.0,1.0,30,orient_ambiguous,1,30,0,0,0,0.0,1.0,False,0.0,,,,,,,,,,,,,,,,,,,,,,,
PanTS_00007905,cbd,1,False,5.0,0.7226560115814209,2939,ok,1,2939,0,0,0,0.0,85.41129773093702,True,39.487208579450076,86.0,86.0,4.439576755477866,6.9630187987313255,8.60775392599786,3.630101097293431,2.858671668131904,0.011627906976744186,True,,,,,,,,,0.0,False,,,,
PanTS_00007905,mpd,1,False,5.0,0.7226560115814209,1255,ok,6,811,1,3,0,0.0,58.82624025116912,False,15.769952069904924,59.0,59.0,2.6107039703706265,4.024830129714807,4.459139478801454,2.0527639230526997,3.8866344921512512,0.3728813559322034,True,,,,,,,,,0.0,False,,,,
PanTS_00007921,cbd,1,False,5.0,0.5833333134651184,2350,ok,5,2197,2,2,0,0.0,89.38671818348418,False,20.079354063877766,90.0,90.0,4.209349712932004,5.609195151955969,6.316872503671496,2.263061993561786,4.020240969930748,0.0,True,,,,,,,,,0.0,False,,,,
PanTS_00007921,mpd,1,False,5.0,0.5833333134651184,0,no_mask,0,0,0,0,0,0.0,,,,,,,,,,,,,,,,,,,,,,,,,,
PanTS_00007931,cbd,0,False,1.0,0.7265625,1620,no_regions,1,1620,0,0,0,0.0,62.77635219840446,,,,,,,,,,,,,,,,,,,,,,,,,
PanTS_00007931,mpd,0,False,1.0,0.7265625,537,no_regions,6,366,2,2,1,7.54983443527075,61.130034210968596,,,,,,,,,,,,,,,,,,,,,,,,,
PanTS_00007938,cbd,1,False,2.5,0.7363280057907104,9128,ok,2,8901,0,1,0,0.0,74.57947081783881,True,35.317996521530816,75.0,75.0,9.126480860220425,11.743115350401789,13.166847837071568,7.64771697391812,3.842555629807582,0.6666666666666666,True,,,,,,,,,0.0,False,,,,
PanTS_00007938,mpd,1,False,2.5,0.7363280057907104,3231,ok,2,3200,0,0,1,5.477225575051661,106.54124880927002,False,45.430720830891744,107.0,97.0,4.1531290128020375,7.463184251160304,8.10988002692765,7.060638416866151,,0.7731958762886598,True,,,,,,,,,0.0,False,,,,
PanTS_00007946,cbd,1,False,0.884765625,0.699999988079071,124,orient_ambiguous,3,114,2,0,0,0.0,1.0,False,0.0,,,,,,,,,,,,,,,,,,,,,,,
PanTS_00007946,mpd,1,False,0.884765625,0.699999988079071,96,orient_ambiguous,3,78,2,0,0,0.0,11.974691494688162,True,5.898640966209204,,,,,,,,,,,,,,,,,,,,,,,
PanTS_00007960,cbd,1,True,1.25,0.7421879768371582,11512,ok,2,11471,0,1,0,0.0,62.215874266089386,False,42.54039191985475,63.0,63.0,12.801659986570817,17.441825493881105,18.01743354037564,5.212002534735829,10.518316003991455,0.8412698412698413,True,1.1434820744349705,8.0,0.1285845468599383,12.0,9.93439237205474,4.496958763115888,2.2091357504846942,54.0,1.0,False,8.0,30.57015939249854,85.5342281549774,-106.80934904100057
PanTS_00007960,mpd,1,False,1.25,0.7421879768371582,561,orient_ambiguous,4,363,2,1,0,0.0,46.53371151128519,False,13.482431976859637,,,,,,,,,,,,,,,,,,,,,,,
PanTS_00007974,cbd,0,False,1.5,1.5,0,no_mask,0,0,0,0,0,0.0,,,,,,,,,,,,,,,,,,,,,,,,,,
PanTS_00007974,mpd,0,False,1.5,1.5,48,orient_ambiguous,1,48,0,0,0,0.0,2.8284271247461903,True,1.8954890111757958,,,,,,,,,,,,,,,,,,,,,,,
PanTS_00007981,cbd,0,False,5.0,0.9765625,1678,no_regions,3,1526,0,2,0,0.0,54.85154875648096,,,,,,,,,,,,,,,,,,,,,,,,,
PanTS_00007981,mpd,0,False,5.0,0.9765625,0,no_mask,0,0,0,0,0,0.0,,,,,,,,,,,,,,,,,,,,,,,,,,
PanTS_00007989,cbd,1,False,2.5,0.826171875,4132,ok,1,4132,0,0,0,0.0,59.87272851558177,True,22.610960770085068,60.0,60.0,7.234628565817792,9.838095306058134,10.456417185356134,4.1566166411646375,9.862934618645891,0.3333333333333333,True,,,,,,,,,0.0,False,,,,
PanTS_00007989,mpd,1,False,2.5,0.826171875,138,orient_ambiguous,1,138,0,0,0,0.0,22.559748974456053,False,13.30172570443538,,,,,,,,,,,,,,,,,,,,,,,
PanTS_00007995,cbd,1,False,1.0,0.953125,1050,ok,3,978,0,0,2,7.681145747868608,72.09317243666463,True,34.5481201204029,73.0,49.0,3.5218589981988666,4.229502141240695,5.418306339806337,,2.752557223203608,0.0,True,,,,,,,,,0.0,False,,,,
PanTS_00007995,mpd,1,False,1.0,0.953125,0,no_mask,0,0,0,0,0,0.0,,,,,,,,,,,,,,,,,,,,,,,,,,
PanTS_00007997,cbd,1,False,5.0,0.90625,5380,ok,1,5380,0,0,0,0.0,60.34095887693055,False,33.656050795114936,61.0,61.0,7.069059687749787,9.397120111585522,10.416492602333909,6.010236894331108,7.931654382114608,0.29508196721311475,True,,,,,,,,,0.0,False,,,,
PanTS_00007997,mpd,1,False,5.0,0.90625,0,no_mask,0,0,0,0,0,0.0,,,,,,,,,,,,,,,,,,,,,,,,,,
PanTS_00008001,cbd,1,False,5.0,0.83984375,1522,ok,1,1522,0,0,0,0.0,96.65126758756328,False,56.26067915233709,97.0,97.0,3.7153266900347037,4.616634355254079,5.436995888779395,3.5690416573863994,4.3209842312868965,0.0,True,,,,,,,,,0.0,False,,,,
PanTS_00008001,mpd,1,False,5.0,0.83984375,3075,ok,6,2352,3,2,0,0.0,56.36213863603137,False,41.52956680855821,57.0,57.0,5.700487719007067,6.499403257714635,6.793483521634034,5.799171117989899,6.6376015085034545,0.9824561403508771,True,,,,,,,,,0.0,False,,,,
PanTS_00008010,cbd,1,False,5.0,0.7890620231628418,2145,ok,1,2145,0,0,0,0.0,64.70528438653898,True,31.549426126978233,65.0,65.0,5.509731464882028,6.294891457083258,6.699006656185738,2.1563067627470103,6.26508701406099,0.0,True,,,,,,,,,0.0,False,,,,
PanTS_00008010,mpd,1,False,5.0,0.7890620231628418,205,orient_ambiguous,4,71,1,2,0,0.0,8.146264369941973,False,2.2234924954903015,,,,,,,,,,,,,,,,,,,,,,,
PanTS_00008020,cbd,0,False,1.0,0.9765625,1029,ok,1,1029,0,0,0,0.0,59.772952410052454,False,46.86618490872951,60.0,60.0,3.542262636500984,3.9666751258172943,4.340582197814538,3.166179161149109,3.8190664774078327,0.0,True,,,,,,,,,0.0,False,,,,
PanTS_00008020,mpd,0,False,1.0,0.9765625,30,too_small,2,18,2,0,0,0.0,,,,,,,,,,,,,,,,,,,,,,,,,,
PanTS_00008024,cbd,0,False,5.0,0.859375,1352,no_regions,2,1294,0,1,0,0.0,45.26649127671308,,,,,,,,,,,,,,,,,,,,,,,,,
PanTS_00008024,mpd,0,False,5.0,0.859375,80,no_regions,1,80,0,0,0,0.0,11.974691494688164,,,,,,,,,,,,,,,,,,,,,,,,,
PanTS_00008045,cbd,1,False,1.0,0.69921875,900,ok,1,900,0,0,0,0.0,30.388176099202248,True,20.71716865741952,31.0,31.0,3.496500729315194,4.40028788755667,5.826584701774859,3.064590744912377,4.252109238048784,0.0,True,,,,,,,,,0.0,False,,,,
PanTS_00008045,mpd,1,False,1.0,0.69921875,18,too_small,1,18,1,0,0,0.0,,,,,,,,,,,,,,,,,,,,,,,,,,
PanTS_00008048,cbd,1,False,0.800000011920929,0.576171875,0,no_mask,0,0,0,0,0,0.0,,,,,,,,,,,,,,,,,,,,,,,,,,
PanTS_00008048,mpd,1,False,0.800000011920929,0.576171875,0,no_mask,0,0,0,0,0,0.0,,,,,,,,,,,,,,,,,,,,,,,,,,
PanTS_00008055,cbd,0,False,0.800000011920929,0.7441409826278687,586,ok,2,511,0,1,0,0.0,27.72792206135786,False,15.589417566802073,28.0,28.0,3.2986474851836034,5.422786517747842,5.702627240609777,3.1693027951097155,2.0,0.0,True,,,,,,,,,0.0,False,,,,
PanTS_00008055,mpd,0,False,0.800000011920929,0.7441409826278687,2,too_small,1,2,1,0,0,0.0,,,,,,,,,,,,,,,,,,,,,,,,,,
PanTS_00008059,cbd,1,False,0.744140625,0.699999988079071,18636,ok,1,18636,0,0,0,0.0,58.75517243930365,False,28.714985889747073,59.0,59.0,16.70570494614976,18.443803033144455,19.03775128017738,12.29325634190403,11.85438485397456,1.0,True,,,,,,,,,0.0,False,,,,
PanTS_00008059,mpd,1,False,0.744140625,0.699999988079071,16,too_small,3,8,3,0,0,0.0,,,,,,,,,,,,,,,,,,,,,,,,,,
PanTS_00008060,cbd,0,False,7.5,0.7851560115814209,3722,loop_in_skeleton,3,2920,0,0,0,0.0,,,,,,,,,,,,,,,,,,,,,,,,,,
PanTS_00008060,mpd,0,False,7.5,0.7851560115814209,96,too_small,1,96,0,0,0,0.0,,,,,,,,,,,,,,,,,,,,,,,,,,
PanTS_00008063,cbd,1,False,2.5,0.796875,1719,ok,1,1719,0,0,0,0.0,54.433935405755854,False,32.54576860924884,55.0,55.0,5.577092850574858,6.607475871270045,7.013782421349008,2.7108002672561273,5.727403460428016,0.0,True,,,,,,,,,0.0,False,,,,
PanTS_00008063,mpd,1,False,2.5,0.796875,83,ok,2,63,0,0,1,5.744562646538029,20.987203333657316,True,10.388220103704215,21.0,10.0,1.9509299689202788,2.0,2.0,1.9509299689202788,,0.0,False,,,,,,,,,0.0,False,,,,
PanTS_00008072,cbd,1,False,1.5,1.5,2799,ok,4,1469,0,3,0,0.0,32.070338854006465,True,23.044977634206035,33.0,33.0,6.354275152681484,7.095783642467806,7.697742666867149,6.674338398440594,3.7167587215148856,0.0,True,,,,,,,,,0.0,False,,,,
PanTS_00008072,mpd,1,False,1.5,1.5,12,too_small,1,12,1,0,0,0.0,,,,,,,,,,,,,,,,,,,,,,,,,,
PanTS_00008073,cbd,1,False,2.5,0.7617189884185791,371,orient_ambiguous,2,352,1,0,0,0.0,14.388905057061258,True,2.544660360589713,,,,,,,,,,,,,,,,,,,,,,,
PanTS_00008073,mpd,1,False,2.5,0.7617189884185791,69,orient_ambiguous,3,44,2,0,0,0.0,14.024579547452822,True,7.204077771530184,,,,,,,,,,,,,,,,,,,,,,,
PanTS_00008086,cbd,1,True,2.5,0.734375,10120,ok,4,9941,2,1,0,0.0,67.87612830393377,True,46.372640906120004,68.0,68.0,12.234217861916648,14.033044583800436,15.196967031484629,5.937843244848388,3.9908821248751103,0.7352941176470589,True,2.3406741954172756,5.0,0.07366360051668157,8.0,11.781651133450223,2.32591058858495,5.065392965349544,50.0,1.0,False,5.0,-169.19945327835185,-176.73508102301452,81.26117861710135
PanTS_00008086,mpd,1,False,2.5,0.734375,309,ok,1,309,0,0,0,0.0,34.362867593890414,False,25.469906253182604,35.0,35.0,2.323556829680872,2.9937074370770116,3.664867018696022,2.528013460488963,2.3383368117396026,0.05714285714285714,True,,,,,,,,,0.0,False,,,,
PanTS_00008090,cbd,0,False,1.0,0.8203125,1390,ok,1,1390,0,0,0,0.0,67.16938600167676,True,16.44982611965617,68.0,68.0,3.419012851604592,5.751292030914773,6.2862556110039485,2.0,5.0505764132246265,0.0,True,,,,,,,,,0.0,False,,,,
PanTS_00008090,mpd,0,False,1.0,0.8203125,543,orient_ambiguous,3,528,2,0,0,0.0,64.30812183705568,False,5.244747103669688,,,,,,,,,,,,,,,,,,,,,,,
PanTS_00008091,cbd,1,False,1.0,1.0,3892,loop_in_skeleton,1,3892,0,0,0,0.0,,,,,,,,,,,,,,,,,,,,,,,,,,
PanTS_00008091,mpd,1,False,1.0,1.0,783,ok,6,639,3,2,0,0.0,43.33755908857856,True,31.71232482941536,44.0,44.0,3.0835915642797724,4.1780714437398006,4.483469140125722,4.119342841225784,2.030653486900455,0.5,True,,,,,,,,,0.0,False,,,,
PanTS_00008101,cbd,0,False,1.25,0.8222659826278687,5448,ok,3,5436,2,0,0,0.0,78.9218876104874,False,14.537765575311457,79.0,79.0,5.518577017473595,8.027192508797425,8.61141693688168,6.651271123499624,1.9248656448710846,0.08860759493670886,True,,,,,,,,,0.0,False,,,,
PanTS_00008101,mpd,0,False,1.25,0.8222659826278687,105,ok,4,48,1,0,2,5.0990195135927845,17.755873763085166,True,14.242840708070911,18.0,2.0,1.8027842628480641,2.158463828577755,2.247383720010178,1.8027842628480641,,0.0,False,,,,,,,,,0.0,False,,,,
PanTS_00008123,cbd,1,False,2.5,0.9765620231628418,5460,ok,3,5172,1,1,0,0.0,55.82284046281711,True,41.99863764520376,56.0,56.0,7.9134157194238135,11.49267157625232,11.967487966665134,10.249466195125358,5.11018774611658,0.4642857142857143,True,,,,,,,,,0.0,False,,,,
PanTS_00008123,mpd,1,False,2.5,0.9765620231628418,589,ok,4,425,0,1,2,7.280109889280518,56.41704734736667,False,42.607225866014815,57.0,34.0,2.989267517156106,3.720594186204212,3.9304505734170085,2.989267517156106,1.9988275669562738,0.4117647058823529,True,,,,,,,,,0.0,False,,,,
PanTS_00008131,cbd,1,False,5.0,0.7832030057907104,956,orient_ambiguous,3,918,1,1,0,0.0,8.242640687119284,True,2.9691185392233947,,,,,,,,,,,,,,,,,,,,,,,
PanTS_00008131,mpd,1,False,5.0,0.7832030057907104,0,no_mask,0,0,0,0,0,0.0,,,,,,,,,,,,,,,,,,,,,,,,,,
PanTS_00008132,cbd,1,False,5.0,0.681640625,1384,ok,1,1384,0,0,0,0.0,33.948654031517314,True,21.68454689474964,34.0,34.0,5.046483269211018,6.2469047386295005,6.808891295432718,6.1744125131256915,4.170686598693675,0.0,True,,,,,,,,,0.0,False,,,,
PanTS_00008132,mpd,1,False,5.0,0.681640625,0,no_mask,0,0,0,0,0,0.0,,,,,,,,,,,,,,,,,,,,,,,,,,
PanTS_00008162,cbd,0,False,2.5,0.7363280057907104,2657,ok,1,2657,0,0,0,0.0,91.67584713501611,True,37.33758708668233,92.0,92.0,4.305701583571706,6.110624271992207,7.055460933487128,2.7920181141538136,6.458741161164906,0.0,True,,,,,,,,,0.0,False,,,,
PanTS_00008162,mpd,0,False,2.5,0.7363280057907104,135,orient_ambiguous,2,91,0,1,0,0.0,12.560477932315067,True,9.317234137640527,,,,,,,,,,,,,,,,,,,,,,,
PanTS_00008180,cbd,1,False,3.0,0.9316409826278687,916,ok,3,672,0,2,0,0.0,36.73059289185085,True,26.288611983046792,37.0,37.0,3.820722951903115,4.778226134780514,5.307140977262829,4.485226220873344,3.547168799098259,0.0,True,,,,,,,,,0.0,False,,,,
PanTS_00008180,mpd,1,False,3.0,0.9316409826278687,362,ok,3,192,0,1,1,5.0,38.534440469144215,False,29.124360431793672,39.0,28.0,1.946184344066662,2.679981763874877,3.09416260998508,1.9280458715795448,2.277646380753834,0.0,True,,,,,,,,,0.0,False,,,,
PanTS_00008184,cbd,1,False,0.7226560115814209,0.625,0,no_mask,0,0,0,0,0,0.0,,,,,,,,,,,,,,,,,,,,,,,,,,
PanTS_00008184,mpd,1,False,0.7226560115814209,0.625,0,no_mask,0,0,0,0,0,0.0,,,,,,,,,,,,,,,,,,,,,,,,,,
PanTS_00008188,cbd,0,False,5.0,0.72265625,2399,no_regions,2,2391,1,0,0,0.0,57.16938600167674,,,,,,,,,,,,,,,,,,,,,,,,,
PanTS_00008188,mpd,0,False,5.0,0.72265625,1318,no_regions,4,713,0,2,1,7.681145747868608,40.06932184707085,,,,,,,,,,,,,,,,,,,,,,,,,
PanTS_00008205,cbd,1,False,0.9140625,0.699999988079071,974,ok,1,974,0,0,0,0.0,40.509131963832374,False,31.4795380863223,41.0,41.0,3.609589978261524,5.4157044946530855,5.939048786566923,4.494782494188961,2.668004383256504,0.0,True,,,,,,,,,0.0,False,,,,
PanTS_00008205,mpd,1,False,0.9140625,0.699999988079071,3,too_small,1,3,1,0,0,0.0,,,,,,,,,,,,,,,,,,,,,,,,,,
PanTS_00008217,cbd,0,False,5.0,0.890625,313,ok,2,310,1,0,0,0.0,21.656854249492383,False,16.768741526058207,22.0,22.0,3.4291280579489447,4.0995226914224565,4.719188916640953,3.5253975772926953,3.041429453656196,0.0,True,,,,,,,,,0.0,False,,,,
PanTS_00008217,mpd,0,False,5.0,0.890625,77,orient_ambiguous,3,54,1,1,0,0.0,3.0,True,1.6540402027078152,,,,,,,,,,,,,,,,,,,,,,,
PanTS_00008231,cbd,1,False,5.0,0.78125,2742,ok,1,2742,0,0,0,0.0,61.45851495320867,False,22.60632580204007,62.0,62.0,5.165841615638863,8.034203789174951,9.441256653149916,4.76616717199909,3.28603830387274,0.0967741935483871,True,,,,,,,,,0.0,False,,,,
PanTS_00008231,mpd,1,False,5.0,0.78125,2173,ok,12,900,3,6,1,7.874007874011811,14.606058681580688,True,10.55636933074079,15.0,3.0,2.692153126066602,2.6984344645268066,2.700004799141858,,2.692153126066602,0.0,False,,,,,,,,,0.0,False,,,,
PanTS_00008234,cbd,1,False,0.8671879768371582,0.800000011920929,183,orient_ambiguous,2,155,0,1,0,0.0,14.853006672199012,False,9.9404739647971,,,,,,,,,,,,,,,,,,,,,,,
PanTS_00008234,mpd,1,False,0.8671879768371582,0.800000011920929,306,orient_ambiguous,2,303,1,0,0,0.0,7.82842712474619,True,5.319932306717604,,,,,,,,,,,,,,,,,,,,,,,
PanTS_00008238,cbd,1,False,1.25,0.7421879768371582,722,orient_ambiguous,3,363,0,2,0,0.0,17.267220234572108,False,2.8147663841408743,,,,,,,,,,,,,,,,,,,,,,,
PanTS_00008238,mpd,1,False,1.25,0.7421879768371582,314,orient_ambiguous,3,217,1,1,0,0.0,14.07446760021748,False,6.266045530507444,,,,,,,,,,,,,,,,,,,,,,,
PanTS_00008239,cbd,0,False,1.0,0.6796875,1555,ok,3,1054,0,2,0,0.0,44.24118277140125,True,11.492885874224694,45.0,45.0,3.827710220273068,4.799658550473794,6.01523636906713,2.899170683025875,3.7433075351369145,0.0,True,,,,,,,,,0.0,False,,,,
PanTS_00008239,mpd,0,False,1.0,0.6796875,343,ok,4,177,1,0,2,7.874007874011811,71.40696279336045,False,12.63350896217802,72.0,47.0,1.9652787192695056,2.728054132758073,3.5603687327286995,1.5434549630602763,2.1675744474681427,0.06382978723404255,True,,,,,,,,,0.0,False,,,,
PanTS_00008242,cbd,1,False,0.800000011920929,0.62890625,7,too_small,1,7,1,0,0,0.0,,,,,,,,,,,,,,,,,,,,,,,,,,
PanTS_00008242,mpd,1,False,0.800000011920929,0.62890625,82,no_regions,3,64,2,0,0,0.0,3.0,,,,,,,,,,,,,,,,,,,,,,,,,
PanTS_00008252,cbd,0,False,5.0,0.939453125,1543,ok,1,1543,0,0,0,0.0,53.33755908857855,False,21.730324394271694,54.0,54.0,3.586306130139521,6.029024910700415,6.964377321251277,2.501792933683196,2.694144447860693,0.0,True,,,,,,,,,0.0,False,,,,
PanTS_00008252,mpd,0,False,5.0,0.939453125,0,no_mask,0,0,0,0,0,0.0,,,,,,,,,,,,,,,,,,,,,,,,,,
PanTS_00008266,cbd,1,False,5.0,0.7285159826278687,1466,ok,2,1384,0,1,0,0.0,54.36213863603137,True,19.742859031822086,55.0,55.0,4.107869635586534,5.152953070816581,5.935605823401035,2.984036776173072,4.036329731299728,0.0,True,,,,,,,,,0.0,False,,,,
PanTS_00008266,mpd,1,False,5.0,0.7285159826278687,24,orient_ambiguous,1,24,0,0,0,0.0,2.0,True,0.7275234708197602,,,,,,,,,,,,,,,,,,,,,,,
PanTS_00008273,cbd,1,False,5.0,0.8925780057907104,489,ok,3,416,1,1,0,0.0,23.58505747976789,True,15.830034587463619,24.0,24.0,3.7171253571163767,4.192365990981526,4.340838262783131,3.7898938373555917,2.6452822780749106,0.0,True,,,,,,,,,0.0,False,,,,
PanTS_00008273,mpd,1,False,5.0,0.8925780057907104,8,too_small,1,8,1,0,0,0.0,,,,,,,,,,,,,,,,,,,,,,,,,,
PanTS_00008292,cbd,1,False,1.25,0.8476560115814209,3794,ok,1,3794,0,0,0,0.0,67.4864942890135,False,49.88800948983497,68.0,68.0,6.19528868190993,9.630197729964781,10.31068786264932,3.856276407796674,6.311204771326571,0.23529411764705882,True,,,,,,,,,0.0,False,,,,
PanTS_00008292,mpd,1,False,1.25,0.8476560115814209,1809,ok,2,1780,0,1,0,0.0,48.16938600167675,True,22.74134747716292,49.0,49.0,5.001752431682903,5.842790126297964,5.981613240579154,5.756666362779642,3.2741076918035255,0.8571428571428571,True,,,,,,,,,0.0,False,,,,
PanTS_00008298,cbd,1,False,2.5,0.8105469942092896,707,ok,4,311,0,3,0,0.0,22.681433796945203,True,16.94499319677176,23.0,23.0,2.4158253624346013,3.4656066582580496,3.817333696425753,2.2193016983855944,2.617916445810855,0.0,True,,,,,,,,,0.0,False,,,,
PanTS_00008298,mpd,1,False,2.5,0.8105469942092896,287,ok,4,227,2,1,0,0.0,27.92407448406449,False,13.38782852328572,28.0,28.0,2.0476384109908023,3.2946944971669803,3.8920689290556827,2.0476384109908023,1.9499070263368674,0.14285714285714285,True,,,,,,,,,0.0,False,,,,
PanTS_00008301,cbd,1,False,1.25,0.7421879768371582,964,ok,3,768,1,1,0,0.0,12.70674230225704,False,10.031373592880762,13.0,13.0,5.804743371080911,6.587076529549177,6.730258200901776,5.422030980033471,6.083170312358689,0.0,False,,,,,,,,,0.0,False,,,,
PanTS_00008301,mpd,1,False,1.25,0.7421879768371582,110,orient_ambiguous,5,46,2,2,0,0.0,2.0,True,0.8323572760009625,,,,,,,,,,,,,,,,,,,,,,,
PanTS_00008302,cbd,1,False,1.25,0.7421879768371582,20306,ok,1,20306,0,0,0,0.0,100.04284347511756,False,57.821221522364525,101.0,101.0,12.987463387584725,16.180614602895904,16.87857447726039,10.623727565113295,5.76423342743196,0.900990099009901,True,,,,,,,,,0.0,False,,,,
PanTS_00008302,mpd,1,False,1.25,0.7421879768371582,2146,ok,3,2136,2,0,0,0.0,153.54784669273897,True,71.93757102887373,154.0,154.0,3.38696462277787,4.400880747037678,5.376193802105067,3.746921025126384,2.005107244471075,0.577922077922078,True,,,,,,,,,0.0,False,,,,
PanTS_00008303,cbd,1,False,2.5,0.9765620231628418,1033,orient_ambiguous,5,551,1,3,0,0.0,16.071067811865476,True,1.2711351188636328,,,,,,,,,,,,,,,,,,,,,,,
PanTS_00008303,mpd,1,False,2.5,0.9765620231628418,769,ok,3,662,0,1,1,7.280109889280518,51.4714046079171,False,29.090070732711045,52.0,39.0,2.815672707370625,3.975785729990792,4.239352241083619,3.9231511099260103,2.0,0.358974358974359,True,,,,,,,,,0.0,False,,,,
PanTS_00008314,cbd,0,False,1.0,0.626953125,6,too_small,1,6,1,0,0,0.0,,,,,,,,,,,,,,,,,,,,,,,,,,
PanTS_00008314,mpd,0,False,1.0,0.626953125,0,no_mask,0,0,0,0,0,0.0,,,,,,,,,,,,,,,,,,,,,,,,,,
PanTS_00008317,cbd,1,False,0.800000011920929,0.5860000252723694,808,ok,1,808,0,0,0,0.0,30.241911729260277,True,20.60790641138496,31.0,31.0,4.036609005092901,5.513291677809352,5.941502284128269,1.9811023426677057,5.399596188217263,0.0,True,,,,,,,,,0.0,False,,,,
PanTS_00008317,mpd,1,False,0.800000011920929,0.5860000252723694,0,no_mask,0,0,0,0,0,0.0,,,,,,,,,,,,,,,,,,,,,,,,,,
PanTS_00008326,cbd,0,False,1.5,1.5,0,no_mask,0,0,0,0,0,0.0,,,,,,,,,,,,,,,,,,,,,,,,,,
PanTS_00008326,mpd,0,False,1.5,1.5,0,no_mask,0,0,0,0,0,0.0,,,,,,,,,,,,,,,,,,,,,,,,,,
PanTS_00008330,cbd,1,False,2.5,0.8632810115814209,730,ok,2,600,0,1,0,0.0,15.90289472496367,True,12.283263165251157,16.0,16.0,4.985282549121486,5.359698151181715,5.962156240696811,5.189348291285803,4.577704478494253,0.0,False,,,,,,,,,0.0,False,,,,
PanTS_00008330,mpd,1,False,2.5,0.8632810115814209,268,ok,4,167,1,1,1,6.164414002968976,32.867027559015,False,24.285627913899148,33.0,21.0,2.077663407773228,3.5216084420205287,3.734407569179166,2.4931171826483367,1.5395398440348242,0.19047619047619047,True,,,,,,,,,0.0,False,,,,
PanTS_00008339,cbd,1,False,0.800000011920929,0.78125,60,too_small,1,60,0,0,0,0.0,,,,,,,,,,,,,,,,,,,,,,,,,,
PanTS_00008339,mpd,1,False,0.800000011920929,0.78125,0,no_mask,0,0,0,0,0,0.0,,,,,,,,,,,,,,,,,,,,,,,,,,
PanTS_00008354,cbd,1,False,1.25,0.7675780057907104,6292,loop_in_skeleton,2,6081,0,0,0,0.0,,,,,,,,,,,,,,,,,,,,,,,,,,
PanTS_00008354,mpd,1,False,1.25,0.7675780057907104,731,ok,5,613,1,3,0,0.0,61.068880938288395,True,47.398288504085215,62.0,62.0,2.25508211347177,3.3432990882143643,3.964734188814462,1.8514821249022984,2.2516999357273706,0.11290322580645161,True,,,,,,,,,0.0,False,,,,
PanTS_00008356,cbd,0,False,5.0,0.8710939884185791,3134,ok,1,3134,0,0,0,0.0,84.62935887060347,True,41.631895210391704,85.0,85.0,5.164014029676972,6.734318836090237,8.026998063076825,2.0,3.0544450021396856,0.0,True,,,,,,,,,0.0,False,,,,
PanTS_00008356,mpd,0,False,5.0,0.8710939884185791,195,orient_ambiguous,2,150,0,1,0,0.0,14.313708498984763,True,10.50218467451662,,,,,,,,,,,,,,,,,,,,,,,
PanTS_00008366,cbd,0,False,3.0,0.873046875,2351,ok,1,2351,0,0,0,0.0,76.62935887060347,True,44.93115987354353,77.0,77.0,4.601119648023697,6.158163462037185,7.063061301869898,3.72092592537276,4.276425771358857,0.0,True,,,,,,,,,0.0,False,,,,
PanTS_00008366,mpd,0,False,3.0,0.873046875,573,ok,3,491,0,1,1,5.830951894845301,44.43646017585498,False,34.32469023352107,45.0,33.0,3.2018886436571874,3.924538975999928,5.471070718324394,1.9132868123750413,3.2563286920129633,0.48484848484848486,True,,,,,,,,,0.0,False,,,,
PanTS_00008384,cbd,1,False,1.5,1.5,131,orient_ambiguous,2,123,1,0,0,0.0,5.5604779323150675,False,2.921958343176989,,,,,,,,,,,,,,,,,,,,,,,
PanTS_00008384,mpd,1,False,1.5,1.5,0,no_mask,0,0,0,0,0,0.0,,,,,,,,,,,,,,,,,,,,,,,,,,
PanTS_00008385,cbd,1,False,5.0,0.7409999966621399,1161,ok,3,1093,0,1,0,0.0,24.60623723886871,True,14.033098462066548,25.0,25.0,5.566433287810256,5.878217633973063,6.107332673512002,4.8647053896906,5.816488814015434,0.0,True,,,,,,,,,0.0,False,,,,
PanTS_00008385,mpd,1,False,5.0,0.7409999966621399,178,orient_ambiguous,2,115,0,1,0,0.0,13.560477932315067,True,3.8131605937421877,,,,,,,,,,,,,,,,,,,,,,,
PanTS_00008392,cbd,1,False,1.5,1.5,681,ok,3,437,0,2,0,0.0,18.94938298937633,True,10.51496599238697,19.0,19.0,2.702457969322076,3.223851152959686,3.321272556835422,2.493401304317827,2.8562699978072,0.0,False,,,,,,,,,0.0,False,,,,
PanTS_00008392,mpd,1,False,1.5,1.5,355,ok,3,182,0,2,0,0.0,24.241911729260273,False,18.982006254200453,25.0,25.0,2.0569380076747708,2.528974465581619,2.7068327695978915,2.0108838909250686,2.1147442958658975,0.0,True,,,,,,,,,0.0,False,,,,
PanTS_00008407,cbd,1,False,0.800000011920929,0.6738280057907104,870,ok,3,825,0,2,0,0.0,22.192023676495616,False,15.112981302102362,23.0,23.0,4.4235595328987065,5.386001988301611,5.797597796763813,4.84480468079308,4.149366377597403,0.0,True,,,,,,,,,0.0,False,,,,
PanTS_00008407,mpd,1,False,0.800000011920929,0.6738280057907104,0,no_mask,0,0,0,0,0,0.0,,,,,,,,,,,,,,,,,,,,,,,,,,
PanTS_00008408,cbd,1,False,5.0,0.689453125,1972,ok,2,1770,0,1,0,0.0,67.92334552620544,False,14.611667161153367,68.0,68.0,4.050878850474097,6.577510874799266,7.706451560644169,2.0,6.1119159733783395,0.0,True,,,,,,,,,0.0,False,,,,
PanTS_00008408,mpd,1,False,5.0,0.689453125,829,orient_ambiguous,4,410,1,2,0,0.0,46.09491840145927,True,19.199611195111046,,,,,,,,,,,,,,,,,,,,,,,
PanTS_00008428,cbd,1,False,2.5,0.7949219942092896,949,ok,2,944,1,0,0,0.0,54.89803702089361,True,40.32810477614812,55.0,55.0,3.7324959560243887,4.77807613487734,5.884472793448514,3.0578916162510765,2.866120883325703,0.0,True,,,,,,,,,0.0,False,,,,
PanTS_00008428,mpd,1,True,2.5,0.7949219942092896,1722,ok,5,1653,3,1,0,0.0,78.62935887060347,False,50.65477703844955,79.0,79.0,3.4186366348148125,6.448306739630705,7.297776732337423,3.796101029834819,2.0,0.5316455696202531,True,1.2258838864980388,5.0,0.06358947944912355,8.0,6.60794014793926,2.8251289767485273,2.338987070085704,35.0,1.0,False,5.0,-180.65884698563158,-231.6924679531551,123.23953631740493
PanTS_00008434,cbd,1,False,5.0,0.78515625,17639,ok,1,17639,0,0,0,0.0,81.62595908225144,False,48.832416578501935,82.0,82.0,11.880266786542709,13.314547267546045,13.958622670125731,10.423707586070385,11.232237393153202,1.0,True,,,,,,,,,0.0,False,,,,
PanTS_00008434,mpd,1,False,5.0,0.78515625,255,orient_ambiguous,3,181,1,1,0,0.0,4.414213562373095,True,1.7580561479614687,,,,,,,,,,,,,,,,,,,,,,,
PanTS_00008445,cbd,1,False,2.5,0.705078125,181,orient_ambiguous,1,181,0,0,0,0.0,4.146264369941973,False,3.1668084091052755,,,,,,,,,,,,,,,,,,,,,,,
PanTS_00008445,mpd,1,False,2.5,0.705078125,64,orient_ambiguous,1,64,0,0,0,0.0,3.732050807568877,True,2.5713994508495794,,,,,,,,,,,,,,,,,,,,,,,
PanTS_00008451,cbd,1,False,0.800000011920929,0.78125,0,no_mask,0,0,0,0,0,0.0,,,,,,,,,,,,,,,,,,,,,,,,,,
PanTS_00008451,mpd,1,False,0.800000011920929,0.78125,6,too_small,1,6,1,0,0,0.0,,,,,,,,,,,,,,,,,,,,,,,,,,
PanTS_00008472,cbd,0,False,3.0,0.9765625,2765,ok,1,2765,0,0,0,0.0,83.55756210087897,False,29.686679204263875,84.0,84.0,5.437631433962899,6.7820851932940345,7.260658260917755,2.7265830507482898,4.924830837603904,0.0,True,,,,,,,,,0.0,False,,,,
PanTS_00008472,mpd,0,False,3.0,0.9765625,286,orient_ambiguous,7,133,3,3,0,0.0,17.73132184970986,False,9.178740228357798,,,,,,,,,,,,,,,,,,,,,,,
PanTS_00008473,cbd,1,False,2.5,0.6621090173721313,1573,ok,1,1573,0,0,0,0.0,46.55902001659703,True,33.93143219399245,47.0,47.0,4.352212259045391,5.6994088883296,6.238661539614605,4.063442578754116,4.309015757965569,0.0,True,,,,,,,,,0.0,False,,,,
PanTS_00008473,mpd,1,False,2.5,0.6621090173721313,171,orient_ambiguous,7,85,3,0,0,0.0,3.0,True,1.763129632716165,,,,,,,,,,,,,,,,,,,,,,,
PanTS_00008475,cbd,1,False,5.0,0.9375,1197,ok,1,1197,0,0,0,0.0,33.21660322394844,True,23.816025314526915,34.0,34.0,5.390398402983493,5.953776559031296,6.33895980250134,5.498835267281301,4.462672270041959,0.0,True,,,,,,,,,0.0,False,,,,
PanTS_00008475,mpd,1,False,5.0,0.9375,0,no_mask,0,0,0,0,0,0.0,,,,,,,,,,,,,,,,,,,,,,,,,,
PanTS_00008476,cbd,1,False,2.5,0.7363280057907104,1127,orient_ambiguous,5,620,1,3,0,0.0,18.681433796945203,True,8.925911168167465,,,,,,,,,,,,,,,,,,,,,,,
PanTS_00008476,mpd,1,False,2.5,0.7363280057907104,1510,ok,4,1347,1,1,0,0.0,60.50840300597334,False,43.52489562112852,61.0,61.0,4.285060548042369,5.537176569925762,5.956058646103386,4.936659346344995,3.2318474831295783,0.8688524590163934,True,,,,,,,,,0.0,False,,,,
PanTS_00008480,cbd,1,False,5.0,0.732421875,1390,orient_ambiguous,2,1097,0,1,0,0.0,12.292528739883945,True,9.182835159698115,,,,,,,,,,,,,,,,,,,,,,,
PanTS_00008480,mpd,1,False,5.0,0.732421875,43,too_small,2,24,1,0,0,0.0,,,,,,,,,,,,,,,,,,,,,,,,,,
PanTS_00008512,cbd,1,False,5.0,0.7148439884185791,7922,ok,1,7922,0,0,0,0.0,44.65539633377434,False,28.24620320414634,45.0,45.0,10.76028469675886,11.462982315547343,11.81306826095249,10.709949844500304,10.439010377562903,1.0,True,,,,,,,,,0.0,False,,,,
PanTS_00008512,mpd,1,False,5.0,0.7148439884185791,1381,ok,3,1326,1,1,0,0.0,36.338288046437576,True,24.551058863375193,37.0,37.0,5.397008082877863,6.027904340545381,6.443379965652866,5.4129592926054055,5.507620002026858,1.0,True,,,,,,,,,0.0,False,,,,
PanTS_00008522,cbd,0,False,0.8999999761581421,0.703125,0,no_mask,0,0,0,0,0,0.0,,,,,,,,,,,,,,,,,,,,,,,,,,
PanTS_00008522,mpd,0,False,0.8999999761581421,0.703125,0,no_mask,0,0,0,0,0,0.0,,,,,,,,,,,,,,,,,,,,,,,,,,
PanTS_00008538,cbd,0,False,5.0,0.7695310115814209,2293,ok,2,2264,0,1,0,0.0,43.85227771433999,True,28.34850686927753,44.0,44.0,6.892856172596747,8.197433704823695,8.712229683933016,2.9558221435200975,7.604408506336071,0.13636363636363635,True,,,,,,,,,0.0,False,,,,
PanTS_00008538,mpd,0,False,5.0,0.7695310115814209,45,orient_ambiguous,1,45,0,0,0,0.0,2.0,True,0.13015369968452717,,,,,,,,,,,,,,,,,,,,,,,
PanTS_00008540,cbd,1,False,2.5,0.6445310115814209,4067,loop_in_skeleton,4,4000,2,0,0,0.0,,,,,,,,,,,,,,,,,,,,,,,,,,
PanTS_00008540,mpd,1,False,2.5,0.6445310115814209,680,ok,11,143,3,5,2,7.3484692283495345,30.39621043906407,False,18.682669142932838,31.0,20.0,2.026863063927042,3.239206521730309,3.939529157467465,2.1855031308829376,2.116528172693382,0.1,True,,,,,,,,,0.0,False,,,,
PanTS_00008546,cbd,1,False,2.5,0.859375,18278,ok,2,14457,0,1,0,0.0,70.7476439047406,True,48.51435745798346,71.0,71.0,12.989169407065917,15.471743544772789,16.037835162324743,13.508519947543041,7.1056509809328015,0.9154929577464789,True,,,,,,,,,0.0,False,,,,
PanTS_00008546,mpd,1,False,2.5,0.859375,7479,loop_in_skeleton,1,7479,0,0,0,0.0,,,,,,,,,,,,,,,,,,,,,,,,,,
PanTS_00008569,cbd,0,False,2.5,0.900390625,1373,ok,1,1373,0,0,0,0.0,62.82624025116911,False,44.27572147043512,63.0,63.0,3.9827899475482447,5.7235884959744565,5.988336393300995,2.1842955030645013,3.335154403182175,0.0,True,,,,,,,,,0.0,False,,,,
PanTS_00008569,mpd,0,False,2.5,0.900390625,16,too_small,1,16,1,0,0,0.0,,,,,,,,,,,,,,,,,,,,,,,,,,
PanTS_00008574,cbd,1,False,0.800000011920929,0.625,0,no_mask,0,0,0,0,0,0.0,,,,,,,,,,,,,,,,,,,,,,,,,,
PanTS_00008574,mpd,1,False,0.800000011920929,0.625,45,orient_ambiguous,1,45,0,0,0,0.0,5.82842712474619,True,3.204315987746103,,,,,,,,,,,,,,,,,,,,,,,
PanTS_00008577,cbd,1,False,1.0,0.69921875,912,ok,1,912,0,0,0,0.0,23.60623723886871,False,16.663068854688028,24.0,24.0,3.387513954354936,3.9557424113653177,4.2247105471076996,3.355656284288121,3.492395253395639,0.0,True,,,,,,,,,0.0,False,,,,
PanTS_00008577,mpd,1,False,1.0,0.69921875,18,too_small,1,18,1,0,0,0.0,,,,,,,,,,,,,,,,,,,,,,,,,,
PanTS_00008581,cbd,1,False,0.78125,0.699999988079071,2251,ok,2,2138,0,0,0,0.0,62.68337566957915,True,17.2967271860693,63.0,63.0,4.225461687278135,6.424694664374409,7.181011768458925,1.876653193425869,3.714116863813367,0.0,True,,,,,,,,,0.0,False,,,,
PanTS_00008581,mpd,1,False,0.78125,0.699999988079071,330,orient_ambiguous,7,169,4,2,0,0.0,15.777810114122516,True,11.068134113551919,,,,,,,,,,,,,,,,,,,,,,,
PanTS_00008601,cbd,1,False,5.0,0.8164060115814209,184,orient_ambiguous,2,115,0,1,0,0.0,7.146264369941973,False,0.7452110581527283,,,,,,,,,,,,,,,,,,,,,,,
PanTS_00008601,mpd,1,False,5.0,0.8164060115814209,899,orient_ambiguous,5,501,1,3,0,0.0,17.146264369941974,True,11.1986272739518,,,,,,,,,,,,,,,,,,,,,,,
PanTS_00008606,cbd,0,False,3.0,0.9765625,523,ok,2,425,0,1,0,0.0,29.55974897445606,False,22.98800782307337,30.0,30.0,3.331382031058631,4.764637877877576,5.300378134081888,4.516652905005657,2.0372780382576066,0.0,True,,,,,,,,,0.0,False,,,,
PanTS_00008606,mpd,0,False,3.0,0.9765625,0,no_mask,0,0,0,0,0,0.0,,,,,,,,,,,,,,,,,,,,,,,,,,
PanTS_00008619,cbd,0,False,1.4999999627361136,1.4999998848691372,0,no_mask,0,0,0,0,0,0.0,,,,,,,,,,,,,,,,,,,,,,,,,,
PanTS_00008619,mpd,0,False,1.4999999627361136,1.4999998848691372,0,no_mask,0,0,0,0,0,0.0,,,,,,,,,,,,,,,,,,,,,,,,,,
PanTS_00008628,cbd,1,False,0.800000011920929,0.685546875,989,ok,1,989,0,0,0,0.0,29.755901397162692,False,22.154624677502007,30.0,30.0,4.374200509102447,5.747859210574978,5.998998295295042,5.355161520800204,4.034933768977954,0.0,True,,,,,,,,,0.0,False,,,,
PanTS_00008628,mpd,1,False,0.800000011920929,0.685546875,5,too_small,2,3,2,0,0,0.0,,,,,,,,,,,,,,,,,,,,,,,,,,
PanTS_00008633,cbd,1,False,1.25,0.7421879768371582,1452,ok,2,1435,1,0,0,0.0,67.2370540251902,False,49.10722527354118,68.0,68.0,4.151797640410068,5.649622118617591,6.814410028633191,1.9353748360527598,2.0923354158778817,0.0,True,,,,,,,,,0.0,False,,,,
PanTS_00008633,mpd,1,False,1.25,0.7421879768371582,94,orient_ambiguous,2,50,0,1,0,0.0,8.146264369941973,True,7.124305172145558,,,,,,,,,,,,,,,,,,,,,,,
PanTS_00008636,cbd,1,False,2.5,0.888671875,1125,ok,3,1033,1,1,0,0.0,45.58019977569784,False,36.80474020521119,46.0,46.0,4.214218475024023,5.164042640627437,5.997653581309565,1.9755699842225978,3.893511077841729,0.0,True,,,,,,,,,0.0,False,,,,
PanTS_00008636,mpd,1,False,2.5,0.888671875,39,orient_ambiguous,4,22,3,0,0,0.0,3.414213562373095,True,0.7646961035427324,,,,,,,,,,,,,,,,,,,,,,,
PanTS_00008640,cbd,0,False,1.5,1.5,2747,orient_ambiguous,1,2747,0,0,0,0.0,69.9936843802119,False,2.1451362192092702,,,,,,,,,,,,,,,,,,,,,,,
PanTS_00008640,mpd,0,False,1.5,1.5,115,orient_ambiguous,2,95,0,1,0,0.0,11.438793109825918,False,8.43373854486425,,,,,,,,,,,,,,,,,,,,,,,
PanTS_00008646,cbd,1,False,1.5,1.5,1423,ok,1,1423,0,0,0,0.0,43.433935405755875,True,30.188897108814228,44.0,44.0,4.797883875569218,5.814572930610842,6.565719551743112,3.965530542837664,5.177116497958391,0.0,True,,,,,,,,,0.0,False,,,,
PanTS_00008646,mpd,1,False,1.5,1.5,15,too_small,1,15,1,0,0,0.0,,,,,,,,,,,,,,,,,,,,,,,,,,
PanTS_00008647,cbd,0,False,1.0,1.0,2553,ok,2,2340,0,1,0,0.0,58.14140666587192,False,46.90087280837632,59.0,59.0,5.620655425639386,6.946497738705314,7.155877789241892,2.5831996042429397,4.821163789664743,0.0,True,,,,,,,,,0.0,False,,,,
PanTS_00008647,mpd,0,False,1.0,1.0,333,orient_ambiguous,4,216,1,1,1,7.3484692283495345,33.079791078059394,False,27.16796701606163,,,,,,,,,,,,,,,,,,,,,,,
PanTS_00008650,cbd,1,False,2.5,0.6738280057907104,2092,ok,2,2086,1,0,0,0.0,45.1160981605601,True,37.09401436506283,46.0,46.0,6.666622605892329,7.2639912476809885,7.696014751443555,3.567656944224646,6.793082426952947,0.0,True,,,,,,,,,0.0,False,,,,
PanTS_00008650,mpd,1,True,2.5,0.6738280057907104,4150,ok,6,3586,3,2,0,0.0,102.89585014731654,False,66.22061366702216,103.0,103.0,4.0931069857701425,7.146899841576406,7.994597033100884,3.8001205647684766,2.6015764655870752,0.7281553398058253,True,1.2639852684696642,5.0,0.04859282461675056,8.0,6.623653376942558,2.7580371860157937,2.4015823320029117,72.0,1.0,False,5.0,-179.798617895193,-190.32791060981074,103.96609509950414
PanTS_00008653,cbd,0,False,0.8984375,0.800000011920929,831,ok,1,831,0,0,0,0.0,27.70601334439803,False,17.606280513182337,28.0,28.0,4.317739716354925,5.390806112382281,5.751391836557943,4.293468696178032,4.24374288336809,0.0,True,,,,,,,,,0.0,False,,,,
PanTS_00008653,mpd,0,False,0.8984375,0.800000011920929,6,too_small,1,6,1,0,0,0.0,,,,,,,,,,,,,,,,,,,,,,,,,,
PanTS_00008658,cbd,1,False,0.800000011920929,0.703125,0,no_mask,0,0,0,0,0,0.0,,,,,,,,,,,,,,,,,,,,,,,,,,
PanTS_00008658,mpd,1,False,0.800000011920929,0.703125,0,no_mask,0,0,0,0,0,0.0,,,,,,,,,,,,,,,,,,,,,,,,,,
PanTS_00008662,cbd,1,False,2.5,0.7792969942092896,374,ok,2,307,0,1,0,0.0,18.7566303550217,True,12.360495688505484,19.0,19.0,2.6651619086349756,3.9630312506397125,4.260228567964011,2.6123261177378474,3.436506074812222,0.0,False,,,,,,,,,0.0,False,,,,
PanTS_00008662,mpd,1,False,2.5,0.7792969942092896,1317,ok,5,964,1,1,2,7.810249675906654,67.59265431001207,False,44.542727416320204,68.0,44.0,4.412280048401852,5.371399160047977,5.699566820438321,,3.6746861222624205,0.8863636363636364,True,,,,,,,,,0.0,False,,,,
PanTS_00008673,cbd,1,False,4.000030040740967,0.921875,14362,ok,3,13726,0,2,0,0.0,92.74618598902256,True,70.23323265047138,93.0,93.0,11.431332253537965,13.301868249277577,15.190448864031797,11.971139573659606,4.0317113171518875,0.6021505376344086,True,,,,,,,,,0.0,False,,,,
PanTS_00008673,mpd,1,False,4.000030040740967,0.921875,1515,ok,8,950,3,4,0,0.0,55.92261656834643,False,30.909466384599867,56.0,56.0,3.6900790983905245,4.2548745522994045,4.509856489092406,3.834867358985619,2.9547794955314055,0.8214285714285714,True,,,,,,,,,0.0,False,,,,
PanTS_00008691,cbd,1,False,5.0,0.6620000004768372,1303,ok,1,1303,0,0,0,0.0,50.43733519410787,True,28.196026844787152,51.0,51.0,4.0,5.094148497942513,5.882292241769562,3.603244838350558,3.6684468085092425,0.0,True,,,,,,,,,0.0,False,,,,
PanTS_00008691,mpd,1,False,5.0,0.6620000004768372,50,too_small,3,20,2,0,0,0.0,,,,,,,,,,,,,,,,,,,,,,,,,,
PanTS_00008699,cbd,1,False,1.0,1.0,4116,ok,4,2868,0,2,1,7.874007874011811,86.2395462983952,False,56.897784916263845,87.0,73.0,4.995125154194817,8.484063445606525,9.403561419793597,2.3630047369959333,4.334553915588707,0.1232876712328767,True,,,,,,,,,0.0,False,,,,
PanTS_00008699,mpd,1,False,1.0,1.0,6,too_small,1,6,1,0,0,0.0,,,,,,,,,,,,,,,,,,,,,,,,,,
PanTS_00008701,cbd,1,False,3.5,0.6757810115814209,1353,ok,2,1343,1,0,0,0.0,26.388176099202248,False,16.3789588073912,27.0,27.0,4.642109097785973,7.270278273104412,7.74675803385386,6.31226930590886,3.933864913541374,0.0,True,,,,,,,,,0.0,False,,,,
PanTS_00008701,mpd,1,False,3.5,0.6757810115814209,1022,ok,3,737,1,1,0,0.0,40.337559088578566,True,28.436910679773092,41.0,41.0,3.8111179275867473,4.345059398936493,4.4750647003083746,3.506256836326285,3.1735500969947728,0.7560975609756098,True,,,,,,,,,0.0,False,,,,
PanTS_00008711,cbd,1,False,2.5,0.9609379768371582,4508,ok,2,4273,0,0,1,6.48074069840786,137.44692969973087,True,53.379997819482995,138.0,126.0,3.9729428197480083,8.07909231508082,8.868771297410786,2.350950658408916,8.310369102062317,0.10317460317460317,True,,,,,,,,,0.0,False,,,,
PanTS_00008711,mpd,1,False,2.5,0.9609379768371582,12442,ok,2,12226,0,1,0,0.0,88.25750482643198,False,47.69267736561013,89.0,89.0,8.945828203454779,11.189471258793823,13.039315166525142,11.435179999739045,6.18256079433289,1.0,True,,,,,,,,,0.0,False,,,,
PanTS_00008721,cbd,1,False,2.5,0.8203120231628418,4094,loop_in_skeleton,1,4094,0,0,0,0.0,,,,,,,,,,,,,,,,,,,,,,,,,,
PanTS_00008721,mpd,1,False,2.5,0.8203120231628418,880,ok,10,506,4,3,1,7.54983443527075,33.17011495953578,False,19.47630135116181,34.0,34.0,2.578828439934324,3.227672176580671,3.960756488126889,3.016471892548587,2.2163840965148838,0.11764705882352941,True,,,,,,,,,0.0,False,,,,
PanTS_00008722,cbd,1,False,5.0,0.6542969942092896,450,orient_ambiguous,3,383,1,1,0,0.0,7.560477932315067,True,5.473102304245984,,,,,,,,,,,,,,,,,,,,,,,
PanTS_00008722,mpd,1,False,5.0,0.6542969942092896,0,no_mask,0,0,0,0,0,0.0,,,,,,,,,,,,,,,,,,,,,,,,,,
PanTS_00008724,cbd,1,False,5.0,0.6328120231628418,2078,orient_ambiguous,5,1917,3,1,0,0.0,48.41275564665505,False,0.29815719903006155,,,,,,,,,,,,,,,,,,,,,,,
PanTS_00008724,mpd,1,False,5.0,0.6328120231628418,838,orient_ambiguous,11,337,4,4,1,7.54983443527075,30.924074484064494,True,3.158865601932348,,,,,,,,,,,,,,,,,,,,,,,
PanTS_00008726,cbd,1,False,2.5,0.7402340173721313,1090,orient_ambiguous,2,1053,0,1,0,0.0,19.488681162590577,False,8.49613746271578,,,,,,,,,,,,,,,,,,,,,,,
PanTS_00008726,mpd,1,False,2.5,0.7402340173721313,1377,orient_ambiguous,5,862,2,2,0,0.0,43.58019977569785,True,7.563231706398575,,,,,,,,,,,,,,,,,,,,,,,
PanTS_00008727,cbd,1,False,2.5,0.7675780057907104,3683,ok,1,3683,0,0,0,0.0,80.72233539942877,True,17.856305278032053,81.0,81.0,6.473845958423498,8.338183466509454,9.70211747257138,5.4670039889655975,4.220864786753106,0.13580246913580246,True,,,,,,,,,0.0,False,,,,
PanTS_00008727,mpd,1,False,2.5,0.7675780057907104,7119,ok,1,7119,0,0,0,0.0,122.7919452955762,False,80.75800019153652,123.0,123.0,5.820249920586004,9.198027747652,11.48302417240147,10.996591073581758,3.8946460021417226,0.983739837398374,True,,,,,,,,,0.0,False,,,,
PanTS_00008737,cbd,0,False,2.5,0.703125,756,ok,1,756,0,0,0,0.0,44.8734574734408,False,13.717879127102776,45.0,45.0,3.2315084693108567,5.608766956407047,5.689951959282905,1.9598650469732044,5.579792827161802,0.0,True,,,,,,,,,0.0,False,,,,
PanTS_00008737,mpd,0,False,2.5,0.703125,392,ok,2,262,0,1,0,0.0,26.384776310850242,False,20.396355760741947,27.0,27.0,2.6345584229293886,3.461269465271068,3.943824233977859,3.075949593653008,2.4949461124562617,0.2222222222222222,True,,,,,,,,,0.0,False,,,,
PanTS_00008743,cbd,1,False,2.5,0.7734379768371582,1045,ok,3,1042,2,0,0,0.0,46.291070824165914,True,28.769903266261213,47.0,47.0,3.929363198820402,5.0481984307037635,5.350523389732544,2.3344094059609626,4.137997684577453,0.0,True,,,,,,,,,0.0,False,,,,
PanTS_00008743,mpd,1,False,2.5,0.7734379768371582,1817,ok,7,1719,3,3,0,0.0,98.18230826835548,False,60.649990427730124,99.0,99.0,3.441428743292647,5.262681756552944,6.103321692331243,5.444178513893462,2.572182994994903,0.5353535353535354,True,,,,,,,,,0.0,False,,,,
PanTS_00008763,cbd,1,False,2.5,0.8105469942092896,13576,ok,3,12465,0,2,0,0.0,88.38258943727318,True,56.775126321300945,89.0,89.0,9.158191843086724,11.071691094236677,12.452621556347118,10.077737496473695,3.9734249165360302,0.7528089887640449,True,,,,,,,,,0.0,False,,,,
PanTS_00008763,mpd,1,False,2.5,0.8105469942092896,568,ok,3,274,0,2,0,0.0,47.43393540575587,False,25.374170802091506,48.0,48.0,2.0,2.4304111215546493,2.7529863528832097,1.9263199027956874,2.0,0.0,True,,,,,,,,,0.0,False,,,,
PanTS_00008769,cbd,1,False,0.9765625,0.800000011920929,2004,ok,1,2004,0,0,0,0.0,51.67997588122716,False,40.22032780246347,52.0,52.0,4.773505327367737,6.300938578463098,7.203549554173222,4.9014418269006015,3.664099372934172,0.0,True,,,,,,,,,0.0,False,,,,
PanTS_00008769,mpd,1,False,0.9765625,0.800000011920929,40,too_small,5,10,5,0,0,0.0,,,,,,,,,,,,,,,,,,,,,,,,,,
PanTS_00008773,cbd,0,False,1.25,0.71875,841,ok,1,841,0,0,0,0.0,39.094918401459275,False,19.804332991406227,40.0,40.0,3.1709510286521754,5.35179536968697,5.912453087189723,2.0874857154311286,3.10417845241715,0.0,True,,,,,,,,,0.0,False,,,,
PanTS_00008773,mpd,0,False,1.25,0.71875,21,orient_ambiguous,1,21,0,0,0,0.0,9.87831517751085,False,5.718883824461525,,,,,,,,,,,,,,,,,,,,,,,
PanTS_00008778,cbd,0,False,5.0,0.9570310115814209,1367,orient_ambiguous,4,880,2,1,0,0.0,33.48455241637956,True,5.165591763518449,,,,,,,,,,,,,,,,,,,,,,,
PanTS_00008778,mpd,0,False,5.0,0.9570310115814209,100,orient_ambiguous,2,97,1,0,0,0.0,12.828427124746192,True,7.3674369509060735,,,,,,,,,,,,,,,,,,,,,,,
PanTS_00008785,cbd,0,False,2.5,0.830078125,785,no_regions,1,785,0,0,0,0.0,27.166715171183778,,,,,,,,,,,,,,,,,,,,,,,,,
PanTS_00008785,mpd,0,False,2.5,0.830078125,0,no_mask,0,0,0,0,0,0.0,,,,,,,,,,,,,,,,,,,,,,,,,,
PanTS_00008789,cbd,1,False,2.5,0.8984379768371582,1273,ok,2,1213,0,1,0,0.0,57.75104369309262,True,42.50548541463897,58.0,58.0,3.8403508676558755,4.655159521272652,4.979611853171344,3.830834809474205,3.6076923330841177,0.0,True,,,,,,,,,0.0,False,,,,
PanTS_00008789,mpd,1,False,2.5,0.8984379768371582,48,orient_ambiguous,2,40,1,0,0,0.0,3.82842712474619,True,2.4106965908626776,,,,,,,,,,,,,,,,,,,,,,,
PanTS_00008802,cbd,0,False,0.800000011920929,0.78125,817,ok,2,814,1,0,0,0.0,38.99854208428197,False,28.030459322982317,39.0,39.0,3.8118566274118804,4.608119356961403,5.766690394032907,4.248384436173118,3.853846883560313,0.0,True,,,,,,,,,0.0,False,,,,
PanTS_00008802,mpd,0,False,0.800000011920929,0.78125,0,no_mask,0,0,0,0,0,0.0,,,,,,,,,,,,,,,,,,,,,,,,,,
PanTS_00008811,cbd,1,False,2.5,0.7792969942092896,20819,ok,2,20681,0,1,0,0.0,99.45705703749061,True,70.66676591217407,100.0,100.0,14.052454602479685,17.54887109757116,18.076648742438273,17.908066320812328,3.422793203033793,0.75,True,,,,,,,,,0.0,False,,,,
PanTS_00008811,mpd,1,False,2.5,0.7792969942092896,1290,ok,5,867,3,1,0,0.0,39.412755646655064,False,14.46074902081741,40.0,40.0,3.839749701381538,4.412647804473216,5.314177117078774,4.207366713251435,3.3096606082800326,0.725,True,,,,,,,,,0.0,False,,,,
PanTS_00008812,cbd,0,False,1.5,1.5,1329,ok,1,1329,0,0,0,0.0,97.23972485568319,True,49.52679676246194,98.0,98.0,3.3628601401107403,4.028624691754402,5.172112544970582,1.778305101384138,3.247580056480147,0.0,True,,,,,,,,,0.0,False,,,,
PanTS_00008812,mpd,0,False,1.5,1.5,28,orient_ambiguous,1,28,0,0,0,0.0,5.5604779323150675,True,4.127056614492407,,,,,,,,,,,,,,,,,,,,,,,
PanTS_00008818,cbd,1,False,5.0,0.8886719942092896,5814,no_regions,1,5814,0,0,0,0.0,75.33755908857856,,,,,,,,,,,,,,,,,,,,,,,,,
PanTS_00008818,mpd,1,False,5.0,0.8886719942092896,47,no_regions,2,26,0,1,0,0.0,1.0,,,,,,,,,,,,,,,,,,,,,,,,,
PanTS_00008837,cbd,1,False,0.800000011920929,0.703125,0,no_mask,0,0,0,0,0,0.0,,,,,,,,,,,,,,,,,,,,,,,,,,
PanTS_00008837,mpd,1,False,0.800000011920929,0.703125,0,no_mask,0,0,0,0,0,0.0,,,,,,,,,,,,,,,,,,,,,,,,,,
PanTS_00008838,cbd,0,False,1.5,1.5,3002,ok,1,3002,0,0,0,0.0,73.26163357264302,True,31.522670542183892,74.0,74.0,5.542522447939005,6.873383005674294,7.638763767568479,2.143552433408293,5.111020237304953,0.0,True,,,,,,,,,0.0,False,,,,
PanTS_00008838,mpd,0,False,1.5,1.5,0,no_mask,0,0,0,0,0,0.0,,,,,,,,,,,,,,,,,,,,,,,,,,
PanTS_00008839,cbd,1,False,0.800000011920929,0.703125,1530,ok,1,1530,0,0,0,0.0,46.33755908857855,False,29.006524827928278,47.0,47.0,5.066725088169385,5.767766972225588,6.255131865201636,1.8637156627865394,5.617862150133639,0.0,True,,,,,,,,,0.0,False,,,,
PanTS_00008839,mpd,1,False,0.800000011920929,0.703125,3,too_small,1,3,1,0,0,0.0,,,,,,,,,,,,,,,,,,,,,,,,,,
PanTS_00008854,cbd,1,False,0.93359375,0.699999988079071,2559,ok,1,2559,0,0,0,0.0,66.55829105873799,False,37.22478882242653,67.0,67.0,5.745541873600737,6.820057050171403,7.502735523777383,2.97841996526721,6.425093509968656,0.0,True,,,,,,,,,0.0,False,,,,
PanTS_00008854,mpd,1,False,0.93359375,0.699999988079071,469,orient_ambiguous,4,388,2,1,0,0.0,45.926745314557465,False,10.892904908156329,,,,,,,,,,,,,,,,,,,,,,,
PanTS_00008859,cbd,0,False,0.800000011920929,0.6542969942092896,173,orient_ambiguous,1,173,0,0,0,0.0,3.0,True,1.5130129788188,,,,,,,,,,,,,,,,,,,,,,,
PanTS_00008859,mpd,0,False,0.800000011920929,0.6542969942092896,39,orient_ambiguous,1,39,0,0,0,0.0,1.4142135623730951,True,0.8895080933066666,,,,,,,,,,,,,,,,,,,,,,,
PanTS_00008860,cbd,0,False,1.25,0.703125,798,ok,2,637,0,1,0,0.0,30.65612529163337,True,23.331955079439176,31.0,31.0,3.9054854827080723,4.5354728935067055,4.9207592180983895,3.3687969926987833,3.861289836918331,0.0,True,,,,,,,,,0.0,False,,,,
PanTS_00008860,mpd,0,False,1.25,0.703125,295,ok,5,92,1,2,1,7.615773105863909,17.59046460055207,False,12.63039845594141,18.0,6.0,1.9410589727970837,2.1551138248816804,2.3102276497633607,,1.9410589727970837,0.0,False,,,,,,,,,0.0,False,,,,
PanTS_00008861,cbd,0,False,1.25,0.8398439884185791,1522,ok,1,1522,0,0,0,0.0,69.35800988982034,False,38.088731177456985,70.0,70.0,4.152267937398227,5.323924542891038,5.604462576600793,2.4871997419569043,3.850716416742876,0.0,True,,,,,,,,,0.0,False,,,,
PanTS_00008861,mpd,0,False,1.25,0.8398439884185791,26,too_small,3,13,3,0,0,0.0,,,,,,,,,,,,,,,,,,,,,,,,,,
PanTS_00008868,cbd,0,False,0.800000011920929,0.703125,73,orient_ambiguous,2,65,1,0,0,0.0,8.82842712474619,False,2.6805912935825162,,,,,,,,,,,,,,,,,,,,,,,
PanTS_00008868,mpd,0,False,0.800000011920929,0.703125,0,no_mask,0,0,0,0,0,0.0,,,,,,,,,,,,,,,,,,,,,,,,,,
PanTS_00008885,cbd,1,False,2.5,0.818359375,147,ok,2,127,0,1,0,0.0,15.292528739883945,False,12.090877195218987,16.0,16.0,2.493893564000259,2.8264116317415966,3.0872495119984986,2.2221605454647957,2.7361652973962416,0.0,False,,,,,,,,,0.0,False,,,,
PanTS_00008885,mpd,1,False,2.5,0.818359375,14,too_small,1,14,1,0,0,0.0,,,,,,,,,,,,,,,,,,,,,,,,,,
PanTS_00008892,cbd,1,False,1.25,0.8554689884185791,1052,ok,1,1052,0,0,0,0.0,44.43733519410788,False,29.00421499408749,45.0,45.0,3.9595254774263067,4.802256972826424,5.639025342089359,4.3866052489917795,2.2887920834320457,0.0,True,,,,,,,,,0.0,False,,,,
PanTS_00008892,mpd,1,False,1.25,0.8554689884185791,20,orient_ambiguous,1,20,0,0,0,0.0,1.0,False,0.0,,,,,,,,,,,,,,,,,,,,,,,
PanTS_00008913,cbd,1,False,2.5,0.8222659826278687,2679,ok,2,2381,0,1,0,0.0,65.57947081783881,True,47.97695555708693,66.0,66.0,5.416326427751933,7.133959090779704,8.061774004226487,2.238022194652036,3.8295572701293277,0.015151515151515152,True,,,,,,,,,0.0,False,,,,
PanTS_00008913,mpd,1,False,2.5,0.8222659826278687,1194,ok,8,682,1,4,2,6.708203932499369,89.87127059986373,False,31.50685452486545,90.0,78.0,2.4898104236256975,3.2622818409944867,3.885889186650464,2.3779380559893877,1.9999999999999998,0.1282051282051282,True,,,,,,,,,0.0,False,,,,
PanTS_00008922,cbd,1,False,1.0,1.0,631,orient_ambiguous,1,631,0,0,0,0.0,21.342416792648606,False,3.1358444794647795,,,,,,,,,,,,,,,,,,,,,,,
PanTS_00008922,mpd,1,False,1.0,1.0,30,too_small,2,18,2,0,0,0.0,,,,,,,,,,,,,,,,,,,,,,,,,,
PanTS_00008926,cbd,0,False,1.5,1.5,0,no_mask,0,0,0,0,0,0.0,,,,,,,,,,,,,,,,,,,,,,,,,,
PanTS_00008926,mpd,0,False,1.5,1.5,0,no_mask,0,0,0,0,0,0.0,,,,,,,,,,,,,,,,,,,,,,,,,,
PanTS_00008931,cbd,1,False,2.5,0.8652340173721313,1327,ok,2,1325,1,0,0,0.0,36.412755646655064,True,23.841651208240588,37.0,37.0,5.08013608540245,5.88092252671152,6.015384108142997,5.119467509630165,3.247904272348128,0.0,True,,,,,,,,,0.0,False,,,,
PanTS_00008931,mpd,1,False,2.5,0.8652340173721313,958,ok,6,727,1,1,0,0.0,45.2124744777374,False,27.474570431598828,46.0,46.0,3.376342446924334,4.1467132751972215,4.293247175268538,3.3545952439623976,3.1183753369666896,0.5869565217391305,True,,,,,,,,,0.0,False,,,,
PanTS_00008942,cbd,1,False,2.5,0.9765620231628418,908,ok,2,896,1,0,0,0.0,28.33828804643759,True,19.71179268826773,29.0,29.0,4.914604012899522,5.64566147710743,5.967487640953166,2.844778962628804,5.369434972050826,0.0,True,,,,,,,,,0.0,False,,,,
PanTS_00008942,mpd,1,False,2.5,0.9765620231628418,3530,ok,2,3528,1,0,0,0.0,131.59846370336254,False,69.7369198644618,132.0,132.0,4.746687169838254,5.873849994812447,6.64839502156391,6.011166167651874,2.499080084434704,0.803030303030303,True,,,,,,,,,0.0,False,,,,
PanTS_00008954,cbd,1,False,2.5,0.7441409826278687,3973,ok,3,3894,0,2,0,0.0,52.655396333774334,False,23.20228133398267,53.0,53.0,6.719721803892237,8.510296109777721,8.898306371657611,4.143239426091537,4.539095151733454,0.24528301886792453,True,,,,,,,,,0.0,False,,,,
PanTS_00008954,mpd,1,False,2.5,0.7441409826278687,1473,ok,3,1331,1,1,0,0.0,37.97736232518115,True,25.19597225591592,38.0,38.0,4.732399591802425,6.990181668430712,7.396827393210512,4.389030947131399,3.7887276794329745,0.9736842105263158,True,,,,,,,,,0.0,False,,,,
PanTS_00008973,cbd,0,False,1.5,1.5,1759,ok,2,1721,0,1,0,0.0,54.6334876168145,True,19.44018803723359,55.0,55.0,4.187563714051746,6.002886212434291,6.682516874726057,2.200034533057387,5.9589370456103925,0.0,True,,,,,,,,,0.0,False,,,,
PanTS_00008973,mpd,0,False,1.5,1.5,41,orient_ambiguous,3,29,2,0,0,0.0,3.732050807568877,False,1.4936129959149325,,,,,,,,,,,,,,,,,,,,,,,
PanTS_00008974,cbd,1,True,2.5,0.703125,28539,ok,3,28518,2,0,0,0.0,117.54930460845691,True,55.74571530377195,118.0,118.0,14.441384038562791,17.416300716268072,17.78054750803089,8.228042996769432,1.9722266150308627,0.7627118644067796,True,1.9890372208366134,5.0,0.042535343077140436,8.0,15.14827703049347,3.815956127280585,3.969719914282344,89.0,1.0,False,5.0,-173.05294814116215,-195.9949617767937,64.92743884836545
PanTS_00008974,mpd,1,False,2.5,0.703125,7900,loop_in_skeleton,3,7818,1,0,0,0.0,,,,,,,,,,,,,,,,,,,,,,,,,,
PanTS_00008989,cbd,1,False,1.0,0.8203125,1656,ok,1,1656,0,0,0,0.0,52.36286759389039,False,25.261291957567845,53.0,53.0,4.075885064709289,5.681750986579883,5.989022633954237,2.168822298013776,5.55433764982442,0.0,True,,,,,,,,,0.0,False,,,,
PanTS_00008989,mpd,1,False,1.0,0.8203125,1359,ok,3,1329,1,1,0,0.0,37.3594678055384,True,14.008888445595645,38.0,38.0,4.598240628104714,5.851912491357492,6.1738859500024805,5.548056532403783,4.370081401988148,1.0,True,,,,,,,,,0.0,False,,,,
PanTS_00008994,cbd,1,False,2.5,0.6445310115814209,6334,ok,2,5787,0,1,0,0.0,66.6546673759153,True,49.76092098079679,67.0,67.0,7.191967187357687,12.040757653030807,12.69057092693128,8.500979485759009,1.9218940258607655,0.40298507462686567,True,,,,,,,,,0.0,False,,,,
PanTS_00008994,mpd,1,False,2.5,0.6445310115814209,398,ok,3,330,1,1,0,0.0,40.41275564665506,False,23.216388490355317,41.0,41.0,2.2217732127030865,3.0271159648971757,3.806759888508565,1.9957200745268548,2.712034146917285,0.07317073170731707,True,,,,,,,,,0.0,False,,,,
PanTS_00008995,cbd,0,False,3.595339775085449,0.703125,2178,ok,2,1564,0,0,1,5.196152422706632,109.77829407103846,True,14.811780935641728,110.0,99.0,3.980546714239111,5.139292163082931,6.041921410642317,2.482859293405321,5.812429442453396,0.0,True,,,,,,,,,0.0,False,,,,
PanTS_00008995,mpd,0,False,3.595339775085449,0.703125,951,orient_ambiguous,4,615,0,3,0,0.0,88.99368438021193,True,9.728365713237743,,,,,,,,,,,,,,,,,,,,,,,
PanTS_00008999,cbd,1,False,2.5,0.6640620231628418,2800,ok,1,2800,0,0,0,0.0,65.9936843802119,False,22.13959208705424,66.0,66.0,5.788722087106512,7.675694634430341,8.839304982465974,4.343103852922226,5.412983087036589,0.045454545454545456,True,,,,,,,,,0.0,False,,,,
PanTS_00008999,mpd,1,False,2.5,0.6640620231628418,785,ok,2,574,0,1,0,0.0,20.192023676495616,True,14.67591124574767,21.0,21.0,3.7699307931369,4.40474592298774,5.383501421855886,3.582889448986705,3.890215202884831,0.9047619047619048,False,,,,,,,,,0.0,False,,,,
PanTS_00009001,cbd,1,False,2.5,0.6835939884185791,1115,ok,2,825,0,1,0,0.0,27.241911729260273,True,21.08677898794561,28.0,28.0,4.40501480775748,5.780162572106993,6.1544126761088265,5.632561166764008,2.8326923284295606,0.0,True,,,,,,,,,0.0,False,,,,
PanTS_00009001,mpd,1,False,2.5,0.6835939884185791,42,orient_ambiguous,2,28,1,0,0,0.0,3.0,False,1.5463159029226308,,,,,,,,,,,,,,,,,,,,,,,
PanTS_00009002,cbd,0,False,2.5,0.8789060115814209,1965,ok,1,1965,0,0,0,0.0,57.630087828462486,True,43.28092423881344,58.0,58.0,4.843114766112631,7.645534017261438,8.267376421805652,4.845724436853619,2.999844134939531,0.05172413793103448,True,,,,,,,,,0.0,False,,,,
PanTS_00009002,mpd,0,False,2.5,0.8789060115814209,1799,ok,2,1752,0,1,0,0.0,79.83989147570688,False,45.72241605838178,80.0,80.0,3.7138041029711975,5.955095153472691,6.876947511451262,5.240513605331703,3.5239499471132962,0.7125,True,,,,,,,,,0.0,False,,,,
PanTS_00009005,cbd,1,False,2.5,0.8632810115814209,2055,ok,2,2008,0,1,0,0.0,76.28281333174384,True,26.390771080611856,77.0,77.0,4.54691435952362,5.696167834675132,6.10360669632691,2.822774253193791,4.370956435160394,0.0,True,,,,,,,,,0.0,False,,,,
PanTS_00009005,mpd,1,False,2.5,0.8632810115814209,1102,ok,6,1080,5,0,0,0.0,62.01899288552374,False,34.57811967980473,63.0,63.0,3.2903778065153135,4.30754655346443,5.506113016767115,3.9729089401555706,2.8678191168378775,0.5396825396825397,True,,,,,,,,,0.0,False,,,,
PanTS_00009008,cbd,1,False,1.5,1.5,2846,ok,1,2846,0,0,0,0.0,60.38331839513218,True,33.92973406764369,61.0,61.0,6.116296414146884,7.360367700156651,7.78991447551018,5.40240861478884,3.9786677526434273,0.0,True,,,,,,,,,0.0,False,,,,
PanTS_00009008,mpd,1,False,1.5,1.5,105,orient_ambiguous,7,29,4,0,1,5.196152422706632,11.660254037844386,True,9.372731784298558,,,,,,,,,,,,,,,,,,,,,,,
PanTS_00009009,cbd,1,False,1.5,0.9765625,1497,orient_ambiguous,3,1102,0,2,0,0.0,27.898765978752657,False,8.527183495143293,,,,,,,,,,,,,,,,,,,,,,,
PanTS_00009009,mpd,1,True,1.5,0.9765625,2711,ok,2,2575,0,1,0,0.0,60.047701179187584,True,23.37304573025949,61.0,61.0,4.6199020901602355,8.554717204491796,9.48640530090962,4.696796234798866,2.165481537868364,0.7868852459016393,True,1.0064510452986264,24.0,0.3996822447604098,8.0,9.090947203156063,4.5251937825494934,2.0089630720817935,21.0,1.0,False,24.0,18.538725367718826,46.80525661509624,-588.8215465836454
PanTS_00009020,cbd,1,False,1.5,0.646484375,1250,ok,3,1177,1,1,0,0.0,17.85300667219901,False,12.948719846321254,18.0,18.0,6.767994213864599,7.219570609563217,7.6030993874169255,6.434867543229203,6.952450935942485,0.0,False,,,,,,,,,0.0,False,,,,
PanTS_00009020,mpd,1,False,1.5,0.646484375,486,ok,6,178,0,3,2,5.477225575051661,30.547564429058127,True,17.630338588771778,31.0,20.0,2.4387959758564213,3.2152278439643434,3.7948636304016685,2.7389342853096412,2.0417599741704393,0.1,True,,,,,,,,,0.0,False,,,,
PanTS_00009023,cbd,0,False,1.0,0.78125,822,orient_ambiguous,3,801,2,0,0,0.0,50.559020016597024,False,2.481341963335211,,,,,,,,,,,,,,,,,,,,,,,
PanTS_00009023,mpd,0,False,1.0,0.78125,228,orient_ambiguous,5,108,2,2,0,0.0,17.170843917394794,False,12.242053698048828,,,,,,,,,,,,,,,,,,,,,,,
PanTS_00009025,cbd,0,False,0.800000011920929,0.625,0,no_mask,0,0,0,0,0,0.0,,,,,,,,,,,,,,,,,,,,,,,,,,
PanTS_00009025,mpd,0,False,0.800000011920929,0.625,0,no_mask,0,0,0,0,0,0.0,,,,,,,,,,,,,,,,,,,,,,,,,,
PanTS_00009037,cbd,1,False,2.5,0.923828125,1374,ok,3,1170,0,2,0,0.0,43.45924391106771,True,21.162403783354122,44.0,44.0,3.890761584868576,6.467719986094298,6.793386001472673,3.320802934836628,6.387077180407334,0.0,True,,,,,,,,,0.0,False,,,,
PanTS_00009037,mpd,1,False,2.5,0.923828125,458,orient_ambiguous,10,226,6,1,2,7.0,38.83109795523918,False,6.280542958463208,,,,,,,,,,,,,,,,,,,,,,,
PanTS_00009041,cbd,1,False,2.5,0.7246090173721313,14121,loop_in_skeleton,3,13739,1,0,0,0.0,,,,,,,,,,,,,,,,,,,,,,,,,,
PanTS_00009041,mpd,1,False,2.5,0.7246090173721313,2374,ok,5,2090,3,1,0,0.0,123.94160945387019,False,69.66120512447092,124.0,124.0,3.9788760969968,5.056440399972326,5.860030924072224,4.101810551330656,2.5703316963116603,0.6774193548387096,True,,,,,,,,,0.0,False,,,,
PanTS_00009056,cbd,1,False,2.5,0.8671879768371582,1563,ok,3,1398,0,2,0,0.0,27.534440469144222,True,20.688597670734758,28.0,28.0,5.7251093281586565,6.532014521120481,6.716143948282654,5.6170439488177575,5.000274925640884,0.0,True,,,,,,,,,0.0,False,,,,
PanTS_00009056,mpd,1,False,2.5,0.8671879768371582,963,ok,4,710,1,2,0,0.0,46.73059289185085,False,17.494437283601417,47.0,47.0,2.3688723304384967,4.372470731492495,5.304143074046848,2.1718462410136867,1.6086174595395772,0.3191489361702128,True,,,,,,,,,0.0,False,,,,
PanTS_00009059,cbd,0,False,2.5,0.7949219942092896,1333,ok,3,1299,1,1,0,0.0,45.994413338070935,False,25.69357321708328,46.0,46.0,3.6785420304868532,6.074500722621511,7.14324383189571,3.6024585700454463,6.074500722621511,0.0,True,,,,,,,,,0.0,False,,,,
PanTS_00009059,mpd,0,False,2.5,0.7949219942092896,0,no_mask,0,0,0,0,0,0.0,,,,,,,,,,,,,,,,,,,,,,,,,,
PanTS_00009061,cbd,1,False,2.5,0.8007810115814209,616,ok,2,521,0,0,1,6.557438524302,36.48151300836649,True,24.775814454807197,37.0,25.0,3.2033460967925205,5.380631199969577,5.659380053390634,4.82673670268959,3.017181386125912,0.0,True,,,,,,,,,0.0,False,,,,
PanTS_00009061,mpd,1,False,2.5,0.8007810115814209,1026,ok,7,779,3,2,0,0.0,59.14407749636489,False,31.64300876598962,60.0,60.0,3.1687654594698325,3.9634318733411753,4.787209307600904,1.6991294002003607,2.541149308100971,0.4666666666666667,True,,,,,,,,,0.0,False,,,,
PanTS_00009065,cbd,0,False,3.0,0.892578125,2761,ok,1,2761,0,0,0,0.0,48.26576231885406,False,32.46548503417092,49.0,49.0,6.525360846447787,7.619746604586205,8.011168434956712,3.689829258698771,4.341162640104013,0.0,True,,,,,,,,,0.0,False,,,,
PanTS_00009065,mpd,0,False,3.0,0.892578125,503,orient_ambiguous,3,494,2,0,0,0.0,45.994413338070935,False,4.431306325783481,,,,,,,,,,,,,,,,,,,,,,,
PanTS_00009067,cbd,1,False,2.5,0.8164060115814209,933,ok,1,933,0,0,0,0.0,37.58432852190887,True,25.703157315288564,38.0,38.0,4.102480804001601,5.810045917582997,6.178132667286484,4.746255669007623,3.0191559473089633,0.0,True,,,,,,,,,0.0,False,,,,
PanTS_00009067,mpd,1,False,2.5,0.8164060115814209,1739,ok,4,1505,1,2,0,0.0,90.72500622992176,False,40.37629538356536,91.0,91.0,3.841714977993023,4.63683566670467,5.218632579582952,4.031851708535437,2.568793031990224,0.7362637362637363,True,,,,,,,,,0.0,False,,,,
PanTS_00009075,cbd,1,False,2.5,0.8125,671,ok,1,671,0,0,0,0.0,21.777810114122516,False,16.47697390370843,22.0,22.0,4.260433531577511,6.079491555686807,6.634010954189925,4.039103779242256,5.423414643259925,0.0,True,,,,,,,,,0.0,False,,,,
PanTS_00009075,mpd,1,False,2.5,0.8125,70,orient_ambiguous,1,70,0,0,0,0.0,2.414213562373095,True,0.6087459863442319,,,,,,,,,,,,,,,,,,,,,,,
PanTS_00009079,cbd,1,False,1.5,0.9140620231628418,971,ok,1,971,0,0,0,0.0,33.99854208428198,True,19.25578471822874,34.0,34.0,4.290915117867212,5.7226853887163545,6.108414203463549,3.405867472248193,3.5804758181690124,0.0,True,,,,,,,,,0.0,False,,,,
PanTS_00009079,mpd,1,False,1.5,0.9140620231628418,253,ok,3,154,0,2,0,0.0,29.534440469144222,False,24.877709300373454,30.0,30.0,2.0,2.4169009977280234,2.744363633030879,2.059897517127885,1.5443778446564118,0.0,True,,,,,,,,,0.0,False,,,,
PanTS_00009084,cbd,1,False,1.0,0.9375,1320,ok,1,1320,0,0,0,0.0,53.651996545422335,False,41.585245923144626,54.0,54.0,3.90042021024664,4.687942685341137,5.802509177132806,4.5311034869683615,3.6661648817782924,0.0,True,,,,,,,,,0.0,False,,,,
PanTS_00009084,mpd,1,False,1.0,0.9375,454,orient_ambiguous,3,274,0,2,0,0.0,27.55974897445606,False,4.834664986776479,,,,,,,,,,,,,,,,,,,,,,,
PanTS_00009087,cbd,1,False,3.0,0.767578125,4010,ok,3,3903,0,2,0,0.0,74.72573518778078,True,42.62195560092123,75.0,75.0,5.826114812310757,8.27901643084194,9.764979189336394,3.804967785258551,5.046881758403452,0.17333333333333334,True,,,,,,,,,0.0,False,,,,
PanTS_00009087,mpd,1,False,3.0,0.767578125,318,orient_ambiguous,5,158,1,3,0,0.0,22.827698166887178,True,15.859486890276735,,,,,,,,,,,,,,,,,,,,,,,
PanTS_00009095,cbd,0,False,2.5,0.822265625,945,ok,1,945,0,0,0,0.0,41.2124744777374,True,17.0422618419621,42.0,42.0,3.5453668270578444,5.796519332786504,6.237947749283931,1.875825608525786,5.783041330719952,0.0,True,,,,,,,,,0.0,False,,,,
PanTS_00009095,mpd,0,False,2.5,0.822265625,328,orient_ambiguous,6,142,2,2,0,0.0,18.192023676495616,True,3.354701452380848,,,,,,,,,,,,,,,,,,,,,,,
PanTS_00009097,cbd,1,False,2.5,0.6367189884185791,7321,ok,1,7321,0,0,0,0.0,80.35728093196131,False,42.59965758252284,81.0,81.0,8.173924579935925,11.025438253811792,12.011861536779666,8.436425844485612,6.28338245014179,0.5432098765432098,True,,,,,,,,,0.0,False,,,,
PanTS_00009097,mpd,1,False,2.5,0.6367189884185791,168,orient_ambiguous,2,131,0,1,0,0.0,11.853006672199013,True,2.198126628962516,,,,,,,,,,,,,,,,,,,,,,,
PanTS_00009121,cbd,1,False,5.0,0.703125,1412,orient_ambiguous,2,1015,0,1,0,0.0,29.413484604514082,True,3.2812987836664433,,,,,,,,,,,,,,,,,,,,,,,
PanTS_00009121,mpd,1,False,5.0,0.703125,2175,ok,2,2053,0,1,0,0.0,59.09078965524823,False,33.27946467841585,60.0,60.0,3.7814415416043095,6.216723026469305,7.401830589657128,6.350132450889297,3.5838618039677406,0.7333333333333333,True,,,,,,,,,0.0,False,,,,
PanTS_00009127,cbd,1,False,2.5,0.896484375,1578,ok,1,1578,0,0,0,0.0,66.14067770801287,False,33.157670617925845,67.0,67.0,3.657047647914746,4.885177768254852,5.484559933750585,2.4571364815253465,4.060778995167549,0.0,True,,,,,,,,,0.0,False,,,,
PanTS_00009127,mpd,1,False,2.5,0.896484375,203,orient_ambiguous,4,151,2,1,0,0.0,26.5098609216914,False,5.595021195725957,,,,,,,,,,,,,,,,,,,,,,,
PanTS_00009130,cbd,0,False,2.5,0.794921875,2098,ok,2,2038,0,1,0,0.0,63.8050604920683,False,22.225161492952314,64.0,64.0,4.704521121587028,6.8203966203962905,7.648773674794736,3.3354021568025014,6.0366326004849,0.0,True,,,,,,,,,0.0,False,,,,
PanTS_00009130,mpd,0,False,2.5,0.794921875,492,ok,3,265,1,0,1,6.782329983125268,64.1943566719213,True,11.285206374213601,65.0,52.0,2.5020239970741915,3.1321198504774634,3.519016273160382,2.4958201755498166,1.9068927557227373,0.09615384615384616,True,,,,,,,,,0.0,False,,,,
PanTS_00009135,cbd,1,False,2.5,0.7226560115814209,3688,orient_ambiguous,2,2620,0,1,0,0.0,41.827698166887174,False,0.22685106177019065,,,,,,,,,,,,,,,,,,,,,,,
PanTS_00009135,mpd,1,True,2.5,0.7226560115814209,4378,ok,8,4100,3,3,0,0.0,111.45292829127962,False,53.28501197454817,112.0,112.0,5.079546255175714,7.212919073532635,7.965776623114181,7.130747234942605,5.4747769733116325,0.8392857142857143,True,1.7830152544500968,44.0,0.3947854998031728,5.0,7.442260149253017,2.1625381249354128,3.441446910664426,44.0,1.0,False,44.0,-217.34023261495526,-185.80059559641907,75.72965270984335
PanTS_00009138,cbd,0,False,2.5,0.833984375,619,ok,6,466,2,2,0,0.0,27.70601334439803,False,21.19466393555544,28.0,28.0,2.9991263560224315,4.0298794156292725,4.891814273731932,3.675128473387198,2.6395434240406823,0.0,True,,,,,,,,,0.0,False,,,,
PanTS_00009138,mpd,0,False,2.5,0.833984375,0,no_mask,0,0,0,0,0,0.0,,,,,,,,,,,,,,,,,,,,,,,,,,
PanTS_00009139,cbd,0,False,5.0,0.6757810115814209,772,orient_ambiguous,2,596,0,1,0,0.0,29.82769816688718,False,7.653946347026892,,,,,,,,,,,,,,,,,,,,,,,
PanTS_00009139,mpd,0,False,5.0,0.6757810115814209,15,too_small,1,15,1,0,0,0.0,,,,,,,,,,,,,,,,,,,,,,,,,,
PanTS_00009143,cbd,1,False,5.0,0.9765620231628418,955,ok,4,434,0,3,0,0.0,25.874186431299833,True,12.309979627639756,26.0,26.0,3.723015674016299,4.159250981233042,5.33950911057277,3.822626036861516,3.1204236012639486,0.0,True,,,,,,,,,0.0,False,,,,
PanTS_00009143,mpd,1,False,5.0,0.9765620231628418,47,orient_ambiguous,2,39,1,0,0,0.0,1.0,False,0.0,,,,,,,,,,,,,,,,,,,,,,,
PanTS_00009147,cbd,0,False,2.49993896484375,0.6660159826278687,52,no_regions,1,52,0,0,0,0.0,1.0,,,,,,,,,,,,,,,,,,,,,,,,,
PanTS_00009147,mpd,0,False,2.49993896484375,0.6660159826278687,0,no_mask,0,0,0,0,0,0.0,,,,,,,,,,,,,,,,,,,,,,,,,,
PanTS_00009151,cbd,1,False,2.5,0.7910159826278687,479,ok,2,458,0,1,0,0.0,16.999271042140986,True,12.774349223234829,17.0,17.0,2.545472146980025,5.070533364763058,5.433855184874946,1.9915499291503949,3.2762355319814995,0.0,False,,,,,,,,,0.0,False,,,,
PanTS_00009151,mpd,1,False,2.5,0.7910159826278687,2827,ok,6,1266,0,2,1,7.0710678118654755,43.96983379061813,False,32.13319883625443,44.0,31.0,3.1177570164543535,3.8051147017114206,3.9209665213165,2.6915505038373384,,0.45161290322580644,True,,,,,,,,,0.0,False,,,,
PanTS_00009152,cbd,1,False,2.5,0.8046879768371582,3529,ok,2,3528,1,0,0,0.0,94.02166371601672,True,42.30074533818066,95.0,95.0,5.017883521564265,7.631529786192829,7.990186948300632,2.375807224987015,4.201069566743994,0.0,True,,,,,,,,,0.0,False,,,,
PanTS_00009152,mpd,1,False,2.5,0.8046879768371582,1433,ok,3,1385,1,1,0,0.0,95.81798275874704,False,45.462299504290314,96.0,96.0,3.0575003426803233,4.357471296959587,5.506421002262305,4.908244522151651,2.0,0.4166666666666667,True,,,,,,,,,0.0,False,,,,
PanTS_00009157,cbd,1,False,2.5,0.6992189884185791,1564,ok,2,1268,0,1,0,0.0,58.86932872722977,True,19.546868712700334,59.0,59.0,3.8443965098997293,5.417624776741684,5.90819568997895,3.7274054496209734,3.8666487964127847,0.0,True,,,,,,,,,0.0,False,,,,
PanTS_00009157,mpd,1,False,2.5,0.6992189884185791,442,orient_ambiguous,4,207,0,3,0,0.0,24.14553541208296,True,16.1303037543924,,,,,,,,,,,,,,,,,,,,,,,
PanTS_00009158,cbd,1,False,1.5,0.6328125,933,ok,1,933,0,0,0,0.0,30.241911729260277,True,13.958941142240839,31.0,31.0,4.385598291754025,5.53309078655202,5.790920594607094,5.123986412911746,3.7101585130976598,0.0,True,,,,,,,,,0.0,False,,,,
PanTS_00009158,mpd,1,False,1.5,0.6328125,662,ok,3,585,0,2,0,0.0,26.020450801241807,False,16.043721232402085,27.0,27.0,3.509338810357532,4.419086845136992,5.2906882590498725,3.9505457452594586,2.653131517906317,0.5925925925925926,True,,,,,,,,,0.0,False,,,,
PanTS_00009159,cbd,0,False,2.5,0.87890625,2460,loop_in_skeleton,4,2365,2,0,1,3.7416573867739413,,,,,,,,,,,,,,,,,,,,,,,,,,
PanTS_00009159,mpd,0,False,2.5,0.87890625,71,orient_ambiguous,2,56,1,0,0,0.0,4.732050807568877,False,0.5516169552440395,,,,,,,,,,,,,,,,,,,,,,,
PanTS_00009161,cbd,1,False,1.5,1.5,1755,ok,1,1755,0,0,0,0.0,47.48722324687254,True,36.27684791949615,48.0,48.0,5.522400790973249,6.230019966298917,6.621058166544865,5.480173550594733,5.27292951995209,0.0,True,,,,,,,,,0.0,False,,,,
PanTS_00009161,mpd,1,False,1.5,1.5,121,orient_ambiguous,4,71,2,1,0,0.0,9.242640687119286,True,1.1482308416475764,,,,,,,,,,,,,,,,,,,,,,,
PanTS_00009163,cbd,0,False,1.5,1.5,1673,ok,3,1350,0,1,1,4.69041575982343,66.51665601099255,True,55.9776336648919,67.0,56.0,4.672276620124361,5.365551658170706,5.662640086997076,3.558158422993155,3.2085439642524096,0.0,True,,,,,,,,,0.0,False,,,,
PanTS_00009163,mpd,0,False,1.5,1.5,26,too_small,3,15,3,0,0,0.0,,,,,,,,,,,,,,,,,,,,,,,,,,
PanTS_00009168,cbd,1,False,2.5,0.8046875,787,loop_in_skeleton,2,731,0,0,0,0.0,,,,,,,,,,,,,,,,,,,,,,,,,,
PanTS_00009168,mpd,1,False,2.5,0.8046875,554,orient_ambiguous,8,247,3,3,1,7.0710678118654755,23.973962536829145,False,19.883737213565404,,,,,,,,,,,,,,,,,,,,,,,
PanTS_00009174,cbd,1,False,2.5,0.8984379768371582,833,ok,1,833,0,0,0,0.0,53.334159300226545,True,11.583364182962278,54.0,54.0,3.430512001181707,4.597605402169005,5.213352552606716,1.9661043855803269,4.3656774005385515,0.0,True,,,,,,,,,0.0,False,,,,
PanTS_00009174,mpd,1,False,2.5,0.8984379768371582,5090,ok,3,4792,0,2,0,0.0,99.6245011665334,False,61.28817336375731,100.0,100.0,5.6486298869441125,7.878689146077759,8.516624195848642,8.25282396263019,2.5890180778167764,0.83,True,,,,,,,,,0.0,False,,,,
PanTS_00009180,cbd,1,False,2.0,0.63671875,91,too_small,4,39,2,0,0,0.0,,,,,,,,,,,,,,,,,,,,,,,,,,
PanTS_00009180,mpd,1,False,2.0,0.63671875,16,too_small,3,9,3,0,0,0.0,,,,,,,,,,,,,,,,,,,,,,,,,,
PanTS_00009181,cbd,1,False,2.5,0.796875,832,ok,3,823,2,0,0,0.0,31.973962536829156,False,23.180040080544476,32.0,32.0,4.234563875322049,5.696709329521182,6.270745463344433,2.366884702060393,5.1397699059938,0.0,True,,,,,,,,,0.0,False,,,,
PanTS_00009181,mpd,1,False,2.5,0.796875,41,orient_ambiguous,3,23,2,0,0,0.0,4.5604779323150675,False,1.6144600542923762,,,,,,,,,,,,,,,,,,,,,,,
PanTS_00009182,cbd,1,False,2.5,0.8027340173721313,1609,ok,1,1609,0,0,0,0.0,86.18983680291852,True,52.24191890515922,87.0,87.0,3.915542196661094,5.058551332243691,5.793352254789835,1.9845157375608733,3.791957831515397,0.0,True,,,,,,,,,0.0,False,,,,
PanTS_00009182,mpd,1,False,2.5,0.8027340173721313,726,ok,4,594,1,0,2,7.483314773547883,78.50902573421259,False,23.626887294726806,79.0,54.0,2.1775229319530567,3.270944081715839,3.851560144013122,2.375967612246109,1.588709383417755,0.12962962962962962,True,,,,,,,,,0.0,False,,,,
PanTS_00009188,cbd,1,False,2.5,0.7695310115814209,851,ok,3,827,2,0,0,0.0,39.120226906771116,True,21.278642027502286,40.0,40.0,3.434295837941144,4.894096401279543,5.303125250639822,2.364406498665849,4.328262389794217,0.0,True,,,,,,,,,0.0,False,,,,
PanTS_00009188,mpd,1,False,2.5,0.7695310115814209,143,orient_ambiguous,4,83,2,1,0,0.0,8.974691494688162,True,4.844956276058424,,,,,,,,,,,,,,,,,,,,,,,
PanTS_00009191,cbd,1,False,5.0,0.8398439884185791,1781,ok,2,1767,1,0,0,0.0,70.99368438021189,True,52.968064339183975,71.0,71.0,4.160614170298569,5.628014739534706,5.992993833509426,4.264864621258882,4.512358526131991,0.0,True,,,,,,,,,0.0,False,,,,
PanTS_00009191,mpd,1,False,5.0,0.8398439884185791,223,orient_ambiguous,3,194,2,0,0,0.0,18.899494936611667,True,7.430023128386383,,,,,,,,,,,,,,,,,,,,,,,
PanTS_00009199,cbd,1,False,5.0,0.9433590173721313,1080,ok,1,1080,0,0,0,0.0,30.559748974456056,True,18.519097408253952,31.0,31.0,4.373947677647557,5.441169085174138,5.9947834255119545,4.21949478457104,4.6658059353222825,0.0,True,,,,,,,,,0.0,False,,,,
PanTS_00009199,mpd,1,False,5.0,0.9433590173721313,291,orient_ambiguous,3,267,2,0,0,0.0,8.292528739883945,True,2.7146091962378893,,,,,,,,,,,,,,,,,,,,,,,
PanTS_00009222,cbd,1,False,5.0,0.8261719942092896,1990,ok,2,1982,1,0,0,0.0,83.89390827468259,True,26.987552999037813,84.0,84.0,4.361015166578049,5.97573479030493,6.33088339913338,1.7136134108328518,5.952082903745488,0.0,True,,,,,,,,,0.0,False,,,,
PanTS_00009222,mpd,1,False,5.0,0.8261719942092896,1976,ok,1,1976,0,0,0,0.0,106.62862991274443,False,21.860806762529066,107.0,107.0,3.688900946832772,4.589785200007032,5.709578311885942,2.4872498190289067,3.248809689178155,0.5700934579439252,True,,,,,,,,,0.0,False,,,,
PanTS_00009227,cbd,1,False,2.5,0.7519530057907104,5529,loop_in_skeleton,2,5521,1,0,0,0.0,,,,,,,,,,,,,,,,,,,,,,,,,,
PanTS_00009227,mpd,1,False,2.5,0.7519530057907104,887,orient_ambiguous,4,490,0,2,1,5.916079783099616,44.45052025224381,True,13.503727841739014,,,,,,,,,,,,,,,,,,,,,,,
PanTS_00009237,cbd,1,False,2.5,0.7578120231628418,662,ok,1,662,0,0,0,0.0,34.070338854006465,True,18.44035756384663,35.0,35.0,2.9560978821478865,4.689011693153343,4.893172673108388,4.648498361404976,2.9923829893483758,0.0,True,,,,,,,,,0.0,False,,,,
PanTS_00009237,mpd,1,False,2.5,0.7578120231628418,586,ok,9,443,7,1,0,0.0,27.434664363614903,False,18.421888836372048,28.0,28.0,3.103994815195012,3.8749327533058775,4.070580902677403,3.555587605044162,3.028662830814425,0.42857142857142855,True,,,,,,,,,0.0,False,,,,
PanTS_00009254,cbd,0,False,3.0,0.9765625,2285,ok,1,2285,0,0,0,0.0,80.23972485568318,False,49.050282106390625,81.0,81.0,4.958170684926926,6.020120425750985,6.612865633355552,3.4383448489629433,4.984645283319281,0.0,True,,,,,,,,,0.0,False,,,,
PanTS_00009254,mpd,0,False,3.0,0.9765625,1837,ok,3,1810,2,0,0,0.0,101.5247250610041,False,39.47352056224781,102.0,102.0,3.8503220003915932,5.1302905529487735,5.6321580382477325,4.666041600822444,2.608993638058582,0.7941176470588235,True,,,,,,,,,0.0,False,,,,
PanTS_00009258,cbd,1,False,2.5,0.7363280057907104,3823,ok,2,3711,0,1,0,0.0,64.84742001026993,True,32.34728315660222,65.0,65.0,6.629752366373544,8.554595218921019,9.213084198588442,4.83850861341701,6.576920669210473,0.2,True,,,,,,,,,0.0,False,,,,
PanTS_00009258,mpd,1,False,2.5,0.7363280057907104,2812,ok,5,2767,4,0,0,0.0,130.2088296884423,False,68.65617268557185,131.0,131.0,3.6329558772990924,5.589804738026027,6.788578808171444,2.6300103598019993,1.941823748609366,0.7175572519083969,True,,,,,,,,,0.0,False,,,,
PanTS_00009259,cbd,1,False,2.5,0.8359375,1769,ok,3,1734,1,1,0,0.0,45.26649127671309,False,34.38957398932415,46.0,46.0,5.180408657910651,6.707550197983997,7.065967763241258,6.707550197983997,2.6886660194005767,0.0,True,,,,,,,,,0.0,False,,,,
PanTS_00009259,mpd,1,False,2.5,0.8359375,182,orient_ambiguous,6,82,3,1,1,6.4031242374328485,11.706742302257041,True,8.586231435655927,,,,,,,,,,,,,,,,,,,,,,,
PanTS_00009262,cbd,0,False,1.5,0.9765620231628418,3405,ok,1,3405,0,0,0,0.0,92.1645282976067,True,47.08108338949662,93.0,93.0,5.56310743198063,6.7883873924309945,7.82408417750899,4.38892822835585,5.649018770619567,0.0,True,,,,,,,,,0.0,False,,,,
PanTS_00009262,mpd,0,False,1.5,0.9765620231628418,0,no_mask,0,0,0,0,0,0.0,,,,,,,,,,,,,,,,,,,,,,,,,,
PanTS_00009265,cbd,1,True,2.5,0.9746090173721313,8053,ok,2,7905,0,1,0,0.0,62.4864942890135,True,37.44320454203235,63.0,63.0,11.05108519352847,12.200797436601617,12.818300221226263,4.815856180590134,7.634070117605571,0.7619047619047619,True,1.3102314762026546,9.0,0.14403112388371575,12.0,10.93828308500861,4.410930177646679,2.4798132467479697,48.0,1.0,False,9.0,-263.55052253726245,-315.84067702966956,103.03575095517405
PanTS_00009265,mpd,1,False,2.5,0.9746090173721313,1568,ok,8,1400,5,1,0,0.0,100.44952850292758,False,44.722169105323204,101.0,101.0,3.405486085925448,4.104606951568952,4.9788619953138795,3.6752476038892885,3.39124022926283,0.5643564356435643,True,,,,,,,,,0.0,False,,,,
PanTS_00009281,cbd,1,False,1.0,0.72265625,294,orient_ambiguous,2,264,0,1,0,0.0,14.949382989376328,True,7.7170840035958435,,,,,,,,,,,,,,,,,,,,,,,
PanTS_00009281,mpd,1,False,1.0,0.72265625,330,ok,6,258,3,2,0,0.0,30.85227771434,True,16.973594212774337,31.0,31.0,2.2637481034212477,3.2642164099520983,3.851958284543491,2.4929189788357142,1.9406200907594449,0.12903225806451613,True,,,,,,,,,0.0,False,,,,
PanTS_00009286,cbd,1,False,2.5,0.703125,1752,ok,2,1734,1,0,0,0.0,58.290341866306875,True,46.818489653757524,59.0,59.0,4.388377316084914,5.585893493624495,5.906161104342825,3.2716944053953885,5.368911546937962,0.0,True,,,,,,,,,0.0,False,,,,
PanTS_00009286,mpd,1,False,2.5,0.703125,2994,ok,7,2079,3,3,0,0.0,66.18716597242555,False,31.453175016182357,67.0,67.0,5.251485422959806,5.861404301875239,6.132525831434732,5.528233970375394,2.994802913354153,0.8507462686567164,True,,,,,,,,,0.0,False,,,,
PanTS_00009287,cbd,1,False,2.5,0.96875,1494,ok,1,1494,0,0,0,0.0,98.86859976937072,False,15.355865767055505,99.0,99.0,3.3131612839695492,4.98781857490292,5.77325503834424,2.858043281639919,3.898898595156261,0.0,True,,,,,,,,,0.0,False,,,,
PanTS_00009287,mpd,1,False,2.5,0.96875,0,no_mask,0,0,0,0,0,0.0,,,,,,,,,,,,,,,,,,,,,,,,,,
PanTS_00009290,cbd,1,False,2.5,0.876953125,1108,ok,1,1108,0,0,0,0.0,48.947925073658276,False,24.666076073591082,49.0,49.0,3.8051105453215524,5.1305550172484695,6.61386643391253,2.7416408586507357,3.988602306020483,0.0,True,,,,,,,,,0.0,False,,,,
PanTS_00009290,mpd,1,False,2.5,0.876953125,266,ok,3,157,0,2,0,0.0,22.706013344398027,True,17.264354459748333,23.0,23.0,2.0,2.346652264717287,2.577042472874131,1.9994563991277534,1.9865126868607428,0.0,True,,,,,,,,,0.0,False,,,,
PanTS_00009292,cbd,1,False,1.0,0.765625,708,ok,2,705,1,0,0,0.0,46.701884598187,False,18.738032426284956,47.0,47.0,3.2100822438925984,4.329309370645476,5.501027467673551,1.7054407008030985,4.2857753888310555,0.0,True,,,,,,,,,0.0,False,,,,
PanTS_00009292,mpd,1,False,1.0,0.765625,420,ok,4,369,2,1,0,0.0,54.829640039521124,True,19.227381462522636,55.0,55.0,2.037549559746086,2.6434208352581634,3.738023830800752,1.9366753721843892,2.55194647158028,0.03636363636363636,True,,,,,,,,,0.0,False,,,,
PanTS_00009301,cbd,1,False,2.5,0.8652340173721313,48,orient_ambiguous,1,48,0,0,0,0.0,2.0,True,0.7923216686558945,,,,,,,,,,,,,,,,,,,,,,,
PanTS_00009301,mpd,1,False,2.5,0.8652340173721313,12,too_small,1,12,1,0,0,0.0,,,,,,,,,,,,,,,,,,,,,,,,,,
PanTS_00009304,cbd,1,False,2.5,0.8203120231628418,2402,loop_in_skeleton,1,2402,0,0,0,0.0,,,,,,,,,,,,,,,,,,,,,,,,,,
PanTS_00009304,mpd,1,False,2.5,0.8203120231628418,646,ok,5,563,2,1,1,6.48074069840786,42.96983379061812,False,24.046808423890575,43.0,43.0,3.0556281849966007,3.841299740289432,4.139212348630476,3.840547847762669,1.5563698804669384,0.4418604651162791,True,,,,,,,,,0.0,False,,,,
PanTS_00009306,cbd,0,False,5.0,0.80078125,2727,no_regions,2,2502,0,0,1,4.242640687119285,84.89390827468256,,,,,,,,,,,,,,,,,,,,,,,,,
PanTS_00009306,mpd,0,False,5.0,0.80078125,124,no_regions,2,107,1,0,0,0.0,9.242640687119286,,,,,,,,,,,,,,,,,,,,,,,,,
PanTS_00009308,cbd,1,False,5.0,0.82421875,898,ok,4,548,0,2,0,0.0,27.509860921691395,True,17.99990756287744,28.0,28.0,4.243667903447398,5.166439702826521,5.516178151771697,2.214309670931743,4.875709520663316,0.0,True,,,,,,,,,0.0,False,,,,
PanTS_00009308,mpd,1,False,5.0,0.82421875,501,orient_ambiguous,5,371,0,2,1,5.656854249492381,34.33828804643758,True,3.270125297484487,,,,,,,,,,,,,,,,,,,,,,,
PanTS_00009313,cbd,1,False,2.5,0.8066409826278687,1607,ok,3,1150,0,1,1,7.681145747868608,73.36112162909575,True,13.733660648471883,74.0,62.0,3.8295259128600545,5.188506275430507,5.90716063039949,1.9526821613070888,,0.0,True,,,,,,,,,0.0,False,,,,
PanTS_00009313,mpd,1,False,2.5,0.8066409826278687,141,orient_ambiguous,1,141,0,0,0,0.0,20.192023676495612,True,14.732872972083044,,,,,,,,,,,,,,,,,,,,,,,
PanTS_00009317,cbd,1,False,1.0,0.72265625,1305,ok,2,717,0,1,0,0.0,45.04843013704662,True,24.148866780990357,46.0,46.0,2.8302000916268097,4.19835834602895,4.478602509377567,1.9413172233893023,3.7661040904926564,0.0,True,,,,,,,,,0.0,False,,,,
PanTS_00009317,mpd,1,False,1.0,0.72265625,513,ok,8,222,2,3,2,7.0710678118654755,59.03374273019874,True,41.962273628190395,60.0,35.0,2.3484141598781005,2.8818342700298105,3.523784877003039,2.3830219987111834,,0.08571428571428572,True,,,,,,,,,0.0,False,,,,
PanTS_00009319,cbd,1,False,2.5,0.7929689884185791,1680,ok,1,1680,0,0,0,0.0,65.16525725546572,True,40.73660415468783,66.0,66.0,3.918367420642057,5.691094957797443,7.794986350498018,2.0,6.221383306628725,0.0,True,,,,,,,,,0.0,False,,,,
PanTS_00009319,mpd,1,False,2.5,0.7929689884185791,1367,ok,4,1139,1,2,0,0.0,49.35873884767937,False,27.454247024420916,50.0,50.0,4.106791295762866,4.927269681708571,5.324503894787961,4.883594607146097,4.023449965831554,0.76,True,,,,,,,,,0.0,False,,,,
PanTS_00009321,cbd,1,False,1.0,0.818359375,2058,ok,1,2058,0,0,0,0.0,82.72233539942876,False,32.06952786024469,83.0,83.0,4.2688002449804205,5.9601089007357295,6.9306141693405765,2.129530621472003,5.237810741575091,0.0,True,,,,,,,,,0.0,False,,,,
PanTS_00009321,mpd,1,False,1.0,0.818359375,513,orient_ambiguous,5,450,2,1,1,7.3484692283495345,79.89923175252449,False,0.05572365217221531,,,,,,,,,,,,,,,,,,,,,,,
PanTS_00009322,cbd,0,False,0.7890625,0.5,1803,ok,2,1800,1,0,0,0.0,68.33683013071952,True,23.097710764335982,69.0,69.0,3.9375441651403182,5.264752883654108,6.152922277410833,1.6287392979154758,3.881699261229871,0.0,True,,,,,,,,,0.0,False,,,,
PanTS_00009322,mpd,0,False,0.7890625,0.5,99,orient_ambiguous,2,81,1,0,0,0.0,6.292528739883944,False,5.2732592465540336,,,,,,,,,,,,,,,,,,,,,,,
PanTS_00009325,cbd,1,False,2.5,0.8242189884185791,1170,ok,4,594,0,3,0,0.0,23.609637027220717,True,15.371069192178606,24.0,24.0,3.0574366706363003,4.259829487552923,4.4409522687534615,1.9797732879385164,3.6830902973153554,0.0,True,,,,,,,,,0.0,False,,,,
PanTS_00009325,mpd,1,False,2.5,0.8242189884185791,75,orient_ambiguous,3,50,1,1,0,0.0,7.146264369941973,False,5.116858880640631,,,,,,,,,,,,,,,,,,,,,,,
PanTS_00009329,cbd,1,False,2.5,0.8046879768371582,559,ok,1,559,0,0,0,0.0,33.38817609920225,True,28.424985369127324,34.0,34.0,3.6541158308802064,4.376934040482452,5.04288748513866,2.5597353161057703,4.1635435327827155,0.0,True,,,,,,,,,0.0,False,,,,
PanTS_00009329,mpd,1,False,2.5,0.8046879768371582,646,ok,4,591,2,1,0,0.0,74.87199955772275,False,56.32510191018875,75.0,75.0,2.3396146437708083,2.8901764621516732,3.826830435879664,2.545082553098352,1.6449904888345674,0.05333333333333334,True,,,,,,,,,0.0,False,,,,
PanTS_00009331,cbd,0,False,5.0,0.830078125,2656,ok,2,2566,0,1,0,0.0,61.583599564049834,True,37.745730059159385,62.0,62.0,5.6655534175993125,7.767210139056977,8.427383587272807,2.7062644329522474,5.608108396827989,0.06451612903225806,True,,,,,,,,,0.0,False,,,,
PanTS_00009331,mpd,0,False,5.0,0.830078125,1070,ok,5,846,3,1,0,0.0,46.01972184338278,False,31.938349316987015,47.0,47.0,3.81945012374337,4.359008592172229,4.858294764401879,3.0494377333564247,3.443127260590155,0.723404255319149,True,,,,,,,,,0.0,False,,,,
PanTS_00009338,cbd,1,False,2.5,0.93359375,2355,ok,3,2291,0,2,0,0.0,33.31297954112575,False,23.65111092103005,34.0,34.0,7.638886342150959,8.985591592483404,9.601451326020088,6.587007919562017,8.10540437761445,0.35294117647058826,True,,,,,,,,,0.0,False,,,,
PanTS_00009338,mpd,1,False,2.5,0.93359375,297,orient_ambiguous,6,126,3,2,0,0.0,20.43879310982592,False,5.1804518137121605,,,,,,,,,,,,,,,,,,,,,,,
PanTS_00009341,cbd,1,False,2.5,0.859375,1390,ok,2,1378,1,0,0,0.0,33.02385058959381,True,25.30509479475062,34.0,34.0,5.09665287301746,7.826144559547391,8.145512963863252,4.355680785474924,4.579558753775029,0.08823529411764706,True,,,,,,,,,0.0,False,,,,
PanTS_00009341,mpd,1,False,2.5,0.859375,352,ok,7,118,3,2,1,7.280109889280518,32.15429632058035,False,27.413596367089454,33.0,20.0,2.0,2.497960677787262,2.515097359632871,1.9470548673713477,2.087107225819911,0.0,True,,,,,,,,,0.0,False,,,,
PanTS_00009342,cbd,1,False,2.5,0.7382810115814209,7541,ok,1,7541,0,0,0,0.0,67.75444348144461,True,44.10994299593864,68.0,68.0,9.51374485488115,11.798866719842506,12.29255488134419,6.499839012983356,7.709939823982998,0.7941176470588235,True,,,,,,,,,0.0,False,,,,
PanTS_00009342,mpd,1,False,2.5,0.7382810115814209,861,ok,6,636,3,2,0,0.0,51.06621010779542,False,30.54732245061377,52.0,52.0,2.0,4.015356171821782,4.868934797040121,4.052940098156853,2.0,0.2692307692307692,True,,,,,,,,,0.0,False,,,,
PanTS_00009347,cbd,1,False,2.5,0.7441409826278687,8421,ok,1,8421,0,0,0,0.0,57.604779323150645,False,42.12733773700536,58.0,58.0,10.37152335333618,12.590825454613743,13.389999072163118,8.974119800563894,7.3181243663837465,0.8620689655172413,True,,,,,,,,,0.0,False,,,,
PanTS_00009347,mpd,1,False,2.5,0.7441409826278687,334,ok,2,321,1,0,0,0.0,57.77708115626348,True,37.726212931336185,58.0,58.0,2.0,2.44892376470243,2.7362249875673927,1.990878417920904,1.8907778833415703,0.0,True,,,,,,,,,0.0,False,,,,
PanTS_00009366,cbd,1,False,2.0,0.78125,20177,ok,3,19695,0,2,0,0.0,84.72500622992173,False,66.55925776222907,85.0,85.0,15.519089011246386,17.2425218790933,17.772861426915057,9.305244453923953,7.607871351051713,0.8705882352941177,True,,,,,,,,,0.0,False,,,,
PanTS_00009366,mpd,1,False,2.0,0.78125,1113,ok,3,627,1,1,0,0.0,51.06621010779543,True,32.165006081689064,52.0,52.0,2.154330425637048,3.807566658567514,4.225394527650973,2.3941414004234844,2.441318927552791,0.3269230769230769,True,,,,,,,,,0.0,False,,,,
PanTS_00009367,cbd,1,False,1.5,1.5,6120,ok,2,6040,0,1,0,0.0,69.52958276507414,True,52.124058056921115,70.0,70.0,7.357454415792111,10.66510948515252,11.93927931512837,4.601788087612006,7.580080639694452,0.4714285714285714,True,,,,,,,,,0.0,False,,,,
PanTS_00009367,mpd,1,False,1.5,1.5,375,orient_ambiguous,3,283,0,1,1,6.4031242374328485,19.10986653968989,False,9.563972775628532,,,,,,,,,,,,,,,,,,,,,,,
PanTS_00009371,cbd,1,False,5.0,0.8261719942092896,16996,ok,3,16804,0,2,0,0.0,90.23899589782417,True,58.774860264710384,91.0,91.0,10.834240421344164,13.043688589786546,15.010997251026772,8.783678144996511,4.877909278223776,0.7142857142857143,True,,,,,,,,,0.0,False,,,,
PanTS_00009371,mpd,1,True,5.0,0.8261719942092896,2046,ok,3,1879,1,1,0,0.0,79.79413216915326,False,30.994110418565224,80.0,80.0,4.53937917562676,5.544382503835435,6.11787311627067,3.2147305593177453,2.5878960514651386,0.7625,True,1.034523971265326,5.0,0.06266124919311919,5.0,4.949463155998659,2.4162137370009087,2.0484376362093326,59.0,1.0,False,5.0,-223.15528127275624,-248.6846264033449,283.57278525735535
PanTS_00009373,cbd,1,False,5.0,0.8920000195503235,7299,ok,2,7083,0,1,0,0.0,87.94379632744723,True,45.770243213875325,88.0,88.0,8.06051235904187,11.55876149773992,12.11259183846335,4.617650229120701,5.851239790698962,0.5,True,,,,,,,,,0.0,False,,,,
PanTS_00009373,mpd,1,False,5.0,0.8920000195503235,243,orient_ambiguous,1,243,0,0,0,0.0,11.87831517751085,True,8.109693375833942,,,,,,,,,,,,,,,,,,,,,,,
PanTS_00009375,cbd,1,False,2.5,0.8945310115814209,913,ok,2,707,0,1,0,0.0,54.91921677999442,True,44.28454986499742,55.0,55.0,3.4395767450899934,4.0,4.354663602058216,1.9580042017070096,3.83401633024176,0.0,True,,,,,,,,,0.0,False,,,,
PanTS_00009375,mpd,1,False,2.5,0.8945310115814209,434,ok,3,406,1,0,1,6.557438524302,40.82053001266309,False,29.389887532521755,41.0,30.0,2.868173662406961,3.9131413695426756,4.139304513231805,3.609853403014189,,0.3333333333333333,True,,,,,,,,,0.0,False,,,,
PanTS_00009378,cbd,0,False,0.800000011920929,0.64453125,27,orient_ambiguous,1,27,0,0,0,0.0,1.0,False,0.0,,,,,,,,,,,,,,,,,,,,,,,
PanTS_00009378,mpd,0,False,0.800000011920929,0.64453125,0,no_mask,0,0,0,0,0,0.0,,,,,,,,,,,,,,,,,,,,,,,,,,
PanTS_00009380,cbd,0,False,2.5,0.703125,1602,ok,2,1020,0,1,0,0.0,43.487952204731556,True,11.709424811529086,44.0,44.0,4.512698317083892,5.645858532781568,6.704545337423522,4.128964250574171,2.971327092091369,0.0,True,,,,,,,,,0.0,False,,,,
PanTS_00009380,mpd,0,False,2.5,0.703125,8,too_small,2,4,2,0,0,0.0,,,,,,,,,,,,,,,,,,,,,,,,,,
PanTS_00009382,cbd,1,False,1.0,0.72265625,333,orient_ambiguous,2,318,1,0,0,0.0,8.560477932315067,True,4.622472773325981,,,,,,,,,,,,,,,,,,,,,,,
PanTS_00009382,mpd,1,False,1.0,0.72265625,69,orient_ambiguous,1,69,0,0,0,0.0,6.242640687119286,True,3.3450908525837377,,,,,,,,,,,,,,,,,,,,,,,
PanTS_00009383,cbd,1,False,1.5,0.646484375,1491,loop_in_skeleton,1,1491,0,0,0,0.0,,,,,,,,,,,,,,,,,,,,,,,,,,
PanTS_00009383,mpd,1,False,1.5,0.646484375,771,orient_ambiguous,5,399,0,2,2,7.0710678118654755,39.858995789480964,False,3.1616983166587396,,,,,,,,,,,,,,,,,,,,,,,
PanTS_00009385,cbd,1,False,5.0,0.734375,5130,ok,3,2771,1,1,0,0.0,43.82696920902816,True,20.616588628658114,44.0,44.0,4.609860667765673,8.759497685845401,9.346521766763486,5.186521284354097,4.096999267218658,0.22727272727272727,True,,,,,,,,,0.0,False,,,,
PanTS_00009385,mpd,1,False,5.0,0.734375,5708,ok,4,4128,1,2,0,0.0,83.554891270386,False,52.9841163066507,84.0,84.0,6.642009630790294,7.683608784868125,7.92294849749765,3.8418091746239513,5.877956862305285,0.9523809523809523,True,,,,,,,,,0.0,False,,,,
PanTS_00009386,cbd,1,True,3.0,0.9414060115814209,10767,ok,3,10370,0,2,0,0.0,84.19663637962256,True,62.111987512536864,85.0,85.0,8.537369556273743,11.02956337759278,11.665719704899008,10.818740378573647,7.707368075160898,0.6470588235294118,True,1.485773787674449,44.0,0.5225861969308904,8.0,9.889697027290145,3.5311853191403983,2.8006734661259887,34.0,1.0,False,40.19663637962256,-195.98154974839338,-277.58300783981866,166.8520047505507
PanTS_00009386,mpd,1,False,3.0,0.9414060115814209,1259,ok,5,690,3,1,0,0.0,55.676576092875145,False,40.89544044077847,56.0,56.0,2.9606705272382605,3.9281741319135435,4.1733266806840845,3.338785853271267,2.1798568910486846,0.4107142857142857,True,,,,,,,,,0.0,False,,,,
PanTS_00009403,cbd,0,False,0.859375,0.800000011920929,93,orient_ambiguous,2,70,0,0,0,0.0,13.853006672199012,True,6.81910432537574,,,,,,,,,,,,,,,,,,,,,,,
PanTS_00009403,mpd,0,False,0.859375,0.800000011920929,157,orient_ambiguous,2,148,1,0,0,0.0,3.82842712474619,True,1.7056566530173924,,,,,,,,,,,,,,,,,,,,,,,
PanTS_00009407,cbd,1,False,2.5,0.8964840173721313,6632,ok,1,6632,0,0,0,0.0,79.57874185997979,True,51.96532960917869,80.0,80.0,8.244716656791141,9.513702040585455,10.566412731484352,8.555180294605082,5.203651486172959,0.625,True,,,,,,,,,0.0,False,,,,
PanTS_00009407,mpd,1,False,2.5,0.8964840173721313,2644,ok,2,1927,0,1,0,0.0,76.55416231252697,False,51.80722230340628,77.0,77.0,4.333285200149292,5.508421791459852,7.001288048070184,5.0953386146215,3.084409622313815,0.8701298701298701,True,,,,,,,,,0.0,False,,,,
PanTS_00009408,cbd,1,False,5.0,0.6510416865348816,1703,ok,1,1703,0,0,0,0.0,55.805060492068314,False,11.084669874446348,56.0,56.0,4.284650366551151,6.40471895035872,6.856724016378868,2.9680830640832827,3.0406358501584236,0.0,True,,,,,,,,,0.0,False,,,,
PanTS_00009408,mpd,1,False,5.0,0.6510416865348816,46,too_small,4,15,4,0,0,0.0,,,,,,,,,,,,,,,,,,,,,,,,,,
PanTS_00009410,cbd,0,False,1.0,0.830078125,1797,orient_ambiguous,2,1317,0,1,0,0.0,25.87758621965184,False,2.879826365498772,,,,,,,,,,,,,,,,,,,,,,,
PanTS_00009410,mpd,0,False,1.0,0.830078125,282,orient_ambiguous,6,120,2,2,1,7.615773105863909,14.217332181807448,False,9.95940767683543,,,,,,,,,,,,,,,,,,,,,,,
PanTS_00009421,cbd,1,False,2.5,0.5996090173721313,10326,ok,3,10265,1,1,0,0.0,78.60405036529161,True,53.59778556969377,79.0,79.0,9.72592102166011,11.61906737303894,13.52450528111121,12.658911082450233,3.5033262010398714,0.6329113924050633,True,,,,,,,,,0.0,False,,,,
PanTS_00009421,mpd,1,False,2.5,0.5996090173721313,1062,ok,2,1060,1,0,0,0.0,89.25750482643198,False,48.415714354651726,90.0,90.0,2.641201184933668,4.081210971240977,5.882083408392019,3.6724414341239995,2.6858463535668093,0.28888888888888886,True,,,,,,,,,0.0,False,,,,
PanTS_00009423,cbd,1,False,2.5,0.8085939884185791,1206,ok,1,1206,0,0,0,0.0,41.75177265095166,True,21.699147060102597,42.0,42.0,4.285320415728891,5.645560577767696,5.923633637631839,2.224774110358313,5.608713047389232,0.0,True,,,,,,,,,0.0,False,,,,
PanTS_00009423,mpd,1,False,2.5,0.8085939884185791,639,ok,2,422,0,1,0,0.0,15.388905057061256,False,13.605926984071118,16.0,16.0,2.512967588632626,3.3533575284209785,3.634972453481446,2.8096204391576087,2.6553734236199427,0.125,False,,,,,,,,,0.0,False,,,,
PanTS_00009435,cbd,1,False,2.5,0.9765620231628418,1225,ok,2,1221,1,0,0,0.0,72.09006069738922,True,40.825709179562125,73.0,73.0,3.496642249504862,4.611827401742749,5.741622536254431,2.5440124396527564,4.916314895311588,0.0,True,,,,,,,,,0.0,False,,,,
PanTS_00009435,mpd,1,True,2.5,0.9765620231628418,2396,ok,5,2098,1,3,0,0.0,103.8678708115117,False,39.34278894182109,104.0,104.0,4.150496761553622,5.472681852364906,5.989755600342121,5.455562818822943,4.222004993457844,0.9134615384615384,True,1.3456897241279504,67.0,0.645050288183768,8.0,5.469301005507561,2.1519830871838543,2.5415167238441647,36.0,1.0,False,36.86787081151169,-319.203006879675,-339.9164601869153,159.01140568200017
PanTS_00009442,cbd,0,False,2.5,0.80078125,1257,ok,1,1257,0,0,0,0.0,49.019721843382776,False,35.83743321041477,50.0,50.0,4.4961654053811095,5.516291914306193,6.331792335861509,2.844820089554959,3.4996933676304574,0.0,True,,,,,,,,,0.0,False,,,,
PanTS_00009442,mpd,0,False,2.5,0.80078125,79,orient_ambiguous,3,56,1,0,1,7.0,18.292528739883945,True,4.636575657058465,,,,,,,,,,,,,,,,,,,,,,,
PanTS_00009445,cbd,1,False,2.5,0.703125,8585,ok,3,5664,0,2,0,0.0,83.09006069738922,True,29.471921646715096,84.0,84.0,6.045455901370636,7.348385852696464,7.871531519710189,3.7999249279663245,4.510383563327338,0.0,True,,,,,,,,,0.0,False,,,,
PanTS_00009445,mpd,1,False,2.5,0.703125,1657,ok,10,1249,4,5,0,0.0,85.96424712868902,False,54.35151117185933,86.0,86.0,3.3474925083789513,4.1000157387161975,4.87367523300316,4.354060062996508,1.5916497182706373,0.5465116279069767,True,,,,,,,,,0.0,False,,,,
PanTS_00009448,cbd,0,False,1.5,1.5,1592,ok,2,1545,0,1,0,0.0,53.11949794891208,True,33.63704585320869,54.0,54.0,3.993042551880448,5.939792896219113,7.114625846178726,2.253106635693989,3.4346977056608505,0.0,True,,,,,,,,,0.0,False,,,,
PanTS_00009448,mpd,0,False,1.5,1.5,51,orient_ambiguous,3,30,2,0,0,0.0,1.0,False,0.0,,,,,,,,,,,,,,,,,,,,,,,
PanTS_00009449,cbd,1,False,2.5,0.9765620231628418,1943,ok,2,1723,0,1,0,0.0,70.80166070371631,True,47.424076042266236,71.0,71.0,4.151075157667647,5.652359211246619,5.921677644468362,3.1177220175652707,4.147972445661357,0.0,True,,,,,,,,,0.0,False,,,,
PanTS_00009449,mpd,1,True,2.5,0.9765620231628418,1703,ok,2,1657,0,1,0,0.0,110.260175656925,False,55.64937955182731,111.0,111.0,3.3600281331705952,4.080830004512557,5.0850200297330135,4.313760659515571,3.0754146731121565,0.5675675675675675,True,1.2946788459905938,22.0,0.19952806957657215,5.0,3.8840859977268476,1.5832579217745177,2.4532237889411967,35.0,1.0,False,22.0,-354.71175177153583,-314.04897904135123,154.25423851944365
PanTS_00009457,cbd,1,False,2.5,0.8066409826278687,1640,ok,1,1640,0,0,0,0.0,49.805060492068314,True,33.0187235855402,50.0,50.0,4.60291488622406,5.4561233192778715,7.380503418934953,2.3838894833076827,5.492107837596164,0.0,True,,,,,,,,,0.0,False,,,,
PanTS_00009457,mpd,1,False,2.5,0.8066409826278687,267,ok,3,183,0,2,0,0.0,23.388176099202248,False,13.542357797788327,24.0,24.0,2.2102507383745293,3.0215759235399724,3.8512252634116355,2.3635696683984144,2.2353591356449907,0.08333333333333333,True,,,,,,,,,0.0,False,,,,
PanTS_00009459,cbd,1,False,2.5,0.8496090173721313,663,ok,1,663,0,0,0,0.0,26.877586219651835,True,16.821440865466858,27.0,27.0,4.170029142745587,5.215067557424073,5.53701250621821,3.1407801881041166,4.143707714740492,0.0,True,,,,,,,,,0.0,False,,,,
PanTS_00009459,mpd,1,False,2.5,0.8496090173721313,976,loop_in_skeleton,3,834,0,0,0,0.0,,,,,,,,,,,,,,,,,,,,,,,,,,
PanTS_00009460,cbd,1,False,2.5,0.7402340173721313,85,orient_ambiguous,1,85,0,0,0,0.0,4.82842712474619,False,2.048214698373144,,,,,,,,,,,,,,,,,,,,,,,
PanTS_00009460,mpd,1,False,2.5,0.7402340173721313,812,orient_ambiguous,4,467,0,3,0,0.0,17.58505747976789,False,5.475055751923783,,,,,,,,,,,,,,,,,,,,,,,
PanTS_00009464,cbd,1,False,1.5,0.646484375,1087,orient_ambiguous,1,1087,0,0,0,0.0,11.21733218180745,False,9.365560925463491,,,,,,,,,,,,,,,,,,,,,,,
PanTS_00009464,mpd,1,False,1.5,0.646484375,67,orient_ambiguous,1,67,0,0,0,0.0,8.292528739883945,False,3.49685148477057,,,,,,,,,,,,,,,,,,,,,,,
PanTS_00009470,cbd,1,False,1.5,0.646484375,1522,ok,2,1265,0,1,0,0.0,33.798989873223334,False,23.930704450917418,34.0,34.0,6.083381848946997,7.253739880121588,7.996082814616694,5.881970810485983,2.530963407861642,0.0,True,,,,,,,,,0.0,False,,,,
PanTS_00009470,mpd,1,False,1.5,0.646484375,279,orient_ambiguous,6,129,2,2,0,0.0,16.999271042140983,False,6.318315413443244,,,,,,,,,,,,,,,,,,,,,,,
PanTS_00009472,cbd,0,False,0.800000011920929,0.78125,0,no_mask,0,0,0,0,0,0.0,,,,,,,,,,,,,,,,,,,,,,,,,,
PanTS_00009472,mpd,0,False,0.800000011920929,0.78125,9,too_small,1,9,1,0,0,0.0,,,,,,,,,,,,,,,,,,,,,,,,,,
PanTS_00009473,cbd,1,False,2.5,0.7167969942092896,1650,ok,1,1650,0,0,0,0.0,47.7264641456398,True,37.41060266235894,48.0,48.0,4.524341145968201,5.808621546685895,7.107321640754235,4.677412963870513,5.148034155843046,0.0,True,,,,,,,,,0.0,False,,,,
PanTS_00009473,mpd,1,False,2.5,0.7167969942092896,49,too_small,6,12,6,0,0,0.0,,,,,,,,,,,,,,,,,,,,,,,,,,
PanTS_00009478,cbd,1,False,2.5,0.8164060115814209,16519,ok,1,16519,0,0,0,0.0,38.60550828100968,False,29.04591643769933,39.0,39.0,16.480554304331715,18.137233074444804,18.592212383086842,15.829556809373347,15.665282020194375,1.0,True,,,,,,,,,0.0,False,,,,
PanTS_00009478,mpd,1,False,2.5,0.8164060115814209,1713,ok,3,1664,1,0,0,0.0,123.38113152155515,True,74.69583197506009,124.0,124.0,3.1177859476713716,4.0551012038364025,5.284307193299744,3.5290342762892792,2.084711870042368,0.4435483870967742,True,,,,,,,,,0.0,False,,,,
PanTS_00009483,cbd,1,False,2.5,0.8105469942092896,465,orient_ambiguous,2,412,0,0,0,0.0,32.606237238868715,True,0.5451462607875506,,,,,,,,,,,,,,,,,,,,,,,
PanTS_00009483,mpd,1,False,2.5,0.8105469942092896,238,orient_ambiguous,3,112,0,2,0,0.0,21.095647359318303,True,15.73723532403189,,,,,,,,,,,,,,,,,,,,,,,
PanTS_00009495,cbd,1,False,2.5,0.5410159826278687,660,orient_ambiguous,2,612,0,1,0,0.0,22.413484604514085,False,0.8746538215024984,,,,,,,,,,,,,,,,,,,,,,,
PanTS_00009495,mpd,1,False,2.5,0.5410159826278687,400,ok,4,210,0,3,0,0.0,36.752501608810675,False,25.2773464878567,37.0,37.0,1.8226875089167929,2.4750293212615544,3.89991801232339,2.133091247773373,1.7821530981006966,0.05405405405405406,True,,,,,,,,,0.0,False,,,,
PanTS_00009496,cbd,0,False,1.5,1.5,312,orient_ambiguous,4,152,1,2,0,0.0,18.634945532532548,True,8.047988385801851,,,,,,,,,,,,,,,,,,,,,,,
PanTS_00009496,mpd,0,False,1.5,1.5,416,ok,6,163,3,1,1,4.58257569495584,41.481341673708485,False,30.08874777004963,42.0,32.0,2.072222486179732,2.598995886176793,3.1880604458152626,2.1292958645655653,2.026750432004782,0.0,True,,,,,,,,,0.0,False,,,,
PanTS_00009504,cbd,1,False,2.5,0.8164060115814209,2129,ok,1,2129,0,0,0,0.0,63.67997588122714,True,37.402838119475675,64.0,64.0,4.782674901132522,7.102588214750111,7.476980879971136,4.101918775866199,4.526051683853087,0.0,True,,,,,,,,,0.0,False,,,,
PanTS_00009504,mpd,1,False,2.5,0.8164060115814209,2572,ok,8,1756,2,3,2,7.3484692283495345,100.07007566991925,False,40.27576048981632,101.0,87.0,4.44689418671539,5.796719784610009,6.127519330872236,5.562803300440381,2.0,0.7126436781609196,True,,,,,,,,,0.0,False,,,,
PanTS_00009506,cbd,1,False,2.5,0.7890620231628418,248,orient_ambiguous,2,141,0,1,0,0.0,18.196152422706632,True,0.10306947267787692,,,,,,,,,,,,,,,,,,,,,,,
PanTS_00009506,mpd,1,False,2.5,0.7890620231628418,0,no_mask,0,0,0,0,0,0.0,,,,,,,,,,,,,,,,,,,,,,,,,,
PanTS_00009510,cbd,1,False,2.0,0.744140625,4473,ok,1,4473,0,0,0,0.0,56.0477011791876,False,36.421069493281195,57.0,57.0,7.894407419459373,10.050512236278546,10.767218609573526,8.11770050245683,2.095366521221948,0.42105263157894735,True,,,,,,,,,0.0,False,,,,
PanTS_00009510,mpd,1,True,2.0,0.744140625,1429,ok,1,1429,0,0,0,0.0,72.30812183705567,True,42.66157519226889,73.0,73.0,3.587077997536638,5.566771818957231,6.778790592417604,5.669633824053967,2.331772826004387,0.6712328767123288,True,1.6166259033423906,40.0,0.5531882032579809,8.0,4.0,1.3043889247321685,3.066570042229793,20.0,1.0,False,32.308121837055666,-17.010025285059044,224.3517355261194,-537.0047760307023
PanTS_00009517,cbd,1,False,2.5,0.7324219942092896,925,ok,1,925,0,0,0,0.0,53.72646414563981,True,26.3764598769949,54.0,54.0,3.9054681090540004,5.00454208334613,5.307117181523396,1.8341062102286008,4.617940359478933,0.0,True,,,,,,,,,0.0,False,,,,
PanTS_00009517,mpd,1,False,2.5,0.7324219942092896,1811,ok,2,1799,1,0,0,0.0,98.60332140743259,False,63.84775486959765,99.0,99.0,3.7799987045726935,5.352801024899708,6.583787571796182,4.142928681684569,2.781490562456707,0.6666666666666666,True,,,,,,,,,0.0,False,,,,
PanTS_00009518,cbd,1,False,2.5,0.8144530057907104,1730,ok,1,1730,0,0,0,0.0,68.50840300597334,True,28.20149540437345,69.0,69.0,4.142996027557661,5.361461393141041,5.997138319606978,2.257261052804537,4.763949754938789,0.0,True,,,,,,,,,0.0,False,,,,
PanTS_00009518,mpd,1,False,2.5,0.8144530057907104,520,ok,6,350,4,1,0,0.0,34.38817609920224,False,22.68540714436312,35.0,35.0,2.7941725242700395,3.663827667670048,3.912765548887806,3.3033066103946895,1.9216059325522283,0.34285714285714286,True,,,,,,,,,0.0,False,,,,
PanTS_00009520,cbd,1,False,0.7421879768371582,0.625,0,no_mask,0,0,0,0,0,0.0,,,,,,,,,,,,,,,,,,,,,,,,,,
PanTS_00009520,mpd,1,False,0.7421879768371582,0.625,0,no_mask,0,0,0,0,0,0.0,,,,,,,,,,,,,,,,,,,,,,,,,,
PanTS_00009523,cbd,1,False,1.5,1.5,1595,ok,2,1534,0,1,0,0.0,61.29034186630687,True,50.501273350101414,62.0,62.0,4.323301284491784,5.210626108873108,5.7094782926344525,3.946630063617306,3.667203152785107,0.0,True,,,,,,,,,0.0,False,,,,
PanTS_00009523,mpd,1,False,1.5,1.5,85,orient_ambiguous,3,48,1,1,0,0.0,2.732050807568877,False,1.3095145035019158,,,,,,,,,,,,,,,,,,,,,,,
PanTS_00009528,cbd,1,False,0.800000011920929,0.7559999823570251,4552,loop_in_skeleton,4,4533,3,0,0,0.0,,,,,,,,,,,,,,,,,,,,,,,,,,
PanTS_00009528,mpd,1,False,0.800000011920929,0.7559999823570251,3,too_small,1,3,1,0,0,0.0,,,,,,,,,,,,,,,,,,,,,,,,,,
PanTS_00009534,cbd,1,False,2.5,0.9433590173721313,2184,loop_in_skeleton,3,2096,1,0,0,0.0,,,,,,,,,,,,,,,,,,,,,,,,,,
PanTS_00009534,mpd,1,False,2.5,0.9433590173721313,933,ok,4,909,2,1,0,0.0,50.43393540575587,False,26.73080944167114,51.0,51.0,3.4687264421559196,4.836477870425793,5.486601047067314,4.0720827027832875,2.0,0.5686274509803921,True,,,,,,,,,0.0,False,,,,
PanTS_00009544,cbd,1,False,3.0,0.546875,1719,orient_ambiguous,1,1719,0,0,0,0.0,49.80166070371631,False,5.863044105397041,,,,,,,,,,,,,,,,,,,,,,,
PanTS_00009544,mpd,1,False,3.0,0.546875,906,ok,2,869,0,1,0,0.0,72.65053862970429,True,46.495871157301245,73.0,73.0,2.798316001777856,3.758408143124338,4.371985078416709,3.808901902180847,2.1791587075455254,0.3013698630136986,True,,,,,,,,,0.0,False,,,,
PanTS_00009545,cbd,1,False,2.5,0.8984379768371582,1186,ok,1,1186,0,0,0,0.0,58.50840300597334,True,33.94325542153565,59.0,59.0,3.6681655797036825,5.062412623293695,5.620641154454272,2.0766619529277848,4.464933316518577,0.0,True,,,,,,,,,0.0,False,,,,
PanTS_00009545,mpd,1,False,2.5,0.8984379768371582,27,orient_ambiguous,2,25,1,0,0,0.0,1.0,False,0.0,,,,,,,,,,,,,,,,,,,,,,,
PanTS_00009551,cbd,1,False,2.5,0.7148439884185791,899,ok,2,880,1,0,0,0.0,46.48455241637955,True,30.686864282183798,47.0,47.0,3.0145636520901187,5.762500296479719,5.932139095929611,3.331414206990927,2.2112388153110194,0.0,True,,,,,,,,,0.0,False,,,,
PanTS_00009551,mpd,1,False,2.5,0.7148439884185791,1283,ok,2,1231,0,1,0,0.0,105.6211013781814,False,59.79471340310866,106.0,106.0,2.4857113556529837,3.879851286330913,4.870141853796502,3.2934727776907167,2.081090241192444,0.330188679245283,True,,,,,,,,,0.0,False,,,,
PanTS_00009562,cbd,1,False,2.5,0.798828125,85,ok,3,80,2,0,0,0.0,19.21733218180745,False,16.233523801071787,20.0,20.0,1.9736241821510205,2.3494243493260414,2.3834627088578912,1.9736241821510205,1.9731112929914554,0.0,False,,,,,,,,,0.0,False,,,,
PanTS_00009562,mpd,1,False,2.5,0.798828125,0,no_mask,0,0,0,0,0,0.0,,,,,,,,,,,,,,,,,,,,,,,,,,
PanTS_00009563,cbd,0,False,5.0,0.54296875,226,orient_ambiguous,1,226,0,0,0,0.0,14.706742302257041,True,7.243726599598473,,,,,,,,,,,,,,,,,,,,,,,
PanTS_00009563,mpd,0,False,5.0,0.54296875,143,orient_ambiguous,4,86,1,0,0,0.0,2.0,True,0.9161123039326249,,,,,,,,,,,,,,,,,,,,,,,
PanTS_00009567,cbd,1,False,1.5,1.5,1881,ok,3,1785,1,1,0,0.0,44.70868417489101,True,35.357367649420624,45.0,45.0,5.354359271648762,6.169744775971311,6.286576497504866,4.312034496910695,3.9616615729566824,0.0,True,,,,,,,,,0.0,False,,,,
PanTS_00009567,mpd,1,False,1.5,1.5,26,too_small,2,18,2,0,0,0.0,,,,,,,,,,,,,,,,,,,,,,,,,,
PanTS_00009569,cbd,1,False,2.5,0.7988280057907104,788,ok,1,788,0,0,0,0.0,22.145535412082957,True,15.877494113111002,23.0,23.0,4.338770607750962,4.560178513403417,4.659751591436012,4.425512900528919,3.851876430275586,0.0,True,,,,,,,,,0.0,False,,,,
PanTS_00009569,mpd,1,False,2.5,0.7988280057907104,879,ok,5,802,2,2,0,0.0,57.94452528530626,False,40.80782196063681,58.0,58.0,3.3341409657078867,3.944070339078284,4.2766192286357,3.289458745594372,2.707376207067646,0.5689655172413793,True,,,,,,,,,0.0,False,,,,
PanTS_00009578,cbd,1,False,5.0,0.8984379768371582,1506,ok,1,1506,0,0,0,0.0,51.72986393399181,True,37.254010710712826,52.0,52.0,4.214178286487274,5.420004639912854,5.89331263906654,3.135328914346998,4.159251625901852,0.0,True,,,,,,,,,0.0,False,,,,
PanTS_00009578,mpd,1,False,5.0,0.8984379768371582,1774,ok,3,1478,1,1,0,0.0,69.01899288552373,False,46.790999874592124,70.0,70.0,4.02571232665352,5.126439027528344,5.807929032845629,3.8042117862958342,3.217333141019863,0.8571428571428571,True,,,,,,,,,0.0,False,,,,
PanTS_00009584,cbd,1,False,2.5,0.9765625,564,ok,1,564,0,0,0,0.0,30.70601334439803,False,23.495587428416897,31.0,31.0,3.910554585679324,5.006044723207406,5.460275840689861,2.2804862713913985,4.418652124205607,0.0,True,,,,,,,,,0.0,False,,,,
PanTS_00009584,mpd,1,False,2.5,0.9765625,65,orient_ambiguous,1,65,0,0,0,0.0,4.82842712474619,False,2.155355811454381,,,,,,,,,,,,,,,,,,,,,,,
PanTS_00009604,cbd,0,False,2.0,0.66796875,2326,ok,1,2326,0,0,0,0.0,43.19129471863659,False,24.352320021146763,44.0,44.0,6.082972646014467,6.909894161818961,7.14536657547023,6.869316407686734,5.584800093548601,0.0,True,,,,,,,,,0.0,False,,,,
PanTS_00009604,mpd,0,False,2.0,0.66796875,319,ok,3,232,0,1,1,4.123105625617661,50.242603574529745,True,18.2916930781739,51.0,41.0,1.9818627725687186,2.6233592200425715,3.4286713997125484,1.9909313862843594,2.3156111378424074,0.024390243902439025,True,,,,,,,,,0.0,False,,,,
PanTS_00009608,cbd,1,False,2.5,0.6953120231628418,1096,ok,2,1001,0,1,0,0.0,32.75590139716269,False,15.749022501305642,33.0,33.0,4.8661115600544065,5.384535726551317,5.782984390570633,5.078761788591083,3.178996239117229,0.0,True,,,,,,,,,0.0,False,,,,
PanTS_00009608,mpd,1,False,2.5,0.6953120231628418,1357,ok,4,995,0,3,0,0.0,56.38331839513218,False,21.67508369861772,57.0,57.0,3.249269958470899,4.056131615349019,5.812885779899637,3.9659901655128067,3.037922414327769,0.5087719298245614,True,,,,,,,,,0.0,False,,,,
PanTS_00009612,cbd,1,False,2.5,0.7421879768371582,2652,ok,1,2652,0,0,0,0.0,35.80238966157534,True,24.588688815016788,36.0,36.0,7.880873881175871,8.42917430111551,8.737641345896854,8.092321434425047,5.920649464645858,0.4444444444444444,True,,,,,,,,,0.0,False,,,,
PanTS_00009612,mpd,1,True,2.5,0.7421879768371582,3643,ok,2,3593,0,1,0,0.0,70.33343034236752,False,37.52223299732187,71.0,71.0,5.946118178005744,7.93001003321708,8.895404468410534,2.5190944700388496,5.66483362956502,0.8873239436619719,True,1.93380229231071,9.0,0.12796190881334807,5.0,7.645281847290191,2.001064119677332,3.820608131499044,61.0,1.0,False,9.0,-191.54603643174374,-189.29302853665166,121.89100970297241
PanTS_00009613,cbd,1,True,2.5,0.9765620231628418,9016,ok,2,9005,1,0,0,0.0,127.67778900765009,True,60.738147541206175,128.0,128.0,6.9695685885321055,10.70775992706532,12.58193527380126,7.493622982281549,3.318656434360565,0.3515625,True,1.260226750366147,37.0,0.28979198565055875,16.0,9.977018763918673,4.165189220855375,2.395333857574366,30.0,1.0,False,37.0,-259.20983148368134,-319.02854340792993,108.0747019140536
PanTS_00009613,mpd,1,False,2.5,0.9765620231628418,4667,ok,1,4667,0,0,0,0.0,104.64568092563421,False,59.12576249598631,105.0,105.0,4.965823572317208,8.282485746445284,8.917510783860546,8.626579327060494,3.8294484651247513,0.9904761904761905,True,,,,,,,,,0.0,False,,,,
PanTS_00009620,cbd,1,False,1.5,1.5,202,orient_ambiguous,1,202,0,0,0,0.0,4.82842712474619,True,3.4127223944498937,,,,,,,,,,,,,,,,,,,,,,,
PanTS_00009620,mpd,1,False,1.5,1.5,0,no_mask,0,0,0,0,0,0.0,,,,,,,,,,,,,,,,,,,,,,,,,,
PanTS_00009635,cbd,1,False,1.0,0.72265625,1263,ok,2,1242,0,1,0,0.0,50.97323357897011,True,25.7105582889584,51.0,51.0,3.7655729162538347,5.5452899838133,5.797781919314161,2.2586404123539943,3.8179908755762897,0.0,True,,,,,,,,,0.0,False,,,,
PanTS_00009635,mpd,1,False,1.0,0.72265625,660,ok,7,303,1,4,1,4.69041575982343,27.973962536829152,True,14.103415954639054,28.0,28.0,2.837334099944324,3.561722554968609,3.816346598960697,2.5584861994837715,3.1336384924137626,0.2857142857142857,True,,,,,,,,,0.0,False,,,,
PanTS_00009637,cbd,0,False,0.800000011920929,0.703125,283,ok,2,161,0,0,1,6.4031242374328485,39.25540195177284,True,14.006788352327124,40.0,27.0,2.2384146704088503,2.949205549526455,3.3632142499168336,2.411357520398276,2.053536307106761,0.0,True,,,,,,,,,0.0,False,,,,
PanTS_00009637,mpd,0,False,0.800000011920929,0.703125,0,no_mask,0,0,0,0,0,0.0,,,,,,,,,,,,,,,,,,,,,,,,,,
PanTS_00009640,cbd,1,False,2.5,0.7636719942092896,5481,ok,1,5481,0,0,0,0.0,113.3818604794141,True,52.9505968179728,114.0,114.0,5.325097726271308,8.830527086103638,10.158664616670901,3.6570236584453477,2.4850631202305378,0.16666666666666666,True,,,,,,,,,0.0,False,,,,
PanTS_00009640,mpd,1,False,2.5,0.7636719942092896,4828,ok,4,4758,2,1,0,0.0,130.57388415590975,False,75.5324969043246,131.0,131.0,5.783274936376054,7.266620655311142,8.139508671974632,6.75407354332139,2.9035458896436794,0.916030534351145,True,,,,,,,,,0.0,False,,,,
PanTS_00009641,cbd,1,False,2.5,0.8007810115814209,3097,ok,2,2809,0,1,0,0.0,29.58432852190888,True,20.812682833314497,30.0,30.0,8.135374870622751,8.8112159535273,9.272280729751108,7.5712255173465355,8.044135633062321,0.5333333333333333,True,,,,,,,,,0.0,False,,,,
PanTS_00009641,mpd,1,False,2.5,0.8007810115814209,2932,ok,3,2797,1,1,0,0.0,70.2404538135422,False,37.43491693681861,71.0,71.0,4.566070068273074,7.07614842189029,8.998895291483949,7.958756780291636,3.548180329586338,0.8169014084507042,True,,,,,,,,,0.0,False,,,,
PanTS_00009649,cbd,1,False,5.0,0.9765620231628418,5685,ok,1,5685,0,0,0,0.0,74.06475219207738,True,35.05443400471856,75.0,75.0,7.377716548641531,8.404150883915827,9.312354217030848,4.984543055555552,6.721493057181408,0.18666666666666668,True,,,,,,,,,0.0,False,,,,
PanTS_00009649,mpd,1,False,5.0,0.9765620231628418,0,no_mask,0,0,0,0,0,0.0,,,,,,,,,,,,,,,,,,,,,,,,,,
PanTS_00009652,cbd,1,False,2.5,0.7734379768371582,1759,ok,2,1757,1,0,0,0.0,44.1946945069886,True,28.936716559513343,45.0,45.0,5.393576413121378,6.414464026137601,7.158257773276557,4.47199870861893,6.175640493169284,0.0,True,,,,,,,,,0.0,False,,,,
PanTS_00009652,mpd,1,False,2.5,0.7734379768371582,1097,ok,1,1097,0,0,0,0.0,103.76736574812335,False,69.6404537967254,104.0,104.0,2.438361856603932,3.838845531901736,4.716810431822018,2.525484522309377,2.760176022945978,0.16346153846153846,True,,,,,,,,,0.0,False,,,,
PanTS_00009659,cbd,1,False,2.5,0.7890620231628418,576,ok,5,422,3,1,0,0.0,22.77781011412252,True,16.231367343082887,23.0,23.0,3.4559698333567592,3.8116058227801033,5.295030083737954,3.4864574783932407,3.451446738910042,0.0,True,,,,,,,,,0.0,False,,,,
PanTS_00009659,mpd,1,False,2.5,0.7890620231628418,92,orient_ambiguous,3,75,2,0,0,0.0,15.21733218180745,True,12.430378964116084,,,,,,,,,,,,,,,,,,,,,,,
PanTS_00009666,cbd,1,False,4.0,0.7949219942092896,870,ok,4,493,1,2,0,0.0,27.5098609216914,True,13.512735789767316,28.0,28.0,3.7874341118728383,4.17033895483962,4.3327622853646215,3.875244541398785,3.33599122227791,0.0,True,,,,,,,,,0.0,False,,,,
PanTS_00009666,mpd,1,False,4.0,0.7949219942092896,7,too_small,1,7,1,0,0,0.0,,,,,,,,,,,,,,,,,,,,,,,,,,
PanTS_00009687,cbd,1,False,2.5,0.8378909826278687,4898,loop_in_skeleton,1,4898,0,0,0,0.0,,,,,,,,,,,,,,,,,,,,,,,,,,
PanTS_00009687,mpd,1,False,2.5,0.8378909826278687,103,orient_ambiguous,3,40,0,2,0,0.0,3.414213562373095,False,0.44350546663973844,,,,,,,,,,,,,,,,,,,,,,,
PanTS_00009688,cbd,0,False,5.0,0.6069999933242798,47,too_small,1,47,0,0,0,0.0,,,,,,,,,,,,,,,,,,,,,,,,,,
PanTS_00009688,mpd,0,False,5.0,0.6069999933242798,10,too_small,1,10,1,0,0,0.0,,,,,,,,,,,,,,,,,,,,,,,,,,
PanTS_00009697,cbd,0,False,1.0,0.669921875,0,no_mask,0,0,0,0,0,0.0,,,,,,,,,,,,,,,,,,,,,,,,,,
PanTS_00009697,mpd,0,False,1.0,0.669921875,0,no_mask,0,0,0,0,0,0.0,,,,,,,,,,,,,,,,,,,,,,,,,,
PanTS_00009706,cbd,0,False,1.25,0.822265625,1205,orient_ambiguous,1,1205,0,0,0,0.0,40.46264369941972,False,9.207721516425153,,,,,,,,,,,,,,,,,,,,,,,
PanTS_00009706,mpd,0,False,1.25,0.822265625,116,orient_ambiguous,5,36,2,2,0,0.0,3.0,False,1.28024866951149,,,,,,,,,,,,,,,,,,,,,,,
PanTS_00009722,cbd,0,False,1.5,0.7421879768371582,301,ok,1,301,0,0,0,0.0,37.99854208428197,True,22.56482223980292,38.0,38.0,2.0535083604126947,3.4394627022437905,3.6499467317700787,1.4330562557460134,3.3212061352741036,0.0,True,,,,,,,,,0.0,False,,,,
PanTS_00009722,mpd,0,False,1.5,0.7421879768371582,174,ok,4,54,0,2,1,5.744562646538029,16.865518511168165,False,13.209389330970915,17.0,8.0,1.4564816793875035,2.0,2.0,2.0,1.4564816793875035,0.0,False,,,,,,,,,0.0,False,,,,
PanTS_00009726,cbd,1,False,2.5,0.7246090173721313,154,ok,2,77,0,1,0,0.0,20.58505747976789,True,11.715969402881683,21.0,21.0,1.8772927123109047,2.0,2.0,1.9157382033501338,1.8040910298906765,0.0,False,,,,,,,,,0.0,False,,,,
PanTS_00009726,mpd,1,False,2.5,0.7246090173721313,44,orient_ambiguous,2,30,1,0,0,0.0,3.414213562373095,True,2.247225333369169,,,,,,,,,,,,,,,,,,,,,,,
PanTS_00009731,cbd,1,False,2.5,0.7851560115814209,14996,ok,2,14991,1,0,0,0.0,112.0168060119467,True,59.45625340606482,113.0,113.0,8.547582408628125,15.707453959641166,16.67629471241596,16.224519804510138,4.38100248112872,0.5132743362831859,True,,,,,,,,,0.0,False,,,,
PanTS_00009731,mpd,1,False,2.5,0.7851560115814209,8248,ok,1,8248,0,0,0,0.0,166.1827922252716,False,85.55869728434017,167.0,167.0,5.820205235287146,9.065788020290558,9.922814187036453,4.833173524656548,3.5172941401490267,0.9580838323353293,True,,,,,,,,,0.0,False,,,,
PanTS_00009737,cbd,0,False,3.0,0.8359375,1469,ok,1,1469,0,0,0,0.0,42.79826091536431,False,26.355406826503184,43.0,43.0,4.328711188979684,5.920932915663799,6.646926441761659,5.913391710786624,3.428004391786987,0.0,True,,,,,,,,,0.0,False,,,,
PanTS_00009737,mpd,0,False,3.0,0.8359375,35,too_small,3,21,2,0,0,0.0,,,,,,,,,,,,,,,,,,,,,,,,,,
PanTS_00009739,cbd,1,False,1.0,0.7578125,888,orient_ambiguous,3,561,0,1,1,7.3484692283495345,37.41348460451408,True,8.708211905478382,,,,,,,,,,,,,,,,,,,,,,,
PanTS_00009739,mpd,1,False,1.0,0.7578125,429,orient_ambiguous,4,336,2,1,0,0.0,52.11949794891208,False,0.20356743987157344,,,,,,,,,,,,,,,,,,,,,,,
PanTS_00009750,cbd,0,False,1.5,0.8671879768371582,7311,loop_in_skeleton,1,7311,0,0,0,0.0,,,,,,,,,,,,,,,,,,,,,,,,,,
PanTS_00009750,mpd,0,False,1.5,0.8671879768371582,118,orient_ambiguous,1,118,0,0,0,0.0,10.65685424949238,True,7.938751045022396,,,,,,,,,,,,,,,,,,,,,,,
PanTS_00009752,cbd,1,False,2.5,0.6796879768371582,906,ok,2,900,1,0,0,0.0,47.1194979489121,True,28.396757501417774,48.0,48.0,3.4195789634315803,4.621616643114811,5.504777993330337,2.2460396225591666,3.2269112820702253,0.0,True,,,,,,,,,0.0,False,,,,
PanTS_00009752,mpd,1,True,2.5,0.6796879768371582,1744,ok,4,992,1,2,0,0.0,47.65879612212634,False,18.907485908435397,48.0,48.0,3.962643492989022,5.231515180669126,5.469371043291049,3.2326792459822236,2.443784755944649,0.625,True,1.0891024978535995,5.0,0.10491242764897857,5.0,4.247200439153791,1.9964123005458756,2.127416485057964,26.0,1.0,False,5.0,-224.3297670901136,-201.63375720376317,131.92635733997722
PanTS_00009760,cbd,1,False,2.5,0.7675780057907104,12982,ok,3,12947,1,1,0,0.0,76.60817911150268,True,56.921133248434934,77.0,77.0,10.370049411139597,16.350921977198617,17.29915741487884,15.579821748145669,2.365819239992496,0.7532467532467533,True,,,,,,,,,0.0,False,,,,
PanTS_00009760,mpd,1,False,2.5,0.7675780057907104,444,ok,6,192,3,2,0,0.0,28.388176099202248,False,20.184951084406336,29.0,29.0,2.068364741227554,2.6307311263701525,2.698418068888722,2.0779180710745484,2.1696694698219225,0.0,True,,,,,,,,,0.0,False,,,,
PanTS_00009765,cbd,1,False,2.5,0.6992189884185791,476,ok,4,187,1,1,1,6.4031242374328485,22.71683273641761,True,13.652912946035691,23.0,11.0,3.4947110352930926,3.994840768117714,4.048012942556379,2.037493515710758,3.931108506002025,0.0,True,,,,,,,,,0.0,False,,,,
PanTS_00009765,mpd,1,False,2.5,0.6992189884185791,544,ok,2,542,1,0,0,0.0,77.52958276507414,False,26.444448234750357,78.0,78.0,2.0,2.9707496432654525,3.8818686373250246,2.0,2.0944550735887533,0.08974358974358974,True,,,,,,,,,0.0,False,,,,
PanTS_00009766,cbd,1,False,2.5,0.94921875,3824,ok,1,3824,0,0,0,0.0,77.14674832685789,False,37.84464333586208,78.0,78.0,6.483864390213216,7.717884519940693,8.190834506114683,4.950129472990184,6.4220189975405075,0.07692307692307693,True,,,,,,,,,0.0,False,,,,
PanTS_00009766,mpd,1,False,2.5,0.94921875,948,ok,3,933,2,0,0,0.0,34.19202367649561,True,27.89581430710895,35.0,35.0,4.386333173872342,5.597342933572871,5.9707199620527085,5.167260197460962,3.665348985068319,0.7714285714285715,True,,,,,,,,,0.0,False,,,,
PanTS_00009768,cbd,1,False,2.5,0.875,1760,orient_ambiguous,1,1760,0,0,0,0.0,46.50913196383237,True,8.719403157798023,,,,,,,,,,,,,,,,,,,,,,,
PanTS_00009768,mpd,1,True,2.5,0.875,2225,ok,4,1213,1,1,0,0.0,73.1652572554657,False,40.95689942167414,74.0,74.0,2.890495971054703,4.320455257161214,5.889512074725046,2.0,2.8683349889458745,0.40540540540540543,True,1.1024578950910102,31.0,0.42369836672287775,16.0,4.294403924538692,2.0,2.147201962269346,18.0,1.0,False,31.0,-293.3221651008628,-294.1403316644718,81.8776629458794
PanTS_00009769,cbd,1,False,2.5,0.7539060115814209,1751,loop_in_skeleton,2,1745,1,0,0,0.0,,,,,,,,,,,,,,,,,,,,,,,,,,
PanTS_00009769,mpd,1,False,2.5,0.7539060115814209,310,ok,6,161,2,3,0,0.0,30.413484604514082,False,21.572454399749432,31.0,31.0,2.0,2.6690715784218457,3.1802669086249282,2.2587847872807716,2.0,0.0,True,,,,,,,,,0.0,False,,,,
PanTS_00009776,cbd,0,False,0.703125,0.5,945,ok,2,888,0,1,0,0.0,40.58092873355687,True,24.23971132697004,41.0,41.0,3.9362551983299223,4.6281691969123955,5.329532659187715,2.9316642168731994,3.9506559542081283,0.0,True,,,,,,,,,0.0,False,,,,
PanTS_00009776,mpd,0,False,0.703125,0.5,270,ok,7,99,3,3,0,0.0,15.07446760021748,False,11.028754223606136,16.0,16.0,2.0524600630367726,2.7805021787673594,3.640439002385227,2.0465982162208465,2.1409989002263923,0.0625,False,,,,,,,,,0.0,False,,,,
PanTS_00009781,cbd,1,False,2.5,0.90625,3456,loop_in_skeleton,2,3445,1,0,0,0.0,,,,,,,,,,,,,,,,,,,,,,,,,,
PanTS_00009781,mpd,1,False,2.5,0.90625,2675,ok,6,2145,1,1,3,7.54983443527075,72.66146338804505,False,48.97684457949482,73.0,51.0,2.0,3.3591572336942526,3.5848618265518084,1.975956002514856,1.964641604848044,0.13725490196078433,True,,,,,,,,,0.0,False,,,,
PanTS_00009784,cbd,1,False,1.0,0.72265625,354,orient_ambiguous,4,285,1,2,0,0.0,6.146264369941973,False,1.8371222248765768,,,,,,,,,,,,,,,,,,,,,,,
PanTS_00009784,mpd,1,False,1.0,0.72265625,408,ok,7,219,3,3,0,0.0,21.19542346484762,True,11.516304888058812,22.0,22.0,2.261047540725078,3.2706311296338395,3.6921793793379565,2.083393669792293,2.4642505521461526,0.18181818181818182,True,,,,,,,,,0.0,False,,,,
PanTS_00009787,cbd,1,False,2.5,0.9316409826278687,1697,ok,1,1697,0,0,0,0.0,56.77635219840446,True,44.95787453930562,57.0,57.0,4.751181429703806,6.454058173856299,7.059233918392128,4.281407576382035,4.242499408649806,0.0,True,,,,,,,,,0.0,False,,,,
PanTS_00009787,mpd,1,False,2.5,0.9316409826278687,0,no_mask,0,0,0,0,0,0.0,,,,,,,,,,,,,,,,,,,,,,,,,,
PanTS_00009788,cbd,1,False,5.0,0.5989583134651184,176,orient_ambiguous,4,80,1,2,0,0.0,7.388905057061257,False,4.658785058585352,,,,,,,,,,,,,,,,,,,,,,,
PanTS_00009788,mpd,1,False,5.0,0.5989583134651184,0,no_mask,0,0,0,0,0,0.0,,,,,,,,,,,,,,,,,,,,,,,,,,
PanTS_00009790,cbd,1,False,2.5,0.8300780057907104,2548,ok,2,2502,0,1,0,0.0,71.28694207795485,True,48.932509585848436,72.0,72.0,5.31066441215783,6.956742246886445,7.998526247274901,4.422891880186982,2.773875559052814,0.0,True,,,,,,,,,0.0,False,,,,
PanTS_00009790,mpd,1,False,2.5,0.8300780057907104,402,orient_ambiguous,6,111,0,3,2,6.6332495807108,30.35079988540674,True,19.575445239564694,,,,,,,,,,,,,,,,,,,,,,,
PanTS_00009796,cbd,0,False,3.0,0.9765625,312,orient_ambiguous,3,253,1,1,0,0.0,12.53516942700323,True,8.069101087718309,,,,,,,,,,,,,,,,,,,,,,,
PanTS_00009796,mpd,0,False,3.0,0.9765625,20,too_small,2,12,2,0,0,0.0,,,,,,,,,,,,,,,,,,,,,,,,,,
PanTS_00009797,cbd,1,False,2.5,0.7617189884185791,1805,ok,3,1800,2,0,0,0.0,36.55902001659704,True,28.630169574787466,37.0,37.0,4.3606260718763465,8.12905518213799,8.83871288662773,3.8546423299437897,8.027686422128632,0.13513513513513514,True,,,,,,,,,0.0,False,,,,
PanTS_00009797,mpd,1,False,2.5,0.7617189884185791,748,ok,4,318,0,3,0,0.0,33.12022690677112,False,24.73628654347397,34.0,34.0,2.2278916848720867,3.1578945729755183,3.5947091387435783,2.4524463992902996,2.0,0.08823529411764706,True,,,,,,,,,0.0,False,,,,
PanTS_00009821,cbd,1,False,1.5,0.9746090173721313,1138,ok,1,1138,0,0,0,0.0,41.14480645422394,True,27.078949532918568,42.0,42.0,3.813209557784834,5.874177718568382,6.587281932869525,3.6369799601866144,3.4323370839077483,0.0,True,,,,,,,,,0.0,False,,,,
PanTS_00009821,mpd,1,False,1.5,0.9746090173721313,798,ok,7,328,1,3,2,6.324555320336759,38.93079255920547,False,32.42832054404141,39.0,29.0,2.5164499121705006,3.4048162260648858,3.8753474355657285,2.4670989268370622,,0.2413793103448276,True,,,,,,,,,0.0,False,,,,
PanTS_00009826,cbd,1,False,2.5,0.7617189884185791,774,orient_ambiguous,2,689,0,1,0,0.0,26.827698166887178,False,1.3121907979744982,,,,,,,,,,,,,,,,,,,,,,,
PanTS_00009826,mpd,1,True,2.5,0.7617189884185791,2799,ok,5,2741,3,1,0,0.0,139.2840262465188,False,73.62782890698203,140.0,140.0,3.0981958104882117,5.542946683766686,6.664062874426259,2.44055506368118,2.0795200891995513,0.4857142857142857,True,1.2613633365252328,11.0,0.07897531609641366,5.0,4.803145017581028,2.0036298788612057,2.397221696609441,44.0,1.0,False,11.0,-197.6511516078115,-212.62168161201254,90.80120449614702
PanTS_00009829,cbd,0,False,5.0,0.7929689884185791,468,orient_ambiguous,3,234,0,1,0,0.0,11.53516942700323,True,5.013728161327357,,,,,,,,,,,,,,,,,,,,,,,
PanTS_00009829,mpd,0,False,5.0,0.7929689884185791,0,no_mask,0,0,0,0,0,0.0,,,,,,,,,,,,,,,,,,,,,,,,,,
PanTS_00009832,cbd,1,False,2.5,0.9765620231628418,3454,ok,7,3286,5,1,0,0.0,20.31710828733677,True,15.006554615008575,21.0,21.0,9.937144655077587,11.255694508556171,12.078363607456984,9.485098265726553,10.341161158678343,0.8571428571428571,False,,,,,,,,,0.0,False,,,,
PanTS_00009832,mpd,1,False,2.5,0.9765620231628418,10908,ok,4,10596,0,2,0,0.0,153.23340923589524,False,57.46627794717145,154.0,154.0,7.841071602890818,9.271146243342777,10.047092928848487,7.842157065455674,5.842752071550382,0.9935064935064936,True,,,,,,,,,0.0,False,,,,
PanTS_00009838,cbd,1,False,2.5,0.7324219942092896,16015,ok,1,16015,0,0,0,0.0,81.48576533115448,False,58.28689043554519,82.0,82.0,11.502804106639957,15.147402258327777,16.47587168159204,11.815784518506508,5.5095856988142895,0.8170731707317073,True,,,,,,,,,0.0,False,,,,
PanTS_00009838,mpd,1,False,2.5,0.7324219942092896,157,orient_ambiguous,4,81,2,1,0,0.0,5.464101615137754,True,4.014179551864654,,,,,,,,,,,,,,,,,,,,,,,
PanTS_00009850,cbd,0,False,0.800001859664917,0.7020000219345093,0,no_mask,0,0,0,0,0,0.0,,,,,,,,,,,,,,,,,,,,,,,,,,
PanTS_00009850,mpd,0,False,0.800001859664917,0.7020000219345093,0,no_mask,0,0,0,0,0,0.0,,,,,,,,,,,,,,,,,,,,,,,,,,
PanTS_00009854,cbd,0,False,5.0,0.9316409826278687,2141,ok,1,2141,0,0,0,0.0,56.04430139083558,True,36.192361712268344,57.0,57.0,5.957234520998494,6.83379389128865,7.441396185320282,2.89248088806729,4.220699547001613,0.0,True,,,,,,,,,0.0,False,,,,
PanTS_00009854,mpd,0,False,5.0,0.9316409826278687,0,no_mask,0,0,0,0,0,0.0,,,,,,,,,,,,,,,,,,,,,,,,,,
PanTS_00009857,cbd,0,False,1.0,0.84765625,2544,ok,2,2541,1,0,0,0.0,71.72986393399181,True,48.27931960531295,72.0,72.0,5.431707172681412,6.378780118463896,6.988214127364504,5.792706431775706,5.005483491881041,0.0,True,,,,,,,,,0.0,False,,,,
PanTS_00009857,mpd,0,False,1.0,0.84765625,0,no_mask,0,0,0,0,0,0.0,,,,,,,,,,,,,,,,,,,,,,,,,,
PanTS_00009862,cbd,1,False,2.5,0.8457030057907104,4363,ok,1,4363,0,0,0,0.0,110.84596209455187,True,62.71704387102037,111.0,111.0,4.549499165864761,7.552761904605704,8.485597214178256,4.289789080324615,3.731925385911169,0.036036036036036036,True,,,,,,,,,0.0,False,,,,
PanTS_00009862,mpd,1,True,2.5,0.8457030057907104,3013,ok,3,2953,1,1,0,0.0,124.25604691071398,False,75.12474919164798,125.0,125.0,3.9995493311768335,5.904509443421717,6.610385522181773,4.096396305168197,2.1394578553061945,0.76,True,1.3803739540679363,62.0,0.49896968028083993,8.0,5.8251321255241955,2.237545189320687,2.6033584274973642,46.0,1.0,False,62.0,-255.18319556089102,-245.4205251119806,149.6248614472335
PanTS_00009867,cbd,0,False,2.5,0.734375,1954,ok,4,1744,0,2,0,0.0,34.60623723886871,False,26.334778505483968,35.0,35.0,6.274256559491696,7.662106727362487,7.971146898323163,5.19576040443728,7.2086696811478435,0.0,True,,,,,,,,,0.0,False,,,,
PanTS_00009867,mpd,0,False,2.5,0.734375,115,orient_ambiguous,1,115,0,0,0,0.0,3.732050807568877,False,1.1333430990495152,,,,,,,,,,,,,,,,,,,,,,,
PanTS_00009868,cbd,1,False,2.5,0.7832030057907104,1296,ok,1,1296,0,0,0,0.0,49.09078965524825,True,24.438470595363523,50.0,50.0,3.904269063759501,5.793918245213329,6.103885226069728,1.6429035801816871,3.9919863382588536,0.0,True,,,,,,,,,0.0,False,,,,
PanTS_00009868,mpd,1,False,2.5,0.7832030057907104,178,orient_ambiguous,9,87,6,1,0,0.0,9.242640687119284,False,5.788017891304065,,,,,,,,,,,,,,,,,,,,,,,
PanTS_00009876,cbd,0,False,1.0,0.755859375,357,ok,1,357,0,0,0,0.0,20.36359655174942,False,10.964073782444085,21.0,21.0,3.5823072019841535,4.227213693132507,4.318071959632597,3.968129218305741,2.8594212028501333,0.0,False,,,,,,,,,0.0,False,,,,
PanTS_00009876,mpd,0,False,1.0,0.755859375,0,no_mask,0,0,0,0,0,0.0,,,,,,,,,,,,,,,,,,,,,,,,,,
PanTS_00009881,cbd,0,False,0.8789060115814209,0.3633037209510803,2320,ok,1,2320,0,0,0,0.0,52.77635219840447,False,14.846453663679092,53.0,53.0,4.949155657161101,7.359782112987573,7.744671396949986,4.2732262764472875,7.407622421395695,0.0,True,,,,,,,,,0.0,False,,,,
PanTS_00009881,mpd,0,False,0.8789060115814209,0.3633037209510803,723,ok,5,441,1,3,0,0.0,67.62935887060347,True,16.04957652067251,68.0,68.0,2.0,2.739337863771767,3.516248470373542,2.7963198892245167,1.9489728636659576,0.014705882352941176,True,,,,,,,,,0.0,False,,,,
PanTS_00009882,cbd,1,False,2.5,0.87109375,752,ok,2,726,0,1,0,0.0,45.75177265095166,False,32.02622738154527,46.0,46.0,3.4862000697716047,4.835137915312899,5.581190303820493,3.6357014811972013,2.17870358305622,0.0,True,,,,,,,,,0.0,False,,,,
PanTS_00009882,mpd,1,False,2.5,0.87109375,4,too_small,1,4,1,0,0,0.0,,,,,,,,,,,,,,,,,,,,,,,,,,
PanTS_00009887,cbd,1,False,2.5,0.7578120231628418,643,ok,4,592,1,2,0,0.0,35.827698166887174,True,16.16595788993595,36.0,36.0,3.1607917472132283,4.207706810941678,4.968983756420527,3.0397763833262053,2.62283958854719,0.0,True,,,,,,,,,0.0,False,,,,
PanTS_00009887,mpd,1,False,2.5,0.7578120231628418,1207,ok,6,1129,4,1,0,0.0,112.82065358924004,False,61.205302195687324,113.0,113.0,2.4412408793543277,3.6184720511731667,5.169140422643764,4.986013576962088,2.4171162205318666,0.1415929203539823,True,,,,,,,,,0.0,False,,,,
PanTS_00009888,cbd,0,False,5.0,0.7753909826278687,2093,ok,2,2038,0,1,0,0.0,44.85227771433999,False,32.187808778729504,45.0,45.0,5.826485428245669,7.035454298471633,7.57993687330904,3.327450734753696,6.103497704870557,0.0,True,,,,,,,,,0.0,False,,,,
PanTS_00009888,mpd,0,False,5.0,0.7753909826278687,187,orient_ambiguous,4,93,1,0,0,0.0,15.02457954745282,True,2.2411325018490587,,,,,,,,,,,,,,,,,,,,,,,
PanTS_00009889,cbd,0,False,5.0,0.6890000104904175,416,ok,2,354,0,0,1,5.0,43.656125291633366,False,14.136245120753994,44.0,33.0,2.603025587625223,4.013233387050276,4.294468627640928,2.254609409366713,2.1701103187985704,0.0,True,,,,,,,,,0.0,False,,,,
PanTS_00009889,mpd,0,False,5.0,0.6890000104904175,85,orient_ambiguous,3,39,0,0,0,0.0,1.0,False,0.0,,,,,,,,,,,,,,,,,,,,,,,
PanTS_00009891,cbd,0,False,2.5,0.857421875,559,orient_ambiguous,5,261,1,3,0,0.0,12.146264369941973,True,0.5456984785601939,,,,,,,,,,,,,,,,,,,,,,,
PanTS_00009891,mpd,0,False,2.5,0.857421875,115,ok,2,111,1,0,0,0.0,12.87831517751085,False,10.464925706211364,13.0,13.0,2.278785116839937,3.589198288011803,3.7298745145087016,2.791591568291847,2.1393925584199684,0.3076923076923077,False,,,,,,,,,0.0,False,,,,
PanTS_00009892,cbd,1,False,2.5,0.6992189884185791,951,ok,2,912,0,1,0,0.0,50.262362530502045,True,37.28344260760424,51.0,51.0,3.8991952126097402,4.814364483476483,5.1562027008408355,3.934173514775517,3.4597587412037156,0.0,True,,,,,,,,,0.0,False,,,,
PanTS_00009892,mpd,1,False,2.5,0.6992189884185791,831,ok,7,633,3,3,0,0.0,39.87345747344081,False,21.919304847814104,40.0,40.0,2.7526845175298487,4.148416116955267,4.91215093488805,3.39854510896956,2.000098366019765,0.375,True,,,,,,,,,0.0,False,,,,
PanTS_00009894,cbd,1,False,2.5,0.7832030057907104,4128,ok,4,3951,1,2,0,0.0,35.12022690677112,True,20.861125433895868,36.0,36.0,8.53515874820437,11.946826454131347,12.393106152229487,8.312137292194436,3.86923459233566,0.5277777777777778,True,,,,,,,,,0.0,False,,,,
PanTS_00009894,mpd,1,False,2.5,0.7832030057907104,531,orient_ambiguous,9,121,2,4,0,0.0,12.899494936611667,False,5.5149299319033815,,,,,,,,,,,,,,,,,,,,,,,
PanTS_00009896,cbd,1,False,2.5,0.859375,3326,ok,1,3326,0,0,0,0.0,72.3334303423675,True,18.506495967296868,73.0,73.0,5.779943067135015,6.610611463025368,8.420825160259058,3.8089052009089093,5.96214821595543,0.0136986301369863,True,,,,,,,,,0.0,False,,,,
PanTS_00009896,mpd,1,False,2.5,0.859375,637,ok,3,320,0,0,2,7.3484692283495345,84.04928703361021,False,14.44462179938397,85.0,59.0,2.2741996434347116,3.0725453367410616,3.6661859756386317,2.4215586293579,2.054628746767093,0.0847457627118644,True,,,,,,,,,0.0,False,,,,
PanTS_00009897,cbd,1,False,2.5,0.84375,561,ok,4,444,1,1,1,4.58257569495584,23.753419612350637,True,15.627846799379732,24.0,13.0,4.147708450648681,5.895048995614103,6.350474585784398,1.848282129430035,4.625948711521542,0.0,True,,,,,,,,,0.0,False,,,,
PanTS_00009897,mpd,1,False,2.5,0.84375,249,ok,6,164,4,1,0,0.0,31.07033885400647,False,15.63434434929296,32.0,32.0,1.9719248790671342,2.0,2.284396418881871,1.6979483636736887,1.9719248790671342,0.0,True,,,,,,,,,0.0,False,,,,
PanTS_00009901,cbd,1,False,3.0,0.830078125,1145,ok,2,1132,1,0,0,0.0,59.87612830393377,False,39.502380448992625,60.0,60.0,4.252523692407921,5.012690660916913,5.4394179627179655,3.684454992779513,2.0863863335302506,0.0,True,,,,,,,,,0.0,False,,,,
PanTS_00009901,mpd,1,False,3.0,0.830078125,0,no_mask,0,0,0,0,0,0.0,,,,,,,,,,,,,,,,,,,,,,,,,,
