case_id,lesion_id,fold,official_split,ct_phase,spacing_x_mm,spacing_y_mm,spacing_z_mm,slice_axis,slice_thickness_mm,gt_vox,vol_mm3,diam_mm,diam_bin,tiny_flag,n_lesions_in_case,largest_in_case,dHU,attenuation_v2,lesion_dice,detected_any,region,region_source,u,tier,excluded,mpd_present,dist_to_mpd_mm,r_eq_mm,matched_radius_mm,n_centres_dil2,n_far_centres,u_centroid_s9,in_sr_frac_s9,pct_A_r6,pct_B_r6,pct_CA_r6,pct_CB_r6,pct_A_r10,pct_B_r10,pct_CA_r10,pct_CB_r10,pct_A,pct_B,pct_CA,pct_CB,dHU_core_global,attenuation_v3,cnr,nnunet_missed,s4_frac_ge_dark,s4_rank_dark,thick_bin,enhanced,target,target_20_40,target_ge40,cand_rank_A_r6,cand_rank_B_r6,cand_rank_CA_r6,cand_rank_CB_r6,cand_rank_A_r10,cand_rank_B_r10,cand_rank_CA_r10,cand_rank_CB_r10,cand_rank_A,cand_rank_B,cand_rank_CA,cand_rank_CB,fge_A,fge_B,fge_CA,fge_CB
PanTS_00000003,1,3,train,Venous,0.818359,0.818359,7.5,2,7.5,1055,5299.09,27.0544,20-40,False,1,True,14,hyperattenuating,0.480311,True,head,mask_ring,0.153915,inside,False,True,7.5,10.8153,10,155,1136,0.153915,1,71.5,71,71.5,71,72,71.5,72,71.5,72,71.5,72,71.5,14,hyper,1.836,False,0.31,19,>5,True,False,True,False,31,26,31,26,,,,,,,,,0.28,0.285,0.28,0.285
PanTS_00000026,1,1,train,Non-contrast,0.628906,0.628906,5,2,5,7244,14325.8,55.0219,>=40,False,1,True,0,isoattenuating,0,False,body,mask_ring,0.65935,inside,False,True,34.7713,15.0664,10,373,1272,0.65935,0.999586,100,100,100,100,100,100,100,100,100,100,100,100,2,iso,0.3352,True,0.9,14,2.5-5,False,False,False,False,1,1,1,1,1,1,1,1,1,1,1,1,0,0,0,0
PanTS_00000029,1,4,train,Venous,0.849609,0.849609,2.5,2,2.5,1613,2910.8,20.9241,20-40,False,1,True,-17,hypoattenuating,0.839829,True,body,mask_ring,0.641708,inside,False,True,3.06331,8.85744,10,84,1660,0.641708,1,55.5,36.5,55.5,36.5,75,80,75,80,75,80,75,80,-33,hypo,-1.991,False,0.825,,1.5-2.5,True,False,True,False,14,36,14,36,8,33,8,33,8,33,8,33,0.25,0.2,0.25,0.2
PanTS_00000031,1,3,train,Non-contrast,0.822266,0.822266,5,2,5,337,1139.26,19.3172,10-20,False,2,True,-43,hypoattenuating,0,False,tail,mask_ring,0.982557,embedded,False,True,113.802,6.47906,6,8,2713,0.982557,0.329377,25.5,60.5,25.5,60.5,6.5,23.5,6.5,23.5,25.5,60.5,25.5,60.5,-42,hypo,-5.068,True,0.835,,2.5-5,False,False,False,False,,,,,,,,,,,,,0.745,0.395,0.745,0.395
PanTS_00000031,2,3,train,Non-contrast,0.822266,0.822266,5,2,5,203,686.263,17.3647,10-20,False,2,False,-4,isoattenuating,0,False,head,mask_ring,0.213813,embedded,False,True,14.1683,5.47185,6,22,2713,0.213813,0.901478,97,97.5,97,97.5,90.5,96,90.5,96,97,97.5,97,97.5,-12.5,hypo,-1.508,True,0.075,,2.5-5,False,False,False,False,6,,6,,,4,,4,6,,6,,0.03,0.025,0.03,0.025
PanTS_00000035,1,1,train,Non-contrast,0.75,0.75,5,2,5,937,2635.31,25.4092,20-40,False,1,True,9,isoattenuating,0,False,tail,mask_ring,0.775807,inside,False,True,61.1581,8.56869,10,88,2735,0.775807,1,18,14,18,14,41,26.5,41,26.5,41,26.5,41,26.5,15,hyper,2.057,True,0.405,,2.5-5,False,False,False,False,47,,47,,22,,22,,22,,22,,0.59,0.735,0.59,0.735
PanTS_00000036,1,3,train,Non-contrast,1.5,1.5,1.5,2,1.5,82,276.75,14.151,10-20,False,1,True,-12,hypoattenuating,0,False,tail,mask_ring,0.783159,inside,False,False,,4.04265,6,16,212,0.783159,1,3.5,53,3.5,53,13.5,54.5,13.5,54.5,3.5,53,3.5,53,-4.5,iso,-0.1686,True,0.59,32,<=1.5,False,False,False,False,,,,,,,,,,,,,0.965,0.47,0.965,0.47
PanTS_00000040,1,2,train,Non-contrast,0.78125,0.78125,1,2,1,3459,2111.21,31.8065,20-40,False,1,True,-9,isoattenuating,0,False,,none,,separated,True,True,104.785,7.95818,6,0,783,,0,,,,,,,,,,,,,-9,iso,-0.1786,True,,,<=1.5,False,False,False,False,,,,,,,,,,,,,,,,
PanTS_00000042,1,3,train,Non-contrast,0.865234,0.865234,2.5,2,2.5,3263,6106.95,25.924,20-40,False,1,True,-1,isoattenuating,0.89335,True,head,mask_ring,0.159453,inside,False,True,2.44725,11.3391,10,150,1179,0.159453,1,50,0,50,0,41.5,0,41.5,0,41.5,0,41.5,0,-8,iso,-0.5027,False,0.545,43,1.5-2.5,False,False,False,False,27,44,27,44,31,43,31,43,31,43,31,43,0.585,1,0.585,1
PanTS_00000047,1,1,train,Non-contrast,0.78125,0.78125,0.8,2,0.8,12539,6122.56,44.0039,>=40,False,2,True,6,isoattenuating,0.206058,True,head,mask_ring,0.110686,inside,False,False,,11.3488,10,191,1971,0.110686,0.98397,9,12,9,12,70.5,9.5,70.5,9.5,70.5,9.5,70.5,9.5,5,iso,0.1571,False,0.12,5,<=1.5,False,False,False,False,,43,,43,7,50,7,50,7,50,7,50,0.295,0.905,0.295,0.905
PanTS_00000047,2,1,train,Non-contrast,0.78125,0.78125,0.8,2,0.8,369,180.176,15.4233,10-20,False,2,False,1,isoattenuating,0,False,body,mask_ring,0.572773,embedded,False,False,,3.50377,6,12,1971,0.572773,1,74,69,74,69,40.5,50.5,40.5,50.5,74,69,74,69,-12,hypo,-0.3771,True,0.73,,<=1.5,False,False,False,False,36,,36,,,,,,36,,36,,0.26,0.31,0.26,0.31
PanTS_00000049,1,1,train,Venous,0.820312,0.820312,2.5,2,2.5,7109,11959.3,37.8622,20-40,False,1,True,-57,hypoattenuating,0,False,body,mask_ring,0.437637,inside,False,True,9.48133,14.1864,10,280,2540,0.437637,1,31,42.5,31,42.5,69.5,53,69.5,53,69.5,53,69.5,53,-58,hypo,-2.464,True,0.735,27,1.5-2.5,True,False,True,False,15,41,15,41,5,9,5,9,5,9,5,9,0.305,0.47,0.305,0.47
PanTS_00000050,1,3,train,Non-contrast,0.976562,0.976562,1.25,2,1.25,3210,3826.61,37.6316,20-40,False,2,True,-13,hypoattenuating,0,False,head,mask_ring,0.0954613,abutting,False,True,16.2898,9.70306,10,104,635,0.0954613,0.755452,59,91.5,59,91.5,85.5,92,85.5,92,85.5,92,85.5,92,-9,iso,-0.554,True,0.01,32,<=1.5,False,False,False,False,8,4,8,4,4,3,4,3,4,3,4,3,0.145,0.08,0.145,0.08
PanTS_00000050,2,3,train,Non-contrast,0.976562,0.976562,1.25,2,1.25,1768,2107.62,27.326,20-40,False,2,False,23,hyperattenuating,0,False,head,mask_ring,0.100354,abutting,False,True,1.38107,7.95367,6,36,635,0.100354,0.529412,84,83.5,84,83.5,66,77.5,66,77.5,84,83.5,84,83.5,30,hyper,1.847,True,0.46,43,<=1.5,False,False,False,False,7,,7,,,,,,7,,7,,0.16,0.165,0.16,0.165
PanTS_00000074,1,4,train,Non-contrast,0.888672,0.888672,5,2,5,320,1263.58,15.0452,10-20,False,1,True,31.5,hyperattenuating,0,False,head,mask_ring,0.54374,inside,False,True,11.5869,6.70664,6,40,1541,0.54374,1,24,23,24,23,26,22.5,26,22.5,24,23,24,23,40,hyper,3.016,True,0.565,,2.5-5,False,False,False,False,33,38,33,38,28,28,28,28,33,38,33,38,0.76,0.77,0.76,0.77
PanTS_00000084,1,2,train,Venous,0.78125,0.78125,2.5,2,2.5,2686,4098.51,25.3033,20-40,False,1,True,-28,hypoattenuating,0.787524,True,head,mask_ring,0.147224,inside,False,True,6.06363,9.92764,10,121,2297,0.147224,1,92,62,92,62,92.5,34.5,92.5,34.5,92.5,34.5,92.5,34.5,-42,hypo,-2.303,False,1,,1.5-2.5,True,False,True,False,3,14,3,14,4,32,4,32,4,32,4,32,0.075,0.655,0.075,0.655
PanTS_00000086,1,2,train,Venous,0.701172,0.701172,2.5,2,2.5,6556,8058.02,45.1329,>=40,False,1,True,5,isoattenuating,0.415904,True,head,mask_ring,0.135803,inside,False,True,5.04892,12.4369,10,210,1954,0.135803,1,57,15,57,15,68,41.5,68,41.5,68,41.5,68,41.5,4,iso,0.3771,False,0.715,,1.5-2.5,True,False,False,False,11,,11,,9,,9,,9,,9,,0.32,0.585,0.32,0.585
PanTS_00000091,1,1,train,Non-contrast,0.544922,0.544922,2,2,2,3361,1996.03,28.467,20-40,False,2,True,-8,isoattenuating,0,False,body,mask_ring,0.429135,inside,False,False,,7.81075,6,57,1636,0.429135,0.990479,28,18.5,28,18.5,76,30.5,76,30.5,28,18.5,28,18.5,-11,hypo,-2.552,True,0.89,,1.5-2.5,False,False,False,False,,,,,,,,,,,,,0.72,0.815,0.72,0.815
PanTS_00000091,2,1,train,Non-contrast,0.544922,0.544922,2,2,2,1203,714.437,23.305,20-40,False,2,False,-9,isoattenuating,0,False,tail,mask_ring,0.898627,embedded,False,False,,5.54573,6,12,1636,0.898627,0.507897,94.5,97,94.5,97,90,93.5,90,93.5,94.5,97,94.5,97,-12,hypo,-2.784,True,0.87,,1.5-2.5,False,False,False,False,9,7,9,7,,,,,9,7,9,7,0.055,0.03,0.055,0.03
PanTS_00000099,1,0,train,Non-contrast,0.617188,0.617188,0.8,2,0.8,220,67.042,6.17562,5-10,False,2,False,-4,isoattenuating,0,False,head,mask_ring,0.0833745,embedded,False,False,,2.52011,6,5,1554,0.0833745,1,21.5,13.5,21.5,13.5,31,38,31,38,21.5,13.5,21.5,13.5,-16,hypo,-0.5547,True,0.75,,<=1.5,False,False,False,False,,,,,,,,,,,,,0.785,0.865,0.785,0.865
PanTS_00000099,2,0,train,Non-contrast,0.617188,0.617188,0.8,2,0.8,14298,4357.12,29.4811,20-40,False,2,True,-46,hypoattenuating,0,False,head,mask_ring,0.291322,embedded,False,False,,10.1322,10,51,1554,0.291322,0.377675,27,50,27,50,64.5,73,64.5,73,64.5,73,64.5,73,-50,hypo,-1.734,True,0.23,6,<=1.5,False,False,False,False,38,23,38,23,11,8,11,8,11,8,11,8,0.355,0.27,0.355,0.27
PanTS_00000100,1,4,train,Non-contrast,5,0.766,0.766,0,5,635,1862.95,18.2949,10-20,False,2,True,-3,isoattenuating,0,False,head,mask_ring,,inside,False,True,19.5507,7.63316,6,58,846,,1,62.5,4.5,62.5,4.5,69.5,75,69.5,75,62.5,4.5,62.5,4.5,-4,iso,-0.8618,True,0.845,,2.5-5,False,False,False,False,8,35,8,35,5,33,5,33,8,35,8,35,0.375,0.955,0.375,0.955
PanTS_00000100,2,4,train,Non-contrast,5,0.766,0.766,0,5,239,701.173,17.272,10-20,False,2,False,-60,hypoattenuating,0,False,,none,,separated,True,True,77.9919,5.51119,6,0,846,,0,,,,,,,,,,,,,-60,hypo,-12.93,True,,,2.5-5,False,False,False,False,,,,,,,,,,,,,,,,
PanTS_00000113,1,2,train,Non-contrast,0.769531,0.769531,4,2,4,317,750.882,15.7926,10-20,False,1,True,-29,hypoattenuating,0,False,head,mask_ring,0.561729,abutting,False,False,,5.63847,6,0,1363,0.561729,0,,,,,,,,,,,,,-26,hypo,-4.357,True,0.97,,2.5-5,False,False,False,False,,,,,,,,,,,,,,,,
PanTS_00000117,1,3,train,Venous,0.806641,0.806641,2.5,2,2.5,4744,7716.94,32.3809,20-40,False,1,True,-34,hypoattenuating,0.810796,True,head,mask_ring,0.196096,inside,False,True,0,12.2589,10,188,3247,0.196096,1,84,47,84,47,79,62.5,79,62.5,79,62.5,79,62.5,-43,hypo,-2.82,False,0.985,,1.5-2.5,True,False,True,False,4,21,4,21,3,8,3,8,3,8,3,8,0.21,0.375,0.21,0.375
PanTS_00000128,1,0,train,Non-contrast,0.818359,0.818359,3.75,2,3.75,17232,43276.8,81.3807,>=40,False,1,True,3,isoattenuating,0.642835,True,head,mask_ring,0.177185,inside,False,True,3.75,21.7799,10,970,1528,0.177185,0.940866,0,0,0,0,100,0,100,0,100,0,100,0,-2,iso,-0.1828,False,0.995,,2.5-5,False,False,False,False,7,45,7,45,1,31,1,31,1,31,1,31,0,1,0,1
PanTS_00000162,1,4,train,Venous,0.958984,0.958984,2.5,2,2.5,1639,3768.27,28.6879,20-40,False,1,True,13,hyperattenuating,0.443632,True,head,mask_ring,0.122603,inside,False,True,1.91797,9.65349,10,115,1832,0.122603,1,16,3,16,3,47,3,47,3,47,3,47,3,4,iso,0.3094,False,0.975,,1.5-2.5,True,False,False,False,36,,36,,11,42,11,42,11,42,11,42,0.53,0.97,0.53,0.97
PanTS_00000164,1,4,train,Non-contrast,0.712891,0.712891,5,2,5,1772,4502.77,25.0852,20-40,False,1,True,-7,isoattenuating,0,False,head,mask_ring,0.0748899,inside,False,True,11.4063,10.2439,10,113,1656,0.0748899,1,49,70.5,49,70.5,7.5,27.5,7.5,27.5,7.5,27.5,7.5,27.5,-8,iso,-0.9281,True,0.945,,2.5-5,False,False,False,False,11,40,11,40,,,,,,,,,0.925,0.725,0.925,0.725
PanTS_00000167,1,0,train,Venous,0.818359,0.818359,2.5,2,2.5,1296,2169.87,20.7565,20-40,False,1,True,-9,isoattenuating,0.421901,True,head,mask_ring,0.182055,inside,False,True,0,8.03122,10,70,2569,0.182055,1,84,91.5,84,91.5,66.5,100,66.5,100,66.5,100,66.5,100,-14,hypo,-1.28,False,0.03,7,1.5-2.5,True,False,True,False,6,4,6,4,12,1,12,1,12,1,12,1,0.335,0,0.335,0
PanTS_00000180,1,0,train,Non-contrast,5,0.810547,0.810547,0,5,93,305.499,9.06219,5-10,False,1,True,-47,hypoattenuating,0,False,tail,mask_ring,0.951126,inside,False,True,72.8928,4.17805,6,12,1462,0.951126,1,89,91,89,91,99.5,92.5,99.5,92.5,89,91,89,91,-48,hypo,-4.671,True,1,,2.5-5,False,False,False,False,8,10,8,10,2,6,2,6,8,10,8,10,0.11,0.09,0.11,0.09
PanTS_00000199,1,4,train,Venous,0.751953,0.751953,2.5,2,2.5,779,1101.18,18.3429,10-20,False,1,True,-9,isoattenuating,0.124088,True,head,mask_ring,0.245864,inside,False,True,2.25586,6.40605,6,32,1033,0.245864,1,49,23,49,23,8,23,8,23,49,23,49,23,-15,hypo,-1.676,False,0.83,,1.5-2.5,True,True,False,False,16,37,16,37,,24,,24,16,37,16,37,0.51,0.77,0.51,0.77
PanTS_00000220,1,1,train,Non-contrast,1.5,1.5,1.5,2,1.5,784,2646,29.0086,20-40,False,1,True,-16.5,hypoattenuating,0.357634,True,head,pc1_boundary,-0.0368491,separated,True,True,31.8198,8.58026,10,0,1114,-0.0368491,0,,,,,,,,,,,,,-26,hypo,-0.2641,False,,,<=1.5,False,False,False,False,,,,,,,,,,,,,,,,
PanTS_00000231,1,2,train,Venous,0.898438,0.898438,2.5,2,2.5,1256,2534.58,22.3147,20-40,False,1,True,9,isoattenuating,0.0714667,True,head,mask_ring,0.28468,inside,False,True,0,8.45809,10,83,1101,0.28468,1,18.5,33,18.5,33,74,92.5,74,92.5,74,92.5,74,92.5,10,iso,0.7541,False,0.9,,1.5-2.5,True,False,False,False,,,,,,,,,,,,,0.26,0.075,0.26,0.075
PanTS_00000246,1,1,train,Arterial,0.890625,0.890625,1.25,2,1.25,264178,261937,101.9,>=40,False,1,True,-75,hypoattenuating,0,False,tail,mask_ring,1.01326,abutting,False,True,62.6161,39.692,10,26,1842,1.01326,0.00244911,31.5,80.5,31.5,80.5,46,69,46,69,46,69,46,69,-69,hypo,-3.252,True,1,47,<=1.5,True,False,False,True,,29,,29,41,20,41,20,41,20,41,20,0.54,0.31,0.54,0.31
PanTS_00000251,1,4,train,Non-contrast,0.753906,0.753906,5,2,5,555,1577.24,24.51,20-40,False,1,True,-1,isoattenuating,0,False,tail,mask_ring,0.722527,inside,False,True,62.7704,7.22109,6,58,1918,0.722527,1,16.5,9.5,16.5,9.5,19.5,29,19.5,29,16.5,9.5,16.5,9.5,1,iso,0.07938,True,0.715,,2.5-5,False,False,False,False,43,,43,,,,,,43,,43,,0.835,0.905,0.835,0.905
PanTS_00000252,1,1,train,Non-contrast,0.78125,0.78125,0.8,2,0.8,11873,5797.36,32.6526,20-40,False,2,True,-2,isoattenuating,0,False,head,mask_ring,0.155092,inside,False,True,72.6681,11.1442,10,158,1575,0.155092,1,64,0,64,0,39,4.5,39,4.5,39,4.5,39,4.5,0,iso,0,True,0.37,,<=1.5,False,False,False,False,8,,8,,10,43,10,43,10,43,10,43,0.61,0.955,0.61,0.955
PanTS_00000252,2,1,train,Non-contrast,0.78125,0.78125,0.8,2,0.8,997,486.816,15.8911,10-20,False,2,False,-20,hypoattenuating,0,False,head,mask_ring,0.1923,inside,False,True,80.1338,4.88006,6,24,1575,0.1923,1,87,10,87,10,68.5,38.5,68.5,38.5,87,10,87,10,-22,hypo,-0.3421,True,0.545,,<=1.5,False,False,False,False,20,,20,,16,38,16,38,20,,20,,0.13,0.9,0.13,0.9
PanTS_00000259,1,2,train,Non-contrast,0.667969,0.667969,3,2,3,474,634.471,14.0223,10-20,False,2,False,14,hyperattenuating,0,False,head,mask_ring,0.180118,inside,False,True,10.6875,5.33058,6,24,2245,0.180118,1,69,35,69,35,20,40.5,20,40.5,69,35,69,35,14,hyper,1.207,True,0.62,,2.5-5,False,False,False,False,33,,33,,,,,,33,,33,,0.31,0.65,0.31,0.65
PanTS_00000259,2,2,train,Non-contrast,0.667969,0.667969,3,2,3,5116,6848.01,33.0809,20-40,False,2,True,-4,isoattenuating,0,False,body,mask_ring,0.564329,inside,False,True,20.8117,11.7804,10,185,2245,0.564329,1,6,34.5,6,34.5,29,77.5,29,77.5,29,77.5,29,77.5,-2,iso,-0.1724,True,0.82,,2.5-5,False,False,False,False,,25,,25,31,,31,,31,,31,,0.71,0.225,0.71,0.225
PanTS_00000270,1,4,train,Arterial,0.742188,0.742188,1.25,2,1.25,23437,16137.6,41.2435,>=40,False,1,True,,unknown,0.233234,True,body,mask_ring,,inside,False,False,,15.6765,10,292,363,0.476702,0.873149,100,100,100,100,0,100,0,100,0,100,0,100,7,iso,0.4061,False,0.475,1,<=1.5,True,False,False,False,1,2,1,2,2,2,2,2,2,2,2,2,1,0,1,0
PanTS_00000290,1,3,train,Venous,1.5,1.5,1.5,2,1.5,1149,3877.88,25.6759,20-40,False,1,True,1,isoattenuating,0.689634,True,head,mask_ring,0.254527,inside,False,True,18.6748,9.74619,10,108,1505,0.254527,1,88,53,88,53,58.5,72,58.5,72,58.5,72,58.5,72,2,iso,0.1257,False,0.875,,<=1.5,True,False,False,False,2,,2,,8,18,8,18,8,18,8,18,0.415,0.28,0.415,0.28
PanTS_00000352,1,2,train,Non-contrast,0.873047,0.873047,2.5,2,2.5,5080,9680.08,32.6429,20-40,False,1,True,1,isoattenuating,0.563406,True,head,mask_ring,0.154808,inside,False,True,0.873047,13.221,10,232,1448,0.154808,1,100,93.5,100,93.5,93.5,93.5,93.5,93.5,93.5,93.5,93.5,93.5,1,iso,0.06557,False,0.01,2,1.5-2.5,False,False,False,False,9,24,9,24,9,,9,,9,,9,,0.065,0.065,0.065,0.065
PanTS_00000363,1,4,train,Venous,0.742188,0.742188,1.25,2,1.25,17647,12150.9,42.8091,>=40,False,1,True,-27,hypoattenuating,0.755289,True,head,mask_ring,0.242876,inside,False,True,3.22118,14.2618,10,227,2058,0.242876,0.86043,83,34.5,83,34.5,69,18,69,18,69,18,69,18,-27,hypo,-2.036,False,0.98,,<=1.5,True,False,False,True,4,16,4,16,6,22,6,22,6,22,6,22,0.31,0.82,0.31,0.82
PanTS_00000368,1,4,train,Arterial,0.683594,0.683594,0.8,2,0.8,5702,2131.64,33.9059,20-40,False,1,True,-13,hypoattenuating,0.0245594,True,body,pc1_boundary,0.560039,abutting,False,True,11.646,7.98377,6,48,1819,0.560039,0.454577,69,41.5,69,41.5,53,38.5,53,38.5,69,41.5,69,41.5,-16,hypo,-1.005,False,0.885,,<=1.5,True,False,True,False,15,30,15,30,20,,20,,15,30,15,30,0.31,0.585,0.31,0.585
PanTS_00000371,1,4,train,Non-contrast,0.703125,0.703125,0.913607,2,0.913607,944,426.38,15.7745,10-20,False,1,True,14,hyperattenuating,0,False,tail,mask_ring,0.941531,inside,False,True,51.9779,4.66913,6,26,1424,0.941531,1,61.5,30.5,61.5,30.5,50,67,50,67,61.5,30.5,61.5,30.5,22,hyper,1.327,True,0.995,,<=1.5,False,False,False,False,27,49,27,49,40,20,40,20,27,49,27,49,0.385,0.695,0.385,0.695
PanTS_00000416,1,2,train,Non-contrast,0.78125,0.78125,0.8,2,0.8,6458,3153.32,22.4738,20-40,False,1,True,-13,hypoattenuating,0,False,head,mask_ring,0.18127,inside,False,True,73.7367,9.09689,10,82,2083,0.18127,1,45.5,73,45.5,73,61.5,88.5,61.5,88.5,61.5,88.5,61.5,88.5,-13,hypo,-0.4262,True,0.145,7,<=1.5,False,False,False,False,26,12,26,12,31,6,31,6,31,6,31,6,0.385,0.115,0.385,0.115
PanTS_00000423,1,0,train,Non-contrast,0.927734,0.927734,2.5,2,2.5,1588,3416.94,24.2943,20-40,False,1,True,-4,isoattenuating,0.823496,True,head,mask_ring,0.155213,inside,False,True,0.927734,9.34364,10,98,662,0.155213,1,100,100,100,100,100,100,100,100,100,100,100,100,-4,iso,-0.4641,False,0.025,2,1.5-2.5,False,False,False,False,3,3,3,3,26,3,26,3,26,3,26,3,0,0,0,0
PanTS_00000449,1,1,train,Venous,0.78125,0.78125,5,2,5,22847,69723.5,64.1252,>=40,False,1,True,13,hyperattenuating,0.46137,True,head,mask_ring,0.170072,inside,False,True,0.78125,25.5327,10,1392,1031,0.170072,1,,,,,,,,,,,,,13,hyper,1.089,False,0.665,7,2.5-5,True,False,False,True,5,2,5,2,1,1,1,1,1,1,1,1,,,,
PanTS_00000451,1,1,train,Non-contrast,1.5,1.5,1.5,2,1.5,132,445.5,15.0748,10-20,False,1,True,11,hyperattenuating,0,False,head,mask_ring,0.312041,inside,False,False,,4.73791,6,21,1681,0.312041,1,15.5,18,15.5,18,27,29.5,27,29.5,15.5,18,15.5,18,6.5,iso,0.3699,True,0.935,,<=1.5,False,False,False,False,,,,,46,47,46,47,,,,,0.845,0.82,0.845,0.82
PanTS_00000463,1,0,train,Non-contrast,5,0.742188,0.742188,0,5,215,592.155,10.7396,10-20,False,1,True,3,isoattenuating,0,False,head,mask_ring,,inside,False,True,18.7963,5.20934,6,24,1008,,1,71.5,4,71.5,4,6,23,6,23,71.5,4,71.5,4,11.5,hyper,0.8895,True,0.745,,2.5-5,False,False,False,False,14,,14,,,,,,14,,14,,0.285,0.96,0.285,0.96
PanTS_00000465,1,3,train,Non-contrast,1,0.871094,0.871094,0,1,54150,41089.3,89.0518,>=40,False,2,True,-30,hypoattenuating,0.827225,True,tail,mask_ring,0.535379,inside,False,True,4.79639,21.4065,10,805,337,0.535379,0.90109,,,,,,,,,,,,,-31,hypo,-1.396,False,0.865,12,<=1.5,False,False,False,False,6,16,6,16,6,10,6,10,6,10,6,10,,,,
PanTS_00000465,2,3,train,Non-contrast,1,0.871094,0.871094,0,1,23814,18070.2,49.6382,>=40,False,2,False,-4,isoattenuating,0,False,body,mask_ring,0.181151,inside,False,True,4.36294,16.2789,10,340,337,0.181151,0.859746,,,,,,,,,,,,,-5,iso,-0.2251,True,1,42,<=1.5,False,False,False,False,24,43,24,43,23,41,23,41,23,41,23,41,,,,
PanTS_00000482,1,1,train,Non-contrast,0.90625,0.90625,0.8,2,0.8,616,404.731,21.4872,20-40,False,1,True,-1,isoattenuating,0,False,head,mask_ring,0.262041,embedded,False,False,,4.58873,6,21,2564,0.262041,1,21.5,16,21.5,16,20.5,9.5,20.5,9.5,21.5,16,21.5,16,8,iso,0.1978,True,0.94,,<=1.5,False,False,False,False,,,,,,,,,,,,,0.785,0.84,0.785,0.84
PanTS_00000485,1,3,train,Venous,0.878906,0.878906,2.5,2,2.5,1272,2456.47,20.6938,20-40,False,1,True,81,hyperattenuating,0,False,head,mask_ring,0.102846,inside,False,False,,8.3703,10,75,1484,0.102846,1,96.5,100,96.5,100,93,100,93,100,93,100,93,100,100,hyper,7.015,True,0.41,22,1.5-2.5,True,False,True,False,2,1,2,1,3,1,3,1,3,1,3,1,0.07,0,0.07,0
PanTS_00000488,1,3,train,Non-contrast,0.728726,0.728726,5,2,5,477,1266.53,28.1923,20-40,False,1,True,-10,isoattenuating,0,False,tail,mask_ring,0.811103,inside,False,True,67.5358,6.71186,6,50,1904,0.811103,1,73.5,71.5,73.5,71.5,88,78,88,78,73.5,71.5,73.5,71.5,-23,hypo,-2.168,True,0.745,,2.5-5,False,False,False,False,11,,11,,19,,19,,11,,11,,0.265,0.285,0.265,0.285
PanTS_00000554,1,0,train,Arterial,0.767578,0.767578,1.25,2,1.25,23632,17404.3,55.5241,>=40,False,1,True,-44,hypoattenuating,0,False,head,mask_ring,0.194441,embedded,False,True,3.43271,16.0764,10,147,2254,0.194441,0.327395,100,91,100,91,91.5,43,91.5,43,91.5,43,91.5,43,-50,hypo,-3.279,True,1,,<=1.5,True,False,False,True,1,3,1,3,2,12,2,12,2,12,2,12,0.085,0.57,0.085,0.57
PanTS_00000557,1,0,train,Non-contrast,0.625,0.625,0.8,2,0.8,690,215.625,13.3774,10-20,False,2,True,-17,hypoattenuating,0,False,body,mask_ring,0.579169,embedded,False,True,25.7231,3.71995,6,9,1654,0.579169,0.905797,4,36.5,4,36.5,94.5,91,94.5,91,4,36.5,4,36.5,-13,hypo,-0.5683,True,0.235,,<=1.5,False,False,False,False,,,,,,,,,,,,,0.96,0.635,0.96,0.635
PanTS_00000557,2,0,train,Non-contrast,0.625,0.625,0.8,2,0.8,229,71.5625,9.4576,5-10,False,2,False,-6,isoattenuating,0,False,body,mask_ring,0.629979,embedded,False,True,30.412,2.57552,6,8,1654,0.629979,1,48.5,49.5,48.5,49.5,55,65.5,55,65.5,48.5,49.5,48.5,49.5,-29.5,hypo,-1.29,True,0.9,,<=1.5,False,False,False,False,,,,,,33,,33,,,,,0.515,0.505,0.515,0.505
PanTS_00000564,1,0,train,Venous,0.724609,0.724609,2.5,2,2.5,1099,1442.6,16.478,10-20,False,1,True,-43,hypoattenuating,0.62069,True,tail,mask_ring,0.776657,inside,False,True,2.5,7.00948,6,47,784,0.776657,1,50,37.5,50,37.5,82.5,84,82.5,84,50,37.5,50,37.5,-71,hypo,-6.909,False,0.745,37,1.5-2.5,True,True,False,False,11,15,11,15,3,3,3,3,11,15,11,15,0.5,0.625,0.5,0.625
PanTS_00000574,1,3,train,Non-contrast,0.8125,0.8125,2.5,2,2.5,2927,4830.69,32.515,20-40,False,1,True,-3,isoattenuating,0.0196211,True,head,mask_ring,0.11932,inside,False,False,,10.4867,10,129,299,0.11932,0.999317,72,0,72,0,28.5,38,28.5,38,28.5,38,28.5,38,-1,iso,-0.07541,False,0.76,9,1.5-2.5,False,False,False,False,3,8,3,8,4,2,4,2,4,2,4,2,0.715,0.62,0.715,0.62
PanTS_00000592,1,2,train,Non-contrast,0.976562,0.976562,0.8,2,0.8,603,460.052,13.2507,10-20,False,1,True,2,isoattenuating,0,False,body,mask_ring,0.359773,inside,False,True,7.10948,4.78894,6,20,2469,0.359773,1,49.5,43.5,49.5,43.5,9.5,16.5,9.5,16.5,49.5,43.5,49.5,43.5,2,iso,0.07448,True,0.475,,<=1.5,False,False,False,False,45,,45,,,,,,45,,45,,0.505,0.565,0.505,0.565
PanTS_00000605,1,3,train,Venous,0.660156,0.660156,3,2,3,3948,5161.69,31.8242,20-40,False,1,True,-31,hypoattenuating,0.746939,True,head,mask_ring,0.269217,inside,False,True,0,10.721,10,144,2118,0.269217,1,74,38.5,74,38.5,38.5,18.5,38.5,18.5,38.5,18.5,38.5,18.5,-48,hypo,-8.517,False,1,,2.5-5,True,False,True,False,6,24,6,24,14,22,14,22,14,22,14,22,0.615,0.815,0.615,0.815
PanTS_00000623,1,2,train,Non-contrast,0.878906,0.878906,0.8,2,0.8,1937,1197.03,23.442,20-40,False,1,True,-11,hypoattenuating,0,False,head,mask_ring,0.0768964,embedded,False,False,,6.58676,6,35,2371,0.0768964,0.769231,100,76.5,100,76.5,94,94,94,94,100,76.5,100,76.5,-11,hypo,-0.2613,True,0.89,,<=1.5,False,False,False,False,1,19,1,19,18,5,18,5,1,19,1,19,0,0.235,0,0.235
PanTS_00000626,1,3,train,Non-contrast,0.851562,0.851562,1,2,1,6204,4498.88,30.4366,20-40,False,1,True,1,isoattenuating,0,False,head,mask_ring,0.218804,inside,False,True,21.2007,10.2409,10,130,811,0.218804,1,37.5,17,37.5,17,60,24.5,60,24.5,60,24.5,60,24.5,-1,iso,-0.02139,True,0.91,35,<=1.5,False,False,False,False,9,43,9,43,6,13,6,13,6,13,6,13,0.4,0.755,0.4,0.755
PanTS_00000654,1,2,train,Non-contrast,0.78125,0.78125,0.8,2,0.8,4462,2178.71,25.9116,20-40,False,1,True,13,hyperattenuating,0,False,head,mask_ring,0.292603,inside,False,False,,8.04212,10,68,1597,0.292603,1,2,67.5,2,67.5,41,14.5,41,14.5,41,14.5,41,14.5,14,hyper,0.391,True,0.68,34,<=1.5,False,False,False,False,,17,,17,22,44,22,44,22,44,22,44,0.59,0.855,0.59,0.855
PanTS_00000656,1,1,train,Venous,0.869141,0.869141,2.5,2,2.5,5075,9584.21,35.689,20-40,False,1,True,-31,hypoattenuating,0.810329,True,head,mask_ring,0.214059,inside,False,True,2.60742,13.1772,10,227,3482,0.214059,1,62,6,62,6,44,18,44,18,44,18,44,18,-35,hypo,-1.32,False,0.875,,1.5-2.5,True,False,True,False,16,46,16,46,19,40,19,40,19,40,19,40,0.56,0.82,0.56,0.82
PanTS_00000674,1,0,train,Non-contrast,0.703125,0.703125,2.5,2,2.5,273,337.418,10.5885,10-20,False,1,True,-7,isoattenuating,0,False,body,mask_ring,0.454878,inside,False,True,28.4638,4.31877,6,18,1820,0.454878,1,52,80,52,80,37,26,37,26,52,80,52,80,0,iso,0,True,0.98,,1.5-2.5,False,False,False,False,,25,,25,,,,,,25,,25,0.48,0.2,0.48,0.2
PanTS_00000675,1,1,train,Non-contrast,1,0.953125,0.953125,0,1,3711,3371.25,21.5287,20-40,False,1,True,0,isoattenuating,0,False,head,mask_ring,0.123056,inside,False,False,,9.30181,10,99,2034,0.123056,1,25.5,0,25.5,0,0,4,0,4,0,4,0,4,1,iso,0.04945,True,0.98,,<=1.5,False,False,False,False,31,,31,,,45,,45,,45,,45,1,0.96,1,0.96
PanTS_00000693,1,3,train,Venous,0.837891,0.837891,2.5,2,2.5,4912,8621.31,32.1678,20-40,False,1,True,-4,isoattenuating,0.52884,True,head,mask_ring,0.180091,inside,False,True,0,12.7202,10,223,665,0.180091,1,81.5,81.5,81.5,81.5,100,0,100,0,100,0,100,0,-6,iso,-0.2585,False,0.6,13,1.5-2.5,True,False,False,False,3,10,3,10,1,13,1,13,1,13,1,13,0,1,0,1
PanTS_00000696,1,3,train,Arterial,0.761719,0.761719,1.25,2,1.25,23666,17164.2,55.4963,>=40,False,1,True,-10,isoattenuating,0.495295,True,head,mask_ring,0.273346,inside,False,True,0,16.0022,10,377,1232,0.273346,0.955971,21.5,38.5,21.5,38.5,39.5,39.5,39.5,39.5,39.5,39.5,39.5,39.5,-7,iso,-0.4061,False,0.045,1,<=1.5,True,False,False,False,7,9,7,9,10,7,10,7,10,7,10,7,0.605,0.605,0.605,0.605
PanTS_00000715,1,1,train,Non-contrast,0.833984,0.833984,5,2,5,514,1787.51,17.3496,10-20,False,1,True,5,isoattenuating,0.351893,True,body,mask_ring,0.615184,inside,False,True,28.7929,7.5287,6,56,1281,0.615184,1,33,100,33,100,100,95.5,100,95.5,33,100,33,100,11,hyper,1.106,False,0.845,,2.5-5,False,False,False,False,20,31,20,31,2,28,2,28,20,31,20,31,0.67,0,0.67,0
PanTS_00000723,1,1,train,Venous,0.742188,0.742188,2.5,2,2.5,1527,2102.84,21.6633,20-40,False,1,True,-52,hypoattenuating,0.222769,True,head,mask_ring,0.130612,inside,False,True,15,7.94766,6,64,1260,0.130612,1,94.5,94,94.5,94,90,94,90,94,94.5,94,94.5,94,-66,hypo,-4.236,False,0.345,15,1.5-2.5,True,False,True,False,3,,3,,4,,4,,3,,3,,0.055,0.06,0.055,0.06
PanTS_00000727,1,1,train,Arterial,0.830078,0.830078,5,2,5,7457,25690.5,52.5596,>=40,False,1,True,-17,hypoattenuating,0.871114,True,tail,mask_ring,0.706251,inside,False,True,0.830078,18.3046,10,557,557,0.706251,0.999195,0,0,0,0,0,0,0,0,0,0,0,0,-18,hypo,-1.263,False,1,40,2.5-5,True,False,False,True,11,20,11,20,10,24,10,24,10,24,10,24,1,1,1,1
PanTS_00000730,1,0,train,Venous,0.746094,0.746094,5,2,5,2592,7214.26,37.4445,20-40,False,1,True,-67,hypoattenuating,0.694025,True,tail,mask_ring,0.809999,inside,False,True,0,11.9867,10,196,2198,0.809999,1,83.5,35.5,83.5,35.5,81.5,31,81.5,31,81.5,31,81.5,31,-82,hypo,-8.834,False,0.93,,2.5-5,True,False,True,False,4,17,4,17,4,13,4,13,4,13,4,13,0.185,0.69,0.185,0.69
PanTS_00000750,1,4,train,Venous,0.769531,0.769531,2.5,2,2.5,1106,1637.37,20.6193,20-40,False,1,True,35.5,hyperattenuating,0,False,body,mask_ring,0.311743,inside,False,True,0,7.31172,6,52,960,0.311743,1,75.5,32,75.5,32,69,55.5,69,55.5,75.5,32,75.5,32,37,hyper,2.232,True,0.86,45,1.5-2.5,True,False,True,False,8,39,8,39,11,30,11,30,8,39,8,39,0.245,0.68,0.245,0.68
PanTS_00000761,1,1,train,Non-contrast,0.683594,0.683594,1.25,2,1.25,2229,1302.02,19.5613,10-20,False,1,True,-58,hypoattenuating,0.63528,True,head,mask_ring,0.269268,abutting,False,True,11.743,6.77396,6,14,1094,0.269268,0.234634,86.5,78,86.5,78,86,83,86,83,86.5,78,86.5,78,-56,hypo,-8.446,False,0.735,,<=1.5,False,False,False,False,,,,,,,,,,,,,0.135,0.22,0.135,0.22
PanTS_00000766,1,2,train,Venous,1.5,1.5,1.5,2,1.5,140,472.5,18.1246,10-20,False,2,False,7,isoattenuating,0,False,tail,mask_ring,0.797966,inside,False,True,61.2066,4.83175,6,20,1790,0.797966,1,64,15.5,64,15.5,74,40,74,40,64,15.5,64,15.5,2,iso,0.1097,True,0.985,,<=1.5,True,False,False,False,28,,28,,,,,,28,,28,,0.36,0.845,0.36,0.845
PanTS_00000766,2,2,train,Venous,1.5,1.5,1.5,2,1.5,228,769.5,17.3638,10-20,False,2,True,21,hyperattenuating,0.00663717,True,head,mask_ring,0.153536,inside,False,True,13.5831,5.68469,6,33,1790,0.153536,1,0,1,0,1,0,10.5,0,10.5,0,1,0,1,26.5,hyper,1.453,False,0.99,,<=1.5,True,True,False,False,,,,,,,,,,,,,1,0.99,1,0.99
PanTS_00000771,1,0,train,Venous,0.898438,0.898438,2.5,2,2.5,5822,11748.7,40.6902,>=40,False,1,True,-74,hypoattenuating,0.921069,True,head,mask_ring,0.280317,inside,False,True,0,14.1026,10,282,1615,0.280317,1,70.5,36,70.5,36,54.5,67.5,54.5,67.5,54.5,67.5,54.5,67.5,-81,hypo,-5.817,False,0.345,,1.5-2.5,True,False,False,True,3,11,3,11,4,5,4,5,4,5,4,5,0.455,0.325,0.455,0.325
PanTS_00000797,1,0,train,Venous,0.777344,0.777344,3,2,3,1113,2017.64,23.376,20-40,False,1,True,-14,hypoattenuating,0,False,tail,mask_ring,0.982283,inside,False,True,86.7319,7.83883,6,65,1561,0.982283,1,94,82,94,82,75,20,75,20,94,82,94,82,-7,iso,-0.8121,True,0.22,,2.5-5,True,False,False,False,4,7,4,7,6,33,6,33,4,7,4,7,0.06,0.18,0.06,0.18
PanTS_00000806,1,4,train,Arterial,0.976562,0.976562,2.5,2,2.5,1095,2610.68,24.4113,20-40,False,1,True,0,isoattenuating,0.504241,True,body,mask_ring,0.573235,inside,False,True,5.25895,8.54191,10,86,1644,0.573235,1,7.5,8.5,7.5,8.5,49.5,18,49.5,18,49.5,18,49.5,18,6,iso,0.2919,False,0.825,,1.5-2.5,True,False,False,False,42,,42,,31,,31,,31,,31,,0.505,0.82,0.505,0.82
PanTS_00000811,1,3,train,Arterial,0.763672,0.763672,1,2,1,11433,6667.67,32.3597,20-40,False,1,True,5,isoattenuating,0.459827,True,head,mask_ring,0.0816635,inside,False,True,1,11.676,10,173,1373,0.0816635,0.999825,11.5,0,11.5,0,0,0,0,0,0,0,0,0,5,iso,0.457,False,0.975,,<=1.5,True,False,False,False,23,,23,,40,,40,,40,,40,,1,1,1,1
PanTS_00000814,1,0,train,Venous,0.732422,0.732422,1.2,2,1.2,25095,16154.4,67.9123,>=40,False,2,True,-4,isoattenuating,0,False,body,mask_ring,0.574321,inside,False,True,16.456,15.682,10,442,1307,0.574321,0.966009,35,72,35,72,70,61.5,70,61.5,70,61.5,70,61.5,-4,iso,-0.3549,True,0.845,,<=1.5,True,False,False,False,4,4,4,4,2,5,2,5,2,5,2,5,0.3,0.385,0.3,0.385
PanTS_00000814,2,0,train,Venous,0.732422,0.732422,1.2,2,1.2,1075,692.01,13.0493,10-20,False,2,False,-9,isoattenuating,0,False,tail,mask_ring,0.986123,inside,False,True,92.2603,5.48708,6,26,1307,0.986123,1,100,78.5,100,78.5,39.5,76.5,39.5,76.5,100,78.5,100,78.5,-11,hypo,-0.9759,True,0.235,,<=1.5,True,True,False,False,1,36,1,36,33,,33,,1,36,1,36,0,0.215,0,0.215
PanTS_00000836,1,0,train,Non-contrast,0.628906,0.628906,0.8,2,0.8,27034,8554.06,34.4585,20-40,False,1,True,-3,isoattenuating,0.764596,True,head,mask_ring,0.176358,abutting,False,True,5.76024,12.6871,10,38,160,0.176358,0.167308,100,49,100,49,100,77.5,100,77.5,100,77.5,100,77.5,-3,iso,-0.232,False,1,25,<=1.5,False,False,False,False,1,3,1,3,1,2,1,2,1,2,1,2,0,0.225,0,0.225
PanTS_00000839,1,4,train,Non-contrast,0.703125,0.703125,5,2,5,382,944.275,18.5763,10-20,False,1,True,-29,hypoattenuating,0,False,tail,mask_ring,0.99437,abutting,False,True,116.646,6.08607,6,23,1983,0.99437,0.706806,55,45.5,55,45.5,52,36,52,36,55,45.5,55,45.5,-9,iso,-0.2446,True,0.73,,2.5-5,False,False,False,False,,50,,50,,,,,,50,,50,0.45,0.545,0.45,0.545
PanTS_00000849,1,2,train,Venous,0.871094,0.871094,2.5,2,2.5,405,768.29,17.5088,10-20,False,1,True,15,hyperattenuating,0,False,head,mask_ring,0.415323,inside,False,True,0,5.68171,6,28,1582,0.415323,1,72.5,9.5,72.5,9.5,8.5,20,8.5,20,72.5,9.5,72.5,9.5,30,hyper,2.262,True,0.835,,1.5-2.5,True,True,False,False,15,,15,,,,,,15,,15,,0.275,0.905,0.275,0.905
PanTS_00000855,1,1,train,Arterial,0.638672,0.638672,5,2,5,263,536.391,13.3841,10-20,False,2,False,4,isoattenuating,0,False,body,mask_ring,0.606173,inside,False,True,49.7861,5.04039,6,21,1334,0.606173,1,96.5,81,96.5,81,76.5,78.5,76.5,78.5,96.5,81,96.5,81,10,iso,1.588,True,0.525,,2.5-5,True,False,False,False,,,,,,,,,,,,,0.035,0.19,0.035,0.19
PanTS_00000855,2,1,train,Arterial,0.638672,0.638672,5,2,5,273,556.786,17.3889,10-20,False,2,True,3,isoattenuating,0,False,head,mask_ring,0.245402,embedded,False,True,15.0678,5.10348,6,9,1334,0.245402,0.421245,24,36.5,24,36.5,46,17.5,46,17.5,24,36.5,24,36.5,1.5,iso,0.2381,True,0.875,,2.5-5,True,False,False,False,,,,,,,,,,,,,0.76,0.635,0.76,0.635
PanTS_00000860,1,4,train,Non-contrast,0.837891,0.837891,2.5,2,2.5,11166,19598,48.02,>=40,False,1,True,-1,isoattenuating,0.810397,True,head,mask_ring,0.171673,inside,False,True,0.837891,16.7253,10,431,1310,0.171673,0.986208,100,100,100,100,100,100,100,100,100,100,100,100,-4,iso,-0.1885,False,0.04,4,1.5-2.5,False,False,False,False,1,1,1,1,2,4,2,4,2,4,2,4,0,0,0,0
PanTS_00000862,1,3,train,Venous,0.9375,0.9375,2.5,2,2.5,1580,3471.68,21.9419,20-40,False,1,True,28,hyperattenuating,0.427776,True,head,mask_ring,0.2999,inside,False,True,8.71645,9.39327,10,94,1823,0.2999,1,69,78,69,78,94.5,75,94.5,75,94.5,75,94.5,75,13,hyper,0.8714,False,0.265,,1.5-2.5,True,False,True,False,8,,8,,3,50,3,50,3,50,3,50,0.055,0.25,0.055,0.25
PanTS_00000871,1,1,train,Non-contrast,0.839844,0.839844,0.8,2,0.8,15541,8769.33,39.6429,20-40,False,4,True,0,isoattenuating,0.619385,True,head,mask_ring,0.137874,inside,False,False,,12.7926,10,222,1487,0.137874,0.991957,100,100,100,100,100,100,100,100,100,100,100,100,4,iso,0.1138,False,0.015,1,<=1.5,False,False,False,False,,43,,43,50,,50,,50,,50,,0,0,0,0
PanTS_00000871,2,1,train,Non-contrast,0.839844,0.839844,0.8,2,0.8,835,471.166,18.0351,10-20,False,4,False,3,isoattenuating,0.000337325,True,head,mask_ring,0.23332,embedded,False,False,,4.8272,6,21,1487,0.23332,1,50,28.5,50,28.5,82,32.5,82,32.5,50,28.5,50,28.5,2,iso,0.05691,False,0.805,,<=1.5,False,False,False,False,,,,,,,,,,,,,0.5,0.715,0.5,0.715
PanTS_00000871,3,1,train,Non-contrast,0.839844,0.839844,0.8,2,0.8,4,2.25708,2.4,<5,True,4,False,21,hyperattenuating,0,False,head,mask_ring,0.204904,embedded,False,False,,0.813741,6,0,1487,0.204904,1,,,,,,,,,,,,,22,hyper,0.626,True,,,<=1.5,False,False,False,False,,,,,,,,,,,,,,,,
PanTS_00000871,4,1,train,Non-contrast,0.839844,0.839844,0.8,2,0.8,264,148.967,12.0787,10-20,False,4,False,6.5,isoattenuating,0,False,head,mask_ring,0.307236,embedded,False,False,,3.28852,6,13,1487,0.307236,1,64,66.5,64,66.5,33,26,33,26,64,66.5,64,66.5,8,iso,0.2277,True,0.23,,<=1.5,False,False,False,False,38,34,38,34,,,,,38,34,38,34,0.36,0.335,0.36,0.335
PanTS_00000878,1,2,train,Venous,0.84375,0.84375,2.5,2,2.5,3593,6394.77,35.5226,20-40,False,1,True,-2,isoattenuating,0.463248,True,body,mask_ring,0.506863,inside,False,True,0,11.5145,10,163,860,0.506863,1,86.5,1.5,86.5,1.5,2,33.5,2,33.5,2,33.5,2,33.5,-4,iso,-0.2117,False,0.725,45,1.5-2.5,True,False,False,False,2,24,2,24,24,31,24,31,24,31,24,31,0.98,0.665,0.98,0.665
PanTS_00000881,1,0,train,Arterial,1,1,1,2,1,4668,4668,27.5136,20-40,False,1,True,-19,hypoattenuating,0.696569,True,body,pc1_boundary,0.660839,separated,True,True,29.0689,10.3677,10,0,3812,0.660839,0,,,,,,,,,,,,,-16,hypo,-0.7784,False,,,<=1.5,True,False,True,False,,,,,,,,,,,,,,,,
PanTS_00000911,1,4,train,Venous,0.955078,0.955078,1.25,2,1.25,2368,2700.04,36.1761,20-40,False,1,True,-4,isoattenuating,0,False,head,mask_ring,0.124163,inside,False,False,,8.63827,10,89,1736,0.124163,0.999578,79.5,61.5,79.5,61.5,60.5,45.5,60.5,45.5,60.5,45.5,60.5,45.5,-4,iso,-0.6703,True,0.685,,<=1.5,True,False,False,False,6,8,6,8,5,15,5,15,5,15,5,15,0.395,0.545,0.395,0.545
PanTS_00000927,1,4,train,Non-contrast,0.820312,0.820312,1,2,1,11301,7604.59,29.7975,20-40,False,1,True,16,hyperattenuating,0.473919,True,body,mask_ring,0.559544,inside,False,True,0.820312,12.1991,10,177,1438,0.559544,0.997168,1,14,1,14,88,5,88,5,88,5,88,5,20,hyper,1.676,False,0.325,8,<=1.5,False,False,False,False,21,28,21,28,2,22,2,22,2,22,2,22,0.12,0.95,0.12,0.95
PanTS_00000930,1,3,train,Non-contrast,0.861328,0.861328,7.5,2,7.5,1305,7261.21,41.6031,>=40,False,2,True,-30,hypoattenuating,0,False,body,mask_ring,0.644102,abutting,False,True,69.5193,12.0127,10,48,2939,0.644102,0.284291,92,89.5,92,89.5,94.5,98,94.5,98,94.5,98,94.5,98,-30,hypo,-3.016,True,0.97,,>5,False,False,False,False,13,9,13,9,11,4,11,4,11,4,11,4,0.055,0.02,0.055,0.02
PanTS_00000930,2,3,train,Non-contrast,0.861328,0.861328,7.5,2,7.5,1018,5664.3,45.8076,>=40,False,2,False,-4,isoattenuating,0.260299,True,body,mask_ring,0.529803,inside,False,True,37.8281,11.0582,10,149,2939,0.529803,0.904715,81,16.5,81,16.5,70,40,70,40,70,40,70,40,12.5,hyper,1.257,False,0.965,,>5,False,False,False,False,8,,8,,46,28,46,28,46,28,46,28,0.3,0.6,0.3,0.6
PanTS_00000932,1,2,train,Non-contrast,5,0.884766,0.884766,0,5,172,673.217,13.7353,10-20,False,2,True,-19,hypoattenuating,0,False,head,mask_ring,,abutting,False,True,15.8456,5.43695,6,0,1364,,0,,,,,,,,,,,,,-11.5,hypo,-0.9129,True,0.83,,2.5-5,False,False,False,False,,,,,,,,,,,,,,,,
PanTS_00000932,2,2,train,Non-contrast,5,0.884766,0.884766,0,5,105,410.975,12.0341,10-20,False,2,False,-16,hypoattenuating,0,False,head,mask_ring,,embedded,False,True,20,4.61221,6,0,1364,,0,,,,,,,,,,,,,-11.5,hypo,-0.9129,True,0.62,,2.5-5,False,False,False,False,,,,,,,,,,,,,,,,
PanTS_00000945,1,3,train,Venous,0.800781,0.800781,2.5,2,2.5,3400,5450.63,27.6907,20-40,False,1,True,14,hyperattenuating,0.37191,True,head,mask_ring,0.182182,inside,False,True,0,10.9174,10,142,974,0.182182,1,0,3.5,0,3.5,14,0,14,0,14,0,14,0,9,iso,0.4936,False,0.835,46,1.5-2.5,True,False,False,False,30,19,30,19,37,39,37,39,37,39,37,39,0.86,1,0.86,1
PanTS_00000966,1,0,train,Venous,0.683594,0.683594,4,2,4,787,1471.06,19.2034,10-20,False,1,True,-16,hypoattenuating,0.336201,True,head,mask_ring,0.0824252,inside,False,True,0.683594,7.05528,6,50,863,0.0824252,1,26,8.5,26,8.5,27,17,27,17,26,8.5,26,8.5,-13.5,hypo,-1.566,False,0.92,,2.5-5,True,True,False,False,41,,41,,,,,,41,,41,,0.74,0.915,0.74,0.915
PanTS_00001012,1,0,train,Venous,0.894531,0.894531,2.5,2,2.5,433,866.201,14.8421,10-20,False,1,True,-19,hypoattenuating,0.0738446,True,head,mask_ring,0.0575596,inside,False,True,5,5.91348,6,28,1309,0.0575596,1,90,97,90,97,94.5,99,94.5,99,90,97,90,97,-23,hypo,-1.927,False,0,2,1.5-2.5,True,True,False,False,3,,3,,5,3,5,3,3,,3,,0.1,0.03,0.1,0.03
PanTS_00001016,1,0,train,Venous,0.689453,0.689453,2.5,2,2.5,18965,22537.3,47.3444,>=40,False,1,True,-69,hypoattenuating,0.816228,True,body,mask_ring,0.564182,inside,False,True,5,17.5228,10,489,1923,0.564182,1,0.5,25.5,0.5,25.5,76.5,21.5,76.5,21.5,76.5,21.5,76.5,21.5,-77,hypo,-7.038,False,0.995,,1.5-2.5,True,False,False,True,11,8,11,8,2,9,2,9,2,9,2,9,0.235,0.785,0.235,0.785
PanTS_00001021,1,2,train,Non-contrast,0.703125,0.703125,0.8,2,0.8,3980,1574.12,31.0867,20-40,False,1,True,-26,hypoattenuating,0,False,body,pc1_boundary,0.605308,embedded,False,True,23.373,7.21633,6,38,1973,0.605308,0.573367,79.5,63.5,79.5,63.5,77,32.5,77,32.5,79.5,63.5,79.5,63.5,-32,hypo,-1.049,True,0.85,,<=1.5,False,False,False,False,14,24,14,24,14,34,14,34,14,24,14,24,0.205,0.365,0.205,0.365
PanTS_00001030,1,4,train,Venous,0.744141,0.744141,2.5,2,2.5,4867,6737.7,35.0353,20-40,False,1,True,-8,isoattenuating,0.678937,True,head,mask_ring,0.0497176,inside,False,True,12.5975,11.7168,10,179,2694,0.0497176,1,8,36,8,36,0,2,0,2,0,2,0,2,-6,iso,-0.6961,False,0.775,,1.5-2.5,True,False,False,False,35,16,35,16,36,39,36,39,36,39,36,39,1,0.98,1,0.98
PanTS_00001048,1,4,train,Arterial,0.732,0.732,5,2,5,735,1969.15,19.083,10-20,False,1,True,-11,hypoattenuating,0,False,head,mask_ring,0.210889,abutting,False,True,47.595,7.77554,6,6,1680,0.210889,0.104762,46.5,45.5,46.5,45.5,89.5,12,89.5,12,46.5,45.5,46.5,45.5,-12,hypo,-1.293,True,1,,2.5-5,True,True,False,False,,,,,,,,,,,,,0.535,0.545,0.535,0.545
PanTS_00001053,1,2,train,Venous,0.703125,0.703125,5,2,5,914,2259.34,18.1669,10-20,False,1,True,-4,isoattenuating,0,False,tail,mask_ring,0.806961,inside,False,True,61.8488,8.14012,10,66,1666,0.806961,1,7.5,18.5,7.5,18.5,11.5,29.5,11.5,29.5,11.5,29.5,11.5,29.5,-3,iso,-0.2262,True,0.75,,2.5-5,True,False,False,False,47,,47,,45,33,45,33,45,33,45,33,0.885,0.705,0.885,0.705
PanTS_00001055,1,0,train,Non-contrast,0.9375,0.9375,2.5,2,2.5,6734,14796.4,35.981,20-40,False,1,True,3,isoattenuating,0.841282,True,head,mask_ring,0.0774494,inside,False,True,2.67,15.2296,10,329,1704,0.0774494,1,100,100,100,100,100,100,100,100,100,100,100,100,-1,iso,-0.06094,False,0,25,1.5-2.5,False,False,False,False,1,1,1,1,1,1,1,1,1,1,1,1,0,0,0,0
PanTS_00001070,1,2,train,Venous,0.666016,0.666016,1.25,2,1.25,8515,4721.33,25.8916,20-40,False,1,True,-62,hypoattenuating,0.928959,True,head,mask_ring,0.153728,inside,False,True,2.5,10.407,10,117,1389,0.153728,1,100,91,100,91,100,91,100,91,100,91,100,91,-67,hypo,-6.316,False,0.85,,<=1.5,True,False,True,False,1,2,1,2,1,2,1,2,1,2,1,2,0,0.09,0,0.09
PanTS_00001077,1,3,train,Venous,0.917969,0.917969,2.5,2,2.5,3609,7602.96,39.0911,20-40,False,1,True,18,hyperattenuating,0,False,head,mask_ring,0.300287,inside,False,True,0,12.1983,10,196,2846,0.300287,1,9,16.5,9,16.5,0,1,0,1,0,1,0,1,18,hyper,1.065,True,0.625,31,1.5-2.5,True,False,True,False,44,50,44,50,47,,47,,47,,47,,1,0.99,1,0.99
PanTS_00001079,1,3,train,Arterial,0.931641,0.931641,2.5,2,2.5,434,941.73,13.4946,10-20,False,1,True,17,hyperattenuating,0,False,head,mask_ring,0.16979,inside,False,True,0.931641,6.08059,6,30,2108,0.16979,1,78,3,78,3,81.5,12,81.5,12,78,3,78,3,17,hyper,1.349,True,0.92,,1.5-2.5,True,True,False,False,21,,21,,14,,14,,21,,21,,0.22,0.97,0.22,0.97
PanTS_00001081,1,2,train,Non-contrast,0.658203,0.658203,1.25,2,1.25,15437,8359.74,34.9027,20-40,False,1,True,-13,hypoattenuating,0.730548,True,head,mask_ring,0.0896748,abutting,False,True,1.4127,12.5903,10,124,1051,0.0896748,0.651033,31,29,31,29,60.5,81.5,60.5,81.5,60.5,81.5,60.5,81.5,-13,hypo,-1.265,False,0.95,,<=1.5,False,False,False,False,23,13,23,13,6,3,6,3,6,3,6,3,0.395,0.185,0.395,0.185
PanTS_00001082,1,2,train,Arterial,0.756,0.756,0.8,2,0.8,15801,7224.67,43.1384,>=40,False,1,True,3,isoattenuating,0.40217,True,head,mask_ring,0.113132,embedded,False,True,4.53074,11.9925,10,102,1714,0.113132,0.495855,100,100,100,100,95.5,95.5,95.5,95.5,95.5,95.5,95.5,95.5,3,iso,0.3232,False,0.24,,<=1.5,True,False,False,False,32,,32,,,,,,,,,,0.045,0.045,0.045,0.045
PanTS_00001085,1,1,train,Venous,0.976562,0.976562,2.5,2,2.5,1920,4577.63,25.0282,20-40,False,1,True,-32,hypoattenuating,0.452723,True,head,mask_ring,0.152378,inside,False,True,3.31939,10.3003,10,120,1879,0.152378,1,92.5,93.5,92.5,93.5,94,90.5,94,90.5,94,90.5,94,90.5,-48,hypo,-4.826,False,0.14,18,1.5-2.5,True,False,True,False,5,13,5,13,6,4,6,4,6,4,6,4,0.06,0.095,0.06,0.095
PanTS_00001086,1,2,train,Venous,0.851562,0.851562,2.5,2,2.5,1813,3286.78,21.3821,20-40,False,1,True,24,hyperattenuating,0,False,head,mask_ring,0.168718,inside,False,True,0,9.22346,10,100,776,0.168718,1,0,2,0,2,3,0,3,0,3,0,3,0,9,iso,0.6313,True,0.31,8,1.5-2.5,True,False,False,False,29,26,29,26,21,30,21,30,21,30,21,30,0.97,1,0.97,1
PanTS_00001091,1,4,train,Arterial,0.798828,0.798828,1.5,2,1.5,3348,3204.67,28.6689,20-40,False,1,True,17,hyperattenuating,0.00512237,True,head,mask_ring,0.193383,inside,False,True,1.59766,9.14601,10,94,2717,0.193383,0.997909,84.5,90.5,84.5,90.5,40.5,72,40.5,72,40.5,72,40.5,72,15,hyper,0.9627,False,0.05,5,<=1.5,True,False,True,False,,39,,39,32,16,32,16,32,16,32,16,0.595,0.28,0.595,0.28
PanTS_00001111,1,1,train,Non-contrast,0.78125,0.78125,0.8,2,0.8,1367,667.48,13.1394,10-20,False,1,True,-14,hypoattenuating,0,False,head,mask_ring,0.172522,inside,False,False,,5.42146,6,26,1576,0.172522,1,86.5,71.5,86.5,71.5,53,57,53,57,86.5,71.5,86.5,71.5,-18,hypo,-0.8227,True,0.97,,<=1.5,False,False,False,False,13,,13,,,,,,13,,13,,0.135,0.285,0.135,0.285
PanTS_00001121,1,0,train,Arterial,0.78125,0.78125,0.8,2,0.8,5404,2638.67,23.2773,20-40,False,1,True,8,isoattenuating,0,False,head,mask_ring,0.154464,inside,False,True,18.7245,8.57233,10,77,1772,0.154464,1,21.5,2.5,21.5,2.5,65,0,65,0,65,0,65,0,12,hyper,0.2221,True,0.975,,<=1.5,True,False,True,False,38,,38,,10,,10,,10,,10,,0.35,1,0.35,1
PanTS_00001145,1,2,train,Venous,0.625,0.625,5,2,5,1192,2328.12,21.4786,20-40,False,1,True,-26,hypoattenuating,0.584189,True,head,mask_ring,0.269219,inside,False,True,10,8.22191,10,72,1376,0.269219,1,30.5,27,30.5,27,24.5,58.5,24.5,58.5,24.5,58.5,24.5,58.5,-41,hypo,-4.417,False,0.645,45,2.5-5,True,False,True,False,28,,28,,41,15,41,15,41,15,41,15,0.755,0.415,0.755,0.415
PanTS_00001154,1,4,train,Arterial,0.773438,0.773438,2.5,2,2.5,3318,4962.12,29.4409,20-40,False,1,True,13,hyperattenuating,0.27684,True,head,mask_ring,0.0460891,inside,False,True,0.773438,10.581,10,111,2220,0.0460891,0.896323,18.5,43.5,18.5,43.5,95,91,95,91,95,91,95,91,14,hyper,0.7678,False,0.75,,1.5-2.5,True,False,True,False,42,,42,,5,,5,,5,,5,,0.05,0.09,0.05,0.09
PanTS_00001168,1,4,train,Venous,0.808594,0.808594,2.5,2,2.5,808,1320.72,17.8264,10-20,False,1,True,-10,isoattenuating,0,False,tail,mask_ring,0.770714,inside,False,True,68.1374,6.80625,6,45,2069,0.770714,1,47.5,10,47.5,10,20.5,33.5,20.5,33.5,47.5,10,47.5,10,-5,iso,-0.4189,True,0.955,,1.5-2.5,True,False,False,False,33,,33,,,,,,33,,33,,0.525,0.9,0.525,0.9
PanTS_00001182,1,0,train,Venous,0.976562,0.976562,1.25,2,1.25,76733,91472.8,72.6042,>=40,False,1,True,-58,hypoattenuating,0.823831,True,tail,mask_ring,1.21179,abutting,False,True,29.701,27.9512,10,27,1262,1.21179,0.0084579,56,22.5,56,22.5,51,61,51,61,51,61,51,61,-59,hypo,-3.178,False,1,,<=1.5,True,False,False,True,27,,27,,18,,18,,18,,18,,0.49,0.39,0.49,0.39
PanTS_00001183,1,4,train,Venous,0.675781,0.675781,5,2,5,64032,146211,83.151,>=40,False,1,True,14,hyperattenuating,0.132744,True,tail,mask_ring,0.795402,abutting,False,True,14.4934,32.6811,10,947,914,0.795402,0.348841,,,,,,,,,,,,,16,hyper,1.508,False,0.06,4,2.5-5,True,False,False,True,2,3,2,3,1,2,1,2,1,2,1,2,,,,
PanTS_00001186,1,2,train,Venous,0.841797,0.841797,5,2,5,7367,26102.1,41.7541,>=40,False,1,True,-95,hypoattenuating,0.925488,True,head,mask_ring,0.135942,inside,False,True,6.53571,18.4019,10,576,1685,0.135942,1,65,100,65,100,100,2.5,100,2.5,100,2.5,100,2.5,-103,hypo,-10.71,False,1,,2.5-5,True,False,False,True,2,2,2,2,1,12,1,12,1,12,1,12,0,0.975,0,0.975
PanTS_00001193,1,2,train,Arterial,0.625,0.625,5,2,5,3637,7103.52,31.2812,20-40,False,2,True,9,isoattenuating,0.279158,True,tail,mask_ring,0.614645,abutting,False,True,36.7051,11.9251,10,37,601,0.614645,0.180368,4.5,33.5,4.5,33.5,53.5,20.5,53.5,20.5,53.5,20.5,53.5,20.5,12,hyper,1.724,False,1,,2.5-5,True,False,True,False,33,25,33,25,14,21,14,21,14,21,14,21,0.465,0.795,0.465,0.795
PanTS_00001193,2,2,train,Arterial,0.625,0.625,5,2,5,3044,5945.31,39.8875,20-40,False,2,False,9,isoattenuating,0.420571,True,head,mask_ring,0.279495,inside,False,True,0.625,11.2382,10,148,601,0.279495,0.940867,64.5,64,64.5,64,100,64.5,100,64.5,100,64.5,100,64.5,16.5,hyper,2.37,False,0.06,2,2.5-5,True,False,True,False,29,7,29,7,2,7,2,7,2,7,2,7,0,0.355,0,0.355
PanTS_00001197,1,2,train,Non-contrast,0.976562,0.976562,0.8,2,0.8,1339,1021.58,24.9379,20-40,False,1,True,-2,isoattenuating,0.484224,True,head,mask_ring,0.254759,embedded,False,True,14.5432,6.2478,6,30,2018,0.254759,0.787901,78,89,78,89,80.5,90.5,80.5,90.5,78,89,78,89,-9,iso,-0.2057,False,0.595,,<=1.5,False,False,False,False,25,13,25,13,14,6,14,6,25,13,25,13,0.22,0.11,0.22,0.11
PanTS_00001215,1,4,train,Venous,0.853516,0.853516,1.5,2,1.5,464,507.029,13.1214,10-20,False,1,True,-1,isoattenuating,0,False,head,mask_ring,0.257801,inside,False,True,30.6411,4.94669,6,22,2666,0.257801,1,72.5,61,72.5,61,90,38,90,38,72.5,61,72.5,61,-6.5,iso,-0.3112,True,0.845,,<=1.5,True,False,False,False,30,,30,,16,,16,,30,,30,,0.275,0.39,0.275,0.39
PanTS_00001254,1,4,train,Arterial,0.966797,0.966797,1.5,2,1.5,1672,2344.22,27.0465,20-40,False,1,True,7.5,isoattenuating,0.413478,True,head,mask_ring,0.205554,inside,False,False,,8.24081,10,78,2465,0.205554,1,94,1,94,1,75,2.5,75,2.5,75,2.5,75,2.5,8,iso,0.4553,False,1,,<=1.5,True,False,False,False,3,,3,,9,,9,,9,,9,,0.25,0.975,0.25,0.975
PanTS_00001258,1,2,train,Non-contrast,0.535156,0.535156,5,2,5,1259,1802.84,22.2372,20-40,False,1,True,-10,isoattenuating,0,False,head,mask_ring,0.306036,embedded,False,False,,7.55016,6,33,1477,0.306036,0.456712,8.5,5.5,8.5,5.5,11,11.5,11,11.5,8.5,5.5,8.5,5.5,-8,iso,-2.413,True,0.825,,2.5-5,False,False,False,False,,,,,,48,,48,,,,,0.915,0.945,0.915,0.945
PanTS_00001261,1,0,train,Non-contrast,0.769531,0.769531,4,2,4,115,272.402,9.17246,5-10,False,1,True,-2,isoattenuating,0,False,body,mask_ring,0.542067,inside,False,True,9.73389,4.02137,6,14,2079,0.542067,1,46,7.5,46,7.5,42.5,48.5,42.5,48.5,46,7.5,46,7.5,-10.5,hypo,-0.6334,True,0.835,,2.5-5,False,False,False,False,,,,,,,,,,,,,0.54,0.925,0.54,0.925
PanTS_00001268,1,1,train,Venous,0.892,0.892,0.8,2,0.8,10094,6425.15,29.2424,20-40,False,1,True,4,isoattenuating,0.800341,True,head,mask_ring,0.0973135,inside,False,True,0.8,11.5327,10,153,829,0.0973135,0.966317,84,84,84,84,100,100,100,100,100,100,100,100,-5,iso,-0.3969,False,0.395,13,<=1.5,True,False,False,False,2,2,2,2,1,1,1,1,1,1,1,1,0,0,0,0
PanTS_00001275,1,0,train,Non-contrast,0.783203,0.783203,1,2,1,4689,2876.27,22.6601,20-40,False,2,True,3,isoattenuating,0,False,head,mask_ring,0.163146,inside,False,True,5.57288,8.82227,10,88,1701,0.163146,1,31,3.5,31,3.5,23.5,2,23.5,2,23.5,2,23.5,2,7,iso,0.4223,True,0.925,,<=1.5,False,False,False,False,35,,35,,27,,27,,27,,27,,0.765,0.98,0.765,0.98
PanTS_00001275,2,0,train,Non-contrast,0.783203,0.783203,1,2,1,471,288.915,12.167,10-20,False,2,False,-18,hypoattenuating,0,False,tail,mask_ring,0.848056,inside,False,True,106.549,4.10104,6,14,1701,0.848056,1,69,39.5,69,39.5,92,71,92,71,69,39.5,69,39.5,-18,hypo,-1.086,True,0.995,,<=1.5,False,False,False,False,,,,,13,,13,,,,,,0.31,0.605,0.31,0.605
PanTS_00001277,1,1,train,Arterial,0.78125,0.78125,1,2,1,3366,2054.44,20.4547,20-40,False,1,True,-8,isoattenuating,0,False,head,mask_ring,0.0737726,inside,False,True,1.4902,7.88621,6,62,925,0.0737726,1,54,54.5,54,54.5,43.5,92,43.5,92,54,54.5,54,54.5,-11.5,hypo,-0.8672,True,0.73,26,<=1.5,True,False,True,False,11,31,11,31,17,,17,,11,31,11,31,0.46,0.455,0.46,0.455
PanTS_00001297,1,1,train,Venous,0.878906,0.878906,2.5,2,2.5,3287,6347.82,29.9895,20-40,False,1,True,3,isoattenuating,0.397227,True,head,mask_ring,0.145829,inside,False,True,2.5,11.4863,10,165,1653,0.145829,1,37,0.5,37,0.5,41.5,0,41.5,0,41.5,0,41.5,0,-5,iso,-0.2793,False,0.56,,1.5-2.5,True,False,False,False,15,,15,,9,,9,,9,,9,,0.585,1,0.585,1
PanTS_00001321,1,4,train,Arterial,1.5,1.5,1.5,2,1.5,1974,6662.25,35.05,20-40,False,1,True,3,isoattenuating,0,False,head,mask_ring,0.478803,inside,False,False,,11.6729,10,144,677,0.478803,0.906788,84.5,55.5,84.5,55.5,42.5,54.5,42.5,54.5,42.5,54.5,42.5,54.5,6,iso,0.3934,True,0.69,32,<=1.5,True,False,False,False,2,5,2,5,6,4,6,4,6,4,6,4,0.575,0.455,0.575,0.455
PanTS_00001326,1,0,train,Arterial,0.742188,0.742188,0.625,2,0.625,17685,6088.54,28.9659,20-40,False,1,True,-93,hypoattenuating,0,False,body,mask_ring,0.160062,inside,False,True,17.9947,11.3277,10,141,760,0.160062,0.995985,18,38,18,38,7.5,28.5,7.5,28.5,7.5,28.5,7.5,28.5,-91,hypo,-8.578,True,0.615,,<=1.5,True,False,True,False,12,15,12,15,12,11,12,11,12,11,12,11,0.925,0.715,0.925,0.715
PanTS_00001327,1,4,train,Non-contrast,0.59375,0.59375,0.8,2,0.8,5614,1583.32,27.4401,20-40,False,2,True,-7,isoattenuating,0,False,head,mask_ring,0.115907,embedded,False,False,,7.23037,6,26,2064,0.115907,0.50285,8.5,5,8.5,5,61,67.5,61,67.5,8.5,5,8.5,5,-6,iso,-0.3934,True,0.975,,<=1.5,False,False,False,False,,,,,,,,,,,,,0.915,0.95,0.915,0.95
PanTS_00001327,2,4,train,Non-contrast,0.59375,0.59375,0.8,2,0.8,342,96.4547,13.2875,10-20,False,2,False,-28,hypoattenuating,0,False,head,pc1_boundary,0.337668,abutting,False,False,,2.84497,6,4,2064,0.337668,0.763158,82.5,74,82.5,74,84,85.5,84,85.5,82.5,74,82.5,74,-37,hypo,-2.426,True,0.475,,<=1.5,False,False,False,False,47,,47,,,15,,15,47,,47,,0.175,0.26,0.175,0.26
PanTS_00001331,1,4,train,Venous,0.828125,0.828125,2.5,2,2.5,3344,5733.21,26.5552,20-40,False,1,True,-47,hypoattenuating,0.652023,True,head,mask_ring,0.184638,inside,False,True,0,11.1029,10,146,922,0.184638,1,78.5,71.5,78.5,71.5,75,75,75,75,75,75,75,75,-63,hypo,-4.043,False,0.09,3,1.5-2.5,True,False,True,False,3,37,3,37,4,22,4,22,4,22,4,22,0.25,0.25,0.25,0.25
PanTS_00001347,1,4,train,Venous,0.820312,0.820312,2.5,2,2.5,2733,4597.67,38.6257,20-40,False,1,True,0,isoattenuating,0.51574,True,head,mask_ring,0.237944,inside,False,True,2.59405,10.3153,10,132,1860,0.237944,1,100,100,100,100,100,100,100,100,100,100,100,100,-5,iso,-0.2957,False,0.725,37,1.5-2.5,True,False,False,False,1,1,1,1,1,1,1,1,1,1,1,1,0,0,0,0
PanTS_00001351,1,2,train,Arterial,0.585938,0.585938,0.807299,2,0.807299,10725,2972.59,28.7827,20-40,False,1,True,-14,hypoattenuating,0,False,head,mask_ring,-0.0134038,abutting,False,True,41.3226,8.91967,10,64,904,-0.0134038,0.670023,59,13,59,13,2,68.5,2,68.5,2,68.5,2,68.5,-17,hypo,-1.709,True,0.815,,<=1.5,True,False,True,False,9,33,9,33,16,15,16,15,16,15,16,15,0.98,0.315,0.98,0.315
PanTS_00001352,1,1,train,Non-contrast,0.78125,0.78125,0.8,2,0.8,23658,11551.8,53.7395,>=40,False,2,True,-5,isoattenuating,0,False,head,mask_ring,0.238962,inside,False,True,14.7623,14.0234,10,276,1686,0.238962,0.973751,100,100,100,100,100,89,100,89,100,89,100,89,-4,iso,-0.1547,True,0,1,<=1.5,False,False,False,False,1,1,1,1,2,2,2,2,2,2,2,2,0,0.11,0,0.11
PanTS_00001352,2,1,train,Non-contrast,0.78125,0.78125,0.8,2,0.8,140,68.3594,8.71296,5-10,False,2,False,-30,hypoattenuating,0,False,head,mask_ring,0.150042,embedded,False,True,33.1752,2.53651,6,5,1686,0.150042,1,45.5,44,45.5,44,28.5,36.5,28.5,36.5,45.5,44,45.5,44,-20.5,hypo,-0.7928,True,0.585,,<=1.5,False,False,False,False,,,,,,,,,,,,,0.545,0.56,0.545,0.56
PanTS_00001359,1,2,train,Non-contrast,0.976562,0.976562,5,2,5,535,2551.08,24.4921,20-40,False,1,True,8,isoattenuating,0.371728,True,head,mask_ring,0.179269,inside,False,False,,8.4764,10,86,2124,0.179269,1,10.5,0,10.5,0,75,13,75,13,75,13,75,13,20.5,hyper,1.189,False,0.895,,2.5-5,False,False,False,False,41,,41,,15,,15,,15,,15,,0.25,0.87,0.25,0.87
PanTS_00001361,1,2,train,Non-contrast,0.78125,0.78125,0.8,2,0.8,6749,3295.41,24.9969,20-40,False,1,True,0,isoattenuating,0,False,tail,mask_ring,0.85738,inside,False,False,,9.23153,10,88,906,0.85738,1,80.5,19,80.5,19,100,100,100,100,100,100,100,100,3,iso,0.09234,True,0.85,,<=1.5,False,False,False,False,4,,4,,1,1,1,1,1,1,1,1,0,0,0,0
PanTS_00001387,1,2,train,Venous,0.804688,0.804688,5,2,5,1507,4879.08,26.1552,20-40,False,1,True,-31,hypoattenuating,0.0415854,True,head,mask_ring,0.266335,inside,False,True,7.13449,10.5216,10,131,1775,0.266335,1,9,52.5,9,52.5,40.5,26,40.5,26,40.5,26,40.5,26,-24,hypo,-2.262,False,0.725,,2.5-5,True,False,True,False,38,13,38,13,23,,23,,23,,23,,0.595,0.74,0.595,0.74
PanTS_00001423,1,2,train,Non-contrast,1,1,1,2,1,1251,1251,25.02,20-40,False,1,True,-20,hypoattenuating,0.465066,True,head,mask_ring,0.118004,embedded,False,True,7.07107,6.6843,6,27,2426,0.118004,0.649081,5.5,1.5,5.5,1.5,13.5,8.5,13.5,8.5,5.5,1.5,5.5,1.5,-20,hypo,-2.413,False,0.995,,<=1.5,False,False,False,False,,,,,,,,,,,,,0.945,0.985,0.945,0.985
PanTS_00001436,1,1,train,Arterial,0.742188,0.742188,1.25,2,1.25,18804,12947.6,44.6418,>=40,False,2,True,-26,hypoattenuating,0.620371,True,head,mask_ring,0.304452,abutting,False,True,14.7175,14.5669,10,164,1134,0.304452,0.583706,64,44.5,64,44.5,72,45,72,45,72,45,72,45,-28,hypo,-1.92,False,0.94,30,<=1.5,True,False,False,True,4,11,4,11,4,8,4,8,4,8,4,8,0.28,0.55,0.28,0.55
PanTS_00001436,2,1,train,Arterial,0.742188,0.742188,1.25,2,1.25,4554,3135.67,27.4107,20-40,False,2,False,-42,hypoattenuating,0,False,head,pc1_boundary,0.133626,abutting,False,True,19.3889,9.07989,10,7,1134,0.133626,0.0285463,68.5,82.5,68.5,82.5,84,89.5,84,89.5,84,89.5,84,89.5,-45,hypo,-3.085,True,0.74,,<=1.5,True,False,True,False,,,,,,,,,,,,,0.16,0.105,0.16,0.105
PanTS_00001438,1,1,train,Non-contrast,0.976562,0.976562,2.5,2,2.5,413,984.668,16.1903,10-20,False,4,False,-26,hypoattenuating,0,False,tail,mask_ring,0.98767,inside,False,True,0.976562,6.17164,6,34,2288,0.98767,0.961259,16,24,16,24,41.5,61.5,41.5,61.5,16,24,16,24,-35,hypo,-3.105,True,0.685,,1.5-2.5,False,False,False,False,,,,,45,,45,,,,,,0.84,0.76,0.84,0.76
PanTS_00001438,2,1,train,Non-contrast,0.976562,0.976562,2.5,2,2.5,2772,6608.96,45.129,>=40,False,4,False,-39,hypoattenuating,0.0513687,True,body,mask_ring,0.483711,abutting,False,True,6.63879,11.6417,10,26,2288,0.483711,0.0440115,25.5,31,25.5,31,18.5,12.5,18.5,12.5,18.5,12.5,18.5,12.5,-41,hypo,-3.637,False,0.985,,1.5-2.5,False,False,False,False,,,,,,,,,,,,,0.815,0.875,0.815,0.875
PanTS_00001438,3,1,train,Non-contrast,0.976562,0.976562,2.5,2,2.5,10893,25970.9,66.3801,>=40,False,4,True,-27,hypoattenuating,0.393879,True,body,mask_ring,0.544267,abutting,False,True,6.98869,18.371,10,32,2288,0.544267,0.0257964,51.5,42,51.5,42,48,83.5,48,83.5,48,83.5,48,83.5,-31,hypo,-2.75,False,1,,1.5-2.5,False,False,False,False,33,50,33,50,41,17,41,17,41,17,41,17,0.52,0.165,0.52,0.165
PanTS_00001438,4,1,train,Non-contrast,0.976562,0.976562,2.5,2,2.5,1519,3621.57,36.4594,20-40,False,4,False,4,isoattenuating,0.199933,True,head,mask_ring,0.0116426,embedded,False,True,0.976562,9.52656,10,72,2288,0.0116426,0.614878,100,100,100,100,100,97,100,97,100,97,100,97,-1,iso,-0.08872,False,0.025,,1.5-2.5,False,False,False,False,,,,,,,,,,,,,0,0.03,0,0.03
PanTS_00001450,1,4,train,Non-contrast,0.833984,0.833984,2.5,2,2.5,588,1022.43,22.4943,20-40,False,1,True,-22,hypoattenuating,0.562696,True,head,mask_ring,0.325747,inside,False,True,3.11892,6.24954,6,42,1213,0.325747,1,40,47.5,40,47.5,57.5,37,57.5,37,40,47.5,40,47.5,-27.5,hypo,-2.023,False,0.51,,1.5-2.5,False,False,False,False,,22,,22,,,,,,22,,22,0.6,0.525,0.6,0.525
PanTS_00001471,1,2,train,Non-contrast,0.722656,0.722656,5,2,5,2018,5269.32,29.4953,20-40,False,2,True,-26,hypoattenuating,0,False,head,mask_ring,0.333445,embedded,False,True,10.1297,10.795,10,88,2246,0.333445,0.634291,65,7.5,65,7.5,27,4.5,27,4.5,27,4.5,27,4.5,-33,hypo,-3.555,True,0.83,,2.5-5,False,False,False,False,15,,15,,32,,32,,32,,32,,0.73,0.955,0.73,0.955
PanTS_00001471,2,2,train,Non-contrast,0.722656,0.722656,5,2,5,153,399.507,18.0664,10-20,False,2,False,-60,hypoattenuating,0,False,body,pc1_boundary,0.382366,separated,True,True,36.8675,4.5689,6,0,2246,0.382366,0,,,,,,,,,,,,,-50,hypo,-5.386,True,,,2.5-5,False,False,False,False,,,,,,,,,,,,,,,,
PanTS_00001472,1,3,train,Arterial,0.869141,0.869141,0.8,2,0.8,6553,3960.14,27.2711,20-40,False,1,True,10,isoattenuating,0,False,body,mask_ring,0.387353,embedded,False,False,,9.81463,10,99,2096,0.387353,0.983366,0,20,0,20,68.5,85,68.5,85,68.5,85,68.5,85,16,hyper,0.3306,True,0.425,15,<=1.5,True,False,True,False,,,,,9,6,9,6,9,6,9,6,0.315,0.15,0.315,0.15
PanTS_00001477,1,0,train,Non-contrast,0.703125,0.703125,0.8,2,0.8,28334,11206.3,49.1396,>=40,False,2,True,1,isoattenuating,0.0234558,True,head,mask_ring,0.00214798,inside,False,False,,13.8822,10,267,1075,0.00214798,0.968765,4.5,4,4.5,4,55,45.5,55,45.5,55,45.5,55,45.5,4,iso,0.163,False,0.95,,<=1.5,False,False,False,False,25,15,25,15,3,40,3,40,3,40,3,40,0.45,0.545,0.45,0.545
PanTS_00001477,2,0,train,Non-contrast,0.703125,0.703125,0.8,2,0.8,88,34.8047,6.9404,5-10,False,2,False,-1,isoattenuating,0,False,body,pc1_boundary,0.621328,separated,True,False,,2.02543,6,0,1075,0.621328,0,,,,,,,,,,,,,-2,iso,-0.08152,True,0.605,,<=1.5,False,False,False,False,,,,,,,,,,,,,,,,
PanTS_00001488,1,0,train,Non-contrast,0.947266,0.947266,2.5,2,2.5,2411,5408.55,34.6306,20-40,False,1,True,-23,hypoattenuating,0.81329,True,head,mask_ring,0.227415,inside,False,True,0.947266,10.8892,10,115,2556,0.227415,0.85815,6,0.5,6,0.5,27.5,0,27.5,0,27.5,0,27.5,0,-28,hypo,-2.639,False,0.605,,1.5-2.5,False,False,False,False,,,,,44,,44,,44,,44,,0.725,1,0.725,1
PanTS_00001500,1,0,train,Venous,0.796875,0.796875,2.5,2,2.5,1248,1981.23,21.1807,20-40,False,1,True,-34,hypoattenuating,0.21727,True,head,mask_ring,0.0816079,inside,False,True,4.77077,7.7914,6,57,2775,0.0816079,1,90.5,93,90.5,93,44,89,44,89,90.5,93,90.5,93,-43,hypo,-3.243,False,0.1,13,1.5-2.5,True,False,True,False,8,,8,,,,,,8,,8,,0.095,0.07,0.095,0.07
PanTS_00001502,1,2,train,Non-contrast,0.710938,0.710938,0.8,2,0.8,1497,605.306,24.5753,20-40,False,1,True,-5,isoattenuating,0,False,head,mask_ring,-0.0180383,embedded,False,False,,5.24762,6,31,2353,-0.0180383,0.991984,50,9,50,9,19.5,13,19.5,13,50,9,50,9,-18,hypo,-0.9361,True,0.82,,<=1.5,False,False,False,False,47,,47,,,,,,47,,47,,0.5,0.91,0.5,0.91
PanTS_00001515,1,2,train,Non-contrast,0.923828,0.923828,2.5,2,2.5,1601,3415.97,24.7998,20-40,False,1,True,-23,hypoattenuating,0,False,head,mask_ring,0.0784867,inside,False,True,3.10867,9.34276,10,92,1664,0.0784867,1,18.5,22,18.5,22,22.5,7,22.5,7,22.5,7,22.5,7,-23,hypo,-1.692,True,0.495,26,1.5-2.5,False,False,False,False,,45,,45,28,,28,,28,,28,,0.775,0.93,0.775,0.93
PanTS_00001517,1,3,train,Non-contrast,0.976562,0.976562,2.5,2,2.5,162,386.238,12.0618,10-20,False,1,True,9,isoattenuating,0,False,head,mask_ring,0.0582169,inside,False,True,0.976562,4.51775,6,20,1124,0.0582169,1,90,39.5,90,39.5,71,82,71,82,90,39.5,90,39.5,6.5,iso,0.5446,True,0.95,,1.5-2.5,False,False,False,False,7,,7,,11,,11,,7,,7,,0.1,0.605,0.1,0.605
PanTS_00001519,1,1,train,Non-contrast,0.683594,0.683594,1.25,2,1.25,1130,660.062,15.3098,10-20,False,1,True,-17,hypoattenuating,0.477641,True,head,mask_ring,0.203408,abutting,False,True,14.567,5.4013,6,6,1265,0.203408,0.2,17.5,16.5,17.5,16.5,12.5,19,12.5,19,17.5,16.5,17.5,16.5,-23,hypo,-3.651,False,0.98,,<=1.5,False,False,False,False,,,,,,,,,,,,,0.825,0.835,0.825,0.835
PanTS_00001536,1,3,train,Non-contrast,0.78125,0.78125,0.8,2,0.8,3543,1729.98,37.4715,20-40,False,1,True,0,isoattenuating,0,False,head,mask_ring,0.216481,abutting,False,True,11.0775,7.44705,6,14,1047,0.216481,0.182331,56,22,56,22,62,33.5,62,33.5,56,22,56,22,-1,iso,-0.05027,True,0.815,50,<=1.5,False,False,False,False,,,,,,38,,38,,,,,0.44,0.78,0.44,0.78
PanTS_00001541,1,1,train,Venous,0.703125,0.703125,2.5,2,2.5,6964,8607.24,33.9839,20-40,False,1,True,-13,hypoattenuating,0.431398,True,tail,mask_ring,0.944218,inside,False,True,119.963,12.7133,10,224,1777,0.944218,1,50.5,33,50.5,33,32.5,16.5,32.5,16.5,32.5,16.5,32.5,16.5,-17,hypo,-1.424,False,0.385,,1.5-2.5,True,False,True,False,8,14,8,14,13,27,13,27,13,27,13,27,0.675,0.835,0.675,0.835
PanTS_00001542,1,3,train,Venous,0.9375,0.9375,2.5,2,2.5,9672,21252,40.8324,>=40,False,1,True,25,hyperattenuating,0.901122,True,head,mask_ring,0.110017,inside,False,True,5,17.1832,10,466,1113,0.110017,1,0,0,0,0,0,0,0,0,0,0,0,0,21,hyper,0.9315,False,0.99,23,1.5-2.5,True,False,False,True,7,40,7,40,9,26,9,26,9,26,9,26,1,1,1,1
PanTS_00001568,1,3,train,Non-contrast,0.820312,0.820312,5,2,5,9660,32501.6,50.337,>=40,False,1,True,0,isoattenuating,0.814238,True,head,mask_ring,0.132727,inside,False,True,2.32019,19.7973,10,688,1639,0.132727,1,62.5,100,62.5,100,76,76,76,76,76,76,76,76,-5,iso,-0.3771,False,0.02,1,2.5-5,False,False,False,False,5,15,5,15,2,4,2,4,2,4,2,4,0.24,0.24,0.24,0.24
PanTS_00001582,1,4,train,Venous,0.816406,0.816406,2.5,2,2.5,9299,15494.9,37.623,20-40,False,1,True,41,hyperattenuating,0.736895,True,head,mask_ring,0.106804,inside,False,True,0,15.4656,10,362,2123,0.106804,1,21.5,32.5,21.5,32.5,1,21,1,21,1,21,1,21,43,hyper,3.243,False,0.11,9,1.5-2.5,True,False,True,False,14,30,14,30,31,12,31,12,31,12,31,12,0.99,0.79,0.99,0.79
PanTS_00001583,1,3,train,Non-contrast,0.785156,0.785156,1.25,2,1.25,4216,3248.8,35.0451,20-40,False,2,False,5,isoattenuating,0.437916,True,body,mask_ring,0.470394,inside,False,True,11.8435,9.1878,10,100,1516,0.470394,0.922913,3.5,3,3.5,3,55,1.5,55,1.5,55,1.5,55,1.5,5,iso,0.4713,False,1,,<=1.5,False,False,False,False,,,,,12,,12,,12,,12,,0.45,0.985,0.45,0.985
PanTS_00001583,2,3,train,Non-contrast,0.785156,0.785156,1.25,2,1.25,15662,12068.9,36.187,20-40,False,2,True,5,isoattenuating,0.275063,True,tail,mask_ring,0.940905,inside,False,True,11.7199,14.2296,10,262,1516,0.940905,0.998659,11.5,8.5,11.5,8.5,100,63,100,63,100,63,100,63,9,iso,0.8484,False,0.965,,<=1.5,False,False,False,False,17,21,17,21,1,6,1,6,1,6,1,6,0,0.37,0,0.37
PanTS_00001592,1,1,train,Non-contrast,0.921875,0.921875,3.75,2,3.75,1375,4382.06,24.8864,20-40,False,1,True,-12,hypoattenuating,0.883136,True,head,mask_ring,0.240766,inside,False,True,8.8032,10.1515,10,125,2447,0.240766,1,93.5,28.5,93.5,28.5,38,47.5,38,47.5,38,47.5,38,47.5,-27,hypo,-2.088,False,0.955,,2.5-5,False,False,False,False,2,30,2,30,14,17,14,17,14,17,14,17,0.62,0.525,0.62,0.525
PanTS_00001601,1,1,train,Venous,0.777344,0.777344,2.5,2,2.5,5067,7654.51,38.9398,20-40,False,1,True,11,hyperattenuating,0,False,head,mask_ring,0.179748,inside,False,True,2.5,12.2258,10,192,1901,0.179748,1,12,2.5,12,2.5,47,1.5,47,1.5,47,1.5,47,1.5,13,hyper,0.8343,True,0.52,,1.5-2.5,True,False,True,False,19,,19,,8,49,8,49,8,49,8,49,0.53,0.985,0.53,0.985
PanTS_00001612,1,1,train,Non-contrast,0.8125,0.8125,2.5,2,2.5,3163,5220.19,35.4703,20-40,False,1,True,-31,hypoattenuating,0.304367,True,body,mask_ring,0.483152,abutting,False,True,22.7715,10.7613,10,12,1836,0.483152,0.042681,93,97.5,93,97.5,88,95.5,88,95.5,88,95.5,88,95.5,-29,hypo,-3.124,False,1,,1.5-2.5,False,False,False,False,10,8,10,8,15,6,15,6,15,6,15,6,0.12,0.045,0.12,0.045
PanTS_00001618,1,0,train,Venous,0.740234,0.740234,2.5,2,2.5,1946,2665.76,25.5933,20-40,False,1,True,17,hyperattenuating,0.235672,True,head,mask_ring,0.235576,inside,False,True,2.5,8.60156,10,80,1198,0.235576,1,2,14,2,14,6,22.5,6,22.5,6,22.5,6,22.5,19,hyper,1.398,False,0.595,,1.5-2.5,True,False,True,False,42,,42,,25,,25,,25,,25,,0.94,0.775,0.94,0.775
PanTS_00001645,1,2,train,Non-contrast,0.78125,0.78125,0.8,2,0.8,38363,18731.9,49.8701,>=40,False,1,True,-9,isoattenuating,0.0205872,True,head,mask_ring,0.0925907,abutting,False,True,25.26,16.4752,10,150,1529,0.0925907,0.365039,29.5,31,29.5,31,84,70.5,84,70.5,84,70.5,84,70.5,-10,iso,-0.4641,False,1,,<=1.5,False,False,False,False,15,16,15,16,4,6,4,6,4,6,4,6,0.16,0.295,0.16,0.295
PanTS_00001649,1,4,train,Arterial,1,1,1,2,1,2154,2154,21.1187,20-40,False,1,True,-14.9844,hypoattenuating,0,False,head,mask_ring,0.241667,inside,False,True,12.083,8.0116,10,68,3812,0.241667,1,32.5,27.5,32.5,27.5,26.5,6.5,26.5,6.5,26.5,6.5,26.5,6.5,-13.98,hypo,-1.407,True,0.95,,<=1.5,True,False,True,False,,,,,,,,,,,,,0.735,0.935,0.735,0.935
PanTS_00001650,1,4,train,Non-contrast,0.703125,0.703125,5,2,5,128,316.406,8.33634,5-10,False,2,False,-31,hypoattenuating,0,False,body,mask_ring,0.390164,inside,False,True,25.1977,4.22719,6,16,1051,0.390164,1,51.5,22.5,51.5,22.5,75.5,66,75.5,66,51.5,22.5,51.5,22.5,-36,hypo,-3.745,True,0.655,,2.5-5,False,False,False,False,,,,,,,,,,,,,0.485,0.775,0.485,0.775
PanTS_00001650,2,4,train,Non-contrast,0.703125,0.703125,5,2,5,8264,20428,42.9947,>=40,False,2,True,-30,hypoattenuating,0.855724,True,tail,mask_ring,0.872053,inside,False,True,63.3721,16.9582,10,357,1051,0.872053,0.881292,100,83,100,83,100,100,100,100,100,100,100,100,-31,hypo,-3.224,False,0.62,,2.5-5,False,False,False,False,1,2,1,2,1,1,1,1,1,1,1,1,0,0,0,0
PanTS_00001655,1,0,train,Arterial,0.871094,0.871094,1.25,2,1.25,95351,90441,67.5475,>=40,False,1,True,-6,isoattenuating,0.820711,True,tail,mask_ring,0.674903,inside,False,True,7.85129,27.8457,10,1573,1156,0.674903,0.965517,,,,,,,,,,,,,-3,iso,-0.1077,False,0.97,12,<=1.5,True,False,False,False,5,2,5,2,1,1,1,1,1,1,1,1,,,,
PanTS_00001669,1,0,train,Non-contrast,1.5,1.5,1.5,2,1.5,102,344.25,16.6358,10-20,False,1,True,8,isoattenuating,0.0492721,True,head,mask_ring,0.0898633,inside,False,True,35.9374,4.34772,6,25,1226,0.0898633,1,28.5,34.5,28.5,34.5,19,24,19,24,28.5,34.5,28.5,34.5,1.5,iso,0.03186,False,0.97,,<=1.5,False,False,False,False,,30,,30,,,,,,30,,30,0.715,0.655,0.715,0.655
PanTS_00001670,1,4,train,Non-contrast,0.703125,0.703125,0.8,2,0.8,1499,592.866,19.1773,10-20,False,1,True,10,isoattenuating,0,False,head,mask_ring,0.197474,inside,False,True,29.3638,5.21142,6,28,1746,0.197474,1,84.5,80,84.5,80,52.5,95.5,52.5,95.5,84.5,80,84.5,80,12,hyper,0.3934,True,0.12,16,<=1.5,False,False,False,False,,,,,,,,,,,,,0.155,0.2,0.155,0.2
PanTS_00001672,1,4,train,Non-contrast,0.722656,0.722656,0.8,2,0.8,29864,12476.7,50.3717,>=40,False,1,True,0,isoattenuating,0.60298,True,head,mask_ring,0.21419,abutting,False,False,,14.3881,10,212,1117,0.21419,0.724853,24.5,6.5,24.5,6.5,68.5,100,68.5,100,68.5,100,68.5,100,0,iso,0,False,0.935,,<=1.5,False,False,False,False,17,27,17,27,6,1,6,1,6,1,6,1,0.315,0,0.315,0
PanTS_00001678,1,1,train,Non-contrast,1.5,1.5,1.5,2,1.5,206,695.25,20.4022,20-40,False,1,True,-15,hypoattenuating,0,False,tail,mask_ring,0.972832,inside,False,True,73.7902,5.49563,6,29,1724,0.972832,1,11.5,68.5,11.5,68.5,51,62.5,51,62.5,11.5,68.5,11.5,68.5,-15,hypo,-0.7541,True,0.63,,<=1.5,False,False,False,False,,22,,22,29,32,29,32,,22,,22,0.885,0.315,0.885,0.315
PanTS_00001683,1,2,train,Venous,0.742188,0.742188,2.5,2,2.5,2399,3303.68,22.506,20-40,False,1,True,-39,hypoattenuating,0.686092,True,head,mask_ring,0.0701515,inside,False,True,3.88117,9.23925,10,97,1594,0.0701515,1,96,96,96,96,42,96,42,96,42,96,42,96,-52,hypo,-4.357,False,0.22,11,1.5-2.5,True,False,True,False,4,,4,,11,,11,,11,,11,,0.58,0.04,0.58,0.04
PanTS_00001727,1,3,train,Non-contrast,0.75,0.75,3,2,3,984,1660.5,17.621,10-20,False,2,False,-7,isoattenuating,0,False,head,mask_ring,0.425514,inside,False,True,13.4164,7.34599,6,53,664,0.425514,1,49.5,34,49.5,34,28,39,28,39,49.5,34,49.5,34,-14,hypo,-1.32,True,0.92,,2.5-5,False,False,False,False,13,,13,,32,,32,,13,,13,,0.505,0.66,0.505,0.66
PanTS_00001727,2,3,train,Non-contrast,0.75,0.75,3,2,3,11973,20204.4,63.9306,>=40,False,2,True,-3,isoattenuating,0.767739,True,head,mask_ring,0.242167,inside,False,True,0.75,16.8961,10,384,664,0.242167,0.79838,12,0,12,0,100,0,100,0,100,0,100,0,-8,iso,-0.7541,False,0.795,29,2.5-5,False,False,False,False,3,12,3,12,3,9,3,9,3,9,3,9,0,1,0,1
PanTS_00001732,1,2,train,Venous,0.763672,0.763672,2.5,2,2.5,27046,39432.7,52.9095,>=40,False,1,True,-56,hypoattenuating,0.802085,True,head,mask_ring,0.200223,inside,False,True,3.71908,21.1149,10,826,2873,0.200223,1,100,80,100,80,100,100,100,100,100,100,100,100,-61,hypo,-4.488,False,0.37,8,1.5-2.5,True,False,False,True,6,6,6,6,2,2,2,2,2,2,2,2,0,0,0,0
PanTS_00001736,1,0,train,Arterial,1,1,1,2,1,3740,3740,32.1403,20-40,False,1,True,-10.0099,hypoattenuating,0.543898,True,head,mask_ring,0.191572,inside,False,False,,9.62929,10,109,2546,0.191572,1,55.5,36.5,55.5,36.5,94.5,82,94.5,82,94.5,82,94.5,82,-10.99,hypo,-1.143,False,0.985,,<=1.5,True,False,True,False,14,,14,,3,,3,,3,,3,,0.055,0.18,0.055,0.18
PanTS_00001749,1,0,train,Non-contrast,0.976562,0.976562,3.75,2,3.75,4721,16883.6,50.1517,>=40,False,2,True,2,isoattenuating,0.82704,True,head,mask_ring,-0.00523907,abutting,False,True,49.2532,15.9145,10,6,535,-0.00523907,0.00910824,4,93,4,93,62,86,62,86,62,86,62,86,-1,iso,-0.1005,False,0.995,,2.5-5,False,False,False,False,,7,,7,19,,19,,19,,19,,0.38,0.14,0.38,0.14
PanTS_00001749,2,0,train,Non-contrast,0.976562,0.976562,3.75,2,3.75,105,375.509,10.6969,10-20,False,2,False,-13,hypoattenuating,0,False,head,pc1_boundary,-0.0879648,separated,True,True,60.0784,4.47552,6,0,535,-0.0879648,0,,,,,,,,,,,,,-21,hypo,-2.111,True,,,2.5-5,False,False,False,False,,,,,,,,,,,,,,,,
PanTS_00001751,1,4,train,Non-contrast,1.5,1.5,1.5,2,1.5,558,1883.25,24.8294,20-40,False,2,False,10,isoattenuating,0,False,tail,mask_ring,0.836187,inside,False,True,54.9295,7.66078,6,69,1477,0.836187,1,4.5,3.5,4.5,3.5,15.5,9.5,15.5,9.5,4.5,3.5,4.5,3.5,10,iso,1.774,True,0.94,,<=1.5,False,False,False,False,39,,39,,47,34,47,34,39,,39,,0.955,0.965,0.955,0.965
PanTS_00001751,2,4,train,Non-contrast,1.5,1.5,1.5,2,1.5,1106,3732.75,38.5065,20-40,False,2,True,-19,hypoattenuating,0.0892001,True,head,mask_ring,0.128972,inside,False,True,3.67423,9.62307,10,135,1477,0.128972,1,70,3.5,70,3.5,60.5,0,60.5,0,60.5,0,60.5,0,-21,hypo,-3.726,False,0.93,,<=1.5,False,False,False,False,15,23,15,23,,,,,,,,,0.395,1,0.395,1
PanTS_00001771,1,2,train,Arterial,0.976562,0.976562,5,2,5,192,915.527,15.1873,10-20,False,1,True,8,isoattenuating,0.19696,True,head,mask_ring,0.164066,inside,False,False,,6.02367,6,33,1453,0.164066,1,97,54.5,97,54.5,85.5,42,85.5,42,97,54.5,97,54.5,10,iso,0.7734,False,0.915,,2.5-5,True,False,False,False,,19,,19,,,,,,19,,19,0.03,0.455,0.03,0.455
PanTS_00001787,1,1,train,Non-contrast,0.888672,0.888672,5,2,5,267,1054.3,19.4476,10-20,False,1,True,-1,isoattenuating,0,False,head,mask_ring,0.00845778,inside,False,False,,6.31382,6,50,2643,0.00845778,1,80,72,80,72,60,67,60,67,80,72,80,72,-4.5,iso,-0.348,True,0.93,,2.5-5,False,False,False,False,10,,10,,26,36,26,36,10,,10,,0.2,0.28,0.2,0.28
PanTS_00001802,1,4,train,Non-contrast,0.898438,0.898438,0.8,2,0.8,3150,2034.12,18.8384,10-20,False,1,True,17,hyperattenuating,0,False,body,mask_ring,0.366763,inside,False,False,,7.86012,6,66,2623,0.366763,1,9,32.5,9,32.5,10,11,10,11,9,32.5,9,32.5,17,hyper,0.4459,True,0.31,,<=1.5,False,False,False,False,,44,,44,,,,,,44,,44,0.91,0.675,0.91,0.675
PanTS_00001816,1,3,train,Non-contrast,0.802734,0.802734,2.5,2,2.5,17746,28588,57.4192,>=40,False,1,True,-18,hypoattenuating,0.525259,True,body,mask_ring,0.544505,inside,False,True,26.126,18.9685,10,535,1337,0.544505,0.892032,100,100,100,100,38,100,38,100,38,100,38,100,-19,hypo,-2.866,False,1,46,1.5-2.5,False,False,False,False,1,1,1,1,3,1,3,1,3,1,3,1,0.62,0,0.62,0
PanTS_00001823,1,4,train,Non-contrast,1.5,1.5,1.5,2,1.5,154,519.75,11.5217,10-20,False,1,True,-25,hypoattenuating,0,False,head,mask_ring,0.104808,inside,False,False,,4.98772,6,22,1396,0.104808,1,34.5,17,34.5,17,74.5,67.5,74.5,67.5,34.5,17,34.5,17,-29,hypo,-2.573,True,0.615,,<=1.5,False,False,False,False,46,,46,,10,16,10,16,46,,46,,0.655,0.83,0.655,0.83
PanTS_00001826,1,4,train,Non-contrast,0.777344,0.777344,0.7,2,0.7,56922,24077.1,63.2024,>=40,False,1,True,-18,hypoattenuating,0,False,body,mask_ring,0.456636,inside,False,True,3.1872,17.9131,10,379,1656,0.456636,0.705878,22.5,1,22.5,1,43,45.5,43,45.5,43,45.5,43,45.5,-19,hypo,-2.123,True,0.995,,<=1.5,False,False,False,False,23,18,23,18,6,4,6,4,6,4,6,4,0.57,0.545,0.57,0.545
PanTS_00001829,1,2,train,Non-contrast,0.976562,0.976562,0.8,2,0.8,596,454.711,13.2507,10-20,False,1,True,2,isoattenuating,0,False,body,mask_ring,0.359827,inside,False,True,7.10948,4.77034,6,20,2471,0.359827,1,43,43,43,43,11.5,25,11.5,25,43,43,43,43,2,iso,0.07448,True,0.45,,<=1.5,False,False,False,False,45,,45,,,,,,45,,45,,0.57,0.57,0.57,0.57
PanTS_00001840,1,3,train,Non-contrast,3,0.767578,0.767578,0,3,10990,19425.1,37.0396,20-40,False,1,True,-29,hypoattenuating,0.897133,True,head,mask_ring,,inside,False,True,7.07672,16.676,10,391,656,,0.884531,0.5,0,0.5,0,46,24.5,46,24.5,46,24.5,46,24.5,-36,hypo,-3.745,False,0.69,25,2.5-5,False,False,False,False,8,14,8,14,3,15,3,15,3,15,3,15,0.54,0.755,0.54,0.755
PanTS_00001850,1,1,train,Non-contrast,0.976562,0.976562,1.25,2,1.25,13322,15881,46.4407,>=40,False,1,True,0,isoattenuating,0.800807,True,head,mask_ring,0.055691,abutting,False,True,36.8901,15.593,10,214,644,0.055691,0.693665,100,100,100,100,52.5,100,52.5,100,52.5,100,52.5,100,-1,iso,-0.05915,False,0.935,,<=1.5,False,False,False,False,1,1,1,1,4,1,4,1,4,1,4,1,0.475,0,0.475,0
PanTS_00001856,1,1,train,Venous,0.777344,0.777344,2.5,2,2.5,1750,2643.65,26.6273,20-40,False,1,True,30,hyperattenuating,0.204286,True,head,mask_ring,0.193064,inside,False,True,0.777344,8.57772,10,80,1247,0.193064,1,54,15.5,54,15.5,24,21,24,21,24,21,24,21,32,hyper,2.098,False,0.955,,1.5-2.5,True,False,True,False,12,40,12,40,22,38,22,38,22,38,22,38,0.76,0.79,0.76,0.79
PanTS_00001870,1,2,train,Non-contrast,0.947266,0.947266,2.5,2,2.5,879,1971.84,23.8411,20-40,False,1,True,11,hyperattenuating,0,False,head,mask_ring,0.20636,inside,False,False,,7.77907,6,67,634,0.20636,1,43.5,10.5,43.5,10.5,42,32,42,32,43.5,10.5,43.5,10.5,15,hyper,1.104,True,1,,1.5-2.5,False,False,False,False,17,,17,,,,,,17,,17,,0.565,0.895,0.565,0.895
PanTS_00001873,1,4,train,Non-contrast,0.742188,0.742188,5,2,5,4094,11275.7,53.4574,>=40,False,1,True,7.5,isoattenuating,0.186233,True,tail,mask_ring,0.816265,inside,False,True,38.5982,13.9108,10,194,636,0.816265,0.701514,100,80.5,100,80.5,100,100,100,100,100,100,100,100,10,iso,0.9426,False,0.915,30,2.5-5,False,False,False,False,1,2,1,2,1,1,1,1,1,1,1,1,0,0,0,0
PanTS_00001874,1,2,train,Non-contrast,0.785156,0.785156,0.7,2,0.7,964,415.994,13.7834,10-20,False,1,True,-8,isoattenuating,0,False,head,mask_ring,0.060049,abutting,False,True,10.534,4.63091,6,15,1017,0.060049,0.930498,69,0.5,69,0.5,35,61.5,35,61.5,69,0.5,69,0.5,-9,iso,-1.18,True,1,,<=1.5,False,False,False,False,12,,12,,24,17,24,17,12,,12,,0.31,0.995,0.31,0.995
PanTS_00001876,1,1,train,Non-contrast,0.722656,0.722656,0.625,2,0.625,491,160.26,11.2746,10-20,False,2,False,-18,hypoattenuating,0,False,head,mask_ring,-0.0126682,embedded,False,False,,3.3696,6,12,1249,-0.0126682,1,1,16.5,1,16.5,74,19,74,19,1,16.5,1,16.5,-22,hypo,-0.5225,True,0.75,,<=1.5,False,False,False,False,,,,,,,,,,,,,0.99,0.835,0.99,0.835
PanTS_00001876,2,1,train,Non-contrast,0.722656,0.722656,0.625,2,0.625,27967,9128.28,39.4021,20-40,False,2,True,0,isoattenuating,0.630572,True,head,mask_ring,0.225558,abutting,False,False,,12.9648,10,137,1249,0.225558,0.712304,1,94.5,1,94.5,100,100,100,100,100,100,100,100,0,iso,0,False,0.765,23,<=1.5,False,False,False,False,24,2,24,2,3,1,3,1,3,1,3,1,0,0,0,0
PanTS_00001878,1,4,train,Non-contrast,0.835,0.835,5,2,5,24854,86644.1,135.095,>=40,False,2,True,2,isoattenuating,0.591607,True,head,mask_ring,0.202591,abutting,False,False,,27.4505,10,249,1399,0.202591,0.144967,6.5,0,6.5,0,84.5,0,84.5,0,84.5,0,84.5,0,3,iso,0.5027,False,0.985,46,2.5-5,False,False,False,False,25,,25,,7,,7,,7,,7,,0.155,1,0.155,1
PanTS_00001878,2,4,train,Non-contrast,0.835,0.835,5,2,5,1969,6864.18,62.0637,>=40,False,2,False,-3,isoattenuating,0.073823,True,tail,mask_ring,0.855549,abutting,False,False,,11.7896,10,138,1399,0.855549,0.575927,95.5,98.5,95.5,98.5,100,79,100,79,100,79,100,79,-7,iso,-1.173,False,0.845,31,2.5-5,False,False,False,False,8,2,8,2,1,3,1,3,1,3,1,3,0,0.21,0,0.21
PanTS_00001913,1,1,train,Venous,0.916016,0.916016,3,2,3,5069,12760,46.8974,>=40,False,1,True,26,hyperattenuating,0,False,tail,mask_ring,0.83382,inside,False,True,63.8571,14.4962,10,315,1532,0.83382,1,100,100,100,100,19.5,10.5,19.5,10.5,19.5,10.5,19.5,10.5,33,hyper,1.508,True,0.7,19,2.5-5,True,False,False,True,1,1,1,1,9,15,9,15,9,15,9,15,0.805,0.895,0.805,0.895
PanTS_00001922,1,2,train,Venous,0.742188,0.742188,2.5,2,2.5,1339,1843.95,21.2137,20-40,False,1,True,11,hyperattenuating,0.390139,True,head,mask_ring,0.263546,inside,False,True,0.742188,7.60711,6,62,646,0.263546,1,24.5,100,24.5,100,95.5,100,95.5,100,24.5,100,24.5,100,-7,iso,-0.5279,False,0.98,47,1.5-2.5,True,False,False,False,25,,25,,24,,24,,25,,25,,0.755,0,0.755,0
PanTS_00001923,1,2,train,Non-contrast,0.732422,0.732422,2,2,2,22105,23716.1,48.6504,>=40,False,1,True,-41,hypoattenuating,0.879061,True,tail,mask_ring,0.886239,inside,False,True,11.0065,17.8232,10,495,1748,0.886239,0.991948,58,100,58,100,58,100,58,100,58,100,58,100,-41,hypo,-3.171,False,0.85,13,1.5-2.5,False,False,False,False,2,1,2,1,2,1,2,1,2,1,2,1,0.42,0,0.42,0
PanTS_00001941,1,0,train,Venous,0.884766,0.884766,2.5,2,2.5,1779,3481.55,22.1718,20-40,False,1,True,7,isoattenuating,0.299636,True,head,mask_ring,0.304435,inside,False,True,4.33301,9.40217,10,101,1445,0.304435,1,30,83.5,30,83.5,40,80.5,40,80.5,40,80.5,40,80.5,12,hyper,0.5746,False,0.4,14,1.5-2.5,True,False,True,False,16,,16,,22,,22,,22,,22,,0.6,0.195,0.6,0.195
PanTS_00001946,1,0,train,Arterial,0.742188,0.742188,1.25,2,1.25,114710,78984,87.8829,>=40,False,1,True,-19,hypoattenuating,0.304128,True,head,mask_ring,0.159262,abutting,False,True,6.75499,26.6165,10,647,2912,0.159262,0.449246,32.5,57,32.5,57,38,25,38,25,38,25,38,25,-19,hypo,-2.123,False,1,,<=1.5,True,False,False,True,13,24,13,24,5,16,5,16,5,16,5,16,0.62,0.75,0.62,0.75
PanTS_00001964,1,4,train,Venous,0.779297,0.779297,2.5,2,2.5,2543,3860.93,27.647,20-40,False,1,True,30,hyperattenuating,0.677845,True,head,mask_ring,0.166807,inside,False,True,2.5,9.73198,10,108,451,0.166807,1,40,75.5,40,75.5,74,74,74,74,74,74,74,74,26,hyper,1.538,False,0.115,20,1.5-2.5,True,False,True,False,10,9,10,9,11,,11,,11,,11,,0.26,0.26,0.26,0.26
PanTS_00001968,1,2,train,Non-contrast,0.814453,0.814453,0.625,2,0.625,2236,927.009,24.641,20-40,False,1,True,-12,hypoattenuating,0,False,head,mask_ring,0.280097,inside,False,True,15.9017,6.04874,6,42,2287,0.280097,1,17.5,14.5,17.5,14.5,35,9.5,35,9.5,17.5,14.5,17.5,14.5,-9,iso,-0.2951,True,0.775,,<=1.5,False,False,False,False,,,,,39,,39,,,,,,0.825,0.855,0.825,0.855
PanTS_00001973,1,4,train,Arterial,0.742188,0.742188,1.25,2,1.25,43715,30100.1,45.4974,>=40,False,1,True,-90,hypoattenuating,0,False,body,mask_ring,0.602767,abutting,False,True,2.95355,19.2972,10,142,1513,0.602767,0.176141,100,64.5,100,64.5,90,71.5,90,71.5,90,71.5,90,71.5,-90,hypo,-5.54,True,1,,<=1.5,True,False,False,True,1,9,1,9,3,10,3,10,3,10,3,10,0.1,0.285,0.1,0.285
PanTS_00001996,1,2,train,Non-contrast,0.955078,0.955078,2.5,2,2.5,1139,2597.42,22.2091,20-40,False,3,True,-4,isoattenuating,0.313519,True,head,pc1_boundary,0.123664,separated,True,True,13.7547,8.52742,10,0,1624,0.123664,0,,,,,,,,,,,,,-4,iso,-0.3549,False,,,1.5-2.5,False,False,False,False,,,,,,,,,,,,,,,,
PanTS_00001996,2,2,train,Non-contrast,0.955078,0.955078,2.5,2,2.5,351,800.433,19.4954,10-20,False,3,False,3,isoattenuating,0.124138,True,head,mask_ring,0.162514,abutting,False,True,7.89931,5.75986,6,17,1624,0.162514,0.680912,52.5,14,52.5,14,68,11,68,11,52.5,14,52.5,14,5,iso,0.4436,False,0.98,,1.5-2.5,False,False,False,False,39,,39,,38,,38,,39,,39,,0.475,0.86,0.475,0.86
PanTS_00001996,3,2,train,Non-contrast,0.955078,0.955078,2.5,2,2.5,126,287.335,12.1436,10-20,False,3,False,-11.5,hypoattenuating,0,False,tail,mask_ring,0.751545,inside,False,True,57.9997,4.09355,6,20,1624,0.751545,1,26,6.5,26,6.5,21.5,0.5,21.5,0.5,26,6.5,26,6.5,-14,hypo,-1.242,True,0.635,,1.5-2.5,False,False,False,False,,,,,,,,,,,,,0.74,0.935,0.74,0.935
PanTS_00002012,1,2,train,Arterial,0.693359,0.693359,2.5,2,2.5,4758,5718.48,26.7191,20-40,False,1,True,2,isoattenuating,0.702438,True,head,mask_ring,0.164267,inside,False,True,0.693359,11.0934,10,131,986,0.164267,0.989281,48.5,83,48.5,83,59,100,59,100,59,100,59,100,-9,iso,-0.6033,False,0.23,5,1.5-2.5,True,False,False,False,9,,9,,6,2,6,2,6,2,6,2,0.41,0,0.41,0
PanTS_00002014,1,1,train,Venous,0.949219,0.949219,5,2,5,2626,11830.3,36.4678,20-40,False,1,True,16,hyperattenuating,0.57748,True,head,mask_ring,0.0755366,inside,False,True,1.3424,14.1352,10,279,2965,0.0755366,1,59.5,24.5,59.5,24.5,69.5,9,69.5,9,69.5,9,69.5,9,8,iso,0.2943,False,0.915,,2.5-5,True,False,False,False,11,27,11,27,9,,9,,9,,9,,0.305,0.91,0.305,0.91
PanTS_00002028,1,1,train,Venous,0.976562,0.976562,2.5,2,2.5,2212,5273.81,25.623,20-40,False,1,True,-20,hypoattenuating,0.606899,True,tail,mask_ring,0.70805,inside,False,True,0,10.7981,10,132,1067,0.70805,1,100,39.5,100,39.5,78.5,3.5,78.5,3.5,78.5,3.5,78.5,3.5,-30,hypo,-2.446,False,1,,1.5-2.5,True,False,True,False,1,10,1,10,2,,2,,2,,2,,0.215,0.965,0.215,0.965
PanTS_00002071,1,4,train,Arterial,0.742188,0.742188,1.25,2,1.25,26736,18409.2,43.13,>=40,False,1,True,-28,hypoattenuating,0.816191,True,head,mask_ring,0.0299598,inside,False,True,1.04961,16.38,10,400,1401,0.0299598,0.993492,0,2,0,2,22,0,22,0,22,0,22,0,-27,hypo,-1.629,False,0.995,,<=1.5,True,False,False,True,16,17,16,17,6,22,6,22,6,22,6,22,0.78,1,0.78,1
PanTS_00002081,1,1,train,Non-contrast,1.29688,5,1.29688,2,1.29688,1022,8594.43,36.9047,20-40,False,1,True,10,isoattenuating,0,False,head,mask_ring,0.254304,inside,False,True,1.29688,12.707,10,162,1653,0.254304,0.802348,0,0,0,0,0,5,0,5,0,5,0,5,11,hyper,0.5925,True,0.915,36,<=1.5,False,False,False,False,,,,,27,33,27,33,27,33,27,33,1,0.95,1,0.95
PanTS_00002091,1,0,train,Non-contrast,0.78125,0.78125,0.8,2,0.8,33877,16541.5,46.6586,>=40,False,1,True,4,isoattenuating,0.678952,True,head,mask_ring,0.21446,inside,False,False,,15.8062,10,328,1715,0.21446,0.857484,38,2,38,2,12,0,12,0,12,0,12,0,5,iso,0.09031,False,0.895,,<=1.5,False,False,False,False,7,,7,,26,,26,,26,,26,,0.88,1,0.88,1
PanTS_00002094,1,2,train,Arterial,0.679688,0.679688,1.25,2,1.25,18610,10746.7,42.746,>=40,False,1,True,-73,hypoattenuating,0.617042,True,head,mask_ring,0.216033,inside,False,True,0,13.6898,10,221,1611,0.216033,0.912789,100,29.5,100,29.5,100,15.5,100,15.5,100,15.5,100,15.5,-78,hypo,-6.722,False,0.95,,<=1.5,True,False,False,True,2,12,2,12,1,27,1,27,1,27,1,27,0,0.845,0,0.845
PanTS_00002095,1,0,train,Non-contrast,0.800781,0.800781,0.8,2,0.8,4833,2479.33,30.6163,20-40,False,2,True,4,isoattenuating,0.148823,True,head,mask_ring,0.0952111,inside,False,False,,8.39618,10,83,2580,0.0952111,1,18,5,18,5,27.5,7,27.5,7,27.5,7,27.5,7,4,iso,0.1244,False,0.925,,<=1.5,False,False,False,False,,,,,38,,38,,38,,38,,0.725,0.93,0.725,0.93
PanTS_00002095,2,0,train,Non-contrast,0.800781,0.800781,0.8,2,0.8,24,12.312,3.39577,<5,False,2,False,25.5,hyperattenuating,0.00702885,True,head,mask_ring,0.0962101,inside,False,False,,1.43245,6,1,2580,0.0962101,1,2,44,2,44,80,36,80,36,2,44,2,44,25.5,hyper,0.793,False,0.54,,<=1.5,False,False,False,False,,,,,,,,,,,,,0.98,0.56,0.98,0.56
PanTS_00002098,1,1,train,Arterial,0.900391,0.900391,1.25,2,1.25,1209,1225.18,18.1017,10-20,False,1,True,-60,hypoattenuating,0,False,body,mask_ring,0.676988,inside,False,True,9.65257,6.63799,6,42,1757,0.676988,1,73,86,73,86,74,83,74,83,73,86,73,86,-80,hypo,-5.027,True,0.95,,<=1.5,True,True,False,False,10,5,10,5,12,,12,,10,5,10,5,0.27,0.14,0.27,0.14
PanTS_00002102,1,4,train,Arterial,1,1,1,2,1,2055,2055,28.6531,20-40,False,6,True,-5.98154,isoattenuating,0,False,head,mask_ring,0.168467,inside,False,True,11.6619,7.88693,6,74,5956,0.168467,1,3,2,3,2,67,25.5,67,25.5,3,2,3,2,-7.019,iso,-0.432,True,0.925,,<=1.5,True,False,False,False,,,,,33,,33,,,,,,0.97,0.98,0.97,0.98
PanTS_00002102,2,4,train,Arterial,1,1,1,2,1,9,9,2.82843,<5,False,6,False,-2.99077,isoattenuating,0,False,head,mask_ring,0.247915,inside,False,True,23.0434,1.29038,6,2,5956,0.247915,1,79.5,92,79.5,92,91.5,97,91.5,97,79.5,92,79.5,92,-2.014,iso,-0.124,True,0.255,,<=1.5,True,False,False,False,,,,,,,,,,,,,0.205,0.08,0.205,0.08
PanTS_00002102,3,4,train,Arterial,1,1,1,2,1,3,3,2,<5,True,6,False,-30.9758,hypoattenuating,0,False,head,mask_ring,0.289967,inside,False,True,30.2655,0.8947,6,0,5956,0.289967,1,,,,,,,,,,,,,-30,hypo,-1.846,True,0.935,,<=1.5,True,False,False,False,,,,,,,,,,,,,,,,
PanTS_00002102,4,4,train,Arterial,1,1,1,2,1,3,3,2,<5,True,6,False,8.02625,isoattenuating,0,False,head,mask_ring,0.243414,inside,False,True,22.2036,0.8947,6,0,5956,0.243414,1,,,,,,,,,,,,,9.003,iso,0.5541,True,0.125,,<=1.5,True,False,False,False,,,,,,,,,,,,,,,,
PanTS_00002102,5,4,train,Arterial,1,1,1,2,1,588,588,22.561,20-40,False,6,False,-5.98154,isoattenuating,0,False,head,mask_ring,0.249083,inside,False,True,2,5.19712,6,30,5956,0.249083,1,68,30.5,68,30.5,15,37.5,15,37.5,68,30.5,68,30.5,7.996,iso,0.4921,True,0.715,,<=1.5,True,False,False,False,,,,,,,,,,,,,0.32,0.695,0.32,0.695
PanTS_00002102,6,4,train,Arterial,1,1,1,2,1,3,3,2,<5,True,6,False,-32.99,hypoattenuating,0,False,head,mask_ring,0.28302,inside,False,True,23.8537,0.8947,6,1,5956,0.28302,1,57,14,57,14,52.5,33,52.5,33,57,14,57,14,-32.01,hypo,-1.97,True,0.71,,<=1.5,True,False,False,False,,,,,,,,,,,,,0.43,0.86,0.43,0.86
PanTS_00002107,1,0,train,Non-contrast,0.710938,0.710938,0.8,2,0.8,1514,612.179,24.5753,20-40,False,1,True,-5,isoattenuating,0,False,head,mask_ring,-0.0182947,embedded,False,False,,5.2674,6,30,2357,-0.0182947,0.992074,55.5,11,55.5,11,18,16,18,16,55.5,11,55.5,11,-14,hypo,-0.7281,True,0.865,,<=1.5,False,False,False,False,48,,48,,,,,,48,,48,,0.445,0.89,0.445,0.89
PanTS_00002123,1,3,train,Non-contrast,0.822266,0.822266,0.8,2,0.8,1501,811.886,25.0974,20-40,False,2,False,0,isoattenuating,0,False,head,mask_ring,0.00787558,inside,False,True,58.6677,5.7872,6,34,3138,0.00787558,1,30,49,30,49,31.5,71,31.5,71,30,49,30,49,3.5,iso,0.05931,True,0.645,,<=1.5,False,False,False,False,,,,,,,,,,,,,0.7,0.51,0.7,0.51
PanTS_00002123,2,3,train,Non-contrast,0.822266,0.822266,0.8,2,0.8,5905,3193.99,32.5166,20-40,False,2,True,7,isoattenuating,0,False,head,mask_ring,0.125934,inside,False,True,31.0731,9.13584,10,98,3138,0.125934,1,44,38,44,38,20.5,78.5,20.5,78.5,20.5,78.5,20.5,78.5,8,iso,0.1356,True,0.855,,<=1.5,False,False,False,False,41,44,41,44,42,10,42,10,42,10,42,10,0.795,0.215,0.795,0.215
PanTS_00002126,1,4,train,Non-contrast,1.5,1.5,1.5,2,1.5,94,317.25,13.5,10-20,False,1,True,-52.5,hypoattenuating,0,False,head,mask_ring,0.163529,embedded,False,True,15.6605,4.23095,6,13,1888,0.163529,0.946809,54.5,4,54.5,4,28,8.5,28,8.5,54.5,4,54.5,4,-45.5,hypo,-1.596,True,0.77,,<=1.5,False,False,False,False,40,,40,,,,,,40,,40,,0.455,0.96,0.455,0.96
PanTS_00002142,1,3,train,Non-contrast,0.78125,0.78125,0.8,2,0.8,7751,3784.67,30.3272,20-40,False,2,True,-11,hypoattenuating,0.492192,True,head,mask_ring,0.00782325,inside,False,True,34.3165,9.66748,10,102,2205,0.00782325,1,60.5,2,60.5,2,100,0,100,0,100,0,100,0,-8,iso,-0.1436,False,0.725,,<=1.5,False,False,False,False,15,,15,,4,,4,,4,,4,,0,1,0,1
PanTS_00002142,2,3,train,Non-contrast,0.78125,0.78125,0.8,2,0.8,3642,1778.32,26.1673,20-40,False,2,False,6,isoattenuating,0,False,head,mask_ring,0.120745,inside,False,True,9.31669,7.51578,6,65,2205,0.120745,1,24.5,1.5,24.5,1.5,41.5,3.5,41.5,3.5,24.5,1.5,24.5,1.5,10,iso,0.1795,True,0.72,,<=1.5,False,False,False,False,,,,,27,,27,,,,,,0.755,0.985,0.755,0.985
PanTS_00002177,1,2,train,Non-contrast,0.75,0.75,0.8,2,0.8,8595,3867.75,29.4404,20-40,False,1,True,8,isoattenuating,0,False,head,mask_ring,0.0790542,abutting,False,True,20.4044,9.7377,10,82,909,0.0790542,0.818034,64,80,64,80,26.5,91,26.5,91,26.5,91,26.5,91,8,iso,0.2214,True,0.9,32,<=1.5,False,False,False,False,6,4,6,4,17,42,17,42,17,42,17,42,0.735,0.09,0.735,0.09
PanTS_00002186,1,4,train,Non-contrast,0.78125,0.78125,0.8,2,0.8,669,326.66,12.5614,10-20,False,1,True,2,isoattenuating,0,False,head,mask_ring,0.492494,inside,False,True,12.2269,4.27237,6,16,1589,0.492494,1,96,98,96,98,18.5,6,18.5,6,96,98,96,98,-4.5,iso,-0.08177,True,0.825,,<=1.5,False,False,False,False,5,3,5,3,,,,,5,3,5,3,0.04,0.02,0.04,0.02
PanTS_00002187,1,0,train,Non-contrast,1.54492,5,1.54492,2,1.54492,631,7530.3,35.076,20-40,False,2,True,0,isoattenuating,0,False,head,mask_ring,0.225401,inside,False,True,8.31966,12.1593,10,125,1724,0.225401,0.667195,52.5,28.5,52.5,28.5,76.5,0.5,76.5,0.5,76.5,0.5,76.5,0.5,-3,iso,-0.1392,True,0.975,,1.5-2.5,False,False,False,False,11,23,11,23,4,43,4,43,4,43,4,43,0.235,0.995,0.235,0.995
PanTS_00002187,2,0,train,Non-contrast,1.54492,5,1.54492,2,1.54492,8,95.4713,5.5703,5-10,False,2,False,15,hyperattenuating,0,False,head,mask_ring,0.352416,inside,False,True,11.0218,2.83527,6,5,1724,0.352416,1,32.5,46.5,32.5,46.5,33,58.5,33,58.5,32.5,46.5,32.5,46.5,15,hyper,0.6961,True,0.785,,1.5-2.5,False,False,False,False,,,,,,,,,,,,,0.675,0.535,0.675,0.535
PanTS_00002196,1,4,train,Non-contrast,0.828125,0.828125,5,2,5,250,857.239,13.6578,10-20,False,2,False,-22,hypoattenuating,0,False,body,mask_ring,,inside,False,True,8.91918,5.89302,6,19,1032,,1,0.5,0,0.5,0,70,12,70,12,0.5,0,0.5,0,-29.5,hypo,-3.559,True,0.985,,2.5-5,False,False,False,False,,,,,50,,50,,,,,,0.995,1,0.995,1
PanTS_00002196,2,4,train,Non-contrast,0.828125,0.828125,5,2,5,486,1666.47,17.5831,10-20,False,2,True,-5,isoattenuating,0,False,body,mask_ring,,inside,False,True,17.4514,7.35478,6,54,1032,,1,50,59,50,59,89.5,84,89.5,84,50,59,50,59,-4,iso,-0.4826,True,0.15,13,2.5-5,False,False,False,False,16,19,16,19,6,6,6,6,16,19,16,19,0.5,0.41,0.5,0.41
PanTS_00002205,1,3,train,Venous,1,1,1,2,1,1554,1554,30.7409,20-40,False,6,True,-24.9943,hypoattenuating,0,False,body,mask_ring,0.547756,inside,False,True,59.6741,7.18545,6,70,10891,0.547756,1,28,4,28,4,63,5.5,63,5.5,28,4,28,4,-26,hypo,-2.612,True,0.305,,<=1.5,True,False,True,False,,,,,,,,,,,,,0.72,0.96,0.72,0.96
PanTS_00002205,2,3,train,Venous,1,1,1,2,1,21,21,3.74166,<5,False,6,False,-5.00496,isoattenuating,0,False,body,mask_ring,0.645844,inside,False,True,105.816,1.7115,6,3,10891,0.645844,1,70.5,41.5,70.5,41.5,85.5,54,85.5,54,70.5,41.5,70.5,41.5,-6.012,iso,-0.6039,True,0.72,,<=1.5,True,False,False,False,,,,,,,,,,,,,0.295,0.585,0.295,0.585
PanTS_00002205,3,3,train,Venous,1,1,1,2,1,4,4,1.41421,<5,True,6,False,-61.0056,hypoattenuating,0,False,body,pc1_boundary,0.402458,inside,False,True,40.7308,0.984745,6,1,10891,0.402458,1,59.5,7.5,59.5,7.5,42.5,1.5,42.5,1.5,59.5,7.5,59.5,7.5,-62.01,hypo,-6.229,True,0.465,,<=1.5,True,False,False,False,,,,,,,,,,,,,0.405,0.925,0.405,0.925
PanTS_00002205,4,3,train,Venous,1,1,1,2,1,489,489,16.2481,10-20,False,6,False,-63.9963,hypoattenuating,0.391195,True,tail,pc1_boundary,0.709547,inside,False,True,105.991,4.88735,6,23,10891,0.709547,1,71,17.5,71,17.5,38.5,54,38.5,54,71,17.5,71,17.5,-72.51,hypo,-7.284,False,0.67,,<=1.5,True,True,False,False,,,,,,,,,,,,,0.29,0.825,0.29,0.825
PanTS_00002205,5,3,train,Venous,1,1,1,2,1,6,6,2.23607,<5,True,6,False,-56.5042,hypoattenuating,0,False,tail,pc1_boundary,0.760686,inside,False,True,122.87,1.12725,6,1,10891,0.760686,1,87.5,47,87.5,47,85.5,31.5,85.5,31.5,87.5,47,87.5,47,-57.51,hypo,-5.777,True,0.435,,<=1.5,True,False,False,False,,,,,,,,,,,,,0.125,0.53,0.125,0.53
PanTS_00002205,6,3,train,Venous,1,1,1,2,1,93,93,12.2474,10-20,False,6,False,-53.0098,hypoattenuating,0,False,tail,pc1_boundary,0.880341,inside,False,True,149.963,2.81059,6,10,10891,0.880341,1,42,8.5,42,8.5,60,2,60,2,42,8.5,42,8.5,-42.02,hypo,-4.221,True,0.505,,<=1.5,True,True,False,False,,,,,,,,,,,,,0.58,0.915,0.58,0.915
PanTS_00002211,1,2,train,Non-contrast,0.976562,0.976562,0.625,2,0.625,18174,10832.5,37.8699,20-40,False,1,True,9,isoattenuating,0.77668,True,head,mask_ring,0.0817253,inside,False,True,33.367,13.7261,10,227,1304,0.0817253,0.95356,29.5,8.5,29.5,8.5,67.5,32.5,67.5,32.5,67.5,32.5,67.5,32.5,9,iso,0.1925,False,0.8,42,<=1.5,False,False,False,False,11,16,11,16,5,12,5,12,5,12,5,12,0.325,0.675,0.325,0.675
PanTS_00002213,1,2,train,Non-contrast,0.658203,0.658203,2.51689,2,2.51689,3395,3701.89,28.8301,20-40,False,2,True,-16,hypoattenuating,0.370802,True,head,mask_ring,0.0794129,inside,False,True,6.01413,9.59648,10,82,914,0.0794129,0.779971,0,0,0,0,14.5,15.5,14.5,15.5,14.5,15.5,14.5,15.5,-17,hypo,-1.768,False,0.905,,2.5-5,False,False,False,False,42,41,42,41,23,21,23,21,23,21,23,21,0.855,0.845,0.855,0.845
PanTS_00002213,2,2,train,Non-contrast,0.658203,0.658203,2.51689,2,2.51689,985,1074.04,19.0032,10-20,False,2,False,-5,isoattenuating,0,False,body,mask_ring,0.382095,inside,False,True,36.0044,6.35298,6,35,914,0.382095,1,92,16.5,92,16.5,58,31,58,31,92,16.5,92,16.5,-4,iso,-0.4161,True,1,,2.5-5,False,False,False,False,4,,4,,18,,18,,4,,4,,0.08,0.835,0.08,0.835
PanTS_00002232,1,2,train,Arterial,0.820312,0.820312,2.5,2,2.5,3867,6505.37,26.1627,20-40,False,1,True,-28,hypoattenuating,0.840493,True,body,mask_ring,0.643076,inside,False,True,0.820312,11.5805,10,161,1408,0.643076,1,10,33,10,33,8,46.5,8,46.5,8,46.5,8,46.5,-29,hypo,-2.134,False,0.775,,1.5-2.5,True,False,True,False,15,20,15,20,15,39,15,39,15,39,15,39,0.92,0.535,0.92,0.535
PanTS_00002235,1,0,train,Non-contrast,0.748047,0.748047,5,2,5,572,1600.38,18.3799,10-20,False,3,False,4,isoattenuating,0,False,body,mask_ring,0.643356,inside,False,True,50.0191,7.25624,6,55,1169,0.643356,1,41.5,0.5,41.5,0.5,56.5,0,56.5,0,41.5,0.5,41.5,0.5,13.5,hyper,1.566,True,0.97,,2.5-5,False,False,False,False,24,,24,,14,48,14,48,24,,24,,0.585,0.995,0.585,0.995
PanTS_00002235,2,0,train,Non-contrast,0.748047,0.748047,5,2,5,833,2330.63,31.3259,20-40,False,3,True,3,isoattenuating,0,False,head,pc1_boundary,0.189268,separated,True,True,22.3749,8.22485,10,0,1169,0.189268,0,,,,,,,,,,,,,30,hyper,3.48,True,,,2.5-5,False,False,False,False,,,,,,,,,,,,,,,,
PanTS_00002235,3,0,train,Non-contrast,0.748047,0.748047,5,2,5,366,1024.02,15.7921,10-20,False,3,False,-8.5,isoattenuating,0,False,head,mask_ring,0.0931069,abutting,False,True,16.5095,6.25278,6,15,1169,0.0931069,0.54918,24.5,3,24.5,3,52.5,20.5,52.5,20.5,24.5,3,24.5,3,-5,iso,-0.5801,True,0.825,,2.5-5,False,False,False,False,,,,,,,,,,,,,0.755,0.97,0.755,0.97
PanTS_00002243,1,3,train,Non-contrast,0.761719,0.761719,5,2,5,2666,7734.27,41.3677,>=40,False,1,True,-8,isoattenuating,0,False,tail,mask_ring,0.916188,inside,False,True,63.8986,12.2681,10,190,2057,0.916188,0.98162,100,65,100,65,87.5,69.5,87.5,69.5,87.5,69.5,87.5,69.5,0,iso,0,True,0.86,,2.5-5,False,False,False,False,2,9,2,9,2,6,2,6,2,6,2,6,0.125,0.305,0.125,0.305
PanTS_00002249,1,0,train,Non-contrast,0.78125,0.78125,2,2,2,51940,63403.3,77.4629,>=40,False,1,True,36,hyperattenuating,0.682864,True,tail,mask_ring,0.815742,inside,False,False,,24.7367,10,955,900,0.815742,0.734501,,,,,,,,,,,,,40,hyper,3.261,False,0.11,9,1.5-2.5,False,False,False,False,7,3,7,3,1,1,1,1,1,1,1,1,,,,
PanTS_00002262,1,4,train,Non-contrast,0.765625,0.765625,0.8,2,0.8,1589,745.154,20.3314,20-40,False,1,True,,unknown,0,False,head,mask_ring,,abutting,False,False,,5.62409,6,20,236,0.394665,0.681561,60,15.5,60,15.5,88,0.5,88,0.5,60,15.5,60,15.5,-38,hypo,-0.9025,True,0.265,4,<=1.5,False,False,False,False,6,12,6,12,3,,3,,6,12,6,12,0.4,0.845,0.4,0.845
PanTS_00002269,1,4,train,Venous,0.777344,0.777344,1.25,2,1.25,19466,14703.2,42.0432,>=40,False,1,True,-9,isoattenuating,0.742353,True,head,mask_ring,0.354441,inside,False,True,0,15.1976,10,314,870,0.354441,0.978732,37.5,1,37.5,1,33.5,32,33.5,32,33.5,32,33.5,32,-8,iso,-0.4309,False,0.84,16,<=1.5,True,False,False,False,3,22,3,22,6,6,6,6,6,6,6,6,0.665,0.68,0.665,0.68
PanTS_00002275,1,0,train,Non-contrast,0.689453,0.689453,1.5,2,1.5,6800,4848.53,27.9327,20-40,False,1,True,-9,isoattenuating,0.166361,True,head,mask_ring,0.128592,abutting,False,True,23.2473,10.4996,10,38,762,0.128592,0.246324,46,0,46,0,85.5,27,85.5,27,85.5,27,85.5,27,-9,iso,-1.086,False,0.98,,<=1.5,False,False,False,False,26,41,26,41,3,21,3,21,3,21,3,21,0.145,0.73,0.145,0.73
PanTS_00002276,1,1,train,Non-contrast,1.5,1.5,1.5,2,1.5,554,1869.75,21.1069,20-40,False,1,True,6,isoattenuating,0,False,body,mask_ring,0.646102,inside,False,True,46.5242,7.64243,6,62,1793,0.646102,1,100,58,100,58,94.5,95.5,94.5,95.5,100,58,100,58,9,iso,0.6961,True,0.86,,<=1.5,False,False,False,False,1,21,1,21,3,4,3,4,1,21,1,21,0,0.42,0,0.42
PanTS_00002279,1,1,train,Venous,0.777344,0.777344,2.5,2,2.5,4643,7013.99,35.8786,20-40,False,1,True,-2,isoattenuating,0.455629,True,head,mask_ring,0.110691,inside,False,True,0,11.8748,10,198,1114,0.110691,1,70.5,100,70.5,100,2,71.5,2,71.5,2,71.5,2,71.5,-4,iso,-0.1856,False,0.025,4,1.5-2.5,True,False,False,False,9,47,9,47,15,,15,,15,,15,,0.98,0.285,0.98,0.285
PanTS_00002287,1,2,train,Non-contrast,0.785156,0.785156,2.5,2,2.5,883,1360.86,26.0816,20-40,False,1,True,0,isoattenuating,0.109208,True,head,mask_ring,0.176709,inside,False,False,,6.8745,6,50,1902,0.176709,1,29,42.5,29,42.5,88.5,22.5,88.5,22.5,29,42.5,29,42.5,-1,iso,-0.1077,False,0.945,,1.5-2.5,False,False,False,False,,,,,,,,,,,,,0.71,0.575,0.71,0.575
PanTS_00002304,1,3,train,Arterial,0.742188,0.742188,1.25,2,1.25,13420,9240.39,37.4854,20-40,False,1,True,-7,isoattenuating,0.741241,True,head,mask_ring,0.0566004,inside,False,True,0,13.0177,10,229,1366,0.0566004,1,47.5,1,47.5,1,0,0.5,0,0.5,0,0.5,0,0.5,-3,iso,-0.1483,False,0.995,,<=1.5,True,False,False,False,4,23,4,23,25,28,25,28,25,28,25,28,1,0.995,1,0.995
PanTS_00002323,1,1,train,Non-contrast,0.941406,0.941406,5,2,5,205,908.401,17.2006,10-20,False,1,True,-14,hypoattenuating,0,False,body,mask_ring,0.490744,inside,False,True,38.4737,6.008,6,32,1630,0.490744,0.97561,80.5,89,80.5,89,49,52.5,49,52.5,80.5,89,80.5,89,-17,hypo,-2.23,True,0.83,,2.5-5,False,False,False,False,11,10,11,10,23,,23,,11,10,11,10,0.195,0.11,0.195,0.11
PanTS_00002329,1,1,train,Venous,0.695312,0.695312,1.25,2,1.25,11885,7182.38,27.3492,20-40,False,1,True,3,isoattenuating,0.446304,True,tail,mask_ring,0.905123,inside,False,False,,11.9691,10,164,1159,0.905123,1,51,87.5,51,87.5,100,100,100,100,100,100,100,100,-2,iso,-0.1436,False,0.365,19,<=1.5,True,False,False,False,6,3,6,3,2,1,2,1,2,1,2,1,0,0,0,0
PanTS_00002340,1,1,train,Non-contrast,0.976562,0.976562,1,2,1,789,752.449,14.0461,10-20,False,1,True,10,isoattenuating,0,False,tail,mask_ring,0.557866,inside,False,True,23.0638,5.64239,6,30,1246,0.557866,1,78,5,78,5,56.5,18.5,56.5,18.5,78,5,78,5,11,hyper,0.706,True,0.985,,<=1.5,False,False,False,False,12,,12,,18,,18,,12,,12,,0.22,0.95,0.22,0.95
PanTS_00002345,1,4,train,Venous,0.976562,0.976562,5,2,5,932,4444.12,25.6495,20-40,False,1,True,-7,isoattenuating,0.588117,True,head,mask_ring,0.111339,inside,False,True,3.52104,10.1992,10,114,2457,0.111339,1,64,55,64,55,5,3.5,5,3.5,5,3.5,5,3.5,-14,hypo,-1.508,False,0.945,,2.5-5,True,False,True,False,12,17,12,17,38,,38,,38,,38,,0.95,0.965,0.95,0.965
PanTS_00002353,1,0,train,Non-contrast,1.5,1.5,1.5,2,1.5,894,3017.25,29.0086,20-40,False,1,True,-8,isoattenuating,0,False,head,mask_ring,0.0743731,inside,False,True,13.5831,8.96412,10,86,1073,0.0743731,0.991051,93,63.5,93,63.5,100,100,100,100,100,100,100,100,-6,iso,-0.8227,True,0.545,,<=1.5,False,False,False,False,3,9,3,9,2,1,2,1,2,1,2,1,0,0,0,0
PanTS_00002362,1,2,train,Non-contrast,0.662,0.662,0.8,2,0.8,16358,5735.04,53.1526,>=40,False,2,True,-4,isoattenuating,0,False,head,mask_ring,0.124558,abutting,False,False,,11.1041,10,103,913,0.124558,0.667135,29,34,29,34,75,78,75,78,75,78,75,78,-4,iso,-0.1653,True,0.91,,<=1.5,False,False,False,False,23,29,23,29,16,25,16,25,16,25,16,25,0.25,0.22,0.25,0.22
PanTS_00002362,2,2,train,Non-contrast,0.662,0.662,0.8,2,0.8,1260,441.75,22.3687,20-40,False,2,False,-11,hypoattenuating,0,False,head,pc1_boundary,0.231748,separated,True,False,,4.72457,6,0,913,0.231748,0,,,,,,,,,,,,,-10.5,hypo,-0.4339,True,1,,<=1.5,False,False,False,False,,,,,,,,,,,,,,,,
PanTS_00002388,1,1,train,Arterial,0.763672,0.763672,1.25,2,1.25,33662,24539.4,58.0039,>=40,False,1,True,-12,hypoattenuating,0.739834,True,head,mask_ring,0.147792,inside,False,True,0,18.0271,10,500,1079,0.147792,0.974511,1.5,0,1.5,0,31.5,4.5,31.5,4.5,31.5,4.5,31.5,4.5,-6,iso,-0.2742,False,0.82,14,<=1.5,True,False,False,False,10,7,10,7,4,4,4,4,4,4,4,4,0.685,0.955,0.685,0.955
PanTS_00002396,1,3,train,Non-contrast,0.787109,0.787109,2.59024,2,2.59024,758,1216.41,23.7962,20-40,False,1,True,0,isoattenuating,0,False,tail,mask_ring,0.877137,inside,False,True,71.9521,6.62211,6,46,1102,0.877137,1,27,3.5,27,3.5,38.5,56.5,38.5,56.5,27,3.5,27,3.5,30.5,hyper,2.329,True,0.695,,2.5-5,False,False,False,False,18,,18,,25,13,25,13,18,,18,,0.73,0.965,0.73,0.965
PanTS_00002417,1,4,train,Non-contrast,0.732422,0.732422,5,2,5,361,968.278,18.1132,10-20,False,2,True,-8,isoattenuating,0,False,tail,mask_ring,0.946859,inside,False,True,58.5001,6.1372,6,31,1199,0.946859,0.839335,89.5,67.5,89.5,67.5,80.5,81,80.5,81,89.5,67.5,89.5,67.5,-12,hypo,-0.8829,True,0.71,,2.5-5,False,False,False,False,6,16,6,16,12,7,12,7,6,16,6,16,0.105,0.325,0.105,0.325
PanTS_00002417,2,4,train,Non-contrast,0.732422,0.732422,5,2,5,284,761.748,16.3842,10-20,False,2,False,7,isoattenuating,0,False,head,mask_ring,0.46013,abutting,False,True,29.3008,5.66553,6,15,1199,0.46013,0.285211,33.5,50,33.5,50,83,35,83,35,33.5,50,33.5,50,14,hyper,1.03,True,0.4,,2.5-5,False,False,False,False,,46,,46,,49,,49,,46,,46,0.665,0.5,0.665,0.5
PanTS_00002435,1,3,train,Arterial,0.742188,0.742188,1.25,2,1.25,14171,9757.5,45.1244,>=40,False,1,True,-41,hypoattenuating,0.173487,True,head,mask_ring,0.174068,inside,False,True,0,13.2561,10,234,1506,0.174068,0.978759,24,0.5,24,0.5,33.5,0.5,33.5,0.5,33.5,0.5,33.5,0.5,-51,hypo,-3.419,False,0.82,,<=1.5,True,False,False,True,9,31,9,31,8,40,8,40,8,40,8,40,0.665,0.995,0.665,0.995
PanTS_00002445,1,1,train,Non-contrast,0.785,0.785,0.8,2,0.8,19667,9695.44,51.7465,>=40,False,1,True,2,isoattenuating,0.159866,True,head,mask_ring,0.147393,inside,False,True,15.4851,13.228,10,285,1077,0.147393,0.979153,0,0,0,0,3.5,0,3.5,0,3.5,0,3.5,0,2,iso,0.2873,False,1,,<=1.5,False,False,False,False,39,47,39,47,29,47,29,47,29,47,29,47,0.965,1,0.965,1
PanTS_00002451,1,1,train,Non-contrast,5,0.75,0.75,0,5,2107,5925.94,29.0485,20-40,False,1,True,3,isoattenuating,0,False,head,mask_ring,,inside,False,False,,11.2259,10,157,165,,1,0,0,0,0,0,0,0,0,0,0,0,0,4,iso,0.3447,True,0.99,38,2.5-5,False,False,False,False,7,18,7,18,11,11,11,11,11,11,11,11,1,1,1,1
PanTS_00002464,1,3,train,Non-contrast,0.816406,0.816406,2.5,2,2.5,829,1381.36,18.516,10-20,False,2,False,-10,isoattenuating,0,False,tail,mask_ring,1.00537,inside,False,True,0.816406,6.90886,6,48,1218,1.00537,0.989144,57,90,57,90,61,68.5,61,68.5,57,90,57,90,-22,hypo,-1.443,True,0.935,,1.5-2.5,False,False,False,False,15,5,15,5,18,11,18,11,15,5,15,5,0.43,0.1,0.43,0.1
PanTS_00002464,2,3,train,Non-contrast,0.816406,0.816406,2.5,2,2.5,2684,4472.34,31.8019,20-40,False,2,True,20,hyperattenuating,0.250326,True,head,mask_ring,0.164036,inside,False,True,0.816406,10.2207,10,132,1218,0.164036,1,96.5,96.5,96.5,96.5,96.5,96.5,96.5,96.5,96.5,96.5,96.5,96.5,13,hyper,0.8525,False,0.06,6,1.5-2.5,False,False,False,False,,,,,28,40,28,40,28,40,28,40,0.035,0.035,0.035,0.035
PanTS_00002466,1,3,train,Non-contrast,0.78125,0.78125,0.8,2,0.8,38417,18758.3,50.1203,>=40,False,1,True,-12,hypoattenuating,0.401406,True,head,mask_ring,0.014764,abutting,False,True,25.3685,16.483,10,157,1249,0.014764,0.355285,28.5,11.5,28.5,11.5,35.5,85,35.5,85,35.5,85,35.5,85,-12,hypo,-0.5569,False,1,,<=1.5,False,False,False,False,10,26,10,26,13,4,13,4,13,4,13,4,0.645,0.15,0.645,0.15
PanTS_00002468,1,1,train,Non-contrast,0.78125,0.78125,0.8,2,0.8,6568,3207.03,22.5416,20-40,False,1,True,-12,hypoattenuating,0,False,head,mask_ring,0.182702,inside,False,True,73.7367,9.14825,10,84,2202,0.182702,0.999848,2.5,4,2.5,4,5,48.5,5,48.5,5,48.5,5,48.5,-11,hypo,-0.3687,True,0.08,3,<=1.5,False,False,False,False,,,,,,,,,,,,,0.95,0.515,0.95,0.515
PanTS_00002479,1,4,train,Non-contrast,0.765625,0.765625,0.8,2,0.8,289,135.525,9.03649,5-10,False,5,False,1,isoattenuating,0,False,head,pc1_boundary,0.341987,embedded,False,False,,3.18647,6,7,2172,0.341987,1,13.5,31,13.5,31,28.5,19.5,28.5,19.5,13.5,31,13.5,31,15,hyper,0.362,True,0.91,,<=1.5,False,False,False,False,,,,,,,,,,,,,0.865,0.69,0.865,0.69
PanTS_00002479,2,4,train,Non-contrast,0.765625,0.765625,0.8,2,0.8,36,16.882,3.62095,<5,False,5,False,-10.5,hypoattenuating,0,False,body,pc1_boundary,0.478969,embedded,False,False,,1.5914,6,2,2172,0.478969,1,85,73,85,73,63,76.5,63,76.5,85,73,85,73,-11.5,hypo,-0.2775,True,0.42,,<=1.5,False,False,False,False,,,,,,,,,,,,,0.15,0.27,0.15,0.27
PanTS_00002479,3,4,train,Non-contrast,0.765625,0.765625,0.8,2,0.8,12,5.62734,2.84688,<5,True,5,False,-67,hypoattenuating,0,False,body,pc1_boundary,0.459412,embedded,False,False,,1.10341,6,0,2172,0.459412,1,,,,,,,,,,,,,-68,hypo,-1.641,True,0.265,,<=1.5,False,False,False,False,,,,,,,,,,,,,,,,
PanTS_00002479,4,4,train,Non-contrast,0.765625,0.765625,0.8,2,0.8,1625,762.036,20.3314,20-40,False,5,True,0,isoattenuating,0,False,head,mask_ring,0.648372,embedded,False,False,,5.66625,6,25,2172,0.648372,0.96,95,76,95,76,73.5,36.5,73.5,36.5,95,76,95,76,-6,iso,-0.1448,True,0.915,,<=1.5,False,False,False,False,10,28,10,28,,,,,10,28,10,28,0.05,0.24,0.05,0.24
PanTS_00002479,5,4,train,Non-contrast,0.765625,0.765625,0.8,2,0.8,156,73.1555,7.59856,5-10,False,5,False,-3,isoattenuating,0,False,body,pc1_boundary,0.651869,embedded,False,False,,2.59449,6,6,2172,0.651869,1,37,52.5,37,52.5,36,87,36,87,37,52.5,37,52.5,19,hyper,0.4585,True,0.905,,<=1.5,False,False,False,False,,,,,,37,,37,,,,,0.63,0.475,0.63,0.475
PanTS_00002483,1,1,train,Non-contrast,0.878906,0.878906,0.8,2,0.8,1749,1080.85,16.5233,10-20,False,1,True,-2,isoattenuating,0,False,head,mask_ring,0.0634797,inside,False,False,,6.36637,6,38,2677,0.0634797,1,73,29.5,73,29.5,53.5,55,53.5,55,73,29.5,73,29.5,-4,iso,-0.1077,True,0.845,,<=1.5,False,False,False,False,28,,28,,37,42,37,42,28,,28,,0.27,0.705,0.27,0.705
PanTS_00002495,1,2,train,Non-contrast,0.782,0.782,5,2,5,2688,8218.88,31.8181,20-40,False,1,True,-24,hypoattenuating,0.824424,True,body,mask_ring,0.606757,abutting,False,True,24.0766,12.5191,10,48,1376,0.606757,0.24442,76,49.5,76,49.5,75.5,46,75.5,46,75.5,46,75.5,46,-22,hypo,-4.424,False,1,,2.5-5,False,False,False,False,9,23,9,23,27,47,27,47,27,47,27,47,0.245,0.54,0.245,0.54
PanTS_00002497,1,1,train,Non-contrast,0.628906,0.628906,5,2,5,577,1141.08,16.7955,10-20,False,2,False,0,isoattenuating,0,False,tail,mask_ring,0.621718,inside,False,False,,6.48251,6,45,436,0.621718,1,89.5,74.5,89.5,74.5,100,85.5,100,85.5,89.5,74.5,89.5,74.5,0,iso,0,True,0.71,,2.5-5,False,False,False,False,7,,7,,,,,,7,,7,,0.105,0.255,0.105,0.255
PanTS_00002497,2,1,train,Non-contrast,0.628906,0.628906,5,2,5,1574,3112.76,32.3472,20-40,False,2,True,2,isoattenuating,0,False,head,mask_ring,0.129613,inside,False,False,,9.05773,10,88,436,0.129613,0.994282,100,100,100,100,100,84,100,84,100,84,100,84,2,iso,0.3352,True,0.335,5,2.5-5,False,False,False,False,4,13,4,13,3,16,3,16,3,16,3,16,0,0.16,0,0.16
PanTS_00002498,1,2,train,Arterial,1,1,1,2,1,4599,4599,32.45,20-40,False,1,True,-7.01915,isoattenuating,0.506442,True,head,mask_ring,0.164658,inside,False,True,1,10.3163,10,124,2579,0.164658,1,64,70.5,64,70.5,45,63.5,45,63.5,45,63.5,45,63.5,-7.996,iso,-0.651,False,0.79,,<=1.5,True,False,False,False,13,,13,,24,12,24,12,24,12,24,12,0.55,0.365,0.55,0.365
PanTS_00002514,1,2,train,Venous,0.923828,0.923828,2.5,2,2.5,1880,4011.25,25.4903,20-40,False,1,True,39,hyperattenuating,0,False,head,mask_ring,0.153251,inside,False,True,0.923828,9.85668,10,118,1821,0.153251,1,43.5,32,43.5,32,0,14.5,0,14.5,0,14.5,0,14.5,39,hyper,3.361,True,0.415,,1.5-2.5,True,False,True,False,17,28,17,28,,49,,49,,49,,49,1,0.855,1,0.855
PanTS_00002541,1,1,train,Venous,0.892578,0.892578,3,2,3,1726,4125.29,21.9983,20-40,False,1,True,32,hyperattenuating,0,False,body,mask_ring,0.575408,inside,False,True,62.2229,9.94921,10,104,2381,0.575408,1,86,91.5,86,91.5,97.5,85,97.5,85,97.5,85,97.5,85,28,hyper,1.689,True,0.155,7,2.5-5,True,False,True,False,4,4,4,4,2,7,2,7,2,7,2,7,0.025,0.15,0.025,0.15
PanTS_00002567,1,1,train,Venous,0.859375,0.859375,2.5,2,2.5,2983,5507.55,27.776,20-40,False,1,True,10,isoattenuating,0.574584,True,head,mask_ring,0.179554,inside,False,True,2.5,10.9553,10,142,1124,0.179554,1,0,0,0,0,15,0,15,0,15,0,15,0,7,iso,0.5279,False,1,,1.5-2.5,True,False,False,False,38,,38,,13,,13,,13,,13,,0.85,1,0.85,1
PanTS_00002572,1,0,train,Non-contrast,0.808594,0.808594,5,2,5,743,2428.96,26.5109,20-40,False,1,True,-1,isoattenuating,0,False,tail,mask_ring,0.928674,inside,False,True,44.1847,8.33893,10,70,1535,0.928674,1,85.5,79,85.5,79,100,98,100,98,100,98,100,98,-4,iso,-0.4826,True,0.445,,2.5-5,False,False,False,False,47,25,47,25,14,,14,,14,,14,,0,0.02,0,0.02
PanTS_00002585,1,3,train,Non-contrast,0.832031,0.832031,2.5,2,2.5,5724,9906.46,35.1243,20-40,False,1,True,-13,hypoattenuating,0.751111,True,head,mask_ring,0.325266,inside,False,True,1.66406,13.3232,10,228,883,0.325266,0.938679,32.5,0.5,32.5,0.5,27,0,27,0,27,0,27,0,-10,iso,-0.4189,False,0.995,44,1.5-2.5,False,False,False,False,7,19,7,19,5,34,5,34,5,34,5,34,0.73,1,0.73,1
PanTS_00002592,1,1,train,Non-contrast,0.759766,0.759766,5,2,5,461,1330.55,18.4427,10-20,False,1,True,6,isoattenuating,0.097561,True,head,mask_ring,0.356579,inside,False,True,35.4164,6.82308,6,48,1411,0.356579,1,67,9.5,67,9.5,38.5,25,38.5,25,67,9.5,67,9.5,8,iso,0.7097,False,0.865,,2.5-5,False,False,False,False,10,,10,,26,,26,,10,,10,,0.33,0.905,0.33,0.905
PanTS_00002593,1,3,train,Non-contrast,0.785156,0.785156,2.5,2,2.5,2585,3983.94,23.0687,20-40,False,1,True,-22,hypoattenuating,0.779372,True,head,mask_ring,0.232599,inside,False,True,0.785156,9.83425,10,105,998,0.232599,0.998839,24.5,4,24.5,4,32,5.5,32,5.5,32,5.5,32,5.5,-27,hypo,-2.327,False,0.925,,1.5-2.5,False,False,False,False,21,39,21,39,14,17,14,17,14,17,14,17,0.68,0.945,0.68,0.945
PanTS_00002597,1,4,train,Non-contrast,0.919922,0.919922,3.75,2,3.75,3666,11633.9,41.9146,>=40,False,1,True,10,isoattenuating,0.224972,True,head,mask_ring,0.179399,inside,False,True,18.0846,14.0566,10,239,825,0.179399,0.879433,0,27.5,0,27.5,0,27.5,0,27.5,0,27.5,0,27.5,11,hyper,1.144,False,0.875,34,2.5-5,False,False,False,False,14,16,14,16,10,7,10,7,10,7,10,7,1,0.725,1,0.725
PanTS_00002609,1,4,train,Venous,0.777344,0.777344,2.5,2,2.5,3810,5755.61,29.5093,20-40,False,1,True,18,hyperattenuating,0.719789,True,head,mask_ring,0.230341,inside,False,True,0,11.1173,10,154,1545,0.230341,1,68,75.5,68,75.5,81,79,81,79,81,79,81,79,11,hyper,0.626,False,0.175,7,1.5-2.5,True,False,True,False,5,4,5,4,2,5,2,5,2,5,2,5,0.19,0.21,0.19,0.21
PanTS_00002616,1,1,train,Venous,0.730469,0.730469,2.5,2,2.5,3364,4487.45,25.5554,20-40,False,1,True,7,isoattenuating,0,False,head,mask_ring,0.172749,inside,False,True,0,10.2322,10,129,2219,0.172749,1,54,39,54,39,19.5,63,19.5,63,19.5,63,19.5,63,8,iso,0.6703,True,1,,1.5-2.5,True,False,False,False,15,,15,,29,,29,,29,,29,,0.805,0.37,0.805,0.37
PanTS_00002628,1,2,train,Non-contrast,0.976562,0.976562,2.5,2,2.5,4809,11465.5,34.998,20-40,False,1,True,-5,isoattenuating,0.811182,True,head,mask_ring,0.143532,inside,False,True,0.976562,13.9884,10,213,1315,0.143532,0.881264,0.5,12.5,0.5,12.5,12.5,6,12.5,6,12.5,6,12.5,6,-8,iso,-0.5484,False,0.805,47,1.5-2.5,False,False,False,False,,24,,24,19,25,19,25,19,25,19,25,0.875,0.94,0.875,0.94
PanTS_00002643,1,3,train,Non-contrast,0.886719,0.886719,2.5,2,2.5,179,351.856,11.4914,10-20,False,1,True,-41,hypoattenuating,0,False,head,mask_ring,0.0850244,inside,False,True,17.5896,4.37951,6,14,1716,0.0850244,1,31,37.5,31,37.5,12,0.5,12,0.5,31,37.5,31,37.5,-48.5,hypo,-5.852,True,0.755,,1.5-2.5,False,False,False,False,,,,,,,,,,,,,0.69,0.625,0.69,0.625
PanTS_00002652,1,2,train,Non-contrast,0.824219,0.824219,2.5,2,2.5,4219,7165.3,40.3548,>=40,False,2,True,-41,hypoattenuating,0.140129,True,head,mask_ring,-0.0309947,abutting,False,True,29.9455,11.9596,10,40,1159,-0.0309947,0.194359,81.5,3,81.5,3,85.5,33,85.5,33,85.5,33,85.5,33,-44,hypo,-4.74,False,1,,1.5-2.5,False,False,False,False,9,,9,,4,35,4,35,4,35,4,35,0.145,0.67,0.145,0.67
PanTS_00002652,2,2,train,Non-contrast,0.824219,0.824219,2.5,2,2.5,1379,2342.01,24.392,20-40,False,2,False,6,isoattenuating,0.273987,True,head,mask_ring,0.273203,inside,False,True,10.2681,8.23822,10,74,1159,0.273203,1,12.5,29.5,12.5,29.5,88,21.5,88,21.5,88,21.5,88,21.5,11,hyper,1.185,False,0.905,,1.5-2.5,False,False,False,False,35,26,35,26,12,40,12,40,12,40,12,40,0.12,0.785,0.12,0.785
PanTS_00002677,1,2,train,Non-contrast,0.746094,0.746094,0.8,2,0.8,2635,1173.43,15.5312,10-20,False,1,True,-21,hypoattenuating,0.556831,True,head,mask_ring,0.122223,inside,False,False,,6.54319,6,35,1322,0.122223,1,40,19,40,19,86,51,86,51,40,19,40,19,-27,hypo,-1.101,False,0.775,,<=1.5,False,False,False,False,30,,30,,7,24,7,24,30,,30,,0.6,0.81,0.6,0.81
PanTS_00002686,1,2,train,Non-contrast,0.947266,0.947266,2.5,2,2.5,732,1642.08,22.1721,20-40,False,2,True,-37,hypoattenuating,0,False,tail,mask_ring,0.667666,inside,False,True,0.947266,7.31872,6,45,1157,0.667666,0.886612,85,59.5,85,59.5,68.5,42,68.5,42,85,59.5,85,59.5,-28,hypo,-2.484,True,0.9,,1.5-2.5,False,False,False,False,,19,,19,38,45,38,45,,19,,19,0.15,0.405,0.15,0.405
PanTS_00002686,2,2,train,Non-contrast,0.947266,0.947266,2.5,2,2.5,372,834.5,13.6842,10-20,False,2,False,-49,hypoattenuating,0,False,tail,mask_ring,0.914701,inside,False,True,21.8579,5.84045,6,37,1157,0.914701,1,89.5,73,89.5,73,97.5,48.5,97.5,48.5,89.5,73,89.5,73,-52,hypo,-4.613,True,0.855,,1.5-2.5,False,False,False,False,,,,,5,26,5,26,,,,,0.105,0.27,0.105,0.27
PanTS_00002720,1,0,train,Venous,0.878906,0.878906,5,2,5,189621,732388,147.43,>=40,False,1,True,5,isoattenuating,0,False,tail,mask_ring,1.54252,abutting,False,True,43.8381,55.9179,10,124,1688,1.54252,0.00653936,59,0.5,59,0.5,55.5,40.5,55.5,40.5,55.5,40.5,55.5,40.5,6,iso,0.6464,True,1,,2.5-5,True,False,False,False,7,50,7,50,6,11,6,11,6,11,6,11,0.445,0.595,0.445,0.595
PanTS_00002729,1,4,train,Non-contrast,0.785156,0.785156,1.25,2,1.25,17954,13835.1,40.1558,>=40,False,2,True,7,isoattenuating,0.859197,True,body,mask_ring,0.441258,inside,False,True,0.785156,14.8924,10,297,1078,0.441258,0.962125,100,39.5,100,39.5,5,0.5,5,0.5,5,0.5,5,0.5,8,iso,0.6895,False,0.965,33,<=1.5,False,False,False,False,1,10,1,10,6,37,6,37,6,37,6,37,0.95,0.995,0.95,0.995
PanTS_00002729,2,4,train,Non-contrast,0.785156,0.785156,1.25,2,1.25,10941,8431,35.3565,20-40,False,2,False,3,isoattenuating,0.572121,True,tail,mask_ring,0.938324,inside,False,True,0.785156,12.6259,10,227,1078,0.938324,1,57.5,67,57.5,67,11,100,11,100,11,100,11,100,8,iso,0.6895,False,0.975,,<=1.5,False,False,False,False,5,3,5,3,9,1,9,1,9,1,9,1,0.89,0,0.89,0
PanTS_00002734,1,3,train,Non-contrast,0.742188,0.742188,3,2,3,16911,27945.9,55.0738,>=40,False,1,True,-28,hypoattenuating,0.882608,True,tail,mask_ring,0.824757,inside,False,True,27.8512,18.8254,10,596,1475,0.824757,1,19,25,19,25,100,7,100,7,100,7,100,7,-26,hypo,-3.735,False,0.85,36,2.5-5,False,False,False,False,8,6,8,6,3,8,3,8,3,8,3,8,0,0.93,0,0.93
PanTS_00002741,1,4,train,Venous,0.708984,0.708984,2.5,2,2.5,7232,9088.06,33.4234,20-40,False,1,True,-12,hypoattenuating,0.349437,True,head,mask_ring,0.194118,inside,False,True,0,12.9458,10,228,999,0.194118,1,79.5,78,79.5,78,100,78.5,100,78.5,100,78.5,100,78.5,-13,hypo,-1.153,False,0.035,11,1.5-2.5,True,False,True,False,4,,4,,6,47,6,47,6,47,6,47,0,0.215,0,0.215
PanTS_00002750,1,4,train,Non-contrast,0.722656,0.722656,0.8,2,0.8,6286,2626.2,39.4828,20-40,False,2,True,-5,isoattenuating,0.181181,True,head,mask_ring,0.306201,inside,False,False,,8.5588,10,104,1310,0.306201,0.999523,48,56,48,56,100,91,100,91,100,91,100,91,-5,iso,-0.1959,False,0.065,3,<=1.5,False,False,False,False,16,43,16,43,1,50,1,50,1,50,1,50,0,0.09,0,0.09
PanTS_00002750,2,4,train,Non-contrast,0.722656,0.722656,0.8,2,0.8,2076,867.322,21.5522,20-40,False,2,False,-6,isoattenuating,0,False,body,mask_ring,0.648437,inside,False,False,,5.91603,6,37,1310,0.648437,0.998555,0,4.5,0,4.5,34.5,40,34.5,40,0,4.5,0,4.5,-12,hypo,-0.4701,True,0.82,,<=1.5,False,False,False,False,,,,,31,21,31,21,,,,,1,0.955,1,0.955
PanTS_00002759,1,2,train,Venous,0.78125,0.78125,5,2,5,23909,72964.5,66.6038,>=40,False,1,True,-1,isoattenuating,0.0379944,True,tail,mask_ring,0.732921,abutting,False,False,,25.9223,10,37,1675,0.732921,0.0150989,49,7,49,7,80.5,20.5,80.5,20.5,80.5,20.5,80.5,20.5,0,iso,0,False,1,,2.5-5,True,False,False,False,25,,25,,11,,11,,11,,11,,0.195,0.795,0.195,0.795
PanTS_00002779,1,1,train,Non-contrast,0.78125,0.78125,0.8,2,0.8,33984,16593.8,46.6586,>=40,False,1,True,4,isoattenuating,0.606501,True,head,mask_ring,0.214695,inside,False,False,,15.8229,10,328,1716,0.214695,0.85808,37,2,37,2,9,0,9,0,9,0,9,0,5,iso,0.09031,False,0.885,,<=1.5,False,False,False,False,7,,7,,26,,26,,26,,26,,0.91,1,0.91,1
PanTS_00002829,1,4,train,Venous,0.789063,0.789063,1.25,2,1.25,1688,1313.73,22.5215,20-40,False,1,True,-50,hypoattenuating,0.777341,True,head,mask_ring,0.206992,inside,False,True,10.3475,6.79421,6,47,1363,0.206992,1,22,47.5,22,47.5,75.5,68.5,75.5,68.5,22,47.5,22,47.5,-58,hypo,-5.644,False,0.715,,<=1.5,True,False,True,False,,28,,28,10,13,10,13,,28,,28,0.78,0.525,0.78,0.525
PanTS_00002849,1,0,train,Non-contrast,0.892,0.892,0.8,2,0.8,28507,18145.6,49.4408,>=40,False,1,True,21,hyperattenuating,0.796114,True,head,mask_ring,0.190466,inside,False,True,0.8,16.3015,10,445,829,0.190466,1,100,100,100,100,100,100,100,100,100,100,100,100,13,hyper,1.032,False,0,4,<=1.5,False,False,False,False,3,4,3,4,3,,3,,3,,3,,0,0,0,0
PanTS_00002855,1,3,train,Non-contrast,0.613281,0.613281,0.8,2,0.8,23969,7212.06,35.9609,20-40,False,1,True,,unknown,0,False,head,mask_ring,,inside,False,False,,11.9855,10,149,321,0.116561,0.912512,100,100,100,100,100,100,100,100,100,100,100,100,-3,iso,-0.2742,True,0.09,4,<=1.5,False,False,False,False,3,2,3,2,1,1,1,1,1,1,1,1,0,0,0,0
PanTS_00002859,1,3,train,Non-contrast,0.84375,0.84375,2,2,2,196,279.07,11.535,10-20,False,1,True,-14,hypoattenuating,0,False,head,mask_ring,0.364764,abutting,False,True,10.5878,4.05392,6,11,1798,0.364764,0.887755,65,55,65,55,62.5,26.5,62.5,26.5,65,55,65,55,-13.5,hypo,-1.273,True,0.665,,1.5-2.5,False,False,False,False,41,,41,,,,,,41,,41,,0.35,0.45,0.35,0.45
PanTS_00002866,1,2,train,Non-contrast,0.703125,0.703125,5,2,5,332,820.679,20.406,20-40,False,1,True,-30.5,hypoattenuating,0,False,head,mask_ring,0.271894,embedded,False,True,10.388,5.80802,6,11,1228,0.271894,0.512048,38.5,22,38.5,22,49.5,50,49.5,50,38.5,22,38.5,22,-43,hypo,-6.176,True,0.665,,2.5-5,False,False,False,False,,,,,,,,,,,,,0.615,0.78,0.615,0.78
PanTS_00002875,1,0,train,Arterial,0.791016,0.791016,1.25,2,1.25,56519,44205.4,70.2386,>=40,False,2,True,-1,isoattenuating,0.778905,True,head,mask_ring,0.300265,inside,False,True,1.11867,21.9346,10,826,1121,0.300265,0.952989,100,0,100,0,100,0,100,0,100,0,100,0,2,iso,0.1077,False,0.415,7,<=1.5,True,False,False,False,1,7,1,7,1,2,1,2,1,2,1,2,0,1,0,1
PanTS_00002875,2,0,train,Arterial,0.791016,0.791016,1.25,2,1.25,22,17.2069,5.53711,5-10,False,2,False,3,isoattenuating,0,False,head,mask_ring,0.166302,inside,False,True,53.7314,1.60154,6,0,1121,0.166302,1,,,,,,,,,,,,,5,iso,0.2693,True,0.365,,<=1.5,True,False,False,False,,,,,,,,,,,,,,,,
PanTS_00002888,1,2,train,Venous,0.707031,0.707031,2.5,2,2.5,5030,6286.15,39.7292,20-40,False,1,True,-69,hypoattenuating,0,False,head,mask_ring,0.395599,inside,False,True,1.58097,11.4489,10,166,1952,0.395599,1,89,69,89,69,76.5,93.5,76.5,93.5,76.5,93.5,76.5,93.5,-81,hypo,-7.882,True,0.94,,1.5-2.5,True,False,True,False,3,7,3,7,4,2,4,2,4,2,4,2,0.235,0.065,0.235,0.065
PanTS_00002889,1,3,train,Arterial,0.738281,0.738281,0.8,2,0.8,1997,870.786,23.8824,20-40,False,2,True,-4,isoattenuating,0,False,head,mask_ring,0.258025,embedded,False,False,,5.9239,6,37,1474,0.258025,1,73,34,73,34,81.5,75,81.5,75,73,34,73,34,-5,iso,-0.07579,True,0.045,4,<=1.5,True,False,False,False,15,37,15,37,7,12,7,12,15,37,15,37,0.27,0.66,0.27,0.66
PanTS_00002889,2,3,train,Arterial,0.738281,0.738281,0.8,2,0.8,1602,698.547,14.9151,10-20,False,2,False,-3,isoattenuating,0,False,head,mask_ring,0.216232,embedded,False,False,,5.5043,6,28,1474,0.216232,1,4,10.5,4,10.5,22.5,4.5,22.5,4.5,4,10.5,4,10.5,-4,iso,-0.06063,True,0.87,,<=1.5,True,False,False,False,,,,,34,,34,,,,,,0.96,0.895,0.96,0.895
PanTS_00002893,1,2,train,Non-contrast,0.824219,0.824219,2.5,2,2.5,3685,6258.39,30.061,20-40,False,1,True,5,isoattenuating,0.830971,True,body,mask_ring,0.170261,inside,False,True,3.39834,11.4321,10,160,1310,0.170261,1,52.5,100,52.5,100,92,100,92,100,92,100,92,100,0.5,iso,0.05027,False,0.4,,1.5-2.5,False,False,False,False,11,,11,,5,27,5,27,5,27,5,27,0.08,0,0.08,0
PanTS_00002898,1,1,train,Arterial,0.663,0.663,0.800002,2,0.800002,1110,390.338,26.3515,20-40,False,2,False,-24.5,hypoattenuating,0,False,body,mask_ring,0.621675,embedded,False,False,,4.53368,6,24,1180,0.621675,1,83,60,83,60,60.5,81,60.5,81,83,60,83,60,-23,hypo,-1.067,True,0.32,33,<=1.5,True,False,True,False,19,29,19,29,25,37,25,37,19,29,19,29,0.17,0.4,0.17,0.4
PanTS_00002898,2,1,train,Arterial,0.663,0.663,0.800002,2,0.800002,11520,4051.08,28.2105,20-40,False,2,True,-1,isoattenuating,0.705419,True,head,mask_ring,0.32776,inside,False,False,,9.88919,10,97,1180,0.32776,0.96849,76.5,78.5,76.5,78.5,55.5,51,55.5,51,55.5,51,55.5,51,-2,iso,-0.09281,False,0.875,,<=1.5,True,False,False,False,12,8,12,8,12,16,12,16,12,16,12,16,0.445,0.49,0.445,0.49
PanTS_00002905,1,2,train,Non-contrast,0.867188,0.867188,5,2,5,227,853.537,18.3804,10-20,False,1,True,-12,hypoattenuating,0,False,tail,mask_ring,0.706825,inside,False,True,67.5305,5.88452,6,37,1530,0.706825,1,33.5,24.5,33.5,24.5,48,45.5,48,45.5,33.5,24.5,33.5,24.5,-15.5,hypo,-1.732,True,0.635,,2.5-5,False,False,False,False,41,37,41,37,,,,,41,37,41,37,0.665,0.755,0.665,0.755
PanTS_00002906,1,3,train,Non-contrast,0.78125,0.78125,0.8,2,0.8,932,455.078,18.6968,10-20,False,1,True,-6,isoattenuating,0,False,head,mask_ring,0.0845872,inside,False,False,,4.77162,6,18,1590,0.0845872,0.997854,33,42.5,33,42.5,60,88.5,60,88.5,33,42.5,33,42.5,-8,iso,-0.4388,True,0.64,,<=1.5,False,False,False,False,,,,,,11,,11,,,,,0.67,0.575,0.67,0.575
PanTS_00002913,1,2,train,Venous,0.777344,0.777344,2.5,2,2.5,1823,2753.93,20.0361,20-40,False,1,True,20,hyperattenuating,0,False,head,mask_ring,0.313045,inside,False,True,0,8.69537,10,77,1505,0.313045,1,3,2,3,2,6,18.5,6,18.5,6,18.5,6,18.5,18,hyper,1.508,True,0.88,,1.5-2.5,True,False,True,False,,,,,,,,,,,,,0.94,0.815,0.94,0.815
PanTS_00002915,1,0,train,Arterial,1,1,1,2,1,1554,1554,27.5318,20-40,False,1,True,-34.0276,hypoattenuating,0,False,head,mask_ring,0.296979,inside,False,True,23.3452,7.18545,6,58,3810,0.296979,1,7,1.5,7,1.5,19,1,19,1,7,1.5,7,1.5,-28.99,hypo,-2.031,True,0.97,,<=1.5,True,False,True,False,,,,,,,,,,,,,0.93,0.985,0.93,0.985
PanTS_00002916,1,3,train,Arterial,0.785156,0.785156,0.8,2,0.8,175,86.3058,9.73774,5-10,False,1,True,-3,isoattenuating,0,False,head,mask_ring,0.25534,embedded,False,False,,2.74147,6,7,1771,0.25534,1,94,84,94,84,25,46,25,46,94,84,94,84,5.5,iso,0.2048,True,0.635,,<=1.5,True,False,False,False,21,34,21,34,,,,,21,34,21,34,0.06,0.16,0.06,0.16
PanTS_00002927,1,3,train,Non-contrast,0.664062,0.664062,2,2,2,9279,8183.68,28.9768,20-40,False,1,True,-16,hypoattenuating,0.86385,True,head,mask_ring,0.566821,inside,False,True,0.664062,12.5012,10,195,1325,0.566821,1,0,12,0,12,67.5,15.5,67.5,15.5,67.5,15.5,67.5,15.5,-15,hypo,-1.46,False,0.81,22,1.5-2.5,False,False,False,False,26,24,26,24,5,33,5,33,5,33,5,33,0.325,0.845,0.325,0.845
PanTS_00002930,1,2,train,Venous,0.898438,0.898438,2.5,2,2.5,588,1186.57,16.6289,10-20,False,1,True,-19,hypoattenuating,0,False,head,mask_ring,0.222867,inside,False,False,,6.56752,6,39,1414,0.222867,1,28,43.5,28,43.5,76,33,76,33,28,43.5,28,43.5,-28,hypo,-1.689,True,0.89,,1.5-2.5,True,True,False,False,35,26,35,26,11,28,11,28,35,26,35,26,0.72,0.565,0.72,0.565
PanTS_00002935,1,1,train,Non-contrast,1.5,1.5,1.5,2,1.5,94,317.25,17.3638,10-20,False,2,False,-8,isoattenuating,0,False,body,mask_ring,0.597942,embedded,False,False,,4.23095,6,15,1030,0.597942,0.968085,47.5,75.5,47.5,75.5,64.5,77.5,64.5,77.5,47.5,75.5,47.5,75.5,-6,iso,-0.4525,True,0.395,,<=1.5,False,False,False,False,,43,,43,,30,,30,,43,,43,0.525,0.245,0.525,0.245
PanTS_00002935,2,1,train,Non-contrast,1.5,1.5,1.5,2,1.5,5194,17529.8,43.2926,>=40,False,2,True,-3,isoattenuating,0,False,head,mask_ring,0.102759,inside,False,False,,16.115,10,262,1030,0.102759,0.764921,0,44.5,0,44.5,0,0,0,0,0,0,0,0,-4,iso,-0.3016,True,0.31,15,<=1.5,False,False,False,False,12,3,12,3,11,12,11,12,11,12,11,12,1,1,1,1
PanTS_00002936,1,4,train,Non-contrast,1.5,1.5,1.5,2,1.5,18112,61128,79.415,>=40,False,1,True,-13,hypoattenuating,0.572205,True,head,mask_ring,0.397349,abutting,False,True,3.3541,24.4371,10,792,1065,0.397349,0.645925,30,37,30,37,100,100,100,100,100,100,100,100,-13,hypo,-0.6224,False,0.155,1,<=1.5,False,False,False,False,6,4,6,4,4,2,4,2,4,2,4,2,0,0,0,0
PanTS_00002960,1,4,train,Non-contrast,0.597656,0.597656,1.5,2,1.5,2102,1126.23,15.8742,10-20,False,1,True,-3,isoattenuating,0,False,head,mask_ring,0.0825386,inside,False,True,23.6825,6.45425,6,39,1565,0.0825386,1,23.5,42,23.5,42,56.5,3.5,56.5,3.5,23.5,42,23.5,42,1,iso,0.4309,True,0.845,,<=1.5,False,False,False,False,31,,31,,19,,19,,31,,31,,0.765,0.58,0.765,0.58
PanTS_00002963,1,3,train,Non-contrast,0.742188,0.742188,0.8,2,0.8,1861,820.094,20.0992,20-40,False,6,True,-3,isoattenuating,0,False,head,mask_ring,0.0428988,embedded,False,True,42.9582,5.80664,6,26,1911,0.0428988,0.793659,40.5,15,40.5,15,88,73.5,88,73.5,40.5,15,40.5,15,0,iso,0,True,0.845,,<=1.5,False,False,False,False,,,,,,22,,22,,,,,0.595,0.85,0.595,0.85
PanTS_00002963,2,3,train,Non-contrast,0.742188,0.742188,0.8,2,0.8,1100,484.741,15.5475,10-20,False,6,False,-10,isoattenuating,0.0576102,True,head,mask_ring,0.0687474,embedded,False,True,35.1123,4.87312,6,19,1911,0.0687474,0.859091,53.5,14.5,53.5,14.5,36.5,47,36.5,47,53.5,14.5,53.5,14.5,-8,iso,-0.2343,False,0.785,,<=1.5,False,False,False,False,,,,,,,,,,,,,0.465,0.855,0.465,0.855
PanTS_00002963,3,3,train,Non-contrast,0.742188,0.742188,0.8,2,0.8,3,1.32202,1.6,<5,True,6,False,13,hyperattenuating,0,False,head,mask_ring,0.0646872,embedded,False,True,50.6069,0.680848,6,0,1911,0.0646872,1,,,,,,,,,,,,,13,hyper,0.3807,True,0.965,,<=1.5,False,False,False,False,,,,,,,,,,,,,,,,
PanTS_00002963,4,3,train,Non-contrast,0.742188,0.742188,0.8,2,0.8,8,3.52539,2.51214,<5,True,6,False,47,hyperattenuating,0,False,head,pc1_boundary,0.114439,embedded,False,True,39.7126,0.944147,6,0,1911,0.114439,1,,,,,,,,,,,,,47,hyper,1.376,True,0.885,,<=1.5,False,False,False,False,,,,,,,,,,,,,,,,
PanTS_00002963,5,3,train,Non-contrast,0.742188,0.742188,0.8,2,0.8,88,38.7793,6.73948,5-10,False,6,False,-24.5,hypoattenuating,0,False,head,mask_ring,0.205777,embedded,False,True,34.9389,2.09976,6,6,1911,0.205777,1,78,75.5,78,75.5,95,97.5,95,97.5,78,75.5,78,75.5,-29.5,hypo,-0.8639,True,0.06,,<=1.5,False,False,False,False,,,,,12,10,12,10,,,,,0.22,0.245,0.22,0.245
PanTS_00002963,6,3,train,Non-contrast,0.742188,0.742188,0.8,2,0.8,30,13.2202,4.61396,<5,False,6,False,-0.5,isoattenuating,0,False,head,pc1_boundary,0.264402,abutting,False,True,31.2456,1.46684,6,1,1911,0.264402,0.833333,63.5,59.5,63.5,59.5,84,89,84,89,63.5,59.5,63.5,59.5,-0.5,iso,-0.01464,True,0.935,,<=1.5,False,False,False,False,,,,,,,,,,,,,0.365,0.405,0.365,0.405
PanTS_00002993,1,1,train,Arterial,0.8125,0.8125,1.25,2,1.25,17294,14270.9,37.9795,20-40,False,1,True,-18,hypoattenuating,0.762045,True,head,mask_ring,-0.0548161,inside,False,True,3.25,15.0472,10,315,1147,-0.0548161,0.999075,20.5,26.5,20.5,26.5,0,19.5,0,19.5,0,19.5,0,19.5,-17,hypo,-0.7326,False,0.92,28,<=1.5,True,False,True,False,5,8,5,8,11,10,11,10,11,10,11,10,1,0.805,1,0.805
PanTS_00003012,1,0,train,Non-contrast,5,0.824219,0.824219,0,5,632,2146.7,26.3595,20-40,False,6,False,5,isoattenuating,0,False,tail,mask_ring,0.979245,embedded,False,True,111.2,8.00254,10,43,1141,0.979245,0.593354,100,63.5,100,63.5,68,46,68,46,68,46,68,46,2.5,iso,0.1934,True,0.99,,2.5-5,False,False,False,False,1,11,1,11,15,,15,,15,,15,,0.32,0.54,0.32,0.54
PanTS_00003012,2,0,train,Non-contrast,5,0.824219,0.824219,0,5,2298,7805.58,48.3825,>=40,False,6,True,-3,isoattenuating,0,False,tail,mask_ring,0.693734,abutting,False,True,63.3149,12.3057,10,7,1141,0.693734,0.0113142,85.5,76,85.5,76,99,81,99,81,99,81,99,81,-13,hypo,-1.005,True,1,,2.5-5,False,False,False,False,28,23,28,23,5,25,5,25,5,25,5,25,0.01,0.19,0.01,0.19
PanTS_00003012,3,0,train,Non-contrast,5,0.824219,0.824219,0,5,109,370.238,11.4504,10-20,False,6,False,-20,hypoattenuating,0,False,tail,mask_ring,0.865875,abutting,False,True,103.415,4.45449,6,5,1141,0.865875,0,91.5,20,91.5,20,55,46.5,55,46.5,91.5,20,91.5,20,-25,hypo,-1.934,True,0.955,,2.5-5,False,False,False,False,17,,17,,,,,,17,,17,,0.085,0.8,0.085,0.8
PanTS_00003012,4,0,train,Non-contrast,5,0.824219,0.824219,0,5,128,434.775,11.824,10-20,False,6,False,-33,hypoattenuating,0,False,body,pc1_boundary,0.6706,separated,True,True,91.8411,4.69958,6,0,1141,0.6706,0,,,,,,,,,,,,,-31.5,hypo,-2.436,True,,,2.5-5,False,False,False,False,,,,,,,,,,,,,,,,
PanTS_00003012,5,0,train,Non-contrast,5,0.824219,0.824219,0,5,1583,5376.95,42.4917,>=40,False,6,False,-3,isoattenuating,0,False,body,pc1_boundary,0.438273,separated,True,True,67.431,10.868,10,0,1141,0.438273,0,,,,,,,,,,,,,-7,iso,-0.5414,True,,,2.5-5,False,False,False,False,,,,,,,,,,,,,,,,
PanTS_00003012,6,0,train,Non-contrast,5,0.824219,0.824219,0,5,471,1599.84,19.3437,10-20,False,6,False,-42,hypoattenuating,0,False,body,pc1_boundary,0.419057,separated,True,True,93.6931,7.25542,6,0,1141,0.419057,0,,,,,,,,,,,,,-56,hypo,-4.331,True,,,2.5-5,False,False,False,False,,,,,,,,,,,,,,,,
PanTS_00003024,1,1,train,Arterial,1,1,1,2,1,105,105,7.34847,5-10,False,4,False,-3.02129,isoattenuating,0,False,head,mask_ring,0.282467,inside,False,True,78.1985,2.92662,6,6,5924,0.282467,1,23,5.5,23,5.5,7,5,7,5,23,5.5,23,5.5,-10.48,hypo,-1.088,True,0.745,,<=1.5,True,False,False,False,,,,,,,,,,,,,0.77,0.945,0.77,0.945
PanTS_00003024,2,1,train,Arterial,1,1,1,2,1,243,243,17.8326,10-20,False,4,True,-41.0163,hypoattenuating,0,False,tail,pc1_boundary,0.759567,inside,False,True,13.4164,3.87114,6,16,5924,0.759567,1,82,73,82,73,92,72.5,92,72.5,82,73,82,73,-47.5,hypo,-4.932,True,0.595,,<=1.5,True,True,False,False,,,,,28,,28,,,,,,0.18,0.27,0.18,0.27
PanTS_00003024,3,1,train,Arterial,1,1,1,2,1,3,3,2,<5,True,4,False,-40.0092,hypoattenuating,0,False,tail,pc1_boundary,0.742881,inside,False,True,16.4012,0.8947,6,0,5924,0.742881,1,,,,,,,,,,,,,-40.99,hypo,-4.255,True,0.52,,<=1.5,True,False,False,False,,,,,,,,,,,,,,,,
PanTS_00003024,4,1,train,Arterial,1,1,1,2,1,6,6,2.23607,<5,True,4,False,-62.5162,hypoattenuating,0,False,tail,pc1_boundary,0.750384,inside,False,True,17.72,1.12725,6,2,5924,0.750384,1,90,69,90,69,84.5,68.5,84.5,68.5,90,69,90,69,-63.49,hypo,-6.592,True,0.485,,<=1.5,True,False,False,False,,,,,,,,,,,,,0.1,0.31,0.1,0.31
PanTS_00003029,1,3,train,Arterial,1.5,1.5,1.5,2,1.5,90,303.75,13.2476,10-20,False,1,True,-8,isoattenuating,0.0445434,True,head,mask_ring,0.0679365,inside,False,True,12.1861,4.17006,6,16,1700,0.0679365,1,56.5,47.5,56.5,47.5,10.5,52.5,10.5,52.5,56.5,47.5,56.5,47.5,-5,iso,-0.29,False,0.695,,<=1.5,True,False,False,False,38,,38,,,,,,38,,38,,0.435,0.525,0.435,0.525
PanTS_00003033,1,0,train,Venous,0.876953,0.876953,0.7,2,0.7,2167,1166.57,17.1118,10-20,False,1,True,-1,isoattenuating,0,False,head,mask_ring,0.28597,inside,False,True,5.38003,6.53041,6,40,1884,0.28597,1,34,21,34,21,32,4,32,4,34,21,34,21,-1,iso,-0.07357,True,0.595,,<=1.5,True,False,False,False,,,,,44,,44,,,,,,0.66,0.79,0.66,0.79
PanTS_00003038,1,2,train,Venous,0.927734,0.927734,2.5,2,2.5,1748,3761.22,25.0004,20-40,False,1,True,1,isoattenuating,0.589227,True,head,mask_ring,0.2117,inside,False,True,34.3539,9.64747,10,101,1739,0.2117,1,12.5,3.5,12.5,3.5,69.5,13,69.5,13,69.5,13,69.5,13,0,iso,0,False,0.86,,1.5-2.5,True,False,False,False,28,,28,,19,33,19,33,19,33,19,33,0.305,0.87,0.305,0.87
PanTS_00003051,1,2,train,Non-contrast,0.716797,0.716797,0.8,2,0.8,5239,2153.43,24.1564,20-40,False,1,True,0,isoattenuating,0,False,head,mask_ring,0.0209324,abutting,False,False,,8.01089,10,43,1844,0.0209324,0.599924,60.5,1.5,60.5,1.5,66.5,29,66.5,29,66.5,29,66.5,29,-1,iso,-0.02186,True,0.995,,<=1.5,False,False,False,False,26,,26,,20,,20,,20,,20,,0.335,0.71,0.335,0.71
PanTS_00003072,1,2,train,Arterial,0.703125,0.703125,0.8,2,0.8,768,303.75,12.2319,10-20,False,2,True,-13,hypoattenuating,0.000673401,True,head,mask_ring,0.297638,inside,False,False,,4.17006,6,16,855,0.297638,1,97.5,98,97.5,98,95.5,97,95.5,97,97.5,98,97.5,98,-17,hypo,-0.5342,False,0.01,,<=1.5,True,True,False,False,,,,,,,,,,,,,0.025,0.02,0.025,0.02
PanTS_00003072,2,2,train,Arterial,0.703125,0.703125,0.8,2,0.8,173,68.4229,10.5376,10-20,False,2,False,-5,isoattenuating,0,False,head,mask_ring,0.79336,embedded,False,False,,2.53729,6,6,855,0.79336,1,88.5,10.5,88.5,10.5,88,72,88,72,88.5,10.5,88.5,10.5,-23.5,hypo,-0.7384,True,0.935,,<=1.5,True,True,False,False,18,,18,,10,23,10,23,18,,18,,0.115,0.895,0.115,0.895
PanTS_00003079,1,0,train,Non-contrast,0.761719,0.761719,3,2,3,11028,19195.8,46.1751,>=40,False,1,True,-13,hypoattenuating,0.528948,True,tail,mask_ring,0.89238,inside,False,True,13.7109,16.6101,10,441,1815,0.89238,0.995738,100,100,100,100,100,100,100,100,100,100,100,100,-15,hypo,-1.331,False,0.985,44,2.5-5,False,False,False,False,1,1,1,1,1,1,1,1,1,1,1,1,0,0,0,0
PanTS_00003082,1,2,train,Venous,0.765625,0.765625,2.5,2,2.5,5039,7384.42,31.0758,20-40,False,1,True,-23,hypoattenuating,0.586576,True,tail,mask_ring,0.76506,inside,False,True,0,12.0803,10,181,1234,0.76506,1,3.5,47.5,3.5,47.5,74,54.5,74,54.5,74,54.5,74,54.5,-20,hypo,-1.676,False,0.995,,1.5-2.5,True,False,True,False,23,5,23,5,9,8,9,8,9,8,9,8,0.26,0.455,0.26,0.455
PanTS_00003084,1,2,train,Non-contrast,0.66,0.66,5,2,5,743,1618.25,16.8858,10-20,False,1,True,10,isoattenuating,0,False,head,mask_ring,0.348508,inside,False,True,1.32,7.28315,6,49,1136,0.348508,0.994616,86.5,79,86.5,79,60,78.5,60,78.5,86.5,79,86.5,79,14,hyper,1.836,True,0.655,,2.5-5,False,False,False,False,13,6,13,6,12,,12,,13,6,13,6,0.135,0.21,0.135,0.21
PanTS_00003113,1,0,train,Venous,0.632812,0.632812,5,2,5,2467,4939.56,31.0898,20-40,False,1,True,-13,hypoattenuating,0.565062,True,head,mask_ring,0.184656,inside,False,True,5,10.5649,10,144,1533,0.184656,1,6.5,77.5,6.5,77.5,8.5,54.5,8.5,54.5,8.5,54.5,8.5,54.5,-6,iso,-1.131,False,0.63,,2.5-5,True,False,False,False,31,5,31,5,25,13,25,13,25,13,25,13,0.915,0.455,0.915,0.455
PanTS_00003127,1,2,train,Arterial,0.78125,0.78125,5,2,5,298,909.424,13.8182,10-20,False,2,False,-5,isoattenuating,0,False,tail,mask_ring,0.918319,inside,False,True,94.0729,6.01025,6,35,1331,0.918319,1,53.5,47.5,53.5,47.5,67.5,44.5,67.5,44.5,53.5,47.5,53.5,47.5,4,iso,0.4826,True,0.935,,2.5-5,True,False,False,False,38,27,38,27,16,24,16,24,38,27,38,27,0.465,0.525,0.465,0.525
PanTS_00003127,2,2,train,Arterial,0.78125,0.78125,5,2,5,1221,3726.2,21.6219,20-40,False,2,True,-4,isoattenuating,0.273951,True,tail,mask_ring,0.641129,inside,False,True,49.2683,9.61743,10,96,1331,0.641129,1,2,5.5,2,5.5,23.5,8,23.5,8,23.5,8,23.5,8,-6,iso,-0.7239,False,0.965,,2.5-5,True,False,False,False,50,,50,,,30,,30,,30,,30,0.765,0.92,0.765,0.92
PanTS_00003128,1,2,train,Arterial,0.742188,0.742188,3,2,3,16016,26466.9,55.5668,>=40,False,1,True,-29,hypoattenuating,0.494867,True,tail,mask_ring,0.829345,inside,False,True,28.6314,18.4872,10,587,1493,0.829345,1,11,11.5,11,11.5,4.5,15,4.5,15,4.5,15,4.5,15,-27,hypo,-1.986,False,0.62,31,2.5-5,True,False,False,True,7,7,7,7,8,11,8,11,8,11,8,11,0.955,0.85,0.955,0.85
PanTS_00003130,1,4,train,Venous,0.78125,0.78125,5,2,5,1456,4443.36,32.2019,20-40,False,2,False,-6,isoattenuating,0,False,tail,mask_ring,0.894526,inside,False,True,81.3515,10.1986,10,127,1136,0.894526,1,68.5,18.5,68.5,18.5,82.5,26,82.5,26,82.5,26,82.5,26,-11,hypo,-1.144,True,0.875,,2.5-5,True,False,True,False,7,,7,,4,22,4,22,4,22,4,22,0.175,0.74,0.175,0.74
PanTS_00003130,2,4,train,Venous,0.78125,0.78125,5,2,5,2976,9082.03,36.3848,20-40,False,2,True,-19,hypoattenuating,0.0782918,True,head,mask_ring,0.0703355,inside,False,True,5,12.9429,10,209,1136,0.0703355,0.953965,18.5,0,18.5,0,62.5,1,62.5,1,62.5,1,62.5,1,-22,hypo,-2.288,False,0.67,44,2.5-5,True,False,True,False,15,31,15,31,8,47,8,47,8,47,8,47,0.375,0.99,0.375,0.99
PanTS_00003147,1,2,train,Venous,0.613281,0.613281,2.5,2,2.5,6002,5643.58,24.8014,20-40,False,1,True,-109,hypoattenuating,0.893817,True,head,mask_ring,0.33901,inside,False,True,3.10403,11.0447,10,152,831,0.33901,1,100,100,100,100,100,100,100,100,100,100,100,100,-113,hypo,-16.23,False,0.985,,1.5-2.5,True,False,True,False,2,2,2,2,2,2,2,2,2,2,2,2,0,0,0,0
PanTS_00003148,1,1,train,Non-contrast,0.78125,0.78125,0.8,2,0.8,1617,789.551,18.4633,10-20,False,1,True,17,hyperattenuating,0,False,head,mask_ring,0.250486,inside,False,True,3.22578,5.73364,6,28,2711,0.250486,1,22,8.5,22,8.5,30.5,50,30.5,50,22,8.5,22,8.5,22,hyper,0.626,True,0.62,,<=1.5,False,False,False,False,,,,,,37,,37,,,,,0.78,0.915,0.78,0.915
PanTS_00003151,1,0,train,Non-contrast,0.882812,0.882812,5,2,5,14115,55003.1,103.487,>=40,False,1,True,-69,hypoattenuating,0.468136,True,tail,mask_ring,1.24477,abutting,False,True,0.882812,23.5921,10,12,1587,1.24477,0.00453418,100,100,100,100,100,100,100,100,100,100,100,100,-70,hypo,-10.05,False,0.545,4,2.5-5,False,False,False,False,,,,,,,,,,,,,0,0,0,0
PanTS_00003153,1,2,train,Non-contrast,0.976562,0.976562,3,2,3,136,389.099,18.2681,10-20,False,3,False,-36,hypoattenuating,0,False,head,mask_ring,0.376935,abutting,False,True,10.959,4.52888,6,10,2906,0.376935,0.338235,85,57.5,85,57.5,77,50,77,50,85,57.5,85,57.5,-31,hypo,-4.066,True,0.51,,2.5-5,False,False,False,False,,,,,45,,45,,,,,,0.15,0.425,0.15,0.425
PanTS_00003153,2,2,train,Non-contrast,0.976562,0.976562,3,2,3,1586,4537.58,34.7252,20-40,False,3,True,-62,hypoattenuating,0,False,body,mask_ring,0.492443,abutting,False,True,16.9919,10.2702,10,6,2906,0.492443,0.0157629,97.5,71.5,97.5,71.5,82.5,84.5,82.5,84.5,82.5,84.5,82.5,84.5,-70,hypo,-9.18,True,0.775,,2.5-5,False,False,False,False,11,,11,,43,37,43,37,43,37,43,37,0.175,0.155,0.175,0.155
PanTS_00003153,3,2,train,Non-contrast,0.976562,0.976562,3,2,3,600,1716.61,22.7441,20-40,False,3,False,-52,hypoattenuating,0,False,body,mask_ring,0.599807,abutting,False,True,36.4996,7.42782,6,7,2906,0.599807,0.04,35.5,32.5,35.5,32.5,83.5,36.5,83.5,36.5,35.5,32.5,35.5,32.5,-70,hypo,-9.18,True,0.92,,2.5-5,False,False,False,False,,,,,35,,35,,,,,,0.645,0.675,0.645,0.675
PanTS_00003160,1,0,train,Non-contrast,1.5,1.5,1.5,2,1.5,762,2571.75,25.9374,20-40,False,1,True,0,isoattenuating,0,False,head,mask_ring,0.162888,inside,False,True,21.1069,8.49924,10,79,1584,0.162888,0.993438,94.5,40.5,94.5,40.5,97.5,82,97.5,82,97.5,82,97.5,82,-2,iso,-0.232,True,1,,<=1.5,False,False,False,False,3,22,3,22,,36,,36,,36,,36,0.025,0.18,0.025,0.18
PanTS_00003161,1,2,train,Venous,0.756,0.756,0.8,2,0.8,471,215.355,13.555,10-20,False,3,False,-3,isoattenuating,0,False,head,mask_ring,0.0405864,inside,False,True,27.1976,3.71839,6,14,1275,0.0405864,1,74.5,17,74.5,17,10.5,1,10.5,1,74.5,17,74.5,17,-12,hypo,-1.293,True,0.63,,<=1.5,True,True,False,False,,,,,,,,,,,,,0.255,0.83,0.255,0.83
PanTS_00003161,2,2,train,Venous,0.756,0.756,0.8,2,0.8,69,31.5488,6.81711,5-10,False,3,False,719,hyperattenuating,0,False,head,mask_ring,0.092951,inside,False,True,21.9141,1.96019,6,5,1275,0.092951,1,95,100,95,100,76.5,95.5,76.5,95.5,95,100,95,100,697.5,hyper,75.14,True,0.565,,<=1.5,True,False,False,False,21,,21,,50,6,50,6,21,,21,,0.05,0,0.05,0
PanTS_00003161,3,2,train,Venous,0.756,0.756,0.8,2,0.8,20043,9164.24,48.383,>=40,False,3,True,-19,hypoattenuating,0.497876,True,head,mask_ring,0.303143,inside,False,True,0.8,12.9818,10,268,1275,0.303143,0.998553,38.5,71,38.5,71,53.5,73.5,53.5,73.5,53.5,73.5,53.5,73.5,-19,hypo,-2.047,False,0.785,,<=1.5,True,False,False,True,9,5,9,5,5,7,5,7,5,7,5,7,0.465,0.265,0.465,0.265
PanTS_00003162,1,0,train,Non-contrast,0.865234,0.865234,5,2,5,497,1860.35,23.4341,20-40,False,1,True,-5,isoattenuating,0.409171,True,body,mask_ring,0.703312,inside,False,True,34.7664,7.6296,6,70,2175,0.703312,1,45,35,45,35,0.5,7.5,0.5,7.5,45,35,45,35,-8.5,iso,-0.5827,False,0.325,,2.5-5,False,False,False,False,,,,,,,,,,,,,0.55,0.65,0.55,0.65
PanTS_00003187,1,2,train,Non-contrast,0.658203,0.658203,0.801501,2,0.801501,6269,2176.82,40.7489,>=40,False,5,True,-1,isoattenuating,0,False,head,mask_ring,0.184428,embedded,False,False,,8.03979,10,54,1027,0.184428,0.525762,100,28.5,100,28.5,51,61.5,51,61.5,51,61.5,51,61.5,-4,iso,-0.2155,True,0.98,,<=1.5,False,False,False,False,1,26,1,26,15,12,15,12,15,12,15,12,0.49,0.385,0.49,0.385
PanTS_00003187,2,2,train,Non-contrast,0.658203,0.658203,0.801501,2,0.801501,2470,857.671,21.2736,20-40,False,5,False,-12,hypoattenuating,0,False,head,mask_ring,0.221014,abutting,False,False,,5.89401,6,16,1027,0.221014,0.404049,58.5,3,58.5,3,47,26,47,26,58.5,3,58.5,3,-9,iso,-0.4848,True,0.75,,<=1.5,False,False,False,False,39,,39,,,,,,39,,39,,0.415,0.97,0.415,0.97
PanTS_00003187,3,2,train,Non-contrast,0.658203,0.658203,0.801501,2,0.801501,236,81.9475,8.91328,5-10,False,5,False,0,isoattenuating,0,False,head,mask_ring,0.281685,inside,False,False,,2.69453,6,6,1027,0.281685,1,89.5,8.5,89.5,8.5,62.5,43.5,62.5,43.5,89.5,8.5,89.5,8.5,-3.5,iso,-0.1885,True,0.81,,<=1.5,False,False,False,False,25,,25,,,,,,25,,25,,0.105,0.915,0.105,0.915
PanTS_00003187,4,2,train,Non-contrast,0.658203,0.658203,0.801501,2,0.801501,12,4.16682,2.81918,<5,True,5,False,8,isoattenuating,0,False,head,mask_ring,0.339083,inside,False,False,,0.998249,6,1,1027,0.339083,1,56,9.5,56,9.5,78,54,78,54,56,9.5,56,9.5,8,iso,0.4309,True,0.82,,<=1.5,False,False,False,False,,,,,,,,,,,,,0.44,0.905,0.44,0.905
PanTS_00003187,5,2,train,Non-contrast,0.658203,0.658203,0.801501,2,0.801501,293,101.74,10.0768,10-20,False,5,False,-12,hypoattenuating,0,False,head,mask_ring,0.381388,inside,False,False,,2.89602,6,7,1027,0.381388,1,79,61,79,61,77,82,77,82,79,61,79,61,-33,hypo,-1.778,True,0.71,,<=1.5,False,False,False,False,,,,,23,26,23,26,,,,,0.21,0.39,0.21,0.39
PanTS_00003188,1,1,train,,0.84375,0.84375,1.25,2,1.25,9503,8456.65,44.5688,>=40,False,1,True,-37,hypoattenuating,0.112882,True,tail,mask_ring,0.900802,inside,False,True,0,12.6387,10,209,1740,0.900802,1,100,55,100,55,0.5,76,0.5,76,0.5,76,0.5,76,-33,hypo,-3.432,False,0.99,,<=1.5,False,False,False,False,1,30,1,30,15,5,15,5,15,5,15,5,0.995,0.24,0.995,0.24
PanTS_00003192,1,4,train,Venous,0.878906,0.878906,2.5,2,2.5,3733,7209.13,37.0508,20-40,False,1,True,25,hyperattenuating,0.531564,True,head,mask_ring,0.118933,inside,False,True,5,11.9839,10,188,855,0.118933,1,0,0,0,0,0,0,0,0,0,0,0,0,18,hyper,0.8757,False,0.13,7,1.5-2.5,True,False,True,False,36,21,36,21,18,18,18,18,18,18,18,18,1,1,1,1
PanTS_00003202,1,1,train,Non-contrast,0.888672,0.888672,3.75,2,3.75,1898,5620.96,33.4173,20-40,False,1,True,10,isoattenuating,0,False,tail,mask_ring,0.773673,inside,False,True,13.0246,11.03,10,153,1602,0.773673,1,24.5,4.5,24.5,4.5,75.5,73.5,75.5,73.5,75.5,73.5,75.5,73.5,14,hyper,1.141,True,0.98,,2.5-5,False,False,False,False,36,,36,,8,29,8,29,8,29,8,29,0.245,0.265,0.245,0.265
PanTS_00003205,1,4,train,Arterial,0.628906,0.628906,0.8,2,0.8,26927,8520.2,34.4585,20-40,False,1,True,8,isoattenuating,0.602016,True,head,mask_ring,-0.0138339,abutting,False,True,5.29514,12.6703,10,32,291,-0.0138339,0.134809,15,0,15,0,93.5,0,93.5,0,93.5,0,93.5,0,4,iso,0.3175,False,0.94,46,<=1.5,True,False,False,False,17,17,17,17,2,4,2,4,2,4,2,4,0.065,1,0.065,1
PanTS_00003229,1,2,train,Venous,0.775391,0.775391,1.25,2,1.25,18616,13990.6,45.7644,>=40,False,1,True,6,isoattenuating,0,False,head,mask_ring,0.248806,inside,False,True,0.775391,14.948,10,326,1254,0.248806,1,27,1.5,27,1.5,48.5,26.5,48.5,26.5,48.5,26.5,48.5,26.5,6,iso,0.3694,True,0.265,4,<=1.5,True,False,False,False,5,22,5,22,5,8,5,8,5,8,5,8,0.515,0.735,0.515,0.735
PanTS_00003246,1,2,train,Venous,0.976562,0.976562,2.5,2,2.5,4020,9584.42,34.6171,20-40,False,1,True,-9,isoattenuating,0.804405,True,head,mask_ring,0.172118,inside,False,True,6.34498,13.1773,10,241,1660,0.172118,1,7.5,0,7.5,0,0,0,0,0,0,0,0,0,-13,hypo,-0.5683,False,0.91,,1.5-2.5,True,False,True,False,21,,21,,46,46,46,46,46,46,46,46,1,1,1,1
PanTS_00003258,1,2,train,Venous,5,0.921875,0.921875,0,5,243,1032.57,19.63,10-20,False,3,False,-34,hypoattenuating,0.316802,True,tail,mask_ring,0.753006,inside,False,False,,6.27014,6,46,1184,0.753006,1,56,29.5,56,29.5,43.5,33.5,43.5,33.5,56,29.5,56,29.5,-33,hypo,-4.148,False,0.815,,2.5-5,True,True,False,False,,23,,23,,25,,25,,23,,23,0.44,0.705,0.44,0.705
PanTS_00003258,2,2,train,Venous,5,0.921875,0.921875,0,5,366,1555.23,26.2276,20-40,False,3,True,-27,hypoattenuating,0.100233,True,tail,pc1_boundary,0.706746,separated,True,False,,7.18735,6,0,1184,0.706746,0,,,,,,,,,,,,,-25,hypo,-3.142,False,,,2.5-5,True,False,True,False,,,,,,,,,,,,,,,,
PanTS_00003258,3,2,train,Venous,5,0.921875,0.921875,0,5,288,1223.79,17.3552,10-20,False,3,False,-26,hypoattenuating,0.0752941,True,body,pc1_boundary,0.619772,separated,True,False,,6.63548,6,0,1184,0.619772,0,,,,,,,,,,,,,-32,hypo,-4.022,False,,,2.5-5,True,True,False,False,,,,,,,,,,,,,,,,
PanTS_00003260,1,3,train,Venous,0.683594,0.683594,0.8,2,0.8,4689,1752.94,44.1537,>=40,False,1,True,-11,hypoattenuating,0,False,head,mask_ring,0.373318,abutting,False,False,,7.47984,6,20,588,0.373318,0.277245,66,63,66,63,3,49,3,49,66,63,66,63,-10,iso,-0.7357,True,0.82,36,<=1.5,True,False,False,False,12,9,12,9,,,,,12,9,12,9,0.34,0.37,0.34,0.37
PanTS_00003265,1,3,train,Non-contrast,0.78125,0.78125,0.8,2,0.8,272,132.813,11.0728,10-20,False,1,True,10,isoattenuating,0,False,head,mask_ring,0.114898,inside,False,True,13.7774,3.16507,6,11,2880,0.114898,1,11.5,2,11.5,2,38,0.5,38,0.5,11.5,2,11.5,2,10.5,hyper,0.1694,True,0.37,,<=1.5,False,False,False,False,,,,,,,,,,,,,0.885,0.98,0.885,0.98
PanTS_00003270,1,0,train,Venous,0.785156,0.785156,0.7,2,0.7,15893,6858.29,32.6738,20-40,False,1,True,15,hyperattenuating,0.780945,True,head,mask_ring,0.152268,inside,False,True,1.89007,11.7863,10,188,1111,0.152268,1,6,5.5,6,5.5,26.5,0.5,26.5,0.5,26.5,0.5,26.5,0.5,17,hyper,1.972,False,0.875,,<=1.5,True,False,True,False,15,18,15,18,9,41,9,41,9,41,9,41,0.735,0.995,0.735,0.995
PanTS_00003276,1,3,train,Venous,0.976562,0.976562,2.5,2,2.5,2757,6573.19,33.724,20-40,False,1,True,-7,isoattenuating,0.680997,True,head,mask_ring,0.238485,inside,False,True,2.18366,11.6206,10,173,1187,0.238485,1,8,42.5,8,42.5,33.5,64.5,33.5,64.5,33.5,64.5,33.5,64.5,-12,hypo,-0.5656,False,0.845,,1.5-2.5,True,False,True,False,16,,16,,14,,14,,14,,14,,0.665,0.355,0.665,0.355
PanTS_00003280,1,1,train,Venous,0.859375,0.859375,7.5,2,7.5,535,2963.33,39.1008,20-40,False,1,True,-31,hypoattenuating,0,False,tail,mask_ring,0.709529,inside,False,True,73.3853,8.9104,10,90,1620,0.709529,0.95514,67.5,78,67.5,78,84.5,90.5,84.5,90.5,84.5,90.5,84.5,90.5,-36,hypo,-4.721,True,0.825,,>5,True,False,True,False,9,,9,,5,4,5,4,5,4,5,4,0.155,0.095,0.155,0.095
PanTS_00003287,1,0,train,Venous,0.822266,0.822266,2.5,2,2.5,1812,3062.83,24.9535,20-40,False,1,True,13,hyperattenuating,0,False,head,mask_ring,0.156429,inside,False,True,0.822266,9.00903,10,94,473,0.156429,1,3,3,3,3,28,24.5,28,24.5,28,24.5,28,24.5,8,iso,0.7097,True,0.075,16,1.5-2.5,True,False,False,False,20,18,20,18,14,20,14,20,14,20,14,20,0.72,0.755,0.72,0.755
PanTS_00003292,1,3,train,Arterial,0.976562,0.976562,2.5,2,2.5,4341,10349.7,32.3297,20-40,False,1,True,-17,hypoattenuating,0.759818,True,tail,mask_ring,0.860587,inside,False,True,65.0285,13.5191,10,239,2486,0.860587,1,100,77.5,100,77.5,42.5,0.5,42.5,0.5,42.5,0.5,42.5,0.5,-19,hypo,-1.246,False,0.405,42,1.5-2.5,True,False,True,False,1,4,1,4,12,,12,,12,,12,,0.575,0.995,0.575,0.995
PanTS_00003300,1,2,train,Venous,0.753906,0.753906,2.5,2,2.5,1601,2274.92,21.5335,20-40,False,1,True,41,hyperattenuating,0.307452,True,head,mask_ring,0.0868209,inside,False,True,2.6112,8.15879,10,69,1243,0.0868209,1,75.5,72.5,75.5,72.5,67,75,67,75,67,75,67,75,40,hyper,2.567,False,0.335,,1.5-2.5,True,False,True,False,,,,,26,,26,,26,,26,,0.33,0.25,0.33,0.25
PanTS_00003303,1,2,train,Venous,0.859375,0.859375,5,2,5,3401,12558.6,41.7735,>=40,False,1,True,2,isoattenuating,0,False,head,mask_ring,0.092798,inside,False,False,,14.4195,10,307,1717,0.092798,0.988239,100,100,100,100,81,100,81,100,81,100,81,100,1,iso,0.1508,True,0,,2.5-5,True,False,False,False,2,8,2,8,4,2,4,2,4,2,4,2,0.19,0,0.19,0
PanTS_00003318,1,1,train,Venous,0.802734,0.802734,2.5,2,2.5,5261,8475.23,35.0749,20-40,False,1,True,-42,hypoattenuating,0,False,head,mask_ring,0.283095,inside,False,True,0,12.648,10,204,3458,0.283095,1,89.5,59.5,89.5,59.5,71,93.5,71,93.5,71,93.5,71,93.5,-56,hypo,-2.223,True,0.49,,1.5-2.5,True,False,True,False,5,17,5,17,7,2,7,2,7,2,7,2,0.29,0.065,0.29,0.065
PanTS_00003339,1,2,train,Arterial,0.824219,0.824219,2.5,2,2.5,4698,7978.81,31.762,20-40,False,1,True,-5,isoattenuating,0,False,head,mask_ring,0.153102,inside,False,True,4.21885,12.396,10,192,619,0.153102,0.976373,34,100,34,100,100,100,100,100,100,100,100,100,-4,iso,-0.5484,True,0.095,1,1.5-2.5,True,False,False,False,7,1,7,1,1,1,1,1,1,1,1,1,0,0,0,0
PanTS_00003343,1,4,train,Arterial,0.810547,0.810547,2.5,2,2.5,2393,3930.42,35.9653,20-40,False,1,True,12,hyperattenuating,0.434213,True,head,mask_ring,0.0892462,abutting,False,True,69.3581,9.79002,10,19,1152,0.0892462,0.178855,69,17.5,69,17.5,52,25,52,25,52,25,52,25,17.5,hyper,1.427,False,1,,1.5-2.5,True,False,True,False,,,,,,50,,50,,50,,50,0.48,0.75,0.48,0.75
PanTS_00003355,1,3,train,Venous,0.703125,0.703125,2,2,2,11416,11287.8,40.4675,>=40,False,1,True,-11,hypoattenuating,0.901966,True,head,mask_ring,0.508467,inside,False,True,1.40625,13.9158,10,251,1136,0.508467,1,0,12.5,0,12.5,0,4,0,4,0,4,0,4,-10,iso,-0.8152,False,1,,1.5-2.5,True,False,False,False,29,31,29,31,38,47,38,47,38,47,38,47,1,0.96,1,0.96
PanTS_00003356,1,2,train,Venous,0.765625,0.765625,2.5,2,2.5,2369,3471.66,27.27,20-40,False,1,True,-27,hypoattenuating,0,False,body,mask_ring,0.591528,inside,False,True,0,9.39326,10,95,1152,0.591528,1,75.5,100,75.5,100,2,4,2,4,2,4,2,4,-30,hypo,-2.057,True,0.175,4,1.5-2.5,True,False,True,False,3,1,3,1,27,34,27,34,27,34,27,34,0.98,0.96,0.98,0.96
PanTS_00003360,1,2,train,Arterial,0.896484,0.896484,2.5,2,2.5,6891,13845.5,80.9113,>=40,False,1,True,5,isoattenuating,0.13024,True,tail,mask_ring,0.279144,abutting,False,True,0.896484,14.8961,10,209,11,0.279144,0.609055,,,,,,,,,,,,,-5.5,iso,-0.6381,False,0,1,1.5-2.5,True,False,False,False,1,1,1,1,1,1,1,1,1,1,1,1,,,,
PanTS_00003370,1,0,train,Non-contrast,0.976562,0.976562,0.8,2,0.8,414,315.857,11.2245,10-20,False,1,True,-12,hypoattenuating,0,False,head,mask_ring,0.102907,embedded,False,True,36.0967,4.22474,6,16,2442,0.102907,0.94686,3.5,22.5,3.5,22.5,41.5,21.5,41.5,21.5,3.5,22.5,3.5,22.5,-22.5,hypo,-0.9049,True,0.185,22,<=1.5,False,False,False,False,,,,,,,,,,,,,0.965,0.775,0.965,0.775
PanTS_00003391,1,0,train,Arterial,0.826172,0.826172,2.5,2,2.5,621,1059.67,18.52,10-20,False,2,False,-57,hypoattenuating,0.679726,True,head,mask_ring,0.168577,abutting,False,True,18.82,6.32453,6,2,1282,0.168577,0.0676329,64.5,69.5,64.5,69.5,44.5,63.5,44.5,63.5,64.5,69.5,64.5,69.5,-60,hypo,-6.033,False,0.785,,1.5-2.5,True,True,False,False,,,,,,,,,,,,,0.355,0.305,0.355,0.305
PanTS_00003391,2,0,train,Arterial,0.826172,0.826172,2.5,2,2.5,2330,3975.91,45.3664,>=40,False,2,True,-43,hypoattenuating,0.0948487,True,body,mask_ring,0.463984,inside,False,True,0.826172,9.82764,10,113,1282,0.463984,0.956652,39.5,93.5,39.5,93.5,22.5,38.5,22.5,38.5,22.5,38.5,22.5,38.5,-42,hypo,-4.223,False,0.695,,1.5-2.5,True,False,False,True,9,3,9,3,25,18,25,18,25,18,25,18,0.775,0.615,0.775,0.615
PanTS_00003398,1,4,train,Non-contrast,0.798828,0.798828,0.8,2,0.8,2274,1160.88,20.813,20-40,False,1,True,12,hyperattenuating,0,False,head,mask_ring,0.0992714,inside,False,False,,6.51978,6,38,3734,0.0992714,1,18,46.5,18,46.5,66.5,56,66.5,56,18,46.5,18,46.5,13,hyper,0.347,True,0.58,,<=1.5,False,False,False,False,,,,,,45,,45,,,,,0.82,0.535,0.82,0.535
PanTS_00003405,1,4,train,Arterial,1.5,1.5,1.5,2,1.5,424,1431,24.0936,20-40,False,1,True,13,hyperattenuating,0.0143885,True,head,mask_ring,0.257147,inside,False,True,3.67423,6.99064,6,59,2046,0.257147,1,23,32,23,32,95,83,95,83,23,32,23,32,20,hyper,0.7541,False,1,,<=1.5,True,False,True,False,,39,,39,,8,,8,,39,,39,0.77,0.68,0.77,0.68
PanTS_00003416,1,2,train,Arterial,0.820312,0.820312,5,2,5,119,400.383,17.9563,10-20,False,3,False,-38,hypoattenuating,0,False,body,mask_ring,0.595936,abutting,False,False,,4.57224,6,3,2562,0.595936,0.0504202,77.5,77.5,77.5,77.5,86.5,80.5,86.5,80.5,77.5,77.5,77.5,77.5,-29,hypo,-2.083,True,0.575,,2.5-5,True,True,False,False,,,,,35,,35,,,,,,0.225,0.225,0.225,0.225
PanTS_00003416,2,2,train,Arterial,0.820312,0.820312,5,2,5,6352,21371.7,68.7101,>=40,False,3,True,-8,isoattenuating,0.554635,True,head,mask_ring,0.306584,abutting,False,False,,17.2154,10,0,2562,0.306584,0,,,,,,,,,,,,,-9,iso,-0.6464,False,1,,2.5-5,True,False,False,False,,,,,,,,,,,,,,,,
PanTS_00003416,3,2,train,Arterial,0.820312,0.820312,5,2,5,116,390.289,11.8918,10-20,False,3,False,-3,isoattenuating,0,False,head,mask_ring,0.249574,separated,True,False,,4.53349,6,0,2562,0.249574,0,,,,,,,,,,,,,-2.5,iso,-0.1795,True,,,2.5-5,True,False,False,False,,,,,,,,,,,,,,,,
PanTS_00003431,1,1,train,Arterial,0.835938,0.835938,2.5,2,2.5,3369,5885.58,30.6174,20-40,False,1,True,2,isoattenuating,0,False,head,mask_ring,0.0839341,inside,False,True,4.8703,11.2004,10,147,2047,0.0839341,0.997922,5,30,5,30,33.5,2,33.5,2,33.5,2,33.5,2,4,iso,0.3549,True,0.665,,1.5-2.5,True,False,False,False,35,26,35,26,17,45,17,45,17,45,17,45,0.665,0.98,0.665,0.98
PanTS_00003434,1,2,train,Arterial,0.847656,0.847656,2.5,2,2.5,7672,13781.2,38.9077,20-40,False,1,True,9,isoattenuating,0.712546,True,head,mask_ring,0.140076,inside,False,True,2.5,14.873,10,320,991,0.140076,1,49,10.5,49,10.5,100,0,100,0,100,0,100,0,3,iso,0.2155,False,0.77,15,1.5-2.5,True,False,False,False,3,6,3,6,1,37,1,37,1,37,1,37,0,1,0,1
PanTS_00003437,1,2,train,Arterial,0.886719,0.886719,2.5,2,2.5,3657,7188.48,33.9845,20-40,False,1,True,-11,hypoattenuating,0.725222,True,head,mask_ring,0.101356,inside,False,True,0.886719,11.9724,10,172,951,0.101356,0.979765,73.5,100,73.5,100,4.5,68.5,4.5,68.5,4.5,68.5,4.5,68.5,-15,hypo,-0.9234,False,0,1,1.5-2.5,True,False,True,False,2,1,2,1,27,38,27,38,27,38,27,38,0.955,0.315,0.955,0.315
PanTS_00003441,1,4,train,Arterial,0.6875,0.6875,2,2,2,22893,21641,47.4778,>=40,False,1,True,-8,isoattenuating,0.860948,True,head,mask_ring,0.219212,inside,False,True,0.6875,17.2874,10,450,414,0.219212,0.997423,,,,,,,,,,,,,-6,iso,-1.207,False,0.99,45,1.5-2.5,True,False,False,False,5,4,5,4,2,8,2,8,2,8,2,8,,,,
PanTS_00003457,1,4,train,Arterial,0.699219,0.699219,5,2,5,551,1346.94,24.9782,20-40,False,1,True,-42,hypoattenuating,0.0260573,True,tail,mask_ring,0.980171,inside,False,True,60.269,6.85099,6,41,2028,0.980171,0.829401,81.5,91,81.5,91,90,92.5,90,92.5,81.5,91,81.5,91,-25.5,hypo,-3.205,False,0.785,,2.5-5,True,False,True,False,,,,,30,,30,,,,,,0.185,0.09,0.185,0.09
PanTS_00003473,1,0,train,Venous,0.703125,0.703125,5,2,5,1535,3794.4,31.5815,20-40,False,3,True,-3,isoattenuating,0.416287,True,body,mask_ring,0.641442,abutting,False,True,46.3482,9.67576,10,78,1502,0.641442,0.748534,90,84.5,90,84.5,100,92.5,100,92.5,100,92.5,100,92.5,-1,iso,-0.104,False,0.895,,2.5-5,True,False,False,False,4,32,4,32,1,8,1,8,1,8,1,8,0,0.075,0,0.075
PanTS_00003473,2,0,train,Venous,0.703125,0.703125,5,2,5,303,748.993,19.7001,10-20,False,3,False,-11,hypoattenuating,0,False,body,mask_ring,0.667508,embedded,False,True,56.2851,5.63373,6,23,1502,0.667508,0.633663,73,31.5,73,31.5,78,69,78,69,73,31.5,73,31.5,-11,hypo,-1.144,True,0.685,,2.5-5,True,True,False,False,,,,,,25,,25,,,,,0.27,0.685,0.27,0.685
PanTS_00003473,3,0,train,Venous,0.703125,0.703125,5,2,5,1258,3109.68,23.2681,20-40,False,3,False,-23,hypoattenuating,0,False,head,mask_ring,0.105989,inside,False,True,12.3111,9.05473,10,66,1502,0.105989,0.841812,49.5,84,49.5,84,65,56,65,56,65,56,65,56,-23,hypo,-2.392,True,0.16,41,2.5-5,True,False,True,False,44,5,44,5,9,20,9,20,9,20,9,20,0.35,0.44,0.35,0.44
PanTS_00003485,1,1,train,Non-contrast,0.703125,0.703125,0.8,2,0.8,1018,402.627,11.7362,10-20,False,2,True,25,hyperattenuating,0.229988,True,head,mask_ring,0.183574,inside,False,True,93.3443,4.58077,6,17,1858,0.183574,1,90.5,94.5,90.5,94.5,78,94,78,94,90.5,94.5,90.5,94.5,16,hyper,0.5027,False,0.72,,<=1.5,False,False,False,False,,,,,,,,,,,,,0.095,0.055,0.095,0.055
PanTS_00003485,2,1,train,Non-contrast,0.703125,0.703125,0.8,2,0.8,36,14.2383,3.76358,<5,False,2,False,29,hyperattenuating,0,False,head,pc1_boundary,0.379785,embedded,False,True,72.2504,1.50357,6,2,1858,0.379785,1,9,29,9,29,22.5,9.5,22.5,9.5,9,29,9,29,29,hyper,0.9112,True,0.88,,<=1.5,False,False,False,False,,,,,,,,,,,,,0.91,0.71,0.91,0.71
PanTS_00003493,1,0,train,Non-contrast,0.685547,0.685547,5,2,5,5250,12336.8,43.8399,>=40,False,3,True,-12,hypoattenuating,0.314797,True,head,mask_ring,0.139602,inside,False,False,,14.3341,10,305,1826,0.139602,1,8.5,4.5,8.5,4.5,24,3.5,24,3.5,24,3.5,24,3.5,-9,iso,-0.7144,False,0.76,,2.5-5,False,False,False,False,21,26,21,26,14,25,14,25,14,25,14,25,0.76,0.965,0.76,0.965
PanTS_00003493,2,0,train,Non-contrast,0.685547,0.685547,5,2,5,171,401.828,10.2419,10-20,False,3,False,-15,hypoattenuating,0,False,tail,mask_ring,0.69741,inside,False,False,,4.57773,6,16,1826,0.69741,1,8.5,41.5,8.5,41.5,1.5,27.5,1.5,27.5,8.5,41.5,8.5,41.5,-2.5,iso,-0.1984,True,0.57,,2.5-5,False,False,False,False,,,,,,,,,,,,,0.915,0.585,0.915,0.585
PanTS_00003493,3,0,train,Non-contrast,0.685547,0.685547,5,2,5,38,89.2952,5.22097,5-10,False,3,False,-12,hypoattenuating,0,False,tail,mask_ring,0.80727,inside,False,False,,2.77277,6,4,1826,0.80727,1,15,49.5,15,49.5,40.5,21.5,40.5,21.5,15,49.5,15,49.5,-9,iso,-0.7144,True,0.965,,2.5-5,False,False,False,False,,,,,,,,,,,,,0.85,0.505,0.85,0.505
PanTS_00003495,1,4,train,Arterial,0.808594,0.808594,2.5,2,2.5,1278,2088.97,21.5305,20-40,False,1,True,33,hyperattenuating,0.800702,True,body,mask_ring,0.416304,abutting,False,False,,7.93014,6,5,1324,0.416304,0.0289515,9.5,4,9.5,4,57,54,57,54,9.5,4,9.5,4,38,hyper,3.473,False,0.75,39,1.5-2.5,True,False,True,False,,,,,,,,,,,,,0.905,0.96,0.905,0.96
PanTS_00003496,1,1,train,Venous,0.863281,0.863281,2.5,2,2.5,5592,10418.7,34.4842,20-40,False,2,True,-9,isoattenuating,0.672206,True,head,mask_ring,0.162709,inside,False,True,2.44173,13.549,10,241,1539,0.162709,1,41,0,41,0,0,10,0,10,0,10,0,10,-10,iso,-0.7357,False,0.21,44,1.5-2.5,True,False,False,False,9,,9,,37,37,37,37,37,37,37,37,1,0.9,1,0.9
PanTS_00003496,2,1,train,Venous,0.863281,0.863281,2.5,2,2.5,108,201.219,12.8336,10-20,False,2,False,-40.5,hypoattenuating,0,False,head,mask_ring,0.102133,inside,False,True,18.8135,3.63518,6,10,1539,0.102133,1,38,21,38,21,3,17.5,3,17.5,38,21,38,21,-26.5,hypo,-1.95,True,0.185,,1.5-2.5,True,True,False,False,,,,,,,,,,,,,0.62,0.79,0.62,0.79
PanTS_00003513,1,0,train,Venous,1,1,1,2,1,102,102,9.43398,5-10,False,1,True,-19.9893,hypoattenuating,0,False,head,mask_ring,0.304642,inside,False,True,11.7473,2.89848,6,10,4054,0.304642,1,77,10,77,10,89.5,31.5,89.5,31.5,77,10,77,10,-22.98,hypo,-2.897,True,0.705,,<=1.5,True,False,False,False,,,,,29,,29,,,,,,0.23,0.9,0.23,0.9
PanTS_00003521,1,0,train,Arterial,0.669922,0.669922,2.5,2,2.5,1301,1459.71,19.0232,10-20,False,1,True,-7,isoattenuating,0,False,head,mask_ring,0.129256,abutting,False,True,8.92118,7.03708,6,10,1153,0.129256,0.245196,72.5,53,72.5,53,24.5,24.5,24.5,24.5,72.5,53,72.5,53,-7,iso,-0.5279,True,0.05,2,1.5-2.5,True,False,False,False,30,39,30,39,39,39,39,39,30,39,30,39,0.275,0.47,0.275,0.47
PanTS_00003527,1,0,train,Arterial,1,1,1,2,1,1248,1248,25.02,20-40,False,1,True,-25,hypoattenuating,0.290155,True,tail,mask_ring,0.910812,embedded,False,True,7.07107,6.67896,6,30,2009,0.910812,0.704327,26,8.5,26,8.5,20,11,20,11,26,8.5,26,8.5,-25,hypo,-3.142,False,1,,<=1.5,True,False,True,False,,,,,,,,,,,,,0.74,0.915,0.74,0.915
PanTS_00003558,1,0,train,Arterial,0.744141,0.744141,2.5,2,2.5,19114,26460.7,62.1729,>=40,False,1,True,3,isoattenuating,0.639767,True,head,mask_ring,0.209498,inside,False,True,2.68304,18.4858,10,444,423,0.209498,0.797164,,,,,,,,,,,,,0,iso,0,False,1,24,1.5-2.5,True,False,False,False,1,2,1,2,1,2,1,2,1,2,1,2,,,,
PanTS_00003570,1,2,train,Arterial,0.820312,0.820312,2.5,2,2.5,160,269.165,15.7014,10-20,False,1,True,-27,hypoattenuating,0,False,head,mask_ring,0.316322,abutting,False,True,15.6118,4.00538,6,3,1457,0.316322,0.11875,86,65,86,65,96,84.5,96,84.5,86,65,86,65,-32.5,hypo,-3.501,True,0.94,,1.5-2.5,True,True,False,False,,,,,,,,,,,,,0.14,0.35,0.14,0.35
PanTS_00003578,1,4,train,Venous,0.761719,0.761719,2.5,2,2.5,681,987.817,15.1771,10-20,False,1,True,-37,hypoattenuating,0.116216,True,tail,mask_ring,0.929403,inside,False,True,0,6.17821,6,37,1830,0.929403,1,80,36.5,80,36.5,27.5,12.5,27.5,12.5,80,36.5,80,36.5,-42,hypo,-2.303,False,0.845,,1.5-2.5,True,True,False,False,25,39,25,39,45,47,45,47,25,39,25,39,0.2,0.635,0.2,0.635
PanTS_00003586,1,2,train,Venous,0.742188,0.742188,2.5,2,2.5,13725,18900.8,44.5995,>=40,False,1,True,38,hyperattenuating,0.0111803,True,head,mask_ring,0.139287,inside,False,True,2.09922,16.5246,10,428,1962,0.139287,1,77,76.5,77,76.5,74.5,100,74.5,100,74.5,100,74.5,100,44,hyper,4.022,False,0.165,9,1.5-2.5,True,False,False,True,5,4,5,4,3,1,3,1,3,1,3,1,0.255,0,0.255,0
PanTS_00003587,1,0,train,Arterial,0.78125,0.78125,1,2,1,3447,2103.88,32.1975,20-40,False,1,True,-9,isoattenuating,0,False,head,mask_ring,0.137906,embedded,False,True,104.785,7.94897,6,68,1501,0.137906,0.861039,39.5,77,39.5,77,55.5,48,55.5,48,39.5,77,39.5,77,-9,iso,-0.1859,True,0.195,35,<=1.5,True,False,False,False,,46,,46,13,,13,,,46,,46,0.605,0.23,0.605,0.23
PanTS_00003588,1,3,train,Arterial,0.900391,0.900391,1.25,2,1.25,6090,6171.48,39.0998,20-40,False,1,True,-30,hypoattenuating,0.638711,True,body,mask_ring,0.519316,inside,False,True,0,11.3789,10,154,774,0.519316,1,60,60,60,60,89,60,89,60,89,60,89,60,-23,hypo,-1.542,False,0.825,33,<=1.5,True,False,True,False,3,17,3,17,2,25,2,25,2,25,2,25,0.11,0.4,0.11,0.4
PanTS_00003595,1,1,train,Arterial,0.785156,0.785156,1.25,2,1.25,16328,12582.2,40.6062,>=40,False,2,False,5,isoattenuating,0.793537,True,body,mask_ring,0.438673,inside,False,True,0.785156,14.4285,10,274,988,0.438673,0.9823,12.5,82,12.5,82,100,100,100,100,100,100,100,100,8,iso,0.7313,False,0.2,2,<=1.5,True,False,False,False,11,3,11,3,1,2,1,2,1,2,1,2,0,0,0,0
PanTS_00003595,2,1,train,Arterial,0.785156,0.785156,1.25,2,1.25,19452,14989.5,40.0548,>=40,False,2,True,-1,isoattenuating,0.75489,True,tail,mask_ring,0.914639,inside,False,True,8.58426,15.2956,10,320,988,0.914639,0.95584,54,81,54,81,37.5,100,37.5,100,37.5,100,37.5,100,4,iso,0.3656,False,1,,<=1.5,True,False,False,False,3,4,3,4,6,4,6,4,6,4,6,4,0.625,0,0.625,0
PanTS_00003602,1,0,train,Venous,0.742188,0.742188,2.5,2,2.5,1190,1638.76,21.3872,20-40,False,1,True,63.5,hyperattenuating,0.331068,True,head,mask_ring,0.348386,inside,False,True,5,7.31378,6,53,1002,0.348386,1,25.5,65.5,25.5,65.5,46,65,46,65,25.5,65.5,25.5,65.5,58,hyper,4.728,False,0.76,42,1.5-2.5,True,False,True,False,49,,49,,27,,27,,49,,49,,0.745,0.345,0.745,0.345
PanTS_00003615,1,3,train,Arterial,0.742188,0.742188,1.25,2,1.25,58501,40281.1,58.5797,>=40,False,1,True,-28,hypoattenuating,0.464903,True,head,mask_ring,0.10567,inside,False,True,0,21.2653,10,726,1317,0.10567,0.930531,59.5,0,59.5,0,61.5,0,61.5,0,61.5,0,61.5,0,-27,hypo,-2.143,False,0.935,21,<=1.5,True,False,False,True,4,13,4,13,3,12,3,12,3,12,3,12,0.385,1,0.385,1
PanTS_00003624,1,2,train,Arterial,0.78125,0.78125,2.5,2,2.5,2625,4005.43,25.2893,20-40,False,1,True,17,hyperattenuating,0,False,head,mask_ring,0.233535,inside,False,True,11.7437,9.85191,10,113,3467,0.233535,1,30,91,30,91,14.5,72,14.5,72,14.5,72,14.5,72,15,hyper,0.9836,True,0.06,10,1.5-2.5,True,False,True,False,,,,,,21,,21,,21,,21,0.855,0.28,0.855,0.28
PanTS_00003631,1,2,train,Venous,0.962891,0.962891,2.5,2,2.5,880,2039.75,19.6987,10-20,False,1,True,-22,hypoattenuating,0.449365,True,head,mask_ring,0.139512,inside,False,True,3.15573,7.86737,6,66,2532,0.139512,1,96,96,96,96,93,97.5,93,97.5,96,96,96,96,-38.5,hypo,-3.746,False,0.45,36,1.5-2.5,True,True,False,False,3,,3,,7,,7,,3,,3,,0.04,0.04,0.04,0.04
PanTS_00003639,1,0,train,Arterial,0.599609,0.599609,0.8,2,0.8,95197,27381,64.5034,>=40,False,1,True,-16,hypoattenuating,0.293017,True,head,mask_ring,0.338736,abutting,False,True,0.8,18.6977,10,192,925,0.338736,0.261762,32,6.5,32,6.5,4.5,20.5,4.5,20.5,4.5,20.5,4.5,20.5,-16,hypo,-1.304,False,0.8,12,<=1.5,True,False,False,True,5,15,5,15,19,18,19,18,19,18,19,18,0.955,0.795,0.955,0.795
PanTS_00003642,1,2,train,Arterial,0.742188,0.742188,2.5,2,2.5,12022,16555.6,42.6654,>=40,False,1,True,-4,isoattenuating,0.726885,True,head,mask_ring,0.127007,inside,False,True,6.48497,15.8107,10,377,2233,0.127007,0.992264,35.5,84.5,35.5,84.5,85.5,84.5,85.5,84.5,85.5,84.5,85.5,84.5,-4,iso,-0.2623,False,0.05,2,1.5-2.5,True,False,False,False,8,,8,,10,6,10,6,10,6,10,6,0.145,0.155,0.145,0.155
PanTS_00003654,1,0,train,Arterial,0.782,0.782,0.8,2,0.8,174218,85230.8,89.8447,>=40,False,1,True,-44,hypoattenuating,0.843613,True,body,mask_ring,0.646191,abutting,False,True,15.0978,27.3004,10,1144,2029,0.646191,0.638407,0,0,0,0,0,39,0,39,0,39,0,39,-44,hypo,-4.022,False,1,,<=1.5,True,False,False,True,26,22,26,22,39,3,39,3,39,3,39,3,1,0.61,1,0.61
PanTS_00003672,1,4,train,Arterial,0.710938,0.710938,2.5,2,2.5,293,370.229,12.6437,10-20,False,1,True,-13,hypoattenuating,0,False,head,mask_ring,0.238153,inside,False,True,9.88849,4.45445,6,16,1767,0.238153,1,89,27,89,27,18,11,18,11,89,27,89,27,-29.5,hypo,-2.225,True,0.79,,1.5-2.5,True,True,False,False,13,,13,,,48,,48,13,,13,,0.11,0.73,0.11,0.73
PanTS_00003679,1,1,train,Arterial,0.664062,0.664062,2.5,2,2.5,15405,16983.2,48.0009,>=40,False,1,True,0,isoattenuating,0.787525,True,head,mask_ring,0.126677,inside,False,True,0.664062,15.9457,10,376,802,0.126677,0.993638,49.5,100,49.5,100,100,100,100,100,100,100,100,100,-1,iso,-0.09141,False,0.135,4,1.5-2.5,True,False,False,False,10,23,10,23,8,9,8,9,8,9,8,9,0,0,0,0
PanTS_00003684,1,1,train,Venous,0.699219,0.699219,1.5,2,1.5,2834,2078.34,21.8914,20-40,False,1,True,-3,isoattenuating,0.650125,True,head,mask_ring,0.143121,inside,False,True,0.988845,7.91668,6,59,478,0.143121,1,6,1.5,6,1.5,0,2.5,0,2.5,6,1.5,6,1.5,-15,hypo,-1.028,False,0.63,,<=1.5,True,False,True,False,36,25,36,25,24,,24,,36,25,36,25,0.94,0.985,0.94,0.985
PanTS_00003700,1,4,train,Venous,0.751953,0.751953,2.5,2,2.5,3750,5300.94,31.8798,20-40,False,1,True,-39,hypoattenuating,0.361088,True,head,mask_ring,0.0665271,inside,False,True,1.50391,10.8165,10,147,976,0.0665271,1,5,0,5,0,36,0,36,0,36,0,36,0,-41,hypo,-3.534,False,1,,1.5-2.5,True,False,True,False,24,,24,,7,,7,,7,,7,,0.64,1,0.64,1
PanTS_00003706,1,4,train,Non-contrast,0.78125,0.78125,0.8,2,0.8,3871,1890.14,18.935,10-20,False,1,True,-16,hypoattenuating,0,False,head,mask_ring,0.200618,inside,False,True,74.8985,7.67011,6,54,2120,0.200618,1,40.5,16,40.5,16,56.5,18,56.5,18,40.5,16,40.5,16,-12,hypo,-0.3694,True,0.805,,<=1.5,False,False,False,False,41,,41,,22,,22,,41,,41,,0.595,0.84,0.595,0.84
PanTS_00003711,1,3,train,Arterial,0.744141,0.744141,2.5,2,2.5,36828,50983.4,84.8359,>=40,False,1,True,11,hyperattenuating,0.0848544,True,head,mask_ring,0.185698,inside,False,True,0,23.0028,10,1019,1622,0.185698,0.958944,2.5,0,2.5,0,0,0,0,0,0,0,0,0,13,hyper,1.225,False,0.64,14,1.5-2.5,True,False,False,True,6,6,6,6,4,4,4,4,4,4,4,4,1,1,1,1
PanTS_00003730,1,4,train,Arterial,0.976562,0.976562,2.5,2,2.5,1901,4532.33,33.7139,20-40,False,1,True,42,hyperattenuating,0.4559,True,head,mask_ring,0.122563,inside,False,True,0.976562,10.2662,10,144,828,0.122563,1,100,100,100,100,100,100,100,100,100,100,100,100,49,hyper,2.111,False,0.025,5,1.5-2.5,True,False,True,False,2,2,2,2,7,28,7,28,7,28,7,28,0,0,0,0
PanTS_00003736,1,0,train,Non-contrast,0.976562,0.976562,0.8,2,0.8,2655,2025.6,20.427,20-40,False,1,True,4,isoattenuating,0,False,body,mask_ring,0.302565,inside,False,True,11.1618,7.84914,6,61,3061,0.302565,1,3.5,1,3.5,1,52,21,52,21,3.5,1,3.5,1,8,iso,0.148,True,0.44,36,<=1.5,False,False,False,False,,,,,31,,31,,,,,,0.965,0.99,0.965,0.99
PanTS_00003746,1,0,train,Arterial,1.5,1.5,1.5,2,1.5,178,600.75,14.7733,10-20,False,2,False,-21.5,hypoattenuating,0,False,head,mask_ring,0.328085,abutting,False,True,14.543,5.23442,6,11,1179,0.328085,0.348315,98.5,50.5,98.5,50.5,57.5,52,57.5,52,98.5,50.5,98.5,50.5,-21.5,hypo,-0.9265,True,0.585,,<=1.5,True,True,False,False,3,,3,,,28,,28,3,,3,,0.015,0.495,0.015,0.495
PanTS_00003746,2,0,train,Arterial,1.5,1.5,1.5,2,1.5,896,3024,33.2378,20-40,False,2,True,-2,isoattenuating,0.40699,True,head,mask_ring,0.165939,inside,False,True,4.5,8.9708,10,90,1179,0.165939,1,87,13.5,87,13.5,2.5,36,2.5,36,2.5,36,2.5,36,5.5,iso,0.237,False,0.985,,<=1.5,True,False,False,False,2,31,2,31,,,,,,,,,0.975,0.64,0.975,0.64
PanTS_00003750,1,3,train,Arterial,0.660156,0.660156,1.2,2,1.2,1005,525.582,14.3064,10-20,False,2,False,-21,hypoattenuating,0,False,head,mask_ring,0.338473,embedded,False,True,29.2999,5.00631,6,17,1325,0.338473,0.8,87.5,52.5,87.5,52.5,84,80.5,84,80.5,87.5,52.5,87.5,52.5,-21,hypo,-2.111,True,0.785,,<=1.5,True,True,False,False,14,,14,,20,20,20,20,14,,14,,0.125,0.475,0.125,0.475
PanTS_00003750,2,3,train,Arterial,0.660156,0.660156,1.2,2,1.2,3479,1819.4,34.8424,20-40,False,2,True,-18,hypoattenuating,0.0689715,True,head,mask_ring,0.201524,abutting,False,True,34.9051,7.57321,6,8,1325,0.201524,0.109514,37,3,37,3,37,4,37,4,37,3,37,3,-21,hypo,-2.111,False,0.985,,<=1.5,True,False,True,False,,,,,,,,,,,,,0.63,0.97,0.63,0.97
PanTS_00003768,1,2,train,Venous,0.976562,0.976562,3,2,3,4829,13815.9,36.0502,20-40,False,1,True,-36,hypoattenuating,0.823635,True,tail,mask_ring,0.690098,abutting,False,True,61.2433,14.8855,10,126,2478,0.690098,0.429489,100,85,100,85,100,100,100,100,100,100,100,100,-37,hypo,-4.852,False,1,,2.5-5,True,False,True,False,1,6,1,6,1,1,1,1,1,1,1,1,0,0,0,0
PanTS_00003776,1,0,train,Venous,0.728516,0.728516,2.5,2,2.5,973,1291.01,19.8098,10-20,False,1,True,-83,hypoattenuating,0,False,head,mask_ring,0.399996,inside,False,True,1.03028,6.75483,6,44,2218,0.399996,1,68,94,68,94,97,95,97,95,68,94,68,94,-101,hypo,-11.28,True,0.36,30,1.5-2.5,True,True,False,False,21,6,21,6,48,6,48,6,21,6,21,6,0.32,0.06,0.32,0.06
PanTS_00003777,1,2,train,Venous,0.847656,0.847656,1,2,1,819,588.469,24.2939,20-40,False,1,True,-34,hypoattenuating,0,False,body,mask_ring,0.596914,inside,False,True,25.8807,5.1985,6,31,1393,0.596914,0.998779,91.5,81,91.5,81,94,90,94,90,91.5,81,91.5,81,-34,hypo,-2.699,True,0.655,,<=1.5,True,False,True,False,,,,,5,8,5,8,,,,,0.085,0.19,0.085,0.19
PanTS_00003782,1,1,train,Arterial,1,1,1,2,1,8754,8754,34.5688,20-40,False,1,True,0,isoattenuating,0.12241,True,head,mask_ring,0.0789202,inside,False,True,2.44949,12.7852,10,226,1962,0.0789202,1,15.5,9.5,15.5,9.5,90,21,90,21,90,21,90,21,2.991,iso,0.3348,False,0.975,,<=1.5,True,False,False,False,18,,18,,3,36,3,36,3,36,3,36,0.1,0.79,0.1,0.79
PanTS_00003784,1,1,train,Venous,0.955078,0.955078,2.5,2,2.5,344,784.47,15.6472,10-20,False,1,True,-2,isoattenuating,0,False,tail,mask_ring,0.846305,inside,False,True,80.2038,5.72132,6,27,1556,0.846305,1,37,31,37,31,68.5,66,68.5,66,37,31,37,31,-3.5,iso,-0.2853,True,0.96,,1.5-2.5,True,False,False,False,38,46,38,46,,49,,49,38,46,38,46,0.63,0.69,0.63,0.69
PanTS_00003812,1,0,train,Venous,0.722656,0.722656,3.75,2,3.75,3728,7300.8,29.0478,20-40,False,1,True,49,hyperattenuating,0,False,head,mask_ring,0.197655,inside,False,True,12.9273,12.0345,10,176,849,0.197655,1,30.5,1.5,30.5,1.5,62.5,0,62.5,0,62.5,0,62.5,0,59,hyper,5.234,True,0.375,5,2.5-5,True,False,True,False,10,21,10,21,5,27,5,27,5,27,5,27,0.375,1,0.375,1
PanTS_00003824,1,4,train,Arterial,0.794922,0.794922,5,2,5,297,938.373,13.8429,10-20,False,2,False,-4,isoattenuating,0,False,head,mask_ring,0.547333,inside,False,True,24.1252,6.07336,6,34,1188,0.547333,1,45.5,10.5,45.5,10.5,8,22.5,8,22.5,45.5,10.5,45.5,10.5,-5,iso,-0.4189,True,0.895,,2.5-5,True,False,False,False,34,,34,,46,42,46,42,34,,34,,0.545,0.895,0.545,0.895
PanTS_00003824,2,4,train,Arterial,0.794922,0.794922,5,2,5,301,951.011,14.5766,10-20,False,2,True,-42,hypoattenuating,0,False,head,pc1_boundary,-0.646715,separated,True,True,162.585,6.1005,6,0,1188,-0.646715,0,,,,,,,,,,,,,-46,hypo,-3.854,True,,,2.5-5,True,True,False,False,,,,,,,,,,,,,,,,
PanTS_00003841,1,4,train,Venous,1,1,1,2,1,11371,11371,52.7162,>=40,False,3,True,-10.0099,hypoattenuating,0.0328261,True,head,mask_ring,0.256589,inside,False,True,10.8167,13.9499,10,297,3773,0.256589,1,21.5,8.5,21.5,8.5,28.5,42.5,28.5,42.5,28.5,42.5,28.5,42.5,-7.996,iso,-0.6024,False,0.795,,<=1.5,True,False,False,False,30,33,30,33,29,12,29,12,29,12,29,12,0.715,0.575,0.715,0.575
PanTS_00003841,2,4,train,Venous,1,1,1,2,1,3,3,2,<5,True,3,False,-28.9921,hypoattenuating,0,False,head,mask_ring,0.205337,inside,False,True,14.0357,0.8947,6,0,3773,0.205337,1,,,,,,,,,,,,,-27.99,hypo,-2.108,True,0.71,,<=1.5,True,False,False,False,,,,,,,,,,,,,,,,
PanTS_00003841,3,4,train,Venous,1,1,1,2,1,201,201,11.5758,10-20,False,3,False,-36.9879,hypoattenuating,0,False,head,mask_ring,0.252229,inside,False,True,17.0294,3.63387,6,11,3773,0.252229,1,78,72.5,78,72.5,80,79,80,79,78,72.5,78,72.5,-34,hypo,-2.561,True,0.73,,<=1.5,True,True,False,False,,,,,,,,,,,,,0.22,0.275,0.22,0.275
PanTS_00003849,1,0,train,Venous,0.771484,0.771484,0.7,2,0.7,2868,1194.9,16.6015,10-20,False,1,True,21,hyperattenuating,0.81091,True,head,mask_ring,0.171264,abutting,False,True,17.4836,6.58285,6,33,1187,0.171264,0.996165,13.5,0.5,13.5,0.5,0.5,2.5,0.5,2.5,13.5,0.5,13.5,0.5,19,hyper,1.081,False,0.995,,<=1.5,True,True,False,False,43,46,43,46,49,41,49,41,43,46,43,46,0.865,0.995,0.865,0.995
PanTS_00003889,1,0,train,Venous,2.5,0.742188,0.742188,0,2.5,4825,6644.54,37.7961,20-40,False,1,True,-9,isoattenuating,0,False,head,mask_ring,,inside,False,True,8.36786,11.6625,10,184,970,,1,18,15,18,15,5,15.5,5,15.5,5,15.5,5,15.5,-10,iso,-0.7734,True,0.765,,1.5-2.5,True,False,False,False,20,19,20,19,13,37,13,37,13,37,13,37,0.95,0.845,0.95,0.845
PanTS_00003894,1,3,train,Venous,0.976562,0.976562,2.5,2,2.5,2443,5824.56,27.3434,20-40,False,1,True,73,hyperattenuating,0,False,head,mask_ring,0.221312,inside,False,False,,11.1616,10,151,2946,0.221312,1,2,48,2,48,90.5,82,90.5,82,90.5,82,90.5,82,86,hyper,6.652,True,0,19,1.5-2.5,True,False,True,False,,18,,18,3,6,3,6,3,6,3,6,0.095,0.18,0.095,0.18
PanTS_00003900,1,3,train,Arterial,1.5,1.5,1.5,2,1.5,126,425.25,19.615,10-20,False,3,False,-31.5,hypoattenuating,0,False,head,pc1_boundary,0.341077,separated,True,False,,4.665,6,0,107,0.341077,0,,,,,,,,,,,,,-33,hypo,-0.4928,True,,,<=1.5,True,True,False,False,,,,,,,,,,,,,,,,
PanTS_00003900,2,3,train,Arterial,1.5,1.5,1.5,2,1.5,80,270,16.7705,10-20,False,3,False,-22,hypoattenuating,0,False,head,pc1_boundary,0.315697,separated,True,False,,4.00951,6,0,107,0.315697,0,,,,,,,,,,,,,-18,hypo,-0.2688,True,,,<=1.5,True,True,False,False,,,,,,,,,,,,,,,,
PanTS_00003900,3,3,train,Arterial,1.5,1.5,1.5,2,1.5,164,553.5,22.2991,20-40,False,3,True,-17,hypoattenuating,0,False,head,pc1_boundary,0.345581,separated,True,False,,5.09342,6,0,107,0.345581,0,,,,,,,,,,,,,-14,hypo,-0.2091,True,,,<=1.5,True,False,True,False,,,,,,,,,,,,,,,,
PanTS_00003916,1,1,train,Arterial,0.699219,0.699219,1,2,1,957,467.884,11.7815,10-20,False,1,True,-25,hypoattenuating,0,False,body,mask_ring,0.622426,abutting,False,True,24.6975,4.81596,6,2,2705,0.622426,0.0574713,91,93.5,91,93.5,85.5,93.5,85.5,93.5,91,93.5,91,93.5,-25,hypo,-2.793,True,0.84,,<=1.5,True,True,False,False,,,,,,,,,,,,,0.09,0.065,0.09,0.065
PanTS_00003919,1,0,train,Venous,0.703125,0.703125,5,2,5,4359,10775.1,33.1976,20-40,False,1,True,-30,hypoattenuating,0.79486,True,head,mask_ring,0.175531,inside,False,True,5.625,13.7018,10,268,1863,0.175531,1,64,0,64,0,14.5,22,14.5,22,14.5,22,14.5,22,-38,hypo,-6.033,False,0.975,,2.5-5,True,False,True,False,9,,9,,10,,10,,10,,10,,0.855,0.78,0.855,0.78
PanTS_00003921,1,4,train,Arterial,0.767578,0.767578,1.5,2,1.5,1562,1380.44,20.8164,20-40,False,1,True,-16.5,hypoattenuating,0,False,head,mask_ring,0.145808,inside,False,True,10.5,6.90732,6,53,1803,0.145808,0.99936,93,78,93,78,31.5,40.5,31.5,40.5,93,78,93,78,-17,hypo,-1.349,True,0.94,,<=1.5,True,False,True,False,4,10,4,10,32,28,32,28,4,10,4,10,0.07,0.22,0.07,0.22
PanTS_00003923,1,1,train,Venous,0.921875,0.921875,2.5,2,2.5,1731,3677.74,29.0235,20-40,False,1,True,18,hyperattenuating,0.693456,True,head,mask_ring,0.238254,inside,False,True,0,9.57556,10,112,684,0.238254,1,88.5,88.5,88.5,88.5,100,100,100,100,100,100,100,100,18,hyper,1.293,False,0.065,3,1.5-2.5,True,False,True,False,2,2,2,2,1,1,1,1,1,1,1,1,0,0,0,0
PanTS_00003937,1,0,train,Non-contrast,0.703125,0.703125,0.8,2,0.8,21333,8437.37,31.9651,20-40,False,1,True,4,isoattenuating,0.787397,True,head,mask_ring,0.21898,inside,False,True,8.07371,12.6291,10,195,1003,0.21898,0.977453,78.5,74,78.5,74,78,74,78,74,78,74,78,74,4,iso,0.1341,False,0.505,10,<=1.5,False,False,False,False,2,3,2,3,3,4,3,4,3,4,3,4,0.22,0.26,0.22,0.26
PanTS_00003942,1,4,train,Non-contrast,0.742188,0.742188,0.8,2,0.8,1316,579.927,12.8676,10-20,False,1,True,-9,isoattenuating,0,False,head,mask_ring,0.195723,inside,False,True,14.8704,5.17323,6,20,3070,0.195723,1,71,54,71,54,16,7.5,16,7.5,71,54,71,54,-2,iso,-0.06033,True,0.82,,<=1.5,False,False,False,False,,,,,,,,,,,,,0.29,0.46,0.29,0.46
PanTS_00003950,1,1,train,Venous,5,0.9,0.9,0,5,541,2191.05,38.198,20-40,False,2,False,-4,isoattenuating,0,False,body,mask_ring,,inside,False,True,6.36396,8.05727,10,37,789,,0.968577,100,100,100,100,100,100,100,100,100,100,100,100,-1,iso,-0.1885,True,0.44,14,2.5-5,True,False,False,False,,,,,6,,6,,6,,6,,0,0,0,0
PanTS_00003950,2,1,train,Venous,5,0.9,0.9,0,5,10126,41010.3,57.4896,>=40,False,2,True,-5,isoattenuating,0.729019,True,head,mask_ring,,embedded,False,True,15.6863,21.3928,10,569,789,,0.603891,100,100,100,100,100,100,100,100,100,100,100,100,-8,iso,-1.508,False,0.94,47,2.5-5,True,False,False,False,6,10,6,10,1,12,1,12,1,12,1,12,0,0,0,0
PanTS_00003953,1,4,train,Arterial,0.794922,0.794922,1.25,2,1.25,31040,24517.8,86.9698,>=40,False,1,True,-23,hypoattenuating,0.769446,True,body,mask_ring,0.660889,inside,False,True,0,18.0218,10,530,659,0.660889,0.984762,60.5,100,60.5,100,60.5,100,60.5,100,60.5,100,60.5,100,-14,hypo,-0.612,False,0.985,40,<=1.5,True,False,False,True,3,1,3,1,2,2,2,2,2,2,2,2,0.395,0,0.395,0
PanTS_00003968,1,4,train,Non-contrast,0.78125,0.78125,0.8,2,0.8,7670,3745.12,30.297,20-40,False,2,True,-15,hypoattenuating,0,False,head,mask_ring,0.0609673,inside,False,True,34.3165,9.63368,10,104,1642,0.0609673,1,81.5,1,81.5,1,94,0,94,0,94,0,94,0,-13,hypo,-0.2362,True,0.685,,<=1.5,False,False,False,False,5,,5,,3,,3,,3,,3,,0.06,1,0.06,1
PanTS_00003968,2,4,train,Non-contrast,0.78125,0.78125,0.8,2,0.8,3622,1768.55,26.1673,20-40,False,2,False,2,isoattenuating,0,False,head,mask_ring,0.192243,inside,False,True,9.31669,7.50199,6,62,1642,0.192243,1,0,0,0,0,48,2.5,48,2.5,0,0,0,0,5,iso,0.09086,True,0.745,,<=1.5,False,False,False,False,,,,,19,,19,,,,,,1,1,1,1
PanTS_00003969,1,1,train,Venous,0.898438,0.898438,2.5,2,2.5,1760,3551.64,32.7737,20-40,False,1,True,-49,hypoattenuating,0,False,head,mask_ring,0.1742,inside,False,True,0,9.46484,10,107,3673,0.1742,1,88,27,88,27,83.5,3,83.5,3,83.5,3,83.5,3,-76,hypo,-3.953,True,0.54,,1.5-2.5,True,False,True,False,9,42,9,42,10,,10,,10,,10,,0.165,0.97,0.165,0.97
PanTS_00003974,1,3,train,Venous,0.898438,0.898438,2.5,2,2.5,3037,6128.6,29.5359,20-40,False,1,True,-55,hypoattenuating,0.803607,True,head,mask_ring,0.132499,inside,False,True,6.72159,11.3525,10,152,1363,0.132499,1,100,85,100,85,100,100,100,100,100,100,100,100,-64,hypo,-5.516,False,1,,1.5-2.5,True,False,True,False,1,3,1,3,1,1,1,1,1,1,1,1,0,0,0,0
PanTS_00003978,1,1,train,Non-contrast,0.75,0.75,1.25,2,1.25,3423,2406.8,40.8144,>=40,False,2,True,-22,hypoattenuating,0.0504124,True,tail,pc1_boundary,0.738848,separated,True,True,63.3685,8.31349,10,0,2433,0.738848,0,,,,,,,,,,,,,-24,hypo,-2.194,False,,,<=1.5,False,False,False,False,,,,,,,,,,,,,,,,
PanTS_00003978,2,1,train,Non-contrast,0.75,0.75,1.25,2,1.25,698,490.781,24.2113,20-40,False,2,False,-3,isoattenuating,0,False,tail,mask_ring,0.817229,inside,False,True,37.7798,4.89328,6,20,2433,0.817229,1,67,37,67,37,70,52.5,70,52.5,67,37,67,37,2.5,iso,0.2285,True,0.72,,<=1.5,False,False,False,False,,,,,28,39,28,39,,,,,0.33,0.63,0.33,0.63
PanTS_00003993,1,3,train,Venous,5,0.774,0.774,0,5,445,1332.94,20.8406,20-40,False,1,True,5,isoattenuating,0,False,head,mask_ring,,inside,False,True,5,6.82718,6,45,1165,,1,38.5,7,38.5,7,44.5,19,44.5,19,38.5,7,38.5,7,1.5,iso,0.2662,True,0.925,,2.5-5,True,False,False,False,18,48,18,48,,30,,30,18,48,18,48,0.615,0.93,0.615,0.93
PanTS_00004029,1,0,train,Non-contrast,0.835938,0.835938,2.5,2,2.5,15437,26968.1,46.148,>=40,False,1,True,4,isoattenuating,0.84694,True,head,mask_ring,0.228518,inside,False,True,0.835938,18.6032,10,555,328,0.228518,0.994235,,,,,,,,,,,,,5,iso,0.3428,False,0.98,7,1.5-2.5,False,False,False,False,2,3,2,3,2,3,2,3,2,3,2,3,,,,
PanTS_00004033,1,3,train,Venous,0.765625,0.765625,2.5,2,2.5,5419,7941.3,34.8473,20-40,False,1,True,17,hyperattenuating,0.847971,True,head,mask_ring,0.0887452,inside,False,True,2.16551,12.3766,10,201,1680,0.0887452,1,100,47,100,47,46.5,4.5,46.5,4.5,46.5,4.5,46.5,4.5,-4,iso,-0.3016,False,1,,1.5-2.5,True,False,False,False,2,8,2,8,6,39,6,39,6,39,6,39,0.535,0.955,0.535,0.955
PanTS_00004046,1,1,train,Arterial,0.880859,0.880859,2.5,2,2.5,943,1829.22,22.3801,20-40,False,1,True,-26,hypoattenuating,0.457224,True,body,mask_ring,0.591988,inside,False,True,54.3382,7.5868,6,56,2225,0.591988,0.996819,26.5,10,26.5,10,18.5,30,18.5,30,26.5,10,26.5,10,-26,hypo,-2.614,False,0.725,,1.5-2.5,True,False,True,False,32,,32,,34,37,34,37,32,,32,,0.735,0.9,0.735,0.9
PanTS_00004055,1,3,train,Arterial,0.892578,0.892578,2.5,2,2.5,1576,3138.98,24.9047,20-40,False,2,True,1,isoattenuating,0,False,head,mask_ring,0.255564,inside,False,False,,9.08308,10,86,1376,0.255564,1,65.5,40.5,65.5,40.5,38.5,62.5,38.5,62.5,38.5,62.5,38.5,62.5,1,iso,0.08618,True,0.93,,1.5-2.5,True,False,False,False,19,32,19,32,27,,27,,27,,27,,0.615,0.375,0.615,0.375
PanTS_00004055,2,3,train,Arterial,0.892578,0.892578,2.5,2,2.5,1563,3113.09,27.9063,20-40,False,2,False,19,hyperattenuating,0.73439,True,head,mask_ring,0.487967,inside,False,False,,9.05804,10,89,1376,0.487967,1,10.5,9.5,10.5,9.5,36.5,70.5,36.5,70.5,36.5,70.5,36.5,70.5,23,hyper,1.982,False,0.655,,1.5-2.5,True,False,True,False,39,,39,,,8,,8,,8,,8,0.635,0.295,0.635,0.295
PanTS_00004058,1,0,train,Venous,0.951172,0.951172,5,2,5,2511,11358.9,37.3828,20-40,False,1,True,8,isoattenuating,0.523852,True,head,mask_ring,0.128356,inside,False,True,6.28297,13.9449,10,283,1766,0.128356,1,81.5,81.5,81.5,81.5,67.5,39.5,67.5,39.5,67.5,39.5,67.5,39.5,7,iso,0.8798,False,0.07,,2.5-5,True,False,False,False,,,,,48,,48,,48,,48,,0.325,0.605,0.325,0.605
PanTS_00004064,1,1,train,Venous,0.703125,0.703125,2.5,2,2.5,4201,5192.28,30.2105,20-40,False,1,True,115,hyperattenuating,0,False,head,mask_ring,0.140027,inside,False,True,2.22348,10.7421,10,140,760,0.140027,1,0,11,0,11,0,15,0,15,0,15,0,15,120,hyper,8.227,True,0.94,33,1.5-2.5,True,False,True,False,33,25,33,25,30,14,30,14,30,14,30,14,1,0.85,1,0.85
PanTS_00004069,1,4,train,Non-contrast,0.685547,0.685547,5,2,5,5178,12167.6,43.6518,>=40,False,3,True,-12,hypoattenuating,0.084705,True,head,mask_ring,0.13989,inside,False,False,,14.2683,10,303,1839,0.13989,1,10,5,10,5,28,5.5,28,5.5,28,5.5,28,5.5,-10,iso,-0.7938,False,0.73,,2.5-5,False,False,False,False,21,27,21,27,14,25,14,25,14,25,14,25,0.72,0.945,0.72,0.945
PanTS_00004069,2,4,train,Non-contrast,0.685547,0.685547,5,2,5,167,392.429,10.2419,10-20,False,3,False,-13,hypoattenuating,0,False,tail,mask_ring,0.697705,inside,False,False,,4.54176,6,16,1839,0.697705,1,10,40.5,10,40.5,0.5,26.5,0.5,26.5,10,40.5,10,40.5,-3.5,iso,-0.2778,True,0.605,,2.5-5,False,False,False,False,,,,,,,,,,,,,0.9,0.595,0.9,0.595
PanTS_00004069,3,4,train,Non-contrast,0.685547,0.685547,5,2,5,36,84.5954,5.22097,5-10,False,3,False,-14,hypoattenuating,0,False,tail,mask_ring,0.80692,inside,False,False,,2.72324,6,4,1839,0.80692,1,12,48,12,48,43,28,43,28,12,48,12,48,-12,hypo,-0.9526,True,0.985,,2.5-5,False,False,False,False,,,,,,,,,,,,,0.88,0.52,0.88,0.52
PanTS_00004078,1,1,train,Non-contrast,0.742188,0.742188,0.8,2,0.8,6211,2737.03,42.806,>=40,False,1,True,-1,isoattenuating,0,False,head,mask_ring,0.284367,embedded,False,True,27.3302,8.67754,10,61,2277,0.284367,0.659636,36,43.5,36,43.5,80,89,80,89,80,89,80,89,-5,iso,-0.1169,True,0.625,38,<=1.5,False,False,False,False,43,30,43,30,10,,10,,10,,10,,0.2,0.11,0.2,0.11
PanTS_00004085,1,2,train,Venous,0.976562,0.976562,1.5,2,1.5,644,921.248,15.0055,10-20,False,1,True,1,isoattenuating,0.0395738,True,head,mask_ring,0.296292,inside,False,True,4.40637,6.03619,6,29,1701,0.296292,1,6,7.5,6,7.5,3.5,4,3.5,4,6,7.5,6,7.5,0.5,iso,0.05586,False,1,,<=1.5,True,False,False,False,,,,,,,,,,,,,0.94,0.925,0.94,0.925
PanTS_00004117,1,0,train,Venous,0.898438,0.898438,2.5,2,2.5,2668,5383.96,26.2975,20-40,False,1,True,56,hyperattenuating,0,False,head,mask_ring,0.0348611,inside,False,True,2.54117,10.8727,10,145,2827,0.0348611,1,100,100,100,100,100,100,100,100,100,100,100,100,65,hyper,5.446,True,0.105,5,1.5-2.5,True,False,True,False,1,1,1,1,2,1,2,1,2,1,2,1,0,0,0,0
PanTS_00004121,1,1,train,Arterial,0.703125,0.703125,5,2,5,1028,2541.14,28.0041,20-40,False,1,True,-8,isoattenuating,0,False,tail,mask_ring,0.921389,inside,False,False,,8.46538,10,70,1684,0.921389,0.959144,23.5,63,23.5,63,19,75.5,19,75.5,19,75.5,19,75.5,-1,iso,-0.1508,True,0.52,,2.5-5,True,False,False,False,32,16,32,16,21,10,21,10,21,10,21,10,0.81,0.245,0.81,0.245
PanTS_00004122,1,2,train,Arterial,0.957031,0.957031,2.5,2,2.5,1585,3629.29,23.6634,20-40,False,1,True,8,isoattenuating,0.779462,True,head,mask_ring,0.182449,inside,False,True,5.76569,9.53332,10,104,1958,0.182449,1,17,12,17,12,18.5,16.5,18.5,16.5,18.5,16.5,18.5,16.5,7,iso,0.6398,False,0.34,,1.5-2.5,True,False,False,False,31,43,31,43,36,,36,,36,,36,,0.815,0.835,0.815,0.835
PanTS_00004123,1,0,train,Arterial,1.5,1.5,1.5,2,1.5,1700,5737.5,27.2489,20-40,False,1,True,20,hyperattenuating,0.317665,True,head,mask_ring,0.0999653,inside,False,True,58.2495,11.1057,10,157,490,0.0999653,1,6,34.5,6,34.5,0,100,0,100,0,100,0,100,23,hyper,1.692,False,0.86,13,<=1.5,True,False,True,False,25,24,25,24,9,17,9,17,9,17,9,17,1,0,1,0
PanTS_00004124,1,3,train,Arterial,0.904297,0.904297,2.5,2,2.5,141,288.258,11.3951,10-20,False,1,True,-17,hypoattenuating,0,False,head,mask_ring,0.222802,inside,False,True,17.4482,4.09793,6,15,1580,0.222802,1,85,44.5,85,44.5,47.5,75.5,47.5,75.5,85,44.5,85,44.5,-17.5,hypo,-1.508,True,0.85,,1.5-2.5,True,True,False,False,18,,18,,43,22,43,22,18,,18,,0.15,0.555,0.15,0.555
PanTS_00004155,1,0,train,Arterial,0.703125,0.703125,1,2,1,84858,41952.5,104.573,>=40,False,2,True,-68,hypoattenuating,0.0021895,True,tail,mask_ring,0.940253,abutting,False,True,0.703125,21.5554,10,46,735,0.940253,0.0375333,60,22,60,22,42.5,55,42.5,55,42.5,55,42.5,55,-70,hypo,-8.798,False,1,36,<=1.5,True,False,False,True,8,,8,,12,9,12,9,12,9,12,9,0.575,0.45,0.575,0.45
PanTS_00004155,2,0,train,Arterial,0.703125,0.703125,1,2,1,645,318.878,13.5203,10-20,False,2,False,-53,hypoattenuating,0,False,tail,pc1_boundary,1.7152,separated,True,True,76.476,4.23817,6,0,735,1.7152,0,,,,,,,,,,,,,-60,hypo,-7.541,True,,,<=1.5,True,True,False,False,,,,,,,,,,,,,,,,
PanTS_00004157,1,1,train,Venous,0.925781,0.925781,2.5,2,2.5,3918,8395.01,27.228,20-40,False,1,True,8.5,isoattenuating,0.86362,True,tail,mask_ring,0.76418,inside,False,True,0,12.6079,10,205,1841,0.76418,1,3,5,3,5,21.5,0.5,21.5,0.5,21.5,0.5,21.5,0.5,-3,iso,-0.1483,False,0.995,,1.5-2.5,True,False,False,False,27,,27,,22,41,22,41,22,41,22,41,0.785,0.995,0.785,0.995
PanTS_00004190,1,2,train,Venous,0.894531,0.894531,2.5,2,2.5,9042,18088.2,48.335,>=40,False,1,True,77,hyperattenuating,0.689287,True,head,mask_ring,0.129016,inside,False,True,29.4933,16.2843,10,413,1848,0.129016,1,85,100,85,100,44,100,44,100,44,100,44,100,78,hyper,4.278,False,0.07,4,1.5-2.5,True,False,False,True,4,45,4,45,9,4,9,4,9,4,9,4,0.56,0,0.56,0
PanTS_00004208,1,3,train,Non-contrast,0.859375,0.859375,0.8,2,0.8,6214,3671.36,31.6878,20-40,False,1,True,0,isoattenuating,0.0566641,True,head,mask_ring,0.355089,inside,False,True,16.7007,9.57002,10,89,1150,0.355089,0.936595,51,77.5,51,77.5,7.5,48.5,7.5,48.5,7.5,48.5,7.5,48.5,-2,iso,-0.07182,False,0.88,49,<=1.5,False,False,False,False,10,7,10,7,40,32,40,32,40,32,40,32,0.925,0.515,0.925,0.515
PanTS_00004225,1,2,train,Arterial,0.701172,0.701172,5,2,5,2227,5474.43,37.2721,20-40,False,3,True,-17,hypoattenuating,0.0311314,True,tail,pc1_boundary,1.20208,separated,True,True,63.3227,10.9333,10,0,872,1.20208,0,,,,,,,,,,,,,-21.5,hypo,-2.162,False,,,2.5-5,True,False,True,False,,,,,,,,,,,,,,,,
PanTS_00004225,2,2,train,Arterial,0.701172,0.701172,5,2,5,1999,4913.96,35.1444,20-40,False,3,False,-9,isoattenuating,0,False,body,mask_ring,0.625669,inside,False,True,12.9071,10.5466,10,101,872,0.625669,0.804902,90,90,90,90,86.5,85.5,86.5,85.5,86.5,85.5,86.5,85.5,-8,iso,-0.8044,True,0.98,,2.5-5,True,False,False,False,,39,,39,7,31,7,31,7,31,7,31,0.135,0.145,0.135,0.145
PanTS_00004225,3,2,train,Arterial,0.701172,0.701172,5,2,5,1480,3638.15,23.9797,20-40,False,3,False,12,hyperattenuating,0.343847,True,head,mask_ring,0.167065,inside,False,True,58.9427,9.54108,10,96,872,0.167065,0.922297,100,94,100,94,94,89,94,89,94,89,94,89,20,hyper,2.011,False,0.15,4,2.5-5,True,False,True,False,3,3,3,3,3,4,3,4,3,4,3,4,0.06,0.11,0.06,0.11
PanTS_00004231,1,2,train,Venous,0.742188,0.742188,2.5,2,2.5,8857,12197,35.4982,20-40,False,1,True,-48,hypoattenuating,0.847877,True,body,mask_ring,0.559904,inside,False,True,0,14.2798,10,292,1258,0.559904,1,33.5,0,33.5,0,0,0,0,0,0,0,0,0,-57,hypo,-4.776,False,1,,1.5-2.5,True,False,True,False,5,46,5,46,22,38,22,38,22,38,22,38,1,1,1,1
PanTS_00004243,1,4,train,Arterial,0.794922,0.794922,1.25,2,1.25,19947,15755.7,63.189,>=40,False,1,True,-10,isoattenuating,0.790334,True,body,mask_ring,0.426789,inside,False,True,0,15.5519,10,361,969,0.426789,0.99604,41.5,100,41.5,100,100,100,100,100,100,100,100,100,-8,iso,-0.409,False,0.985,50,<=1.5,True,False,False,False,5,2,5,2,1,3,1,3,1,3,1,3,0,0,0,0
PanTS_00004262,1,4,train,Non-contrast,0.851562,0.851562,1,2,1,6132,4446.67,30.4366,20-40,False,1,True,-3,isoattenuating,0,False,head,mask_ring,0.177983,inside,False,True,21.0978,10.2011,10,120,1546,0.177983,1,53,16.5,53,16.5,51,17.5,51,17.5,51,17.5,51,17.5,-3,iso,-0.06418,True,0.77,,<=1.5,False,False,False,False,10,23,10,23,10,20,10,20,10,20,10,20,0.49,0.825,0.49,0.825
PanTS_00004267,1,3,train,Non-contrast,0.898438,0.898438,0.8,2,0.8,500,322.876,13.5747,10-20,False,2,False,14,hyperattenuating,0,False,head,mask_ring,0.20528,inside,False,True,61.3769,4.25581,6,16,2487,0.20528,1,96.5,88.5,96.5,88.5,87.5,100,87.5,100,96.5,88.5,96.5,88.5,15,hyper,0.3901,True,0.97,,<=1.5,False,False,False,False,,,,,23,,23,,,,,,0.035,0.115,0.035,0.115
PanTS_00004267,2,3,train,Non-contrast,0.898438,0.898438,0.8,2,0.8,981,633.483,13.8979,10-20,False,2,True,16,hyperattenuating,0,False,body,mask_ring,0.352826,inside,False,True,38.3886,5.32781,6,26,2487,0.352826,1,34,17,34,17,29,33.5,29,33.5,34,17,34,17,21,hyper,0.5461,True,0.99,,<=1.5,False,False,False,False,,,,,,,,,,,,,0.66,0.83,0.66,0.83
PanTS_00004268,1,4,train,Venous,0.855469,0.855469,2.5,2,2.5,3262,5968.05,28.3601,20-40,False,1,True,-15,hypoattenuating,0.664084,True,head,mask_ring,0.0803843,inside,False,True,2.41963,11.2525,10,154,1379,0.0803843,1,63,0,63,0,80.5,0,80.5,0,80.5,0,80.5,0,-20,hypo,-1.828,False,1,,1.5-2.5,True,False,True,False,4,,4,,4,,4,,4,,4,,0.195,1,0.195,1
PanTS_00004301,1,1,train,Arterial,0.853516,0.853516,1.25,2,1.25,66867,60889.9,75.9945,>=40,False,1,True,3,isoattenuating,0.508806,True,body,mask_ring,0.554315,abutting,False,True,0,24.4054,10,600,1321,0.554315,0.499963,100,100,100,100,100,100,100,100,100,100,100,100,6,iso,0.2662,False,0,1,<=1.5,True,False,False,False,1,1,1,1,1,1,1,1,1,1,1,1,0,0,0,0
PanTS_00004313,1,4,train,Non-contrast,0.880859,0.880859,0.8,2,0.8,2830,1756.67,21.09,20-40,False,2,True,0,isoattenuating,0,False,head,mask_ring,0.0601764,inside,False,True,18.3962,7.48515,6,54,2219,0.0601764,1,16,1,16,1,15,0,15,0,16,1,16,1,3,iso,0.06418,True,0.51,45,<=1.5,False,False,False,False,,,,,42,,42,,,,,,0.84,0.99,0.84,0.99
PanTS_00004313,2,4,train,Non-contrast,0.880859,0.880859,0.8,2,0.8,8,4.96584,2.55654,<5,True,2,False,-7.5,isoattenuating,0,False,head,mask_ring,0.0998989,inside,False,True,16.5923,1.05836,6,1,2219,0.0998989,1,46.5,42.5,46.5,42.5,38,7,38,7,46.5,42.5,46.5,42.5,-7.5,iso,-0.1604,True,0.7,,<=1.5,False,False,False,False,,,,,,,,,,,,,0.535,0.575,0.535,0.575
PanTS_00004323,1,2,train,Non-contrast,0.892578,0.892578,2.5,2,2.5,847,1687,27.3019,20-40,False,1,True,-28,hypoattenuating,0,False,tail,mask_ring,0.676219,inside,False,True,65.5945,7.38486,6,59,2719,0.676219,1,66,14.5,66,14.5,47.5,52.5,47.5,52.5,66,14.5,66,14.5,-30.5,hypo,-2.556,True,0.69,,1.5-2.5,False,False,False,False,,,,,36,,36,,,,,,0.34,0.855,0.34,0.855
PanTS_00004329,1,1,train,Non-contrast,0.78125,0.78125,0.8,2,0.8,8363,4083.5,39.2099,20-40,False,3,True,2,isoattenuating,0,False,head,mask_ring,0.0222719,inside,False,False,,9.9155,10,137,1694,0.0222719,0.986369,19,1,19,1,0,0,0,0,0,0,0,0,2,iso,0.1117,True,0.65,,<=1.5,False,False,False,False,19,46,19,46,,,,,,,,,1,1,1,1
PanTS_00004329,2,1,train,Non-contrast,0.78125,0.78125,0.8,2,0.8,1276,623.047,17.7703,10-20,False,3,False,-7,isoattenuating,0,False,head,mask_ring,0.177857,embedded,False,False,,5.29839,6,24,1694,0.177857,0.876959,65,15.5,65,15.5,50,12.5,50,12.5,65,15.5,65,15.5,-8,iso,-0.4469,True,0.82,,<=1.5,False,False,False,False,24,,24,,31,,31,,24,,24,,0.35,0.845,0.35,0.845
PanTS_00004329,3,1,train,Non-contrast,0.78125,0.78125,0.8,2,0.8,6,2.92969,1.78055,<5,True,3,False,-42,hypoattenuating,0,False,head,pc1_boundary,0.246787,abutting,False,False,,0.887655,6,0,1694,0.246787,1,,,,,,,,,,,,,-42,hypo,-2.346,True,0.45,,<=1.5,False,False,False,False,,,,,,,,,,,,,,,,
PanTS_00004360,1,1,train,Arterial,0.724609,0.724609,5,2,5,30824,80922,93.3867,>=40,False,2,True,-27,hypoattenuating,0,False,body,mask_ring,0.510219,abutting,False,True,47.4278,26.8324,10,39,1866,0.510219,0.0085972,34,6.5,34,6.5,30.5,29,30.5,29,30.5,29,30.5,29,-31,hypo,-2.033,True,1,,2.5-5,True,False,False,True,44,,44,,40,,40,,40,,40,,0.695,0.71,0.695,0.71
PanTS_00004360,2,1,train,Arterial,0.724609,0.724609,5,2,5,1088,2856.32,23.3731,20-40,False,2,False,-6,isoattenuating,0.353953,True,head,mask_ring,0.182247,inside,False,True,27.6171,8.80182,10,78,1866,0.182247,0.998162,64,65,64,65,60.5,63,60.5,63,60.5,63,60.5,63,-6,iso,-0.3934,False,0.695,,2.5-5,True,False,False,False,46,,46,,,26,,26,,26,,26,0.395,0.37,0.395,0.37
PanTS_00004366,1,0,train,Arterial,1.5,1.5,1.5,2,1.5,90,303.75,12.5499,10-20,False,1,True,-52,hypoattenuating,0.516746,True,head,mask_ring,0.124608,separated,True,True,14.3091,4.17006,6,0,1443,0.124608,0,,,,,,,,,,,,,-59,hypo,-5.393,False,,,<=1.5,True,True,False,False,,,,,,,,,,,,,,,,
PanTS_00004408,1,2,train,Venous,0.927734,0.927734,2.5,2,2.5,1476,3175.95,23.7262,20-40,False,1,True,-35,hypoattenuating,0.380265,True,head,mask_ring,0.104581,inside,False,True,4.84395,9.1186,10,96,2101,0.104581,1,100,62,100,62,100,21,100,21,100,21,100,21,-47,hypo,-4.573,False,1,,1.5-2.5,True,False,True,False,1,15,1,15,1,35,1,35,1,35,1,35,0,0.79,0,0.79
PanTS_00004420,1,3,train,Venous,0.916016,0.916016,2.5,2,2.5,3521,7386.05,35.2374,20-40,False,1,True,-34,hypoattenuating,0.765281,True,head,mask_ring,0.154734,inside,False,True,5,12.0811,10,189,1185,0.154734,1,23.5,0,23.5,0,8.5,0,8.5,0,8.5,0,8.5,0,-42,hypo,-2.639,False,0.84,,1.5-2.5,True,False,True,False,14,,14,,16,37,16,37,16,37,16,37,0.915,1,0.915,1
PanTS_00004426,1,0,train,Arterial,0.783203,0.783203,3,2,3,348,640.397,15.7163,10-20,False,1,True,-0.5,isoattenuating,0,False,head,mask_ring,0.192294,inside,False,True,18.4851,5.34712,6,25,1856,0.192294,1,12.5,3,12.5,3,76.5,42.5,76.5,42.5,12.5,3,12.5,3,6.5,iso,0.5446,True,0.985,,2.5-5,True,False,False,False,,,,,,,,,,,,,0.875,0.97,0.875,0.97
PanTS_00004438,1,0,train,Arterial,0.976562,0.976562,3,2,3,703,2011.3,20.8179,20-40,False,1,True,-43,hypoattenuating,0,False,body,mask_ring,0.48542,abutting,False,True,18.7525,7.83062,6,15,1541,0.48542,0.0753912,52,13,52,13,29.5,8.5,29.5,8.5,52,13,52,13,-37,hypo,-5.073,True,0.915,,2.5-5,True,False,True,False,43,,43,,,,,,43,,43,,0.48,0.87,0.48,0.87
PanTS_00004448,1,0,train,Arterial,0.738281,0.738281,2.5,2,2.5,8787,11973.6,33.8146,20-40,False,1,True,16,hyperattenuating,0.885115,True,head,mask_ring,0.214106,inside,False,True,1.47656,14.1921,10,286,1220,0.214106,1,65,0,65,0,49,8,49,8,49,8,49,8,13,hyper,0.8003,False,0.38,,1.5-2.5,True,False,True,False,5,32,5,32,6,31,6,31,6,31,6,31,0.51,0.92,0.51,0.92
PanTS_00004449,1,1,train,Venous,0.771484,0.771484,0.7,2,0.7,2805,1168.65,16.6015,10-20,False,1,True,20,hyperattenuating,0.806705,True,head,mask_ring,0.171235,abutting,False,True,17.4836,6.5343,6,34,1200,0.171235,0.996435,40,3,40,3,3.5,4,3.5,4,40,3,40,3,18,hyper,1.024,False,0.99,,<=1.5,True,True,False,False,27,45,27,45,50,45,50,45,27,45,27,45,0.6,0.97,0.6,0.97
PanTS_00004454,1,1,train,Non-contrast,0.832031,0.832031,0.7,2,0.7,584,283.002,13.501,10-20,False,4,False,-13,hypoattenuating,0.000125142,True,head,mask_ring,0.330318,abutting,False,True,38.3771,4.07287,6,11,4393,0.330318,0.919521,27.5,30,27.5,30,8.5,47.5,8.5,47.5,27.5,30,27.5,30,-15,hypo,-1.052,False,0.495,,<=1.5,False,False,False,False,,,,,,,,,,,,,0.725,0.7,0.725,0.7
PanTS_00004454,2,1,train,Non-contrast,0.832031,0.832031,0.7,2,0.7,645,312.563,15.3677,10-20,False,4,False,-10,isoattenuating,3.57353e-05,True,body,mask_ring,0.258842,abutting,False,True,68.0873,4.21001,6,1,4393,0.258842,0.0232558,57,27.5,57,27.5,1.5,14.5,1.5,14.5,57,27.5,57,27.5,-12,hypo,-0.8418,False,0.86,,<=1.5,False,False,False,False,,,,,,,,,,,,,0.43,0.725,0.43,0.725
PanTS_00004454,3,1,train,Non-contrast,0.832031,0.832031,0.7,2,0.7,921,446.31,17.1916,10-20,False,4,True,-8,isoattenuating,0,False,body,mask_ring,0.0718328,inside,False,True,97.9018,4.74078,6,25,4393,0.0718328,1,86.5,50.5,86.5,50.5,77.5,74.5,77.5,74.5,86.5,50.5,86.5,50.5,-5,iso,-0.3507,True,0.635,,<=1.5,False,False,False,False,32,,32,,39,39,39,39,32,,32,,0.135,0.495,0.135,0.495
PanTS_00004454,4,1,train,Non-contrast,0.832031,0.832031,0.7,2,0.7,561,271.857,17.1916,10-20,False,4,False,-20,hypoattenuating,0.000107287,True,head,pc1_boundary,0.357397,separated,True,True,62.911,4.01868,6,0,4393,0.357397,0,,,,,,,,,,,,,-17.5,hypo,-1.228,False,,,<=1.5,False,False,False,False,,,,,,,,,,,,,,,,
PanTS_00004475,1,1,train,Venous,0.65625,0.65625,3,2,3,2175,2810.08,37.3653,20-40,False,1,True,-90,hypoattenuating,0,False,tail,mask_ring,0.768166,inside,False,True,0,8.75407,10,85,1809,0.768166,1,44.5,26,44.5,26,9.5,35,9.5,35,9.5,35,9.5,35,-99,hypo,-11.95,True,0.41,48,2.5-5,True,False,True,False,22,,22,,28,34,28,34,28,34,28,34,0.905,0.65,0.905,0.65
PanTS_00004483,1,1,train,Venous,0.820312,0.820312,5,2,5,3280,11035.8,38.1286,20-40,False,1,True,-5,isoattenuating,0.413049,True,head,mask_ring,0.270834,inside,False,True,3.28125,13.8114,10,254,2423,0.270834,0.999085,22.5,100,22.5,100,51,54.5,51,54.5,51,54.5,51,54.5,-5,iso,-0.3279,False,0.59,35,2.5-5,True,False,False,False,14,3,14,3,17,11,17,11,17,11,17,11,0.49,0.455,0.49,0.455
PanTS_00004497,1,1,train,Non-contrast,0.78125,0.78125,3,2,3,5220,9558.11,33.1902,20-40,False,1,True,4,isoattenuating,0,False,head,mask_ring,0.0470725,inside,False,True,0.78125,13.1652,10,195,1951,0.0470725,0.928161,2.5,62.5,2.5,62.5,0,29.5,0,29.5,0,29.5,0,29.5,7,iso,0.5707,True,0.26,31,2.5-5,False,False,False,False,38,9,38,9,,15,,15,,15,,15,1,0.705,1,0.705
PanTS_00004503,1,4,train,Non-contrast,0.703125,0.703125,0.8,2,0.8,16675,6595.09,56.7139,>=40,False,2,True,-17,hypoattenuating,0.000836179,True,head,mask_ring,0.0285479,abutting,False,True,6.97103,11.6335,10,88,1631,0.0285479,0.381229,87,62.5,87,62.5,81,66,81,66,81,66,81,66,-18,hypo,-0.9872,False,0.89,40,<=1.5,False,False,False,False,4,12,4,12,5,13,5,13,5,13,5,13,0.19,0.34,0.19,0.34
PanTS_00004503,2,4,train,Non-contrast,0.703125,0.703125,0.8,2,0.8,12,4.74609,2.78164,<5,True,2,False,30.5,hyperattenuating,0,False,head,pc1_boundary,0.0970742,separated,True,True,39.283,1.04252,6,0,1631,0.0970742,0,,,,,,,,,,,,,30.5,hyper,1.673,True,,,<=1.5,False,False,False,False,,,,,,,,,,,,,,,,
PanTS_00004506,1,1,train,Venous,0.732422,0.732422,5,2,5,473,1268.69,16.1204,10-20,False,1,True,4,isoattenuating,0,False,tail,mask_ring,0.776079,inside,False,True,53.9185,6.71566,6,42,1252,0.776079,1,25.5,69.5,25.5,69.5,69,11,69,11,25.5,69.5,25.5,69.5,10,iso,2.011,True,0.915,,2.5-5,True,False,False,False,26,14,26,14,13,,13,,26,14,26,14,0.745,0.305,0.745,0.305
PanTS_00004513,1,0,train,Venous,0.820312,0.820312,1,2,1,7011,4717.79,34.5096,20-40,False,1,True,22,hyperattenuating,0.651757,True,head,mask_ring,0.568765,inside,False,True,0.820312,10.4044,10,126,1539,0.568765,0.935958,0,0,0,0,62.5,83,62.5,83,62.5,83,62.5,83,26,hyper,1.961,False,0.2,7,<=1.5,True,False,True,False,42,,42,,6,3,6,3,6,3,6,3,0.375,0.17,0.375,0.17
PanTS_00004517,1,2,train,Arterial,0.742188,0.742188,1.25,2,1.25,27148,18692.9,44.8612,>=40,False,1,True,-6,isoattenuating,0.357361,True,head,mask_ring,0.260501,abutting,False,True,7.64129,16.4638,10,100,2051,0.260501,0.199094,1.5,64.5,1.5,64.5,32.5,63.5,32.5,63.5,32.5,63.5,32.5,63.5,1,iso,0.04076,False,0.72,12,<=1.5,True,False,False,False,,,,,32,17,32,17,32,17,32,17,0.675,0.365,0.675,0.365
PanTS_00004521,1,1,train,Venous,0.472656,0.472656,5,2,5,3658,4086.06,35.5168,20-40,False,1,True,-12,hypoattenuating,0.165816,True,tail,mask_ring,1.00389,abutting,False,True,66.2683,9.91757,10,5,841,1.00389,0.0511208,98.5,96.5,98.5,96.5,71.5,87,71.5,87,71.5,87,71.5,87,-12,hypo,-4.525,False,0.845,22,2.5-5,True,False,True,False,3,4,3,4,,10,,10,,10,,10,0.285,0.13,0.285,0.13
PanTS_00004523,1,4,train,Arterial,0.742188,0.742188,1.25,2,1.25,22977,15820.9,45.4254,>=40,False,1,True,-9,isoattenuating,0.633368,True,head,mask_ring,0.181394,inside,False,True,0,15.5733,10,364,716,0.181394,1,0,41.5,0,41.5,100,50,100,50,100,50,100,50,-11,hypo,-0.6381,False,0.675,24,<=1.5,True,False,False,True,5,3,5,3,1,3,1,3,1,3,1,3,0,0.5,0,0.5
PanTS_00004538,1,4,train,Venous,1.5,1.5,1.5,2,1.5,1478,4988.25,45.1498,>=40,False,1,True,7,isoattenuating,0.0787315,True,head,mask_ring,0.143279,inside,False,True,4.97494,10.5995,10,147,807,0.143279,0.988498,100,100,100,100,100,100,100,100,100,100,100,100,16,hyper,0.2209,False,0,2,<=1.5,True,False,False,True,4,4,4,4,6,,6,,6,,6,,0,0,0,0
PanTS_00004539,1,4,train,Venous,0.880859,0.880859,2.5,2,2.5,5089,9871.55,40.1159,>=40,False,1,True,13,hyperattenuating,0.726281,True,tail,mask_ring,0.871543,inside,False,False,,13.3076,10,244,1119,0.871543,1,10.5,14,10.5,14,33.5,1.5,33.5,1.5,33.5,1.5,33.5,1.5,14,hyper,0.5088,False,0.985,46,1.5-2.5,True,False,False,True,11,11,11,11,6,20,6,20,6,20,6,20,0.665,0.985,0.665,0.985
PanTS_00004540,1,3,train,Venous,5,0.820312,0.820312,0,5,3280,11035.8,38.1286,20-40,False,1,True,-6,isoattenuating,0.625,True,head,mask_ring,,inside,False,True,3.28125,13.8114,10,231,1775,,0.973476,86,87.5,86,87.5,78,69,78,69,78,69,78,69,-8,iso,-0.5134,False,0.835,,2.5-5,True,False,False,False,4,3,4,3,5,4,5,4,5,4,5,4,0.22,0.31,0.22,0.31
PanTS_00004542,1,0,train,Venous,0.734375,0.734375,2.5,2,2.5,5235,7058.18,35.4849,20-40,False,1,True,-108,hypoattenuating,0,False,body,mask_ring,0.708688,inside,False,True,8.95182,11.8997,10,177,2844,0.708688,1,94,67,94,67,87.5,94.5,87.5,94.5,87.5,94.5,87.5,94.5,-114,hypo,-11.86,True,0.77,41,1.5-2.5,True,False,True,False,3,12,3,12,4,2,4,2,4,2,4,2,0.125,0.055,0.125,0.055
PanTS_00004571,1,0,train,Non-contrast,0.78125,0.78125,0.8,2,0.8,15908,7767.58,32.8297,20-40,False,1,True,13,hyperattenuating,0.752932,True,head,mask_ring,0.0783804,embedded,False,False,,12.2857,10,180,1291,0.0783804,0.97957,3.5,14.5,3.5,14.5,72.5,56,72.5,56,72.5,56,72.5,56,16,hyper,0.3549,False,0.645,23,<=1.5,False,False,False,False,38,34,38,34,3,8,3,8,3,8,3,8,0.275,0.44,0.275,0.44
PanTS_00004597,1,0,train,Venous,0.791016,0.791016,2.5,2,2.5,4516,7064.22,35.0989,20-40,False,1,True,1,isoattenuating,0.669683,True,head,mask_ring,0.225803,inside,False,True,2.5,11.9031,10,197,875,0.225803,1,21.5,0,21.5,0,8,26.5,8,26.5,8,26.5,8,26.5,0,iso,0,False,0.555,13,1.5-2.5,True,False,False,False,10,38,10,38,12,8,12,8,12,8,12,8,0.92,0.735,0.92,0.735
PanTS_00004602,1,1,train,Arterial,0.621094,0.621094,5,2,5,1139,2196.89,20.7135,20-40,False,1,True,-17,hypoattenuating,0,False,head,mask_ring,0.336513,embedded,False,True,15.8503,8.06442,10,47,1580,0.336513,0.582968,87,81,87,81,89.5,48,89.5,48,89.5,48,89.5,48,-21,hypo,-5.759,True,0.985,,2.5-5,True,False,True,False,6,11,6,11,7,,7,,7,,7,,0.105,0.52,0.105,0.52
PanTS_00004669,1,3,train,Venous,0.976562,0.976562,1,2,1,1989,1896.86,24.4507,20-40,False,3,False,-33,hypoattenuating,0,False,head,pc1_boundary,0.240968,separated,True,True,46.8728,7.67919,6,0,2275,0.240968,0,,,,,,,,,,,,,-31,hypo,-2.033,True,,,<=1.5,True,False,True,False,,,,,,,,,,,,,,,,
PanTS_00004669,2,3,train,Venous,0.976562,0.976562,1,2,1,12534,11953.4,44.1929,>=40,False,3,True,-33,hypoattenuating,0,False,tail,mask_ring,0.754684,separated,True,True,85.4274,14.1841,10,2,2275,0.754684,0.000478698,99.5,84,99.5,84,100,87.5,100,87.5,100,87.5,100,87.5,-34,hypo,-2.23,True,0.98,,<=1.5,True,False,False,True,20,,20,,,,,,,,,,0,0.125,0,0.125
PanTS_00004669,3,3,train,Venous,0.976562,0.976562,1,2,1,483,460.625,22.6065,20-40,False,3,False,-26,hypoattenuating,0,False,tail,pc1_boundary,0.929555,separated,True,True,134.32,4.79093,6,0,2275,0.929555,0,,,,,,,,,,,,,-22,hypo,-1.443,True,,,<=1.5,True,False,True,False,,,,,,,,,,,,,,,,
PanTS_00004671,1,0,train,Venous,0.744141,0.744141,2.5,2,2.5,716,991.204,25.0724,20-40,False,2,False,-15,hypoattenuating,0,False,head,mask_ring,0.0182739,abutting,False,True,0.744141,6.18526,6,3,619,0.0182739,0,33.5,0,33.5,0,54.5,11.5,54.5,11.5,33.5,0,33.5,0,-16.5,hypo,-1.659,True,1,,1.5-2.5,True,False,True,False,,,,,,,,,,,,,0.665,1,0.665,1
PanTS_00004671,2,0,train,Venous,0.744141,0.744141,2.5,2,2.5,3620,5011.39,34.8163,20-40,False,2,True,-16,hypoattenuating,0.497681,True,head,mask_ring,0.276887,abutting,False,True,0.744141,10.6159,10,21,619,0.276887,0.164088,75,100,75,100,93,70.5,93,70.5,93,70.5,93,70.5,-17,hypo,-1.709,False,1,,1.5-2.5,True,False,True,False,13,1,13,1,,12,,12,,12,,12,0.07,0.295,0.07,0.295
PanTS_00004673,1,4,train,Venous,0.804688,0.804688,5,2,5,1803,5837.42,34.582,20-40,False,1,True,1,isoattenuating,0.422209,True,head,mask_ring,0.19371,inside,False,True,9.38419,11.1698,10,156,1873,0.19371,1,80.5,92.5,80.5,92.5,21,100,21,100,21,100,21,100,0,iso,0,False,0.51,31,2.5-5,True,False,False,False,7,,7,,31,1,31,1,31,1,31,1,0.79,0,0.79,0
PanTS_00004677,1,3,train,Arterial,0.742188,0.742188,1.25,2,1.25,15510,10679.5,41.5794,>=40,False,1,True,-3,isoattenuating,0.719363,True,head,mask_ring,0.157142,inside,False,True,0,13.6611,10,230,649,0.157142,0.956609,49.5,33,49.5,33,55.5,28.5,55.5,28.5,55.5,28.5,55.5,28.5,1,iso,0.07015,False,0.925,12,<=1.5,True,False,False,False,2,9,2,9,4,10,4,10,4,10,4,10,0.445,0.715,0.445,0.715
PanTS_00004681,1,1,train,Arterial,0.722656,0.722656,0.8,2,0.8,492,205.55,12.2041,10-20,False,1,True,13,hyperattenuating,0,False,head,mask_ring,0.0719097,embedded,False,True,58.189,3.66109,6,13,1469,0.0719097,0.99187,49,8.5,49,8.5,86.5,80.5,86.5,80.5,49,8.5,49,8.5,18,hyper,0.445,True,0.75,,<=1.5,True,True,False,False,,,,,,10,,10,,,,,0.51,0.915,0.51,0.915
PanTS_00004703,1,4,train,Venous,0.742188,0.742188,1.25,2,1.25,1378,948.827,18.9222,10-20,False,1,True,-38,hypoattenuating,0,False,head,mask_ring,-0.0175795,inside,False,True,5.76553,6.09583,6,32,1010,-0.0175795,0.985486,99,48,99,48,71,6,71,6,99,48,99,48,-37,hypo,-4.134,True,0.975,,<=1.5,True,True,False,False,2,23,2,23,41,48,41,48,2,23,2,23,0.01,0.52,0.01,0.52
PanTS_00004707,1,0,train,Venous,0.802734,0.802734,2.5,2,2.5,9060,14595.3,40.0748,>=40,False,1,True,-73,hypoattenuating,0.780408,True,tail,mask_ring,0.856675,inside,False,True,0.802734,15.1603,10,348,1714,0.856675,1,100,73,100,73,100,56.5,100,56.5,100,56.5,100,56.5,-84,hypo,-6.848,False,0.965,49,1.5-2.5,True,False,False,True,1,4,1,4,1,10,1,10,1,10,1,10,0,0.435,0,0.435
PanTS_00004724,1,4,train,Non-contrast,0.976562,0.976562,0.8,2,0.8,1363,1039.89,24.9379,20-40,False,1,True,-2,isoattenuating,0.560128,True,head,mask_ring,0.254557,embedded,False,True,14.5432,6.28491,6,30,2018,0.254557,0.787234,78.5,86,78.5,86,84.5,94.5,84.5,94.5,78.5,86,78.5,86,-6,iso,-0.1371,False,0.625,,<=1.5,False,False,False,False,23,13,23,13,13,6,13,6,23,13,23,13,0.215,0.14,0.215,0.14
PanTS_00004735,1,0,train,Venous,0.726,0.726,3,2,3,1302,2058.76,17.1988,10-20,False,1,True,54,hyperattenuating,0,False,tail,mask_ring,0.768405,inside,False,True,16.5283,7.89173,6,63,1480,0.768405,1,92,100,92,100,87,100,87,100,92,100,92,100,77,hyper,8.602,True,0.93,,2.5-5,True,True,False,False,4,1,4,1,4,1,4,1,4,1,4,1,0.08,0,0.08,0
PanTS_00004748,1,3,train,Venous,0.822266,0.822266,5,2,5,225,760.637,17.6735,10-20,False,1,True,-14,hypoattenuating,0.141315,True,tail,mask_ring,0.827256,inside,False,True,58.3091,5.66278,6,32,1731,0.827256,1,22,22,22,22,2.5,36.5,2.5,36.5,22,22,22,22,-15,hypo,-1.414,False,0.49,,2.5-5,True,True,False,False,,,,,,,,,,,,,0.78,0.78,0.78,0.78
PanTS_00004753,1,2,train,Venous,0.708984,0.708984,5,2,5,2450,6157.56,32.0532,20-40,False,1,True,-27,hypoattenuating,0.800455,True,head,mask_ring,0.131783,inside,False,True,26.3053,11.3703,10,158,1324,0.131783,1,100,100,100,100,73,100,73,100,73,100,73,100,-35,hypo,-5.027,False,0.765,24,2.5-5,True,False,True,False,5,32,5,32,6,,6,,6,,6,,0.27,0,0.27,0
PanTS_00004769,1,2,train,Venous,0.898438,0.898438,2.5,2,2.5,7572,15280.1,42.0252,>=40,False,1,True,-87,hypoattenuating,0,False,head,mask_ring,0.179366,inside,False,True,1.79688,15.3938,10,350,2165,0.179366,1,100,24,100,24,100,50.5,100,50.5,100,50.5,100,50.5,-90,hypo,-7.337,True,0.935,,1.5-2.5,True,False,False,True,1,9,1,9,1,9,1,9,1,9,1,9,0,0.495,0,0.495
PanTS_00004788,1,3,train,Arterial,0.869141,0.869141,0.8,2,0.8,6611,3995.19,27.2711,20-40,False,1,True,10,isoattenuating,0,False,body,mask_ring,0.38724,embedded,False,False,,9.8435,10,100,2092,0.38724,0.983512,2,18,2,18,66.5,80,66.5,80,66.5,80,66.5,80,14,hyper,0.2892,True,0.505,15,<=1.5,True,False,True,False,,,,,9,6,9,6,9,6,9,6,0.335,0.2,0.335,0.2
PanTS_00004796,1,0,train,Arterial,1,1,1,2,1,633,633,21.2838,20-40,False,1,True,-18.0056,hypoattenuating,0.0608264,True,head,mask_ring,0.207485,inside,False,True,11,5.32646,6,25,3998,0.207485,1,83.5,77,83.5,77,90.5,89.5,90.5,89.5,83.5,77,83.5,77,-17.98,hypo,-1.807,False,0.56,,<=1.5,True,False,True,False,35,,35,,23,,23,,35,,35,,0.165,0.23,0.165,0.23
PanTS_00004800,1,0,train,Non-contrast,0.703125,0.703125,0.8,2,0.8,3915,1548.41,29.7211,20-40,False,1,True,-30,hypoattenuating,0,False,body,pc1_boundary,0.602447,separated,True,True,23.373,7.17683,6,0,1391,0.602447,0,,,,,,,,,,,,,-35,hypo,-1.111,True,,,<=1.5,False,False,False,False,,,,,,,,,,,,,,,,
PanTS_00004825,1,1,train,Venous,0.740234,0.740234,2.5,2,2.5,3168,4339.74,27.8367,20-40,False,1,True,-18,hypoattenuating,0.783419,True,head,mask_ring,0.323807,inside,False,True,2.90548,10.1187,10,111,463,0.323807,0.960227,100,100,100,100,100,100,100,100,100,100,100,100,-21,hypo,-1.473,False,0.045,21,1.5-2.5,True,False,True,False,1,1,1,1,2,2,2,2,2,2,2,2,0,0,0,0
PanTS_00004828,1,2,train,Venous,0.667969,0.667969,1.2,2,1.2,19961,10687.5,42.9127,>=40,False,1,True,-11,hypoattenuating,0.666957,True,head,mask_ring,0.144614,inside,False,True,1.2,13.6646,10,255,821,0.144614,1,100,0,100,0,23,0,23,0,23,0,23,0,-13,hypo,-1.352,False,0.995,,<=1.5,True,False,False,True,2,25,2,25,7,46,7,46,7,46,7,46,0.77,1,0.77,1
PanTS_00004842,1,3,train,Venous,0.9375,0.9375,2.5,2,2.5,1384,3041.02,21.8348,20-40,False,1,True,9,isoattenuating,0.584182,True,head,mask_ring,0.12831,inside,False,True,8.75,8.98759,10,88,680,0.12831,1,11.5,43.5,11.5,43.5,0,15,0,15,0,15,0,15,8,iso,0.6895,False,0.585,16,1.5-2.5,True,False,False,False,16,,16,,25,12,25,12,25,12,25,12,1,0.85,1,0.85
PanTS_00004856,1,0,train,Non-contrast,0.742188,0.742188,0.8,2,0.8,328,144.541,9.3464,5-10,False,1,True,-18.5,hypoattenuating,0,False,head,mask_ring,0.11706,inside,False,False,,3.25562,6,13,2217,0.11706,1,83.5,93,83.5,93,71.5,66.5,71.5,66.5,83.5,93,83.5,93,-8,iso,-0.2255,True,0.365,,<=1.5,False,False,False,False,27,9,27,9,32,33,32,33,27,9,27,9,0.165,0.07,0.165,0.07
PanTS_00004857,1,4,train,Venous,0.976562,0.976562,1.5,2,1.5,53193,76093.1,66.7877,>=40,False,1,True,30,hyperattenuating,0.261679,True,head,mask_ring,0.161812,inside,False,False,,26.2877,10,1557,3074,0.161812,1,0,0,0,0,0,0,0,0,0,0,0,0,38,hyper,1.57,False,0.865,11,<=1.5,True,False,False,True,16,10,16,10,33,20,33,20,33,20,33,20,1,1,1,1
PanTS_00004937,1,1,train,Venous,0.867188,0.867188,2.5,2,2.5,2182,4102.24,29.5688,20-40,False,1,True,2,isoattenuating,0,False,head,mask_ring,0.192717,inside,False,True,2.5,9.93065,10,114,1469,0.192717,1,100,48.5,100,48.5,55,82.5,55,82.5,55,82.5,55,82.5,4,iso,0.4309,True,0.36,,1.5-2.5,True,False,False,False,1,36,1,36,9,32,9,32,9,32,9,32,0.45,0.175,0.45,0.175
PanTS_00004963,1,0,train,Venous,0.650391,0.650391,3,2,3,12719,16140.7,47.1855,>=40,False,1,True,-10,isoattenuating,0.830699,True,tail,mask_ring,0.880395,inside,False,True,0.650391,15.6776,10,377,1427,0.880395,1,4,25.5,4,25.5,50,0,50,0,50,0,50,0,-12,hypo,-1.293,False,0.905,26,2.5-5,True,False,False,True,8,7,8,7,9,22,9,22,9,22,9,22,0.5,1,0.5,1
PanTS_00004964,1,0,train,Venous,0.798828,0.798828,2.5,2,2.5,1940,3094.91,23.0715,20-40,False,1,True,12,hyperattenuating,0.696152,True,head,mask_ring,0.263416,inside,False,True,1.12971,9.04038,10,78,1250,0.263416,1,10.5,73,10.5,73,10,88.5,10,88.5,10,88.5,10,88.5,10,iso,0.7182,False,0.55,19,1.5-2.5,True,False,False,False,31,,31,,31,24,31,24,31,24,31,24,0.9,0.115,0.9,0.115
PanTS_00005011,1,1,train,Venous,0.830078,0.830078,2.5,2,2.5,1307,2251.4,18.9204,10-20,False,1,True,4,isoattenuating,0.29418,True,head,mask_ring,0.159894,inside,False,True,14.1912,8.13058,10,66,3085,0.159894,1,90,89,90,89,82.5,85.5,82.5,85.5,82.5,85.5,82.5,85.5,-11,hypo,-0.4366,False,0.485,48,1.5-2.5,True,True,False,False,,,,,,,,,,,,,0.175,0.145,0.175,0.145
PanTS_00005017,1,2,train,Non-contrast,0.716797,0.716797,0.8,2,0.8,21888,8996.8,39.3782,20-40,False,1,True,3,isoattenuating,0.00163733,True,head,mask_ring,0.0472858,inside,False,True,20.5593,12.9023,10,205,1988,0.0472858,0.951435,100,100,100,100,100,100,100,100,100,100,100,100,4,iso,0.1508,False,0.505,16,<=1.5,False,False,False,False,1,1,1,1,2,1,2,1,2,1,2,1,0,0,0,0
PanTS_00005027,1,1,train,Venous,0.859375,0.859375,2.5,2,2.5,2086,3851.41,26.9666,20-40,False,1,True,-13,hypoattenuating,0.62015,True,head,mask_ring,0.183998,inside,False,True,2.5,9.72397,10,110,550,0.183998,1,45,67,45,67,19.5,60,19.5,60,19.5,60,19.5,60,-18,hypo,-1.207,False,0.945,31,1.5-2.5,True,False,True,False,8,34,8,34,24,38,24,38,24,38,24,38,0.805,0.4,0.805,0.4
PanTS_00005041,1,2,train,Non-contrast,0.78125,0.78125,0.8,2,0.8,11999,5858.89,32.6526,20-40,False,2,True,4,isoattenuating,0.19997,True,head,mask_ring,0.152709,inside,False,True,72.6681,11.1834,10,158,2053,0.152709,1,3.5,1.5,3.5,1.5,17,7,17,7,17,7,17,7,5,iso,0.07734,False,0.7,31,<=1.5,False,False,False,False,35,,35,,22,,22,,22,,22,,0.83,0.93,0.83,0.93
PanTS_00005041,2,2,train,Non-contrast,0.78125,0.78125,0.8,2,0.8,956,466.797,15.6394,10-20,False,2,False,-17,hypoattenuating,0,False,head,mask_ring,0.194872,inside,False,True,80.6084,4.81223,6,21,2053,0.194872,1,85.5,34,85.5,34,84.5,29.5,84.5,29.5,85.5,34,85.5,34,-17,hypo,-0.263,True,0.615,,<=1.5,False,False,False,False,17,,17,,,,,,17,,17,,0.145,0.66,0.145,0.66
PanTS_00005054,1,3,train,Venous,0.976562,0.976562,1,2,1,2550,2431.87,21.7499,20-40,False,1,True,16,hyperattenuating,0.122076,True,tail,mask_ring,0.904076,inside,False,True,33.8767,8.34226,10,79,846,0.904076,1,21.5,24,21.5,24,100,76,100,76,100,76,100,76,19,hyper,1.124,False,0.44,,<=1.5,True,False,True,False,16,,16,,1,16,1,16,1,16,1,16,0,0.24,0,0.24
PanTS_00005056,1,0,train,Venous,0.976563,0.976563,3,2,3,12574,35974.5,59.244,>=40,False,1,True,11,hyperattenuating,0.822732,True,head,mask_ring,0.408989,abutting,False,True,7.43728,20.4787,10,138,1905,0.408989,0.148799,69.5,100,69.5,100,92.5,94.5,92.5,94.5,92.5,94.5,92.5,94.5,9,iso,1.086,False,1,,2.5-5,True,False,False,False,8,1,8,1,2,2,2,2,2,2,2,2,0.075,0.055,0.075,0.055
PanTS_00005062,1,0,train,Venous,0.835938,0.835938,2.5,2,2.5,9978,17431.4,44.1769,>=40,False,1,True,2,isoattenuating,0.872077,True,head,mask_ring,0.132738,inside,False,True,0.835938,16.0848,10,375,1239,0.132738,0.985167,70,82.5,70,82.5,78,100,78,100,78,100,78,100,-5,iso,-0.2433,False,0.35,3,1.5-2.5,True,False,False,False,15,10,15,10,4,2,4,2,4,2,4,2,0.22,0,0.22,0
PanTS_00005085,1,4,train,Arterial,0.742188,0.742188,1.25,2,1.25,762,524.678,15.4179,10-20,False,1,True,-62,hypoattenuating,0,False,body,mask_ring,0.892275,inside,False,True,10.7689,5.00343,6,22,992,0.892275,1,52.5,76.5,52.5,76.5,68,53,68,53,52.5,76.5,52.5,76.5,-68,hypo,-7.597,True,0.5,37,<=1.5,True,True,False,False,24,,24,,15,,15,,24,,24,,0.475,0.235,0.475,0.235
PanTS_00005095,1,3,train,Venous,0.898438,0.898438,2.5,2,2.5,4920,9928.45,35.49,20-40,False,1,True,14,hyperattenuating,0.672244,True,head,mask_ring,0.0633658,inside,False,False,,13.3331,10,233,1610,0.0633658,0.957724,4.5,5.5,4.5,5.5,36,0,36,0,36,0,36,0,18,hyper,1.005,False,0.995,,1.5-2.5,True,False,True,False,47,23,47,23,11,45,11,45,11,45,11,45,0.64,1,0.64,1
PanTS_00005114,1,4,train,Venous,0.851562,0.851562,2.5,2,2.5,1334,2418.4,27.1209,20-40,False,1,True,16,hyperattenuating,0,False,head,mask_ring,0.0749163,inside,False,True,27.5,8.32683,10,77,1529,0.0749163,1,26.5,75,26.5,75,81.5,55,81.5,55,81.5,55,81.5,55,21,hyper,1.92,True,0.02,,1.5-2.5,True,False,True,False,24,,24,,28,,28,,28,,28,,0.185,0.45,0.185,0.45
PanTS_00005137,1,0,train,Venous,0.753906,0.753906,2.5,2,2.5,1347,1914,21.6268,20-40,False,2,False,-1,isoattenuating,0.496472,True,tail,mask_ring,0.919674,inside,False,True,0.753906,7.70225,6,62,1381,0.919674,1,0.5,45.5,0.5,45.5,16.5,13.5,16.5,13.5,0.5,45.5,0.5,45.5,-1,iso,-0.0973,False,0.965,,1.5-2.5,True,False,False,False,,,,,,,,,,,,,0.995,0.545,0.995,0.545
PanTS_00005137,2,0,train,Venous,0.753906,0.753906,2.5,2,2.5,15691,22295.9,43.4842,>=40,False,2,True,-4,isoattenuating,0.904275,True,body,mask_ring,0.561056,inside,False,True,0.753906,17.46,10,490,1381,0.561056,0.992607,0,3,0,3,7.5,3.5,7.5,3.5,7.5,3.5,7.5,3.5,-3,iso,-0.2919,False,0.765,,1.5-2.5,True,False,False,False,13,32,13,32,11,10,11,10,11,10,11,10,0.925,0.965,0.925,0.965
PanTS_00005162,1,4,train,Venous,0.886719,0.886719,0.476969,2,0.476969,13204,4951.85,42.4507,>=40,False,2,True,-4.5,isoattenuating,0,False,,none,,separated,True,False,,10.5737,10,0,42,,0,,,,,,,,,,,,,-5,iso,-0.3209,True,,,<=1.5,True,False,False,False,,,,,,,,,,,,,,,,
PanTS_00005162,2,4,train,Venous,0.886719,0.886719,0.476969,2,0.476969,761,285.395,23.049,20-40,False,2,False,-10,isoattenuating,0,False,,none,,separated,True,False,,4.08432,6,0,42,,0,,,,,,,,,,,,,-13.5,hypo,-0.8664,True,,,<=1.5,True,False,True,False,,,,,,,,,,,,,,,,
PanTS_00005172,1,2,train,Non-contrast,0.892,0.892,0.800002,2,0.800002,26957,17159,47.6184,>=40,False,1,True,12,hyperattenuating,0.791215,True,head,mask_ring,0.160411,inside,False,True,1.19819,16.0005,10,399,1039,0.160411,0.995103,100,100,100,100,100,100,100,100,100,100,100,100,11,hyper,0.9759,False,0,4,<=1.5,False,False,False,False,2,24,2,24,17,12,17,12,17,12,17,12,0,0,0,0
PanTS_00005180,1,0,train,Non-contrast,0.782,0.782,5,2,5,991,3030.1,26.6899,20-40,False,1,True,-10,isoattenuating,0,False,tail,mask_ring,0.752488,abutting,False,False,,8.97683,10,50,1761,0.752488,0.577195,53,98,53,98,87.5,95.5,87.5,95.5,87.5,95.5,87.5,95.5,-28,hypo,-4.968,True,0.71,,2.5-5,False,False,False,False,17,2,17,2,4,2,4,2,4,2,4,2,0.125,0.045,0.125,0.045
PanTS_00005186,1,4,train,Arterial,0.785156,0.785156,5,2,5,3737,11518.7,35.757,20-40,False,1,True,15,hyperattenuating,0.462788,True,head,mask_ring,0.10391,inside,False,True,0,14.01,10,281,815,0.10391,1,0,0,0,0,0,0,0,0,0,0,0,0,18,hyper,2.715,False,0.6,4,2.5-5,True,False,True,False,9,12,9,12,16,9,16,9,16,9,16,9,1,1,1,1
PanTS_00005188,1,0,train,Venous,0.703125,0.703125,2.5,2,2.5,23203,28678,57.5232,>=40,False,1,True,-10,isoattenuating,0.77667,True,tail,mask_ring,0.798034,inside,False,True,9.29195,18.9883,10,630,1474,0.798034,1,4.5,0,4.5,0,3.5,70,3.5,70,3.5,70,3.5,70,-14,hypo,-0.8362,False,0.995,,1.5-2.5,True,False,False,True,7,,7,,9,,9,,9,,9,,0.965,0.3,0.965,0.3
PanTS_00005207,1,0,train,Arterial,0.769531,0.769531,1.25,2,1.25,44958,33278.9,56.8343,>=40,False,1,True,-17,hypoattenuating,0.790779,True,head,mask_ring,0.227723,inside,False,True,0,19.9539,10,582,928,0.227723,0.879777,100,24.5,100,24.5,100,100,100,100,100,100,100,100,-13,hypo,-0.5941,False,1,36,<=1.5,True,False,False,True,1,2,1,2,1,1,1,1,1,1,1,1,0,0,0,0
PanTS_00005210,1,0,train,Venous,0.802734,0.802734,2.5,2,2.5,12701,20460.7,43.0955,>=40,False,1,True,3,isoattenuating,0.732459,True,head,mask_ring,0.229312,inside,False,True,0.802734,16.9672,10,431,1162,0.229312,0.97701,58.5,58.5,58.5,58.5,100,58.5,100,58.5,100,58.5,100,58.5,-3,iso,-0.2207,False,0.03,,1.5-2.5,True,False,False,False,6,10,6,10,1,4,1,4,1,4,1,4,0,0.415,0,0.415
PanTS_00005221,1,2,train,Venous,0.703125,0.703125,2.5,2,2.5,6141,7590.04,37.242,20-40,False,2,True,37,hyperattenuating,0.0373444,True,head,mask_ring,0.144322,inside,False,True,0,12.1914,10,210,990,0.144322,1,0,76,0,76,100,77,100,77,100,77,100,77,34,hyper,1.681,False,0.435,11,1.5-2.5,True,False,True,False,34,20,34,20,1,6,1,6,1,6,1,6,0,0.23,0,0.23
PanTS_00005221,2,2,train,Venous,0.703125,0.703125,2.5,2,2.5,905,1118.55,22.5634,20-40,False,2,False,38,hyperattenuating,0,False,head,mask_ring,0.0394046,inside,False,True,17.8496,6.43954,6,35,990,0.0394046,1,38,92.5,38,92.5,94,94.5,94,94.5,38,92.5,38,92.5,38.5,hyper,1.904,True,1,,1.5-2.5,True,False,True,False,25,13,25,13,,,,,25,13,25,13,0.62,0.075,0.62,0.075
PanTS_00005230,1,4,train,Venous,0.78125,0.78125,0.7,2,0.7,2528,1080.08,17.2474,10-20,False,1,True,-26,hypoattenuating,0.67042,True,head,mask_ring,0.193518,inside,False,True,3.5,6.36486,6,41,1429,0.193518,1,25,2.5,25,2.5,42,35,42,35,25,2.5,25,2.5,-27,hypo,-0.9361,False,0.795,,<=1.5,True,True,False,False,,,,,,35,,35,,,,,0.75,0.975,0.75,0.975
PanTS_00005242,1,0,train,Venous,0.791016,0.791016,2.5,2,2.5,2641,4131.23,25.8215,20-40,False,1,True,-26,hypoattenuating,0.669885,True,head,mask_ring,0.20801,inside,False,True,1.76877,9.95398,10,116,861,0.20801,1,24.5,0,24.5,0,54.5,11.5,54.5,11.5,54.5,11.5,54.5,11.5,-44,hypo,-2.37,False,1,,1.5-2.5,True,False,True,False,9,38,9,38,7,37,7,37,7,37,7,37,0.455,0.885,0.455,0.885
PanTS_00005250,1,1,train,Non-contrast,0.52474,0.52474,5,2,5,1290,1776.02,19.2671,10-20,False,1,True,0,isoattenuating,0,False,body,mask_ring,0.578632,inside,False,True,48.7491,7.51253,6,54,1502,0.578632,1,91,99,91,99,98.5,86.5,98.5,86.5,91,99,91,99,4.5,iso,1.131,True,0.965,,2.5-5,False,False,False,False,2,13,2,13,,7,,7,2,13,2,13,0.09,0.01,0.09,0.01
PanTS_00005257,1,4,train,Venous,0.679688,0.679688,2.5,2,2.5,2778,3208.42,27.4703,20-40,False,1,True,17,hyperattenuating,0,False,body,mask_ring,0.671273,inside,False,True,1.35938,9.14958,10,92,2047,0.671273,1,20.5,30.5,20.5,30.5,5,4.5,5,4.5,5,4.5,5,4.5,16,hyper,1.379,True,0.41,19,1.5-2.5,True,False,True,False,37,30,37,30,49,,49,,49,,49,,0.95,0.955,0.95,0.955
PanTS_00005266,1,4,train,Non-contrast,0.78125,0.78125,0.8,2,0.8,5356,2615.23,30.4675,20-40,False,1,True,-42,hypoattenuating,0,False,head,pc1_boundary,-0.1807,separated,True,False,,8.54687,10,0,663,-0.1807,0,,,,,,,,,,,,,-42,hypo,-1.92,True,,,<=1.5,False,False,False,False,,,,,,,,,,,,,,,,
PanTS_00005268,1,3,train,Venous,0.744141,0.744141,2.5,2,2.5,11282,15618.4,49.8264,>=40,False,1,True,2,isoattenuating,0.616456,True,head,mask_ring,0.243259,inside,False,True,8.12263,15.5066,10,348,872,0.243259,0.961886,0,0,0,0,34,25,34,25,34,25,34,25,4,iso,0.2623,False,0.955,,1.5-2.5,True,False,False,False,23,,23,,22,6,22,6,22,6,22,6,0.66,0.75,0.66,0.75
PanTS_00005275,1,2,train,Arterial,0.785,0.785,0.8,2,0.8,11351,5595.82,29.7335,20-40,False,1,True,-12,hypoattenuating,0.781627,True,head,mask_ring,0.212077,inside,False,True,0.785,11.0135,10,137,1354,0.212077,0.987666,60,53,60,53,53,16,53,16,53,16,53,16,-13,hypo,-1.705,False,0.58,,<=1.5,True,False,True,False,5,6,5,6,12,34,12,34,12,34,12,34,0.47,0.84,0.47,0.84
PanTS_00005290,1,4,train,Venous,0.771484,0.771484,2.5,2,2.5,2569,3822.59,25.4473,20-40,False,1,True,-6,isoattenuating,0.677352,True,head,mask_ring,0.146735,inside,False,True,5,9.69966,10,103,921,0.146735,1,13,100,13,100,7,0,7,0,7,0,7,0,-12,hypo,-0.9783,False,0.705,26,1.5-2.5,True,False,True,False,19,3,19,3,11,35,11,35,11,35,11,35,0.93,1,0.93,1
PanTS_00005309,1,4,train,Venous,0.855469,0.855469,2.5,2,2.5,8410,15386.7,44.1541,>=40,False,1,True,-25,hypoattenuating,0.702543,True,head,mask_ring,0.217719,inside,False,True,0.855469,15.4295,10,354,2020,0.217719,1,62,75,62,75,76.5,75.5,76.5,75.5,76.5,75.5,76.5,75.5,-35,hypo,-2.155,False,0.355,15,1.5-2.5,True,False,False,True,7,18,7,18,8,36,8,36,8,36,8,36,0.235,0.245,0.235,0.245
PanTS_00005316,1,2,train,Non-contrast,0.702,0.702,4,2,4,825,1626.25,19.112,10-20,False,1,True,-19,hypoattenuating,0,False,tail,mask_ring,1.38076,inside,False,False,,7.29513,6,49,938,1.38076,0.962424,17,10.5,17,10.5,15,7,15,7,17,10.5,17,10.5,-15,hypo,-1.371,True,0.915,26,2.5-5,False,False,False,False,30,34,30,34,28,25,28,25,30,34,30,34,0.83,0.895,0.83,0.895
PanTS_00005362,1,4,train,Venous,0.767578,0.767578,2.5,2,2.5,2326,3426.06,23.2277,20-40,False,1,True,-16,hypoattenuating,0.453323,True,tail,mask_ring,0.879317,inside,False,True,38.4589,9.35195,10,103,1873,0.879317,1,71.5,24,71.5,24,42,27,42,27,42,27,42,27,-25,hypo,-1.604,False,1,,1.5-2.5,True,False,True,False,10,42,10,42,19,33,19,33,19,33,19,33,0.58,0.73,0.58,0.73
PanTS_00005370,1,4,train,Venous,0.703125,0.703125,5,2,5,671,1658.66,17.5016,10-20,False,1,True,9,isoattenuating,0,False,body,mask_ring,0.366876,inside,False,True,44.8318,7.34327,6,58,2043,0.366876,1,31,26,31,26,19,3.5,19,3.5,31,26,31,26,5.5,iso,0.5352,True,0.955,,2.5-5,True,False,False,False,42,,42,,,,,,42,,42,,0.69,0.74,0.69,0.74
PanTS_00005390,1,2,train,Non-contrast,0.663,0.663,0.800002,2,0.800002,11712,4118.6,28.2105,20-40,False,4,True,0.5,isoattenuating,0.740204,True,head,mask_ring,0.267361,embedded,False,False,,9.94383,10,80,1317,0.267361,0.658897,50.5,38.5,50.5,38.5,57,80,57,80,57,80,57,80,0,iso,0,False,0.895,,<=1.5,False,False,False,False,24,,24,,18,7,18,7,18,7,18,7,0.43,0.2,0.43,0.2
PanTS_00005390,2,2,train,Non-contrast,0.663,0.663,0.800002,2,0.800002,4,1.40662,2.40001,<5,True,4,False,-59,hypoattenuating,0,False,body,mask_ring,0.475816,abutting,False,False,,0.695072,6,0,1317,0.475816,1,,,,,,,,,,,,,-59,hypo,-2.656,True,0.325,,<=1.5,False,False,False,False,,,,,,,,,,,,,,,,
PanTS_00005390,3,2,train,Non-contrast,0.663,0.663,0.800002,2,0.800002,1247,438.515,26.8227,20-40,False,4,False,-22,hypoattenuating,0,False,body,mask_ring,0.552939,abutting,False,False,,4.71301,6,13,1317,0.552939,0.34162,82,77,82,77,75,57,75,57,82,77,82,77,-21,hypo,-0.9454,True,0.43,45,<=1.5,False,False,False,False,,19,,19,14,28,14,28,,19,,19,0.18,0.23,0.18,0.23
PanTS_00005390,4,2,train,Non-contrast,0.663,0.663,0.800002,2,0.800002,124,43.6053,7.17462,5-10,False,4,False,-0.5,isoattenuating,0,False,body,mask_ring,0.699029,embedded,False,False,,2.18349,6,3,1317,0.699029,1,59.5,100,59.5,100,79.5,100,79.5,100,59.5,100,59.5,100,-4,iso,-0.1801,True,0.365,,<=1.5,False,False,False,False,,,,,,,,,,,,,0.405,0,0.405,0
PanTS_00005391,1,4,train,Arterial,0.853516,0.853516,1.25,2,1.25,973,886.025,16.5084,10-20,False,1,True,-37,hypoattenuating,0,False,body,mask_ring,0.419831,inside,False,True,7.89773,5.95826,6,30,2611,0.419831,1,74,25,74,25,61,52,61,52,74,25,74,25,-67,hypo,-8.084,True,0.83,,<=1.5,True,True,False,False,33,,33,,22,37,22,37,33,,33,,0.26,0.75,0.26,0.75
PanTS_00005392,1,0,train,Venous,0.588542,0.588542,5,2,5,17839,30895.5,72.2934,>=40,False,2,True,0,isoattenuating,0.555982,True,head,mask_ring,0.208351,abutting,False,True,0.588542,19.4656,10,231,614,0.208351,0.375526,52,52,52,52,100,100,100,100,100,100,100,100,0,iso,0,False,0.005,1,2.5-5,True,False,False,False,7,6,7,6,1,6,1,6,1,6,1,6,0,0,0,0
PanTS_00005392,2,0,train,Venous,0.588542,0.588542,5,2,5,1225,2121.59,18.0894,10-20,False,2,False,-5,isoattenuating,0.405986,True,head,pc1_boundary,0.199591,separated,True,True,68.1656,7.97121,6,0,614,0.199591,0,,,,,,,,,,,,,-9,iso,-2.262,False,,,2.5-5,True,False,False,False,,,,,,,,,,,,,,,,
PanTS_00005420,1,2,train,Arterial,0.742188,0.742188,1.25,2,1.25,436365,300461,119.328,>=40,False,1,True,-58,hypoattenuating,0.718666,True,head,mask_ring,0.255745,abutting,False,True,4.85759,41.5496,10,199,1995,0.255745,0.0238172,6,0,6,0,63,4.5,63,4.5,63,4.5,63,4.5,-56,hypo,-3.248,False,1,,<=1.5,True,False,False,True,41,,41,,8,41,8,41,8,41,8,41,0.37,0.955,0.37,0.955
PanTS_00005422,1,1,train,Non-contrast,0.703125,0.703125,0.8,2,0.8,374,147.92,11.216,10-20,False,2,False,0,isoattenuating,0.0131444,True,head,mask_ring,0.153865,inside,False,True,24.4159,3.2808,6,7,1863,0.153865,1,83,68,83,68,59,80,59,80,83,68,83,68,2,iso,0.06487,False,0.52,,<=1.5,False,False,False,False,30,,30,,,,,,30,,30,,0.17,0.32,0.17,0.32
PanTS_00005422,2,1,train,Non-contrast,0.703125,0.703125,0.8,2,0.8,1469,581.001,18.9177,10-20,False,2,True,13,hyperattenuating,0.094526,True,head,mask_ring,0.180617,inside,False,True,29.5484,5.17642,6,25,1863,0.180617,1,84.5,77.5,84.5,77.5,55,92,55,92,84.5,77.5,84.5,77.5,15,hyper,0.4865,False,0.165,23,<=1.5,False,False,False,False,,,,,,,,,,,,,0.155,0.225,0.155,0.225
PanTS_00005428,1,3,train,Venous,0.781,0.781,5,2,5,558,1701.79,20.6188,20-40,False,1,True,5,isoattenuating,0,False,head,mask_ring,0.140001,inside,False,False,,7.40638,6,53,2153,0.140001,1,75.5,0.5,75.5,0.5,40.5,1,40.5,1,75.5,0.5,75.5,0.5,6,iso,1.065,True,0.93,,2.5-5,True,False,False,False,12,,12,,,,,,12,,12,,0.245,0.995,0.245,0.995
PanTS_00005437,1,4,train,Non-contrast,0.781,0.781,5,2,5,2534,7728.21,31.758,20-40,False,1,True,-7,isoattenuating,0,False,head,mask_ring,0.0774372,inside,False,True,31.4119,12.2649,10,155,767,0.0774372,0.851618,64.5,100,64.5,100,100,100,100,100,100,100,100,100,-8,iso,-1.609,True,0.935,19,2.5-5,False,False,False,False,3,1,3,1,1,1,1,1,1,1,1,1,0,0,0,0
PanTS_00005466,1,3,train,Venous,0.644531,0.644531,2.5,2,2.5,4829,5015.16,28.1477,20-40,False,1,True,-4,isoattenuating,0.724405,True,head,mask_ring,0.152033,inside,False,True,0.644531,10.6186,10,137,1085,0.152033,0.998343,100,100,100,100,79.5,100,79.5,100,79.5,100,79.5,100,-22,hypo,-2.458,False,0.12,3,1.5-2.5,True,False,True,False,1,1,1,1,6,1,6,1,6,1,6,1,0.205,0,0.205,0
PanTS_00005514,1,0,train,Arterial,0.782,0.782,5,2,5,138,421.952,11.5694,10-20,False,2,False,1,isoattenuating,0,False,head,mask_ring,0.19091,inside,False,True,10,4.65291,6,21,1351,0.19091,1,23,2.5,23,2.5,10.5,20,10.5,20,23,2.5,23,2.5,1,iso,0.232,True,0.835,,2.5-5,True,False,False,False,,,,,,,,,,,,,0.77,0.975,0.77,0.975
PanTS_00005514,2,0,train,Arterial,0.782,0.782,5,2,5,179,547.314,12.2034,10-20,False,2,True,-11,hypoattenuating,0,False,head,mask_ring,0.224314,inside,False,True,24.8957,5.07438,6,25,1351,0.224314,0.972067,28,14,28,14,77.5,95,77.5,95,28,14,28,14,-13.5,hypo,-3.132,True,0.87,,2.5-5,True,True,False,False,,,,,,5,,5,,,,,0.72,0.86,0.72,0.86
PanTS_00005525,1,3,train,Venous,0.71875,0.71875,5,2,5,4832,12481.1,36.82,20-40,False,1,True,-59,hypoattenuating,0.89088,True,head,mask_ring,0.196281,inside,False,True,10.0258,14.3898,10,287,2513,0.196281,1,67,42.5,67,42.5,80,28,80,28,80,28,80,28,-68,hypo,-8.547,False,0.845,,2.5-5,True,False,True,False,8,19,8,19,5,19,5,19,5,19,5,19,0.2,0.72,0.2,0.72
PanTS_00005538,1,3,train,Venous,0.839844,0.839844,2.5,2,2.5,1195,2107.2,18.6476,10-20,False,1,True,19,hyperattenuating,0,False,head,mask_ring,0.0398378,inside,False,True,3.44858,7.95314,6,64,1360,0.0398378,1,12.5,0,12.5,0,32.5,2,32.5,2,12.5,0,12.5,0,22,hyper,2.011,True,1,,1.5-2.5,True,True,False,False,29,,29,,17,46,17,46,29,,29,,0.875,1,0.875,1
PanTS_00005558,1,1,train,Venous,1.5,1.5,1.5,2,1.5,288,972,20.2361,20-40,False,2,True,-20,hypoattenuating,0.0188679,True,head,mask_ring,0.190885,inside,False,True,82.1721,6.14506,6,34,1455,0.190885,0.993056,97,81.5,97,81.5,100,99.5,100,99.5,97,81.5,97,81.5,-17,hypo,-3.663,False,0.715,47,<=1.5,True,False,True,False,3,20,3,20,2,6,2,6,3,20,3,20,0.03,0.185,0.03,0.185
PanTS_00005558,2,1,train,Venous,1.5,1.5,1.5,2,1.5,114,384.75,14.8492,10-20,False,2,False,-7.5,isoattenuating,0,False,head,mask_ring,0.00663443,inside,False,True,114.973,4.51194,6,21,1455,0.00663443,1,86.5,7.5,86.5,7.5,28.5,6,28.5,6,86.5,7.5,86.5,7.5,-8.5,iso,-1.831,True,0.935,,<=1.5,True,False,False,False,12,,12,,,,,,12,,12,,0.135,0.925,0.135,0.925
PanTS_00005571,1,0,train,Venous,0.732422,0.732422,2.5,2,2.5,4567,6124.83,32.0492,20-40,False,1,True,-5,isoattenuating,0.572231,True,head,mask_ring,0.0808713,inside,False,True,8.01001,11.3502,10,164,1843,0.0808713,1,25.5,6,25.5,6,9,0,9,0,9,0,9,0,-1,iso,-0.07541,False,0.965,,1.5-2.5,True,False,False,False,22,37,22,37,29,,29,,29,,29,,0.91,1,0.91,1
PanTS_00005583,1,1,train,Arterial,0.742188,0.742188,1.25,2,1.25,19964,13746.3,40.4842,>=40,False,1,True,-48,hypoattenuating,0.808812,True,head,mask_ring,0.171223,inside,False,True,11.5198,14.8605,10,234,1302,0.171223,0.773492,88.5,3,88.5,3,100,26.5,100,26.5,100,26.5,100,26.5,-50,hypo,-3.142,False,1,,<=1.5,True,False,False,True,2,15,2,15,1,5,1,5,1,5,1,5,0,0.735,0,0.735
PanTS_00005623,1,2,train,Non-contrast,0.820312,0.820312,0.8,2,0.8,2713,1460.49,32.9489,20-40,False,1,True,-5,isoattenuating,0,False,head,mask_ring,,embedded,False,False,,7.03834,6,40,1532,,0.71397,58,42,58,42,57.5,75,57.5,75,58,42,58,42,0,iso,0,True,0.95,,<=1.5,False,False,False,False,25,36,25,36,,10,,10,25,36,25,36,0.42,0.58,0.42,0.58
PanTS_00005641,1,2,train,Non-contrast,0.712891,0.712891,0.8,2,0.8,47190,19186.1,57.3559,>=40,False,1,True,-11,hypoattenuating,0,False,head,mask_ring,0.044776,inside,False,True,19.2,16.6073,10,440,2250,0.044776,1,34,10,34,10,43,59,43,59,43,59,43,59,-8,iso,-0.2979,True,0.835,38,<=1.5,False,False,False,False,12,19,12,19,6,7,6,7,6,7,6,7,0.57,0.41,0.57,0.41
PanTS_00005643,1,2,train,Non-contrast,0.703125,0.703125,0.8,2,0.8,1026,405.791,11.7362,10-20,False,2,True,23,hyperattenuating,0.336216,True,head,mask_ring,0.183754,inside,False,True,93.2383,4.59273,6,17,1855,0.183754,1,94,96,94,96,72,96,72,96,94,96,94,96,14,hyper,0.4399,False,0.81,,<=1.5,False,False,False,False,,,,,,,,,,,,,0.06,0.04,0.06,0.04
PanTS_00005643,2,2,train,Non-contrast,0.703125,0.703125,0.8,2,0.8,36,14.2383,3.76358,<5,False,2,False,27,hyperattenuating,0,False,head,pc1_boundary,0.379769,embedded,False,True,72.2504,1.50357,6,2,1855,0.379769,1,10,37.5,10,37.5,16.5,8.5,16.5,8.5,10,37.5,10,37.5,27,hyper,0.8484,True,0.905,,<=1.5,False,False,False,False,,,,,,,,,,,,,0.9,0.625,0.9,0.625
PanTS_00005661,1,3,train,Venous,0.976562,0.976562,2.5,2,2.5,2571,6129.74,27.433,20-40,False,1,True,94,hyperattenuating,0.840979,True,head,mask_ring,0.147972,inside,False,True,31.265,11.3532,10,149,2894,0.147972,1,59.5,32.5,59.5,32.5,54,87.5,54,87.5,54,87.5,54,87.5,108,hyper,6.033,False,0,3,1.5-2.5,True,False,True,False,17,35,17,35,18,4,18,4,18,4,18,4,0.46,0.125,0.46,0.125
PanTS_00005665,1,2,train,Non-contrast,0.703125,0.703125,0.8,2,0.8,500,197.754,12.9962,10-20,False,3,True,-6,isoattenuating,0,False,head,mask_ring,0.190297,embedded,False,True,92.9783,3.6142,6,11,1842,0.190297,0.98,87.5,66.5,87.5,66.5,93,44.5,93,44.5,87.5,66.5,87.5,66.5,-0.5,iso,-0.02846,True,0.84,,<=1.5,False,False,False,False,19,47,19,47,9,,9,,19,47,19,47,0.125,0.335,0.125,0.335
PanTS_00005665,2,2,train,Non-contrast,0.703125,0.703125,0.8,2,0.8,18,7.11914,3.52813,<5,True,3,False,-12,hypoattenuating,0,False,head,mask_ring,0.341777,embedded,False,True,77.5608,1.19338,6,2,1842,0.341777,1,30,42.5,30,42.5,27,21.5,27,21.5,30,42.5,30,42.5,-12,hypo,-0.683,True,0.635,,<=1.5,False,False,False,False,,,,,,,,,,,,,0.7,0.575,0.7,0.575
PanTS_00005665,3,2,train,Non-contrast,0.703125,0.703125,0.8,2,0.8,64,25.3125,6.9125,5-10,False,3,False,1.5,isoattenuating,0,False,head,mask_ring,0.34939,inside,False,True,75.1893,1.82144,6,3,1842,0.34939,1,19,11.5,19,11.5,12.5,30,12.5,30,19,11.5,19,11.5,23,hyper,1.309,True,0.925,,<=1.5,False,False,False,False,,,,,,,,,,,,,0.81,0.885,0.81,0.885
PanTS_00005677,1,3,train,Non-contrast,0.683594,0.683594,0.8,2,0.8,1805,674.782,16.6008,10-20,False,1,True,-23,hypoattenuating,0.0498482,True,head,mask_ring,0.0592596,embedded,False,True,51.0909,5.44116,6,24,1561,0.0592596,0.992798,82.5,31.5,82.5,31.5,73.5,67,73.5,67,82.5,31.5,82.5,31.5,-27,hypo,-1.939,False,0.905,,<=1.5,False,False,False,False,,,,,19,23,19,23,,,,,0.175,0.685,0.175,0.685
PanTS_00005731,1,1,train,Non-contrast,1.36719,1.36719,3.27,2,3.27,146,892.395,28.401,20-40,False,1,True,-8,isoattenuating,0,False,body,mask_ring,0.614532,inside,False,True,4.26259,5.9725,6,39,2149,0.614532,0.972603,69.5,84,69.5,84,81.5,91.5,81.5,91.5,69.5,84,69.5,84,-5,iso,-0.8379,True,0.415,,2.5-5,False,False,False,False,,,,,21,,21,,,,,,0.305,0.16,0.305,0.16
PanTS_00005732,1,1,train,Venous,0.976562,0.976562,3,2,3,3505,10027.9,41.3039,>=40,False,1,True,-47,hypoattenuating,0,False,head,mask_ring,0.231667,abutting,False,True,5.73078,13.3775,10,87,1155,0.231667,0.347789,61,79,61,79,100,100,100,100,100,100,100,100,-49,hypo,-6.426,True,0.995,,2.5-5,True,False,False,True,4,5,4,5,1,1,1,1,1,1,1,1,0,0,0,0
PanTS_00005739,1,1,train,Venous,0.947266,0.947266,2.5,2,2.5,843,1891.09,26.4551,20-40,False,1,True,42,hyperattenuating,0.25828,True,head,mask_ring,0.137706,inside,False,True,0.947266,7.67139,6,74,1316,0.137706,1,10,3,10,3,73,58.5,73,58.5,10,3,10,3,42,hyper,4.525,False,1,,1.5-2.5,True,False,True,False,30,,30,,5,7,5,7,30,,30,,0.9,0.97,0.9,0.97
PanTS_00005742,1,0,train,Non-contrast,0.781,0.781,5,2,5,529,1613.35,20.1998,20-40,False,1,True,5,isoattenuating,0,False,head,mask_ring,0.143806,inside,False,False,,7.27578,6,60,2310,0.143806,1,63.5,0.5,63.5,0.5,54.5,1,54.5,1,63.5,0.5,63.5,0.5,5.5,iso,0.9759,True,0.96,,2.5-5,False,False,False,False,15,,15,,,,,,15,,15,,0.365,0.995,0.365,0.995
PanTS_00005757,1,2,train,Venous,0.787109,0.787109,1.25,2,1.25,7777,6022.71,28.7666,20-40,False,1,True,-10,isoattenuating,0.827278,True,head,mask_ring,0.188363,inside,False,True,0,11.2867,10,147,1001,0.188363,0.999871,6,0,6,0,69.5,53,69.5,53,69.5,53,69.5,53,-5,iso,-0.6284,False,0.955,,<=1.5,True,False,False,False,20,37,20,37,4,8,4,8,4,8,4,8,0.305,0.47,0.305,0.47
PanTS_00005759,1,3,train,Arterial,0.914062,0.914062,2.5,2,2.5,1787,3732.64,23.4378,20-40,False,1,True,-5,isoattenuating,0.57469,True,body,mask_ring,0.173714,inside,False,True,4.42924,9.62297,10,102,1100,0.173714,1,79,85,79,85,94,60,94,60,94,60,94,60,-11,hypo,-0.5027,False,0.915,,1.5-2.5,True,False,True,False,4,,4,,2,,2,,2,,2,,0.06,0.4,0.06,0.4
PanTS_00005766,1,2,train,Arterial,0.8125,0.8125,2.5,2,2.5,5860,9671.29,33.7781,20-40,False,1,True,-5,isoattenuating,0.834515,True,head,mask_ring,0.161125,inside,False,True,2.98172,13.217,10,198,712,0.161125,0.927645,100,100,100,100,100,100,100,100,100,100,100,100,-10,iso,-0.7734,False,0.56,10,1.5-2.5,True,False,False,False,1,1,1,1,1,1,1,1,1,1,1,1,0,0,0,0
PanTS_00005774,1,1,train,Venous,0.583984,0.583984,4,2,4,2715,3703.67,32.9352,20-40,False,1,True,-5,isoattenuating,0,False,body,mask_ring,0.583695,inside,False,True,40.8733,9.59801,10,98,1161,0.583695,1,79.5,64,79.5,64,71,62,71,62,71,62,71,62,-2,iso,-0.2234,True,0.31,24,2.5-5,True,False,False,False,4,12,4,12,15,11,15,11,15,11,15,11,0.29,0.38,0.29,0.38
PanTS_00005780,1,1,train,Arterial,0.839844,0.839844,5,2,5,2431,8573.38,32.1648,20-40,False,1,True,8,isoattenuating,0.68577,True,body,mask_ring,0.244787,inside,False,True,0.839844,12.6966,10,210,1533,0.244787,0.996709,83.5,83.5,83.5,83.5,77.5,74.5,77.5,74.5,77.5,74.5,77.5,74.5,14,hyper,0.515,False,0.38,13,2.5-5,True,False,True,False,33,13,33,13,23,33,23,33,23,33,23,33,0.225,0.255,0.225,0.255
PanTS_00005782,1,0,train,Venous,1,1,1,2,1,126,126,8.77496,5-10,False,1,True,-5.50851,isoattenuating,0,False,tail,mask_ring,1.00109,inside,False,True,61.3596,3.11,6,9,3221,1.00109,1,8.5,89.5,8.5,89.5,87,94.5,87,94.5,8.5,89.5,8.5,89.5,-4.501,iso,-0.3764,True,0.52,,<=1.5,True,False,False,False,,,,,,,,,,,,,0.915,0.105,0.915,0.105
PanTS_00005785,1,1,train,Non-contrast,0.857422,0.857422,0.801379,2,0.801379,2118,1247.82,27.0415,20-40,False,1,True,0,isoattenuating,0,False,head,mask_ring,0.180585,embedded,False,False,,6.67864,6,45,1118,0.180585,0.956563,37.5,91,37.5,91,60,92,60,92,37.5,91,37.5,91,1,iso,0.02268,True,0.18,,<=1.5,False,False,False,False,,,,,14,,14,,,,,,0.625,0.09,0.625,0.09
PanTS_00005803,1,3,train,Venous,0.976562,0.976562,5,2,5,387,1845.36,21.6219,20-40,False,1,True,4,isoattenuating,0.528986,True,body,mask_ring,0.632881,inside,False,False,,7.60905,6,55,1397,0.632881,1,24.5,2,24.5,2,60.5,11,60.5,11,24.5,2,24.5,2,10,iso,1.117,False,0.955,,2.5-5,True,False,False,False,34,50,34,50,,,,,34,50,34,50,0.755,0.98,0.755,0.98
PanTS_00005806,1,3,train,Arterial,0.757812,0.757812,1.25,2,1.25,11697,8396.68,44.0702,>=40,False,1,True,-24,hypoattenuating,0.475564,True,head,mask_ring,0.0135322,inside,False,True,0,12.6088,10,195,441,0.0135322,0.949047,100,33.5,100,33.5,82,33.5,82,33.5,82,33.5,82,33.5,-21,hypo,-1.131,False,0.245,42,<=1.5,True,False,False,True,1,4,1,4,2,5,2,5,2,5,2,5,0.18,0.665,0.18,0.665
PanTS_00005821,1,2,train,Arterial,0.835938,0.835938,2.5,2,2.5,3399,5937.99,30.6174,20-40,False,1,True,4,isoattenuating,0,False,head,mask_ring,0.083998,inside,False,True,4.8703,11.2335,10,148,1988,0.083998,1,8,8.5,8,8.5,1,0,1,0,1,0,1,0,4,iso,0.3447,True,0.85,,1.5-2.5,True,False,False,False,37,38,37,38,41,,41,,41,,41,,0.99,1,0.99,1
PanTS_00005832,1,4,train,Arterial,0.576172,0.576172,0.8,2,0.8,1405,373.139,15.188,10-20,False,1,True,-1,isoattenuating,0,False,head,mask_ring,0.240879,inside,False,False,,4.46609,6,18,723,0.240879,1,58,3,58,3,25.5,3.5,25.5,3.5,58,3,58,3,-9,iso,-0.7144,True,0.96,,<=1.5,True,False,False,False,,,,,,,,,,,,,0.42,0.97,0.42,0.97
PanTS_00005855,1,1,train,Venous,0.759766,0.759766,2.5,2,2.5,12282,17724.3,43.7704,>=40,False,1,True,22,hyperattenuating,0.867946,True,head,mask_ring,0.152539,inside,False,True,0.759766,16.1743,10,390,1694,0.152539,0.999023,32,0,32,0,100,0,100,0,100,0,100,0,11,hyper,0.6636,False,0.795,,1.5-2.5,True,False,False,True,7,35,7,35,1,43,1,43,1,43,1,43,0,1,0,1
PanTS_00005864,1,1,train,Non-contrast,0.703125,0.703125,0.8,2,0.8,1729,683.833,19.7843,10-20,False,1,True,-17,hypoattenuating,0.0480635,True,head,mask_ring,0.17804,inside,False,True,11.1461,5.46538,6,28,1646,0.17804,1,55,84,55,84,33.5,71.5,33.5,71.5,55,84,55,84,-12,hypo,-0.381,False,0.66,,<=1.5,False,False,False,False,38,13,38,13,,,,,38,13,38,13,0.45,0.16,0.45,0.16
PanTS_00005876,1,3,train,Venous,0.888672,0.888672,2.5,2,2.5,2922,5769.03,31.9999,20-40,False,1,True,-16,hypoattenuating,0.5589,True,body,mask_ring,0.436987,abutting,False,True,44.0422,11.126,10,94,2203,0.436987,0.632101,96,70.5,96,70.5,34.5,77,34.5,77,34.5,77,34.5,77,-18,hypo,-2.172,False,0.96,,1.5-2.5,True,False,True,False,3,11,3,11,13,10,13,10,13,10,13,10,0.655,0.23,0.655,0.23
PanTS_00005881,1,3,train,Venous,0.761719,0.761719,5,2,5,3159,9164.51,32.2667,20-40,False,1,True,2,isoattenuating,0.790578,True,head,mask_ring,0.390011,inside,False,False,,12.982,10,207,1231,0.390011,0.981007,100,26,100,26,4,37.5,4,37.5,4,37.5,4,37.5,1,iso,0.07734,False,0.92,,2.5-5,True,False,False,False,1,8,1,8,32,8,32,8,32,8,32,8,0.96,0.625,0.96,0.625
PanTS_00005905,1,0,train,Venous,0.742188,0.742188,3,2,3,2975,4916.27,47.4556,>=40,False,1,True,-22,hypoattenuating,0,False,tail,mask_ring,0.833735,inside,False,True,43.887,10.5483,10,140,3117,0.833735,0.997647,65,14,65,14,69.5,23.5,69.5,23.5,69.5,23.5,69.5,23.5,-31,hypo,-2.527,True,0.8,,2.5-5,True,False,False,True,17,50,17,50,13,32,13,32,13,32,13,32,0.305,0.765,0.305,0.765
PanTS_00005921,1,2,train,Venous,0.753906,0.753906,2.5,2,2.5,4040,5740.58,33.8478,20-40,False,1,True,-11,hypoattenuating,0.743762,True,head,mask_ring,0.225886,inside,False,True,3.01562,11.1077,10,151,1608,0.225886,1,81,80,81,80,64,81.5,64,81.5,64,81.5,64,81.5,-11,hypo,-0.6381,False,0.2,12,1.5-2.5,True,False,True,False,13,,13,,,,,,,,,,0.36,0.185,0.36,0.185
PanTS_00005924,1,4,train,Venous,0.689453,0.689453,1.5,2,1.5,6906,4924.11,27.9327,20-40,False,1,True,-9,isoattenuating,0,False,head,mask_ring,0.137454,abutting,False,True,23.2473,10.5539,10,29,849,0.137454,0.174196,76.5,0.5,76.5,0.5,90,50,90,50,90,50,90,50,-9,iso,-1.086,True,1,,<=1.5,True,False,False,False,9,45,9,45,3,14,3,14,3,14,3,14,0.1,0.5,0.1,0.5
PanTS_00005931,1,4,train,Venous,0.78125,0.78125,5,2,5,469,1431.27,23.7603,20-40,False,1,True,-58,hypoattenuating,0.292911,True,head,mask_ring,0.315535,inside,False,True,0.78125,6.99109,6,64,1495,0.315535,1,99.5,69.5,99.5,69.5,100,91.5,100,91.5,99.5,69.5,99.5,69.5,-64,hypo,-8.775,False,0.365,38,2.5-5,True,False,True,False,,19,,19,1,,1,,,19,,19,0.005,0.305,0.005,0.305
PanTS_00005960,1,2,train,Venous,0.703125,0.703125,5,2,5,1102,2724.06,27.8963,20-40,False,1,True,-16,hypoattenuating,0,False,head,mask_ring,0.032413,inside,False,True,2.98311,8.66382,10,91,1544,0.032413,1,77,20,77,20,76,96.5,76,96.5,76,96.5,76,96.5,-22,hypo,-2.288,True,0.96,,2.5-5,True,False,True,False,5,29,5,29,9,34,9,34,9,34,9,34,0.24,0.035,0.24,0.035
PanTS_00005985,1,2,train,Non-contrast,0.78125,0.78125,0.8,2,0.8,5532,2701.17,30.4675,20-40,False,4,True,-40,hypoattenuating,0,False,head,mask_ring,0.183975,abutting,False,False,,8.63949,10,35,2002,0.183975,0.383948,30.5,36.5,30.5,36.5,31,27,31,27,31,27,31,27,-42,hypo,-1.23,True,0.945,,<=1.5,False,False,False,False,,,,,,40,,40,,40,,40,0.69,0.73,0.69,0.73
PanTS_00005985,2,2,train,Non-contrast,0.78125,0.78125,0.8,2,0.8,16,7.8125,3.35457,<5,True,4,False,-57.5,hypoattenuating,0,False,head,pc1_boundary,0.311234,embedded,False,False,,1.23093,6,2,2002,0.311234,1,9.5,2.5,9.5,2.5,1.5,42,1.5,42,9.5,2.5,9.5,2.5,-57.5,hypo,-1.684,True,0.385,,<=1.5,False,False,False,False,,,,,,,,,,,,,0.905,0.975,0.905,0.975
PanTS_00005985,3,2,train,Non-contrast,0.78125,0.78125,0.8,2,0.8,11,5.37109,4.92552,<5,True,4,False,-21,hypoattenuating,0,False,head,pc1_boundary,0.249949,embedded,False,False,,1.0864,6,0,2002,0.249949,1,,,,,,,,,,,,,-21,hypo,-0.615,True,0.16,,<=1.5,False,False,False,False,,,,,,,,,,,,,,,,
PanTS_00005985,4,2,train,Non-contrast,0.78125,0.78125,0.8,2,0.8,4,1.95313,2.4,<5,True,4,False,-15,hypoattenuating,0,False,head,pc1_boundary,0.270624,embedded,False,False,,0.775438,6,0,2002,0.270624,1,,,,,,,,,,,,,-15,hypo,-0.4393,True,,,<=1.5,False,False,False,False,,,,,,,,,,,,,,,,
PanTS_00005992,1,2,train,Venous,0.798828,0.798828,2.5,2,2.5,4530,7226.78,29.7181,20-40,False,1,True,-6,isoattenuating,0.552404,True,head,mask_ring,0.203925,inside,False,True,0,11.9937,10,181,980,0.203925,1,74.5,5,74.5,5,55.5,0,55.5,0,55.5,0,55.5,0,-16,hypo,-0.985,False,0.88,,1.5-2.5,True,False,True,False,3,32,3,32,8,,8,,8,,8,,0.445,1,0.445,1
PanTS_00005994,1,4,train,Venous,0.791016,0.791016,2.42,2,2.42,946,1432.44,22.866,20-40,False,1,True,-2,isoattenuating,0,False,head,mask_ring,0.363447,inside,False,True,49.2144,6.99299,6,50,1523,0.363447,1,73,20.5,73,20.5,27,21.5,27,21.5,73,20.5,73,20.5,6,iso,0.5656,True,0.475,,1.5-2.5,True,False,False,False,10,46,10,46,,,,,10,46,10,46,0.27,0.795,0.27,0.795
PanTS_00005995,1,3,train,Venous,0.78125,0.78125,0.8,2,0.8,5798,2831.05,32.3427,20-40,False,1,True,-4,isoattenuating,0,False,head,mask_ring,0.535248,abutting,False,False,,8.7758,10,46,297,0.535248,0.553984,49.5,100,49.5,100,62,15,62,15,62,15,62,15,-4,iso,-0.1326,True,0.845,25,<=1.5,True,False,False,False,7,18,7,18,4,14,4,14,4,14,4,14,0.38,0.85,0.38,0.85
PanTS_00006000,1,1,train,Arterial,0.742188,0.742188,1.25,2,1.25,20181,13895.7,41.5264,>=40,False,1,True,-26,hypoattenuating,0.668911,True,head,mask_ring,0.451558,inside,False,True,0,14.9141,10,303,1221,0.451558,0.971954,100,55,100,55,52,44.5,52,44.5,52,44.5,52,44.5,-26,hypo,-1.824,False,0.95,,<=1.5,True,False,False,True,1,14,1,14,4,10,4,10,4,10,4,10,0.48,0.555,0.48,0.555
PanTS_00006011,1,2,train,Arterial,1.5,1.5,1.5,2,1.5,841,2838.38,23.2863,20-40,False,1,True,10,isoattenuating,0.621967,True,head,mask_ring,0.201714,inside,False,True,2.12132,8.78335,10,82,2259,0.201714,1,23.5,43.5,23.5,43.5,8,0,8,0,8,0,8,0,8,iso,0.9281,False,0.925,,<=1.5,True,False,False,False,27,22,27,22,,,,,,,,,0.92,1,0.92,1
PanTS_00006039,1,4,train,Arterial,0.766,0.766,5,2,5,643,1886.42,18.4545,10-20,False,2,True,0,isoattenuating,0,False,head,mask_ring,0.305483,inside,False,True,19.5507,7.66508,6,55,1785,0.305483,1,50,52,50,52,45,44,45,44,50,52,50,52,-1,iso,-0.2011,True,0.93,,2.5-5,True,False,False,False,29,,29,,15,,15,,29,,29,,0.5,0.48,0.5,0.48
PanTS_00006039,2,4,train,Arterial,0.766,0.766,5,2,5,238,698.24,17.272,10-20,False,2,False,-57,hypoattenuating,0,False,head,pc1_boundary,-0.476251,separated,True,True,77.9919,5.5035,6,0,1785,-0.476251,0,,,,,,,,,,,,,-57,hypo,-11.46,True,,,2.5-5,True,True,False,False,,,,,,,,,,,,,,,,
PanTS_00006054,1,4,train,Venous,0.703125,0.703125,0.8,2,0.8,17339,6857.71,50.8853,>=40,False,1,True,-21,hypoattenuating,0,False,,none,,separated,True,False,,11.7859,10,1,475,,0,76.5,91,76.5,91,74.5,75,74.5,75,74.5,75,74.5,75,-24,hypo,-0.6581,True,1,46,<=1.5,True,False,False,True,,14,,14,,,,,,,,,0.255,0.25,0.255,0.25
PanTS_00006056,1,0,train,Venous,0.742188,0.742188,1,2,1,2478,1364.99,40.6639,>=40,False,2,True,-33,hypoattenuating,0.118549,True,body,pc1_boundary,0.568797,separated,True,True,55.121,6.88145,6,0,2058,0.568797,0,,,,,,,,,,,,,-33,hypo,-3.687,False,,,<=1.5,True,False,False,True,,,,,,,,,,,,,,,,
PanTS_00006056,2,0,train,Venous,0.742188,0.742188,1,2,1,1758,968.381,24.4152,20-40,False,2,False,-27,hypoattenuating,0.088221,True,body,mask_ring,0.640049,abutting,False,True,61.6891,6.13742,6,9,2058,0.640049,0.231513,70,59.5,70,59.5,64.5,76,64.5,76,70,59.5,70,59.5,-27,hypo,-3.016,False,0.905,,<=1.5,True,False,True,False,,,,,,,,,,,,,0.3,0.405,0.3,0.405
PanTS_00006064,1,0,train,Venous,0.703125,0.703125,2.5,2,2.5,1611,1991.13,21.5243,20-40,False,1,True,-31,hypoattenuating,0.373777,True,head,mask_ring,0.0252506,inside,False,True,3.97748,7.80436,6,61,1295,0.0252506,1,93,7,93,7,7.5,9,7.5,9,93,7,93,7,-41,hypo,-3.255,False,0.985,,1.5-2.5,True,False,True,False,4,49,4,49,36,44,36,44,4,49,4,49,0.07,0.93,0.07,0.93
PanTS_00006079,1,0,train,Venous,0.902344,0.902344,2.5,2,2.5,2232,4543.37,25.7714,20-40,False,1,True,-11,hypoattenuating,0.720195,True,head,mask_ring,0.105007,inside,False,True,1.80469,10.2746,10,122,1094,0.105007,1,87.5,10,87.5,10,85,56.5,85,56.5,85,56.5,85,56.5,-24,hypo,-1.341,False,1,,1.5-2.5,True,False,True,False,2,21,2,21,3,8,3,8,3,8,3,8,0.15,0.435,0.15,0.435
PanTS_00006135,1,1,train,Venous,1.5,1.5,1.5,2,1.5,396,1336.5,20.8926,20-40,False,1,True,-17,hypoattenuating,0,False,head,mask_ring,0.309484,separated,True,True,25.1446,6.83324,6,0,1249,0.309484,0,,,,,,,,,,,,,-25,hypo,-0.7938,True,1,,<=1.5,True,False,True,False,,,,,,,,,,,,,,,,
PanTS_00006142,1,1,train,Arterial,0.976562,0.976562,2.5,2,2.5,1777,4236.7,35.303,20-40,False,1,True,6,isoattenuating,0.526848,True,head,mask_ring,0.0650159,inside,False,True,36.0715,10.038,10,115,1475,0.0650159,0.998875,8.5,7,8.5,7,2,0,2,0,2,0,2,0,6,iso,0.4209,False,0.58,,1.5-2.5,True,False,False,False,20,31,20,31,25,36,25,36,25,36,25,36,0.98,1,0.98,1
PanTS_00006157,1,3,train,Venous,0.783203,0.783203,1.25,2,1.25,75815,58131.8,98.4386,>=40,False,1,True,9,isoattenuating,0.619253,True,head,mask_ring,0.211558,inside,False,True,0.783203,24.0312,10,1033,827,0.211558,0.875394,,,,,,,,,,,,,10,iso,0.7938,False,0.01,2,<=1.5,True,False,False,False,5,4,5,4,4,3,4,3,4,3,4,3,,,,
PanTS_00006178,1,0,train,Non-contrast,1.5,1.5,1.5,2,1.5,358,1208.25,17.6847,10-20,False,1,True,0,isoattenuating,0,False,head,mask_ring,0.196522,inside,False,True,48.2338,6.60728,6,43,2428,0.196522,1,92.5,92.5,92.5,92.5,92,93,92,93,92.5,92.5,92.5,92.5,2,iso,0.1097,True,0.105,20,<=1.5,False,False,False,False,45,,45,,,,,,45,,45,,0.075,0.075,0.075,0.075
PanTS_00006183,1,3,train,Venous,0.753906,0.753906,2.5,2,2.5,2599,3693.01,25.665,20-40,False,1,True,-39,hypoattenuating,0,False,body,mask_ring,0.490015,inside,False,True,1.68579,9.58879,10,102,2125,0.490015,1,5,0,5,0,7.5,0,7.5,0,7.5,0,7.5,0,-49,hypo,-2.593,True,0.965,,1.5-2.5,True,False,True,False,,,,,,,,,,,,,0.925,1,0.925,1
PanTS_00006193,1,3,train,Non-contrast,0.898438,0.898438,0.8,2,0.8,3164,2043.16,18.623,10-20,False,1,True,17,hyperattenuating,0,False,body,mask_ring,0.366832,inside,False,False,,7.87175,6,67,2619,0.366832,1,9,29,9,29,48.5,23,48.5,23,9,29,9,29,17,hyper,0.4459,True,0.34,,<=1.5,False,False,False,False,,45,,45,34,,34,,,45,,45,0.91,0.71,0.91,0.71
PanTS_00006201,1,4,train,Venous,0.951172,0.951172,2.5,2,2.5,2629,5946.33,31.1452,20-40,False,1,True,7,isoattenuating,0.377905,True,head,mask_ring,0.072821,inside,False,True,2.5,11.2388,10,150,1078,0.072821,1,11,88.5,11,88.5,26,0,26,0,26,0,26,0,3,iso,0.2104,False,0.525,13,1.5-2.5,True,False,False,False,25,2,25,2,10,,10,,10,,10,,0.74,1,0.74,1
PanTS_00006218,1,3,train,Venous,0.722656,0.722656,2.5,2,2.5,1780,2323.93,20.1982,20-40,False,1,True,-33,hypoattenuating,0.085049,True,head,mask_ring,0.351272,inside,False,True,0.722656,8.21697,10,62,880,0.351272,0.978652,41.5,20,41.5,20,27.5,1.5,27.5,1.5,27.5,1.5,27.5,1.5,-40,hypo,-3.261,False,0.745,,1.5-2.5,True,False,True,False,16,45,16,45,22,24,22,24,22,24,22,24,0.725,0.985,0.725,0.985
PanTS_00006222,1,3,train,Non-contrast,0.722656,0.722656,0.8,2,0.8,29747,12427.9,50.3717,>=40,False,1,True,0,isoattenuating,0.70987,True,head,mask_ring,0.214263,abutting,False,False,,14.3693,10,212,1117,0.214263,0.725317,22,11,22,11,69,100,69,100,69,100,69,100,0,iso,0,False,0.935,,<=1.5,False,False,False,False,17,26,17,26,6,1,6,1,6,1,6,1,0.31,0,0.31,0
PanTS_00006238,1,4,train,Venous,0.703125,0.703125,1.25,2,1.25,7412,4580.47,38.4332,20-40,False,1,True,-16,hypoattenuating,0,False,head,mask_ring,0.132526,inside,False,True,32.7463,10.3025,10,127,1490,0.132526,0.921749,15.5,0,15.5,0,56,1.5,56,1.5,56,1.5,56,1.5,-14,hypo,-0.9821,True,0.98,,<=1.5,True,False,True,False,33,,33,,8,37,8,37,8,37,8,37,0.44,0.985,0.44,0.985
PanTS_00006256,1,1,train,Venous,0.644531,0.644531,5,2,5,2782,5778.5,24.8844,20-40,False,1,True,-53,hypoattenuating,0.687632,True,tail,mask_ring,0.851947,inside,False,True,20.6322,11.1321,10,138,868,0.851947,1,100,100,100,100,100,100,100,100,100,100,100,100,-59,hypo,-8.898,False,0.975,,2.5-5,True,False,True,False,3,2,3,2,1,4,1,4,1,4,1,4,0,0,0,0
PanTS_00006257,1,0,train,Arterial,0.658203,0.658203,0.8,2,0.8,2197,761.447,32.1267,20-40,False,2,True,-1,isoattenuating,0,False,head,mask_ring,0.169256,abutting,False,False,,5.66479,6,25,1305,0.169256,0.736914,13.5,0.5,13.5,0.5,14.5,10.5,14.5,10.5,13.5,0.5,13.5,0.5,-8,iso,-0.4309,True,0.79,,<=1.5,True,False,False,False,,,,,38,,38,,,,,,0.865,0.995,0.865,0.995
PanTS_00006257,2,0,train,Arterial,0.658203,0.658203,0.8,2,0.8,542,187.849,10.4844,10-20,False,2,False,-16,hypoattenuating,0,False,head,pc1_boundary,0.173917,abutting,False,False,,3.55282,6,2,1305,0.173917,0.182657,58,10.5,58,10.5,56,56,56,56,58,10.5,58,10.5,-17,hypo,-0.9157,True,1,,<=1.5,True,True,False,False,,,,,,,,,,,,,0.42,0.895,0.42,0.895
PanTS_00006263,1,1,train,Venous,0.976562,0.976562,2.5,2,2.5,4784,11405.9,37.2502,20-40,False,1,True,24,hyperattenuating,0.65212,True,head,mask_ring,0.101468,inside,False,True,25,13.9641,10,291,1674,0.101468,1,0,0,0,0,0,0,0,0,0,0,0,0,23,hyper,0.8895,False,0.91,28,1.5-2.5,True,False,True,False,38,31,38,31,20,33,20,33,20,33,20,33,1,1,1,1
PanTS_00006268,1,2,train,Venous,0.744141,0.744141,1.5,2,1.5,14604,12130.3,52.6846,>=40,False,1,True,-12,hypoattenuating,0.622212,True,head,mask_ring,0.209917,abutting,False,True,10.7595,14.2537,10,154,2600,0.209917,0.50178,54,1,54,1,41,5.5,41,5.5,41,5.5,41,5.5,-15,hypo,-0.9836,False,0.75,,<=1.5,True,False,False,True,13,,13,,31,,31,,31,,31,,0.59,0.945,0.59,0.945
PanTS_00006272,1,4,train,Venous,0.78125,0.78125,2.5,2,2.5,5422,8273.32,30.7912,20-40,False,1,True,-12,hypoattenuating,0.869236,True,head,mask_ring,0.263151,inside,False,True,0,12.5467,10,213,1165,0.263151,1,80.5,12.5,80.5,12.5,57.5,0,57.5,0,57.5,0,57.5,0,-25,hypo,-1.604,False,0.695,,1.5-2.5,True,False,True,False,2,18,2,18,7,28,7,28,7,28,7,28,0.425,1,0.425,1
PanTS_00006275,1,2,train,Arterial,1,1,1,2,1,1953,1953,23.4307,20-40,False,8,False,-13.0007,hypoattenuating,0,False,head,pc1_boundary,0.199544,inside,False,False,,7.75422,6,70,3934,0.199544,1,26,1.5,26,1.5,54.5,15,54.5,15,26,1.5,26,1.5,-10.99,hypo,-0.5915,True,0.965,,<=1.5,True,False,True,False,,,,,,,,,,,,,0.74,0.985,0.74,0.985
PanTS_00006275,2,2,train,Arterial,1,1,1,2,1,1845,1845,35.5668,20-40,False,8,False,-23.0106,hypoattenuating,0,False,head,mask_ring,0.112342,inside,False,False,,7.60856,6,57,3934,0.112342,1,12.5,30.5,12.5,30.5,91,52,91,52,12.5,30.5,12.5,30.5,-28.99,hypo,-1.561,True,0.9,,<=1.5,True,False,True,False,,,,,9,27,9,27,,,,,0.875,0.695,0.875,0.695
PanTS_00006275,3,2,train,Arterial,1,1,1,2,1,39,39,5.74456,5-10,False,8,False,-3.99786,isoattenuating,0,False,head,pc1_boundary,0.327613,inside,False,False,,2.10374,6,3,3934,0.327613,1,96,75,96,75,98,41,98,41,96,75,96,75,-3.998,iso,-0.2152,True,0.685,,<=1.5,True,False,False,False,,,,,18,,18,,,,,,0.04,0.25,0.04,0.25
PanTS_00006275,4,2,train,Arterial,1,1,1,2,1,3,3,2,<5,True,8,False,15.9915,hyperattenuating,0,False,head,pc1_boundary,0.334934,inside,False,False,,0.8947,6,0,3934,0.334934,1,,,,,,,,,,,,,15.99,hyper,0.8609,True,0.83,,<=1.5,True,False,False,False,,,,,,,,,,,,,,,,
PanTS_00006275,5,2,train,Arterial,1,1,1,2,1,2610,2610,34.4529,20-40,False,8,True,-14.0078,hypoattenuating,0.201539,True,head,mask_ring,0.400627,inside,False,False,,8.54117,10,97,3934,0.400627,1,62,93,62,93,87,73.5,87,73.5,87,73.5,87,73.5,-14.98,hypo,-0.8067,False,0.475,40,<=1.5,True,False,True,False,22,,22,,11,,11,,11,,11,,0.13,0.265,0.13,0.265
PanTS_00006275,6,2,train,Arterial,1,1,1,2,1,3,3,2,<5,True,8,False,-23.9872,hypoattenuating,0,False,head,pc1_boundary,0.37836,inside,False,False,,0.8947,6,0,3934,0.37836,1,,,,,,,,,,,,,-23.99,hypo,-1.291,True,0.975,,<=1.5,True,False,False,False,,,,,,,,,,,,,,,,
PanTS_00006275,7,2,train,Arterial,1,1,1,2,1,690,690,14.4914,10-20,False,8,False,-24.9943,hypoattenuating,0,False,tail,pc1_boundary,0.894364,inside,False,False,,5.48176,6,28,3934,0.894364,1,79.5,84,79.5,84,55,86,55,86,79.5,84,79.5,84,-24.49,hypo,-1.318,True,0.735,,<=1.5,True,True,False,False,37,,37,,,48,,48,37,,37,,0.205,0.16,0.205,0.16
PanTS_00006275,8,2,train,Arterial,1,1,1,2,1,87,87,12.8062,10-20,False,8,False,-23.9872,hypoattenuating,0,False,tail,pc1_boundary,0.999048,inside,False,False,,2.7488,6,7,3934,0.999048,1,72.5,58,72.5,58,94,79.5,94,79.5,72.5,58,72.5,58,-34.5,hypo,-1.857,True,0.74,,<=1.5,True,True,False,False,,,,,32,,32,,,,,,0.275,0.42,0.275,0.42
PanTS_00006282,1,3,train,Non-contrast,0.730469,0.730469,0.853631,2,0.853631,1031,469.605,12.1016,10-20,False,1,True,-7,isoattenuating,0,False,head,mask_ring,,inside,False,True,13.4547,4.82186,6,21,1043,,1,15,30.5,15,30.5,100,75,100,75,15,30.5,15,30.5,1,iso,0.02646,True,0.405,28,<=1.5,False,False,False,False,,40,,40,1,13,1,13,,40,,40,0.85,0.695,0.85,0.695
PanTS_00006287,1,0,train,Non-contrast,0.757812,0.757812,5,2,5,7091,20361.1,52.7457,>=40,False,2,True,-2,isoattenuating,0,False,tail,mask_ring,0.88513,inside,False,False,,16.9396,10,440,2119,0.88513,0.989564,100,0.5,100,0.5,81.5,14.5,81.5,14.5,81.5,14.5,81.5,14.5,7,iso,0.5027,True,0.97,,2.5-5,False,False,False,False,1,13,1,13,2,13,2,13,2,13,2,13,0.185,0.855,0.185,0.855
PanTS_00006287,2,0,train,Non-contrast,0.757812,0.757812,5,2,5,1558,4473.63,36.9326,20-40,False,2,False,-3,isoattenuating,0.0478036,True,head,mask_ring,0.176125,inside,False,False,,10.2217,10,145,2119,0.176125,1,54.5,15,54.5,15,23,39,23,39,23,39,23,39,-5,iso,-0.3591,False,0.745,,2.5-5,False,False,False,False,14,,14,,23,,23,,23,,23,,0.77,0.61,0.77,0.61
PanTS_00006300,1,0,train,Venous,0.863281,0.863281,5,2,5,7840,29214,78.9633,>=40,False,4,True,-57,hypoattenuating,0,False,body,mask_ring,0.681037,abutting,False,True,48.6204,19.1059,10,0,1363,0.681037,0,,,,,,,,,,,,,-64,hypo,-6.435,True,1,,2.5-5,True,False,False,True,,,,,,,,,,,,,,,,
PanTS_00006300,2,0,train,Venous,0.863281,0.863281,5,2,5,1311,4885.14,31.3019,20-40,False,4,False,-69,hypoattenuating,0,False,body,pc1_boundary,0.469187,separated,True,True,69.4455,10.526,10,0,1363,0.469187,0,,,,,,,,,,,,,-69,hypo,-6.938,True,,,2.5-5,True,False,True,False,,,,,,,,,,,,,,,,
PanTS_00006300,3,0,train,Venous,0.863281,0.863281,5,2,5,159,592.477,12.01,10-20,False,4,False,-53,hypoattenuating,0.00683554,True,head,pc1_boundary,0.353438,separated,True,True,49.9802,5.21028,6,0,1363,0.353438,0,,,,,,,,,,,,,-55,hypo,-5.53,False,,,2.5-5,True,True,False,False,,,,,,,,,,,,,,,,
PanTS_00006300,4,0,train,Venous,0.863281,0.863281,5,2,5,786,2928.85,34.7776,20-40,False,4,False,-34,hypoattenuating,0.0264775,True,head,mask_ring,0.230421,abutting,False,True,20.3109,8.8757,10,26,1363,0.230421,0.197201,17,0.5,17,0.5,36.5,2,36.5,2,36.5,2,36.5,2,-34.5,hypo,-3.469,False,1,,2.5-5,True,False,True,False,50,,50,,,,,,,,,,0.635,0.98,0.635,0.98
PanTS_00006304,1,1,train,Venous,0.8125,0.8125,2.5,2,2.5,1849,3051.57,23.7981,20-40,False,1,True,-12,hypoattenuating,0.636818,True,head,mask_ring,0.23247,inside,False,True,2.5,8.99798,10,86,1358,0.23247,1,70.5,5,70.5,5,37.5,2,37.5,2,37.5,2,37.5,2,-18,hypo,-1.324,False,0.945,,1.5-2.5,True,False,True,False,4,,4,,13,,13,,13,,13,,0.625,0.98,0.625,0.98
PanTS_00006311,1,2,train,Non-contrast,0.824,0.824,5,2,5,109,370.042,14.1594,10-20,False,1,True,6,isoattenuating,0,False,head,mask_ring,0.238681,inside,False,False,,4.4537,6,19,1927,0.238681,1,38,29.5,38,29.5,48,44,48,44,38,29.5,38,29.5,3,iso,0.5323,True,0.885,,2.5-5,False,False,False,False,40,,40,,,,,,40,,40,,0.62,0.705,0.62,0.705
PanTS_00006315,1,4,train,Venous,0.939453,0.939453,2.5,2,2.5,2706,5970.6,37.0666,20-40,False,1,True,28,hyperattenuating,0.481047,True,head,mask_ring,0.048479,inside,False,True,54.9686,11.2541,10,185,2156,0.048479,1,100,100,100,100,91,100,91,100,91,100,91,100,26,hyper,1.329,False,0.895,,1.5-2.5,True,False,True,False,1,1,1,1,2,1,2,1,2,1,2,1,0.09,0,0.09,0
PanTS_00006319,1,3,train,Arterial,0.783203,0.783203,0.625,2,0.625,47289,18129.6,48.8418,>=40,False,1,True,-12,hypoattenuating,0.613566,True,head,mask_ring,0.0477431,abutting,False,True,5.90038,16.2967,10,190,507,0.0477431,0.473852,0,48.5,0,48.5,0,0,0,0,0,0,0,0,-14,hypo,-1.056,False,1,,<=1.5,True,False,False,True,16,3,16,3,13,22,13,22,13,22,13,22,1,1,1,1
PanTS_00006331,1,4,train,Venous,0.671875,0.671875,2,2,2,5243,4733.55,31.0938,20-40,False,3,False,-67,hypoattenuating,0,False,head,mask_ring,0.286465,abutting,False,False,,10.416,10,7,2055,0.286465,0.0230784,94,61.5,94,61.5,88.5,61.5,88.5,61.5,88.5,61.5,88.5,61.5,-66,hypo,-11.71,True,1,,1.5-2.5,True,False,True,False,,,,,,,,,,,,,0.115,0.385,0.115,0.385
PanTS_00006331,2,4,train,Venous,0.671875,0.671875,2,2,2,44715,40370.1,99.7207,>=40,False,3,True,-51,hypoattenuating,0,False,body,mask_ring,0.554523,abutting,False,False,,21.2809,10,153,2055,0.554523,0.146908,71,88.5,71,88.5,56.5,91.5,56.5,91.5,56.5,91.5,56.5,91.5,-51,hypo,-9.049,True,1,,1.5-2.5,True,False,False,True,12,10,12,10,12,4,12,4,12,4,12,4,0.435,0.085,0.435,0.085
PanTS_00006331,3,4,train,Venous,0.671875,0.671875,2,2,2,399,360.23,11.5355,10-20,False,3,False,-50,hypoattenuating,0,False,tail,mask_ring,1.01064,abutting,False,False,,4.41398,6,4,2055,1.01064,0.383459,77,90,77,90,70,93.5,70,93.5,77,90,77,90,-50.5,hypo,-8.961,True,0.64,,1.5-2.5,True,True,False,False,,,,,,,,,,,,,0.23,0.1,0.23,0.1
PanTS_00006333,1,1,train,Venous,0.785156,0.785156,3,2,3,6564,12139.5,35.3614,20-40,False,1,True,2,isoattenuating,0.841782,True,head,mask_ring,0.204952,inside,False,True,2.35547,14.2573,10,292,825,0.204952,1,37.5,12.5,37.5,12.5,13,24,13,24,13,24,13,24,-8,iso,-0.7541,False,0.575,16,2.5-5,True,False,False,False,8,,8,,17,43,17,43,17,43,17,43,0.87,0.76,0.87,0.76
PanTS_00006340,1,2,train,Non-contrast,0.898438,0.898438,0.8,2,0.8,1550,1000.92,16.7939,10-20,False,1,True,-4,isoattenuating,0,False,head,mask_ring,0.137071,embedded,False,False,,6.2054,6,24,2263,0.137071,0.857419,58,94.5,58,94.5,70.5,97.5,70.5,97.5,58,94.5,58,94.5,-5,iso,-0.1359,True,0.69,,<=1.5,False,False,False,False,,6,,6,30,4,30,4,,6,,6,0.42,0.055,0.42,0.055
PanTS_00006350,1,0,train,Arterial,1.5,1.5,1.5,2,1.5,4818,16260.8,48.3037,>=40,False,1,True,-16,hypoattenuating,0.574734,True,head,mask_ring,0.207436,inside,False,True,1.5,15.7163,10,368,1127,0.207436,0.946451,100,100,100,100,100,100,100,100,100,100,100,100,-16,hypo,-0.3989,False,0.155,27,<=1.5,True,False,False,True,1,1,1,1,1,1,1,1,1,1,1,1,0,0,0,0
PanTS_00006351,1,3,train,Arterial,0.625,0.625,0.8,2,0.8,15887,4964.69,31.2624,20-40,False,1,True,-2,isoattenuating,0.544695,True,head,mask_ring,0.12699,inside,False,True,18.45,10.5828,10,151,1008,0.12699,1,1.5,2,1.5,2,1,56,1,56,1,56,1,56,-3,iso,-0.2155,False,0.725,,<=1.5,True,False,False,False,18,38,18,38,19,32,19,32,19,32,19,32,0.99,0.44,0.99,0.44
PanTS_00006353,1,3,train,Non-contrast,0.820312,0.820312,0.8,2,0.8,25319,13630,45.9136,>=40,False,2,True,8,isoattenuating,0.490078,True,head,mask_ring,0.183701,embedded,False,True,63.6481,14.8184,10,213,680,0.183701,0.612228,100,100,100,100,100,100,100,100,100,100,100,100,12,hyper,0.2896,False,0.165,3,<=1.5,False,False,False,False,1,1,1,1,2,1,2,1,2,1,2,1,0,0,0,0
PanTS_00006353,2,3,train,Non-contrast,0.820312,0.820312,0.8,2,0.8,1035,557.171,14.8816,10-20,False,2,False,5,isoattenuating,0,False,body,mask_ring,0.424182,inside,False,True,55.9801,5.10466,6,25,680,0.424182,1,39.5,77.5,39.5,77.5,37.5,93.5,37.5,93.5,39.5,77.5,39.5,77.5,12,hyper,0.2896,True,0.185,22,<=1.5,False,False,False,False,,,,,28,6,28,6,,,,,0.605,0.225,0.605,0.225
PanTS_00006384,1,3,train,Venous,0.970703,0.970703,2.5,2,2.5,5995,14122.2,42.0323,>=40,False,1,True,-28,hypoattenuating,0.814047,True,head,mask_ring,0.223072,inside,False,True,2.17056,14.9947,10,340,1599,0.223072,1,68,72,68,72,6.5,7.5,6.5,7.5,6.5,7.5,6.5,7.5,-35,hypo,-1.676,False,0.66,,1.5-2.5,True,False,False,True,4,4,4,4,14,17,14,17,14,17,14,17,0.935,0.925,0.935,0.925
PanTS_00006394,1,4,train,Non-contrast,0.746094,0.746094,0.8,2,0.8,2650,1180.11,15.5312,10-20,False,1,True,-19,hypoattenuating,0,False,head,mask_ring,0.112866,inside,False,False,,6.55558,6,37,1912,0.112866,1,20,27.5,20,27.5,91,64.5,91,64.5,20,27.5,20,27.5,-24,hypo,-0.9653,True,0.72,,<=1.5,False,False,False,False,,,,,6,17,6,17,,,,,0.8,0.725,0.8,0.725
PanTS_00006413,1,3,train,Arterial,0.742188,0.742188,1.25,2,1.25,2695,1855.65,19.7053,10-20,False,1,True,-40,hypoattenuating,0,False,body,mask_ring,0.472668,inside,False,True,0,7.62318,6,54,1465,0.472668,0.981076,51.5,38.5,51.5,38.5,34.5,65,34.5,65,51.5,38.5,51.5,38.5,-43,hypo,-2.316,True,0.865,,<=1.5,True,True,False,False,22,37,22,37,19,15,19,15,22,37,22,37,0.485,0.615,0.485,0.615
PanTS_00006422,1,1,train,Non-contrast,0.898438,0.898438,0.8,2,0.8,5285,3412.8,27.1717,20-40,False,1,True,11,hyperattenuating,0,False,head,mask_ring,0.305895,inside,False,False,,9.33987,10,94,2532,0.305895,1,4.5,9.5,4.5,9.5,5.5,27.5,5.5,27.5,5.5,27.5,5.5,27.5,13,hyper,0.2862,True,0.965,,<=1.5,False,False,False,False,,,,,,33,,33,,33,,33,0.945,0.725,0.945,0.725
PanTS_00006430,1,1,train,Arterial,0.742188,0.742188,1.25,2,1.25,49599,34151.6,53.6613,>=40,False,1,True,20,hyperattenuating,0.222385,True,head,mask_ring,0.393986,inside,False,False,,20.1268,10,689,225,0.393986,0.995202,,,,,,,,,,,,,-27,hypo,-1.508,False,0.925,13,<=1.5,True,False,False,True,1,2,1,2,1,1,1,1,1,1,1,1,,,,
PanTS_00006432,1,0,train,Non-contrast,0.683594,0.683594,2.5,2,2.5,7913,9244.38,35.2134,20-40,False,1,True,-26,hypoattenuating,0.863051,True,head,mask_ring,0.181997,inside,False,True,0.683594,13.0196,10,218,1625,0.181997,1,53,55,53,55,85.5,76,85.5,76,85.5,76,85.5,76,-35,hypo,-3.406,False,0.31,9,1.5-2.5,False,False,False,False,13,27,13,27,13,14,13,14,13,14,13,14,0.145,0.24,0.145,0.24
PanTS_00006447,1,0,train,Non-contrast,1.36719,1.36719,3.27002,2,3.27002,979,5983.97,31.9677,20-40,False,1,True,0,isoattenuating,0,False,head,mask_ring,0.168857,inside,False,True,1.36719,11.2625,10,149,636,0.168857,0.972421,15,8,15,8,4.5,9,4.5,9,4.5,9,4.5,9,-3,iso,-0.4763,True,0.875,43,2.5-5,False,False,False,False,10,13,10,13,8,11,8,11,8,11,8,11,0.955,0.91,0.955,0.91
PanTS_00006466,1,4,train,Venous,0.976562,0.976562,2.5,2,2.5,1856,4425.04,29.9318,20-40,False,1,True,-27,hypoattenuating,0.564187,True,head,mask_ring,0.0482826,abutting,False,True,25.3786,10.1846,10,12,2338,0.0482826,0.0721983,72,84.5,72,84.5,91,50.5,91,50.5,91,50.5,91,50.5,-30,hypo,-2.104,False,1,,1.5-2.5,True,False,True,False,,29,,29,20,,20,,20,,20,,0.09,0.495,0.09,0.495
PanTS_00006467,1,3,train,Venous,0.730469,0.730469,2.5,2,2.5,4645,6196.26,29.176,20-40,False,1,True,14,hyperattenuating,0,False,head,mask_ring,0.149451,inside,False,True,0,11.3941,10,154,2420,0.149451,1,61.5,77,61.5,77,63,42,63,42,63,42,63,42,14,hyper,1.28,True,0.07,,1.5-2.5,True,False,True,False,12,6,12,6,9,28,9,28,9,28,9,28,0.37,0.58,0.37,0.58
PanTS_00006483,1,0,train,Arterial,0.742188,0.742188,1.25,2,1.25,61036,42026.6,81.9064,>=40,False,1,True,2,isoattenuating,0.766384,True,head,mask_ring,0.368434,inside,False,True,0,21.5681,10,800,235,0.368434,0.939216,,,,,,,,,,,,,13,hyper,0.9564,False,0.145,2,<=1.5,True,False,False,True,6,6,6,6,1,1,1,1,1,1,1,1,,,,
PanTS_00006513,1,4,train,Venous,0.744141,0.744141,1.5,2,1.5,14728,12233.3,52.8263,>=40,False,1,True,-11,hypoattenuating,0.669546,True,head,mask_ring,0.209504,abutting,False,True,10.7595,14.2939,10,152,2609,0.209504,0.501562,73,9,73,9,49.5,5,49.5,5,49.5,5,49.5,5,-14,hypo,-0.918,False,0.855,,<=1.5,True,False,False,True,8,,8,,27,,27,,27,,27,,0.505,0.95,0.505,0.95
PanTS_00006519,1,4,train,Venous,0.863281,0.863281,5,2,5,12934,48195.6,62.9664,>=40,False,1,True,21,hyperattenuating,0.0287821,True,head,mask_ring,0.184244,inside,False,False,,22.5756,10,1014,505,0.184244,1,,,,,,,,,,,,,25,hyper,2.6,False,0.015,3,2.5-5,True,False,False,True,1,1,1,1,1,1,1,1,1,1,1,1,,,,
PanTS_00006523,1,0,train,Arterial,0.78125,0.78125,0.8,2,0.8,796,388.672,12.9286,10-20,False,1,True,-10,isoattenuating,0.122107,True,head,mask_ring,0.10311,inside,False,True,72.2411,4.52722,6,16,1757,0.10311,1,7.5,8,7.5,8,4,12.5,4,12.5,7.5,8,7.5,8,-10,iso,-0.2987,False,0.835,,<=1.5,True,False,False,False,,,,,,,,,,,,,0.925,0.92,0.925,0.92
PanTS_00006525,1,2,train,Venous,0.610677,0.610677,5,2,5,12154,22662.7,60.6945,>=40,False,1,True,-17,hypoattenuating,0,False,tail,mask_ring,0.673952,abutting,False,False,,17.5553,10,123,1099,0.673952,0.164555,100,100,100,100,100,100,100,100,100,100,100,100,-17,hypo,-3.419,True,1,,2.5-5,True,False,False,True,1,1,1,1,1,1,1,1,1,1,1,1,0,0,0,0
PanTS_00006536,1,3,train,Arterial,0.847656,0.847656,2.5,2,2.5,363,652.058,23.0229,20-40,False,2,False,-50,hypoattenuating,0,False,tail,mask_ring,0.911542,abutting,False,True,107.99,5.37938,6,4,1889,0.911542,0.0964187,99,97.5,99,97.5,100,99,100,99,99,97.5,99,97.5,-55,hypo,-6.636,True,0.92,,1.5-2.5,True,False,True,False,7,,7,,2,6,2,6,7,,7,,0.01,0.025,0.01,0.025
PanTS_00006536,2,3,train,Arterial,0.847656,0.847656,2.5,2,2.5,384,689.78,16.3992,10-20,False,2,True,-58,hypoattenuating,0.325926,True,tail,mask_ring,1.00905,abutting,False,True,124.688,5.48118,6,9,1889,1.00905,0.210938,61.5,34,61.5,34,76.5,39.5,76.5,39.5,61.5,34,61.5,34,-62.5,hypo,-7.541,False,0.945,,1.5-2.5,True,True,False,False,,,,,41,,41,,,,,,0.385,0.66,0.385,0.66
PanTS_00006559,1,1,train,Venous,0.861328,0.861328,2.5,2,2.5,688,1276.04,17.4253,10-20,False,1,True,39,hyperattenuating,0,False,head,mask_ring,0.136434,inside,False,False,,6.72861,6,43,638,0.136434,1,88,88,88,88,69.5,87.5,69.5,87.5,88,88,88,88,42,hyper,3.248,True,0.535,,1.5-2.5,True,True,False,False,13,35,13,35,6,4,6,4,13,35,13,35,0.12,0.12,0.12,0.12
PanTS_00006576,1,0,train,Non-contrast,0.78125,0.78125,0.8,2,0.8,11981,5850.1,32.6526,20-40,False,2,True,4,isoattenuating,0.209857,True,head,mask_ring,0.152696,inside,False,True,72.6681,11.1778,10,158,2053,0.152696,1,5,2,5,2,12.5,3,12.5,3,12.5,3,12.5,3,5,iso,0.07734,False,0.63,31,<=1.5,False,False,False,False,35,,35,,22,,22,,22,,22,,0.875,0.97,0.875,0.97
PanTS_00006576,2,0,train,Non-contrast,0.78125,0.78125,0.8,2,0.8,956,466.797,15.6394,10-20,False,2,False,-17,hypoattenuating,0,False,head,mask_ring,0.194873,inside,False,True,80.6084,4.81223,6,21,2053,0.194873,1,85,37,85,37,90.5,33,90.5,33,85,37,85,37,-17,hypo,-0.263,True,0.61,,<=1.5,False,False,False,False,17,,17,,,,,,17,,17,,0.15,0.63,0.15,0.63
PanTS_00006616,1,4,train,Venous,0.677734,0.677734,5,2,5,2205,5064.04,26.9199,20-40,False,1,True,18,hyperattenuating,0.718301,True,head,mask_ring,0.175666,inside,False,True,1.35547,10.6529,10,131,2036,0.175666,1,26,2.5,26,2.5,30.5,0,30.5,0,30.5,0,30.5,0,22,hyper,3.016,False,0.965,,2.5-5,True,False,True,False,27,,27,,36,,36,,36,,36,,0.695,1,0.695,1
PanTS_00006650,1,2,train,Arterial,0.771484,0.771484,2.5,2,2.5,2270,3377.69,35.2738,20-40,False,1,True,-3,isoattenuating,0,False,tail,mask_ring,0.813664,inside,False,True,0.771484,9.30773,10,96,1366,0.813664,0.993392,82,100,82,100,33.5,36,33.5,36,33.5,36,33.5,36,0,iso,0,True,0.905,,1.5-2.5,True,False,False,False,8,1,8,1,10,6,10,6,10,6,10,6,0.665,0.64,0.665,0.64
PanTS_00006654,1,3,train,Venous,0.724609,0.724609,1.25,2,1.25,68489,44950.9,105.198,>=40,False,1,True,-18,hypoattenuating,0.658057,True,body,mask_ring,0.674599,inside,False,True,0,22.0572,10,956,731,0.674599,0.997474,,,,,,,,,,,,,-15,hypo,-1.293,False,0.745,11,<=1.5,True,False,False,True,3,12,3,12,1,21,1,21,1,21,1,21,,,,
PanTS_00006661,1,3,train,Non-contrast,0.640625,0.640625,5,2,5,919,1885.79,20.3585,20-40,False,1,True,-6,isoattenuating,0,False,head,mask_ring,0.387207,inside,False,False,,7.66422,6,41,1750,0.387207,0.815016,6.5,13,6.5,13,18,3.5,18,3.5,6.5,13,6.5,13,-10,iso,-2.155,True,0.94,,2.5-5,False,False,False,False,,,,,38,50,38,50,,,,,0.935,0.87,0.935,0.87
PanTS_00006665,1,2,train,Non-contrast,0.921875,0.921875,2.5,2,2.5,6777,14398.6,35.2128,20-40,False,1,True,26,hyperattenuating,0.879654,True,head,mask_ring,0.39409,inside,False,False,,15.0919,10,333,59,0.39409,1,,,,,,,,,,,,,28,hyper,2.681,False,0,1,1.5-2.5,False,False,False,False,1,1,1,1,1,1,1,1,1,1,1,1,,,,
PanTS_00006707,1,2,train,Venous,0.931641,0.931641,5,2,5,1013,4396.19,24.298,20-40,False,1,True,-5,isoattenuating,0,False,head,mask_ring,0.168703,inside,False,False,,10.1624,10,109,99,0.168703,0.989141,,,,,,,,,,,,,-7,iso,-0.8446,True,0.595,7,2.5-5,True,False,False,False,2,2,2,2,1,3,1,3,1,3,1,3,,,,
PanTS_00006710,1,2,train,Venous,0.777344,0.777344,1.25,2,1.25,4192,3166.34,24.4001,20-40,False,1,True,-11,hypoattenuating,0.389241,True,head,mask_ring,0.181144,inside,False,True,3.32928,9.1094,10,91,1944,0.181144,1,28.5,0,28.5,0,27,26.5,27,26.5,27,26.5,27,26.5,-24,hypo,-1.097,False,1,,<=1.5,True,False,True,False,39,,39,,35,,35,,35,,35,,0.73,0.735,0.73,0.735
PanTS_00006734,1,4,train,Arterial,0.722656,0.722656,2.5,2,2.5,388,506.565,13.3251,10-20,False,1,True,8,isoattenuating,0,False,head,mask_ring,0.250115,inside,False,True,5.68872,4.94518,6,21,2134,0.250115,1,45,2,45,2,31,14,31,14,45,2,45,2,7,iso,0.6811,True,0.95,,1.5-2.5,True,False,False,False,,,,,,,,,,,,,0.55,0.98,0.55,0.98
PanTS_00006741,1,0,train,Venous,0.796875,0.796875,5,2,5,321,1019.19,25.517,20-40,False,1,True,-13,hypoattenuating,0,False,body,mask_ring,0.611356,inside,False,True,42.492,6.24294,6,40,1381,0.611356,1,31.5,46.5,31.5,46.5,12.5,19,12.5,19,31.5,46.5,31.5,46.5,-13.5,hypo,-1.771,True,0.59,,2.5-5,True,False,True,False,33,24,33,24,39,42,39,42,33,24,33,24,0.685,0.535,0.685,0.535
PanTS_00006746,1,2,train,Venous,0.886719,0.886719,0.625,2,0.625,27558,13542.5,40.9182,>=40,False,1,True,-16,hypoattenuating,0.843351,True,head,mask_ring,0.101587,embedded,False,True,8.125,14.7867,10,165,1451,0.101587,0.522171,100,1,100,1,100,100,100,100,100,100,100,100,-18,hypo,-1.872,False,1,,<=1.5,True,False,False,True,1,26,1,26,1,1,1,1,1,1,1,1,0,0,0,0
PanTS_00006754,1,1,train,Venous,0.761719,0.761719,5,2,5,2343,6797.23,25.0025,20-40,False,1,True,-37,hypoattenuating,0.934151,True,tail,mask_ring,0.828544,inside,False,True,55.3144,11.7512,10,140,1333,0.828544,0.847204,5.5,11.5,5.5,11.5,42,8,42,8,42,8,42,8,-32,hypo,-2.839,False,1,,2.5-5,True,False,True,False,28,20,28,20,8,31,8,31,8,31,8,31,0.58,0.92,0.58,0.92
PanTS_00006755,1,1,train,Arterial,0.738281,0.738281,0.8,2,0.8,1563,681.542,14.8235,10-20,False,2,False,-11,hypoattenuating,0,False,head,mask_ring,0.236289,abutting,False,False,,5.45927,6,18,165,0.236289,0.71785,7.5,69,7.5,69,15,54,15,54,7.5,69,7.5,69,-11,hypo,-0.1702,True,0.555,9,<=1.5,True,True,False,False,21,7,21,7,,7,,7,21,7,21,7,0.925,0.31,0.925,0.31
PanTS_00006755,2,1,train,Arterial,0.738281,0.738281,0.8,2,0.8,1952,851.164,23.8824,20-40,False,2,True,-12,hypoattenuating,0,False,head,mask_ring,0.234526,inside,False,False,,5.87906,6,24,165,0.234526,0.849898,3,9.5,3,9.5,77,41.5,77,41.5,3,9.5,3,9.5,-14,hypo,-0.2166,True,0.1,28,<=1.5,True,False,True,False,,,,,,15,,15,,,,,0.97,0.905,0.97,0.905
PanTS_00006772,1,2,train,Venous,0.782,0.782,0.8,2,0.8,174254,85248.4,89.8447,>=40,False,1,True,-45,hypoattenuating,0.84519,True,body,mask_ring,0.647966,abutting,False,True,15.0978,27.3023,10,1152,2062,0.647966,0.638551,0,0,0,0,0,47.5,0,47.5,0,47.5,0,47.5,-43,hypo,-3.93,False,1,,<=1.5,True,False,False,True,12,45,12,45,29,11,29,11,29,11,29,11,1,0.525,1,0.525
PanTS_00006786,1,4,train,Venous,0.871094,0.871094,2.5,2,2.5,20737,39338.3,60.4872,>=40,False,1,True,-65,hypoattenuating,0.917377,True,head,mask_ring,0.388473,inside,False,True,2.61328,21.0981,10,808,1511,0.388473,1,57,100,57,100,100,100,100,100,100,100,100,100,-70,hypo,-3.91,False,0.94,30,1.5-2.5,True,False,False,True,5,1,5,1,1,1,1,1,1,1,1,1,0,0,0,0
PanTS_00006795,1,0,train,Arterial,0.742188,0.742188,1.25,2,1.25,41646,28675.5,91.0432,>=40,False,1,True,-18,hypoattenuating,0.134991,True,head,mask_ring,0.199618,inside,False,True,0,18.9878,10,688,839,0.199618,0.99952,0,0,0,0,17,0,17,0,17,0,17,0,-20,hypo,-1.311,False,0.655,5,<=1.5,True,False,False,True,15,8,15,8,11,28,11,28,11,28,11,28,0.83,1,0.83,1
PanTS_00006802,1,0,train,Venous,0.976562,0.976562,2.5,2,2.5,491,1170.63,15.5019,10-20,False,1,True,-9,isoattenuating,0,False,head,mask_ring,0.238018,inside,False,True,0,6.53799,6,32,1230,0.238018,1,79,93,79,93,76.5,93,76.5,93,79,93,79,93,-2,iso,-0.1828,True,0.015,8,1.5-2.5,True,False,False,False,7,,7,,,,,,7,,7,,0.21,0.07,0.21,0.07
PanTS_00006816,1,1,train,Venous,0.839844,0.839844,2.5,2,2.5,3547,6254.58,30.1314,20-40,False,1,True,-40,hypoattenuating,0.689439,True,head,mask_ring,0.171029,inside,False,True,3.44858,11.4297,10,167,1968,0.171029,1,100,35,100,35,100,92,100,92,100,92,100,92,-50,hypo,-2.433,False,1,,1.5-2.5,True,False,True,False,1,17,1,17,1,2,1,2,1,2,1,2,0,0.08,0,0.08
PanTS_00006837,1,3,train,Arterial,0.742188,0.742188,1.25,2,1.25,26446,18209.5,47.4638,>=40,False,1,True,-47,hypoattenuating,0.573249,True,head,mask_ring,0.32237,abutting,False,True,3.9515,16.3206,10,86,2390,0.32237,0.200673,98,54,98,54,86.5,42.5,86.5,42.5,86.5,42.5,86.5,42.5,-43,hypo,-2.494,False,1,,<=1.5,True,False,False,True,3,49,3,49,9,,9,,9,,9,,0.135,0.575,0.135,0.575
PanTS_00006879,1,0,train,Non-contrast,0.644531,0.644531,2.5,2,2.5,8289,8608.55,29.4829,20-40,False,1,True,-10,isoattenuating,0.720751,True,head,mask_ring,0.143148,inside,False,True,0.911504,12.7139,10,210,339,0.143148,1,100,100,100,100,100,100,100,100,100,100,100,100,-18,hypo,-1.697,False,0.005,1,1.5-2.5,False,False,False,False,1,1,1,1,,,,,,,,,0,0,0,0
PanTS_00006903,1,0,train,Arterial,1,1,1,2,1,6333,6333,33.3167,20-40,False,1,True,-14.0078,hypoattenuating,0.515626,True,head,mask_ring,0.169479,inside,False,True,12.1244,11.4773,10,164,3686,0.169479,1,31.5,13.5,31.5,13.5,57,50.5,57,50.5,57,50.5,57,50.5,-14.01,hypo,-1.453,False,1,,<=1.5,True,False,True,False,39,,39,,16,20,16,20,16,20,16,20,0.43,0.495,0.43,0.495
PanTS_00006917,1,3,train,Non-contrast,0.839844,0.839844,0.8,2,0.8,15383,8680.17,39.6429,20-40,False,4,True,0,isoattenuating,0.428345,True,head,mask_ring,0.137401,inside,False,False,,12.7491,10,220,1488,0.137401,0.992004,100,100,100,100,100,100,100,100,100,100,100,100,4,iso,0.1138,False,0.02,1,<=1.5,False,False,False,False,,44,,44,,,,,,,,,0,0,0,0
PanTS_00006917,2,3,train,Non-contrast,0.839844,0.839844,0.8,2,0.8,810,457.059,18.0351,10-20,False,4,False,3,isoattenuating,0,False,head,mask_ring,0.234197,embedded,False,False,,4.77853,6,20,1488,0.234197,1,48,30,48,30,77,33,77,33,48,30,48,30,1,iso,0.02846,True,0.82,,<=1.5,False,False,False,False,,,,,,,,,,,,,0.52,0.7,0.52,0.7
PanTS_00006917,3,3,train,Non-contrast,0.839844,0.839844,0.8,2,0.8,4,2.25708,2.4,<5,True,4,False,21,hyperattenuating,0,False,head,mask_ring,0.204759,embedded,False,False,,0.813741,6,0,1488,0.204759,1,,,,,,,,,,,,,22,hyper,0.626,True,,,<=1.5,False,False,False,False,,,,,,,,,,,,,,,,
PanTS_00006917,4,3,train,Non-contrast,0.839844,0.839844,0.8,2,0.8,244,137.682,12.0787,10-20,False,4,False,7,isoattenuating,0,False,head,mask_ring,0.308062,embedded,False,False,,3.20329,6,11,1488,0.308062,1,32.5,64,32.5,64,39,33.5,39,33.5,32.5,64,32.5,64,0,iso,0,True,0.265,,<=1.5,False,False,False,False,,40,,40,,,,,,40,,40,0.675,0.36,0.675,0.36
PanTS_00006921,1,3,train,Venous,0.9375,0.9375,2.5,2,2.5,9006,19788.6,47.2206,>=40,False,1,True,-55,hypoattenuating,0.842768,True,head,mask_ring,0.172858,inside,False,True,0,16.7794,10,456,2110,0.172858,1,100,65,100,65,100,100,100,100,100,100,100,100,-57,hypo,-4.776,False,0.46,11,1.5-2.5,True,False,False,True,1,4,1,4,1,1,1,1,1,1,1,1,0,0,0,0
PanTS_00006927,1,4,train,Venous,0.777344,0.777344,3,2,3,166,300.923,17.736,10-20,False,1,True,12.5,hyperattenuating,0,False,head,mask_ring,0.0834549,abutting,False,False,,4.15709,6,5,1516,0.0834549,0.23494,30,89,30,89,69,80.5,69,80.5,30,89,30,89,7.5,iso,0.707,True,0.905,,2.5-5,True,False,False,False,,,,,,,,,,,,,0.7,0.11,0.7,0.11
PanTS_00006945,1,3,train,Venous,0.878906,0.878906,2.5,2,2.5,4020,7763.38,32.3691,20-40,False,1,True,-52,hypoattenuating,0.85707,True,head,mask_ring,0.135188,inside,False,True,13.8992,12.2835,10,186,2961,0.135188,1,93.5,82,93.5,82,19.5,68,19.5,68,19.5,68,19.5,68,-59,hypo,-2.696,False,0.465,,1.5-2.5,True,False,True,False,3,48,3,48,27,21,27,21,27,21,27,21,0.805,0.32,0.805,0.32
PanTS_00006959,1,4,train,Arterial,0.644531,0.644531,2.5,2,2.5,2044,2122.8,23.6981,20-40,False,1,True,14,hyperattenuating,0.230769,True,head,mask_ring,0.117412,embedded,False,False,,7.97272,6,68,2502,0.117412,0.946673,67,94.5,67,94.5,91.5,93.5,91.5,93.5,67,94.5,67,94.5,12,hyper,1.034,False,0.86,,1.5-2.5,True,False,True,False,,,,,,,,,,,,,0.33,0.055,0.33,0.055
PanTS_00006960,1,1,train,Venous,0.742188,0.742188,2.5,2,2.5,9006,12402.2,36.5776,20-40,False,1,True,19,hyperattenuating,0.837027,True,head,mask_ring,0.161686,inside,False,True,1.48438,14.3594,10,289,1136,0.161686,1,9,41,9,41,16.5,52,16.5,52,16.5,52,16.5,52,20,hyper,2.08,False,0.245,21,1.5-2.5,True,False,True,False,12,17,12,17,6,7,6,7,6,7,6,7,0.835,0.48,0.835,0.48
PanTS_00006975,1,3,train,Venous,0.726562,0.726562,2.5,2,2.5,3862,5096.8,28.2893,20-40,False,1,True,-10,isoattenuating,0.800998,True,head,mask_ring,0.154948,inside,False,True,0.726562,10.6759,10,113,1385,0.154948,0.841533,100,100,100,100,100,100,100,100,100,100,100,100,-7,iso,-0.5865,False,0.055,1,1.5-2.5,True,False,False,False,1,1,1,1,1,3,1,3,1,3,1,3,0,0,0,0
PanTS_00006982,1,3,train,Arterial,0.742188,0.742188,1.25,2,1.25,156720,107910,77.7952,>=40,False,1,True,-46,hypoattenuating,0.311772,True,head,mask_ring,0.152722,abutting,False,True,0,29.5342,10,190,1023,0.152722,0.0678344,35,100,35,100,83,86.5,83,86.5,83,86.5,83,86.5,-52,hypo,-3.016,False,0.6,,<=1.5,True,False,False,True,11,18,11,18,5,17,5,17,5,17,5,17,0.17,0.135,0.17,0.135
PanTS_00006987,1,3,train,Venous,0.820312,0.820312,1,2,1,10608,7138.26,37.1842,20-40,False,2,True,18,hyperattenuating,0.737711,True,body,mask_ring,0.611975,inside,False,True,0.820312,11.9445,10,168,1102,0.611975,0.922511,0,0,0,0,7.5,34,7.5,34,7.5,34,7.5,34,24,hyper,1.766,False,0.26,4,<=1.5,True,False,True,False,37,45,37,45,27,35,27,35,27,35,27,35,0.925,0.66,0.925,0.66
PanTS_00006987,2,3,train,Venous,0.820312,0.820312,1,2,1,4548,3060.41,21.5397,20-40,False,2,False,19,hyperattenuating,0,False,tail,mask_ring,0.926644,inside,False,True,1.29341,9.00665,10,93,1102,0.926644,1,66,13.5,66,13.5,64.5,36,64.5,36,64.5,36,64.5,36,21,hyper,1.545,True,0.97,,<=1.5,True,False,True,False,7,,7,,11,49,11,49,11,49,11,49,0.355,0.64,0.355,0.64
PanTS_00006998,1,3,train,Venous,0.951172,0.951172,2.5,2,2.5,3028,6848.79,35.0775,20-40,False,1,True,-17,hypoattenuating,0.60805,True,head,mask_ring,0.132144,inside,False,True,0,11.7808,10,184,1506,0.132144,1,77.5,78.5,77.5,78.5,100,85.5,100,85.5,100,85.5,100,85.5,-21,hypo,-1.508,False,0.94,,1.5-2.5,True,False,True,False,6,24,6,24,34,3,34,3,34,3,34,3,0,0.145,0,0.145
PanTS_00007001,1,4,train,Venous,0.703125,0.703125,1.25,2,1.25,1092,674.835,23.9579,20-40,False,2,False,-17,hypoattenuating,0,False,head,mask_ring,0.101511,inside,False,True,30.4985,5.4413,6,34,843,0.101511,1,57.5,53.5,57.5,53.5,68.5,85,68.5,85,57.5,53.5,57.5,53.5,-17,hypo,-2.849,True,1,,<=1.5,True,False,True,False,,17,,17,,,,,,17,,17,0.425,0.465,0.425,0.465
PanTS_00007001,2,4,train,Venous,0.703125,0.703125,1.25,2,1.25,4344,2684.51,22.4166,20-40,False,2,True,-5,isoattenuating,0,False,head,mask_ring,0.177714,inside,False,True,12.7373,8.62168,10,79,843,0.177714,1,9.5,38.5,9.5,38.5,100,13,100,13,100,13,100,13,-2,iso,-0.3352,True,0.945,,<=1.5,True,False,False,False,29,13,29,13,19,24,19,24,19,24,19,24,0,0.87,0,0.87
PanTS_00007002,1,2,train,Non-contrast,0.65625,0.65625,0.8,2,0.8,1535,528.855,14.2161,10-20,False,1,True,-4,isoattenuating,0.094442,True,head,mask_ring,0.138387,inside,False,True,25.4455,5.01668,6,22,2145,0.138387,1,9,2,9,2,17,4,17,4,9,2,9,2,-3,iso,-0.08872,False,0.865,,<=1.5,False,False,False,False,,,,,,,,,,,,,0.91,0.98,0.91,0.98
PanTS_00007014,1,3,train,Venous,0.675781,0.675781,5,2,5,1832,4183.19,37.3577,20-40,False,1,True,-1,isoattenuating,0.312656,True,body,mask_ring,0.646997,embedded,False,True,17.7384,9.99554,10,76,1320,0.646997,0.449782,45.5,74.5,45.5,74.5,85.5,79.5,85.5,79.5,85.5,79.5,85.5,79.5,0,iso,0,False,0.19,34,2.5-5,True,False,False,False,24,47,24,47,17,,17,,17,,17,,0.145,0.205,0.145,0.205
PanTS_00007044,1,3,train,Non-contrast,0.663,0.663,0.800002,2,0.800002,11655,4098.55,28.2105,20-40,False,4,True,1,isoattenuating,0.707072,True,head,mask_ring,0.267351,embedded,False,False,,9.92767,10,82,1310,0.267351,0.660575,46,38.5,46,38.5,56.5,81.5,56.5,81.5,56.5,81.5,56.5,81.5,0,iso,0,False,0.915,,<=1.5,False,False,False,False,24,,24,,18,7,18,7,18,7,18,7,0.435,0.185,0.435,0.185
PanTS_00007044,2,3,train,Non-contrast,0.663,0.663,0.800002,2,0.800002,4,1.40662,2.40001,<5,True,4,False,-59,hypoattenuating,0,False,body,mask_ring,0.476123,abutting,False,False,,0.695072,6,0,1310,0.476123,1,,,,,,,,,,,,,-59,hypo,-2.617,True,0.32,,<=1.5,False,False,False,False,,,,,,,,,,,,,,,,
PanTS_00007044,3,3,train,Non-contrast,0.663,0.663,0.800002,2,0.800002,1251,439.922,26.8227,20-40,False,4,False,-22,hypoattenuating,0,False,body,mask_ring,0.553581,abutting,False,False,,4.71805,6,13,1310,0.553581,0.343725,86.5,82.5,86.5,82.5,82,55,82,55,86.5,82.5,86.5,82.5,-21,hypo,-0.9315,True,0.445,45,<=1.5,False,False,False,False,,19,,19,14,28,14,28,,19,,19,0.135,0.175,0.135,0.175
PanTS_00007044,4,3,train,Non-contrast,0.663,0.663,0.800002,2,0.800002,128,45.012,7.32619,5-10,False,4,False,0,isoattenuating,0,False,body,mask_ring,0.698388,abutting,False,False,,2.20672,6,3,1310,0.698388,1,61,98.5,61,98.5,81,99.5,81,99.5,61,98.5,61,98.5,-4,iso,-0.1774,True,0.41,,<=1.5,False,False,False,False,,,,,,,,,,,,,0.39,0.015,0.39,0.015
PanTS_00007048,1,0,train,Venous,0.898438,0.898438,0.625,2,0.625,2225,1122.5,19.1178,10-20,False,1,True,-28,hypoattenuating,0,False,head,mask_ring,0.146636,inside,False,True,0.625,6.44712,6,37,1114,0.146636,1,40,10,40,10,75.5,10.5,75.5,10.5,40,10,40,10,-37,hypo,-2.537,True,0.965,,<=1.5,True,True,False,False,24,,24,,,,,,24,,24,,0.6,0.9,0.6,0.9
PanTS_00007053,1,0,train,Venous,0.898438,0.898438,2.5,2,2.5,3267,6592.73,40.1834,>=40,False,1,True,-17,hypoattenuating,0.455336,True,head,mask_ring,0.258462,inside,False,True,0.898438,11.6321,10,180,1626,0.258462,1,62.5,2,62.5,2,19.5,0.5,19.5,0.5,19.5,0.5,19.5,0.5,-24,hypo,-1.724,False,0.945,,1.5-2.5,True,False,False,True,4,37,4,37,13,29,13,29,13,29,13,29,0.805,0.995,0.805,0.995
PanTS_00007054,1,4,train,Venous,0.857422,0.857422,2.5,2,2.5,6198,11391.5,46.7975,>=40,False,1,True,-19,hypoattenuating,0.270406,True,head,mask_ring,0.408954,abutting,False,True,11.4238,13.9582,10,6,2102,0.408954,0.00564698,97.5,99,97.5,99,85,93.5,85,93.5,85,93.5,85,93.5,-20,hypo,-2.413,False,0.835,,1.5-2.5,True,False,False,True,13,9,13,9,25,38,25,38,25,38,25,38,0.15,0.065,0.15,0.065
PanTS_00007060,1,3,train,Venous,0.839844,0.839844,2.5,2,2.5,9042,15944.2,41.4405,>=40,False,1,True,-27,hypoattenuating,0.787837,True,tail,mask_ring,0.883771,inside,False,True,73.7958,15.6136,10,364,1189,0.883771,1,40,42,40,42,62.5,43,62.5,43,62.5,43,62.5,43,-30,hypo,-1.81,False,1,,1.5-2.5,True,False,False,True,7,5,7,5,2,4,2,4,2,4,2,4,0.375,0.57,0.375,0.57
PanTS_00007065,1,0,train,Venous,0.787109,0.787109,2.5,2,2.5,8475,13126.5,39.9018,20-40,False,1,True,18,hyperattenuating,0.779617,True,head,mask_ring,0.113885,inside,False,True,0,14.6337,10,315,2298,0.113885,1,18.5,72,18.5,72,72,57.5,72,57.5,72,57.5,72,57.5,16,hyper,0.7912,False,0.52,,1.5-2.5,True,False,True,False,43,5,43,5,22,,22,,22,,22,,0.28,0.425,0.28,0.425
PanTS_00007067,1,0,train,Non-contrast,0.756,0.756,0.8,2,0.8,15788,7218.73,43.1384,>=40,False,1,True,5,isoattenuating,0.516378,True,head,mask_ring,0.1225,abutting,False,True,4.53074,11.9892,10,90,1896,0.1225,0.475741,100,100,100,100,100,100,100,100,100,100,100,100,5,iso,0.5586,False,0.01,,<=1.5,False,False,False,False,24,,24,,,,,,,,,,0,0,0,0
PanTS_00007071,1,1,train,Arterial,0.841797,0.841797,1.25,2,1.25,7766,6878.95,34.5634,20-40,False,1,True,-33,hypoattenuating,0.000399162,True,head,mask_ring,0.253719,inside,False,True,0,11.7981,10,129,2130,0.253719,0.777492,76,39.5,76,39.5,87,34,87,34,87,34,87,34,-36,hypo,-1.108,False,0.98,,<=1.5,True,False,True,False,9,20,9,20,4,21,4,21,4,21,4,21,0.13,0.66,0.13,0.66
PanTS_00007093,1,4,train,Arterial,1,1,1,2,1,225,225,10.247,10-20,False,1,True,-48.0049,hypoattenuating,0,False,body,mask_ring,0.592732,inside,False,True,14.4568,3.7731,6,11,3291,0.592732,1,63.5,76,63.5,76,71,87,71,87,63.5,76,63.5,76,-52,hypo,-3.413,True,0.77,,<=1.5,True,True,False,False,,38,,38,,,,,,38,,38,0.365,0.24,0.365,0.24
PanTS_00007094,1,3,train,Venous,1,1,1,2,1,4587,4587,41.9762,>=40,False,1,True,7,isoattenuating,0,False,head,mask_ring,-0.0803781,abutting,False,True,25.9422,10.3073,10,8,2942,-0.0803781,0.059516,77,22.5,77,22.5,84,7,84,7,84,7,84,7,7,iso,0.8121,True,0.985,,<=1.5,True,False,False,False,,,,,,,,,,,,,0.16,0.93,0.16,0.93
PanTS_00007095,1,2,train,Arterial,0.650391,0.650391,0.7,2,0.7,59835,17717.5,52.9652,>=40,False,1,True,18,hyperattenuating,0.604569,True,head,mask_ring,0.22945,abutting,False,True,0,16.1723,10,234,405,0.22945,0.608607,100,48,100,48,0,100,0,100,0,100,0,100,21,hyper,1.44,False,0.045,2,<=1.5,True,False,False,True,1,4,1,4,6,1,6,1,6,1,6,1,1,0,1,0
PanTS_00007099,1,1,train,Non-contrast,0.78125,0.78125,0.8,2,0.8,28880,14101.6,45.5205,>=40,False,1,True,-1,isoattenuating,0.523997,True,head,mask_ring,0.215603,inside,False,True,16.3398,14.9874,10,310,1089,0.215603,0.984799,13,4.5,13,4.5,2.5,1,2.5,1,2.5,1,2.5,1,0,iso,0,False,0.585,44,<=1.5,False,False,False,False,10,20,10,20,21,11,21,11,21,11,21,11,0.975,0.99,0.975,0.99
PanTS_00007100,1,2,train,Venous,0.78125,0.78125,5,2,5,687,2096.56,20.277,20-40,False,4,False,-17,hypoattenuating,0.620811,True,tail,mask_ring,0.919019,inside,False,True,64.9827,7.93974,6,64,1232,0.919019,1,48,10.5,48,10.5,57,77,57,77,48,10.5,48,10.5,-13,hypo,-1.705,False,0.86,,2.5-5,True,False,True,False,,,,,24,22,24,22,,,,,0.52,0.895,0.52,0.895
PanTS_00007100,2,2,train,Venous,0.78125,0.78125,5,2,5,393,1199.34,21.9163,20-40,False,4,False,14,hyperattenuating,0,False,head,mask_ring,0.205773,abutting,False,True,21.8839,6.591,6,17,1232,0.205773,0.323155,65,22.5,65,22.5,61.5,19.5,61.5,19.5,65,22.5,65,22.5,14,hyper,1.836,True,0.995,,2.5-5,True,False,True,False,19,,19,,21,,21,,19,,19,,0.35,0.775,0.35,0.775
PanTS_00007100,3,2,train,Venous,0.78125,0.78125,5,2,5,1846,5633.54,33.0442,20-40,False,4,True,-33,hypoattenuating,0,False,head,pc1_boundary,-0.0188845,separated,True,True,28.2333,11.0382,10,0,1232,-0.0188845,0,,,,,,,,,,,,,-37,hypo,-4.852,True,,,2.5-5,True,False,True,False,,,,,,,,,,,,,,,,
PanTS_00007100,4,2,train,Venous,0.78125,0.78125,5,2,5,936,2856.45,27.4369,20-40,False,4,False,22,hyperattenuating,0,False,head,pc1_boundary,-0.0394667,separated,True,True,35.3726,8.80195,10,0,1232,-0.0394667,0,,,,,,,,,,,,,21,hyper,2.754,True,,,2.5-5,True,False,True,False,,,,,,,,,,,,,,,,
PanTS_00007102,1,1,train,Venous,0.839844,0.839844,5,2,5,316,1114.43,16.6163,10-20,False,2,True,-24,hypoattenuating,0,False,tail,mask_ring,0.74932,embedded,False,True,71.224,6.43164,6,22,1369,0.74932,0.607595,82.5,70.5,82.5,70.5,82.5,30.5,82.5,30.5,82.5,70.5,82.5,70.5,-59,hypo,-6.591,True,0.57,30,2.5-5,True,True,False,False,11,15,11,15,10,39,10,39,11,15,11,15,0.175,0.295,0.175,0.295
PanTS_00007102,2,1,train,Venous,0.839844,0.839844,5,2,5,118,416.149,15.6395,10-20,False,2,False,-18,hypoattenuating,0,False,tail,mask_ring,0.643187,embedded,False,True,54.9875,4.63148,6,12,1369,0.643187,0.686441,65.5,48,65.5,48,44.5,63,44.5,63,65.5,48,65.5,48,-21,hypo,-2.346,True,0.695,,2.5-5,True,True,False,False,33,,33,,,,,,33,,33,,0.345,0.52,0.345,0.52
PanTS_00007105,1,1,train,Arterial,0.757812,0.757812,1.25,2,1.25,6987,5015.61,27.7633,20-40,False,1,True,-5,isoattenuating,0.534427,True,head,mask_ring,0.108547,inside,False,True,0,10.6189,10,130,1809,0.108547,0.997853,41.5,21,41.5,21,61.5,13.5,61.5,13.5,61.5,13.5,61.5,13.5,-5,iso,-0.2394,False,0.61,31,<=1.5,True,False,False,False,15,37,15,37,8,36,8,36,8,36,8,36,0.385,0.865,0.385,0.865
PanTS_00007114,1,2,train,Venous,0.65625,0.65625,2.5,2,2.5,10445,11245.7,35.8454,20-40,False,1,True,-13,hypoattenuating,0.76594,True,head,mask_ring,0.217819,inside,False,True,1.3125,13.8984,10,268,1415,0.217819,1,45.5,90,45.5,90,0,90,0,90,0,90,0,90,-12,hypo,-1.207,False,0.025,10,1.5-2.5,True,False,True,False,21,3,21,3,28,7,28,7,28,7,28,7,1,0.1,1,0.1
PanTS_00007115,1,4,train,Arterial,0.644531,0.644531,2.5,2,2.5,11004,11428.2,39.7498,20-40,False,1,True,61,hyperattenuating,0.537302,True,head,mask_ring,0.0795553,inside,False,True,2.5,13.9732,10,258,664,0.0795553,0.987732,0,100,0,100,10.5,47.5,10.5,47.5,10.5,47.5,10.5,47.5,38,hyper,3.698,False,0.09,1,1.5-2.5,True,False,True,False,5,1,5,1,6,2,6,2,6,2,6,2,0.895,0.525,0.895,0.525
PanTS_00007122,1,2,train,Venous,0.742188,0.742188,1.25,2,1.25,80625,55514.6,72.5331,>=40,False,1,True,-27,hypoattenuating,0.839086,True,head,mask_ring,0.327376,abutting,False,True,15.3101,23.665,10,167,2149,0.327376,0.118338,46,15.5,46,15.5,81.5,13.5,81.5,13.5,81.5,13.5,81.5,13.5,-31,hypo,-1.612,False,0.99,,<=1.5,True,False,False,True,13,38,13,38,8,33,8,33,8,33,8,33,0.185,0.865,0.185,0.865
PanTS_00007130,1,3,train,Venous,1.5,1.5,1.5,2,1.5,11144,37611,62.2274,>=40,False,1,True,-10,isoattenuating,0.735484,True,head,mask_ring,0.120319,inside,False,True,1.5,20.7846,10,584,976,0.120319,0.749551,100,100,100,100,100,100,100,100,100,100,100,100,-21,hypo,-1.92,False,0.05,1,<=1.5,True,False,False,True,5,5,5,5,2,7,2,7,2,7,2,7,0,0,0,0
PanTS_00007135,1,2,train,Venous,1.5,1.5,1.5,2,1.5,330,1113.75,15.1493,10-20,False,1,True,10,isoattenuating,0,False,head,mask_ring,0.128122,inside,False,False,,6.43033,6,39,1732,0.128122,1,1,32.5,1,32.5,7.5,25,7.5,25,1,32.5,1,32.5,9.5,iso,0.4409,True,0.35,,<=1.5,True,False,False,False,,,,,,,,,,,,,0.99,0.675,0.99,0.675
PanTS_00007147,1,1,train,Venous,0.78125,0.78125,1.2,2,1.2,2162,1583.5,19.0103,10-20,False,1,True,-4,isoattenuating,0.524046,True,head,mask_ring,0.0489937,inside,False,True,10.3035,7.23063,6,49,1975,0.0489937,0.99815,7.5,36.5,7.5,36.5,47.5,20.5,47.5,20.5,7.5,36.5,7.5,36.5,-4,iso,-0.2742,False,0.06,4,<=1.5,True,False,False,False,,37,,37,,,,,,37,,37,0.925,0.635,0.925,0.635
PanTS_00007151,1,3,train,Venous,0.740234,0.740234,3,2,3,548,900.825,20.7437,20-40,False,2,True,1,isoattenuating,0,False,head,mask_ring,0.0813612,inside,False,True,26.7387,5.99125,6,38,1967,0.0813612,1,74,72,74,72,81,76.5,81,76.5,74,72,74,72,0,iso,0,True,0.725,,2.5-5,True,False,False,False,,,,,,,,,,,,,0.26,0.28,0.26,0.28
PanTS_00007151,2,3,train,Venous,0.740234,0.740234,3,2,3,342,562.194,20.2017,20-40,False,2,False,7,isoattenuating,0,False,body,mask_ring,0.667268,inside,False,True,24.7112,5.11995,6,28,1967,0.667268,1,49,75,49,75,57,66,57,66,49,75,49,75,6.5,iso,0.9337,True,0.465,,2.5-5,True,False,False,False,,,,,,,,,,,,,0.51,0.25,0.51,0.25
PanTS_00007152,1,2,train,Venous,1,1,1,2,1,4842,4842,27.7669,20-40,False,1,True,-17,hypoattenuating,0.740366,True,body,mask_ring,0.323257,inside,False,True,29.0689,10.4949,10,122,3880,0.323257,0.950434,50.5,51,50.5,51,52.5,74.5,52.5,74.5,52.5,74.5,52.5,74.5,-16,hypo,-0.7912,False,1,,<=1.5,True,False,True,False,26,30,26,30,19,12,19,12,19,12,19,12,0.475,0.255,0.475,0.255
PanTS_00007157,1,2,train,Venous,0.742188,0.742188,3,2,3,1266,2092.1,20.3448,20-40,False,2,False,-13,hypoattenuating,0,False,body,mask_ring,0.714171,inside,False,True,10.5577,7.9341,6,62,2929,0.714171,0.976303,81.5,37,81.5,37,53,49.5,53,49.5,81.5,37,81.5,37,-16,hypo,-2.681,True,0.725,,2.5-5,True,False,True,False,12,,12,,31,26,31,26,12,,12,,0.185,0.63,0.185,0.63
PanTS_00007157,2,2,train,Venous,0.742188,0.742188,3,2,3,3121,5157.54,32.2354,20-40,False,2,True,-18,hypoattenuating,0,False,tail,mask_ring,0.895152,inside,False,True,32.4633,10.7181,10,133,2929,0.895152,1,80,62,80,62,61,48,61,48,61,48,61,48,-27.5,hypo,-4.608,True,0.79,,2.5-5,True,False,True,False,9,17,9,17,15,19,15,19,15,19,15,19,0.39,0.52,0.39,0.52
PanTS_00007166,1,1,train,Venous,0.833984,0.833984,2.5,2,2.5,1024,1780.56,20.4337,20-40,False,1,True,-35,hypoattenuating,0.502145,True,head,mask_ring,0.155361,inside,False,True,5.59366,7.51892,6,55,693,0.155361,1,71.5,89,71.5,89,0,67,0,67,71.5,89,71.5,89,-42,hypo,-1.98,False,0,1,1.5-2.5,True,False,True,False,7,2,7,2,,6,,6,7,2,7,2,0.285,0.11,0.285,0.11
PanTS_00007167,1,3,train,Venous,0.742188,0.742188,1.25,2,1.25,26465,18222.6,41.2135,>=40,False,1,True,-5,isoattenuating,0.787979,True,head,mask_ring,0.201851,inside,False,True,2.5,16.3245,10,364,1120,0.201851,0.969016,100,0,100,0,100,24,100,24,100,24,100,24,-5,iso,-0.2357,False,0.97,34,<=1.5,True,False,False,False,2,29,2,29,1,5,1,5,1,5,1,5,0,0.76,0,0.76
PanTS_00007184,1,4,train,Arterial,1,1,1,2,1,2889,2889,23.7276,20-40,False,1,True,-24.9943,hypoattenuating,0.494524,True,head,mask_ring,0.195426,inside,False,False,,8.83527,10,84,3208,0.195426,1,79.5,88,79.5,88,36.5,91.5,36.5,91.5,36.5,91.5,36.5,91.5,-23.99,hypo,-2.496,False,0.705,,<=1.5,True,False,True,False,10,10,10,10,27,4,27,4,27,4,27,4,0.635,0.085,0.635,0.085
PanTS_00007190,1,1,train,Arterial,0.742188,0.742188,1.25,2,1.25,25636,17651.8,53.9824,>=40,False,1,True,-15,hypoattenuating,0.636683,True,head,mask_ring,0.23829,inside,False,True,0,16.1523,10,364,1841,0.23829,0.946364,0,25.5,0,25.5,20,30,20,30,20,30,20,30,-15,hypo,-0.8227,False,0.905,42,<=1.5,True,False,False,True,38,18,38,18,12,13,12,13,12,13,12,13,0.8,0.7,0.8,0.7
PanTS_00007194,1,0,train,Arterial,3,0.976562,0.976562,0,3,1280,3662.11,27.5692,20-40,False,1,True,29,hyperattenuating,0.331865,True,head,mask_ring,0.179076,inside,False,True,0.976562,9.56197,10,99,2032,0.179076,1,46,46.5,46,46.5,84,28,84,28,84,28,84,28,34,hyper,5.128,False,0.97,,2.5-5,True,False,True,False,16,40,16,40,4,19,4,19,4,19,4,19,0.16,0.72,0.16,0.72
PanTS_00007201,1,0,train,Delay,0.9375,0.9375,2,2,2,196,344.531,12.5351,10-20,False,1,True,-4.5,isoattenuating,0,False,head,mask_ring,0.299357,abutting,False,True,38.6892,4.34891,6,5,3798,0.299357,0.433673,58.5,11,58.5,11,9,37,9,37,58.5,11,58.5,11,4,iso,0.232,True,0.26,,1.5-2.5,True,False,False,False,,,,,,,,,,,,,0.415,0.89,0.415,0.89
PanTS_00007211,1,4,train,Venous,0.789062,0.789062,2.5,2,2.5,13492,21000.9,81.5024,>=40,False,6,True,-51,hypoattenuating,0,False,tail,mask_ring,0.8241,abutting,False,True,0.789062,17.1153,10,140,1420,0.8241,0.175067,52,23.5,52,23.5,29.5,41.5,29.5,41.5,29.5,41.5,29.5,41.5,-54,hypo,-4.791,True,1,,1.5-2.5,True,False,False,True,8,19,8,19,8,11,8,11,8,11,8,11,0.705,0.585,0.705,0.585
PanTS_00007211,2,4,train,Venous,0.789062,0.789062,2.5,2,2.5,180,280.178,13.1808,10-20,False,6,False,-55,hypoattenuating,0,False,body,pc1_boundary,0.647393,separated,True,True,7.81741,4.05928,6,0,1420,0.647393,0,,,,,,,,,,,,,-60.5,hypo,-5.367,True,,,1.5-2.5,True,True,False,False,,,,,,,,,,,,,,,,
PanTS_00007211,3,4,train,Venous,0.789062,0.789062,2.5,2,2.5,8725,13580.9,38.8019,20-40,False,6,False,-64,hypoattenuating,0.890173,True,body,mask_ring,0.422132,abutting,False,True,0.789062,14.8006,10,8,1420,0.422132,0.0034384,85.5,70,85.5,70,69,65.5,69,65.5,69,65.5,69,65.5,-70,hypo,-6.21,False,1,,1.5-2.5,True,False,True,False,31,,31,,,,,,,,,,0.31,0.345,0.31,0.345
PanTS_00007211,4,4,train,Venous,0.789062,0.789062,2.5,2,2.5,611,951.05,25.8665,20-40,False,6,False,-65,hypoattenuating,0,False,tail,mask_ring,0.686712,abutting,False,True,20.0337,6.10059,6,2,1420,0.686712,0.0196399,78.5,51.5,78.5,51.5,78.5,58.5,78.5,58.5,78.5,51.5,78.5,51.5,-58,hypo,-5.146,True,0.985,,1.5-2.5,True,False,True,False,,,,,,,,,,,,,0.215,0.485,0.215,0.485
PanTS_00007211,5,4,train,Venous,0.789062,0.789062,2.5,2,2.5,1247,1941.01,20.0856,20-40,False,6,False,-39,hypoattenuating,0,False,head,mask_ring,0.278357,abutting,False,True,6.65055,7.73832,6,21,1420,0.278357,0.338412,90,99,90,99,99.5,100,99.5,100,90,99,90,99,-50,hypo,-4.436,True,0.39,46,1.5-2.5,True,False,True,False,,,,,,,,,,,,,0.1,0.01,0.1,0.01
PanTS_00007211,6,4,train,Venous,0.789062,0.789062,2.5,2,2.5,2712,4221.36,25.3416,20-40,False,6,False,-14,hypoattenuating,0.647511,True,head,mask_ring,0.0416401,inside,False,True,7.85258,10.0258,10,98,1420,0.0416401,0.97972,95.5,94,95.5,94,100,100,100,100,100,100,100,100,-17,hypo,-1.508,False,0.415,47,1.5-2.5,True,False,True,False,7,,7,,,,,,,,,,0,0,0,0
PanTS_00007217,1,3,train,Arterial,5,0.701172,0.701172,0,5,1124,2763.03,23.2933,20-40,False,1,True,1,isoattenuating,0,False,head,mask_ring,,inside,False,False,,8.70494,10,72,217,,0.953737,33,46,33,46,44,30.5,44,30.5,44,30.5,44,30.5,8.5,iso,0.8012,True,0,1,2.5-5,True,False,False,False,4,4,4,4,2,2,2,2,2,2,2,2,0.56,0.695,0.56,0.695
PanTS_00007227,1,3,train,Non-contrast,0.857422,0.857422,0.801379,2,0.801379,2109,1242.52,27.0415,20-40,False,1,True,0,isoattenuating,0,False,head,mask_ring,0.180688,embedded,False,False,,6.66917,6,44,1119,0.180688,0.956377,40.5,90.5,40.5,90.5,57,91.5,57,91.5,40.5,90.5,40.5,90.5,2,iso,0.04536,True,0.215,,<=1.5,False,False,False,False,,,,,14,,14,,,,,,0.595,0.095,0.595,0.095
PanTS_00007228,1,4,train,Venous,0.647,0.647,5,2,5,2362,4943.77,27.3714,20-40,False,1,True,2,isoattenuating,0,False,tail,mask_ring,0.802932,inside,False,True,45.4033,10.5679,10,124,1201,0.802932,1,66.5,100,66.5,100,59.5,100,59.5,100,59.5,100,59.5,100,5,iso,1.077,True,0.555,39,2.5-5,True,False,False,False,7,1,7,1,7,1,7,1,7,1,7,1,0.405,0,0.405,0
PanTS_00007242,1,0,train,Venous,0.742188,0.742188,1.25,2,1.25,28322,19501.2,50.4697,>=40,False,1,True,-37,hypoattenuating,0.74718,True,head,mask_ring,0.123406,inside,False,True,0,16.6977,10,374,1517,0.123406,0.926206,100,55.5,100,55.5,100,100,100,100,100,100,100,100,-41,hypo,-2.333,False,0.99,,<=1.5,True,False,False,True,1,7,1,7,1,1,1,1,1,1,1,1,0,0,0,0
PanTS_00007248,1,4,train,Venous,0.736328,0.736328,2.5,2,2.5,4295,5821.65,44.0875,>=40,False,1,True,4,isoattenuating,0.00288369,True,tail,mask_ring,0.906726,inside,False,False,,11.1597,10,163,1289,0.906726,1,41,82.5,41,82.5,75,83.5,75,83.5,75,83.5,75,83.5,10,iso,0.7734,False,0.04,12,1.5-2.5,True,False,False,False,15,5,15,5,3,3,3,3,3,3,3,3,0.25,0.165,0.25,0.165
PanTS_00007260,1,1,train,Venous,5,0.625,0.625,0,5,2948,5757.81,39.8875,20-40,False,1,True,-4,isoattenuating,0,False,head,mask_ring,,inside,False,True,0.625,11.1188,10,158,199,,0.967096,100,2.5,100,2.5,100,2.5,100,2.5,100,2.5,100,2.5,1,iso,0.1588,True,0.005,1,2.5-5,True,False,False,False,3,5,3,5,8,6,8,6,8,6,8,6,0,0.975,0,0.975
PanTS_00007278,1,0,train,Venous,0.802734,0.802734,2.5,2,2.5,1662,2677.41,22.5936,20-40,False,1,True,-1,isoattenuating,0.503626,True,head,mask_ring,0.231345,inside,False,True,1.13524,8.61407,10,76,1371,0.231345,1,100,100,100,100,97.5,98,97.5,98,97.5,98,97.5,98,2,iso,0.116,False,0.465,16,1.5-2.5,True,False,False,False,11,,11,,,,,,,,,,0.025,0.02,0.025,0.02
PanTS_00007284,1,3,train,Venous,1.5,1.5,1.5,2,1.5,220,742.5,16.8375,10-20,False,1,True,1,isoattenuating,0.0107914,True,tail,mask_ring,0.938412,inside,False,True,56.6635,5.61741,6,29,2778,0.938412,1,80,37,80,37,3.5,27.5,3.5,27.5,80,37,80,37,2,iso,0.08379,False,0.66,,<=1.5,True,False,False,False,20,,20,,,,,,20,,20,,0.2,0.63,0.2,0.63
PanTS_00007298,1,3,train,Arterial,1,1,1,2,1,1389,1389,17.9165,10-20,False,1,True,-5.98154,isoattenuating,0,False,head,mask_ring,0.0819354,inside,False,False,,6.92157,6,49,2421,0.0819354,1,64,70.5,64,70.5,83.5,64,83.5,64,64,70.5,64,70.5,-3.998,iso,-0.2936,True,0.605,,<=1.5,True,False,False,False,,,,,24,,24,,,,,,0.36,0.295,0.36,0.295
PanTS_00007299,1,2,train,Arterial,0.779297,0.779297,2.5,2,2.5,16665,25301.8,43.9121,>=40,False,1,True,-12,hypoattenuating,0.912224,True,head,mask_ring,0.212989,inside,False,True,2.5,18.2119,10,537,717,0.212989,0.99856,41,100,41,100,30,40.5,30,40.5,30,40.5,30,40.5,-20,hypo,-1.588,False,0.105,3,1.5-2.5,True,False,False,True,11,44,11,44,7,26,7,26,7,26,7,26,0.7,0.595,0.7,0.595
PanTS_00007308,1,2,train,Venous,0.742188,0.742188,1.25,2,1.25,24430,16821.4,50.654,>=40,False,1,True,-20,hypoattenuating,0.338717,True,head,mask_ring,0.157894,inside,False,True,0.742188,15.8949,10,348,1736,0.157894,0.959394,0,0,0,0,27.5,0,27.5,0,27.5,0,27.5,0,-15,hypo,-1.028,False,0.98,,<=1.5,True,False,False,True,34,22,34,22,9,27,9,27,9,27,9,27,0.725,1,0.725,1
PanTS_00007309,1,0,train,Venous,0.6875,0.6875,2.5,2,2.5,4550,5376.46,33.2004,20-40,False,1,True,-11,hypoattenuating,0.666754,True,head,mask_ring,0.10918,inside,False,True,2.5,10.8677,10,144,1382,0.10918,1,39,13.5,39,13.5,65,14,65,14,65,14,65,14,-22,hypo,-1.896,False,0.38,,1.5-2.5,True,False,True,False,8,25,8,25,5,26,5,26,5,26,5,26,0.35,0.86,0.35,0.86
PanTS_00007315,1,0,train,Venous,0.832031,0.832031,2.5,2,2.5,3489,6038.37,29.1295,20-40,False,1,True,-36,hypoattenuating,0.775096,True,head,mask_ring,0.457426,inside,False,True,0,11.2965,10,157,1172,0.457426,1,83,0,83,0,25,0,25,0,25,0,25,0,-53,hypo,-4.321,False,1,,1.5-2.5,True,False,True,False,3,49,3,49,18,49,18,49,18,49,18,49,0.75,1,0.75,1
PanTS_00007319,1,3,train,Venous,0.708984,0.708984,2.5,2,2.5,1220,1533.11,17.6094,10-20,False,1,True,-91,hypoattenuating,0.254649,True,body,mask_ring,0.582197,inside,False,True,10,7.15311,6,54,1919,0.582197,1,100,84,100,84,92,64,92,64,100,84,100,84,-107,hypo,-11.53,False,0.49,45,1.5-2.5,True,True,False,False,1,9,1,9,5,20,5,20,1,9,1,9,0,0.16,0,0.16
PanTS_00007329,1,2,train,Non-contrast,0.716797,0.716797,0.8,2,0.8,21834,8974.61,39.3782,20-40,False,1,True,4,isoattenuating,0.00173231,True,head,mask_ring,0.0472435,inside,False,True,20.7211,12.8917,10,206,1987,0.0472435,0.951635,100,100,100,100,100,100,100,100,100,100,100,100,5,iso,0.1885,False,0.41,16,<=1.5,False,False,False,False,1,1,1,1,2,1,2,1,2,1,2,1,0,0,0,0
PanTS_00007334,1,2,train,Venous,0.820312,0.820312,5,2,5,9093,30593.9,52.9941,>=40,False,1,True,-1,isoattenuating,0.793882,True,head,mask_ring,0.198064,inside,False,True,2.95768,19.4021,10,625,572,0.198064,0.986363,,,,,,,,,,,,,1,iso,0.07541,False,0.155,14,2.5-5,True,False,False,False,5,6,5,6,1,2,1,2,1,2,1,2,,,,
PanTS_00007361,1,3,train,Non-contrast,0.78125,0.78125,0.8,2,0.8,6198,3026.37,30.3333,20-40,False,1,True,0,isoattenuating,0,False,head,mask_ring,0.251524,inside,False,False,,8.97314,10,87,1398,0.251524,0.972894,2,0,2,0,11,3.5,11,3.5,11,3.5,11,3.5,-1,iso,-0.05292,True,0.98,,<=1.5,False,False,False,False,48,,48,,39,,39,,39,,39,,0.89,0.965,0.89,0.965
PanTS_00007364,1,0,train,Venous,0.855469,0.855469,2.5,2,2.5,307,561.677,12.2378,10-20,False,1,True,-4,isoattenuating,0.354034,True,head,mask_ring,0.178451,inside,False,True,16.4696,5.11838,6,17,2445,0.178451,1,86.5,45,86.5,45,41.5,66.5,41.5,66.5,86.5,45,86.5,45,-5.5,iso,-0.4879,False,0.895,,1.5-2.5,True,False,False,False,16,,16,,,,,,16,,16,,0.135,0.55,0.135,0.55
PanTS_00007414,1,1,train,Venous,0.783203,0.783203,0.418478,2,0.418478,101364,26019.9,59.4313,>=40,False,1,True,-12,hypoattenuating,0.719405,True,head,mask_ring,0.0721623,abutting,False,True,4.01437,18.3825,10,247,477,0.0721623,0.404355,0,100,0,100,100,100,100,100,100,100,100,100,-13,hypo,-0.9337,False,1,9,<=1.5,True,False,False,True,3,1,3,1,1,1,1,1,1,1,1,1,0,0,0,0
PanTS_00007422,1,4,train,Venous,0.820312,0.820312,2.5,2,2.5,16192,27239.5,50.6434,>=40,False,1,True,-24,hypoattenuating,0.888338,True,head,mask_ring,0.208102,inside,False,True,0.820312,18.6654,10,595,721,0.208102,0.998888,0,0,0,0,0,0,0,0,0,0,0,0,-32,hypo,-2.011,False,0.905,41,1.5-2.5,True,False,False,True,14,42,14,42,4,41,4,41,4,41,4,41,1,1,1,1
PanTS_00007426,1,3,train,Venous,0.941406,0.941406,5,2,5,2289,10143.1,47.0281,>=40,False,1,True,6,isoattenuating,0.461974,True,head,mask_ring,0.208473,inside,False,True,1.88281,13.4285,10,284,1644,0.208473,0.983836,100,100,100,100,100,100,100,100,100,100,100,100,4.5,iso,0.261,False,0.07,10,2.5-5,True,False,False,False,3,6,3,6,49,2,49,2,49,2,49,2,0,0,0,0
PanTS_00007435,1,3,train,Venous,0.894531,0.894531,2.5,2,2.5,1748,3496.81,24.8748,20-40,False,1,True,16,hyperattenuating,0.471511,True,head,mask_ring,0.154826,inside,False,True,0.894531,9.41589,10,93,2144,0.154826,1,7.5,10,7.5,10,26.5,27.5,26.5,27.5,26.5,27.5,26.5,27.5,16,hyper,0.6995,False,0.99,,1.5-2.5,True,False,True,False,,,,,41,33,41,33,41,33,41,33,0.735,0.725,0.735,0.725
PanTS_00007437,1,2,train,Non-contrast,0.976562,0.976562,3,2,3,1280,3662.11,27.5692,20-40,False,1,True,30,hyperattenuating,0.138727,True,head,mask_ring,0.133665,abutting,False,True,0.976562,9.56197,10,58,2127,0.133665,0.457813,11,7.5,11,7.5,42,28.5,42,28.5,42,28.5,42,28.5,35,hyper,5.279,False,0.945,,2.5-5,False,False,False,False,,47,,47,21,21,21,21,21,21,21,21,0.58,0.715,0.58,0.715
PanTS_00007451,1,1,train,Arterial,0.617188,0.617188,1.25,2,1.25,7542,3591.13,34.1385,20-40,False,1,True,-6,isoattenuating,0.000209842,True,head,mask_ring,0.135635,inside,False,False,,9.4998,10,99,1603,0.135635,1,28.5,0,28.5,0,3.5,20.5,3.5,20.5,3.5,20.5,3.5,20.5,-8,iso,-1.097,False,0.995,,<=1.5,True,False,False,False,28,,28,,16,19,16,19,16,19,16,19,0.965,0.795,0.965,0.795
PanTS_00007463,1,4,train,Venous,0.863281,0.863281,2.5,2,2.5,2621,4883.28,32.9831,20-40,False,1,True,-27,hypoattenuating,0,False,head,mask_ring,0.27819,abutting,False,True,12.2086,10.5246,10,13,1430,0.27819,0.090805,57.5,68,57.5,68,56,80,56,80,56,80,56,80,-22,hypo,-1.164,True,0.775,,1.5-2.5,True,False,True,False,48,,48,,,,,,,,,,0.44,0.2,0.44,0.2
PanTS_00007468,1,3,train,Venous,1.5,1.5,1.5,2,1.5,794,2679.75,23.3827,20-40,False,1,True,6,isoattenuating,0,False,body,mask_ring,0.451251,inside,False,True,58.5961,8.61659,10,80,1294,0.451251,1,32,8,32,8,69,58.5,69,58.5,69,58.5,69,58.5,6,iso,0.3175,True,0.65,35,<=1.5,True,False,False,False,45,36,45,36,7,,7,,7,,7,,0.31,0.415,0.31,0.415
PanTS_00007472,1,2,train,Non-contrast,0.78125,0.78125,0.8,2,0.8,809,395.02,12.9286,10-20,False,1,True,-10,isoattenuating,0.175049,True,head,mask_ring,0.100663,inside,False,True,72.2411,4.55173,6,17,1858,0.100663,1,5,23,5,23,4.5,2,4.5,2,5,23,5,23,-10,iso,-0.3016,False,0.825,,<=1.5,False,False,False,False,,,,,,,,,,,,,0.95,0.77,0.95,0.77
PanTS_00007485,1,3,train,Non-contrast,0.667969,0.667969,1.2,2,1.2,16942,9071.06,40.2542,>=40,False,1,True,7,isoattenuating,0.674406,True,head,mask_ring,0.152414,inside,False,True,1.37338,12.9377,10,239,903,0.152414,1,85.5,0,85.5,0,20.5,4,20.5,4,20.5,4,20.5,4,7,iso,0.7541,False,0.975,,<=1.5,False,False,False,False,2,17,2,17,7,10,7,10,7,10,7,10,0.795,0.96,0.795,0.96
PanTS_00007494,1,1,train,Venous,0.8125,0.8125,1,2,1,2871,1895.31,31.844,20-40,False,1,True,13,hyperattenuating,0,False,head,mask_ring,0.0628698,inside,False,True,9.4753,7.6771,6,51,1867,0.0628698,0.866945,81,100,81,100,99.5,100,99.5,100,81,100,81,100,11,hyper,0.6636,True,0.21,14,<=1.5,True,False,True,False,14,,14,,4,,4,,14,,14,,0.19,0,0.19,0
PanTS_00007501,1,4,train,Venous,0.830078,0.830078,1,2,1,1032,711.079,19.4721,10-20,False,1,True,-7,isoattenuating,0,False,tail,mask_ring,0.703823,inside,False,True,56.1978,5.53702,6,34,1781,0.703823,1,13,27.5,13,27.5,73,92.5,73,92.5,13,27.5,13,27.5,-5,iso,-0.2433,True,0.78,,<=1.5,True,False,False,False,,39,,39,11,2,11,2,,39,,39,0.87,0.725,0.87,0.725
PanTS_00007516,1,0,train,Arterial,0.742188,0.742188,1.25,2,1.25,33825,23290.3,46.0256,>=40,False,1,True,10,isoattenuating,0.696745,True,body,mask_ring,0.387103,abutting,False,True,4.78288,17.7159,10,276,2754,0.387103,0.656674,3,63,3,63,13.5,59.5,13.5,59.5,13.5,59.5,13.5,59.5,4,iso,0.2045,False,0.575,21,<=1.5,True,False,False,False,38,8,38,8,18,13,18,13,18,13,18,13,0.865,0.405,0.865,0.405
PanTS_00007525,1,2,train,Venous,0.806641,0.806641,2.5,2,2.5,11123,18093.5,38.4461,20-40,False,1,True,-73,hypoattenuating,0.893958,True,head,mask_ring,0.115628,inside,False,True,1.14076,16.2859,10,410,1311,0.115628,1,87.5,0,87.5,0,72.5,0,72.5,0,72.5,0,72.5,0,-85,hypo,-4.578,False,0.955,,1.5-2.5,True,False,True,False,3,33,3,33,4,33,4,33,4,33,4,33,0.275,1,0.275,1
PanTS_00007532,1,4,train,Arterial,0.683594,0.683594,0.8,2,0.8,5822,2176.5,34.5138,20-40,False,2,True,-13,hypoattenuating,0.0205629,True,body,pc1_boundary,0.559911,abutting,False,True,11.0065,8.03939,10,49,1808,0.559911,0.453624,62.5,43,62.5,43,50,39.5,50,39.5,50,39.5,50,39.5,-14,hypo,-0.8798,False,0.88,,<=1.5,True,False,True,False,16,30,16,30,20,,20,,20,,20,,0.5,0.605,0.5,0.605
PanTS_00007532,2,4,train,Arterial,0.683594,0.683594,0.8,2,0.8,3,1.12152,1.6,<5,True,2,False,-4,isoattenuating,0,False,body,pc1_boundary,0.517989,embedded,False,True,12.054,0.644525,6,0,1808,0.517989,1,,,,,,,,,,,,,-4,iso,-0.2514,True,,,<=1.5,True,False,False,False,,,,,,,,,,,,,,,,
PanTS_00007533,1,0,train,Venous,5,0.9375,0.9375,0,5,509,2236.82,22.3825,20-40,False,1,True,-27,hypoattenuating,0.0232558,True,body,mask_ring,0.820582,inside,False,False,,8.11298,10,62,1962,0.820582,1,31,41,31,41,29,39.5,29,39.5,29,39.5,29,39.5,-17,hypo,-1.349,False,0.99,,2.5-5,True,False,True,False,37,43,37,43,45,39,45,39,45,39,45,39,0.71,0.605,0.71,0.605
PanTS_00007536,1,3,train,Arterial,0.742188,0.742188,1.25,2,1.25,39894,27469.2,58.7678,>=40,False,1,True,-29,hypoattenuating,0.660482,True,head,mask_ring,0.253592,inside,False,True,0,18.7177,10,440,1143,0.253592,0.818594,67.5,25.5,67.5,25.5,69.5,24,69.5,24,69.5,24,69.5,24,-26,hypo,-1.961,False,0.79,33,<=1.5,True,False,False,True,6,5,6,5,2,10,2,10,2,10,2,10,0.305,0.76,0.305,0.76
PanTS_00007539,1,4,train,Venous,0.880859,0.880859,2.5,2,2.5,211,409.294,12.5194,10-20,False,1,True,-21,hypoattenuating,0,False,body,mask_ring,0.575712,inside,False,True,58.8244,4.60591,6,19,2641,0.575712,1,52.5,88.5,52.5,88.5,92.5,84,92.5,84,52.5,88.5,52.5,88.5,-23.5,hypo,-2.025,True,0.905,,1.5-2.5,True,True,False,False,,26,,26,12,,12,,,26,,26,0.475,0.115,0.475,0.115
PanTS_00007555,1,0,train,Venous,0.976562,0.976562,2.5,2,2.5,425,1013.28,24.3942,20-40,False,2,True,2,isoattenuating,0.402741,True,head,mask_ring,0.355201,abutting,False,False,,6.23084,6,10,1531,0.355201,0.188235,93,100,93,100,48,95,48,95,93,100,93,100,1,iso,0.07357,False,0.945,,1.5-2.5,True,False,False,False,,,,,,,,,,,,,0.07,0,0.07,0
PanTS_00007555,2,0,train,Venous,0.976562,0.976562,2.5,2,2.5,334,796.318,20.3896,20-40,False,2,False,-2,isoattenuating,0,False,head,mask_ring,0.380131,inside,False,False,,5.74998,6,32,1531,0.380131,1,76.5,2.5,76.5,2.5,99.5,30,99.5,30,76.5,2.5,76.5,2.5,-5.5,iso,-0.4046,True,0.95,,1.5-2.5,True,False,False,False,11,,11,,2,,2,,11,,11,,0.235,0.975,0.235,0.975
PanTS_00007558,1,1,train,Non-contrast,1.5,1.5,1.5,2,1.5,5938,20040.8,51.1102,>=40,False,1,True,-14,hypoattenuating,0,False,body,mask_ring,0.342541,inside,False,True,31.8198,16.8503,10,458,2321,0.342541,1,68,3,68,3,87.5,0,87.5,0,87.5,0,87.5,0,-12,hypo,-1.392,True,0.955,42,<=1.5,False,False,False,False,3,28,3,28,2,37,2,37,2,37,2,37,0.125,1,0.125,1
PanTS_00007564,1,4,train,Venous,0.740234,0.740234,2.5,2,2.5,3631,4973.98,24.7276,20-40,False,1,True,25,hyperattenuating,0.840867,True,head,mask_ring,0.31834,inside,False,True,0.740234,10.5894,10,123,2654,0.31834,0.960342,56,33.5,56,33.5,7,14.5,7,14.5,7,14.5,7,14.5,27,hyper,1.662,False,0.965,,1.5-2.5,True,False,True,False,9,22,9,22,39,38,39,38,39,38,39,38,0.93,0.855,0.93,0.855
PanTS_00007575,1,0,train,Venous,0.976562,0.976562,2.5,2,2.5,241,574.588,13.2461,10-20,False,1,True,0,isoattenuating,0.0569433,True,head,mask_ring,0.273008,inside,False,True,16.597,5.1573,6,25,2606,0.273008,1,68.5,27.5,68.5,27.5,66,13.5,66,13.5,68.5,27.5,68.5,27.5,-1,iso,-0.1311,False,0.66,,1.5-2.5,True,False,False,False,,,,,,,,,,,,,0.315,0.725,0.315,0.725
PanTS_00007577,1,4,train,Arterial,0.742188,0.742188,1.25,2,1.25,18760,12917.3,48.3497,>=40,False,1,True,-1,isoattenuating,0.420264,True,head,mask_ring,0.120223,inside,False,True,0,14.5555,10,250,1070,0.120223,0.817324,3,53.5,3,53.5,8,80.5,8,80.5,8,80.5,8,80.5,4,iso,0.2045,False,1,40,<=1.5,True,False,False,False,12,3,12,3,11,3,11,3,11,3,11,3,0.92,0.195,0.92,0.195
PanTS_00007578,1,2,train,Venous,0.896484,0.896484,5,2,5,78,313.437,21.0379,20-40,False,5,False,-9.5,isoattenuating,0,False,body,pc1_boundary,0.578797,separated,True,True,65.8351,4.21393,6,0,2048,0.578797,0,,,,,,,,,,,,,-7,iso,-0.6033,True,,,2.5-5,True,False,False,False,,,,,,,,,,,,,,,,
PanTS_00007578,2,2,train,Venous,0.896484,0.896484,5,2,5,100,401.842,25.3564,20-40,False,5,False,-4.5,isoattenuating,0,False,tail,pc1_boundary,0.710183,separated,True,True,69.8163,4.57779,6,0,2048,0.710183,0,,,,,,,,,,,,,-3.5,iso,-0.3016,True,,,2.5-5,True,False,False,False,,,,,,,,,,,,,,,,
PanTS_00007578,3,2,train,Venous,0.896484,0.896484,5,2,5,499,2005.19,22.6788,20-40,False,5,True,5,isoattenuating,0,False,tail,mask_ring,0.940823,inside,False,True,82.6918,7.82268,6,57,2048,0.940823,1,42.5,18,42.5,18,35.5,38,35.5,38,42.5,18,42.5,18,10,iso,0.8618,True,0.78,,2.5-5,True,False,False,False,21,,21,,,,,,21,,21,,0.575,0.82,0.575,0.82
PanTS_00007578,4,2,train,Venous,0.896484,0.896484,5,2,5,103,413.897,14.2343,10-20,False,5,False,-45,hypoattenuating,0.00975333,True,body,pc1_boundary,0.567478,separated,True,True,86.3665,4.62311,6,0,2048,0.567478,0,,,,,,,,,,,,,-43.5,hypo,-3.749,False,,,2.5-5,True,True,False,False,,,,,,,,,,,,,,,,
PanTS_00007578,5,2,train,Venous,0.896484,0.896484,5,2,5,153,614.818,16.4817,10-20,False,5,False,-4,isoattenuating,0,False,tail,mask_ring,0.841118,separated,True,True,81.7017,5.27496,6,0,2048,0.841118,0,,,,,,,,,,,,,-10,iso,-0.8618,True,,,2.5-5,True,False,False,False,,,,,,,,,,,,,,,,
PanTS_00007583,1,1,train,Venous,0.794922,0.794922,1.25,2,1.25,9021,7125.47,29.1215,20-40,False,1,True,-5,isoattenuating,0.795659,True,head,mask_ring,0.2215,inside,False,True,0.794922,11.9374,10,184,582,0.2215,1,19.5,0,19.5,0,60,0,60,0,60,0,60,0,-3,iso,-0.4309,False,0.965,,<=1.5,True,False,False,False,10,14,10,14,17,20,17,20,17,20,17,20,0.4,1,0.4,1
PanTS_00007588,1,2,train,Venous,0.748047,0.748047,2.5,2,2.5,7954,11127.1,33.8567,20-40,False,1,True,2,isoattenuating,0.902428,True,head,mask_ring,0.112416,inside,False,True,0.748047,13.8494,10,265,454,0.112416,1,100,100,100,100,100,100,100,100,100,100,100,100,1,iso,0.06284,False,0.08,2,1.5-2.5,True,False,False,False,1,1,1,1,2,1,2,1,2,1,2,1,0,0,0,0
PanTS_00007594,1,1,train,Venous,0.673828,0.673828,2.5,2,2.5,21717,24651.2,41.7638,>=40,False,1,True,-42,hypoattenuating,0.878768,True,head,mask_ring,0.202246,inside,False,True,0.673828,18.0544,10,545,578,0.202246,1,100,0,100,0,100,0,100,0,100,0,100,0,-53,hypo,-4.321,False,0.65,17,1.5-2.5,True,False,False,True,1,12,1,12,1,3,1,3,1,3,1,3,0,1,0,1
PanTS_00007602,1,0,train,Non-contrast,0.78125,0.78125,0.8,2,0.8,1596,779.297,18.4633,10-20,False,1,True,17,hyperattenuating,0,False,head,mask_ring,0.250595,inside,False,True,3.98733,5.70871,6,27,2714,0.250595,1,16.5,10.5,16.5,10.5,39,48,39,48,16.5,10.5,16.5,10.5,23,hyper,0.6545,True,0.625,,<=1.5,False,False,False,False,,,,,,37,,37,,,,,0.835,0.895,0.835,0.895
PanTS_00007615,1,0,train,Arterial,1,1,1,2,1,378,378,15.2971,10-20,False,1,True,-31.9829,hypoattenuating,0.284822,True,head,mask_ring,0.356361,inside,False,True,12.2066,4.4854,6,16,4575,0.356361,1,62.5,13,62.5,13,54.5,23,54.5,23,62.5,13,62.5,13,-33.02,hypo,-3.428,False,0.755,,<=1.5,True,True,False,False,,,,,,,,,,,,,0.375,0.87,0.375,0.87
PanTS_00007622,1,0,train,Venous,0.976562,0.976562,2.5,2,2.5,5257,12533.7,41.1895,>=40,False,1,True,37,hyperattenuating,0.819523,True,head,mask_ring,0.165295,inside,False,True,0.976562,14.41,10,320,1455,0.165295,1,78,78,78,78,100,78,100,78,100,78,100,78,40,hyper,2.155,False,0,2,1.5-2.5,True,False,False,True,5,4,5,4,26,4,26,4,26,4,26,4,0,0.22,0,0.22
PanTS_00007627,1,2,train,Non-contrast,0.703125,0.703125,0.8,2,0.8,743,293.862,18.472,10-20,False,1,True,-4,isoattenuating,0,False,head,mask_ring,0.0929782,inside,False,True,10.5182,4.12431,6,18,2058,0.0929782,1,90,62.5,90,62.5,58.5,45,58.5,45,90,62.5,90,62.5,6,iso,0.2381,True,0.845,,<=1.5,False,False,False,False,13,,13,,49,,49,,13,,13,,0.1,0.375,0.1,0.375
PanTS_00007630,1,1,train,Arterial,0.636719,0.636719,2.5,2,2.5,2382,2414.22,22.0879,20-40,False,1,True,-36,hypoattenuating,0.0968726,True,head,mask_ring,0.0606126,inside,False,True,5.40274,8.32204,10,73,2264,0.0606126,1,30.5,3,30.5,3,51.5,0,51.5,0,51.5,0,51.5,0,-42,hypo,-5.279,False,0.885,,1.5-2.5,True,False,True,False,26,,26,,14,,14,,14,,14,,0.485,1,0.485,1
PanTS_00007636,1,0,train,Arterial,0.888672,0.888672,2.5,2,2.5,3822,7545.94,30.9847,20-40,False,2,True,11,hyperattenuating,0.70049,True,head,mask_ring,0.175716,inside,False,False,,12.1677,10,200,1482,0.175716,1,89.5,8.5,89.5,8.5,53.5,66,53.5,66,53.5,66,53.5,66,14,hyper,0.9598,False,1,,1.5-2.5,True,False,True,False,2,24,2,24,9,32,9,32,9,32,9,32,0.465,0.34,0.465,0.34
PanTS_00007636,2,0,train,Arterial,0.888672,0.888672,2.5,2,2.5,150,296.152,10.9284,10-20,False,2,False,29.5,hyperattenuating,0,False,body,mask_ring,0.334547,inside,False,False,,4.135,6,19,1482,0.334547,1,10,1,10,1,23.5,40.5,23.5,40.5,10,1,10,1,32.5,hyper,2.228,True,0.86,,1.5-2.5,True,True,False,False,,,,,,,,,,,,,0.9,0.99,0.9,0.99
PanTS_00007641,1,3,train,Venous,0.722656,0.722656,2.5,2,2.5,6623,8646.85,36.69,20-40,False,1,True,-14,hypoattenuating,0.657942,True,head,mask_ring,0.152915,inside,False,True,0.722656,12.7328,10,222,4044,0.152915,1,87.5,87.5,87.5,87.5,87,87.5,87,87.5,87,87.5,87,87.5,-17,hypo,-1.282,False,0.325,,1.5-2.5,True,False,True,False,2,2,2,2,3,2,3,2,3,2,3,2,0.13,0.125,0.13,0.125
PanTS_00007643,1,2,train,Venous,0.810547,0.810547,2.5,2,2.5,3601,5914.52,34.1154,20-40,False,1,True,-4,isoattenuating,0,False,tail,mask_ring,0.939353,inside,False,True,63.9004,11.2187,10,164,1851,0.939353,1,96,77,96,77,89,100,89,100,89,100,89,100,0,iso,0,True,0.185,11,1.5-2.5,True,False,False,False,4,9,4,9,3,1,3,1,3,1,3,1,0.11,0,0.11,0
PanTS_00007651,1,4,train,Venous,0.644531,0.644531,5,2,5,5012,10410.4,32.5951,20-40,False,1,True,-103,hypoattenuating,0,False,head,mask_ring,0.552253,inside,False,True,2.03819,13.5454,10,244,1680,0.552253,1,7.5,3.5,7.5,3.5,26.5,2.5,26.5,2.5,26.5,2.5,26.5,2.5,-108,hypo,-12.53,True,1,,2.5-5,True,False,True,False,20,31,20,31,15,34,15,34,15,34,15,34,0.735,0.975,0.735,0.975
PanTS_00007660,1,1,train,Arterial,0.742188,0.742188,1.25,2,1.25,72826,50144.6,61.0561,>=40,False,1,True,-19,hypoattenuating,0.845509,True,head,mask_ring,0.313805,abutting,False,True,0,22.8759,10,560,780,0.313805,0.599484,100,0,100,0,0,0,0,0,0,0,0,0,-13,hypo,-0.5683,False,0.25,22,<=1.5,True,False,False,True,3,4,3,4,2,2,2,2,2,2,2,2,1,1,1,1
PanTS_00007661,1,4,train,Arterial,0.910156,0.910156,2.5,2,2.5,364,753.83,16.7508,10-20,False,3,False,-13,hypoattenuating,0,False,head,mask_ring,0.160636,inside,False,False,,5.64584,6,34,2406,0.160636,1,57,56.5,57,56.5,4,41,4,41,57,56.5,57,56.5,-19,hypo,-1.47,True,0.825,,1.5-2.5,True,True,False,False,27,38,27,38,,,,,27,38,27,38,0.43,0.435,0.43,0.435
PanTS_00007661,2,4,train,Arterial,0.910156,0.910156,2.5,2,2.5,452,936.074,31.5368,20-40,False,3,False,-23,hypoattenuating,0,False,head,pc1_boundary,0.0732136,separated,True,False,,6.0684,6,0,2406,0.0732136,0,,,,,,,,,,,,,-30,hypo,-2.32,True,,,1.5-2.5,True,False,True,False,,,,,,,,,,,,,,,,
PanTS_00007661,3,4,train,Arterial,0.910156,0.910156,2.5,2,2.5,12430,25742,66.3272,>=40,False,3,True,-32,hypoattenuating,0,False,body,pc1_boundary,0.58868,separated,True,False,,18.3169,10,0,2406,0.58868,0,,,,,,,,,,,,,-36,hypo,-2.784,True,,,1.5-2.5,True,False,False,True,,,,,,,,,,,,,,,,
PanTS_00007668,1,4,train,Non-contrast,0.871094,0.871094,1.25,2,1.25,13376,12687.2,48.4412,>=40,False,1,True,12,hyperattenuating,0.184449,True,head,mask_ring,0.174292,inside,False,True,35.6297,14.4686,10,255,1009,0.174292,0.876645,0,0,0,0,0,0,0,0,0,0,0,0,13,hyper,0.7843,False,0.88,,<=1.5,False,False,False,False,34,33,34,33,12,20,12,20,12,20,12,20,1,1,1,1
PanTS_00007690,1,2,train,Arterial,0.673828,0.673828,2.5,2,2.5,1202,1364.4,20.4443,20-40,False,1,True,21,hyperattenuating,0,False,head,mask_ring,0.287031,inside,False,True,2.77826,6.88047,6,36,798,0.287031,0.918469,8,75.5,8,75.5,58,61,58,61,8,75.5,8,75.5,5.5,iso,0.5925,True,0.185,8,1.5-2.5,True,False,False,False,,,,,,17,,17,,,,,0.92,0.245,0.92,0.245
PanTS_00007691,1,4,train,Venous,0.976562,0.976562,3.75,2,3.75,3480,12445.4,38.91,20-40,False,3,True,-19,hypoattenuating,0.631848,True,head,mask_ring,0.18096,inside,False,True,111.856,14.3761,10,273,472,0.18096,0.972701,100,100,100,100,100,100,100,100,100,100,100,100,-20,hypo,-2.08,False,0.015,2,2.5-5,True,False,True,False,2,2,2,2,2,2,2,2,2,2,2,2,0,0,0,0
PanTS_00007691,2,4,train,Venous,0.976562,0.976562,3.75,2,3.75,1841,6583.92,41.576,>=40,False,3,False,21,hyperattenuating,0,False,head,mask_ring,0.269971,abutting,False,True,106.028,11.6269,10,81,472,0.269971,0.45736,19.5,89.5,19.5,89.5,89.5,89.5,89.5,89.5,89.5,89.5,89.5,89.5,18,hyper,1.872,True,0.15,27,2.5-5,True,False,False,True,20,4,20,4,5,,5,,5,,5,,0.105,0.105,0.105,0.105
PanTS_00007691,3,4,train,Venous,0.976562,0.976562,3.75,2,3.75,90,321.865,11.4304,10-20,False,3,False,18,hyperattenuating,0,False,body,pc1_boundary,0.430829,separated,True,True,104.992,4.25136,6,0,472,0.430829,0,,,,,,,,,,,,,18,hyper,1.872,True,,,2.5-5,True,True,False,False,,,,,,,,,,,,,,,,
PanTS_00007702,1,1,train,Non-contrast,0.703125,0.703125,5,2,5,6532,16146.6,39.7573,20-40,False,1,True,15,hyperattenuating,0.737187,True,head,mask_ring,0.111442,inside,False,True,3.51562,15.6795,10,357,1265,0.111442,0.988212,22,0.5,22,0.5,2.5,1,2.5,1,2.5,1,2.5,1,11,hyper,1.327,False,0.745,50,2.5-5,False,False,False,False,13,,13,,10,8,10,8,10,8,10,8,0.975,0.99,0.975,0.99
PanTS_00007713,1,4,train,Venous,0.644531,0.644531,2.5,2,2.5,11645,12093.9,42.5615,>=40,False,1,True,20,hyperattenuating,0.790492,True,head,mask_ring,0.182517,inside,False,True,0.644531,14.2394,10,290,924,0.182517,1,100,100,100,100,100,100,100,100,100,100,100,100,19,hyper,2.492,False,0.09,4,1.5-2.5,True,False,False,True,9,39,9,39,4,17,4,17,4,17,4,17,0,0,0,0
PanTS_00007728,1,0,train,Arterial,0.675781,0.675781,2,2,2,14171,12943.2,46.3832,>=40,False,1,True,7,isoattenuating,0.517782,True,head,mask_ring,0.235354,inside,False,True,0.675781,14.5653,10,352,1222,0.235354,0.999929,55,26,55,26,3,19,3,19,3,19,3,19,10,iso,0.7182,False,0.885,30,1.5-2.5,True,False,False,False,3,7,3,7,7,9,7,9,7,9,7,9,0.97,0.81,0.97,0.81
PanTS_00007735,1,1,train,Arterial,1.5,1.5,1.5,2,1.5,518,1748.25,28.5,20-40,False,1,True,-21,hypoattenuating,0,False,,none,,separated,True,True,18.6748,7.47317,6,0,525,,0,,,,,,,,,,,,,38,hyper,0.9714,True,,,<=1.5,True,False,True,False,,,,,,,,,,,,,,,,
PanTS_00007757,1,1,train,Venous,1.5,1.5,1.5,2,1.5,38371,129502,128.292,>=40,False,1,True,-25,hypoattenuating,0.405528,True,head,mask_ring,0.354109,abutting,False,True,1.5,31.3855,10,523,268,0.354109,0.172292,,,,,,,,,,,,,-28,hypo,-1.097,False,1,15,<=1.5,True,False,False,True,2,1,2,1,1,1,1,1,1,1,1,1,,,,
PanTS_00007765,1,0,train,Venous,0.791016,0.791016,2.5,2,2.5,13503,21122.3,42.1248,>=40,False,1,True,-5,isoattenuating,0.882261,True,head,mask_ring,0.147907,inside,False,True,6.37516,17.1482,10,469,1271,0.147907,1,25,0,25,0,0,0,0,0,0,0,0,0,-10,iso,-0.4436,False,0.865,13,1.5-2.5,True,False,False,False,10,24,10,24,14,43,14,43,14,43,14,43,1,1,1,1
PanTS_00007779,1,1,train,Venous,1,1,1,2,1,1155,1155,21.7715,20-40,False,1,True,-31.0063,hypoattenuating,0,False,head,mask_ring,0.263462,inside,False,True,10.0995,6.50875,6,43,3919,0.263462,1,76.5,22,76.5,22,82,50.5,82,50.5,76.5,22,76.5,22,-31.01,hypo,-3.737,True,0.865,,<=1.5,True,False,True,False,26,,26,,25,,25,,26,,26,,0.235,0.78,0.235,0.78
PanTS_00007786,1,0,train,Venous,0.908203,0.908203,2.5,2,2.5,3237,6674.96,27.8387,20-40,False,1,True,0,isoattenuating,0.835504,True,head,mask_ring,0.195975,inside,False,True,0.908203,11.6803,10,166,783,0.195975,0.998764,89.5,1.5,89.5,1.5,13,32,13,32,13,32,13,32,-4,iso,-0.2462,False,0.885,,1.5-2.5,True,False,False,False,2,25,2,25,9,13,9,13,9,13,9,13,0.87,0.68,0.87,0.68
PanTS_00007792,1,1,train,Venous,1.5,1.5,1.5,2,1.5,1160,3915,23.1409,20-40,False,1,True,-1.5,isoattenuating,0,False,body,mask_ring,0.475894,inside,False,True,32.2064,9.7772,10,101,2497,0.475894,1,93.5,17.5,93.5,17.5,73.5,57.5,73.5,57.5,73.5,57.5,73.5,57.5,-4,iso,-0.3094,True,0.835,,<=1.5,True,False,False,False,4,48,4,48,10,17,10,17,10,17,10,17,0.265,0.425,0.265,0.425
PanTS_00007802,1,4,train,Venous,0.738281,0.738281,2.5,2,2.5,303,412.882,11.5763,10-20,False,1,True,30,hyperattenuating,0,False,head,mask_ring,0.164838,inside,False,True,0,4.61933,6,19,1209,0.164838,1,57,84.5,57,84.5,91,90,91,90,57,84.5,57,84.5,-16.5,hypo,-1.508,True,0.465,,1.5-2.5,True,True,False,False,,,,,,,,,,,,,0.43,0.155,0.43,0.155
PanTS_00007831,1,4,train,Non-contrast,0.878906,0.878906,0.8,2,0.8,5412,3344.51,29.6785,20-40,False,1,True,-5,isoattenuating,0,False,head,mask_ring,0.118006,embedded,False,False,,9.27715,10,108,1413,0.118006,0.976164,0,9,0,9,10.5,8.5,10.5,8.5,10.5,8.5,10.5,8.5,-4,iso,-0.2567,True,0.695,30,<=1.5,False,False,False,False,48,42,48,42,21,23,21,23,21,23,21,23,0.895,0.915,0.895,0.915
PanTS_00007846,1,3,train,Venous,0.605469,0.605469,2.5,2,2.5,2834,2597.31,23.9465,20-40,False,1,True,-33,hypoattenuating,0.606446,True,head,mask_ring,0.216903,inside,False,True,1.35387,8.5273,10,79,623,0.216903,1,89.5,4,89.5,4,69,10.5,69,10.5,69,10.5,69,10.5,-65,hypo,-6.325,False,0.68,18,1.5-2.5,True,False,True,False,4,,4,,6,,6,,6,,6,,0.31,0.895,0.31,0.895
PanTS_00007851,1,4,train,Venous,0.732422,0.732422,2.5,2,2.5,6115,8200.86,40.3848,>=40,False,1,True,17,hyperattenuating,0.564367,True,head,mask_ring,0.152049,inside,False,True,0,12.51,10,215,1410,0.152049,1,77.5,100,77.5,100,23.5,73,23.5,73,23.5,73,23.5,73,17,hyper,1.554,False,0.53,,1.5-2.5,True,False,False,True,35,2,35,2,26,41,26,41,26,41,26,41,0.765,0.27,0.765,0.27
PanTS_00007858,1,0,train,Venous,0.882812,0.882812,2.5,2,2.5,2487,4845.65,27.6516,20-40,False,1,True,-28,hypoattenuating,0.0802779,True,tail,mask_ring,0.967316,inside,False,True,83.2516,10.4975,10,133,2791,0.967316,1,97,89.5,97,89.5,98,94,98,94,98,94,98,94,-35,hypo,-2.246,False,0.245,13,1.5-2.5,True,False,True,False,2,6,2,6,3,3,3,3,3,3,3,3,0.02,0.06,0.02,0.06
PanTS_00007862,1,0,train,Non-contrast,0.742188,0.742188,0.8,2,0.8,16328,7195.32,31.0069,20-40,False,1,True,-4,isoattenuating,0.0351384,True,head,mask_ring,0.153673,inside,False,False,,11.9762,10,183,1999,0.153673,1,15.5,15.5,15.5,15.5,46,19.5,46,19.5,46,19.5,46,19.5,-2,iso,-0.06284,False,0.57,19,<=1.5,False,False,False,False,32,36,32,36,28,37,28,37,28,37,28,37,0.54,0.805,0.54,0.805
PanTS_00007863,1,3,train,Non-contrast,0.820312,0.820312,0.8,2,0.8,16075,8653.65,39.8679,20-40,False,1,True,1,isoattenuating,0.44106,True,head,mask_ring,0.282451,embedded,False,False,,12.7361,10,176,826,0.282451,0.63633,57.5,33,57.5,33,27,56.5,27,56.5,27,56.5,27,56.5,0,iso,0,False,0.41,7,<=1.5,False,False,False,False,3,7,3,7,7,4,7,4,7,4,7,4,0.73,0.435,0.73,0.435
PanTS_00007868,1,3,train,Non-contrast,0.898438,0.898438,0.8,2,0.8,1218,786.526,20.0243,20-40,False,1,True,-2,isoattenuating,0,False,head,mask_ring,0.0560331,inside,False,True,12.2462,5.72631,6,34,1660,0.0560331,1,3,11.5,3,11.5,2,4.5,2,4.5,3,11.5,3,11.5,-6,iso,-0.2784,True,0.925,,<=1.5,False,False,False,False,,,,,,,,,,,,,0.97,0.885,0.97,0.885
PanTS_00007890,1,4,train,Venous,0.75,0.75,2.5,2,2.5,16439,23117.3,42.8843,>=40,False,1,True,-4,isoattenuating,0.891689,True,head,mask_ring,0.124388,inside,False,True,0.75,17.6719,10,493,1038,0.124388,1,30,0,30,0,11,0,11,0,11,0,11,0,-5,iso,-0.2846,False,0.195,16,1.5-2.5,True,False,False,False,6,13,6,13,6,13,6,13,6,13,6,13,0.89,1,0.89,1
PanTS_00007905,1,3,train,Venous,0.722656,0.722656,5,2,5,4070,10627.4,34.8223,20-40,False,1,True,-56,hypoattenuating,0.836351,True,body,mask_ring,0.674936,inside,False,True,0,13.6389,10,228,2546,0.674936,1,83.5,60.5,83.5,60.5,100,59,100,59,100,59,100,59,-68,hypo,-4.884,False,0.97,,2.5-5,True,False,True,False,3,13,3,13,1,12,1,12,1,12,1,12,0,0.41,0,0.41
PanTS_00007921,1,2,train,Non-contrast,0.583333,0.583333,5,2,5,14994,25510.6,121.217,>=40,False,1,True,-22,hypoattenuating,0,False,tail,mask_ring,0.60841,abutting,False,False,,18.2618,10,154,1081,0.60841,0.192544,28,45,28,45,80.5,42,80.5,42,80.5,42,80.5,42,-23,hypo,-5.337,True,0.445,14,2.5-5,False,False,False,False,11,18,11,18,3,19,3,19,3,19,3,19,0.195,0.58,0.195,0.58
PanTS_00007938,1,1,train,Venous,0.736328,0.736328,2.5,2,2.5,4682,6346.2,30.6691,20-40,False,1,True,-43,hypoattenuating,0.748726,True,head,mask_ring,0.111515,inside,False,True,4.85795,11.4853,10,160,630,0.111515,1,71,20,71,20,100,45,100,45,100,45,100,45,-65,hypo,-6.325,False,0.745,12,1.5-2.5,True,False,True,False,2,9,2,9,1,4,1,4,1,4,1,4,0,0.55,0,0.55
PanTS_00007946,1,1,train,Venous,0.884766,0.884766,0.7,2,0.7,635,347.959,11.1261,10-20,False,1,True,22,hyperattenuating,0.237386,True,head,mask_ring,0.17208,inside,False,True,11.857,4.36328,6,17,1414,0.17208,1,30,24,30,24,29,62.5,29,62.5,30,24,30,24,5.5,iso,0.3456,False,0.945,,<=1.5,True,False,False,False,,,,,,,,,,,,,0.7,0.76,0.7,0.76
PanTS_00007960,1,4,train,Arterial,0.742188,0.742188,1.25,2,1.25,70274,48387.4,75.8829,>=40,False,1,True,-43,hypoattenuating,0.762261,True,body,mask_ring,1.00525,inside,False,True,9.25592,22.6055,10,797,1327,1.00525,0.891966,100,100,100,100,100,100,100,100,100,100,100,100,-40,hypo,-2.742,False,0.685,20,<=1.5,True,False,False,True,1,1,1,1,1,1,1,1,1,1,1,1,0,0,0,0
PanTS_00007989,1,0,train,Venous,0.826172,0.826172,2.5,2,2.5,805,1373.65,28.3683,20-40,False,1,True,-37,hypoattenuating,0.247423,True,head,mask_ring,0.0798571,inside,False,True,8.28757,6.89598,6,51,1809,0.0798571,0.981366,50,54.5,50,54.5,38.5,47.5,38.5,47.5,50,54.5,50,54.5,-31,hypo,-3.016,False,0.91,,1.5-2.5,True,False,True,False,29,31,29,31,,,,,29,31,29,31,0.5,0.455,0.5,0.455
PanTS_00007995,1,1,train,Venous,0.953125,0.953125,1,2,1,3711,3371.25,21.5287,20-40,False,1,True,3,isoattenuating,0.202035,True,head,mask_ring,0.0293202,inside,False,False,,9.30181,10,86,3152,0.0293202,1,11,1,11,1,55.5,5,55.5,5,55.5,5,55.5,5,5,iso,0.2433,False,0.97,,<=1.5,True,False,False,False,,,,,20,,20,,20,,20,,0.445,0.95,0.445,0.95
PanTS_00007997,1,4,train,Venous,0.90625,0.90625,5,2,5,1442,5921.49,36.3744,20-40,False,2,True,-22,hypoattenuating,0.0145985,True,tail,mask_ring,1.05101,abutting,False,False,,11.2231,10,5,1737,1.05101,0.0214979,16,25,16,25,26,12.5,26,12.5,26,12.5,26,12.5,-21,hypo,-1.173,False,0.98,,2.5-5,True,False,True,False,,,,,,,,,,,,,0.74,0.875,0.74,0.875
PanTS_00007997,2,4,train,Venous,0.90625,0.90625,5,2,5,164,673.457,12.9362,10-20,False,2,False,-25,hypoattenuating,0,False,tail,pc1_boundary,1.22115,separated,True,False,,5.4376,6,0,1737,1.22115,0,,,,,,,,,,,,,-28.5,hypo,-1.592,True,,,2.5-5,True,True,False,False,,,,,,,,,,,,,,,,
PanTS_00008001,1,1,train,Venous,5,0.839844,0.839844,0,5,2431,8573.38,32.1648,20-40,False,1,True,7,isoattenuating,0,False,head,mask_ring,0.299118,inside,False,True,0.839844,12.6966,10,214,1330,0.299118,0.996709,77,76.5,77,76.5,78,78,78,78,78,78,78,78,12.5,hyper,0.4543,True,0.315,,2.5-5,True,False,True,False,5,3,5,3,4,4,4,4,4,4,4,4,0.22,0.22,0.22,0.22
PanTS_00008010,1,1,train,Venous,0.789062,0.789062,5,2,5,12496,38901.2,54.5389,>=40,False,1,True,-98,hypoattenuating,0.844136,True,head,mask_ring,0.14088,inside,False,True,3.94531,21.0196,10,838,1743,0.14088,1,100,100,100,100,100,100,100,100,100,100,100,100,-107,hypo,-10.41,False,1,,2.5-5,True,False,False,True,1,1,1,1,1,1,1,1,1,1,1,1,0,0,0,0
PanTS_00008045,1,0,train,Non-contrast,0.699219,0.699219,1,2,1,654,319.745,11.7655,10-20,False,1,True,-4,isoattenuating,0,False,head,mask_ring,0.160151,abutting,False,True,71.1694,4.24201,6,11,1462,0.160151,0.69419,20,5,20,5,73,42,73,42,20,5,20,5,1,iso,0.03867,True,0.89,,<=1.5,False,False,False,False,,,,,28,,28,,,,,,0.8,0.95,0.8,0.95
PanTS_00008048,1,1,train,Arterial,0.576172,0.576172,0.8,2,0.8,1473,391.198,15.5017,10-20,False,1,True,0,isoattenuating,0,False,head,mask_ring,0.240157,inside,False,False,,4.53701,6,18,722,0.240157,1,58.5,4.5,58.5,4.5,28.5,4,28.5,4,58.5,4.5,58.5,4.5,-7,iso,-0.5557,True,0.99,,<=1.5,True,False,False,False,,,,,,,,,,,,,0.415,0.955,0.415,0.955
PanTS_00008059,1,3,train,Arterial,0.744141,0.744141,0.7,2,0.7,88298,34226.2,57.6275,>=40,False,1,True,16,hyperattenuating,0.465157,True,head,mask_ring,0.19236,inside,False,True,0,20.1414,10,635,681,0.19236,0.942966,0,0,0,0,0,42.5,0,42.5,0,42.5,0,42.5,19,hyper,1.081,False,0.975,15,<=1.5,True,False,False,True,4,5,4,5,7,2,7,2,7,2,7,2,1,0.575,1,0.575
PanTS_00008063,1,0,train,Venous,0.796875,0.796875,2.5,2,2.5,1186,1882.8,21.1206,20-40,False,1,True,-33,hypoattenuating,0,False,body,mask_ring,0.472038,abutting,False,True,24.3579,7.66018,6,18,2059,0.472038,0.277403,74.5,24.5,74.5,24.5,53.5,19.5,53.5,19.5,74.5,24.5,74.5,24.5,-30.5,hypo,-3.407,True,0.99,,1.5-2.5,True,False,True,False,24,,24,,,,,,24,,24,,0.255,0.755,0.255,0.755
PanTS_00008072,1,1,train,Venous,1.5,1.5,1.5,2,1.5,2248,7587,56.8815,>=40,False,1,True,-22,hypoattenuating,0.105795,True,tail,pc1_boundary,0.897852,separated,True,True,95.8475,12.1897,10,0,2543,0.897852,0,,,,,,,,,,,,,-21,hypo,-1.92,False,,,<=1.5,True,False,False,True,,,,,,,,,,,,,,,,
PanTS_00008073,1,4,train,Venous,0.761719,0.761719,2.5,2,2.5,1161,1684.08,17.9412,10-20,False,1,True,28,hyperattenuating,0,False,body,mask_ring,0.600383,inside,False,True,50.686,7.38059,6,53,1809,0.600383,1,29.5,36.5,29.5,36.5,78,62.5,78,62.5,29.5,36.5,29.5,36.5,33,hyper,2.928,True,0.58,42,1.5-2.5,True,True,False,False,40,,40,,11,24,11,24,40,,40,,0.705,0.635,0.705,0.635
PanTS_00008086,1,0,train,Venous,0.734375,0.734375,2.5,2,2.5,8611,11609.9,42.7292,>=40,False,1,True,-21,hypoattenuating,0.657192,True,head,mask_ring,0.137195,inside,False,True,10.5808,14.0469,10,268,1779,0.137195,0.965045,62.5,100,62.5,100,26,100,26,100,26,100,26,100,-24,hypo,-1.419,False,0.5,13,1.5-2.5,True,False,False,True,7,4,7,4,12,2,12,2,12,2,12,2,0.74,0,0.74,0
PanTS_00008091,1,3,train,Arterial,1,1,1,2,1,954,954,19.7231,10-20,False,1,True,-2.99077,isoattenuating,0,False,head,mask_ring,0.173063,inside,False,True,1.41421,6.10689,6,34,2542,0.173063,1,7,0,7,0,23,1,23,1,7,0,7,0,0,iso,0,True,0.975,,<=1.5,True,False,False,False,,,,,,,,,,,,,0.93,1,0.93,1
PanTS_00008123,1,4,train,Venous,0.976562,0.976562,2.5,2,2.5,8527,20329.9,45.1202,>=40,False,1,True,0,isoattenuating,0.798066,True,head,mask_ring,0.150364,inside,False,True,13.4198,16.931,10,390,909,0.150364,0.941715,100,100,100,100,100,100,100,100,100,100,100,100,0,iso,0,False,0,3,1.5-2.5,True,False,False,False,2,2,2,2,3,3,3,3,3,3,3,3,0,0,0,0
PanTS_00008131,1,4,train,Venous,0.783203,0.783203,5,2,5,667,2045.71,24.2164,20-40,False,2,False,-19,hypoattenuating,0,False,head,mask_ring,0.282004,inside,False,False,,7.87503,6,66,499,0.282004,1,100,100,100,100,81.5,81.5,81.5,81.5,100,100,100,100,-8.5,iso,-0.8271,True,0.14,12,2.5-5,True,False,False,False,4,1,4,1,6,,6,,4,1,4,1,0,0,0,0
PanTS_00008131,2,4,train,Venous,0.783203,0.783203,5,2,5,4036,12378.6,46.9413,>=40,False,2,True,-2,isoattenuating,0,False,head,mask_ring,0.161133,inside,False,False,,14.3503,10,292,499,0.161133,0.999504,100,100,100,100,100,100,100,100,100,100,100,100,-3,iso,-0.2919,True,0.005,1,2.5-5,True,False,False,False,1,2,1,2,1,1,1,1,1,1,1,1,0,0,0,0
PanTS_00008132,1,3,train,Venous,0.681641,0.681641,5,2,5,289,671.396,13.7989,10-20,False,4,False,-26,hypoattenuating,0,False,tail,pc1_boundary,0.797165,separated,True,True,93.5539,5.43205,6,0,1559,0.797165,0,,,,,,,,,,,,,-28.5,hypo,-3.07,True,,,2.5-5,True,True,False,False,,,,,,,,,,,,,,,,
PanTS_00008132,2,3,train,Venous,0.681641,0.681641,5,2,5,2340,5436.22,34.2671,20-40,False,4,True,-25,hypoattenuating,0.221164,True,body,pc1_boundary,0.657544,separated,True,True,69.9421,10.9078,10,0,1559,0.657544,0,,,,,,,,,,,,,-25,hypo,-2.693,False,,,2.5-5,True,False,True,False,,,,,,,,,,,,,,,,
PanTS_00008132,3,3,train,Venous,0.681641,0.681641,5,2,5,268,622.609,24.5506,20-40,False,4,False,-25,hypoattenuating,0,False,tail,pc1_boundary,0.694115,separated,True,True,92.7681,5.29715,6,0,1559,0.694115,0,,,,,,,,,,,,,-29,hypo,-3.124,True,,,2.5-5,True,False,True,False,,,,,,,,,,,,,,,,
PanTS_00008132,4,3,train,Venous,0.681641,0.681641,5,2,5,832,1932.88,34.3213,20-40,False,4,False,-8,isoattenuating,0,False,body,pc1_boundary,0.56522,separated,True,True,83.0911,7.72749,6,0,1559,0.56522,0,,,,,,,,,,,,,-9.5,iso,-1.023,True,,,2.5-5,True,False,False,False,,,,,,,,,,,,,,,,
PanTS_00008180,1,4,train,Venous,0.931641,0.931641,3,2,3,5105,13292.7,34.1048,20-40,False,1,True,-40,hypoattenuating,0.931766,True,head,mask_ring,0.195826,inside,False,True,9,14.6952,10,306,2401,0.195826,1,41.5,36.5,41.5,36.5,73.5,70,73.5,70,73.5,70,73.5,70,-45,hypo,-2.888,False,0.235,,2.5-5,True,False,True,False,12,13,12,13,5,7,5,7,5,7,5,7,0.265,0.3,0.265,0.3
PanTS_00008184,1,4,train,Arterial,0.722656,0.722656,0.625,2,0.625,2536,827.737,30.1612,20-40,False,1,True,-1,isoattenuating,0,False,head,mask_ring,0.111402,embedded,False,False,,5.82462,6,38,1247,0.111402,1,31,80,31,80,51,87,51,87,31,80,31,80,-1,iso,-0.01897,True,0.955,,<=1.5,True,False,False,False,30,,30,,,,,,30,,30,,0.69,0.2,0.69,0.2
PanTS_00008205,1,1,train,Venous,0.914062,0.914062,0.7,2,0.7,3103,1814.81,26.2956,20-40,False,3,False,5,isoattenuating,0.465457,True,head,pc1_boundary,0.304375,separated,True,True,38.5234,7.56684,6,0,2520,0.304375,0,,,,,,,,,,,,,2,iso,0.1077,False,,,<=1.5,True,False,False,False,,,,,,,,,,,,,,,,
PanTS_00008205,2,1,train,Venous,0.914062,0.914062,0.7,2,0.7,1367,799.5,21.0707,20-40,False,3,False,-26,hypoattenuating,0,False,body,mask_ring,0.586355,abutting,False,True,70.6543,5.75762,6,19,2520,0.586355,0.610827,65,57.5,65,57.5,66,72.5,66,72.5,65,57.5,65,57.5,-29,hypo,-1.562,True,0.885,,<=1.5,True,False,True,False,,,,,48,,48,,,,,,0.35,0.425,0.35,0.425
PanTS_00008205,3,1,train,Venous,0.914062,0.914062,0.7,2,0.7,3924,2294.98,25.8558,20-40,False,3,True,-28,hypoattenuating,0.237077,True,tail,mask_ring,0.782089,inside,False,True,97.3465,8.1827,10,62,2520,0.782089,0.823649,63,93,63,93,70.5,69.5,70.5,69.5,70.5,69.5,70.5,69.5,-29,hypo,-1.562,False,0.69,,<=1.5,True,False,True,False,18,5,18,5,15,22,15,22,15,22,15,22,0.295,0.305,0.295,0.305
PanTS_00008231,1,2,train,Venous,0.78125,0.78125,5,2,5,1557,4751.59,42.8233,>=40,False,2,True,-8,isoattenuating,0.413508,True,head,mask_ring,0.165004,inside,False,True,4.20716,10.4292,10,146,1240,0.165004,0.987797,100,100,100,100,38.5,92.5,38.5,92.5,38.5,92.5,38.5,92.5,-13,hypo,-1.153,False,0.505,21,2.5-5,True,False,False,True,2,6,2,6,11,8,11,8,11,8,11,8,0.615,0.075,0.615,0.075
PanTS_00008231,2,2,train,Venous,0.78125,0.78125,5,2,5,1044,3186.04,32.0693,20-40,False,2,False,-5,isoattenuating,0,False,tail,mask_ring,0.867482,inside,False,True,0.78125,9.12825,10,94,1240,0.867482,0.989464,42.5,46,42.5,46,29,60,29,60,29,60,29,60,-5,iso,-0.4436,True,0.74,,2.5-5,True,False,False,False,13,32,13,32,17,,17,,17,,17,,0.71,0.4,0.71,0.4
PanTS_00008234,1,3,train,Non-contrast,0.867188,0.867188,0.8,2,0.8,3,1.80484,1.6,<5,True,6,False,38,hyperattenuating,0,False,head,pc1_boundary,0.071142,embedded,False,True,13.2449,0.755295,6,0,1212,0.071142,1,,,,,,,,,,,,,38,hyper,1.113,True,,,<=1.5,False,False,False,False,,,,,,,,,,,,,,,,
PanTS_00008234,2,3,train,Non-contrast,0.867188,0.867188,0.8,2,0.8,6,3.60967,1.81989,<5,True,6,False,-23.5,hypoattenuating,0,False,head,mask_ring,0.0513241,embedded,False,True,10.4882,0.951612,6,0,1212,0.0513241,1,,,,,,,,,,,,,-23.5,hypo,-0.6882,True,0.565,,<=1.5,False,False,False,False,,,,,,,,,,,,,,,,
PanTS_00008234,3,3,train,Non-contrast,0.867188,0.867188,0.8,2,0.8,4,2.40645,2.4,<5,True,6,False,-59,hypoattenuating,0,False,head,mask_ring,0.0601534,inside,False,True,10.1304,0.831309,6,1,1212,0.0601534,1,21,71.5,21,71.5,73,31.5,73,31.5,21,71.5,21,71.5,-59,hypo,-1.728,True,0.325,,<=1.5,False,False,False,False,,,,,,,,,,,,,0.79,0.285,0.79,0.285
PanTS_00008234,4,3,train,Non-contrast,0.867188,0.867188,0.8,2,0.8,893,537.24,22.2752,20-40,False,6,False,-12,hypoattenuating,0,False,head,pc1_boundary,0.253229,abutting,False,True,17.2005,5.04305,6,16,1212,0.253229,0.771557,87.5,70,87.5,70,62.5,57,62.5,57,87.5,70,87.5,70,-5,iso,-0.1464,True,0.355,35,<=1.5,False,False,False,False,11,25,11,25,,26,,26,11,25,11,25,0.125,0.3,0.125,0.3
PanTS_00008234,5,3,train,Non-contrast,0.867188,0.867188,0.8,2,0.8,1092,656.96,17.94,10-20,False,6,True,4,isoattenuating,0,False,head,mask_ring,0.120225,inside,False,True,7.73048,5.39283,6,27,1212,0.120225,1,69,30,69,30,9,6.5,9,6.5,69,30,69,30,5,iso,0.1464,True,0.12,10,<=1.5,False,False,False,False,18,42,18,42,,,,,18,42,18,42,0.31,0.7,0.31,0.7
PanTS_00008234,6,3,train,Non-contrast,0.867188,0.867188,0.8,2,0.8,112,67.3805,9.08279,5-10,False,6,False,-11,hypoattenuating,0,False,head,mask_ring,0.28902,inside,False,True,22.4569,2.52434,6,5,1212,0.28902,1,68,17,68,17,3.5,43.5,3.5,43.5,68,17,68,17,-8.5,iso,-0.2489,True,0.955,,<=1.5,False,False,False,False,,,,,,,,,,,,,0.32,0.83,0.32,0.83
PanTS_00008238,1,3,train,Arterial,0.742188,0.742188,1.25,2,1.25,127591,87853.3,85.4888,>=40,False,1,True,-55,hypoattenuating,0.343314,True,body,mask_ring,0.731571,abutting,False,True,8.74512,27.5776,10,758,892,0.731571,0.455252,100,100,100,100,100,100,100,100,100,100,100,100,-50,hypo,-2.514,False,0.155,2,<=1.5,True,False,False,True,1,1,1,1,1,1,1,1,1,1,1,1,0,0,0,0
PanTS_00008242,1,1,train,Non-contrast,0.628906,0.628906,0.8,2,0.8,4450,1408.06,25.6992,20-40,False,2,False,-27,hypoattenuating,0,False,,none,,separated,True,True,27.017,6.95309,6,0,60,,0,,,,,,,,,,,,,-27,hypo,-1.894,True,,,<=1.5,False,False,False,False,,,,,,,,,,,,,,,,
PanTS_00008242,2,1,train,Non-contrast,0.628906,0.628906,0.8,2,0.8,38046,12038.5,46.4931,>=40,False,2,True,-5,isoattenuating,0.708667,True,body,mask_ring,,abutting,False,True,0.628906,14.2176,10,27,60,,0.0921516,0,0,0,0,18,45,18,45,18,45,18,45,-5,iso,-0.3507,False,1,13,<=1.5,False,False,False,False,2,4,2,4,2,2,2,2,2,2,2,2,0.82,0.55,0.82,0.55
PanTS_00008266,1,1,train,Venous,0.728516,0.728516,5,2,5,1009,2677.56,20.7608,20-40,False,1,True,-18,hypoattenuating,0.699723,True,tail,mask_ring,0.957952,inside,False,True,93.5004,8.61424,10,81,1801,0.957952,1,37,28.5,37,28.5,86,53,86,53,86,53,86,53,-28,hypo,-2.559,False,1,,2.5-5,True,False,True,False,26,,26,,5,17,5,17,5,17,5,17,0.14,0.47,0.14,0.47
PanTS_00008273,1,2,train,Venous,0.892578,0.892578,5,2,5,7372,29366.2,53.0687,>=40,False,1,True,-19,hypoattenuating,0,False,tail,mask_ring,0.870426,inside,False,True,33.5994,19.139,10,622,1409,0.870426,1,100,100,100,100,100,100,100,100,100,100,100,100,-47,hypo,-5.063,True,0,3,2.5-5,True,False,False,True,1,1,1,1,2,2,2,2,2,2,2,2,0,0,0,0
PanTS_00008292,1,3,train,Arterial,0.847656,0.847656,1.25,2,1.25,66601,59817.7,92.5681,>=40,False,2,True,3,isoattenuating,0.831252,True,body,mask_ring,0.505842,inside,False,True,0,24.2613,10,942,1254,0.505842,0.768487,0,0,0,0,100,68.5,100,68.5,100,68.5,100,68.5,6,iso,0.3068,False,0.755,13,<=1.5,True,False,False,False,8,6,8,6,1,4,1,4,1,4,1,4,0,0.315,0,0.315
PanTS_00008292,2,3,train,Arterial,0.847656,0.847656,1.25,2,1.25,78,70.0558,8.84979,5-10,False,2,False,-39,hypoattenuating,0,False,body,pc1_boundary,0.468299,separated,True,True,31.7794,2.55732,6,0,1254,0.468299,0,,,,,,,,,,,,,-39.5,hypo,-2.019,True,,,<=1.5,True,False,False,False,,,,,,,,,,,,,,,,
PanTS_00008298,1,4,train,Venous,0.810547,0.810547,2.5,2,2.5,6897,11328.1,35.5446,20-40,False,1,True,6,isoattenuating,0.833008,True,head,mask_ring,0.147771,inside,False,True,2.5,13.9323,10,278,1198,0.147771,1,100,100,100,100,83,100,83,100,83,100,83,100,0,iso,0,False,0.595,18,1.5-2.5,True,False,False,False,2,2,2,2,2,2,2,2,2,2,2,2,0.17,0,0.17,0
PanTS_00008301,1,3,train,Arterial,0.742188,0.742188,1.25,2,1.25,213824,147229,112.918,>=40,False,1,True,-46,hypoattenuating,0.741717,True,head,mask_ring,0.369417,abutting,False,True,9.11756,32.7568,10,246,1822,0.369417,0.0796356,35.5,4,35.5,4,100,29.5,100,29.5,100,29.5,100,29.5,-45,hypo,-2.189,False,1,49,<=1.5,True,False,False,True,11,48,11,48,2,18,2,18,2,18,2,18,0,0.705,0,0.705
PanTS_00008302,1,0,train,Venous,0.742188,0.742188,1.25,2,1.25,21969,15126.8,38.8133,20-40,False,1,True,-9,isoattenuating,0.670594,True,head,mask_ring,0.0567529,embedded,False,True,0,15.3422,10,194,2117,0.0567529,0.546907,100,67,100,67,89.5,100,89.5,100,89.5,100,89.5,100,-14,hypo,-2.484,False,1,,<=1.5,True,False,True,False,2,6,2,6,5,1,5,1,5,1,5,1,0.105,0,0.105,0
PanTS_00008303,1,1,train,Non-contrast,0.976562,0.976562,2.5,2,2.5,4261,10159,33.4942,20-40,False,1,True,-21,hypoattenuating,0.868101,True,head,mask_ring,0.408976,inside,False,True,2.76213,13.4355,10,194,1246,0.408976,0.946961,71,81.5,71,81.5,100,88.5,100,88.5,100,88.5,100,88.5,-23,hypo,-1.692,False,1,,1.5-2.5,False,False,False,False,5,3,5,3,1,2,1,2,1,2,1,2,0,0.115,0,0.115
PanTS_00008317,1,2,train,Non-contrast,0.586,0.586,0.8,2,0.8,10583,2907.33,32.6157,20-40,False,1,True,-2,isoattenuating,0,False,head,mask_ring,0.0856488,embedded,False,False,,8.85391,10,67,1044,0.0856488,0.842011,0.5,0,0.5,0,27.5,14,27.5,14,27.5,14,27.5,14,-2,iso,-0.08264,True,0.945,,<=1.5,False,False,False,False,,,,,,,,,,,,,0.725,0.86,0.725,0.86
PanTS_00008330,1,1,train,Venous,0.863281,0.863281,2.5,2,2.5,5998,11175.1,31.1761,20-40,False,1,True,-31,hypoattenuating,0,False,tail,mask_ring,0.761908,inside,False,True,36.6416,13.8693,10,263,2215,0.761908,1,78.5,55,78.5,55,0,23.5,0,23.5,0,23.5,0,23.5,-53,hypo,-4.207,True,0.895,,1.5-2.5,True,False,True,False,2,5,2,5,17,18,17,18,17,18,17,18,1,0.765,1,0.765
PanTS_00008339,1,0,train,Non-contrast,0.78125,0.78125,0.8,2,0.8,304,148.438,9.61224,5-10,False,1,True,-16,hypoattenuating,0,False,,none,,embedded,False,False,,3.28462,6,7,1668,,0.976974,91.5,87,91.5,87,47,40,47,40,91.5,87,91.5,87,-32,hypo,-0.635,True,0.3,,<=1.5,False,False,False,False,,24,,24,,,,,,24,,24,0.085,0.13,0.085,0.13
PanTS_00008354,1,3,train,Arterial,0.767578,0.767578,1.25,2,1.25,65133,47968.5,60.8963,>=40,False,1,True,-25,hypoattenuating,0.553596,True,head,mask_ring,0.166204,abutting,False,True,0,22.5401,10,602,1227,0.166204,0.65053,100,100,100,100,100,0,100,0,100,0,100,0,-24,hypo,-1.049,False,0.95,11,<=1.5,True,False,False,True,1,1,1,1,1,8,1,8,1,8,1,8,0,1,0,1
PanTS_00008384,1,4,train,Arterial,1.5,1.5,1.5,2,1.5,548,1849.5,23.7645,20-40,False,2,True,-10,isoattenuating,0.318382,True,body,mask_ring,0.334588,abutting,False,True,26.6224,7.61474,6,20,1294,0.334588,0.270073,52,71.5,52,71.5,49,22,49,22,52,71.5,52,71.5,-11.5,hypo,-0.2195,False,0.995,,<=1.5,True,False,True,False,34,23,34,23,47,,47,,34,23,34,23,0.48,0.285,0.48,0.285
PanTS_00008384,2,4,train,Arterial,1.5,1.5,1.5,2,1.5,166,560.25,13.5,10-20,False,2,False,-35.5,hypoattenuating,0,False,body,mask_ring,0.484901,separated,True,True,16.1555,5.11404,6,2,1294,0.484901,0.0301205,93.5,98.5,93.5,98.5,95.5,95.5,95.5,95.5,93.5,98.5,93.5,98.5,-50.5,hypo,-0.9641,True,0.895,,<=1.5,True,True,False,False,29,9,29,9,18,17,18,17,29,9,29,9,0.065,0.015,0.065,0.015
PanTS_00008385,1,3,train,Venous,0.741,0.741,5,2,5,911,2501.06,34.5224,20-40,False,1,True,-5,isoattenuating,0,False,body,mask_ring,0.552779,inside,False,True,51.1009,8.42065,10,93,3604,0.552779,1,6.5,51,6.5,51,70,75,70,75,70,75,70,75,-12,hypo,-1.905,True,0.305,,2.5-5,True,False,True,False,,,,,21,26,21,26,21,26,21,26,0.3,0.25,0.3,0.25
PanTS_00008392,1,0,train,Venous,1.5,1.5,1.5,2,1.5,1470,4961.25,27.4135,20-40,False,1,True,-26,hypoattenuating,0.768485,True,head,mask_ring,0.187679,inside,False,True,1.5,10.5804,10,133,1470,0.187679,1,91.5,36.5,91.5,36.5,81.5,100,81.5,100,81.5,100,81.5,100,-32,hypo,-2.298,False,0.465,,<=1.5,True,False,True,False,2,13,2,13,2,1,2,1,2,1,2,1,0.185,0,0.185,0
PanTS_00008407,1,2,train,Non-contrast,0.673828,0.673828,0.8,2,0.8,8585,3118.38,28.4865,20-40,False,3,True,9,isoattenuating,0,False,head,mask_ring,0.0568857,inside,False,False,,9.06317,10,88,1716,0.0568857,1,35,6,35,6,14,4.5,14,4.5,14,4.5,14,4.5,10,iso,0.2493,True,0.94,,<=1.5,False,False,False,False,27,,27,,,,,,,,,,0.86,0.955,0.86,0.955
PanTS_00008407,2,2,train,Non-contrast,0.673828,0.673828,0.8,2,0.8,7180,2608.03,25.0336,20-40,False,3,False,-3,isoattenuating,0,False,head,mask_ring,0.13006,inside,False,False,,8.53902,10,76,1716,0.13006,1,12,14,12,14,100,7,100,7,100,7,100,7,-3,iso,-0.07479,True,0.815,,<=1.5,False,False,False,False,,48,,48,3,,3,,3,,3,,0,0.93,0,0.93
PanTS_00008407,3,2,train,Non-contrast,0.673828,0.673828,0.8,2,0.8,24,8.71765,2.83376,<5,False,3,False,-21,hypoattenuating,0,False,head,mask_ring,0.18215,embedded,False,False,,1.27674,6,0,1716,0.18215,1,,,,,,,,,,,,,-21,hypo,-0.5235,True,0.6,,<=1.5,False,False,False,False,,,,,,,,,,,,,,,,
PanTS_00008408,1,0,train,Venous,0.689453,0.689453,5,2,5,2433,5782.58,51.1636,>=40,False,2,True,-18,hypoattenuating,0,False,tail,mask_ring,0.739433,inside,False,True,11.8015,11.1347,10,173,1541,0.739433,0.977394,50.5,9.5,50.5,9.5,32,2,32,2,32,2,32,2,-24,hypo,-3.016,True,0.905,44,2.5-5,True,False,False,True,13,25,13,25,28,43,28,43,28,43,28,43,0.68,0.98,0.68,0.98
PanTS_00008408,2,0,train,Venous,0.689453,0.689453,5,2,5,381,905.533,26.4394,20-40,False,2,False,-12,hypoattenuating,0,False,body,mask_ring,0.759014,inside,False,True,21.2223,6.00167,6,27,1541,0.759014,0.598425,55,78.5,55,78.5,91.5,27.5,91.5,27.5,55,78.5,55,78.5,-10,iso,-1.257,True,0.68,,2.5-5,True,False,False,False,47,,47,,8,,8,,47,,47,,0.45,0.215,0.45,0.215
PanTS_00008428,1,4,train,Venous,0.794922,0.794922,2.5,2,2.5,2723,4301.67,36.2367,20-40,False,1,True,-2,isoattenuating,0.510125,True,head,mask_ring,0.314787,inside,False,True,2.38477,10.089,10,128,2278,0.314787,1,93,85.5,93,85.5,83.5,93,83.5,93,83.5,93,83.5,93,-6,iso,-0.3291,False,0.14,4,1.5-2.5,True,False,False,False,3,4,3,4,4,2,4,2,4,2,4,2,0.165,0.07,0.165,0.07
PanTS_00008434,1,1,train,Arterial,0.785156,0.785156,5,2,5,2988,9210.07,40.8894,>=40,False,1,True,8,isoattenuating,0.168557,True,head,mask_ring,0.138093,inside,False,True,13.0098,13.0034,10,233,795,0.138093,0.993976,100,100,100,100,100,36,100,36,100,36,100,36,13,hyper,2.451,False,0.995,,2.5-5,True,False,False,True,1,1,1,1,1,8,1,8,1,8,1,8,0,0.64,0,0.64
PanTS_00008445,1,0,train,Venous,0.705078,0.705078,2.5,2,2.5,760,944.557,20.7438,20-40,False,1,True,-10,isoattenuating,0.375675,True,body,mask_ring,0.0548959,inside,False,True,0.705078,6.08667,6,39,1103,0.0548959,1,60.5,64.5,60.5,64.5,21,88,21,88,60.5,64.5,60.5,64.5,-15.5,hypo,-2.125,False,0.97,,1.5-2.5,True,False,True,False,,,,,30,,30,,,,,,0.395,0.355,0.395,0.355
PanTS_00008451,1,0,train,Non-contrast,0.78125,0.78125,0.8,2,0.8,56,27.3438,4.58463,<5,False,10,False,-37.5,hypoattenuating,0,False,head,mask_ring,0.0562208,embedded,False,True,28.4531,1.86892,6,2,2936,0.0562208,1,92,96.5,92,96.5,79,84.5,79,84.5,92,96.5,92,96.5,-36,hypo,-1.751,True,0.5,,<=1.5,False,False,False,False,,,,,,,,,,,,,0.08,0.035,0.08,0.035
PanTS_00008451,2,0,train,Non-contrast,0.78125,0.78125,0.8,2,0.8,12,5.85938,2.94339,<5,True,10,False,-51.5,hypoattenuating,0,False,head,pc1_boundary,0.0781517,embedded,False,True,17.0078,1.11838,6,1,2936,0.0781517,1,55.5,70.5,55.5,70.5,85.5,94.5,85.5,94.5,55.5,70.5,55.5,70.5,-51.5,hypo,-2.506,True,0.23,,<=1.5,False,False,False,False,,,,,,,,,,,,,0.445,0.295,0.445,0.295
PanTS_00008451,3,0,train,Non-contrast,0.78125,0.78125,0.8,2,0.8,8,3.90625,2.52396,<5,True,10,False,-0.5,isoattenuating,0,False,head,pc1_boundary,0.125766,embedded,False,True,1.10485,0.976991,6,2,2936,0.125766,1,38,42.5,38,42.5,6.5,38,6.5,38,38,42.5,38,42.5,-0.5,iso,-0.02433,True,0.71,,<=1.5,False,False,False,False,,,,,,,,,,,,,0.62,0.575,0.62,0.575
PanTS_00008451,4,0,train,Non-contrast,0.78125,0.78125,0.8,2,0.8,1146,559.57,18.0879,10-20,False,10,True,-10,isoattenuating,0.26188,True,head,pc1_boundary,0.166162,embedded,False,True,1.92139,5.11197,6,27,2936,0.166162,1,62,53.5,62,53.5,59,73.5,59,73.5,62,53.5,62,53.5,-13,hypo,-0.6325,False,0.66,,<=1.5,False,False,False,False,49,,49,,,,,,49,,49,,0.38,0.465,0.38,0.465
PanTS_00008451,5,0,train,Non-contrast,0.78125,0.78125,0.8,2,0.8,20,9.76563,3.26233,<5,False,10,False,-33.5,hypoattenuating,0,False,body,pc1_boundary,0.619598,separated,True,True,87.2054,1.32598,6,0,2936,0.619598,0,,,,,,,,,,,,,-33.5,hypo,-1.63,True,,,<=1.5,False,False,False,False,,,,,,,,,,,,,,,,
PanTS_00008451,6,0,train,Non-contrast,0.78125,0.78125,0.8,2,0.8,746,364.258,23.7961,20-40,False,10,False,-9,isoattenuating,0,False,body,mask_ring,0.645562,embedded,False,True,67.1281,4.43037,6,25,2936,0.645562,0.987936,63.5,38,63.5,38,84.5,22,84.5,22,63.5,38,63.5,38,-9,iso,-0.4379,True,0.68,,<=1.5,False,False,False,False,46,,46,,,,,,46,,46,,0.365,0.62,0.365,0.62
PanTS_00008451,7,0,train,Non-contrast,0.78125,0.78125,0.8,2,0.8,12,5.85938,3.26233,<5,True,10,False,3.5,isoattenuating,0,False,body,mask_ring,0.593339,embedded,False,True,67.8744,1.11838,6,0,2936,0.593339,1,,,,,,,,,,,,,3.5,iso,0.1703,True,0.885,,<=1.5,False,False,False,False,,,,,,,,,,,,,,,,
PanTS_00008451,8,0,train,Non-contrast,0.78125,0.78125,0.8,2,0.8,4,1.95313,2.4,<5,True,10,False,-21.5,hypoattenuating,0,False,body,mask_ring,0.623125,embedded,False,True,73.3169,0.775438,6,1,2936,0.623125,1,4,22,4,22,7,29.5,7,29.5,4,22,4,22,-21.5,hypo,-1.046,True,0.795,,<=1.5,False,False,False,False,,,,,,,,,,,,,0.96,0.78,0.96,0.78
PanTS_00008451,9,0,train,Non-contrast,0.78125,0.78125,0.8,2,0.8,4,1.95313,2.4,<5,True,10,False,-18,hypoattenuating,0,False,body,mask_ring,0.63913,embedded,False,True,75.7289,0.775438,6,1,2936,0.63913,1,16.5,11.5,16.5,11.5,59.5,38,59.5,38,16.5,11.5,16.5,11.5,-18,hypo,-0.8757,True,0.665,,<=1.5,False,False,False,False,,,,,,,,,,,,,0.835,0.885,0.835,0.885
PanTS_00008451,10,0,train,Non-contrast,0.78125,0.78125,0.8,2,0.8,16,7.8125,4.09223,<5,True,10,False,-2.5,isoattenuating,0,False,tail,mask_ring,0.665472,embedded,False,True,78.1679,1.23093,6,1,2936,0.665472,1,24.5,10,24.5,10,70.5,31,70.5,31,24.5,10,24.5,10,-2.5,iso,-0.1216,True,0.605,,<=1.5,False,False,False,False,,,,,,,,,,,,,0.755,0.9,0.755,0.9
PanTS_00008473,1,3,train,Venous,0.662109,0.662109,2.5,2,2.5,9221,10105.9,36.9658,20-40,False,1,True,-77,hypoattenuating,0.732938,True,head,mask_ring,0.154522,inside,False,True,0.662109,13.4121,10,247,1215,0.154522,1,71,100,71,100,100,100,100,100,100,100,100,100,-81,hypo,-6.604,False,0,24,1.5-2.5,True,False,True,False,6,15,6,15,13,6,13,6,13,6,13,6,0,0,0,0
PanTS_00008475,1,2,train,Venous,0.9375,0.9375,5,2,5,509,2236.82,22.3825,20-40,False,1,True,-29,hypoattenuating,0.736927,True,body,mask_ring,0.444775,inside,False,False,,8.11298,10,65,2606,0.444775,1,24,8,24,8,44,36.5,44,36.5,44,36.5,44,36.5,-20,hypo,-1.588,False,0.99,,2.5-5,True,False,True,False,,,,,,,,,,,,,0.56,0.635,0.56,0.635
PanTS_00008476,1,3,train,Arterial,0.736328,0.736328,2.5,2,2.5,3263,4422.82,32.1799,20-40,False,1,True,-12,hypoattenuating,0.610925,True,head,mask_ring,0.142703,inside,False,True,0.736328,10.1829,10,131,1009,0.142703,1,76,47,76,47,38.5,30,38.5,30,38.5,30,38.5,30,-10,iso,-0.4945,False,0.475,,1.5-2.5,True,False,False,False,5,11,5,11,12,38,12,38,12,38,12,38,0.615,0.7,0.615,0.7
PanTS_00008480,1,3,train,Venous,0.732422,0.732422,5,2,5,907,2432.76,22.7454,20-40,False,1,True,1,isoattenuating,0,False,head,mask_ring,0.490008,inside,False,True,10.8738,8.34329,10,49,1369,0.490008,0.871003,38.5,94,38.5,94,22.5,56.5,22.5,56.5,22.5,56.5,22.5,56.5,-2,iso,-0.1885,True,0.735,,2.5-5,True,False,False,False,21,,21,,22,29,22,29,22,29,22,29,0.775,0.435,0.775,0.435
PanTS_00008512,1,1,train,Non-contrast,0.714844,0.714844,5,2,5,14869,37990.4,56.2721,>=40,False,2,True,6,isoattenuating,0.844527,True,head,mask_ring,0.178173,inside,False,True,0.714844,20.8543,10,780,559,0.178173,1,,,,,,,,,,,,,10,iso,1.257,False,0.05,23,2.5-5,False,False,False,False,5,14,5,14,6,7,6,7,6,7,6,7,,,,
PanTS_00008512,2,1,train,Non-contrast,0.714844,0.714844,5,2,5,131,334.706,12.0239,10-20,False,2,False,-3,isoattenuating,0,False,tail,mask_ring,0.735395,inside,False,True,0.714844,4.30717,6,18,559,0.735395,1,81.5,5,81.5,5,77,39,77,39,81.5,5,81.5,5,-9,iso,-1.131,True,0.935,,2.5-5,False,False,False,False,13,,13,,,,,,13,,13,,0.185,0.95,0.185,0.95
PanTS_00008540,1,3,train,Venous,0.644531,0.644531,2.5,2,2.5,2856,2966.1,28.6916,20-40,False,1,True,-77,hypoattenuating,0,False,head,mask_ring,0.161291,inside,False,True,0,8.91317,10,101,1946,0.161291,1,79.5,24.5,79.5,24.5,93.5,98.5,93.5,98.5,93.5,98.5,93.5,98.5,-90,hypo,-10.05,True,0.825,,1.5-2.5,True,False,True,False,9,44,9,44,,,,,,,,,0.065,0.015,0.065,0.015
PanTS_00008546,1,3,train,Venous,0.859375,0.859375,2.5,2,2.5,8293,15311.5,43.4182,>=40,False,1,True,18,hyperattenuating,0.824336,True,head,mask_ring,0.182625,inside,False,True,2.5,15.4043,10,365,1455,0.182625,1,0.5,33.5,0.5,33.5,73.5,51.5,73.5,51.5,73.5,51.5,73.5,51.5,14,hyper,0.6923,False,0.51,10,1.5-2.5,True,False,False,True,20,7,20,7,4,7,4,7,4,7,4,7,0.265,0.485,0.265,0.485
PanTS_00008574,1,0,train,Non-contrast,0.625,0.625,0.8,2,0.8,15839,4949.69,31.4369,20-40,False,1,True,-1,isoattenuating,0.513598,True,head,mask_ring,0.113187,inside,False,True,18.45,10.5721,10,147,1101,0.113187,1,38.5,19.5,38.5,19.5,11.5,74.5,11.5,74.5,11.5,74.5,11.5,74.5,0,iso,0,False,0.83,29,<=1.5,False,False,False,False,10,34,10,34,32,23,32,23,32,23,32,23,0.885,0.255,0.885,0.255
PanTS_00008577,1,2,train,Non-contrast,0.699219,0.699219,1,2,1,681,332.946,11.7655,10-20,False,1,True,0,isoattenuating,0,False,head,mask_ring,0.15825,embedded,False,True,71.1694,4.2996,6,18,2091,0.15825,1,33.5,57.5,33.5,57.5,65,27.5,65,27.5,33.5,57.5,33.5,57.5,5,iso,0.1934,True,0.825,,<=1.5,False,False,False,False,,45,,45,35,,35,,,45,,45,0.665,0.425,0.665,0.425
PanTS_00008581,1,3,train,Venous,0.78125,0.78125,0.7,2,0.7,2679,1144.59,18.0129,10-20,False,1,True,-22,hypoattenuating,0.680804,True,head,mask_ring,0.195961,inside,False,True,3.5,6.48914,6,44,1527,0.195961,1,5,7,5,7,52.5,27,52.5,27,5,7,5,7,-22,hypo,-0.7628,False,0.435,,<=1.5,True,True,False,False,,,,,,43,,43,,,,,0.95,0.93,0.95,0.93
PanTS_00008601,1,1,train,Venous,0.816406,0.816406,5,2,5,2923,9741.17,38.1787,20-40,False,1,True,-77,hypoattenuating,0,False,tail,mask_ring,0.892063,inside,False,True,3.36613,13.2487,10,240,1284,0.892063,1,68,79,68,79,100,43.5,100,43.5,100,43.5,100,43.5,-84,hypo,-9.384,True,0.985,,2.5-5,True,False,True,False,2,2,2,2,1,4,1,4,1,4,1,4,0,0.565,0,0.565
PanTS_00008628,1,1,train,Non-contrast,0.685547,0.685547,0.8,2,0.8,8951,3365.39,32.23,20-40,False,2,True,-15,hypoattenuating,0.000486796,True,head,mask_ring,0.11582,inside,False,True,41.8025,9.29642,10,99,2768,0.11582,1,46,74.5,46,74.5,63,72,63,72,63,72,63,72,-15,hypo,-0.5801,False,0.92,,<=1.5,False,False,False,False,31,16,31,16,20,13,20,13,20,13,20,13,0.37,0.28,0.37,0.28
PanTS_00008628,2,1,train,Non-contrast,0.685547,0.685547,0.8,2,0.8,59,22.1828,5.57042,5-10,False,2,False,3,isoattenuating,0,False,tail,mask_ring,0.854647,inside,False,True,39.2239,1.74305,6,2,2768,0.854647,1,70,75.5,70,75.5,29,63,29,63,70,75.5,70,75.5,11.5,hyper,0.4447,True,1,,<=1.5,False,False,False,False,,,,,,,,,,,,,0.3,0.245,0.3,0.245
PanTS_00008633,1,3,train,Venous,0.742188,0.742188,1.25,2,1.25,10148,6987.44,29.0218,20-40,False,1,True,-24,hypoattenuating,0.684001,True,body,mask_ring,0.644594,inside,False,True,40.8063,11.8598,10,167,2181,0.644594,0.999901,65,5.5,65,5.5,27,4,27,4,27,4,27,4,-33,hypo,-1.778,False,0.895,,<=1.5,True,False,True,False,12,50,12,50,24,,24,,24,,24,,0.73,0.96,0.73,0.96
PanTS_00008636,1,1,train,Venous,0.888672,0.888672,2.5,2,2.5,265,523.201,19.12,10-20,False,3,False,-16,hypoattenuating,0,False,head,mask_ring,0.178735,separated,True,True,24.7475,4.99873,6,2,2314,0.178735,0,76,74.5,76,74.5,41.5,30,41.5,30,76,74.5,76,74.5,-20.5,hypo,-1.767,True,1,,1.5-2.5,True,True,False,False,,,,,,,,,,,,,0.24,0.255,0.24,0.255
PanTS_00008636,2,1,train,Venous,0.888672,0.888672,2.5,2,2.5,1426,2815.41,25.6309,20-40,False,3,True,-4,isoattenuating,0.032134,True,head,mask_ring,0.27817,abutting,False,True,27.9875,8.75961,10,63,2314,0.27817,0.743338,33.5,76.5,33.5,76.5,59.5,97,59.5,97,59.5,97,59.5,97,-2,iso,-0.1724,False,0.825,,1.5-2.5,True,False,False,False,40,13,40,13,14,3,14,3,14,3,14,3,0.405,0.03,0.405,0.03
PanTS_00008636,3,1,train,Venous,0.888672,0.888672,2.5,2,2.5,406,801.584,14.7269,10-20,False,3,False,-25,hypoattenuating,0,False,body,mask_ring,0.483742,inside,False,True,23.8659,5.76262,6,22,2314,0.483742,0.891626,28.5,39,28.5,39,38.5,43.5,38.5,43.5,28.5,39,28.5,39,-24,hypo,-2.068,True,0.85,,1.5-2.5,True,True,False,False,,,,,,,,,,,,,0.715,0.61,0.715,0.61
PanTS_00008646,1,0,train,Delay,1.5,1.5,1.5,2,1.5,1663,5612.62,32.4846,20-40,False,1,True,-35,hypoattenuating,0.326833,True,head,pc1_boundary,0.322233,separated,True,True,23.7171,11.0245,10,0,1204,0.322233,0,,,,,,,,,,,,,-32,hypo,-0.4161,False,,,<=1.5,True,False,True,False,,,,,,,,,,,,,,,,
PanTS_00008650,1,3,train,Venous,0.673828,0.673828,2.5,2,2.5,7482,8492.9,36.7337,20-40,False,1,True,52,hyperattenuating,0.60436,True,head,mask_ring,0.159171,inside,False,True,0,12.6568,10,210,803,0.159171,1,0,3.5,0,3.5,51.5,13,51.5,13,51.5,13,51.5,13,47,hyper,4.889,False,0.32,6,1.5-2.5,True,False,True,False,29,10,29,10,10,19,10,19,10,19,10,19,0.485,0.87,0.485,0.87
PanTS_00008658,1,4,train,Non-contrast,0.703125,0.703125,0.8,2,0.8,17294,6839.91,58.5708,>=40,False,7,True,-2,isoattenuating,0.0664465,True,head,mask_ring,0.0361817,embedded,False,False,,11.7757,10,137,920,0.0361817,0.645773,0,100,0,100,89,100,89,100,89,100,89,100,-4,iso,-0.208,False,0.28,9,<=1.5,False,False,False,False,46,45,46,45,2,30,2,30,2,30,2,30,0.11,0,0.11,0
PanTS_00008658,2,4,train,Non-contrast,0.703125,0.703125,0.8,2,0.8,502,198.545,12.1527,10-20,False,7,False,-10,isoattenuating,0.0390521,True,head,mask_ring,0.0432656,inside,False,False,,3.61901,6,14,920,0.0432656,1,86.5,19,86.5,19,45.5,13,45.5,13,86.5,19,86.5,19,-5,iso,-0.26,False,0.865,,<=1.5,False,False,False,False,10,,10,,43,,43,,10,,10,,0.135,0.81,0.135,0.81
PanTS_00008658,3,4,train,Non-contrast,0.703125,0.703125,0.8,2,0.8,14,5.53711,5.05093,5-10,True,7,False,-17,hypoattenuating,0,False,head,mask_ring,0.323143,abutting,False,False,,1.09748,6,1,920,0.323143,1,9,17.5,9,17.5,9,4,9,4,9,17.5,9,17.5,-17,hypo,-0.8841,True,0.905,,<=1.5,False,False,False,False,,,,,,,,,,,,,0.91,0.825,0.91,0.825
PanTS_00008658,4,4,train,Non-contrast,0.703125,0.703125,0.8,2,0.8,12,4.74609,2.78164,<5,True,7,False,-1,isoattenuating,0,False,head,pc1_boundary,0.3631,abutting,False,False,,1.04252,6,0,920,0.3631,1,,,,,,,,,,,,,-1,iso,-0.05201,True,,,<=1.5,False,False,False,False,,,,,,,,,,,,,,,,
PanTS_00008658,5,4,train,Non-contrast,0.703125,0.703125,0.8,2,0.8,77,30.4541,8.88288,5-10,False,7,False,8,isoattenuating,0,False,head,mask_ring,0.358913,abutting,False,False,,1.93725,6,3,920,0.358913,1,28.5,10.5,28.5,10.5,7,14,7,14,28.5,10.5,28.5,10.5,7.5,iso,0.3901,True,0.645,,<=1.5,False,False,False,False,,,,,,,,,,,,,0.715,0.895,0.715,0.895
PanTS_00008658,6,4,train,Non-contrast,0.703125,0.703125,0.8,2,0.8,4,1.58203,2.4,<5,True,7,False,13.5,hyperattenuating,0,False,head,mask_ring,0.183769,abutting,False,False,,0.72284,6,0,920,0.183769,1,,,,,,,,,,,,,13.5,hyper,0.7021,True,0.76,,<=1.5,False,False,False,False,,,,,,,,,,,,,,,,
PanTS_00008658,7,4,train,Non-contrast,0.703125,0.703125,0.8,2,0.8,8,3.16406,2.59784,<5,True,7,False,11,hyperattenuating,0,False,head,pc1_boundary,0.199729,separated,True,False,,0.910721,6,0,920,0.199729,1,,,,,,,,,,,,,11,hyper,0.5721,True,,,<=1.5,False,False,False,False,,,,,,,,,,,,,,,,
PanTS_00008662,1,4,train,Venous,0.779297,0.779297,2.5,2,2.5,5093,7732.5,32.313,20-40,False,1,True,-9,isoattenuating,0.846072,True,body,mask_ring,0.580302,inside,False,True,2.61865,12.2672,10,196,1272,0.580302,1,49,90,49,90,77,67.5,77,67.5,77,67.5,77,67.5,-9,iso,-0.5221,False,0.715,,1.5-2.5,True,False,False,False,8,8,8,8,5,10,5,10,5,10,5,10,0.23,0.325,0.23,0.325
PanTS_00008673,1,0,train,Venous,0.921875,0.921875,4.00003,2,4.00003,2828,9613.62,39.5738,20-40,False,1,True,10,isoattenuating,0.630549,True,head,mask_ring,0.210913,inside,False,True,5.44039,13.1906,10,232,1323,0.210913,1,83,0,83,0,52.5,0,52.5,0,52.5,0,52.5,0,10,iso,1.005,False,0.685,,2.5-5,True,False,False,False,4,45,4,45,7,33,7,33,7,33,7,33,0.475,1,0.475,1
PanTS_00008691,1,0,train,Venous,0.662,0.662,5,2,5,18293,40084,87.5837,>=40,False,2,True,-1,isoattenuating,0,False,tail,mask_ring,0.714623,abutting,False,True,20.1359,21.2305,10,425,882,0.714623,0.434155,3.5,0,3.5,0,0,1,0,1,0,1,0,1,-1,iso,-0.1885,True,0.975,,2.5-5,True,False,False,False,14,25,14,25,9,16,9,16,9,16,9,16,1,0.99,1,0.99
PanTS_00008691,2,0,train,Venous,0.662,0.662,5,2,5,1414,3098.39,31.0377,20-40,False,2,False,-11,hypoattenuating,0,False,head,mask_ring,0.0994858,inside,False,True,10.5336,9.04376,10,86,882,0.0994858,1,49.5,19.5,49.5,19.5,43,30,43,30,43,30,43,30,-13,hypo,-2.451,True,0.96,,2.5-5,True,False,True,False,,,,,,,,,,,,,0.57,0.7,0.57,0.7
PanTS_00008699,1,0,train,Arterial,1,1,1,2,1,549,549,19.8242,10-20,False,1,True,-27.0085,hypoattenuating,0,False,head,mask_ring,0.330928,inside,False,True,13.4536,5.07958,6,26,3664,0.330928,1,98.5,86,98.5,86,100,92,100,92,98.5,86,98.5,86,-26.49,hypo,-3.077,True,0.29,,<=1.5,True,True,False,False,5,,5,,3,23,3,23,5,,5,,0.015,0.14,0.015,0.14
PanTS_00008701,1,2,train,Venous,0.675781,0.675781,3.5,2,3.5,1527,2440.73,22.935,20-40,False,1,True,8,isoattenuating,0,False,tail,mask_ring,0.772064,inside,False,True,38.0593,8.35238,10,74,1511,0.772064,1,100,100,100,100,100,100,100,100,100,100,100,100,7,iso,0.6033,True,0.675,,2.5-5,True,False,False,False,1,1,1,1,1,1,1,1,1,1,1,1,0,0,0,0
PanTS_00008711,1,3,train,Venous,0.960938,0.960938,2.5,2,2.5,4812,11108.5,37.1754,20-40,False,1,True,44,hyperattenuating,0.139362,True,head,mask_ring,0.107362,inside,False,True,26.1553,13.8417,10,270,2248,0.107362,1,100,100,100,100,100,100,100,100,100,100,100,100,46,hyper,2.168,False,0.055,3,1.5-2.5,True,False,True,False,3,3,3,3,4,3,4,3,4,3,4,3,0,0,0,0
PanTS_00008721,1,2,train,Venous,0.820312,0.820312,2.5,2,2.5,1186,1995.18,23.6785,20-40,False,1,True,-45,hypoattenuating,0.179894,True,head,mask_ring,0.171001,inside,False,True,0,7.80965,6,64,1677,0.171001,1,87,64.5,87,64.5,59,44,59,44,87,64.5,87,64.5,-50,hypo,-2.957,False,0.93,,1.5-2.5,True,False,True,False,13,20,13,20,17,36,17,36,13,20,13,20,0.13,0.355,0.13,0.355
PanTS_00008722,1,0,train,Venous,0.654297,0.654297,5,2,5,1211,2592.17,22.5557,20-40,False,1,True,-9,isoattenuating,0,False,tail,mask_ring,0.734475,inside,False,False,,8.52168,10,76,1923,0.734475,1,71,38.5,71,38.5,46.5,77,46.5,77,46.5,77,46.5,77,-4,iso,-0.5746,True,0.44,23,2.5-5,True,False,False,False,11,,11,,20,12,20,12,20,12,20,12,0.535,0.23,0.535,0.23
PanTS_00008724,1,2,train,Venous,0.632812,0.632812,5,2,5,4509,9028.17,63.9445,>=40,False,1,True,-7,isoattenuating,0,False,tail,mask_ring,0.937228,inside,False,True,10.257,12.9173,10,198,1562,0.937228,0.843646,30,53.5,30,53.5,51,53.5,51,53.5,51,53.5,51,53.5,-4,iso,-0.6703,True,0.5,49,2.5-5,True,False,False,False,9,8,9,8,5,5,5,5,5,5,5,5,0.49,0.465,0.49,0.465
PanTS_00008726,1,3,train,Venous,0.740234,0.740234,2.5,2,2.5,1823,2497.27,22.5426,20-40,False,1,True,4,isoattenuating,0,False,head,mask_ring,0.0881804,inside,False,True,15,8.41638,10,76,1125,0.0881804,1,5.5,3,5.5,3,84.5,7,84.5,7,84.5,7,84.5,7,9,iso,0.5122,True,0.945,,1.5-2.5,True,False,False,False,24,45,24,45,3,,3,,3,,3,,0.155,0.93,0.155,0.93
PanTS_00008727,1,3,train,Venous,0.767578,0.767578,2.5,2,2.5,15064,22188.4,46.6079,>=40,False,1,True,39,hyperattenuating,0.83392,True,head,mask_ring,0.203834,inside,False,True,0.767578,17.4319,10,498,1384,0.203834,1,73.5,74.5,73.5,74.5,47,100,47,100,47,100,47,100,34,hyper,2.331,False,0.165,29,1.5-2.5,True,False,False,True,8,,8,,10,,10,,10,,10,,0.53,0,0.53,0
PanTS_00008743,1,4,train,Venous,0.773438,0.773438,2.5,2,2.5,3584,5359.93,27.9825,20-40,False,1,True,-63,hypoattenuating,0,False,body,mask_ring,0.58564,inside,False,True,0,10.8565,10,147,1184,0.58564,1,70,0,70,0,0,7,0,7,0,7,0,7,-73,hypo,-6.476,True,0.925,,1.5-2.5,True,False,True,False,8,46,8,46,31,,31,,31,,31,,1,0.93,1,0.93
PanTS_00008763,1,4,train,Venous,0.810547,0.810547,2.5,2,2.5,7806,12821.1,35.2555,20-40,False,1,True,-4,isoattenuating,0.875764,True,head,mask_ring,0.278528,inside,False,True,2.97959,14.5193,10,290,1263,0.278528,1,17,7,17,7,48.5,9.5,48.5,9.5,48.5,9.5,48.5,9.5,-8,iso,-0.635,False,0.725,,1.5-2.5,True,False,False,False,17,17,17,17,4,23,4,23,4,23,4,23,0.515,0.905,0.515,0.905
PanTS_00008769,1,4,train,Arterial,0.976562,0.976562,0.8,2,0.8,2655,2025.6,20.427,20-40,False,1,True,-2,isoattenuating,0,False,body,mask_ring,0.383566,inside,False,True,11.4152,7.84914,6,70,2047,0.383566,1,47,59,47,59,61,36.5,61,36.5,47,59,47,59,4,iso,0.07402,True,0.425,14,<=1.5,True,False,False,False,26,20,26,20,13,26,13,26,26,20,26,20,0.53,0.41,0.53,0.41
PanTS_00008789,1,3,train,Venous,0.898438,0.898438,2.5,2,2.5,791,1596.22,18.2931,10-20,False,1,True,10,isoattenuating,0.512068,True,head,mask_ring,0.208471,inside,False,True,11.6797,7.24994,6,55,1889,0.208471,1,90.5,17,90.5,17,100,69.5,100,69.5,90.5,17,90.5,17,-1,iso,-0.06855,False,1,,1.5-2.5,True,False,False,False,7,,7,,1,15,1,15,7,,7,,0.095,0.83,0.095,0.83
PanTS_00008811,1,3,train,Venous,0.779297,0.779297,2.5,2,2.5,632,959.54,15.1746,10-20,False,1,True,4,isoattenuating,0.156676,True,head,mask_ring,0.215838,inside,False,True,7.89449,6.11869,6,33,564,0.215838,1,24,17,24,17,7.5,9.5,7.5,9.5,24,17,24,17,3,iso,0.2585,False,0.24,,1.5-2.5,True,False,False,False,31,,31,,,,,,31,,31,,0.76,0.83,0.76,0.83
PanTS_00008818,1,2,train,Venous,0.888672,0.888672,5,2,5,4590,18124.5,57.458,>=40,False,1,True,23,hyperattenuating,0.254263,True,head,mask_ring,,inside,False,True,26.5953,16.2952,10,440,330,,1,,,,,,,,,,,,,31,hyper,3.896,False,0.575,34,2.5-5,True,False,False,True,6,9,6,9,13,8,13,8,13,8,13,8,,,,
PanTS_00008837,1,4,train,Non-contrast,0.703125,0.703125,0.8,2,0.8,1022,404.209,15.1087,10-20,False,1,True,-2,isoattenuating,0,False,head,mask_ring,0.0792534,abutting,False,False,,4.58676,6,8,1247,0.0792534,0.497065,61,70,61,70,69,92,69,92,61,70,61,70,0.5,iso,0.02095,True,0.96,,<=1.5,False,False,False,False,,,,,,20,,20,,,,,0.39,0.3,0.39,0.3
PanTS_00008839,1,1,train,Non-contrast,0.703125,0.703125,0.8,2,0.8,21308,8427.48,31.9651,20-40,False,1,True,4,isoattenuating,0.105213,True,head,mask_ring,0.218971,inside,False,True,8.07371,12.6242,10,195,1003,0.218971,0.977379,77.5,69.5,77.5,69.5,77,69.5,77,69.5,77,69.5,77,69.5,4,iso,0.1341,False,0.51,10,<=1.5,False,False,False,False,2,3,2,3,3,4,3,4,3,4,3,4,0.23,0.305,0.23,0.305
PanTS_00008854,1,4,train,Venous,0.933594,0.933594,0.7,2,0.7,6668,4068.27,27.7232,20-40,False,1,True,-25,hypoattenuating,0,False,head,mask_ring,0.180466,abutting,False,True,7.30585,9.90316,10,65,1946,0.180466,0.556539,7,0.5,7,0.5,17.5,1,17.5,1,17.5,1,17.5,1,-23,hypo,-1.476,True,0.99,,<=1.5,True,False,True,False,,,,,43,,43,,43,,43,,0.825,0.99,0.825,0.99
PanTS_00008885,1,1,train,Venous,0.818359,0.818359,2.5,2,2.5,1146,1918.73,21.1714,20-40,False,2,True,7,isoattenuating,0,False,head,pc1_boundary,0.341793,separated,True,True,40.8841,7.70859,6,0,3486,0.341793,0,,,,,,,,,,,,,9,iso,0.8227,True,,,1.5-2.5,True,False,False,False,,,,,,,,,,,,,,,,
PanTS_00008885,2,1,train,Venous,0.818359,0.818359,2.5,2,2.5,497,832.117,21.4861,20-40,False,2,False,-22,hypoattenuating,0.178473,True,body,mask_ring,0.600336,inside,False,True,69.3342,5.83488,6,36,3486,0.600336,1,37,37.5,37,37.5,41,15,41,15,37,37.5,37,37.5,-3.5,iso,-0.3199,False,0.715,,1.5-2.5,True,False,False,False,,,,,,,,,,,,,0.63,0.625,0.63,0.625
PanTS_00008892,1,1,train,Arterial,0.855469,0.855469,1.25,2,1.25,141079,129057,124.955,>=40,False,1,True,-26,hypoattenuating,0.615074,True,tail,mask_ring,0.649846,inside,False,True,0,31.3495,10,1556,529,0.649846,0.642647,,,,,,,,,,,,,-20,hypo,-0.8044,False,1,3,<=1.5,True,False,False,True,6,2,6,2,4,2,4,2,4,2,4,2,,,,
PanTS_00008913,1,0,train,Venous,0.822266,0.822266,2.5,2,2.5,1035,1749.46,18.6465,10-20,False,1,True,-77,hypoattenuating,0,False,body,mask_ring,0.276727,inside,False,True,1.83864,7.4749,6,56,2332,0.276727,1,92.5,71,92.5,71,90.5,85.5,90.5,85.5,92.5,71,92.5,71,-87,hypo,-5.832,True,0.04,3,1.5-2.5,True,True,False,False,5,19,5,19,4,5,4,5,5,19,5,19,0.075,0.29,0.075,0.29
PanTS_00008922,1,3,train,Venous,1,1,1,2,1,4218,4218,36.4005,20-40,False,2,True,7,isoattenuating,0,False,tail,mask_ring,0.97719,abutting,False,True,25.9422,10.0232,10,10,2616,0.97719,0.0602181,94,50,94,50,89,52.5,89,52.5,89,52.5,89,52.5,8,iso,0.8938,True,1,,<=1.5,True,False,False,False,12,,12,,12,,12,,12,,12,,0.11,0.475,0.11,0.475
PanTS_00008922,2,3,train,Venous,1,1,1,2,1,408,408,15.4272,10-20,False,2,False,0,isoattenuating,0,False,tail,pc1_boundary,0.988651,separated,True,True,38.5876,4.60105,6,0,2616,0.988651,0,,,,,,,,,,,,,4.5,iso,0.5027,True,,,<=1.5,True,False,False,False,,,,,,,,,,,,,,,,
PanTS_00008931,1,2,train,Venous,0.865234,0.865234,2.5,2,2.5,10165,19024.6,42.2754,>=40,False,1,True,-41,hypoattenuating,0.710076,True,head,mask_ring,0.11484,inside,False,True,2.5,16.5606,10,389,593,0.11484,0.968224,100,0,100,0,100,100,100,100,100,100,100,100,-45,hypo,-2.715,False,1,,1.5-2.5,True,False,False,True,1,7,1,7,1,1,1,1,1,1,1,1,0,0,0,0
PanTS_00008942,1,3,train,Arterial,0.976562,0.976562,2.5,2,2.5,6922,16503.3,40.6048,>=40,False,1,True,29,hyperattenuating,0.79176,True,head,mask_ring,0.167367,inside,False,True,4.3183,15.7941,10,376,1601,0.167367,1,9.5,0,9.5,0,32,0,32,0,32,0,32,0,30,hyper,1.483,False,0.825,27,1.5-2.5,True,False,False,True,16,22,16,22,12,39,12,39,12,39,12,39,0.68,1,0.68,1
PanTS_00008954,1,4,train,Venous,0.744141,0.744141,2.5,2,2.5,23651,32741.6,58.6229,>=40,False,1,True,8,isoattenuating,0.65264,True,head,mask_ring,0.177178,inside,False,True,1.48828,19.8459,10,608,568,0.177178,0.909518,,,,,,,,,,,,,10,iso,0.7182,False,1,17,1.5-2.5,True,False,False,False,8,10,8,10,2,5,2,5,2,5,2,5,,,,
PanTS_00008974,1,0,train,Venous,0.703125,0.703125,2.5,2,2.5,4725,5839.92,30.0596,20-40,False,1,True,60,hyperattenuating,0.737448,True,head,mask_ring,0.252338,inside,False,True,2.5,11.1714,10,162,1383,0.252338,1,0.5,12,0.5,12,45.5,19.5,45.5,19.5,45.5,19.5,45.5,19.5,70,hyper,4.309,False,0.685,38,1.5-2.5,True,False,True,False,37,25,37,25,8,23,8,23,8,23,8,23,0.545,0.805,0.545,0.805
PanTS_00008989,1,0,train,Arterial,0.820312,0.820312,1,2,1,14262,9597.08,36.7417,20-40,False,2,True,1,isoattenuating,0.765677,True,head,mask_ring,0.571119,inside,False,True,0.820312,13.1831,10,211,971,0.571119,0.914178,55.5,90.5,55.5,90.5,100,90.5,100,90.5,100,90.5,100,90.5,4,iso,0.2873,False,0.015,2,<=1.5,True,False,False,False,6,6,6,6,1,5,1,5,1,5,1,5,0,0.095,0,0.095
PanTS_00008989,2,0,train,Arterial,0.820312,0.820312,1,2,1,3900,2624.36,20.87,20-40,False,2,False,4,isoattenuating,0.636167,True,tail,mask_ring,0.927851,inside,False,True,0.820312,8.5568,10,77,971,0.927851,1,94.5,91.5,94.5,91.5,83,91.5,83,91.5,83,91.5,83,91.5,6,iso,0.4309,False,0.865,,<=1.5,True,False,False,False,3,27,3,27,4,43,4,43,4,43,4,43,0.17,0.085,0.17,0.085
PanTS_00008994,1,1,train,Venous,0.644531,0.644531,2.5,2,2.5,715,742.564,13.5205,10-20,False,2,False,-35,hypoattenuating,0,False,head,mask_ring,0.0472835,inside,False,True,8.45405,5.61757,6,28,1105,0.0472835,1,0,0,0,0,4.5,0,4.5,0,0,0,0,0,-26,hypo,-2.704,True,0.985,,1.5-2.5,True,True,False,False,,,,,,,,,,,,,1,1,1,1
PanTS_00008994,2,1,train,Venous,0.644531,0.644531,2.5,2,2.5,879,912.886,18.1278,10-20,False,2,True,-9,isoattenuating,0.200308,True,head,mask_ring,0.0588491,embedded,False,True,2.88243,6.01787,6,24,1105,0.0588491,0.749716,69,0,69,0,32,44.5,32,44.5,69,0,69,0,-9,iso,-0.9361,False,1,,1.5-2.5,True,False,False,False,14,,14,,36,,36,,14,,14,,0.31,1,0.31,1
PanTS_00008999,1,3,train,Non-contrast,0.664062,0.664062,2.5,2,2.5,32151,35444.7,75.9028,>=40,False,2,True,4,isoattenuating,0.0315513,True,head,mask_ring,0.207645,inside,False,True,9.98304,20.3777,10,719,344,0.207645,0.930764,,,,,,,,,,,,,6,iso,0.5838,False,1,33,1.5-2.5,False,False,False,False,7,1,7,1,2,3,2,3,2,3,2,3,,,,
PanTS_00008999,2,3,train,Non-contrast,0.664062,0.664062,2.5,2,2.5,3637,4009.6,26.018,20-40,False,2,False,-8,isoattenuating,0.73959,True,body,mask_ring,0.64366,inside,False,True,1.87825,9.85532,10,114,344,0.64366,1,74,0,74,0,100,20,100,20,100,20,100,20,-7,iso,-0.6811,False,0.98,41,1.5-2.5,False,False,False,False,10,25,10,25,1,17,1,17,1,17,1,17,0,0.8,0,0.8
PanTS_00009001,1,4,test,Venous,0.683594,0.683594,2.5,2,2.5,6484,7574.95,33.6631,20-40,False,1,True,-11,hypoattenuating,0.27362,True,tail,mask_ring,0.831925,inside,False,True,44.9425,12.1833,10,194,1360,0.831925,1,27,34,27,34,12,30,12,30,12,30,12,30,-15,hypo,-1.508,False,0.965,,1.5-2.5,True,False,True,False,16,37,16,37,18,17,18,17,18,17,18,17,0.88,0.7,0.88,0.7
PanTS_00009005,1,1,test,Arterial,0.863281,0.863281,2.5,2,2.5,8029,14959.1,37.2868,20-40,False,1,True,-37,hypoattenuating,0.901534,True,body,mask_ring,0.564265,inside,False,True,0.863281,15.2852,10,337,1036,0.564265,1,11.5,5.5,11.5,5.5,41.5,13.5,41.5,13.5,41.5,13.5,41.5,13.5,-47,hypo,-3.731,False,1,45,1.5-2.5,True,False,True,False,3,25,3,25,2,25,2,25,2,25,2,25,0.585,0.865,0.585,0.865
PanTS_00009008,1,3,test,Venous,1.5,1.5,1.5,2,1.5,205,691.875,14.151,10-20,False,1,True,-43,hypoattenuating,0.670623,True,tail,mask_ring,1.00037,inside,False,True,97.2343,5.48672,6,27,1563,1.00037,1,98,89,98,89,84.5,95.5,84.5,95.5,98,89,98,89,-43,hypo,-3.243,False,0.635,,<=1.5,True,True,False,False,3,8,3,8,,6,,6,3,8,3,8,0.02,0.11,0.02,0.11
PanTS_00009009,1,2,test,Venous,0.976562,0.976562,1.5,2,1.5,34302,49069.4,55.9288,>=40,False,1,True,-61,hypoattenuating,0.833368,True,head,mask_ring,0.480537,abutting,False,True,0,22.7112,10,233,559,0.480537,0.211941,30,0,30,0,78.5,0,78.5,0,78.5,0,78.5,0,-75,hypo,-6.284,False,1,30,<=1.5,True,False,False,True,4,30,4,30,2,28,2,28,2,28,2,28,0.215,1,0.215,1
PanTS_00009020,1,0,test,Arterial,0.646484,0.646484,1.5,2,1.5,26089,16355.5,41.4975,>=40,False,1,True,-29,hypoattenuating,0.872927,True,head,mask_ring,0.300663,inside,False,True,0,15.7468,10,346,1366,0.300663,0.956495,82.5,83.5,82.5,83.5,82.5,82,82.5,82,82.5,82,82.5,82,-37,hypo,-5.874,False,0.91,,<=1.5,True,False,False,True,2,2,2,2,2,2,2,2,2,2,2,2,0.175,0.18,0.175,0.18
PanTS_00009037,1,0,test,Non-contrast,0.923828,0.923828,2.5,2,2.5,37832,80720.1,102.315,>=40,False,1,True,7,isoattenuating,0.431518,True,head,mask_ring,0.197627,inside,False,True,0,26.8101,10,1589,1488,0.197627,0.96421,,,,,,,,,,,,,11,hyper,1.106,False,0,1,1.5-2.5,False,False,False,False,2,13,2,13,1,7,1,7,1,7,1,7,,,,
PanTS_00009041,1,0,test,Venous,0.724609,0.724609,2.5,2,2.5,403,528.996,16.3231,10-20,False,3,False,0,isoattenuating,0.226587,True,tail,mask_ring,0.999573,inside,False,True,19.912,5.01712,6,25,1352,0.999573,1,67,38,67,38,66,39.5,66,39.5,67,38,67,38,3,iso,0.2514,False,0.75,,1.5-2.5,True,False,False,False,,,,,,,,,,,,,0.33,0.62,0.33,0.62
PanTS_00009041,2,0,test,Venous,0.724609,0.724609,2.5,2,2.5,5534,7264.18,32.8408,20-40,False,3,True,-21,hypoattenuating,0.813576,True,body,mask_ring,0.0954917,inside,False,True,2.5,12.0143,10,180,1352,0.0954917,1,100,27.5,100,27.5,74,10.5,74,10.5,74,10.5,74,10.5,-34,hypo,-2.849,False,0.41,36,1.5-2.5,True,False,True,False,1,19,1,19,4,34,4,34,4,34,4,34,0.26,0.895,0.26,0.895
PanTS_00009041,3,0,test,Venous,0.724609,0.724609,2.5,2,2.5,251,329.474,11.8759,10-20,False,3,False,1,isoattenuating,0,False,head,mask_ring,0.0694181,abutting,False,True,15.6021,4.28461,6,3,1352,0.0694181,0.0956175,64.5,0,64.5,0,37.5,0,37.5,0,64.5,0,64.5,0,9.5,iso,0.796,True,1,,1.5-2.5,True,False,False,False,,,,,,,,,,,,,0.355,1,0.355,1
PanTS_00009056,1,3,test,Venous,0.867188,0.867188,2.5,2,2.5,732,1376.19,17.9363,10-20,False,2,False,16,hyperattenuating,0,False,tail,mask_ring,0.924163,inside,False,True,10.4175,6.90022,6,48,1219,0.924163,1,38,6.5,38,6.5,99,95.5,99,95.5,38,6.5,38,6.5,17,hyper,1.091,True,0.875,,1.5-2.5,True,True,False,False,,,,,2,3,2,3,,,,,0.62,0.935,0.62,0.935
PanTS_00009056,2,3,test,Venous,0.867188,0.867188,2.5,2,2.5,732,1376.19,18.5636,10-20,False,2,True,13,hyperattenuating,0,False,head,mask_ring,0.118747,inside,False,True,0.867188,6.90022,6,51,1219,0.118747,1,100,0,100,0,32,1,32,1,100,0,100,0,17,hyper,1.091,True,0.915,,1.5-2.5,True,True,False,False,2,,2,,26,,26,,2,,2,,0,1,0,1
PanTS_00009061,1,3,test,Venous,0.800781,0.800781,2.5,2,2.5,2312,3706.43,25.334,20-40,False,1,True,-56,hypoattenuating,0,False,body,mask_ring,0.330859,inside,False,True,2.62512,9.60039,10,99,2385,0.330859,1,80,61.5,80,61.5,64.5,75,64.5,75,64.5,75,64.5,75,-56,hypo,-4.565,True,0.55,,1.5-2.5,True,False,True,False,8,,8,,18,,18,,18,,18,,0.355,0.25,0.355,0.25
PanTS_00009067,1,3,test,Arterial,0.816406,0.816406,2.5,2,2.5,2019,3364.25,21.4992,20-40,False,1,True,5,isoattenuating,0.395004,True,head,mask_ring,0.465873,inside,False,True,0.816406,9.29537,10,94,1103,0.465873,1,13.5,2.5,13.5,2.5,38,11.5,38,11.5,38,11.5,38,11.5,7,iso,0.5557,False,0.71,46,1.5-2.5,True,False,False,False,29,41,29,41,14,45,14,45,14,45,14,45,0.62,0.885,0.62,0.885
PanTS_00009075,1,2,test,Venous,0.8125,0.8125,2.5,2,2.5,19406,32027.5,64.8134,>=40,False,1,True,-15,hypoattenuating,0.623008,True,tail,mask_ring,0.891824,abutting,False,True,24.1697,19.7005,10,556,2022,0.891824,0.824075,100,100,100,100,100,100,100,100,100,100,100,100,-15,hypo,-1.131,False,0,1,1.5-2.5,True,False,False,True,1,1,1,1,1,1,1,1,1,1,1,1,0,0,0,0
PanTS_00009079,1,4,test,Venous,0.914062,0.914062,1.5,2,1.5,1806,2263.39,26.19,20-40,False,1,True,-8,isoattenuating,0.406432,True,tail,mask_ring,0.978127,inside,False,True,87.9775,8.14499,10,70,2725,0.978127,1,11,32,11,32,33.5,7,33.5,7,33.5,7,33.5,7,-9,iso,-0.7756,False,0.765,,<=1.5,True,False,False,False,,45,,45,,,,,,,,,0.665,0.93,0.665,0.93
PanTS_00009084,1,2,test,Venous,0.9375,0.9375,1,2,1,66255,58231.9,59.594,>=40,False,1,True,-29,hypoattenuating,0,False,tail,pc1_boundary,1.19449,separated,True,True,66.4187,24.045,10,0,2643,1.19449,0,,,,,,,,,,,,,-28,hypo,-2.639,True,,,<=1.5,True,False,False,True,,,,,,,,,,,,,,,,
PanTS_00009087,1,0,test,Arterial,0.767578,0.767578,3,2,3,10944,19343.8,39.5698,20-40,False,1,True,-25,hypoattenuating,0.877897,True,head,mask_ring,0.301847,abutting,False,True,7.07672,16.6527,10,2,1164,0.301847,0.00347222,4.5,5,4.5,5,5.5,3,5.5,3,5.5,3,5.5,3,-34,hypo,-3.205,False,1,,2.5-5,True,False,True,False,,,,,,,,,,,,,0.945,0.97,0.945,0.97
PanTS_00009097,1,2,test,Non-contrast,0.636719,0.636719,2.5,2,2.5,31242,31664.6,57.1075,>=40,False,1,True,9,isoattenuating,0.295192,True,head,mask_ring,0.117716,inside,False,True,0,19.6259,10,565,1722,0.117716,0.830645,33,31,33,31,68.5,18.5,68.5,18.5,68.5,18.5,68.5,18.5,10,iso,1.371,False,0.635,5,1.5-2.5,False,False,False,False,14,37,14,37,9,32,9,32,9,32,9,32,0.315,0.815,0.315,0.815
PanTS_00009121,1,1,test,Venous,0.703125,0.703125,5,2,5,16077,39741.1,52.813,>=40,False,1,True,-52,hypoattenuating,0.852106,True,head,mask_ring,0.173069,inside,False,True,0.703125,21.1698,10,873,818,0.173069,0.999502,,,,,,,,,,,,,-64,hypo,-7.425,False,1,14,2.5-5,True,False,False,True,8,4,8,4,3,3,3,3,3,3,3,3,,,,
PanTS_00009127,1,3,test,Venous,0.896484,0.896484,2.5,2,2.5,166,333.529,12.8178,10-20,False,1,True,-78,hypoattenuating,0,False,body,mask_ring,0.560581,inside,False,True,24.2566,4.30211,6,11,1871,0.560581,0.957831,62,60,62,60,85.5,90.5,85.5,90.5,62,60,62,60,-88.5,hypo,-6.067,True,0.365,49,1.5-2.5,True,True,False,False,25,49,25,49,10,19,10,19,25,49,25,49,0.38,0.4,0.38,0.4
PanTS_00009135,1,2,test,Venous,0.722656,0.722656,2.5,2,2.5,2971,3878.88,32.1071,20-40,False,1,True,-79,hypoattenuating,0.517706,True,tail,mask_ring,0.75703,inside,False,True,0,9.74703,10,117,2107,0.75703,1,50,6,50,6,16.5,25,16.5,25,16.5,25,16.5,25,-90.5,hypo,-5.808,False,0.975,,1.5-2.5,True,False,True,False,9,43,9,43,20,17,20,17,20,17,20,17,0.835,0.75,0.835,0.75
PanTS_00009143,1,4,test,Arterial,0.976562,0.976562,5,2,5,3055,14567.4,37.1845,20-40,False,1,True,5,isoattenuating,0.816274,True,tail,mask_ring,0.901008,inside,False,True,74.0593,15.1506,10,340,1617,0.901008,0.998363,63.5,17,63.5,17,0,49,0,49,0,49,0,49,7,iso,0.7281,False,0.96,32,2.5-5,True,False,False,False,4,8,4,8,10,5,10,5,10,5,10,5,1,0.51,1,0.51
PanTS_00009151,1,3,test,Venous,0.791016,0.791016,2.5,2,2.5,1332,2083.6,27.566,20-40,False,1,True,-47,hypoattenuating,0.104584,True,body,mask_ring,0.489801,inside,False,True,0,7.92335,6,74,1770,0.489801,1,95.5,43,95.5,43,39.5,44.5,39.5,44.5,95.5,43,95.5,43,-61,hypo,-3.286,False,0.745,,1.5-2.5,True,False,True,False,2,27,2,27,24,22,24,22,2,27,2,27,0.045,0.57,0.045,0.57
PanTS_00009152,1,0,test,Venous,0.804688,0.804688,2.5,2,2.5,9421,15250.8,37.811,20-40,False,1,True,-12,hypoattenuating,0.808463,True,head,mask_ring,0.0385101,abutting,False,True,5,15.3839,10,53,1082,0.0385101,0.0950005,4,73.5,4,73.5,0,49,0,49,0,49,0,49,-14,hypo,-0.9384,False,0.785,,1.5-2.5,True,False,True,False,42,,42,,41,35,41,35,41,35,41,35,1,0.51,1,0.51
PanTS_00009157,1,3,test,Venous,0.699219,0.699219,2.5,2,2.5,705,861.699,18.5595,10-20,False,1,True,-45,hypoattenuating,0,False,tail,mask_ring,0.857798,inside,False,True,0,5.90322,6,32,1569,0.857798,1,73,35,73,35,22,10,22,10,73,35,73,35,-63,hypo,-5.939,True,0.47,34,1.5-2.5,True,True,False,False,18,38,18,38,,,,,18,38,18,38,0.27,0.65,0.27,0.65
PanTS_00009158,1,4,test,Venous,0.632812,0.632812,1.5,2,1.5,110742,66520.2,85.1952,>=40,False,1,True,-71,hypoattenuating,0.829046,True,tail,mask_ring,0.451577,inside,False,True,0,25.1355,10,1041,184,0.451577,0.813567,,,,,,,,,,,,,-84,hypo,-10.14,False,0.675,10,<=1.5,True,False,False,True,2,2,2,2,2,2,2,2,2,2,2,2,,,,
PanTS_00009161,1,0,test,Arterial,1.5,1.5,1.5,2,1.5,1016,3429,22.9456,20-40,False,1,True,-34,hypoattenuating,0.566287,True,body,mask_ring,0.614819,inside,False,True,10.5,9.35462,10,85,1759,0.614819,0.991142,89,56.5,89,56.5,85.5,13.5,85.5,13.5,85.5,13.5,85.5,13.5,-38,hypo,-1.349,False,0.655,,<=1.5,True,False,True,False,3,17,3,17,2,33,2,33,2,33,2,33,0.145,0.865,0.145,0.865
PanTS_00009168,1,3,test,Venous,0.804688,0.804688,2.5,2,2.5,31645,51227.1,60.9467,>=40,False,1,True,-17,hypoattenuating,0.873131,True,head,mask_ring,0.505849,inside,False,True,4.552,23.0394,10,1044,1006,0.505849,0.978164,,,,,,,,,,,,,-20,hypo,-1.828,False,1,,1.5-2.5,True,False,False,True,11,18,11,18,2,1,2,1,2,1,2,1,,,,
PanTS_00009174,1,4,test,Venous,0.898438,0.898438,2.5,2,2.5,8309,16767.4,48.4299,>=40,False,1,True,1,isoattenuating,0.585156,True,head,mask_ring,0.234921,inside,False,True,0.898438,15.8779,10,397,802,0.234921,0.99988,54,92.5,54,92.5,25,52.5,25,52.5,25,52.5,25,52.5,-2,iso,-0.1774,False,0.515,4,1.5-2.5,True,False,False,False,5,3,5,3,3,6,3,6,3,6,3,6,0.75,0.475,0.75,0.475
PanTS_00009180,1,1,test,Venous,0.636719,0.636719,2,2,2,1815,1471.64,17.6529,10-20,False,1,True,-1,isoattenuating,0,False,body,mask_ring,0.498418,inside,False,True,12.9813,7.0562,6,48,1870,0.498418,1,6,35.5,6,35.5,33,7,33,7,6,35.5,6,35.5,3,iso,0.3771,True,0.38,28,1.5-2.5,True,False,False,False,,,,,27,,27,,,,,,0.94,0.645,0.94,0.645
PanTS_00009181,1,2,test,Venous,0.796875,0.796875,2.5,2,2.5,150,238.129,10.0116,10-20,False,1,True,-56,hypoattenuating,0,False,body,mask_ring,0.701081,inside,False,True,70.2966,3.8451,6,10,2216,0.701081,1,91,88.5,91,88.5,89.5,91,89.5,91,91,88.5,91,88.5,-67,hypo,-9.186,True,0.295,34,1.5-2.5,True,True,False,False,21,33,21,33,14,17,14,17,21,33,21,33,0.09,0.115,0.09,0.115
PanTS_00009182,1,0,test,Arterial,0.802734,0.802734,2.5,2,2.5,3172,5109.95,37.3568,20-40,False,1,True,-101,hypoattenuating,0.719785,True,body,mask_ring,0.587177,inside,False,True,0,10.685,10,96,1241,0.587177,0.661097,87.5,53.5,87.5,53.5,81.5,17,81.5,17,81.5,17,81.5,17,-107,hypo,-8.069,False,0.985,,1.5-2.5,True,False,True,False,2,8,2,8,4,15,4,15,4,15,4,15,0.185,0.83,0.185,0.83
PanTS_00009188,1,1,test,Venous,0.769531,0.769531,2.5,2,2.5,567,839.412,14.5308,10-20,False,2,True,-81,hypoattenuating,0.417677,True,head,mask_ring,0.213707,inside,False,True,5.50723,5.85188,6,34,1000,0.213707,1,100,100,100,100,94,95.5,94,95.5,100,100,100,100,-81,hypo,-5.553,False,0.76,,1.5-2.5,True,True,False,False,1,1,1,1,3,2,3,2,1,1,1,1,0,0,0,0
PanTS_00009188,2,1,test,Venous,0.769531,0.769531,2.5,2,2.5,136,201.341,9.8414,5-10,False,2,False,-84,hypoattenuating,0,False,head,mask_ring,0.0416952,inside,False,True,8.29585,3.63592,6,10,1000,0.0416952,1,96.5,30,96.5,30,83.5,72,83.5,72,96.5,30,96.5,30,-90.5,hypo,-6.204,True,0.72,,1.5-2.5,True,False,False,False,6,43,6,43,12,16,12,16,6,43,6,43,0.035,0.7,0.035,0.7
PanTS_00009191,1,3,test,Venous,0.839844,0.839844,5,2,5,682,2405.2,19.1043,10-20,False,1,True,-50,hypoattenuating,0,False,tail,mask_ring,0.796685,inside,False,True,88.6264,8.31166,10,58,2171,0.796685,0.945748,42.5,40.5,42.5,40.5,16,20.5,16,20.5,16,20.5,16,20.5,-50,hypo,-4.865,True,0.915,,2.5-5,True,True,False,False,26,48,26,48,,,,,,,,,0.84,0.795,0.84,0.795
PanTS_00009199,1,4,test,Venous,0.943359,0.943359,5,2,5,426,1895.54,21.0116,20-40,False,2,True,-77,hypoattenuating,0.0636364,True,body,mask_ring,0.492347,inside,False,True,33.9016,7.67741,6,61,843,0.492347,1,100,63.5,100,63.5,73,72.5,73,72.5,100,63.5,100,63.5,-82,hypo,-7.067,False,0.715,37,2.5-5,True,False,True,False,2,11,2,11,12,,12,,2,11,2,11,0,0.365,0,0.365
PanTS_00009199,2,4,test,Venous,0.943359,0.943359,5,2,5,230,1023.42,19.2725,10-20,False,2,False,-60,hypoattenuating,0,False,head,mask_ring,0.159319,inside,False,True,0,6.25155,6,38,843,0.159319,1,55.5,68,55.5,68,66,87,66,87,55.5,68,55.5,68,-69,hypo,-5.947,True,0.555,,2.5-5,True,True,False,False,,,,,,,,,,,,,0.445,0.32,0.445,0.32
PanTS_00009222,1,2,test,Venous,0.826172,0.826172,5,2,5,892,3044.22,23.8881,20-40,False,1,True,-43.5,hypoattenuating,0.669604,True,head,mask_ring,0.263082,inside,False,True,0,8.99075,10,99,1978,0.263082,1,100,90.5,100,90.5,91.5,54.5,91.5,54.5,91.5,54.5,91.5,54.5,-55.5,hypo,-5.232,False,0.995,,2.5-5,True,False,True,False,1,4,1,4,4,15,4,15,4,15,4,15,0.085,0.455,0.085,0.455
PanTS_00009227,1,1,test,Arterial,0.751953,0.751953,2.5,2,2.5,1382,1953.57,22.744,20-40,False,1,True,-82,hypoattenuating,0.316834,True,head,mask_ring,0.204745,inside,False,True,4.57395,7.75497,6,64,1972,0.204745,1,88.5,55.5,88.5,55.5,61.5,4.5,61.5,4.5,88.5,55.5,88.5,55.5,-97,hypo,-6.361,False,0.97,,1.5-2.5,True,False,True,False,4,22,4,22,35,,35,,4,22,4,22,0.115,0.445,0.115,0.445
PanTS_00009237,1,2,test,Venous,0.757812,0.757812,2.5,2,2.5,2495,3582.07,32.2483,20-40,False,1,True,-79,hypoattenuating,0,False,head,mask_ring,0.0952909,inside,False,True,2.39641,9.49179,10,112,1200,0.0952909,0.999198,100,95,100,95,79,100,79,100,79,100,79,100,-92,hypo,-11.56,True,0.68,30,1.5-2.5,True,False,True,False,1,2,1,2,5,1,5,1,5,1,5,1,0.21,0,0.21,0
PanTS_00009258,1,1,test,Non-contrast,0.736328,0.736328,2.5,2,2.5,23128,31348.8,51.3585,>=40,False,1,True,-41,hypoattenuating,0.916928,True,tail,mask_ring,0.867749,inside,False,True,3.93282,19.5604,10,680,1088,0.867749,0.999827,0,0,0,0,0,15.5,0,15.5,0,15.5,0,15.5,-55,hypo,-4.879,False,1,,1.5-2.5,False,False,False,False,10,10,10,10,4,9,4,9,4,9,4,9,1,0.845,1,0.845
PanTS_00009259,1,1,test,Arterial,0.835938,0.835938,2.5,2,2.5,456,796.622,15.197,10-20,False,1,True,-25,hypoattenuating,0.672825,True,tail,mask_ring,0.704234,inside,False,True,61.8571,5.75071,6,30,1426,0.704234,1,66.5,18.5,66.5,18.5,57,75.5,57,75.5,66.5,18.5,66.5,18.5,-46.5,hypo,-5.195,False,0.775,,1.5-2.5,True,True,False,False,14,,14,,21,11,21,11,14,,14,,0.335,0.815,0.335,0.815
PanTS_00009265,1,3,test,Venous,0.974609,0.974609,2.5,2,2.5,6845,16254.5,44.8065,>=40,False,1,True,10,isoattenuating,0.746254,True,head,mask_ring,0.0845284,inside,False,True,0.974609,15.7143,10,347,1519,0.0845284,0.989189,71,17.5,71,17.5,100,0,100,0,100,0,100,0,9,iso,0.4681,False,0.06,,1.5-2.5,True,False,False,False,2,17,2,17,2,21,2,21,2,21,2,21,0,1,0,1
PanTS_00009281,1,3,test,Venous,0.722656,0.722656,1,2,1,6737,3518.28,27.0483,20-40,False,1,True,-49,hypoattenuating,0.758385,True,head,mask_ring,0.269224,inside,False,True,4.77497,9.43511,10,117,1971,0.269224,0.999703,100,100,100,100,100,100,100,100,100,100,100,100,-61,hypo,-8.364,False,0.62,,<=1.5,True,False,True,False,1,1,1,1,1,1,1,1,1,1,1,1,0,0,0,0
PanTS_00009286,1,2,test,Venous,0.703125,0.703125,2.5,2,2.5,1072,1324.95,15.7388,10-20,False,1,True,4,isoattenuating,0,False,head,mask_ring,0.342715,inside,False,True,2.5,6.8135,6,44,1498,0.342715,1,11.5,4.5,11.5,4.5,12,18.5,12,18.5,11.5,4.5,11.5,4.5,0,iso,0,True,0.71,,1.5-2.5,True,False,False,False,,,,,,,,,,,,,0.885,0.955,0.885,0.955
PanTS_00009287,1,1,test,Venous,0.96875,0.96875,2.5,2,2.5,62,145.464,7.72811,5-10,False,2,True,-22,hypoattenuating,0,False,head,mask_ring,0.39501,inside,False,False,,3.26254,6,5,1299,0.39501,1,80.5,48,80.5,48,83.5,39.5,83.5,39.5,80.5,48,80.5,48,-25,hypo,-3.016,True,0.6,,1.5-2.5,True,False,False,False,,,,,26,,26,,,,,,0.195,0.52,0.195,0.52
PanTS_00009287,2,1,test,Venous,0.96875,0.96875,2.5,2,2.5,44,103.232,7.22605,5-10,False,2,False,-27.5,hypoattenuating,0,False,head,mask_ring,0.429436,inside,False,False,,2.91011,6,9,1299,0.429436,1,63.5,29.5,63.5,29.5,52,14.5,52,14.5,63.5,29.5,63.5,29.5,-28,hypo,-3.378,True,0.645,,1.5-2.5,True,False,False,False,,,,,,,,,,,,,0.365,0.705,0.365,0.705
PanTS_00009290,1,1,test,Venous,0.876953,0.876953,2.5,2,2.5,68,130.738,7.72056,5-10,False,1,True,-36,hypoattenuating,0,False,tail,mask_ring,0.773322,inside,False,True,17.4843,3.1485,6,7,2102,0.773322,1,96.5,58.5,96.5,58.5,90.5,62.5,90.5,62.5,96.5,58.5,96.5,58.5,-52.5,hypo,-4.949,True,0.445,,1.5-2.5,True,False,False,False,7,,7,,,40,,40,7,,7,,0.035,0.415,0.035,0.415
PanTS_00009292,1,1,test,Non-contrast,0.765625,0.765625,1,2,1,2854,1672.96,19.9089,10-20,False,1,True,-42,hypoattenuating,0.150129,True,tail,mask_ring,0.748494,inside,False,True,10.0702,7.36432,6,52,2204,0.748494,1,1,0,1,0,16,9,16,9,1,0,1,0,-46,hypo,-4.785,False,0.545,,<=1.5,False,False,False,False,,,,,,,,,,,,,0.99,1,0.99,1
PanTS_00009301,1,0,test,Venous,0.865234,0.865234,2.5,2,2.5,284,531.527,14.5656,10-20,False,1,True,-18,hypoattenuating,0,False,head,mask_ring,0.241327,inside,False,True,13.0852,5.02511,6,23,1507,0.241327,1,50.5,96,50.5,96,67,95.5,67,95.5,50.5,96,50.5,96,-23.5,hypo,-2.444,True,0.775,,1.5-2.5,True,True,False,False,25,4,25,4,14,3,14,3,25,4,25,4,0.495,0.04,0.495,0.04
PanTS_00009304,1,4,test,Venous,0.820312,0.820312,2.5,2,2.5,4174,7021.83,30.0184,20-40,False,1,True,-22,hypoattenuating,0.773801,True,head,mask_ring,0.466817,inside,False,True,1.64062,11.8792,10,178,996,0.466817,1,87.5,11,87.5,11,28,9.5,28,9.5,28,9.5,28,9.5,-30,hypo,-1.774,False,1,,1.5-2.5,True,False,True,False,2,50,2,50,9,42,9,42,9,42,9,42,0.72,0.905,0.72,0.905
PanTS_00009308,1,4,test,Venous,0.824219,0.824219,5,2,5,2192,7445.53,29.2476,20-40,False,1,True,-70,hypoattenuating,0.0207675,True,body,mask_ring,0.54979,inside,False,True,30.4069,12.1135,10,172,1547,0.54979,1,100,27.5,100,27.5,100,75,100,75,100,75,100,75,-70,hypo,-5.557,False,0.445,45,2.5-5,True,False,True,False,1,18,1,18,1,3,1,3,1,3,1,3,0,0.25,0,0.25
PanTS_00009313,1,2,test,Venous,0.806641,0.806641,2.5,2,2.5,18488,30074,45.4824,>=40,False,1,True,-35,hypoattenuating,0.853595,True,body,mask_ring,0.937801,abutting,False,True,62.3397,19.2916,10,123,2749,0.937801,0.1541,13.5,100,13.5,100,92,100,92,100,92,100,92,100,-39,hypo,-2.307,False,0.94,26,1.5-2.5,True,False,False,True,42,1,42,1,2,1,2,1,2,1,2,1,0.08,0,0.08,0
PanTS_00009317,1,4,test,Venous,0.722656,0.722656,1,2,1,15788,8245,31.5701,20-40,False,1,True,-62,hypoattenuating,0.73991,True,head,mask_ring,0.241097,inside,False,True,4.6786,12.5324,10,195,1575,0.241097,1,100,0,100,0,93,15.5,93,15.5,93,15.5,93,15.5,-72,hypo,-12.78,False,0.995,,<=1.5,True,False,True,False,1,,1,,2,22,2,22,2,22,2,22,0.07,0.845,0.07,0.845
PanTS_00009319,1,2,test,Venous,0.792969,0.792969,2.5,2,2.5,8126,12774.1,44.0518,>=40,False,1,True,-34,hypoattenuating,0.67909,True,body,mask_ring,0.587846,abutting,False,True,0.792969,14.5015,10,125,932,0.587846,0.375338,2,100,2,100,75,85.5,75,85.5,75,85.5,75,85.5,-36,hypo,-2.525,False,0.86,,1.5-2.5,True,False,False,True,22,25,22,25,3,5,3,5,3,5,3,5,0.25,0.145,0.25,0.145
PanTS_00009321,1,0,test,Venous,0.818359,0.818359,1,2,1,580,388.433,11.6583,10-20,False,1,True,-74.5,hypoattenuating,0,False,tail,mask_ring,0.887877,inside,False,True,34.6811,4.52629,6,17,1845,0.887877,1,90,82.5,90,82.5,74,72.5,74,72.5,90,82.5,90,82.5,-90,hypo,-6.961,True,0.765,,<=1.5,True,True,False,False,16,20,16,20,,,,,16,20,16,20,0.1,0.175,0.1,0.175
PanTS_00009325,1,3,test,Venous,0.824219,0.824219,2.5,2,2.5,3733,6339.91,31.4633,20-40,False,1,True,26,hyperattenuating,0,False,tail,mask_ring,0.758984,inside,False,True,59.9803,11.4815,10,168,2410,0.758984,1,90,93,90,93,93,93.5,93,93.5,93,93.5,93,93.5,31,hyper,1.948,True,0.47,16,1.5-2.5,True,False,True,False,3,2,3,2,2,2,2,2,2,2,2,2,0.07,0.065,0.07,0.065
PanTS_00009329,1,4,test,Delay,0.804688,0.804688,2.5,2,2.5,1351,2187.01,23.0812,20-40,False,1,True,15,hyperattenuating,0,False,head,mask_ring,0.190749,inside,False,True,4.38183,8.05231,10,62,2284,0.190749,1,76.5,91,76.5,91,46.5,92,46.5,92,46.5,92,46.5,92,25,hyper,1.371,True,0.035,4,1.5-2.5,True,False,True,False,,,,,27,,27,,27,,27,,0.535,0.08,0.535,0.08
PanTS_00009338,1,3,test,Venous,0.933594,0.933594,2.5,2,2.5,10743,23408.9,45.0691,>=40,False,1,True,-29,hypoattenuating,0.784904,True,tail,mask_ring,0.55207,inside,False,True,5.08641,17.7459,10,484,1049,0.55207,0.996277,100,100,100,100,100,100,100,100,100,100,100,100,-39,hypo,-3.676,False,0,1,1.5-2.5,True,False,False,True,1,1,1,1,1,1,1,1,1,1,1,1,0,0,0,0
PanTS_00009341,1,0,test,Venous,0.859375,0.859375,2.5,2,2.5,594,1096.71,16.6076,10-20,False,1,True,4,isoattenuating,0.411607,True,head,mask_ring,0.154651,inside,False,True,5.04496,6.39736,6,40,1515,0.154651,1,49.5,37,49.5,37,0,13.5,0,13.5,49.5,37,49.5,37,5,iso,0.5386,False,0.195,19,1.5-2.5,True,False,False,False,23,38,23,38,50,,50,,23,38,23,38,0.505,0.63,0.505,0.63
PanTS_00009342,1,1,test,Arterial,0.738281,0.738281,2.5,2,2.5,2616,3564.68,22.2891,20-40,False,1,True,-17,hypoattenuating,0.794837,True,head,mask_ring,0.0639084,inside,False,True,2.33465,9.47642,10,96,654,0.0639084,0.994266,36,0,36,0,5,2.5,5,2.5,5,2.5,5,2.5,-24,hypo,-1.574,False,0.915,38,1.5-2.5,True,False,True,False,10,32,10,32,20,19,20,19,20,19,20,19,0.95,0.975,0.95,0.975
PanTS_00009347,1,3,test,Arterial,0.744141,0.744141,2.5,2,2.5,1592,2203.91,19.4132,10-20,False,1,True,-23,hypoattenuating,0.598449,True,head,mask_ring,0.0594071,inside,False,True,7.8252,8.073,10,68,2692,0.0594071,1,55.5,66,55.5,66,1,35,1,35,1,35,1,35,-28,hypo,-2.912,False,0.925,,1.5-2.5,True,True,False,False,25,20,25,20,,45,,45,,45,,45,0.99,0.65,0.99,0.65
PanTS_00009366,1,2,test,Venous,0.78125,0.78125,2,2,2,11269,13756.1,41.9585,>=40,False,1,True,-25,hypoattenuating,0.728764,True,head,mask_ring,0.181835,inside,False,True,2.65551,14.864,10,320,1617,0.181835,1,100,100,100,100,100,75,100,75,100,75,100,75,-31,hypo,-2.672,False,0.02,3,1.5-2.5,True,False,False,True,3,31,3,31,2,9,2,9,2,9,2,9,0,0.25,0,0.25
PanTS_00009367,1,4,test,Venous,1.5,1.5,1.5,2,1.5,90079,304017,129.739,>=40,False,1,True,-14,hypoattenuating,0.00268293,True,head,mask_ring,-0.15106,abutting,False,True,5.40833,41.7128,10,243,952,-0.15106,0.037456,69,20.5,69,20.5,69,52.5,69,52.5,69,52.5,69,52.5,-15,hypo,-0.6961,False,1,17,<=1.5,True,False,False,True,3,9,3,9,6,12,6,12,6,12,6,12,0.31,0.475,0.31,0.475
PanTS_00009371,1,3,test,Venous,0.826172,0.826172,5,2,5,508,1733.7,26.0802,20-40,False,1,True,1,isoattenuating,0.184077,True,head,mask_ring,0.0725491,inside,False,True,7.23204,7.45239,6,63,1704,0.0725491,1,48,0.5,48,0.5,80,4.5,80,4.5,48,0.5,48,0.5,9,iso,0.6787,False,0.81,,2.5-5,True,False,False,False,18,,18,,4,,4,,18,,18,,0.52,0.995,0.52,0.995
PanTS_00009373,1,4,test,Venous,0.892,0.892,5,2,5,9772,38876.1,71.7465,>=40,False,1,True,-6,isoattenuating,0.30423,True,head,mask_ring,0.543473,inside,False,True,5,21.0151,10,669,32,0.543473,0.759005,,,,,,,,,,,,,-3,iso,-0.3934,False,1,8,2.5-5,True,False,False,False,3,2,3,2,1,2,1,2,1,2,1,2,,,,
PanTS_00009375,1,1,test,Venous,0.894531,0.894531,2.5,2,2.5,6301,12604.9,40.2429,>=40,False,1,True,6,isoattenuating,0.734973,True,head,mask_ring,0.206689,inside,False,True,2.65522,14.4372,10,295,1196,0.206689,0.999206,69.5,69.5,69.5,69.5,69.5,100,69.5,100,69.5,100,69.5,100,8,iso,0.3656,False,0.04,4,1.5-2.5,True,False,False,False,2,2,2,2,2,1,2,1,2,1,2,1,0.305,0,0.305,0
PanTS_00009382,1,0,test,Non-contrast,0.722656,0.722656,1,2,1,10027,5236.42,28.8877,20-40,False,1,True,-8,isoattenuating,0.546638,True,head,mask_ring,0.211133,inside,False,True,10.9098,10.7725,10,142,1569,0.211133,0.982348,64,7.5,64,7.5,95,42.5,95,42.5,95,42.5,95,42.5,-11,hypo,-1.746,False,0.865,,<=1.5,False,False,False,False,8,45,8,45,2,17,2,17,2,17,2,17,0.05,0.575,0.05,0.575
PanTS_00009383,1,0,test,Arterial,0.646484,0.646484,1.5,2,1.5,20127,12617.9,40.4308,>=40,False,1,True,-27,hypoattenuating,0.606549,True,head,mask_ring,0.281911,inside,False,True,4.76751,14.4422,10,291,1278,0.281911,0.923983,100,32.5,100,32.5,100,37.5,100,37.5,100,37.5,100,37.5,-31,hypo,-5.195,False,0.97,,<=1.5,True,False,False,True,2,10,2,10,1,7,1,7,1,7,1,7,0,0.625,0,0.625
PanTS_00009385,1,1,test,Delay,0.734375,0.734375,5,2,5,1035,2790.91,19.3791,10-20,False,1,True,7,isoattenuating,0.808976,True,head,mask_ring,0.187688,inside,False,True,5,8.73412,10,83,1384,0.187688,1,1.5,46.5,1.5,46.5,0,42.5,0,42.5,0,42.5,0,42.5,0,iso,0,False,0.45,,2.5-5,True,False,False,False,44,17,44,17,,,,,,,,,1,0.575,1,0.575
PanTS_00009386,1,3,test,Venous,0.941406,0.941406,3,2,3,3977,10573.8,41.9452,>=40,False,1,True,16,hyperattenuating,0.385108,True,head,mask_ring,0.0807331,inside,False,True,2.82422,13.6159,10,258,1781,0.0807331,0.999497,0,6.5,0,6.5,0,0,0,0,0,0,0,0,18,hyper,0.8484,False,0.71,25,2.5-5,True,False,False,True,37,,37,,,,,,,,,,1,1,1,1
PanTS_00009407,1,0,test,Arterial,0.896484,0.896484,2.5,2,2.5,9568,19224.1,43.7601,>=40,False,1,True,22,hyperattenuating,0.878684,True,head,mask_ring,0.114666,inside,False,True,2.5,16.6183,10,435,896,0.114666,1,0,0,0,0,28,26,28,26,28,26,28,26,21,hyper,1.074,False,0.88,16,1.5-2.5,True,False,False,True,9,40,9,40,7,31,7,31,7,31,7,31,0.72,0.74,0.72,0.74
PanTS_00009408,1,0,test,Venous,0.651042,0.651042,5,2,5,19907,42188.4,51.4277,>=40,False,1,True,-27,hypoattenuating,0.881011,True,tail,mask_ring,0.802959,inside,False,True,13.4055,21.5957,10,773,1378,0.802959,0.969207,3.5,48,3.5,48,100,100,100,100,100,100,100,100,-29,hypo,-4.86,False,0.32,,2.5-5,True,False,False,True,3,2,3,2,1,1,1,1,1,1,1,1,0,0,0,0
PanTS_00009421,1,0,test,Venous,0.599609,0.599609,2.5,2,2.5,2830,2543.68,19.2636,10-20,False,1,True,-10,isoattenuating,0.817918,True,head,mask_ring,0.28608,inside,False,True,0.599609,8.46821,10,69,1517,0.28608,1,89,1,89,1,76,8.5,76,8.5,76,8.5,76,8.5,-17,hypo,-2.051,False,0.995,,1.5-2.5,True,True,False,False,4,,4,,7,,7,,7,,7,,0.24,0.915,0.24,0.915
PanTS_00009423,1,3,test,Venous,0.808594,0.808594,2.5,2,2.5,2758,4508.12,24.605,20-40,False,1,True,-14,hypoattenuating,0.854357,True,tail,mask_ring,0.66318,inside,False,True,0.808594,10.2479,10,126,1452,0.66318,1,49,78,49,78,28.5,62.5,28.5,62.5,28.5,62.5,28.5,62.5,-10,iso,-0.5113,False,0.375,12,1.5-2.5,True,False,False,False,10,10,10,10,20,13,20,13,20,13,20,13,0.715,0.375,0.715,0.375
PanTS_00009435,1,2,test,Arterial,0.976562,0.976562,2.5,2,2.5,2066,4925.72,24.782,20-40,False,1,True,-22,hypoattenuating,0.753956,True,head,mask_ring,0.0557608,inside,False,True,2.5,10.5551,10,129,1908,0.0557608,1,32.5,78.5,32.5,78.5,67.5,49.5,67.5,49.5,67.5,49.5,67.5,49.5,-30,hypo,-1.56,False,0.055,3,1.5-2.5,True,False,True,False,17,,17,,7,,7,,7,,7,,0.325,0.505,0.325,0.505
PanTS_00009445,1,1,test,Venous,0.703125,0.703125,2.5,2,2.5,3116,3851.26,25.8249,20-40,False,1,True,-13,hypoattenuating,0,False,head,mask_ring,0.169841,inside,False,True,5.565,9.72384,10,104,1974,0.169841,1,0,1.5,0,1.5,0,0,0,0,0,0,0,0,-13,hypo,-1.307,True,0.77,,1.5-2.5,True,False,True,False,,,,,,,,,,,,,1,1,1,1
PanTS_00009449,1,1,test,Venous,0.976562,0.976562,2.5,2,2.5,256,610.351,14.2184,10-20,False,2,False,-38,hypoattenuating,0,False,tail,mask_ring,0.951539,inside,False,True,8.46936,5.26216,6,25,2512,0.951539,1,78,99.5,78,99.5,72.5,74.5,72.5,74.5,78,99.5,78,99.5,-39,hypo,-2.869,True,0.48,,1.5-2.5,True,True,False,False,,7,,7,,50,,50,,7,,7,0.22,0.005,0.22,0.005
PanTS_00009449,2,1,test,Venous,0.976562,0.976562,2.5,2,2.5,11350,27060.5,53.641,>=40,False,2,True,-22,hypoattenuating,0.819631,True,body,mask_ring,0.463023,inside,False,True,2.68397,18.6244,10,572,2512,0.463023,0.977533,76.5,41.5,76.5,41.5,100,100,100,100,100,100,100,100,-23,hypo,-1.692,False,1,,1.5-2.5,True,False,False,True,2,5,2,5,3,1,3,1,3,1,3,1,0,0,0,0
PanTS_00009457,1,4,test,Non-contrast,0.806641,0.806641,2.5,2,2.5,11410,18560.4,47.7983,>=40,False,1,True,-25,hypoattenuating,0.599619,True,head,mask_ring,0.10888,inside,False,True,20.8918,16.4248,10,402,888,0.10888,0.955302,100,100,100,100,100,100,100,100,100,100,100,100,-31,hypo,-2.281,False,0.22,2,1.5-2.5,False,False,False,False,1,1,1,1,2,2,2,2,2,2,2,2,0,0,0,0
PanTS_00009459,1,2,test,Venous,0.849609,0.849609,2.5,2,2.5,2249,4058.52,29.9143,20-40,False,1,True,-81,hypoattenuating,0.0028996,True,body,mask_ring,0.637331,inside,False,True,7.25906,9.89524,10,106,1988,0.637331,0.927079,65.5,31,65.5,31,63.5,16,63.5,16,63.5,16,63.5,16,-81,hypo,-6.981,False,0.865,,1.5-2.5,True,False,True,False,7,26,7,26,10,42,10,42,10,42,10,42,0.365,0.84,0.365,0.84
PanTS_00009460,1,0,test,Venous,0.740234,0.740234,2.5,2,2.5,4001,5480.83,29.4702,20-40,False,1,True,-3,isoattenuating,0.739071,True,head,mask_ring,0.0933191,inside,False,True,17.5,10.9375,10,139,1189,0.0933191,1,69.5,0,69.5,0,4,0,4,0,4,0,4,0,-3,iso,-0.1293,False,0.77,,1.5-2.5,True,False,False,False,6,,6,,23,46,23,46,23,46,23,46,0.96,1,0.96,1
PanTS_00009464,1,1,test,Non-contrast,0.646484,0.646484,1.5,2,1.5,8936,5602.1,29.3077,20-40,False,1,True,-14,hypoattenuating,0.376332,True,head,mask_ring,0.245744,embedded,False,True,16.9627,11.0176,10,119,1713,0.245744,0.824642,88.5,100,88.5,100,100,100,100,100,100,100,100,100,-16,hypo,-2.839,False,0.88,,<=1.5,False,False,False,False,2,2,2,2,1,1,1,1,1,1,1,1,0,0,0,0
PanTS_00009470,1,1,test,Venous,0.646484,0.646484,1.5,2,1.5,19184,12026.7,34.3372,20-40,False,1,True,-42,hypoattenuating,0.631685,True,head,mask_ring,0.289125,inside,False,True,3.87891,14.213,10,280,1406,0.289125,0.999844,100,17.5,100,17.5,81,81,81,81,81,81,81,81,-48,hypo,-7.62,False,1,,<=1.5,True,False,True,False,1,16,1,16,3,3,3,3,3,3,3,3,0.19,0.19,0.19,0.19
PanTS_00009473,1,2,test,Venous,0.716797,0.716797,2.5,2,2.5,6418,8243.89,37.8083,20-40,False,1,True,-64,hypoattenuating,0.875203,True,head,mask_ring,0.146636,inside,False,True,2.02741,12.5318,10,211,2941,0.146636,1,100,28,100,28,77,60.5,77,60.5,77,60.5,77,60.5,-69,hypo,-4.428,False,0.795,47,1.5-2.5,True,False,True,False,2,31,2,31,9,18,9,18,9,18,9,18,0.23,0.395,0.23,0.395
PanTS_00009478,1,2,test,Non-contrast,0.816406,0.816406,2.5,2,2.5,24999,41655.8,68.1457,>=40,False,1,True,-2,isoattenuating,0.498126,True,head,mask_ring,0.149185,inside,False,True,0,21.5045,10,806,969,0.149185,0.971039,100,100,100,100,100,100,100,100,100,100,100,100,-2,iso,-0.2514,False,0.26,19,1.5-2.5,False,False,False,False,1,1,1,1,1,1,1,1,1,1,1,1,0,0,0,0
PanTS_00009483,1,0,test,Venous,0.810547,0.810547,2.5,2,2.5,29667,48727,63.0449,>=40,False,1,True,-38,hypoattenuating,0.847077,True,head,mask_ring,0.621912,inside,False,True,0.810547,22.6583,10,1008,1174,0.621912,1,0,0,0,0,0,0,0,0,0,0,0,0,-43,hypo,-3.706,False,1,19,1.5-2.5,True,False,False,True,6,18,6,18,8,14,8,14,8,14,8,14,1,1,1,1
PanTS_00009495,1,2,test,Arterial,0.541016,0.541016,2.5,2,2.5,1592,1164.94,18.5623,10-20,False,1,True,-13,hypoattenuating,0.281365,True,head,mask_ring,0.22117,inside,False,True,0,6.52737,6,37,1063,0.22117,1,67,17.5,67,17.5,80.5,71,80.5,71,67,17.5,67,17.5,-18,hypo,-3.016,False,0.76,49,1.5-2.5,True,True,False,False,15,,15,,,26,,26,15,,15,,0.33,0.825,0.33,0.825
PanTS_00009504,1,1,test,Arterial,0.816406,0.816406,2.5,2,2.5,17921,29861.7,53.5534,>=40,False,1,True,-12,hypoattenuating,0.789152,True,head,mask_ring,0.266976,inside,False,True,0.816406,19.2461,10,639,1171,0.266976,0.999833,0,0,0,0,100,100,100,100,100,100,100,100,-13,hypo,-0.8003,False,0.915,20,1.5-2.5,True,False,False,True,9,5,9,5,1,2,1,2,1,2,1,2,0,0,0,0
PanTS_00009506,1,4,test,Venous,0.789062,0.789062,2.5,2,2.5,27129,42227.6,68.1043,>=40,False,1,True,1,isoattenuating,0.00805426,True,head,mask_ring,0.175649,inside,False,False,,21.6024,10,803,1360,0.175649,0.94622,34,0,34,0,18,0,18,0,18,0,18,0,1,iso,0.04132,False,0.105,12,1.5-2.5,True,False,False,False,2,15,2,15,5,21,5,21,5,21,5,21,0.82,1,0.82,1
PanTS_00009510,1,3,test,Non-contrast,0.744141,0.744141,2,2,2,47360,52450.8,65.0662,>=40,False,1,True,19,hyperattenuating,0.563356,True,head,mask_ring,0.22349,inside,False,True,0,23.2214,10,1063,373,0.22349,0.983974,,,,,,,,,,,,,22,hyper,1.412,False,0,3,1.5-2.5,False,False,False,False,4,8,4,8,1,10,1,10,1,10,1,10,,,,
PanTS_00009517,1,1,test,Arterial,0.732422,0.732422,2.5,2,2.5,5747,7707.33,38.6641,20-40,False,1,True,-9,isoattenuating,0.621025,True,head,mask_ring,0.138032,inside,False,True,2.92969,12.2538,10,206,1140,0.138032,1,11,70,11,70,73,73,73,73,73,73,73,73,-11,hypo,-0.7213,False,0.275,15,1.5-2.5,True,False,True,False,12,3,12,3,2,2,2,2,2,2,2,2,0.27,0.27,0.27,0.27
PanTS_00009518,1,4,test,Venous,0.814453,0.814453,2.5,2,2.5,3258,5402.85,27.7129,20-40,False,1,True,-39,hypoattenuating,0.353714,True,tail,mask_ring,0.914566,inside,False,True,10.7255,10.8854,10,139,1132,0.914566,1,19,39,19,39,57,100,57,100,57,100,57,100,-43,hypo,-3.815,False,0.73,19,1.5-2.5,True,False,True,False,26,20,26,20,7,1,7,1,7,1,7,1,0.43,0,0.43,0
PanTS_00009520,1,3,test,Venous,0.742188,0.742188,0.625,2,0.625,2320,798.722,19.7306,10-20,False,1,True,-33,hypoattenuating,0,False,head,pc1_boundary,0.337479,separated,True,False,,5.75576,6,0,391,0.337479,0,,,,,,,,,,,,,-36.5,hypo,-0.5074,True,1,,<=1.5,True,True,False,False,,,,,,,,,,,,,,,,
PanTS_00009523,1,3,test,Venous,1.5,1.5,1.5,2,1.5,48,162,8.21584,5-10,False,1,True,-33,hypoattenuating,0,False,body,mask_ring,0.715535,inside,False,True,19.2094,3.38175,6,9,1925,0.715535,1,99,96.5,99,96.5,83,97,83,97,99,96.5,99,96.5,-37,hypo,-1.666,True,0,1,<=1.5,True,False,False,False,2,11,2,11,25,9,25,9,2,11,2,11,0.01,0.035,0.01,0.035
PanTS_00009528,1,4,test,Venous,0.756,0.756,0.8,2,0.8,143451,65589.9,73.7503,>=40,False,1,True,59,hyperattenuating,0.205256,True,head,mask_ring,0.224299,inside,False,True,0,25.0178,10,1057,927,0.224299,0.838056,,,,,,,,,,,,,62,hyper,6.033,False,0.985,13,<=1.5,True,False,False,True,3,1,3,1,1,1,1,1,1,1,1,1,,,,
PanTS_00009534,1,4,test,Venous,0.943359,0.943359,2.5,2,2.5,5085,11313.2,35.8601,20-40,False,1,True,0,isoattenuating,0.888936,True,body,mask_ring,0.612827,inside,False,True,0.943359,13.9262,10,262,1646,0.612827,1,28,4,28,4,89.5,36,89.5,36,89.5,36,89.5,36,1,iso,0.04436,False,0.96,,1.5-2.5,True,False,False,False,13,28,13,28,3,17,3,17,3,17,3,17,0.105,0.64,0.105,0.64
PanTS_00009544,1,0,test,Venous,0.546875,0.546875,3,2,3,10884,9765.31,35.2875,20-40,False,1,True,5,isoattenuating,0.59206,True,head,mask_ring,0.150878,inside,False,True,0,13.2597,10,243,1102,0.150878,1,2.5,0,2.5,0,8.5,0,8.5,0,8.5,0,8.5,0,-4,iso,-0.4641,False,0.97,,2.5-5,True,False,False,False,20,45,20,45,16,,16,,16,,16,,0.915,1,0.915,1
PanTS_00009545,1,3,test,Non-contrast,0.898438,0.898438,2.5,2,2.5,10511,21211,54.7795,>=40,False,1,True,-31,hypoattenuating,0.574889,True,body,mask_ring,0.576705,inside,False,True,49.8103,17.1721,10,493,2847,0.576705,0.997622,57.5,88,57.5,88,73,100,73,100,73,100,73,100,-34,hypo,-2.182,False,0.425,11,1.5-2.5,False,False,False,False,19,4,19,4,3,26,3,26,3,26,3,26,0.27,0,0.27,0
PanTS_00009551,1,2,test,Venous,0.714844,0.714844,2.5,2,2.5,12918,16502.8,55.3039,>=40,False,1,True,-20,hypoattenuating,0.85025,True,head,mask_ring,0.184429,inside,False,True,1.42969,15.7939,10,373,1316,0.184429,0.99311,68.5,4,68.5,4,72.5,7.5,72.5,7.5,72.5,7.5,72.5,7.5,-25,hypo,-2.218,False,1,,1.5-2.5,True,False,False,True,8,43,8,43,6,15,6,15,6,15,6,15,0.275,0.925,0.275,0.925
PanTS_00009562,1,1,test,Venous,0.798828,0.798828,2.5,2,2.5,25182,40173.2,72.8412,>=40,False,1,True,-34,hypoattenuating,0.457731,True,tail,mask_ring,0.608208,abutting,False,False,,21.2463,10,117,1519,0.608208,0.128504,75.5,37,75.5,37,41,12,41,12,41,12,41,12,-38,hypo,-5.731,False,0.995,50,1.5-2.5,True,False,False,True,4,17,4,17,6,31,6,31,6,31,6,31,0.59,0.88,0.59,0.88
PanTS_00009567,1,2,test,Venous,1.5,1.5,1.5,2,1.5,16694,56342.2,77.2318,>=40,False,1,True,-17,hypoattenuating,0,False,body,mask_ring,0.578262,separated,True,True,42.5852,23.782,10,9,2346,0.578262,0.00197676,37.5,36.5,37.5,36.5,15.5,12,15.5,12,15.5,12,15.5,12,-18,hypo,-0.4721,True,0.85,40,<=1.5,True,False,False,True,,,,,,,,,,,,,0.845,0.88,0.845,0.88
PanTS_00009569,1,4,test,Venous,0.798828,0.798828,2.5,2,2.5,1997,3185.84,23.0515,20-40,False,1,True,12,hyperattenuating,0.575369,True,head,mask_ring,0.11608,inside,False,True,2.5,9.12806,10,90,1381,0.11608,1,70,5.5,70,5.5,93,84.5,93,84.5,93,84.5,93,84.5,16,hyper,1.379,False,0.645,,1.5-2.5,True,False,True,False,7,47,7,47,3,7,3,7,3,7,3,7,0.07,0.155,0.07,0.155
PanTS_00009578,1,4,test,Venous,0.898438,0.898438,5,2,5,2000,8071.91,40.4893,>=40,False,1,True,-10,isoattenuating,0.645348,True,head,mask_ring,0.20126,inside,False,True,6.72159,12.4441,10,218,1449,0.20126,1,6,0,6,0,0,0,0,0,0,0,0,0,-9,iso,-1.086,False,0.945,,2.5-5,True,False,False,False,23,,23,,14,31,14,31,14,31,14,31,1,1,1,1
PanTS_00009584,1,3,test,Venous,0.976562,0.976562,2.5,2,2.5,63,150.204,9.76477,5-10,False,1,True,-11,hypoattenuating,0,False,head,mask_ring,0.371691,inside,False,True,0,3.2976,6,9,2111,0.371691,1,55,79,55,79,78,91.5,78,91.5,55,79,55,79,-22,hypo,-1.619,True,0.135,34,1.5-2.5,True,False,False,False,,38,,38,31,20,31,20,,38,,38,0.45,0.21,0.45,0.21
PanTS_00009608,1,2,test,Venous,0.695312,0.695312,2.5,2,2.5,3635,4393.43,22.5132,20-40,False,1,True,-46,hypoattenuating,0.830046,True,body,mask_ring,0.730901,inside,False,True,0.695312,10.1603,10,123,1323,0.730901,1,92,33.5,92,33.5,56,32,56,32,56,32,56,32,-56,hypo,-6.497,False,0.915,47,1.5-2.5,True,False,True,False,3,20,3,20,7,23,7,23,7,23,7,23,0.44,0.68,0.44,0.68
PanTS_00009612,1,1,test,Arterial,0.742188,0.742188,2.5,2,2.5,4990,6871.77,35.5155,20-40,False,1,True,46,hyperattenuating,0.592332,True,head,mask_ring,0.126799,inside,False,True,0.742188,11.794,10,172,690,0.126799,0.968337,0,0,0,0,13.5,0,13.5,0,13.5,0,13.5,0,50,hyper,3.867,False,0.995,48,1.5-2.5,True,False,True,False,22,47,22,47,20,14,20,14,20,14,20,14,0.865,1,0.865,1
PanTS_00009613,1,2,test,Venous,0.976562,0.976562,2.5,2,2.5,13765,32818.3,62.1826,>=40,False,1,True,-15,hypoattenuating,0.855296,True,head,mask_ring,0.185257,inside,False,True,0.976562,19.8614,10,710,1009,0.185257,0.999709,100,100,100,100,100,100,100,100,100,100,100,100,-21,hypo,-1.408,False,0.415,6,1.5-2.5,True,False,False,True,6,6,6,6,3,10,3,10,3,10,3,10,0,0,0,0
PanTS_00009620,1,1,test,Venous,1.5,1.5,1.5,2,1.5,852,2875.5,25.5441,20-40,False,1,True,-26,hypoattenuating,0.225995,True,head,mask_ring,0.268663,inside,False,False,,8.82148,10,80,2039,0.268663,0.981221,100,100,100,100,93,67.5,93,67.5,93,67.5,93,67.5,-30,hypo,-1.707,False,0.535,24,<=1.5,True,False,True,False,1,1,1,1,4,17,4,17,4,17,4,17,0.07,0.325,0.07,0.325
PanTS_00009635,1,4,test,Arterial,0.722656,0.722656,1,2,1,24990,13050.6,34.113,20-40,False,1,True,-42,hypoattenuating,0.837454,True,head,mask_ring,0.268207,inside,False,True,3.61328,14.6054,10,286,1446,0.268207,1,100,45,100,45,100,60,100,60,100,60,100,60,-50,hypo,-9.426,False,0.8,,<=1.5,True,False,True,False,1,9,1,9,1,7,1,7,1,7,1,7,0,0.4,0,0.4
PanTS_00009640,1,4,test,Non-contrast,0.763672,0.763672,2.5,2,2.5,7332,10690,42.2531,>=40,False,1,True,3,isoattenuating,0.851806,True,head,mask_ring,0.161747,inside,False,True,0.763672,13.6656,10,265,1052,0.161747,1,83,83,83,83,83,81.5,83,81.5,83,81.5,83,81.5,-3,iso,-0.2155,False,0.22,3,1.5-2.5,False,False,False,False,,43,,43,10,43,10,43,10,43,10,43,0.17,0.185,0.17,0.185
PanTS_00009641,1,3,test,Venous,0.800781,0.800781,2.5,2,2.5,3982,6383.65,29.66,20-40,False,1,True,-6,isoattenuating,0.355068,True,head,mask_ring,0.440712,inside,False,True,0.800781,11.5078,10,132,1948,0.440712,0.880211,96,14.5,96,14.5,78,48,78,48,78,48,78,48,-6,iso,-0.3068,False,0.995,,1.5-2.5,True,False,False,False,3,38,3,38,4,17,4,17,4,17,4,17,0.22,0.52,0.22,0.52
PanTS_00009649,1,2,test,Venous,0.976562,0.976562,5,2,5,1147,5469.32,31.119,20-40,False,1,True,9,isoattenuating,0.310222,True,body,mask_ring,0.634305,inside,False,False,,10.9299,10,146,1941,0.634305,1,65,60,65,60,66,31,66,31,66,31,66,31,12,hyper,0.8829,False,0.94,,2.5-5,True,False,True,False,11,7,11,7,11,17,11,17,11,17,11,17,0.34,0.69,0.34,0.69
PanTS_00009652,1,4,test,Venous,0.773438,0.773438,2.5,2,2.5,4769,7132.11,33.653,20-40,False,1,True,-34,hypoattenuating,0.631152,True,head,mask_ring,0.111755,inside,False,True,3.9776,11.9411,10,153,1188,0.111755,0.966031,70,91.5,70,91.5,0,64.5,0,64.5,0,64.5,0,64.5,-39,hypo,-5.115,False,0.005,2,1.5-2.5,True,False,True,False,6,5,6,5,18,40,18,40,18,40,18,40,1,0.355,1,0.355
PanTS_00009659,1,2,test,Venous,0.789062,0.789062,2.5,2,2.5,40980,63787.3,70.8394,>=40,False,1,True,-15,hypoattenuating,0,False,tail,mask_ring,0.7025,abutting,False,True,24.0651,24.7865,10,47,1250,0.7025,0.024939,13.5,11.5,13.5,11.5,0,12,0,12,0,12,0,12,-13,hypo,-1.225,True,0.95,12,1.5-2.5,True,False,False,True,33,41,33,41,31,,31,,31,,31,,1,0.88,1,0.88
PanTS_00009666,1,3,test,Non-contrast,0.794922,0.794922,4,2,4,543,1372.49,20.0201,20-40,False,1,True,-31,hypoattenuating,0.763543,True,head,mask_ring,0.115733,inside,False,True,2.86613,6.89403,6,52,1908,0.115733,1,76,11,76,11,1,1.5,1,1.5,76,11,76,11,-41,hypo,-3.343,False,0.915,,2.5-5,False,False,False,False,15,,15,,,,,,15,,15,,0.24,0.89,0.24,0.89
PanTS_00009687,1,4,test,Venous,0.837891,0.837891,2.5,2,2.5,1241,2178.15,23.5869,20-40,False,1,True,-25,hypoattenuating,0,False,body,mask_ring,0.328354,inside,False,True,20.268,8.04142,10,65,2041,0.328354,1,73.5,56,73.5,56,71.5,65.5,71.5,65.5,71.5,65.5,71.5,65.5,-39,hypo,-1.838,True,0.225,10,1.5-2.5,True,False,True,False,11,14,11,14,10,46,10,46,10,46,10,46,0.285,0.345,0.285,0.345
PanTS_00009726,1,2,test,Venous,0.724609,0.724609,2.5,2,2.5,112662,147885,80.4915,>=40,False,1,True,17,hyperattenuating,0.279523,True,body,mask_ring,0.620898,inside,False,True,32.6686,32.8054,10,2687,1690,0.620898,0.998074,,,,,,,,,,,,,18,hyper,1.872,False,0.155,10,1.5-2.5,True,False,False,True,5,12,5,12,2,4,2,4,2,4,2,4,,,,
PanTS_00009731,1,4,test,Venous,0.785156,0.785156,2.5,2,2.5,6482,9989.9,36.8097,20-40,False,1,True,6,isoattenuating,0.863291,True,head,mask_ring,0.253382,inside,False,True,0.785156,13.3605,10,246,1348,0.253382,1,70.5,13,70.5,13,52.5,36.5,52.5,36.5,52.5,36.5,52.5,36.5,0,iso,0,False,0.78,26,1.5-2.5,True,False,False,False,4,10,4,10,3,5,3,5,3,5,3,5,0.475,0.635,0.475,0.635
PanTS_00009739,1,0,test,Venous,0.757812,0.757812,1,2,1,8141,4675.21,26.2924,20-40,False,1,True,-26,hypoattenuating,0.666996,True,tail,mask_ring,0.719487,inside,False,True,24.1352,10.373,10,121,2078,0.719487,1,63,19.5,63,19.5,30.5,42,30.5,42,30.5,42,30.5,42,-30,hypo,-2.742,False,0.915,,<=1.5,True,False,True,False,8,,8,,29,30,29,30,29,30,29,30,0.695,0.58,0.695,0.58
PanTS_00009752,1,4,test,Venous,0.679688,0.679688,2.5,2,2.5,4906,5666.13,28.6367,20-40,False,1,True,-64.5,hypoattenuating,0.476845,True,body,mask_ring,0.710448,inside,False,True,0,11.0594,10,149,947,0.710448,1,100,86.5,100,86.5,100,72.5,100,72.5,100,72.5,100,72.5,-79,hypo,-5.674,False,0.56,,1.5-2.5,True,False,True,False,1,3,1,3,1,6,1,6,1,6,1,6,0,0.275,0,0.275
PanTS_00009760,1,0,test,Venous,0.767578,0.767578,2.5,2,2.5,16121,23745.3,59.0992,>=40,False,1,True,0,isoattenuating,0.374307,True,head,mask_ring,0.118497,inside,False,True,0,17.8305,10,517,1637,0.118497,0.996278,0,7.5,0,7.5,32.5,0,32.5,0,32.5,0,32.5,0,2,iso,0.2011,False,0.94,36,1.5-2.5,True,False,False,False,14,16,14,16,4,18,4,18,4,18,4,18,0.675,1,0.675,1
PanTS_00009765,1,0,test,Venous,0.699219,0.699219,2.5,2,2.5,1728,2112.08,18.2948,10-20,False,1,True,18,hyperattenuating,0,False,tail,mask_ring,0.921231,inside,False,True,67.7982,7.95928,6,65,1632,0.921231,1,98,100,98,100,100,82.5,100,82.5,98,100,98,100,21,hyper,1.293,True,0.675,,1.5-2.5,True,True,False,False,2,1,2,1,1,6,1,6,2,1,2,1,0.02,0,0.02,0
PanTS_00009766,1,1,test,Venous,0.949219,0.949219,2.5,2,2.5,12277,27654.4,56.2919,>=40,False,1,True,-26,hypoattenuating,0.731324,True,body,mask_ring,0.609138,inside,False,True,2.12252,18.7597,10,619,1130,0.609138,0.999674,100,100,100,100,100,100,100,100,100,100,100,100,-30,hypo,-2.742,False,0.655,42,1.5-2.5,True,False,False,True,1,1,1,1,1,1,1,1,1,1,1,1,0,0,0,0
PanTS_00009768,1,0,test,Venous,0.875,0.875,2.5,2,2.5,475,909.18,17.2934,10-20,False,1,True,-58,hypoattenuating,0,False,head,mask_ring,0.181055,inside,False,True,0,6.00971,6,35,1427,0.181055,1,77.5,76.5,77.5,76.5,57.5,66,57.5,66,77.5,76.5,77.5,76.5,-74,hypo,-6.764,True,0.63,,1.5-2.5,True,True,False,False,6,12,6,12,10,,10,,6,12,6,12,0.225,0.235,0.225,0.235
PanTS_00009769,1,1,test,Arterial,0.753906,0.753906,2.5,2,2.5,1333,1894.11,19.9452,10-20,False,1,True,-116,hypoattenuating,0,False,body,mask_ring,0.518669,inside,False,True,13.5912,7.67548,6,61,1483,0.518669,1,18.5,20,18.5,20,36,27,36,27,18.5,20,18.5,20,-124,hypo,-9.351,True,0.32,,1.5-2.5,True,True,False,False,31,36,31,36,19,36,19,36,31,36,31,36,0.815,0.8,0.815,0.8
PanTS_00009781,1,3,test,Non-contrast,0.90625,0.90625,2.5,2,2.5,5966,12249.5,36.1911,20-40,False,1,True,-17,hypoattenuating,0.689868,True,head,mask_ring,0.112654,inside,False,True,0.90625,14.3002,10,294,2129,0.112654,1,67.5,65,67.5,65,76.5,75,76.5,75,76.5,75,76.5,75,-26,hypo,-2.179,False,1,,1.5-2.5,False,False,False,False,4,,4,,3,8,3,8,3,8,3,8,0.235,0.25,0.235,0.25
PanTS_00009784,1,3,test,Venous,0.722656,0.722656,1,2,1,14853,7756.71,30.1461,20-40,False,1,True,-39,hypoattenuating,0.857036,True,head,mask_ring,0.267202,inside,False,True,3.58859,12.2799,10,188,1725,0.267202,1,100,42.5,100,42.5,100,80.5,100,80.5,100,80.5,100,80.5,-48,hypo,-6.295,False,0.995,,<=1.5,True,False,True,False,1,9,1,9,1,4,1,4,1,4,1,4,0,0.195,0,0.195
PanTS_00009787,1,0,test,Venous,0.931641,0.931641,2.5,2,2.5,9427,20455.5,39.0323,20-40,False,1,True,-48,hypoattenuating,0.939207,True,tail,mask_ring,0.844842,inside,False,False,,16.9658,10,442,2638,0.844842,1,78.5,85.5,78.5,85.5,85.5,51,85.5,51,85.5,51,85.5,51,-52,hypo,-2.432,False,1,,1.5-2.5,True,False,True,False,4,4,4,4,3,7,3,7,3,7,3,7,0.145,0.49,0.145,0.49
PanTS_00009788,1,1,test,Arterial,0.598958,0.598958,5,2,5,19763,35450,61.3842,>=40,False,1,True,-11,hypoattenuating,0.685756,True,tail,mask_ring,0.879431,abutting,False,False,,20.3787,10,397,1293,0.879431,0.601528,100,100,100,100,100,100,100,100,100,100,100,100,-9,iso,-3.016,False,0.27,3,2.5-5,True,False,False,False,1,1,1,1,1,1,1,1,1,1,1,1,0,0,0,0
PanTS_00009790,1,0,test,Arterial,0.830078,0.830078,2.5,2,2.5,9489,16345.5,48.8357,>=40,False,1,True,-41,hypoattenuating,0.672957,True,tail,mask_ring,0.814389,inside,False,True,27.9174,15.7436,10,391,974,0.814389,1,0,0,0,0,23.5,10,23.5,10,23.5,10,23.5,10,-40,hypo,-3.352,False,0.985,37,1.5-2.5,True,False,False,True,16,10,16,10,6,14,6,14,6,14,6,14,0.765,0.9,0.765,0.9
PanTS_00009797,1,0,test,Venous,0.761719,0.761719,2.5,2,2.5,930,1349,17.102,10-20,False,1,True,-17,hypoattenuating,0.674429,True,head,mask_ring,0.212753,inside,False,True,2.28516,6.85448,6,42,1720,0.212753,1,65,90.5,65,90.5,23,79,23,79,65,90.5,65,90.5,-19,hypo,-1.47,False,0.195,,1.5-2.5,True,True,False,False,17,,17,,,,,,17,,17,,0.35,0.095,0.35,0.095
PanTS_00009821,1,3,test,Venous,0.974609,0.974609,1.5,2,1.5,6948,9899.47,45.4174,>=40,False,1,True,-1,isoattenuating,0.205445,True,head,mask_ring,0.121416,inside,False,True,0,13.3201,10,261,1557,0.121416,1,0,71.5,0,71.5,76,8.5,76,8.5,76,8.5,76,8.5,-1,iso,-0.06557,False,0.275,27,<=1.5,True,False,False,False,32,39,32,39,3,27,3,27,3,27,3,27,0.24,0.915,0.24,0.915
PanTS_00009826,1,3,test,Venous,0.761719,0.761719,2.5,2,2.5,1533,2223.68,24.2412,20-40,False,1,True,-29,hypoattenuating,0.505471,True,head,mask_ring,0.235842,inside,False,True,1.70326,8.09707,10,63,2114,0.235842,0.913894,98.5,97.5,98.5,97.5,72,98,72,98,72,98,72,98,-31,hypo,-2.527,False,0.2,12,1.5-2.5,True,False,True,False,2,3,2,3,8,3,8,3,8,3,8,3,0.28,0.02,0.28,0.02
PanTS_00009832,1,1,test,Venous,0.976562,0.976562,2.5,2,2.5,18989,45273.3,60.9784,>=40,False,1,True,14,hyperattenuating,0.911771,True,head,mask_ring,0.151942,inside,False,True,0.976562,22.1098,10,920,1562,0.151942,1,100,100,100,100,100,100,100,100,100,100,100,100,5,iso,0.2957,False,0.12,4,1.5-2.5,True,False,False,False,2,2,2,2,2,2,2,2,2,2,2,2,0,0,0,0
PanTS_00009838,1,3,test,Venous,0.732422,0.732422,2.5,2,2.5,31945,42841.6,63.4976,>=40,False,1,True,12,hyperattenuating,0.165243,True,head,mask_ring,0.153736,inside,False,True,0,21.7066,10,872,1804,0.153736,0.990734,100,100,100,100,100,100,100,100,100,100,100,100,14,hyper,2.346,False,0.015,33,1.5-2.5,True,False,False,True,2,3,2,3,1,2,1,2,1,2,1,2,0,0,0,0
PanTS_00009862,1,3,test,Arterial,0.845703,0.845703,2.5,2,2.5,5865,10486.8,32.3097,20-40,False,1,True,17,hyperattenuating,0.711721,True,head,mask_ring,0.137642,inside,False,True,0.845703,13.5785,10,235,1306,0.137642,1,48,79.5,48,79.5,30.5,79.5,30.5,79.5,30.5,79.5,30.5,79.5,15,hyper,0.8537,False,0.025,3,1.5-2.5,True,False,True,False,9,4,9,4,7,4,7,4,7,4,7,4,0.695,0.205,0.695,0.205
PanTS_00009868,1,4,test,Venous,0.783203,0.783203,2.5,2,2.5,222,340.441,10.5078,10-20,False,1,True,0,isoattenuating,0,False,body,mask_ring,0.596637,inside,False,True,30.1229,4.33163,6,18,1950,0.596637,1,99.5,79.5,99.5,79.5,95.5,83.5,95.5,83.5,99.5,79.5,99.5,79.5,-1.5,iso,-0.1331,True,0.475,,1.5-2.5,True,False,False,False,2,26,2,26,6,17,6,17,2,26,2,26,0.005,0.205,0.005,0.205
PanTS_00009882,1,1,test,Venous,0.871094,0.871094,2.5,2,2.5,18,34.1462,4.46189,<5,False,2,False,-21,hypoattenuating,0,False,body,mask_ring,0.318222,inside,False,True,41.9722,2.01257,6,4,2848,0.318222,1,90.5,10.5,90.5,10.5,80.5,28,80.5,28,90.5,10.5,90.5,10.5,-21,hypo,-1.712,True,0.61,,1.5-2.5,True,False,False,False,,,,,,,,,,,,,0.095,0.895,0.095,0.895
PanTS_00009882,2,1,test,Venous,0.871094,0.871094,2.5,2,2.5,157,297.831,11.1974,10-20,False,2,True,-20,hypoattenuating,0,False,body,mask_ring,0.430998,inside,False,True,52.6718,4.1428,6,15,2848,0.430998,1,83.5,55.5,83.5,55.5,53.5,55,53.5,55,83.5,55.5,83.5,55.5,-29,hypo,-2.364,True,0.67,,1.5-2.5,True,True,False,False,27,,27,,,,,,27,,27,,0.165,0.445,0.165,0.445
PanTS_00009887,1,1,test,Venous,0.757812,0.757812,2.5,2,2.5,7024,10084.3,39.098,20-40,False,1,True,-76,hypoattenuating,0,False,head,mask_ring,0.253509,embedded,False,True,0,13.4025,10,134,1884,0.253509,0.541287,74,60,74,60,62.5,85.5,62.5,85.5,62.5,85.5,62.5,85.5,-88,hypo,-7.807,True,0.885,43,1.5-2.5,True,False,True,False,7,10,7,10,9,5,9,5,9,5,9,5,0.375,0.145,0.375,0.145
PanTS_00009892,1,2,test,Venous,0.699219,0.699219,2.5,2,2.5,1789,2186.64,22.0403,20-40,False,1,True,-43,hypoattenuating,0.687855,True,head,mask_ring,0.260852,inside,False,True,5.31515,8.05186,10,54,1295,0.260852,0.868642,42.5,65,42.5,65,73.5,44,73.5,44,73.5,44,73.5,44,-37,hypo,-2.937,False,0.645,33,1.5-2.5,True,False,True,False,18,,18,,11,29,11,29,11,29,11,29,0.265,0.56,0.265,0.56
PanTS_00009894,1,2,test,Venous,0.783203,0.783203,2.5,2,2.5,2693,4129.76,24.7089,20-40,False,1,True,-64,hypoattenuating,0.818511,True,head,mask_ring,0.175308,inside,False,True,0,9.9528,10,119,1129,0.175308,1,100,77,100,77,93.5,24,93.5,24,93.5,24,93.5,24,-77,hypo,-4.554,False,0.915,,1.5-2.5,True,False,True,False,1,17,1,17,5,24,5,24,5,24,5,24,0.065,0.76,0.065,0.76
PanTS_00009896,1,3,test,Venous,0.859375,0.859375,2.5,2,2.5,906,1672.76,17.892,10-20,False,1,True,-66,hypoattenuating,0.0702875,True,tail,mask_ring,0.784007,inside,False,True,41.5103,7.36402,6,51,2045,0.784007,1,98,84.5,98,84.5,49,46,49,46,98,84.5,98,84.5,-78,hypo,-5.882,False,0.9,,1.5-2.5,True,True,False,False,2,9,2,9,23,40,23,40,2,9,2,9,0.02,0.155,0.02,0.155
PanTS_00009897,1,3,test,Venous,0.84375,0.84375,2.5,2,2.5,2198,3911.97,29.4088,20-40,False,1,True,-108,hypoattenuating,0,False,body,mask_ring,0.539725,embedded,False,True,2.38649,9.77467,10,92,1217,0.539725,0.83576,100,74,100,74,57,69.5,57,69.5,57,69.5,57,69.5,-116,hypo,-10.29,True,0.985,,1.5-2.5,True,False,True,False,1,6,1,6,8,7,8,7,8,7,8,7,0.43,0.305,0.43,0.305
PanTS_00009901,1,3,test,Venous,0.830078,0.830078,3,2,3,4437,9171.67,33.993,20-40,False,1,True,-9,isoattenuating,0.519951,True,tail,mask_ring,0.810792,inside,False,False,,12.9853,10,220,1175,0.810792,1,0.5,45,0.5,45,39.5,47.5,39.5,47.5,39.5,47.5,39.5,47.5,-14,hypo,-0.6811,False,0.985,,2.5-5,True,False,True,False,26,,26,,11,,11,,11,,11,,0.605,0.525,0.605,0.525
