case,dice,pred_vol_mm3,ref_vol_mm3,tp_mm3,precision,recall,largest_lesion_diam_mm,mpd_dilated,either_duct_dilated
PanTS_00000099,0.0,1739.1301209491355,4424.161748018145,0.0,0.0,0.0,29.481111619247347,False,False
PanTS_00000128,0.6134633857976798,58684.30568951546,43276.7559225288,31274.68903802525,0.5329310566183079,0.7226671309192201,81.38065508305203,True,True
PanTS_00000167,0.3856906658650233,8969.1110135015,2169.8651994582683,2148.0995763155547,0.23949971999253317,0.9899691358024694,20.75648591016444,True,True
PanTS_00000180,0.0,13727.72741317749,305.4986000061035,0.0,0.0,0.0,9.062189557250123,False,True
PanTS_00000423,0.8234955369997121,4056.003542937708,3416.9409157480536,3076.968204987227,0.7586206896551725,0.9005037783375315,24.29429109780042,True,True
PanTS_00000463,0.0,14544.99053955078,592.1554565429688,0.0,0.0,0.0,10.739559337590393,False,False
PanTS_00000554,0.0,11762.8987396488,17404.25889152144,0.0,0.0,0.0,55.5240708517286,False,True
PanTS_00000557,0.0,11123.12516574748,287.18750427942723,0.0,0.0,0.0,13.377429825583214,False,False
PanTS_00000564,0.5203791469194313,4096.766824414787,1442.5974815866232,1441.2848360164808,0.35181031720602374,0.9990900818926297,16.477981475392316,True,True
PanTS_00000674,0.0,548.76708984375,337.4176025390625,0.0,0.0,0.0,10.588459685696735,True,True
PanTS_00000730,0.6940248027057497,5129.587247493269,7214.264864624283,4283.469763370668,0.8350515463917526,0.59375,37.444520432472665,False,True
PanTS_00000771,0.9173789173789174,10917.255545969403,11748.662068139343,10396.617481115407,0.9523105360443621,0.8849192717279286,40.69016707596446,False,False
PanTS_00000797,0.0,3830.427444259065,2017.636415267553,0.0,0.0,0.0,23.37604775055261,False,False
PanTS_00000814,0.0,0.0,16846.419050153825,0.0,,0.0,67.91230468132122,False,False
PanTS_00000836,0.764595967874119,10750.633656290673,8554.056694848188,7380.144201769591,0.6864845773487167,0.8627654065251165,34.45850264065228,False,False
PanTS_00000966,0.3362011912640635,1353.3029459418512,1471.0627326743604,474.7775528580528,0.35082872928176795,0.3227445997458704,19.20342824659107,False,False
PanTS_00001012,0.0737240075614366,22415.20278069816,866.2010534620528,858.1991961552433,0.03828647925033463,0.9907621247113156,14.842104796476152,True,True
PanTS_00001016,0.8162281671456998,31212.370426365876,22537.316015078195,21936.004024377984,0.7027984009137636,0.9733192723437913,47.3443582956719,True,True
PanTS_00001055,0.8412817311693717,11603.759765625,14796.38671875,11104.98046875,0.9570157167203182,0.7505197505197505,35.98095199199154,True,True
PanTS_00001121,0.0,0.0,2638.671914319275,0.0,,0.0,23.277299294158023,False,False
PanTS_00001182,0.8238309162721983,66679.65099333512,91472.77482205388,65145.42893508139,0.9769911504424779,0.7121838061850834,72.60415725706466,False,False
PanTS_00001261,0.0,1549.1385498046875,272.40203857421875,0.0,0.0,0.0,9.172462249619953,False,False
PanTS_00001275,0.0,5563.602714538574,3165.1808166503906,0.0,0.0,0.0,22.6601041475278,False,False
PanTS_00001326,0.0,0.0,6088.536456579061,0.0,,0.0,28.965874152015893,False,False
PanTS_00001477,0.0226585754170608,5899.790126976222,11241.123214380788,194.1943388312207,0.03291546557618817,0.01727535008092319,49.13964159638024,False,False
PanTS_00001488,0.5025188916876574,12403.106756387882,5408.553154214358,4475.347798696658,0.36082474226804123,0.827457486520116,34.630625445985274,True,True
PanTS_00001500,0.1903599755948749,620.7220458984375,1981.23046875,247.65380859374994,0.3989769820971866,0.12499999999999997,21.1806600777248,True,True
PanTS_00001618,0.235671796808611,11842.49158026345,2665.7592383103147,1709.5927694816403,0.14436090225563905,0.6413155190133606,25.593329954546043,True,True
PanTS_00001655,0.8207105704162874,73131.70350735157,90440.98805646392,67122.91849893323,0.9178361132006954,0.7421736531342095,67.54752480893174,False,False
PanTS_00001669,0.0492721164613661,2669.625,344.25,74.24999999999989,0.027812895069532197,0.2156862745098036,16.635804759614125,False,True
PanTS_00001736,0.5438981895310961,9461.0,3740.0,3590.0,0.3794524891660501,0.9598930481283422,32.14031735997639,False,False
PanTS_00001749,0.4799195344493139,32519.07033962973,17259.10408655593,11944.759148175883,0.3673155174309909,0.692084542063821,50.1516512184108,False,True
PanTS_00001941,0.2541416989777934,18726.792415959797,3481.5512287587494,2822.0330926757256,0.15069495245062176,0.8105677346824057,22.171803461825306,False,True
PanTS_00001946,0.2570099947396107,84633.58309984907,78983.9996532863,21025.67704134557,0.2484318431436358,0.26620172609188386,87.88289698957995,True,True
PanTS_00002091,0.6789517380789084,10512.207187894091,16541.504152737616,9184.082168103487,0.8736587858237725,0.55521445228326,46.65859811994652,False,False
PanTS_00002095,0.1092896174863388,5863.59566842907,2491.6434087104108,456.5704413737422,0.0778652668416448,0.1832406835495162,30.616287671586463,False,False
PanTS_00002107,0.0,853.1694463069653,612.1794036534338,0.0,0.0,0.0,24.57531673852068,False,False
PanTS_00002187,0.0,0.0,7625.773601531982,0.0,,0.0,35.075999172169354,True,True
PanTS_00002235,0.0,0.0,4955.03047560587,0.0,,0.0,31.325907619370746,True,True
PanTS_00002249,0.6823509468687945,37412.109375,63403.3203125,34395.751953125,0.9193748368572174,0.5424913361571043,77.46287543276779,False,False
PanTS_00002275,0.1663610165051087,594.6573600769043,4848.525238037109,452.76669502258295,0.7613908872901678,0.09338235294117646,27.9326829960516,False,False
PanTS_00002353,0.0,10381.5,3017.25,0.0,0.0,0.0,29.008619408720573,False,False
PanTS_00002572,0.0,4625.806484604656,2428.957044566261,0.0,0.0,0.0,26.51086470740525,False,False
PanTS_00002720,0.0,0.0,732388.1467364802,0.0,,0.0,147.43031698139362,False,False
PanTS_00002849,0.7354181438220696,15968.659152334603,18145.59598419909,12544.121095191058,0.785546298879898,0.6913038902725647,49.44078077650433,True,True
PanTS_00002875,0.7774629278723293,45758.68273828591,44222.57380916884,34978.54558450768,0.7644132980087169,0.7909658477918677,70.2386300915868,True,True
PanTS_00002915,0.0,3356.0,1554.0,0.0,0.0,0.0,27.53179979587241,False,False
PanTS_00003012,0.0,886.5341949462891,17734.08058166504,0.0,0.0,0.0,48.38248151151318,False,True
PanTS_00003033,0.0,854.8723899215902,1166.5670459446385,0.0,0.0,0.0,17.111823924205172,False,False
PanTS_00003079,0.4462288182522981,12236.743927001951,19195.848083496094,7013.064193725585,0.5731152204836415,0.3653427638737758,46.17507821217405,True,True
PanTS_00003113,0.4598164316095813,12948.584917083284,4939.563783894304,4112.632351892541,0.3176124942013298,0.8325901905147952,31.08980679597491,True,True
PanTS_00003151,0.4582314760178707,37452.003914315006,55003.12509109939,21182.925114786845,0.5656019144729997,0.38512221041445277,103.486524208976,True,True
PanTS_00003160,0.0,19983.375,2571.75,0.0,0.0,0.0,25.937424698685877,False,False
PanTS_00003162,0.4091710758377425,4506.752027003865,1860.3453134725253,1302.6160343831766,0.2890365448504983,0.7002012072434607,23.434093726580475,False,True
PanTS_00003270,0.7039741478420284,7029.6111321174885,6858.294028406584,4888.363100345421,0.6953959484346225,0.7127666268168376,32.67382213115666,True,True
PanTS_00003287,0.0,2447.5592731968472,3062.829698226994,0.0,0.0,0.0,24.95345246685324,True,True
PanTS_00003370,0.0,6231.683460351572,315.8566298464191,0.0,0.0,0.0,11.224472011538108,False,False
PanTS_00003391,0.1714814814814814,4178.973398208618,5035.586156845093,790.0631618499752,0.1890567578603511,0.1568959674686546,45.366448261222025,True,True
PanTS_00003473,0.2475605348753162,6026.55029296875,7653.076171875,1693.2678222656248,0.28096800656275633,0.22125322997416016,31.5815420590592,False,True
PanTS_00003493,0.3046234730168548,2368.6715698242188,12827.95446395874,2314.624500274658,0.9771825396825397,0.18043597728521707,43.83985110271534,False,False
PanTS_00003513,0.0,19.0,102.0,0.0,0.0,0.0,9.433981132056603,False,True
PanTS_00003521,0.0,3971.83998317936,1459.7072932532053,0.0,0.0,0.0,19.023212685801315,False,False
PanTS_00003527,0.1231078449846115,14673.0,1248.0,979.9999999999998,0.06678934096640085,0.78525641025641,25.019992006393608,True,True
PanTS_00003558,0.6397668789509553,32448.11963424021,26460.743149830087,18843.96964295737,0.5807414992107173,0.7121481636496809,62.17291575742057,True,True
PanTS_00003587,0.0,3849.4873046875,2103.8818359375,0.0,0.0,0.0,32.19752574441862,False,False
PanTS_00003602,0.2021902017291066,10307.649505794578,1638.7579040608614,1207.7232620683826,0.11716766867067467,0.7369747899159663,21.38718657221849,True,True
PanTS_00003639,0.2930172932527535,5600.63646040911,27381.04915373696,4832.102122785181,0.8627773212818405,0.1764761494584913,64.50337629382484,False,False
PanTS_00003654,0.8430884492569867,92642.95330807942,85230.79299899656,74981.65046878168,0.809361616737692,0.8797483612485507,89.8446660444852,False,False
PanTS_00003736,0.0,97.65625145519152,2025.6042782307304,0.0,0.0,0.0,20.42704933559215,False,False
PanTS_00003746,0.2692020879940343,5427.0,3624.75,1218.375,0.22450248756218905,0.3361266294227188,33.237779709240506,False,False
PanTS_00003776,0.0,7800.4855542381,1291.0141936168857,0.0,0.0,0.0,19.809778240560664,False,True
PanTS_00003812,0.0,2594.838814402747,7300.799320825239,0.0,0.0,0.0,29.047812659488635,True,True
PanTS_00003849,0.8109102053325161,1524.0387275552962,1194.899691259866,1102.4074557439349,0.7233460907599781,0.9225941422594143,16.601470017047664,False,False
PanTS_00003889,0.0,0.0,6644.543602599711,0.0,,0.0,37.79613665530174,False,False
PanTS_00003919,0.7948604342046965,11541.412353515623,10775.115966796877,8869.2626953125,0.7684729064039411,0.8231245698554713,33.197609836072914,False,False
PanTS_00003937,0.7873972727479682,8936.103648783319,8437.368289789083,6839.912211297633,0.7654244489687527,0.8106689167018235,31.965149957205764,False,False
PanTS_00004029,0.8098360655737705,23117.796301756127,26968.14188091962,20280.699559214605,0.8772765057054334,0.7520243570641965,46.14801684101853,True,True
PanTS_00004058,0.4968139337298216,31235.73981266285,11358.862081042203,10580.795861233657,0.33874004344677766,0.9315013938669853,37.38278511047261,True,True
PanTS_00004117,0.0,1430.7456898507037,5383.962624149051,0.0,0.0,0.0,26.29745769790373,False,False
PanTS_00004123,0.295716259788116,1589.625,5737.5,1083.3749999999998,0.681528662420382,0.18882352941176467,27.248853186877422,False,False
PanTS_00004155,0.0021703870523576,96.8994140625,42271.380615234375,45.977783203123515,0.474489795918352,0.0010876811339952633,104.5725301525214,True,True
PanTS_00004426,0.0,16830.66497039795,640.3970489501953,0.0,0.0,0.0,15.716296268007582,False,False
PanTS_00004438,0.0,223.1597900390625,2011.2991333007808,0.0,0.0,0.0,20.817902651342692,False,False
PanTS_00004448,0.885115126609053,10574.14172999671,11973.58033266509,9978.664934119319,0.9436855670103093,0.8333902355752817,33.814555530480376,True,True
PanTS_00004513,0.5829761175750153,8468.605041503906,4717.790222167969,3843.6767578125,0.4538736591179976,0.8147197261446298,34.50962982677806,True,True
PanTS_00004542,0.0,76.8511962890625,7058.175659179688,0.0,0.0,0.0,35.484901333613,True,True
PanTS_00004571,0.752931640097271,10303.711091037258,7767.578240745934,6803.222757625917,0.660269168799166,0.8758486296203168,32.829724295077504,False,False
PanTS_00004597,0.4552472858866104,18871.30154874561,7064.223955084151,5903.538796830731,0.3128315649867374,0.8356953055801593,35.0989329785045,True,True
PanTS_00004671,0.3243953732912723,4529.636306762695,6002.598724365234,1708.30415725708,0.37713936430317846,0.2845940959409594,34.816336127636106,True,True
PanTS_00004707,0.6418733762767358,30670.967611212083,14595.25009494099,14527.589995163116,0.47365933084720835,0.995364238410596,40.074786036416896,False,False
PanTS_00004735,0.0,11263.087384289654,2058.758918200917,0.0,0.0,0.0,17.19877590371602,False,False
PanTS_00004796,0.0453629401634238,26658.0,633.0,618.9999999999994,0.02322004651511739,0.9778830963665078,21.283796653792763,False,False
PanTS_00004856,0.0,1458.6322670977213,144.54120350696454,0.0,0.0,0.0,9.34639910239239,False,False
PanTS_00004963,0.829357962697274,12163.6074128062,16140.732674333023,11737.214915080285,0.9649452269170579,0.7271798097334697,47.18548154922995,True,True
PanTS_00004964,0.696152320507735,4948.668547889793,3094.9119867524823,2799.778627191034,0.5657640232108317,0.9046391752577319,23.071457093025792,True,True
PanTS_00005056,0.8190081693706133,38620.98650728342,35974.5376948353,30547.171860009264,0.7909474775909326,0.8491331318593923,59.24400822940482,True,True
PanTS_00005062,0.8468651559800833,16952.701225137265,17431.373951403508,14559.337593806056,0.8588211046990931,0.8352375225496091,44.1769034522868,True,True
PanTS_00005137,0.8333876044719418,28154.419677381426,24209.902213749105,21819.888390323467,0.7750075704047643,0.9012794928982275,43.48422100882701,True,True
PanTS_00005180,0.0,1568.5590810419942,3030.1014606483745,0.0,0.0,0.0,26.68994164888229,False,False
PanTS_00005188,0.7766695357197104,44556.427001953125,28678.024291992188,28439.483642578125,0.6382801664355062,0.9916821100719735,57.52318868359198,False,True
PanTS_00005207,0.7907786363250403,36461.878537199234,33278.92190660204,27574.767535582967,0.7562629420601729,0.828595578095111,56.83431753804594,True,True
PanTS_00005210,0.7324591447304042,12463.956951938017,20460.73636377985,12057.996353270784,0.967429236138038,0.5893236753011576,43.09546796826013,True,True
PanTS_00005242,0.6698851774530271,7857.30667103359,4131.225745211967,4015.470082529011,0.5110491738005175,0.9719803104884513,25.82147627556467,True,True
PanTS_00005392,0.5409214092140922,14913.447594364294,33017.06711635825,12963.320780840408,0.8692370224131926,0.39262484263533365,72.29335662582949,False,False
PanTS_00005514,0.0,2975.064299910059,969.2655530025578,0.0,0.0,0.0,12.203356942099193,False,True
PanTS_00005571,0.5709709709709709,13971.631306631394,6124.8262792652695,5737.246950448176,0.410635438663851,0.9367199474490912,32.0492308595505,False,True
PanTS_00005742,0.0,7045.049876901344,1613.346919861823,0.0,0.0,0.0,20.199760377120544,False,False
PanTS_00005782,0.0,3721.0,126.0,0.0,0.0,0.0,8.774964387392123,False,False
PanTS_00005905,0.0,1356.7245483398438,4916.267395019531,0.0,0.0,0.0,47.45555589344888,True,True
PanTS_00006056,0.1857744395129168,21867.88787841797,2333.367919921875,2247.9873657226562,0.1027985591576614,0.9634088762983947,40.66393116573412,True,True
PanTS_00006064,0.3737766772786228,8491.058349609375,1991.1346435546875,1958.9996337890625,0.23071324599708878,0.983860955927995,21.524252763597858,True,True
PanTS_00006079,0.7158814958717824,8030.290841754155,4543.373677768131,4500.626882412785,0.5604562737642586,0.9905913978494623,25.771425429079237,True,True
PanTS_00006178,0.0,2146.5,1208.25,0.0,0.0,0.0,17.684739183827393,False,False
PanTS_00006257,0.0,185.07643708402568,949.2965565040192,0.0,0.0,0.0,32.126676041338584,False,False
PanTS_00006287,0.0145283204083636,4416.205990241726,24834.698055657147,212.48325310655903,0.0481144343302991,0.008555902416464332,52.74574654721663,False,False
PanTS_00006300,0.0170764021787133,38317.23980636629,37620.427218231445,648.3710713126228,0.016921131965379664,0.01723454833597456,78.96329816191206,False,True
PanTS_00006350,0.5477567951097042,14657.625,16260.75,8467.875,0.5777112594980428,0.520755500207555,48.303726564313855,True,True
PanTS_00006432,0.8630513557415969,9454.662242323378,9244.37690887247,8069.115545252387,0.8534536018781662,0.8728674333375457,35.213377097422125,True,True
PanTS_00006447,0.0,427.86311401237725,5983.971265973105,0.0,0.0,0.0,31.96766853029993,False,False
PanTS_00006483,0.7570298094652735,29671.15781587842,42026.56614800787,27138.65715573731,0.9146477304372042,0.6457500491513206,81.90643839313665,False,True
PanTS_00006523,0.1155371615795826,2442.871130151616,388.6718807916623,163.5742211874457,0.06695982410553664,0.42085427135678355,12.9286277682455,False,False
PanTS_00006576,0.1924745806618742,1222.656268218998,6316.894625379064,725.5859483120729,0.5934504792332266,0.11486434258328823,32.65262803517203,False,True
PanTS_00006741,0.0,3343.326416015625,1019.190673828125,0.0,0.0,0.0,25.51704584990688,False,False
PanTS_00006795,0.1349671382421744,2230.225567753416,28675.509106100268,2085.6292821009865,0.9351651744365543,0.07273207510925417,91.043152629626,False,False
PanTS_00006802,0.0,1802.442697808576,1170.6340801904907,0.0,0.0,0.0,15.501901925931325,True,True
PanTS_00006879,0.7207513681408075,5434.735092125646,8608.545610286543,5060.856889724493,0.9312058092872157,0.5878875618289299,29.482949329572275,True,True
PanTS_00006903,0.4796853458762468,18329.0,6333.0,5914.999999999999,0.322712641169731,0.9339965261329543,33.31666249791537,False,False
PanTS_00007048,0.0,1103.3289223213994,1122.4997037792016,0.0,0.0,0.0,19.11781829273625,False,True
PanTS_00007053,0.4553359683794466,18934.678149321797,6592.730844488362,5811.773747207372,0.3069380795054886,0.881542699724518,40.18340806750818,True,True
PanTS_00007065,0.7529780564263323,11577.665060208008,13126.516573279314,9300.85333599319,0.8033444816053512,0.7085545722713865,39.90178722216176,True,True
PanTS_00007067,0.5163777577667717,9029.354055506934,7218.728065036635,4195.074106708331,0.46460401053271216,0.5811375728401318,43.13836299527622,False,False
PanTS_00007194,0.3318654218777523,12579.917907714844,3662.109375,2695.0836181640625,0.21423697975892655,0.7359375,27.569170155563373,False,False
PanTS_00007201,0.0,750.5859375,344.53125,0.0,0.0,0.0,12.535106950082238,False,False
PanTS_00007242,0.6101783112467911,20195.281229455908,19501.21905832425,12110.971754002729,0.5996931469485169,0.6210366499540994,50.46965411576,True,True
PanTS_00007278,0.5036262438859841,6873.9439464804855,2677.406805495797,2405.1554516276924,0.3498945394891024,0.898315282791817,22.593611309079336,True,True
PanTS_00007309,0.6626600470342304,3667.8125,5376.46484375,2996.640625,0.8170103092783505,0.5573626373626374,33.20044474476208,True,True
PanTS_00007315,0.7750958718700655,9305.914809904823,6038.373957924109,5946.64744036321,0.6390180397991446,0.9848094009744913,29.12946282088296,True,True
PanTS_00007364,0.1280974380512389,8150.72078704834,561.6770553588867,558.0179214477536,0.06846240179573508,0.9934853420195434,12.237819298854117,False,False
PanTS_00007516,0.3728028091378642,44164.52551444022,23290.330296159093,12573.679868090503,0.2847008933443508,0.5398669623059867,46.02556616630957,False,True
PanTS_00007533,0.0122448979591836,2069.82421875,2236.81640625,26.36718749999984,0.012738853503184636,0.011787819253438043,22.38250572433748,False,True
PanTS_00007555,0.3421406180026869,3514.2898559570312,1809.5970153808596,910.7589721679686,0.2591587516960651,0.5032938076416336,24.39417940348745,False,False
PanTS_00007575,0.0569433252753156,17178.0418488238,574.5882145130514,505.44689409446846,0.029424011103400417,0.8796680497925311,13.246100299163064,True,True
PanTS_00007602,0.0,6114.746184866817,779.2968866124284,0.0,0.0,0.0,18.46331783025205,False,False
PanTS_00007615,0.0600082203041512,11787.0,378.0,364.99999999999966,0.030966318825825033,0.9656084656084647,15.297058540778355,False,False
PanTS_00007622,0.8195226602306248,14138.207933868858,12533.652463465192,10929.096993061525,0.7730185497470489,0.8719802168537187,41.18946415884441,True,True
PanTS_00007636,0.6493341788205453,10839.149951934814,7842.095375061035,6065.185546875,0.5595628415300546,0.7734138972809668,30.984664569373063,False,False
PanTS_00007728,0.5019775228100404,33705.7440542134,12943.23223023218,11708.368778445158,0.3473701325095521,0.9045938889280926,46.383160837030736,True,True
PanTS_00007765,0.8755633145223499,17407.14884237742,21122.27990821552,16867.47717176094,0.9689971243709562,0.7985632822335778,42.12476659600315,True,True
PanTS_00007786,0.8355036671157012,7101.809544651892,6674.958622543023,5755.270162347105,0.8103948896631823,0.8622181031819587,27.83871541838499,True,True
PanTS_00007858,0.0772086117297698,403.3172828146502,4845.652571787608,202.63283774262598,0.5024154589371975,0.04181745074386808,27.651579661216203,False,False
PanTS_00007862,0.0209920920201294,5064.223708275313,7195.322372843657,128.67675972993308,0.025408980160111377,0.017883390494855458,31.006911261992283,False,False
PanTS_00007989,0.2242990654205607,10676.944284439089,1373.651933670044,1351.4687347412107,0.12657823237973465,0.9838509316770184,28.368257973575364,False,True
PanTS_00008045,0.0,2450.890090942383,319.7450866699219,0.0,0.0,0.0,11.765474559131157,False,False
PanTS_00008063,0.0,3900.5474853515625,1882.803955078125,0.0,0.0,0.0,21.12061368108477,False,False
PanTS_00008086,0.6571916744330537,5750.357055664063,11609.923706054688,5704.5159912109375,0.9920281359906212,0.49134827546161886,42.72916158784302,False,True
PanTS_00008302,0.6567940133910989,19837.92183777205,15126.837140467676,11482.322188285263,0.5788067057721009,0.7590695980700076,38.81331548874808,True,True
PanTS_00008339,0.0,0.0,148.43750221189111,0.0,,0.0,9.612239967073275,False,False
PanTS_00008392,0.5852307692307692,6007.5,4961.25,3209.625,0.5342696629213484,0.6469387755102041,27.4135003237456,False,False
PanTS_00008408,0.0,1754.0253067016602,6688.112754821777,0.0,0.0,0.0,51.163609669141024,True,True
PanTS_00008445,0.3756747031306225,2509.28973197937,944.5568084716796,648.7613868713379,0.2585438335809807,0.686842105263158,20.74382543041541,True,True
PanTS_00008451,0.1329758713136729,833.0078249127837,988.2812647265382,121.09375180443746,0.145369284876905,0.12252964426877468,23.79606882053516,False,False
PanTS_00008574,0.513598036498951,2944.3750438746065,4949.687573756091,2027.1875302074477,0.6884950116748036,0.40955868426036995,31.436851531786186,False,False
PanTS_00008673,0.6084979891589438,9827.779862580472,9613.615168238524,5915.02489134902,0.6018678657903839,0.6152758132956152,39.57382970435148,True,True
PanTS_00008691,0.0,5309.326067648592,43182.372602208336,0.0,0.0,0.0,87.58371767532401,False,False
PanTS_00008699,0.0,1545.0,549.0,0.0,0.0,0.0,19.82422760159901,False,True
PanTS_00008722,0.0,348.90521365451855,2592.1730904025885,0.0,0.0,0.0,22.55566777981493,False,False
PanTS_00008913,0.0,2214.297408762341,1749.463983258796,0.0,0.0,0.0,18.646481700964987,False,False
PanTS_00008974,0.6863144357517951,5692.840576171875,5839.9200439453125,3957.550048828125,0.6951801997394702,0.6776719576719576,30.059551895466605,True,True
PanTS_00008989,0.7396874920082858,14091.462707519531,12221.438598632812,9731.661987304688,0.6906069433169381,0.7962779429578241,36.74171157064713,True,True
PanTS_00009020,0.8729266674472154,15771.252119064333,16355.53510093689,14022.164651870728,0.8890964741423857,0.857334508796811,41.497510950291705,False,False
PanTS_00009037,0.3983854046268471,39269.75483894348,80720.09590148926,23901.102619171143,0.608638956805216,0.29609854091774157,102.31453462790252,False,False
PanTS_00009041,0.6694804696492979,8982.433636485226,8122.6507880418785,5725.759976961647,0.6374397194213064,0.704912734324499,32.840825165324055,True,True
PanTS_00009087,0.877896985741489,18712.824588775635,19343.832275390625,16704.912174224854,0.8926985926135826,0.863578216374269,39.56980011467992,False,True
PanTS_00009152,0.8084628346751545,10687.362824793932,15250.779335411033,10485.01196852322,0.981066343532263,0.6875066341152744,37.81102550406336,True,True
PanTS_00009161,0.2424865142563575,9709.875,3429.0,1592.9999999999995,0.16405978449774067,0.4645669291338581,22.94558781116753,False,False
PanTS_00009182,0.7197848377878635,4473.621359122641,5109.948487985962,3449.054133914863,0.7709758732445086,0.6749684741488021,37.35678898319665,True,True
PanTS_00009301,0.0,0.0,531.5272324207216,0.0,,0.0,14.565626529761063,False,False
PanTS_00009321,0.0,1612.6666564941406,388.43299865722656,0.0,0.0,0.0,11.658318466456988,False,False
PanTS_00009341,0.2630494505494505,4279.754638671875,1096.710205078125,707.1380615234374,0.16522864538395166,0.6447811447811447,16.60758162942832,False,False
PanTS_00009382,0.5466376180101671,12741.417694091797,5236.420822143555,4913.681411743165,0.385646364456103,0.9383664106911341,28.88766294307139,False,False
PanTS_00009383,0.6065486591202613,28642.404373168945,12617.879373550417,12513.18489074707,0.4368762038171949,0.991702687931634,40.43077052633036,True,True
PanTS_00009407,0.8786842533789285,17791.545548973874,19224.111554215928,16262.537512523384,0.9140598531902882,0.8459448160535118,43.76006825367082,True,True
PanTS_00009408,0.7668303327877796,54927.405424985256,42188.43505653143,37235.686137703175,0.6779072459294698,0.882604109107349,51.42765072700912,False,False
PanTS_00009421,0.443985036424493,6586.607438439984,2543.6816390263584,2026.8558643125225,0.30772379912663755,0.7968197879858658,19.26360179666138,True,True
PanTS_00009460,0.7039294757572916,9126.047299909207,5480.833870750036,5141.107102455607,0.5633443410387271,0.9380154961259684,29.470239984647097,True,True
PanTS_00009483,0.8470767183192318,37658.46215738065,48727.04103380198,36587.57427677125,0.9715631542219119,0.7508679677756428,63.04486600924616,False,False
PanTS_00009544,0.5006593933581105,12685.748291015623,9765.3076171875,5620.166015624999,0.4430299172501591,0.5755237045203968,35.28746692900505,True,True
PanTS_00009739,0.6294842395740216,10100.432861328123,4675.211730957031,4650.5177001953125,0.46042756424835124,0.9947180936002948,26.292368384265163,False,False
PanTS_00009760,0.374307083150022,9734.660376952032,23745.265537425283,6265.886706544703,0.6436677258284158,0.2638794119471497,59.09923852061932,False,True
PanTS_00009765,0.0,11919.557383993164,2112.079077065237,0.0,0.0,0.0,18.294838772841423,True,True
PanTS_00009768,0.0,15178.515625,909.1796875,0.0,0.0,0.0,17.293423605521262,True,True
PanTS_00009787,0.8731647434323594,23734.22730139573,20455.52758916233,19292.46799567649,0.8128542695191077,0.9431420388246524,39.03232185935714,False,False
PanTS_00009790,0.6729567454968753,11770.346360252248,16345.502211683532,9460.374975926436,0.8037465242206936,0.5787754241753609,48.83570438484407,False,False
PanTS_00009797,0.6744290192566055,1890.0530249115068,1349.0017752630094,1092.2562761000497,0.5778971603990791,0.8096774193548388,17.102031802780985,True,True
PanTS_00000026,0.0,49691.50338524736,14325.834780225729,0.0,0.0,0.0,55.0218621413647,False,False
PanTS_00000035,0.0,393.75,2635.3125,0.0,0.0,0.0,25.409151894543825,True,True
PanTS_00000047,0.1859535386277687,2735.3516032599146,6302.734468918061,840.3320437719227,0.3072117101035343,0.13332816857762622,44.00394213356421,False,False
PanTS_00000049,0.0,745.2498354951575,11959.32523822816,0.0,0.0,0.0,37.86224531588881,False,False
PanTS_00000091,0.0,1509.6421966552734,2710.4669494628906,0.0,0.0,0.0,28.466972957217,False,False
PanTS_00000246,0.0,19984.998779296875,261936.7437744141,0.0,0.0,0.0,101.9002125626463,False,False
PanTS_00000252,0.0,548.3398519209004,6284.179781141575,0.0,0.0,0.0,32.65262803517203,False,True
PanTS_00000449,0.4612630532073595,22332.763671875,69723.5107421875,21231.0791015625,0.9506695818529652,0.3045038735939073,64.1251599047714,True,True
PanTS_00000451,0.0,23773.5,445.5,0.0,0.0,0.0,15.074813431681337,False,False
PanTS_00000482,0.0,0.0,404.7312560309656,0.0,,0.0,21.48717026027549,False,False
PanTS_00000656,0.8079826284768896,8679.615487881543,9584.21422998234,7378.428570746994,0.8500870322019146,0.7698522167487682,35.688977887620794,False,False
PanTS_00000675,0.0,1972.239013671875,3371.247802734375,0.0,0.0,0.0,21.528692926897,False,False
PanTS_00000715,0.3466432645897323,6138.046436373807,1787.51040696665,1373.6704489335148,0.22379603399433423,0.7684824902723734,17.349581540086035,True,True
PanTS_00000723,0.2227691330581137,15243.20272273082,2102.843125631038,1932.0817978129319,0.12675038395519017,0.9187950229207598,21.663322134812187,False,False
PanTS_00000727,0.8615870701178758,31009.77245386521,25690.464747080645,24426.095622475765,0.7876902566381514,0.950784497787314,52.55962505960348,True,True
PanTS_00000761,0.6352804417320547,2717.9360389709477,1302.015781402588,1276.8983840942385,0.4698044272512358,0.980708838043966,19.561265997920643,False,False
PanTS_00000855,0.0,24056.015507144293,1093.1771353818858,0.0,0.0,0.0,17.388884467019274,False,False
PanTS_00000871,0.6023023402909551,12911.069839785092,9391.715677347278,6716.509955988022,0.5202132773917223,0.7151526075462629,39.64290700735937,False,False
PanTS_00001085,0.4527234142890827,15645.011882301424,4577.632248402733,4577.632248402732,0.29259372142639434,0.9999999999999998,25.02820366798952,True,True
PanTS_00001111,0.0,428.2226626310148,667.4804786962341,0.0,0.0,0.0,13.139352344478349,False,False
PanTS_00001268,0.6423590538261702,7540.985569327064,6425.146310187169,4485.635629868138,0.5948341352241074,0.6981375074301566,29.242402663314238,True,True
PanTS_00001277,0.0,0.0,2054.443359375,0.0,,0.0,20.454694601728963,True,True
PanTS_00001297,0.3972269520797859,25408.659501352355,6347.819699091373,6307.264720788689,0.2482328798358288,0.9936111956191055,29.989526466094627,True,True
PanTS_00001352,0.0,0.0,11620.11736065324,0.0,,0.0,53.739536091541645,False,False
PanTS_00001436,0.5739273384843006,25801.485790322942,16083.238286997312,12019.394106422857,0.4658411614005124,0.7473242572138026,44.64182477451912,False,False
PanTS_00001438,0.2382220347473043,53248.35345615971,37186.10946788408,10771.740884522682,0.2022924688815259,0.28967109059434504,66.38007963129958,True,True
PanTS_00001519,0.4584905660377358,578.2842636108398,660.0618362426758,283.8850021362304,0.4909090909090908,0.43008849557522116,15.309821692586398,False,False
PanTS_00001541,0.4293907585759117,2814.2852783203125,8607.23876953125,2452.1484375,0.8713219148001756,0.2848937392303274,33.98392600278108,False,False
PanTS_00001592,0.6056302307887396,8184.08935546875,4382.057189941406,3805.2191162109375,0.4649532710280374,0.8683636363636363,24.88638244602859,False,True
PanTS_00001601,0.0,282.49326868451067,7654.51011991666,0.0,0.0,0.0,38.93984432837768,True,True
PanTS_00001612,0.3043671730977051,20742.109375,5220.185546875,3951.035156249999,0.19048376830044553,0.7568763831805246,35.47033311444932,False,False
PanTS_00001678,0.0,2457.0,695.25,0.0,0.0,0.0,20.402205763103165,False,False
PanTS_00001787,0.0,5591.3444261067625,1054.3001142447072,0.0,0.0,0.0,19.447600242154085,False,False
PanTS_00001850,0.8008071748878923,10702.5995641041,15881.046045109691,10644.18706926771,0.9945422143016259,0.6702447080018015,46.440703022531565,True,True
PanTS_00001856,0.1067429116035263,3696.5830399518586,2643.6535839459552,338.38765874508215,0.09154066203514503,0.12799999999999995,26.62733942287013,True,True
PanTS_00001876,0.6267381533165761,17071.428240214704,9288.54377110357,8260.400089925124,0.48387281800279147,0.8893105629348514,39.402128811698645,False,True
PanTS_00001913,0.0,0.0,12759.969859494444,0.0,,0.0,46.897416398465744,False,False
PanTS_00002014,0.4071474154435227,23466.979638293004,11830.349113103748,7185.608086595766,0.306200806296794,0.6073876618431074,36.46780266824697,True,True
PanTS_00002028,0.4768385864374403,14696.10686414294,5273.813819513982,4761.214375031384,0.3239779364049319,0.9028028933092225,25.62300022611657,False,True
PanTS_00002081,0.0,1210.95703125,8594.43115234375,0.0,0.0,0.0,36.90466232825468,False,False
PanTS_00002098,0.0,3805.241531998636,1225.176301514341,0.0,0.0,0.0,18.101742901962176,False,False
PanTS_00002276,0.0,1923.75,1869.75,0.0,0.0,0.0,21.106870919205434,False,False
PanTS_00002279,0.4554542458530154,20489.070605176566,7013.990623006325,6263.193005165674,0.30568458305684576,0.8929571397803144,35.87858677899998,True,True
PanTS_00002323,0.0,4533.144600251981,908.4014106076792,0.0,0.0,0.0,17.200587390545767,False,False
PanTS_00002329,0.1897773701325773,14560.570696766816,7182.3849394485605,2063.1604697751263,0.14169502780775292,0.287252839713925,27.349212141804053,False,False
PanTS_00002340,0.0,206.94732666015625,752.4490356445312,0.0,0.0,0.0,14.046136312612804,False,False
PanTS_00002388,0.7132632664904249,20684.465638526523,24539.38402495523,16128.255367123451,0.7797279199266934,0.6572396173727052,58.00389179298845,True,True
PanTS_00002445,0.1598655336632738,863.208050540587,9695.438452302527,843.9818289694371,0.9777270131353508,0.08704937204454158,51.74647755993167,False,False
PanTS_00002451,0.0,0.0,5925.9375,0.0,,0.0,29.04845090534089,False,False
PanTS_00002468,0.0,0.0,3207.0312977884896,0.0,,0.0,22.541611899863494,False,False
PanTS_00002483,0.0,3052.8259732250262,1080.8487099535569,0.0,0.0,0.0,16.523331469905816,False,False
PanTS_00002497,0.0,2582.7636972632245,4253.847406441957,0.0,0.0,0.0,32.347232113725006,False,False
PanTS_00002541,0.0,1634.8191586565515,4125.289280469603,0.0,0.0,0.0,21.998318943431325,False,False
PanTS_00002567,0.5745844729644435,12043.502807617188,5507.5531005859375,5042.2821044921875,0.4186723900045991,0.9155212872946697,27.77604703809561,True,True
PanTS_00002592,0.0975609756097561,89.47287399556608,1330.5482229663214,69.2693218030189,0.7741935483870968,0.052060737527114966,18.442712623611857,False,True
PanTS_00002616,0.0,472.2226745915171,4487.449370977016,0.0,0.0,0.0,25.55543411834008,False,False
PanTS_00002779,0.599727626459144,8503.906376718078,16593.750247266144,7525.879018394336,0.8849908130454756,0.45353695856873827,46.65859811994652,False,False
PanTS_00002898,0.6787163659925656,5870.194117133499,4441.415665212729,3499.3291595037117,0.5961181333493082,0.7878859857482187,28.210459176318093,False,False
PanTS_00002935,0.0,6193.125,17847.0,0.0,0.0,0.0,43.29260906898544,False,False
PanTS_00002993,0.7572613146801316,21356.0546875,14270.927734375,13489.4677734375,0.631646058732612,0.9452411240892795,37.97948665069079,True,True
PanTS_00003024,0.0,1752.0,357.0,0.0,0.0,0.0,17.832554500127006,False,False
PanTS_00003148,0.0,5593.75008335337,789.5507930152235,0.0,0.0,0.0,18.46331783025205,False,False
PanTS_00003188,0.0758506865189451,16884.82177734375,8456.649169921875,961.0839843749998,0.056919995783704005,0.11364832158265809,44.56881091357498,False,False
PanTS_00003202,0.0,39148.29553427187,5620.959597855209,0.0,0.0,0.0,33.417321959945426,False,False
PanTS_00003280,0.0,836.3800048828125,2963.3331298828125,0.0,0.0,0.0,39.10076251054767,False,False
PanTS_00003318,0.0,17501.41247587626,8475.232974556793,0.0,0.0,0.0,35.07486075869422,True,True
PanTS_00003431,0.0,7629.064947462329,5885.578156171419,0.0,0.0,0.0,30.617431174260133,True,True
PanTS_00003485,0.2286186931348221,1973.9795216020864,416.86524058677605,273.2959025099262,0.13844920857543577,0.6555977229601516,11.736152108406124,False,False
PanTS_00003496,0.6640431751742748,5950.854028081975,10619.87099563784,5501.838429845358,0.924546023794615,0.5180701754385965,34.484160964890535,True,True
PanTS_00003595,0.7744071115531657,22012.60118677018,27571.619073816324,19199.186395308374,0.8721907162360848,0.6963387367244269,40.60619868016641,True,True
PanTS_00003679,0.6460612322828455,32096.610704639712,16983.179498006964,15854.27486925272,0.49395479837878686,0.9335280753002272,48.00085376903321,True,True
PanTS_00003684,0.6501247574161353,3212.120263036714,2078.3444806954444,1719.7310540687429,0.5353881278538812,0.8274523641496119,21.89136224079837,True,True
PanTS_00003782,0.1011768642980645,9175.0,8754.0,906.9999999999992,0.09885558583106259,0.10360977838702298,34.56877203488721,False,True
PanTS_00003784,0.0,2052.39200592041,784.4698333740234,0.0,0.0,0.0,15.64717189110215,False,False
PanTS_00003916,0.0,2753.5234375,467.8838653564453,0.0,0.0,0.0,11.781457873870664,False,False
PanTS_00003923,0.668141592920354,4004.934692382813,3677.741088867188,2566.5576171875005,0.6408488063660478,0.6978625072212594,29.0235163609292,True,True
PanTS_00003950,0.7099846912740262,52038.44724290375,43201.34771111015,33809.39820871356,0.6497003657872208,0.7826005437330082,57.489563484716086,True,True
PanTS_00003969,0.0,0.0,3551.6395121822825,0.0,,0.0,32.77373333264786,True,True
PanTS_00003978,0.0493964341633415,94550.625,2897.578125,2406.796874999996,0.02545511333214345,0.8306236350400374,40.81436634323752,False,False
PanTS_00004046,0.2586021505376344,5386.777658462524,1829.2154598236084,933.0356693267822,0.17320849837954627,0.5100742311770944,22.380096537063928,False,False
PanTS_00004064,0.0,159.4390869140625,5192.2760009765625,0.0,0.0,0.0,30.21054454909949,True,True
PanTS_00004078,0.0,0.0,2737.025187269228,0.0,,0.0,42.80599277846253,False,False
PanTS_00004121,0.0,279.327392578125,2541.1376953125,0.0,0.0,0.0,28.004080338854195,False,True
PanTS_00004157,0.8636198327069948,9279.930637409594,8395.005365359222,7632.212636909023,0.8224428538443779,0.9091373149566105,27.22803640395469,False,False
PanTS_00004301,0.502014424818592,22060.48427099633,60889.8869705569,20821.141453658514,0.94382068851647,0.3419474479190035,75.9945200012215,True,True
PanTS_00004329,0.0,0.0,4709.472726426611,0.0,,0.0,39.20987276609715,False,False
PanTS_00004360,0.0370617793139504,6607.857800097418,83778.29086877583,1674.9357475018462,0.2534763607469206,0.01999247931812482,93.38665634024484,False,False
PanTS_00004449,0.8067049229839928,1590.2831665058957,1168.651894694534,1112.823248031765,0.6997642127325123,0.95222816399287,16.601470017047664,False,False
PanTS_00004454,0.0002546581214719,55773.7688896559,1313.7321446804972,7.268897886464627,0.0001303282534276208,0.0055330136480998115,17.19155891459886,False,False
PanTS_00004475,0.0,109.8193359375,2810.0830078125,0.0,0.0,0.0,37.3653441749504,True,True
PanTS_00004483,0.1750177863604024,22068.16864013672,11035.7666015625,2896.888732910155,0.13127001067235852,0.2624999999999999,38.12860190464797,False,False
PanTS_00004497,0.0,390.0146484375,9558.10546875,0.0,0.0,0.0,33.19017762267927,True,True
PanTS_00004506,0.0,1408.1601912039705,1268.6852770275773,0.0,0.0,0.0,16.120444427623525,False,True
PanTS_00004521,0.1453031004164738,3155.580520629883,4086.057891845703,526.116256713867,0.16672566371681408,0.12875888463641327,35.51683483421102,False,True
PanTS_00004602,0.0,0.0,2196.888656616211,0.0,,0.0,20.713548746764044,False,False
PanTS_00004681,0.0,0.0,205.55040454196785,0.0,,0.0,12.204115319709487,False,False
PanTS_00004825,0.7819320554184854,2878.0884684943326,4339.735491761088,2821.923962445657,0.9804854831032841,0.6502525252525252,27.83669316093679,True,True
PanTS_00004937,0.0,857.2970853748529,4102.241755017389,0.0,0.0,0.0,29.56884091380376,False,False
PanTS_00005011,0.2939386847648022,12469.711298385191,2251.4038771915248,2163.5526164900953,0.1735046277110098,0.9609793420045905,18.920430562479652,True,True
PanTS_00005027,0.6201503759398497,8426.57470703125,3851.409912109375,3807.0983886718755,0.4517966695880807,0.9884947267497605,26.96659536584105,True,True
PanTS_00005250,0.0,0.0,1776.0178810528816,0.0,,0.0,19.267105006294525,False,False
PanTS_00005422,0.1027928972963326,3703.5352114369744,728.9209092992678,227.8125033946707,0.061512174284493785,0.3125339120998371,18.91773975801635,False,False
PanTS_00005558,0.0010775862068965,17435.24999999989,1356.7499999999914,10.124999999999453,0.0005807200929151871,0.007462686567163823,20.236106389029967,True,True
PanTS_00005583,0.8088121886658747,19289.833059775225,13746.286889357578,13360.008240543233,0.6925932536141353,0.9718994189541175,40.484194068519976,False,False
PanTS_00005731,0.0,3728.498586862757,892.394743740922,0.0,0.0,0.0,28.40097455846651,False,True
PanTS_00005732,0.0,6606.101989746094,10027.88543701172,0.0,0.0,0.0,41.30390801586229,False,False
PanTS_00005739,0.258171975848428,8883.397134255021,1891.0868141861067,1390.834904858109,0.15656565656565652,0.7354685646500592,26.45510965286984,True,True
PanTS_00005774,0.0,1149.9778853454284,3703.6654314505786,0.0,0.0,0.0,32.93515957621063,False,False
PanTS_00005780,0.4966584593739008,11479.368209838867,8573.37760925293,4979.682922363281,0.4337941628264209,0.5808309337721103,32.164766746373786,True,True
PanTS_00005785,0.0,0.0,1247.8236339951063,0.0,,0.0,27.041494184220397,False,False
PanTS_00005855,0.7792330862693336,24915.30918602336,17724.28771634746,16613.092345757366,0.6667825079640892,0.937306627585084,43.77035136698581,True,True
PanTS_00005864,0.0293886119128837,5345.288165588499,683.8330180024059,88.59375132014958,0.01657417684054751,0.1295546558704451,19.784312160008326,False,False
PanTS_00006000,0.6689106160175242,24767.27807103747,13895.70305119842,12931.03925977436,0.5221017514595496,0.9305782666864874,41.52638353813654,True,True
PanTS_00006142,0.4325878594249201,3225.8033752441406,4236.698150634766,1614.0937805175781,0.500369549150037,0.38097917839054585,35.30299235944808,False,True
PanTS_00006256,0.5948377423155189,13615.397870775312,5778.4953282222605,5768.109822600006,0.42364607170099156,0.9982027318475916,24.8844086411707,False,False
PanTS_00006263,0.6508330897398421,21219.23281811684,11405.933685603475,10616.768959446548,0.5003370786516853,0.9308110367892979,37.25020866488037,True,True
PanTS_00006304,0.6368179092544474,5205.33203125,3051.572265625,2629.072265625,0.5050729232720355,0.8615467820443483,23.79814199680303,True,True
PanTS_00006333,0.8191844062580149,9493.026718139648,12139.53387451172,8860.52815246582,0.9333722969023963,0.7298903107861059,35.361356766506624,True,True
PanTS_00006422,0.0,83.94775515716901,3412.799123120294,0.0,0.0,0.0,27.171719218811656,False,False
PanTS_00006430,0.2223854920794208,4272.475964158674,34151.57700988011,4272.475964158673,0.9999999999999998,0.12510332869614305,53.66125997542888,False,True
PanTS_00006559,0.0,48430.313742757775,1276.0438057221718,0.0,0.0,0.0,17.42526639559053,False,False
PanTS_00006754,0.9341513292433538,7389.048433537388,6797.228299873616,6626.064633764975,0.8967412642324302,0.9748186086214253,25.00247461990833,False,True
PanTS_00006755,0.0,0.0,1532.705514836553,0.0,,0.0,23.88240359873546,False,False
PanTS_00006816,0.4271420774968164,22824.735249208265,6254.584048898463,6210.5004285932855,0.2720951792336217,0.9929517902452776,30.13143292186833,True,True
PanTS_00006960,0.7012890562834863,13557.62316426822,12402.22998653119,9102.680458691004,0.6714068054850177,0.7339551410170998,36.57762722699676,True,True
PanTS_00007071,0.0003915554540411,20267.480110274453,6878.949807105957,5.314666345947393,0.00026222630129796754,0.0007725985063093993,34.56337730864879,False,False
PanTS_00007099,0.5239974967505897,6184.570404657279,14101.562710129656,5314.941485448799,0.8593873361755882,0.376904432132964,45.520498744733,False,False
PanTS_00007102,0.0,2595.6435635688013,1530.5832969957332,0.0,0.0,0.0,16.61626616476416,False,False
PanTS_00007105,0.2580758736026758,27606.312380807227,5015.60976167408,4209.4655277596685,0.15248199287515926,0.8392729354515529,27.763338460676117,True,True
PanTS_00007147,0.5240464344941956,1508.056700549787,1583.4961566724814,810.0586259388364,0.5371539582321515,0.5115633672525439,19.01028631641866,False,False
PanTS_00007166,0.2047957188432644,15115.591408327906,1780.5551135543285,1730.1292363149967,0.11445991027263315,0.9716796874999999,20.43366571609572,True,True
PanTS_00007190,0.5976306851130809,23905.89734079372,17651.763709455565,12418.066722578838,0.5194562055358737,0.7035028865657669,53.982428088462015,False,False
PanTS_00007260,0.0,6671.875,5757.8125,0.0,0.0,0.0,39.887537214022124,False,True
PanTS_00007414,0.7194047057590526,22965.695543504244,26019.882000668007,17620.227499801247,0.7672411865960254,0.6771832208673692,59.43125839943743,False,False
PanTS_00007451,0.0002098415696149,947.0648331480164,3591.132715737728,0.47615124844033824,0.0005027652086474641,0.00013259082471490398,34.138483175300976,False,False
PanTS_00007494,0.0,17103.328125,1895.30859375,0.0,0.0,0.0,31.843980004076123,False,False
PanTS_00007558,0.0,5126.625,20040.75,0.0,0.0,0.0,51.11017511220246,True,True
PanTS_00007583,0.7956594834173927,8379.006953397955,7125.473390516869,6168.1434105471935,0.7361425339366515,0.8656468240771534,29.121487682428224,True,True
PanTS_00007594,0.8787677141096735,21405.91293153187,24651.193718001785,20236.749164458066,0.9453812705483084,0.8209237003269328,41.76384689083536,True,True
PanTS_00007630,0.0968726163234172,243.2466421276672,2414.222923117097,128.71801479255717,0.5291666666666665,0.053316540722082265,22.08792103014797,False,True
PanTS_00007660,0.8455089122469643,44382.10849666006,50144.61475677996,39961.59347814295,0.900398715422685,0.7969269217037871,61.05613770658378,False,False
PanTS_00007702,0.7371874316541518,17760.772705078125,16146.6064453125,12498.046875,0.703688239387613,0.7740355174525413,39.75733582564512,False,True
PanTS_00007757,0.4055280092836797,62447.625,129502.125,38920.5,0.6232502837377722,0.30053946991217323,128.2916599004004,True,True
PanTS_00007779,0.0,2812.0,1155.0,0.0,0.0,0.0,21.77154105707724,False,False
PanTS_00007792,0.0,2517.75,3915.0,0.0,0.0,0.0,23.140872930812268,False,False
PanTS_00007938,0.7487264788439547,6691.84346958896,6346.204400367736,4880.9658363358,0.7293903180068868,0.7691157624946604,30.66905340759617,True,True
PanTS_00007946,0.201797385620915,993.4644220920216,347.95913294453044,135.34788320834488,0.1362382790954219,0.3889763779527558,11.12614452346779,False,False
PanTS_00007995,0.2020348837209302,378.822509765625,3371.247802734375,378.82250976562494,0.9999999999999999,0.11236863379143086,21.528692926897,False,False
PanTS_00008001,0.0,684.1773986816406,8573.37760925293,0.0,0.0,0.0,32.164766746373786,True,True
PanTS_00008010,0.8441362677117877,43707.845123128165,38901.22739733686,34866.65707827888,0.7977207977207977,0.8962868117797697,54.53891992427703,False,False
PanTS_00008048,0.0,927.1370835175674,391.1982022404402,0.0,0.0,0.0,15.501710162417394,False,False
PanTS_00008205,0.2510895759626724,17903.64761990738,4909.291066297614,2864.0455505908285,0.15996994642623807,0.583392899690255,26.295580881408306,False,False
PanTS_00008242,0.666796066252588,11006.299773381645,13446.518950368743,8152.521666892194,0.7407141214351426,0.6062923569277109,46.49311785416263,False,False
PanTS_00008266,0.6408383613845665,5678.870245303465,2677.5607838837363,2677.5607838837363,0.47149532710280373,1.0,20.76084501561414,False,False
PanTS_00008303,0.8681012658227848,8676.043620800805,10159.005734606277,8175.365093631757,0.9422918384171477,0.8047406712039427,33.494235826910774,True,True
PanTS_00008330,0.0,4478.977170791819,11175.085303830836,0.0,0.0,0.0,31.176069393041487,False,False
PanTS_00008434,0.1543642997474038,1772.3522186279297,9210.066833496094,847.6467132568355,0.47826086956521713,0.09203480589022753,40.88937507791841,True,True
PanTS_00008512,0.8409422285584681,40530.11790172648,38325.14458336362,33156.36008388732,0.8180672004034546,0.8651333333333335,56.27208485558853,True,True
PanTS_00008601,0.0,0.0,9741.171907531929,0.0,,0.0,38.178725132401325,True,True
PanTS_00008628,0.0003834172058471,4457.238393444394,3387.5763749417115,1.503918479441333,0.0003374103753690317,0.0004439511653717948,32.22997377098075,False,False
PanTS_00008636,0.0224719101123595,8335.681438446045,4140.199899673462,140.17844200134246,0.016816674561819005,0.033857892226990864,25.630913028953024,False,False
PanTS_00008839,0.1052126917712691,647.050790891808,8427.480594329245,477.37793680098514,0.7377750611246938,0.05664539140229018,31.965149957205764,False,False
PanTS_00008885,0.0726863994005245,19592.426509857178,2750.8423137664795,812.0258808135982,0.041445906682618334,0.29519172245891645,21.4861398422859,False,False
PanTS_00008892,0.6150739727076117,62129.38409142446,129056.81019824302,58796.82602429754,0.9463609994552175,0.45558871270706486,124.9554620636144,False,False
PanTS_00008994,0.1291604570293094,435.1526855724528,1655.4495961873265,135.0115730893051,0.3102625298329354,0.08155583437892092,18.12777136094704,False,True
PanTS_00009005,0.9015344474125614,15031.775296983524,14959.113021750212,13518.90946392073,0.8993554784333169,0.9037240004981941,37.2868008855855,True,True
PanTS_00009121,0.8412568625160612,44907.44018554688,39741.119384765625,35605.5908203125,0.7928661859415422,0.8959382969459476,52.81302006030923,True,True
PanTS_00009180,0.0,698.1173400878906,1471.641082763672,0.0,0.0,0.0,17.652887020711812,False,False
PanTS_00009188,0.3598382749326145,3353.207799210535,1040.75279595806,790.5576003436757,0.2357615894039735,0.7596017069701281,14.530780444070842,False,False
PanTS_00009227,0.3168340506934481,9869.638651528176,1953.572130680599,1872.9978821648285,0.18977370380979663,0.9587554269175106,22.74400563474365,True,True
PanTS_00009258,0.9169275541249614,30131.59415210909,31348.785854699912,28186.52723315828,0.9354475933423302,0.8991265997924593,51.35850706452802,True,True
PanTS_00009259,0.3382352941176471,3717.57080078125,796.622314453125,763.4297180175781,0.20535714285714285,0.9583333333333334,15.19696930234981,False,False
PanTS_00009287,0.0,26554.1943359375,248.6962890625,0.0,0.0,0.0,7.728106677091097,False,False
PanTS_00009290,0.0,6756.0759925842285,130.73795318603516,0.0,0.0,0.0,7.720563791273728,False,False
PanTS_00009292,0.1501288419165702,14023.223388671877,1672.96240234375,1178.2250976562502,0.08401956276386742,0.7042747021723897,19.90893574896082,False,False
PanTS_00009342,0.7948369565217391,2452.7648342775874,3564.684892483428,2391.4457134206477,0.975,0.6708715596330274,22.289077299330216,True,True
PanTS_00009375,0.7349732195992859,7563.75561926102,12604.925722550564,7411.720330431653,0.9798994974874372,0.5880019044596096,40.24290701758105,True,True
PanTS_00009385,0.2827835880933226,10616.251220703123,2790.911865234375,1895.6628417968748,0.17856235712471427,0.6792270531400966,19.379094829383803,True,True
PanTS_00009445,0.0,595.733642578125,3851.25732421875,0.0,0.0,0.0,25.824892039041035,True,True
PanTS_00009449,0.7426527192863288,24979.090138810123,27670.83326820944,19550.30439422001,0.7826667939295601,0.7065311046010685,53.64096798330733,True,True
PanTS_00009464,0.3648910757671655,25103.480089187626,5602.095199584961,5602.095199584962,0.22316010288939392,1.0000000000000002,29.307713099440917,False,False
PanTS_00009470,0.6316846680716544,26049.4919128418,12026.70034790039,12026.073434829712,0.4616624951867539,0.9999478732276897,34.33717784529111,False,False
PanTS_00009504,0.7639079477200639,44210.19039525096,29861.70745037285,28292.055733490353,0.6399442183024273,0.9474359689749455,53.55341989280039,True,True
PanTS_00009517,0.6210248283148442,4986.228181806059,7707.3301131897315,3941.5074304271134,0.7904787520172135,0.5113972507395163,38.66411971272691,True,True
PanTS_00009562,0.4570934920330198,26306.75973892212,40173.24583053589,15193.788948059082,0.5775621588841722,0.3782066555476134,72.8412085523064,False,False
PanTS_00009612,0.5841250989707046,7042.527665014492,6871.766337196385,4063.8441805744555,0.5770434102463824,0.5913827655310622,35.51553186118479,True,True
PanTS_00009620,0.0946298661631587,57898.125,2875.5,2875.4999999999977,0.04966482075196732,0.9999999999999992,25.5440795488896,False,False
PanTS_00009766,0.721145670172298,22678.578643798828,27654.440803527832,18148.719520568848,0.8002582439411998,0.6562678178708153,56.29190509932946,True,True
PanTS_00009769,0.0,601.0557950707754,1894.107269100103,0.0,0.0,0.0,19.945151455351432,False,False
PanTS_00009788,0.6547389012142465,39742.4425673775,35449.98611929416,24615.704068970994,0.6193807546488536,0.694378383848606,61.38418401980697,False,False
PanTS_00009832,0.9117712879042184,39956.530651552814,45273.25977339558,38855.0378917809,0.9724327227161523,0.8582337142556214,60.97835299571973,True,True
PanTS_00009882,0.0,5163.66340637207,331.97689056396484,0.0,0.0,0.0,11.197422848244267,False,False
PanTS_00009887,0.0,1615.1598631410734,10084.3403366248,0.0,0.0,0.0,39.0980221877714,True,True
PanTS_00000084,0.743803993768588,6675.72021484375,4098.5107421875,4006.9580078124995,0.6002285714285713,0.9776619508562918,25.303335532346324,False,False
PanTS_00000086,0.4062286742353744,11753.935070817,8058.01509194565,4024.0911243181913,0.3423611837289554,0.4993898718730934,45.13289090045352,False,False
PanTS_00000113,0.0,5471.724514738251,750.8816758320456,0.0,0.0,0.0,15.79264639146408,False,False
PanTS_00000231,0.0344916344916344,5305.261521322284,2534.5791064209925,135.20445870239334,0.025484975275770184,0.053343949044585844,22.3146826892981,True,True
PanTS_00000259,0.0,1295.7132568359375,7482.476348876953,0.0,0.0,0.0,33.08087512924055,True,True
PanTS_00000352,0.5634057971014492,5045.837178127934,9680.080387043015,4148.333661927685,0.8221299093655587,0.4285433070866141,32.642885737455444,True,True
PanTS_00000416,0.0,9.765625145519152,3153.3203594881343,0.0,0.0,0.0,22.473818305565423,False,False
PanTS_00000592,0.0,1471.7087897916483,460.05204781978426,0.0,0.0,0.0,13.25065235987139,False,False
PanTS_00000623,0.0,135.33775818107165,1197.0284821768755,0.0,0.0,0.0,23.442039276007705,False,False
PanTS_00000654,0.0,0.0,2178.710969965323,0.0,,0.0,25.91158429785291,False,False
PanTS_00000766,0.0057224606580829,5835.375,1242.0,20.249999999999734,0.0034702139965297404,0.01630434782608674,18.12456896039186,False,False
PanTS_00000849,0.0,531.1633156612913,768.2897958672249,0.0,0.0,0.0,17.508772475825683,True,True
PanTS_00000878,0.3477331052181351,10249.78271484375,6394.76806640625,2893.9306640624995,0.28234068414655317,0.45254661842471466,35.5225638019344,True,True
PanTS_00000932,0.0,399.2332077026367,1084.1921424865725,0.0,0.0,0.0,13.735256127745686,False,False
PanTS_00001021,0.0,69.6093812235631,1574.121234487393,0.0,0.0,0.0,31.08672913629804,True,True
PanTS_00001053,0.0,1228.546142578125,2259.33837890625,0.0,0.0,0.0,18.166876462139136,False,False
PanTS_00001070,0.8577219751140138,5126.644518955459,4721.325771025929,4223.410263993482,0.8238157040882544,0.894539048737522,25.89157386048274,False,False
PanTS_00001081,0.7305479109331999,6791.98208833252,8359.737481868053,5534.528539527855,0.8148620634667517,0.6620457342747943,34.90274587093692,False,False
PanTS_00001082,0.402169578048975,4239.882527684616,7224.672039247775,2305.347536351325,0.543729106006686,0.31909372824504784,43.13836299527622,False,False
PanTS_00001086,0.0,638.1389337780092,3286.778087896394,0.0,0.0,0.0,21.382097559845302,True,True
PanTS_00001145,0.4941380807642205,2169.921875,2328.125,1111.3281249999998,0.5121512151215121,0.4773489932885905,21.47855034679948,False,True
PanTS_00001186,0.9254880395930712,25443.079353503927,26102.097980401537,23852.22256061669,0.9374738894304415,0.9138048052124339,41.75414692207233,True,True
PanTS_00001193,0.3224084552151169,5246.09375,13048.828125,2949.21875,0.5621742367833209,0.22601406975003743,39.887537214022124,False,True
PanTS_00001197,0.4842240824211204,2532.95902211903,1021.5759429570426,860.5957159488753,0.3397590361445783,0.842419716206124,24.93791244280493,False,False
PanTS_00001258,0.0,1655.3469848632812,1802.8389739990237,0.0,0.0,0.0,22.23724513988036,False,False
PanTS_00001351,0.0,0.0,2972.586086912088,0.0,,0.0,28.782697257838148,False,False
PanTS_00001359,0.3024494142705005,1926.420237869484,2551.07630509944,677.1081034095708,0.35148514851485135,0.26542056074766346,24.492050939392048,False,False
PanTS_00001361,0.0,0.0,3295.410205355438,0.0,,0.0,24.996932638058723,False,False
PanTS_00001387,0.0297397769516728,2088.260836713749,4879.083846399411,103.60363841060439,0.04961240310077509,0.021234240212342353,26.155183476836704,False,False
PanTS_00001423,0.1215319877326866,12770.0,1251.0,851.9999999999994,0.06671887235708687,0.6810551558752993,25.019992006393608,True,True
PanTS_00001471,0.0,1229.8556795810755,5668.8252237165925,0.0,0.0,0.0,29.49526925659389,True,True
PanTS_00001502,0.0,1022.994644150058,605.3055265978801,0.0,0.0,0.0,24.57531673852068,False,False
PanTS_00001515,0.0,5777.913398742676,3415.967264175415,0.0,0.0,0.0,24.799808283034046,False,False
PanTS_00001645,0.0194085027726432,1344.2383012807113,18731.93387287756,194.82422165310652,0.14493280058118374,0.010400646456220809,49.87008179854681,False,False
PanTS_00001683,0.6254088708622269,7221.551637727023,3303.6808502874005,3291.286882945764,0.45575896262395116,0.996248436848687,22.50604649434649,True,True
PanTS_00001732,0.7835830397691099,29270.55277078018,39432.72416011759,26917.361289805922,0.919605499103407,0.682614804407306,52.90954167403687,False,False
PanTS_00001771,0.1705263157894737,8144.378662109375,915.52734375,772.4761962890625,0.09484777517564402,0.84375,15.18727695630972,False,False
PanTS_00001829,0.0,1467.8940961944693,454.7114767837337,0.0,0.0,0.0,13.25065235987139,False,False
PanTS_00001870,0.0,10803.638458251951,1971.8434810638428,0.0,0.0,0.0,23.84107694228737,False,True
PanTS_00001874,0.0,0.0,415.99417626527065,0.0,,0.0,13.78338526655828,True,True
PanTS_00001922,0.3901386748844376,7093.4806418634425,1843.9469189390704,1743.4180727235719,0.24577751892836344,0.9454817027632559,21.21367533368479,True,True
PanTS_00001923,0.8367146036637562,26417.61302947998,23716.092109680176,20973.801612854004,0.7939325021321528,0.8843700520244289,48.65043230011714,True,True
PanTS_00001968,0.0,678.6732904226083,927.0088438515284,0.0,0.0,0.0,24.641006278390883,False,False
PanTS_00001996,0.3901390282356313,12225.415048599243,3685.183868408203,3103.6728000640865,0.2538705465398246,0.8422029702970296,22.209135870064163,False,False
PanTS_00002012,0.7019597169297768,3112.835057138828,5718.48231732299,3099.6145221471184,0.9957528957528957,0.5420344682639764,26.719095414137765,True,True
PanTS_00002094,0.6170416569105345,16382.237417771164,10746.710787998214,8369.845575564004,0.5109097959039797,0.7788285867813004,42.74599282825352,False,True
PanTS_00002177,0.0,1019.700015194714,3867.750057633966,0.0,0.0,0.0,29.4404486385789,False,False
PanTS_00002211,0.7439453292539959,10012.9744975153,10832.53756282178,7753.960666597806,0.7743913328174296,0.7158027952019368,37.86985767889173,False,False
PanTS_00002213,0.117642433059411,22956.109399351884,4775.93498167298,1631.2325873476664,0.07105875647176174,0.3415525114155251,28.83013487092742,False,False
PanTS_00002232,0.5936488673139159,10129.00510048836,6505.374974852763,4937.490445097714,0.48746055472512867,0.7589862942849753,26.16267904948247,True,True
PanTS_00002287,0.0196342637151106,6645.550231933594,1360.858268737793,78.59996795654264,0.011827458256029636,0.05775764439411075,26.081598616207422,False,True
PanTS_00002362,0.0,0.0,6176.786334539538,0.0,,0.0,53.15258352120121,False,False
PanTS_00002495,0.8011988011988012,7084.505635037623,8218.882670255127,6130.528182240152,0.8653431160984031,0.745907738095238,31.81813665568164,False,False
PanTS_00002498,0.3811593597191457,19328.0,4599.0,4560.0,0.2359271523178808,0.9915198956294846,32.449961479175904,False,False
PanTS_00002514,0.0,4900.983623246511,4011.253466131233,0.0,0.0,0.0,25.49034073820049,True,True
PanTS_00002628,0.7389662242365382,10628.689876760096,11465.53827217122,8163.444176318208,0.7680574248541947,0.711998336452485,34.99800793213486,True,True
PanTS_00002652,0.1086126783936276,31429.50538635254,9507.314987182615,2223.1288528442383,0.07073381605965633,0.23383351196856025,40.35479287347822,False,False
PanTS_00002677,0.5568306010928962,456.4580892275373,1173.4312830385957,453.78613943693705,0.9941463414634145,0.3867172675521822,15.531239440997105,False,False
PanTS_00002686,0.0,28085.87074279785,2476.581573486328,0.0,0.0,0.0,22.1721069237782,False,True
PanTS_00002759,0.0378825069546719,1632.6904296875,72964.4775390625,1412.9638671875,0.8654205607476636,0.019365092642937808,66.60375042227352,False,True
PanTS_00002866,0.0,1433.7158203125,820.6787109375,0.0,0.0,0.0,20.406034646643132,False,True
PanTS_00002888,0.0,1827.108371639832,6286.15260557343,0.0,0.0,0.0,39.729246374145205,False,False
PanTS_00002893,0.6870825456836799,7217.950820922852,6258.38794708252,4629.678573608398,0.6414117647058823,0.7397557666214382,30.060969387116646,True,True
PanTS_00002905,0.0,3560.790964254324,853.5370104389983,0.0,0.0,0.0,18.38037634715634,False,False
PanTS_00002913,0.0,1617.9159933749245,2753.9317048762723,0.0,0.0,0.0,20.03609227091219,True,True
PanTS_00002930,0.0,1553.8422865797486,1186.5704733881716,0.0,0.0,0.0,16.628933487607185,False,False
PanTS_00003038,0.5892268230120924,7982.903524827001,3761.217078543827,3459.9754360975253,0.43342318059299195,0.919908466819222,25.000422961693165,False,False
PanTS_00003051,0.0,2693.534313126121,2153.4299201080034,0.0,0.0,0.0,24.156385579215943,False,False
PanTS_00003072,0.0006363347120585,870.9082161025435,372.17285710830765,0.395507818393499,0.000454132606721132,0.001062699256110449,12.231932720921163,False,False
PanTS_00003082,0.5753441802252816,16033.533325195312,7384.423217773437,6736.692504882812,0.42016269079608803,0.9122841833697162,31.07578391132113,True,True
PanTS_00003084,0.0,459.5580365223892,1618.2541286072756,0.0,0.0,0.0,16.885793280530553,True,True
PanTS_00003127,0.2373927958833619,4260.25390625,4635.6201171875,1055.908203125,0.24785100286532952,0.22778143515470706,21.62186122452228,False,False
PanTS_00003128,0.4654325651681148,12901.277160644531,26466.8701171875,9161.60888671875,0.710131932880748,0.34615384615384615,55.56677298319226,False,False
PanTS_00003147,0.8938174084763786,6736.194561068986,5643.584555490796,5532.631043736728,0.8213288665549974,0.9803398867044317,24.80138284416665,True,True
PanTS_00003153,0.0,2849.578857421875,6643.2952880859375,0.0,0.0,0.0,34.72516606444273,False,False
PanTS_00003161,0.2248235936900596,29921.051721307154,9411.140091376305,4421.402355517117,0.1477689486552567,0.46980517903123914,48.38297824983302,False,True
PanTS_00003187,0.0,586.1332321224581,3222.3438353651727,0.0,0.0,0.0,40.74889738969416,False,False
PanTS_00003229,0.0,1189.6861893924854,13990.649464138034,0.0,0.0,0.0,45.76435774134106,False,False
PanTS_00003246,0.353516755221211,35736.525922556546,9584.417520093222,8010.856434704783,0.22416438721729268,0.8358208955223881,34.617072830539534,True,True
PanTS_00003258,0.1887670322366234,34546.54541015625,3811.593017578125,3620.3759765624986,0.10479704797047966,0.949832775919732,26.227641147389715,False,False
PanTS_00003300,0.1013571551279848,5996.348593850288,2274.9180328801685,419.17602729522116,0.06990521327014211,0.1842598376014989,21.5334547618517,True,True
PanTS_00003303,0.0,561.279296875,12558.624267578123,0.0,0.0,0.0,41.77350397998264,False,False
PanTS_00003339,0.0,380.428466796875,7978.807754516602,0.0,0.0,0.0,31.762007958190125,False,False
PanTS_00003356,0.0,275.50537109375,3471.6607666015625,0.0,0.0,0.0,27.27001218285619,True,True
PanTS_00003360,0.0701036950489265,13668.659620285034,13845.470151901243,964.4210815429682,0.07055710715860646,0.06965607313887677,80.91126189431584,True,True
PanTS_00003416,0.4250684181718664,39308.14369340824,22162.350638404525,13064.582894933166,0.3323632628605666,0.5894944587824502,68.71005082493846,False,False
PanTS_00003434,0.6671258034894398,9692.844431456946,13781.22729394694,7830.079480489405,0.8078206078576724,0.568169968717414,38.90771290092802,True,True
PanTS_00003437,0.6822440456033413,10225.448690308996,7188.478635228758,5940.274114208726,0.5809304113802385,0.8263604047033088,33.984501768018816,True,True
PanTS_00003570,0.0,4126.636505126953,269.1650390625,0.0,0.0,0.0,15.701375835416462,False,False
PanTS_00003586,0.010106230261269,5081.526610071074,18900.80019599607,121.18545845155927,0.02384823848238478,0.00641165755919853,44.59954413503258,False,False
PanTS_00003624,0.0,2191.162109375,4005.43212890625,0.0,0.0,0.0,25.28934125773149,False,False
PanTS_00003631,0.3969465648854962,7676.876887847797,2039.7498977373373,1928.49081240621,0.25120772946859904,0.9454545454545455,19.69872485991201,False,False
PanTS_00003642,0.5997165070228943,15504.853144387596,16555.58615346191,9613.58733466292,0.6200373034905409,0.5806854100815173,42.66540984433003,False,True
PanTS_00003768,0.8020543175487466,19051.551818847656,13815.879821777344,13180.732727050781,0.6918456224658357,0.9540277490163594,36.05022148667441,False,True
PanTS_00003777,0.0,344.17161560058594,588.4687957763672,0.0,0.0,0.0,24.293914673455426,False,False
PanTS_00004085,0.0068241469816272,4528.994905763454,921.24848999105,18.596631009135837,0.004106127605811691,0.02018633540372642,15.005509065965594,False,False
PanTS_00004122,0.759825327510917,3187.362670898437,3629.288673400879,2589.7321701049805,0.8125000000000001,0.7135646687697161,23.663405108585025,False,False
PanTS_00004190,0.6892867055231752,10742.493434390815,18088.198442041292,9936.30631072983,0.924953445065177,0.5493253704932538,48.33500025069682,False,True
PanTS_00004225,0.1342752591990242,34341.19358062744,14026.546211242676,3247.295398712158,0.09455977093772369,0.23151069050122677,37.27208408384384,False,False
PanTS_00004231,0.847877358490566,15829.85051023496,12197.040971652985,11881.683358182449,0.750587211831231,0.9741447442700688,35.49819672722495,True,True
PanTS_00004323,0.0,6114.639568328857,1687.0031642913818,0.0,0.0,0.0,27.301864194275563,False,False
PanTS_00004408,0.380265361329383,13527.90147185643,3175.947601791012,3175.947601791012,0.23477016064895817,1.0,23.72617761815831,True,True
PanTS_00004517,0.3209715543239058,6650.740586270529,18692.856966153053,4067.286949280466,0.6115539910963869,0.21758508914100488,44.8612462496903,False,True
PanTS_00004753,0.7310087173100872,5951.47470876726,6157.564626891802,4425.906656308761,0.7436655405405406,0.7187755102040817,32.05315322336382,True,True
PanTS_00004769,0.0,847.5503381344083,15280.121810366049,0.0,0.0,0.0,42.0251796723529,False,False
PanTS_00004828,0.6669566872400011,9004.6720741221,10687.4931187746,6566.91063081862,0.7292781543584255,0.6144481739391814,42.91265101196496,True,True
PanTS_00005017,0.001569995638901,428.301819126335,8996.804430937831,7.3986878543896495,0.017274472168905916,0.00082236842105263,39.37820126069229,False,False
PanTS_00005041,0.1785546848837988,964.8437643772922,6325.683688010031,650.8789159488515,0.6745951417004049,0.10289463527595523,32.65262803517203,False,True
PanTS_00005172,0.6966644026865897,16579.76743409437,17159.01219798372,11752.30337987808,0.7088340307904941,0.6849055903846867,47.61842166883713,True,True
PanTS_00005221,0.0326314321573002,154.4952392578125,8708.587646484375,144.60754394531236,0.935999999999999,0.0166051660516605,37.24203262632996,True,True
PanTS_00005275,0.7816268268780093,5973.932128184371,5595.816437285096,4521.61292950215,0.7568905760026408,0.8080345344022554,29.7335121976292,True,True
PanTS_00005316,0.0,1789.864239851259,1626.25330162697,0.0,0.0,0.0,19.112012186774763,False,False
PanTS_00005390,0.7063441897601384,5968.306149642949,4602.122471151148,3733.1804197860915,0.6255008248880509,0.8111866737984259,28.210459176318093,False,False
PanTS_00005420,0.7186655303995385,169778.76162941125,300460.75327962934,168972.46519846367,0.9952508993279882,0.5623778259026274,119.32845331845556,False,False
PanTS_00005623,0.0,1816.325710659112,1460.4895237161145,0.0,0.0,0.0,32.94887303579932,False,False
PanTS_00005641,0.0,0.0,19186.0590932676,0.0,,0.0,57.35586091286096,False,False
PanTS_00005643,0.3329764453961456,1057.5879063842876,420.02930313392426,246.00586304077297,0.23261032161555723,0.5856873822975518,11.736152108406124,False,False
PanTS_00005665,0.0,20032.471001632075,230.18555030503197,0.0,0.0,0.0,12.996198826907692,False,False
PanTS_00005757,0.7554377829303301,8005.239045309042,6022.709108577771,5298.621026216936,0.6618941665860502,0.8797736916548798,28.76663544221065,True,True
PanTS_00005766,0.8345149253731343,8020.8984375,9671.2890625,7382.197265625,0.9203703703703704,0.7633105802047782,33.778055468750715,True,True
PanTS_00005821,0.0,8450.145901276686,5937.987578755314,0.0,0.0,0.0,30.617431174260133,True,True
PanTS_00005921,0.7358921161825727,7957.239840180478,5740.580170415916,5040.058877342885,0.6333928571428572,0.8779702970297031,33.84776297757255,True,True
PanTS_00005960,0.0,655.059814453125,2724.06005859375,0.0,0.0,0.0,27.89631419566257,True,True
PanTS_00005985,0.0,1956.5429979047624,2716.308634226152,0.0,0.0,0.0,30.46752501324799,False,False
PanTS_00005992,0.5524038157811612,18025.46934964757,7226.779020612755,6974.7191783927055,0.38693689707053724,0.9651214128035318,29.71811967545086,True,True
PanTS_00006011,0.6207775653282346,2457.0,2838.375,1643.625,0.6689560439560439,0.5790725326991677,23.286262044390035,False,False
PanTS_00006268,0.5994038880733129,6541.115999221802,12130.343879699709,5595.87282371521,0.8554920634920635,0.46131196932347296,52.684552310468966,False,False
PanTS_00006275,0.1239536213799199,12003.0,7230.0,1191.9999999999998,0.09930850620678162,0.16486860304287687,35.56683848755748,False,False
PanTS_00006311,0.0,1110.1257625696564,370.0419208565521,0.0,0.0,0.0,14.15939434554335,False,False
PanTS_00006340,0.0,236.3454692415883,1000.9166047116444,0.0,0.0,0.0,16.7938982548339,False,False
PanTS_00006525,0.0,4723.113816543746,22662.74193694145,0.0,0.0,0.0,60.69450908315574,False,False
PanTS_00006650,0.0,0.0,3377.692699432373,0.0,,0.0,35.273805196034814,False,False
PanTS_00006665,0.6614494351060898,24152.8369140625,14398.643188476562,12749.92736816406,0.5278852920478535,0.8854950568097977,35.21280173814631,False,False
PanTS_00006707,0.0,1701.1916442031684,4396.191672392371,0.0,0.0,0.0,24.29803551913567,False,False
PanTS_00006710,0.3862726406101048,795.3620639700259,3166.341663971841,765.1488801535006,0.9620132953466285,0.24165076335877858,24.400085176694464,False,False
PanTS_00006746,0.5902601156069364,20463.67427728985,13542.527633964595,10036.252335744934,0.4904423418663848,0.7410915160751868,40.91821611313864,False,False
PanTS_00006772,0.8432481927166056,87859.85705424119,85248.40489069527,72986.61451469021,0.830716290257918,0.8561639904966315,89.8446660444852,True,True
PanTS_00007002,0.0944420321320017,2644.9664456630708,528.8554766305606,149.87109598325327,0.05666275889019146,0.28338762214983704,14.216124889132177,False,False
PanTS_00007095,0.5797983603144549,12151.580402953614,17717.47681199692,8659.015198683477,0.7125834592329061,0.48872733350045955,52.96523135403179,False,True
PanTS_00007100,0.1494374867331776,2590.9423828125,11785.888671875,1074.2187499999995,0.4146054181389869,0.09114448472294144,33.044196847744686,False,False
PanTS_00007114,0.7659398939304656,7025.20751953125,11245.71533203125,6997.21435546875,0.9960153256704981,0.6222115844901867,35.84537104006597,True,True
PanTS_00007122,0.8390858530795876,44271.939898067736,55514.64538441468,41864.756018825385,0.9456273232032596,0.754120930232558,72.53305676521313,False,False
PanTS_00007135,0.0,0.0,1113.75,0.0,,0.0,15.149257407543116,False,False
PanTS_00007152,0.7403658320014207,6420.0,4842.0,4169.0,0.6493769470404984,0.8610078479966956,27.76688675382964,False,False
PanTS_00007157,0.0,608.1298828125,7249.635314941406,0.0,0.0,0.0,32.2353643283104,True,True
PanTS_00007299,0.912224322621298,22887.762157858186,25301.79478346313,21979.842969108653,0.9603316749585405,0.8687068706870686,43.91211639085592,True,True
PanTS_00007308,0.3198689956331877,4622.949818430514,16821.367897565902,3429.686184927374,0.7418826333035449,0.20388866148178467,50.65396097092939,True,True
PanTS_00007329,0.0016608391608391,429.945971982866,8974.608367374662,7.809726068522137,0.01816443594646205,0.0008702024365667906,39.37820126069229,False,False
PanTS_00007334,0.7938820101966497,24840.539663479674,30593.935684683827,22004.21636179833,0.8858187728565624,0.7192345760475091,52.99413088559788,True,True
PanTS_00007437,0.1326470588235294,15792.8466796875,3662.109375,1290.321350097656,0.08170289855072463,0.35234374999999996,27.569170155563373,False,False
PanTS_00007472,0.1346395378045717,1548.8281480793376,395.0195371362497,130.8593769499566,0.08448928121059267,0.3312731767614338,12.9286277682455,False,False
PanTS_00007525,0.8939581329302368,17418.427195864428,18093.49698352634,15873.086718084154,0.9112812850205456,0.8772813089993707,38.44614524778253,False,True
PanTS_00007578,0.0086293565683646,92178.4897454346,3749.183963228148,413.89705060289253,0.004490169580190935,0.11039657020364402,25.35639711636771,False,False
PanTS_00007588,0.6790404652289799,17739.90442155789,11127.135065773318,9800.943961630359,0.5524800883211103,0.8808146844355043,33.85665800053588,True,True
PanTS_00007627,0.0,356.3525443725666,293.8623090663896,0.0,0.0,0.0,18.47196699134716,False,False
PanTS_00007643,0.0,1543.918110081028,5914.520334469981,0.0,0.0,0.0,34.11539372989648,False,False
PanTS_00007690,0.0,4118.180725188124,1364.4027650705966,0.0,0.0,0.0,20.444284704773885,True,True
PanTS_00007921,0.0,0.0,25510.62326222661,0.0,,0.0,121.216887456951,False,False
PanTS_00008231,0.2662478859627929,4693.603515625,7937.6220703125,1681.5185546874998,0.3582574772431729,0.21184159938485195,42.82333348333593,True,True
PanTS_00008273,0.0,6935.234296347604,29366.195998089912,0.0,0.0,0.0,53.06871123439182,False,False
PanTS_00008317,0.0,0.0,2907.3281884907087,0.0,,0.0,32.61570997502395,False,False
PanTS_00008407,0.0,2259.323880252668,5735.122949406652,0.0,0.0,0.0,28.486467483090653,False,False
PanTS_00008475,0.7369267900241352,3225.5859375,2236.81640625,2012.6953125,0.6239782016348774,0.899803536345776,22.38250572433748,False,True
PanTS_00008577,0.0,2598.5399627685547,332.94557189941406,0.0,0.0,0.0,11.765474559131157,False,False
PanTS_00008701,0.0,2012.3603125431289,2440.7261296690685,0.0,0.0,0.0,22.935016297481884,True,True
PanTS_00008721,0.1798941798941798,548.4231295065945,1995.183532499451,228.79001721747488,0.41717791411042926,0.1146711635750421,23.678471256030324,False,True
PanTS_00008724,0.0,16286.344474339792,9028.169072387278,0.0,0.0,0.0,63.94452001621588,True,True
PanTS_00008818,0.2225538971807628,5686.112975701792,18124.485110049463,2649.5706990943763,0.4659722222222222,0.14618736383442263,57.45800021012132,False,True
PanTS_00008931,0.7100762653108389,13368.658525285966,19024.55745618533,11500.826912765258,0.8602827943441129,0.6045253320216429,42.27542091603112,True,True
PanTS_00009009,0.7966267999681773,58816.90979003906,49069.40460205078,42972.564697265625,0.7306158186594026,0.8757506850912483,55.92883847483811,True,True
PanTS_00009075,0.5729458153141694,19874.00390625,32027.48046875,14868.369140625,0.7481315396113603,0.46423786457796556,64.81343417841705,True,True
PanTS_00009097,0.2926681148249364,11727.528733580157,31664.63163896908,6349.750887207647,0.5414398064125832,0.20053133602202167,57.10753304944684,False,True
PanTS_00009135,0.3797329431132248,3258.7258771065444,3878.8760340078297,1355.1912902390197,0.41586538461538464,0.34937731403567823,32.10714277429077,True,True
PanTS_00009181,0.0,854.088134765625,238.128662109375,0.0,0.0,0.0,10.01156557749586,False,False
PanTS_00009222,0.5173000567214975,2972.54951428861,3044.2183315102643,1556.23717395592,0.5235361653272101,0.5112107623318386,23.88807319571712,True,True
PanTS_00009237,0.0,575.7147601062849,3582.06565203287,0.0,0.0,0.0,32.24829162002674,False,False
PanTS_00009286,0.0,0.0,1324.951171875,0.0,,0.0,15.73884308456708,True,True
PanTS_00009313,0.853594902413326,34768.534075869095,30073.95237179133,27674.60794576406,0.7959670627865633,0.9202185201211598,45.48242225500132,False,False
PanTS_00009319,0.6790901253398767,10930.112811937985,12774.068274098672,8048.637652397883,0.7363727887242917,0.6300762983017475,44.05178260472875,True,True
PanTS_00009366,0.7287643012176728,19426.26953125,13756.103515625,12091.064453125,0.6224079426919693,0.8789599787026355,41.95851047835826,True,True
PanTS_00009435,0.6770428015564203,9167.185414119016,4925.7230339583575,4770.751108882224,0.5204161248374513,0.968538238141336,24.78202837287705,True,True
PanTS_00009459,0.0022166805209199,2454.240640160131,4058.519999794217,7.218354824000312,0.0029411764705882053,0.0017785682525566738,29.914266289970005,True,True
PanTS_00009473,0.7322033898305085,10702.410900802648,8243.887801410392,6936.272067250876,0.6481036965914546,0.8413836086008103,37.80833596726651,False,False
PanTS_00009478,0.4955502189574798,17322.8229816459,41655.75718720333,14613.424158237256,0.8435936898807233,0.3508140325613024,68.14569658728915,True,True
PanTS_00009495,0.2644301924025654,318.30939413644313,1164.9392079660172,196.10785661739487,0.6160919540229886,0.16834170854271358,18.562268693694644,False,False
PanTS_00009551,0.7025425985090522,21883.65755710063,16502.807257596378,13484.063369246769,0.6161704611792178,0.8170769468958042,55.30391511106375,True,True
PanTS_00009608,0.8212334113973458,3347.952256167019,4393.431931829284,3178.741672822838,0.9494584837545128,0.7235213204951857,22.513204945356215,True,True
PanTS_00009613,0.855296030455645,27303.66901495213,32818.2853641998,25711.034461862015,0.9416695773663989,0.7834362513621503,62.18259625234709,True,True
PanTS_00009649,0.2154915590863952,4134.174124338719,5469.316863456183,1034.7356228160343,0.2502883506343713,0.18918918918918914,31.118954633952697,False,True
PanTS_00009659,0.0,644.4105370717614,63787.30388695841,0.0,0.0,0.0,70.83937075194022,False,False
PanTS_00009726,0.278621249473874,26759.5925929253,147885.27522339596,24329.885642591496,0.9092023937996662,0.16451864870142544,80.4914541091634,False,False
PanTS_00009892,0.6878552971576227,2543.539675562938,2186.6374241144144,1626.8386872533736,0.6395963479096588,0.7439910564561206,22.040268795948887,True,True
PanTS_00009894,0.5388079470198676,7448.293869485087,4129.762279292431,3119.174332001785,0.4187770228536134,0.7552914964723358,24.70888870846952,True,True
PanTS_00000003,0.4792626728110599,15410.061185041592,5299.092095899244,4962.562076538818,0.3220338983050847,0.9364928909952606,27.054440840699563,True,True
PanTS_00000031,0.0,7741.589413840857,1825.527634704831,0.0,0.0,0.0,19.317169147148288,False,True
PanTS_00000036,0.0,0.0,276.75,0.0,,0.0,14.150971698084906,False,False
PanTS_00000042,0.8769554753309265,6335.280569521628,6106.948448552163,5455.640431360574,0.8611521418020678,0.8933496782102359,25.92404297981982,True,True
PanTS_00000050,0.0,83.44642119484149,5934.232638684585,0.0,0.0,0.0,37.63160982431916,False,True
PanTS_00000117,0.5480990048481755,17782.802213783147,7716.942343778563,6988.192307941126,0.3929747530186608,0.9055649241146712,32.38087790893959,True,True
PanTS_00000290,0.6896339587819132,7094.25,3877.875,3783.375,0.533301617507136,0.9756309834638817,25.67586415293553,False,False
PanTS_00000465,0.5339300527146718,54269.68505859375,59159.42010498047,30281.604049682614,0.5579837807606264,0.5118644502590939,89.05180188625862,True,True
PanTS_00000485,0.0,0.0,2456.4729714767955,0.0,,0.0,20.693775771841334,False,False
PanTS_00000488,0.0,886.839515285303,1266.5342778176334,0.0,0.0,0.0,28.192333436795455,False,False
PanTS_00000574,0.004616364215218,15904.814453125,4830.693359375,47.86132812499913,0.0030092352391822637,0.009907755380935933,32.51502056742391,False,False
PanTS_00000605,0.7464700345152181,3171.7957741659548,5161.685785823243,3110.3471338585355,0.9806265457543282,0.6025835866261399,31.824164074343585,False,False
PanTS_00000626,0.0,622.1861572265625,4498.884521484375,0.0,0.0,0.0,30.43660564009438,False,False
PanTS_00000693,0.5026041666666666,4858.264187482139,8621.31274888449,3387.4457665608843,0.6972543352601155,0.3929153094462541,32.16783801713638,True,True
PanTS_00000696,0.4744630696699843,16064.72544197616,17164.23441579268,7882.957148028844,0.49069977426636574,0.45926645821009043,55.49634976983315,True,True
PanTS_00000811,0.4598269468479604,15507.147941589355,6667.665378570557,5098.288352966308,0.32877021436630305,0.7646287063762791,32.35974586528486,False,True
PanTS_00000862,0.4277755129773067,12697.998046875,3471.6796875,3458.49609375,0.27236546115244853,0.9962025316455696,21.94186210192745,True,True
PanTS_00000930,0.1242873432155074,6593.511234509187,12925.507677438683,1212.9835013696224,0.1839662447257384,0.09384416702539819,45.80761086782935,False,False
PanTS_00000945,0.3719101872210007,18610.684756913008,5450.626942329592,4474.3234694240855,0.24041691790851927,0.8208823529411765,27.690662162759946,True,True
PanTS_00001077,0.0,697.3069952102849,7602.963582217275,0.0,0.0,0.0,39.091140202895495,True,True
PanTS_00001079,0.0,1464.6728038787842,941.7303657531738,0.0,0.0,0.0,13.494568049841634,False,False
PanTS_00001472,0.0,1040.0430619482677,3960.140723385821,0.0,0.0,0.0,27.271055370312855,False,False
PanTS_00001517,0.0,23102.760314941406,386.2380981445313,0.0,0.0,0.0,12.061776411263496,False,False
PanTS_00001536,0.0,1240.7226747382083,1729.9804945287178,0.0,0.0,0.0,37.47151088058904,False,False
PanTS_00001542,0.8800199302441455,22847.16796875,21251.953125,19404.052734375,0.8492979419119061,0.9130479735318445,40.83240326321732,True,True
PanTS_00001568,0.814238429824052,25439.431179137184,32501.64068118836,23588.923686937018,0.9272582991667768,0.7257763975155279,50.33699912437199,True,True
PanTS_00001583,0.3454913583145045,10943.11242222654,15317.737393776437,4536.448336712037,0.41454827124850363,0.296156554985411,36.18704775254385,True,True
PanTS_00001727,0.7398947406107909,25268.625,21864.9375,17436.9375,0.6900627754774943,0.7974839854904685,63.93062646337825,True,True
PanTS_00001816,0.4766521026761333,18606.544017791748,28588.02858352661,11247.696132659912,0.6045021645021645,0.3934407753860025,57.41924931550017,False,False
PanTS_00001840,0.8934279044711797,19948.327033996586,19425.13858795166,17588.676441192627,0.8817118553960658,0.905459508644222,37.03957503213004,False,True
PanTS_00002123,0.0,915.7379683574728,4005.880327026252,0.0,0.0,0.0,32.51664781024047,False,False
PanTS_00002142,0.4202072122721066,6596.191504540911,5562.988364144985,2554.68753806781,0.38729735731734394,0.45922935135609577,30.32718814996746,False,False
PanTS_00002205,0.0813178193227873,5482.0,2167.0,311.0,0.05673112002918643,0.1435163820950623,30.7408522978788,False,False
PanTS_00002243,0.0,16083.572387695312,7734.272003173828,0.0,0.0,0.0,41.367703903764486,False,False
PanTS_00002304,0.5415101608398344,19356.62277267182,9240.391206931412,7742.786819816969,0.40000711439954467,0.8379284649776453,37.48544238567986,True,True
PanTS_00002396,0.0,5390.378058910384,1216.405647113448,0.0,0.0,0.0,23.79622056501556,False,True
PanTS_00002435,0.1734871431333376,926.7933356579492,9757.495066574143,926.793335657949,0.9999999999999998,0.09498271117070071,45.12442478906239,False,False
PanTS_00002464,0.1926743602609132,788.1584523199798,5853.701147991732,639.8580247164318,0.8118393234672304,0.10930828351836037,31.80189167054996,True,True
PanTS_00002466,0.3837893732103086,5796.386805122893,18758.301060770464,4711.914132712991,0.8129053997135878,0.2511908790379259,50.12034988561283,False,False
PanTS_00002585,0.7511114703742624,11503.889853345245,9906.463896577128,8040.781143168649,0.698961937716263,0.8116701607267647,35.12425379977732,True,True
PanTS_00002593,0.7793724966622163,5250.782905784919,3983.9371328012967,3598.643406224769,0.6853536835926035,0.9032882011605416,23.068697645669705,True,True
PanTS_00002643,0.0,410.8261489868164,351.8558883666992,0.0,0.0,0.0,11.491441278458067,False,True
PanTS_00002734,0.8411470469444186,25244.000244140625,27945.88165283203,22370.25604248047,0.8861612987693114,0.8004848914907456,55.07380634664552,False,False
PanTS_00002855,0.0,0.0,7212.059201706336,0.0,,0.0,35.96092953559411,False,False
PanTS_00002859,0.0,232.083984375,279.0703125,0.0,0.0,0.0,11.53497568538833,False,False
PanTS_00002889,0.0,0.0,1569.3334702408974,0.0,,0.0,23.88240359873546,False,False
PanTS_00002906,0.0,2.441406286379788,455.0781317811925,0.0,0.0,0.0,18.69684252065866,False,False
PanTS_00002916,0.0,1457.3358981808406,86.30584845402609,0.0,0.0,0.0,9.737736839381714,False,False
PanTS_00002927,0.863849765258216,7032.723054442456,8183.676601727057,6572.341635528616,0.9345372460496615,0.8031037827352085,28.976808580230248,True,True
PanTS_00002963,0.0336938435940099,757.0776480000859,1361.682149196895,35.6945806100156,0.047147846332945165,0.02621359223300964,20.09915802791099,False,False
PanTS_00003029,0.0339879154078549,17570.25,303.75,303.74999999999926,0.017287744909719512,0.9999999999999976,13.24764129949177,True,True
PanTS_00003260,0.0,250.8468665308783,1752.9373430153328,0.0,0.0,0.0,44.15372883158828,False,False
PanTS_00003265,0.0,4675.293038417294,132.81250197906047,0.0,0.0,0.0,11.07276017679837,False,False
PanTS_00003276,0.6809971637557845,9398.451210001862,6573.1938066908,5438.322478440956,0.5786402841197362,0.827348567283279,33.72397714845491,True,True
PanTS_00003292,0.7526170798898072,11286.724512467988,10349.740411623055,8141.98652515382,0.7213772708069287,0.7866850956000921,32.329696879680256,False,False
PanTS_00003355,0.7554571583935369,14169.0673828125,11287.79296875,9615.78369140625,0.6786461967899512,0.8518745620182201,40.46754341830624,True,True
PanTS_00003588,0.6295639844026941,8122.239914505743,6171.48360316157,4499.406764866563,0.5539613225202745,0.729064039408867,39.09976360247142,True,True
PanTS_00003615,0.4634972763051581,12554.400363336845,40281.08241406069,12244.551179795924,0.975319475675972,0.3039777097827388,58.57971926674762,False,True
PanTS_00003711,0.0825286662643331,4070.031644893819,50983.37599256788,2271.7421528131817,0.5581632653061223,0.04455848810687518,84.83589473862126,False,True
PanTS_00003750,0.0679811401628804,34257.512335392275,2344.986494548575,1244.1398016349374,0.036317283912924,0.5305530776092773,34.84241434125492,False,False
PanTS_00003894,0.0,7636.539631059351,5824.560199399936,0.0,0.0,0.0,27.34343073181984,False,False
PanTS_00003974,0.7452957815766819,10279.574815373038,6128.596135509995,6114.470296541088,0.5948174322732626,0.9976950938426078,29.535859902414277,True,True
PanTS_00003993,0.0,853.6832758073332,1332.9440622254851,0.0,0.0,0.0,20.84058750830816,False,False
PanTS_00004033,0.6315230224321133,16883.496704101562,7941.2957763671875,7838.7139892578125,0.4642826143563927,0.9870824875438273,34.84725669013452,True,True
PanTS_00004055,0.1543167912984364,23046.41512870789,6252.069578170776,2260.6240749359126,0.09809005271800186,0.36158012105766163,27.906312402055267,False,False
PanTS_00004124,0.0,7850.42724609375,288.2578754425049,0.0,0.0,0.0,11.39507592919542,False,False
PanTS_00004208,0.0548996458087367,332.0410205727967,3671.3574765824887,109.89257976252698,0.33096085409252657,0.02993241068554875,31.68775444003849,False,False
PanTS_00004267,0.0,0.0,956.3586568289792,0.0,,0.0,13.89785568108795,False,False
PanTS_00004420,0.7652814550477726,10836.786396749572,7386.048180982432,6972.798680370806,0.6434378629500582,0.944049985799489,35.237390037048215,True,True
PanTS_00004540,0.5306122448979592,18639.678955078125,11035.7666015625,7873.077392578126,0.42238267148014447,0.7134146341463415,38.12860190464797,False,False
PanTS_00004677,0.7193630357445366,9643.195145534606,10679.46852604368,7309.686516600884,0.7580149946447697,0.6844616376531271,41.57935461485125,True,True
PanTS_00004748,0.1391304347826087,9736.14738509243,760.6365144603462,730.2110538819322,0.075,0.9599999999999997,17.673470856893505,False,False
PanTS_00004788,0.0,1038.8344122539638,3995.1915645206254,0.0,0.0,0.0,27.271055370312855,False,False
PanTS_00004842,0.2302983932670237,8446.2890625,3041.015625,1322.75390625,0.15660770031217483,0.434971098265896,21.83478446195428,True,True
PanTS_00005054,0.0578154751601177,3077.5070190429688,2431.869506835937,159.26361083984372,0.05175085218469166,0.06549019607843137,21.749922828975883,False,False
PanTS_00005095,0.6684391080617496,13601.164950061697,9928.446818145929,7864.056351689976,0.5781899109792286,0.7920731707317072,35.49003145534889,False,False
PanTS_00005268,0.5543885382016291,37235.25209275818,15618.400346153763,14650.729557112682,0.39346395508792803,0.9380429001950009,49.82640673809455,True,True
PanTS_00005428,0.0,7322.582144779276,1701.7912689657792,0.0,0.0,0.0,20.618788387460217,False,False
PanTS_00005466,0.3910744936491589,10111.328273826732,5015.160664986574,2957.7920012180084,0.2925225965488907,0.5897701387450818,28.147675980824747,True,True
PanTS_00005525,0.8908803373748023,12018.7353515625,12481.09375,10913.2080078125,0.9080163335482484,0.8743791390728477,36.82000666247903,False,False
PanTS_00005538,0.0,29611.84943139326,2107.197050587444,0.0,0.0,0.0,18.647562762120774,True,True
PanTS_00005661,0.8409785932721713,4785.056209658482,6129.735682626785,4589.553165716282,0.959142999501744,0.7487359004278491,27.43299371594844,False,False
PanTS_00005677,0.0473569244211446,3603.8208544823647,674.7818093714386,101.31073149011625,0.028112033195020744,0.15013850415512464,16.600779101461253,False,False
PanTS_00005759,0.571876224050137,6932.639098709473,3732.638164927336,3049.6092449881985,0.4398915335944562,0.8170117515388919,23.43781343091876,True,True
PanTS_00005803,0.2507513954486904,9260.168569164696,1845.358000137352,1392.363142222498,0.15036045314109164,0.7545219638242893,21.62185123154192,False,True
PanTS_00005806,0.4755636647986446,2619.43037360079,8396.677741849395,2619.43037360079,1.0,0.3119603317089852,44.070199013464006,True,True
PanTS_00005876,0.5588996002821538,11024.738311767578,5769.033908843994,4693.016290664673,0.4256805157593123,0.8134839151266255,31.99989235383048,False,False
PanTS_00005881,0.7905778432094221,6599.954921985692,9164.508834528704,6231.5178779891285,0.9441758241758242,0.6799620132953467,32.266677519319416,False,False
PanTS_00005995,0.0,454.5898166543338,2831.054518755991,0.0,0.0,0.0,32.342733895525804,False,False
PanTS_00006157,0.6192533036821622,31513.78196786464,58131.809729772685,27756.664409652065,0.8807785888077858,0.47747807162171074,98.4385966327372,True,True
PanTS_00006183,0.0,2399.960373225862,3693.011847255189,0.0,0.0,0.0,25.66501234131726,True,True
PanTS_00006193,0.0,0.0,2043.1592101329445,0.0,,0.0,18.62297515768916,False,False
PanTS_00006218,0.0828162291169451,8616.823232733652,2323.931114282712,453.0360093573601,0.05257575757575757,0.1949438202247191,20.198160429554903,True,True
PanTS_00006222,0.7094428152492669,16065.10102815506,12427.861552662434,10107.063794063592,0.6291316672301251,0.8132584798467074,50.3716643620052,False,True
PanTS_00006282,0.0,2.7329069331099163,469.604508006054,0.0,0.0,0.0,12.10161151582954,False,False
PanTS_00006319,0.606260806004976,9144.36408147819,18129.62573574636,8267.575524781032,0.9041170551735703,0.45602571422529553,48.84183856605176,False,False
PanTS_00006351,0.5446953881191877,3268.1250486988574,4964.687573979609,2242.1875334111974,0.6860776439089692,0.45162711651035436,31.262407684494928,False,False
PanTS_00006353,0.4774955699940933,13154.617711750034,14187.133539673448,6527.782549217585,0.49623506302177117,0.4601199058966381,45.9135709098676,False,False
PanTS_00006384,0.8086467925706259,16063.251088127969,14122.18657769866,12204.67867540563,0.7597888253409589,0.8642201834862385,42.03233637796196,True,True
PanTS_00006413,0.0,8279.17018421336,1855.6523325395049,0.0,0.0,0.0,19.705252029285894,True,True
PanTS_00006467,0.0,2813.326612185055,6196.255151066658,0.0,0.0,0.0,29.176017820283413,False,False
PanTS_00006536,0.2192691029900332,1902.2846603393557,1341.8381881713867,355.6679534912109,0.18696883852691212,0.2650602409638554,23.02285592930646,False,False
PanTS_00006654,0.6004713613437637,40542.3710794217,44950.89122674533,25668.12780135179,0.6331185650456517,0.571026004175853,105.19848403069034,True,True
PanTS_00006661,0.0,21580.904541015625,1885.789794921875,0.0,0.0,0.0,20.35853557363901,False,True
PanTS_00006837,0.5328002369317341,9689.328246195144,18209.49223982922,7432.249082534849,0.7670551449687323,0.40815246161990476,47.46384363736156,False,True
PanTS_00006917,0.4092631578947368,4124.251975831005,9277.168796639426,2742.353892808686,0.6649336434532768,0.2956024572714555,39.64290700735937,False,False
PanTS_00006921,0.8009461088952787,27588.8671875,19788.57421875,18973.388671875,0.6877190187957949,0.9588052409504775,47.220600972986354,True,True
PanTS_00006945,0.7154229911898949,10430.354181561455,7763.381560799306,6508.10842285912,0.6239585261988521,0.8383084577114428,32.36905188313316,True,True
PanTS_00006975,0.2895911283415228,24178.790437347427,5096.800866166463,4238.975759224929,0.175317941160417,0.8316934230968409,28.289327528961916,True,True
PanTS_00006982,0.3117722459795125,19936.38502276394,107910.14232118412,19929.49948535192,0.9996546245769151,0.18468606431852985,77.7951943873905,True,True
PanTS_00006987,0.621613204609156,9247.837829589844,10198.663330078123,6044.1009521484375,0.6535690897184021,0.5926365795724466,37.184168869974506,True,True
PanTS_00006998,0.6080501829587036,14785.519996768797,6848.792190640341,6577.373741869918,0.44485237876701844,0.9603698811096434,35.07748994857791,True,True
PanTS_00007014,0.1505799956226745,37548.22759498378,4183.188576624318,3141.9582322243778,0.08367793724154705,0.7510917030567684,37.3577447233762,False,True
PanTS_00007044,0.6637105356509401,3345.65547417529,4584.891325656657,2631.793732260655,0.7866302291360101,0.574014419389477,28.210459176318093,False,False
PanTS_00007060,0.7812186559679037,12184.712652350829,15944.16379197629,10987.40152486223,0.9017366136034732,0.6891174518911747,41.44050213286288,False,False
PanTS_00007094,0.0,3777.0,4587.0,0.0,0.0,0.0,41.97618372363071,False,False
PanTS_00007130,0.7354838709677419,35103.3777897656,37611.002989053726,26740.127125114202,0.7617536775310066,0.7109655419956927,62.22740657542837,True,True
PanTS_00007151,0.0,170.95944213867188,1463.0183029174805,0.0,0.0,0.0,20.743714816944877,False,False
PanTS_00007167,0.7876925565034569,15837.424601388182,18222.57476091206,13414.403986098194,0.8470066518847007,0.7361420744379368,41.213479701272746,True,True
PanTS_00007217,0.0,2428.711471557617,2763.028030395508,0.0,0.0,0.0,23.293264681113172,False,False
PanTS_00007227,0.0,0.0,1242.5212672784132,0.0,,0.0,27.041494184220397,False,False
PanTS_00007284,0.0078226857887874,1846.125,742.5,10.124999999999892,0.005484460694698296,0.01363636363636349,16.837458240482736,False,False
PanTS_00007298,0.0,5577.0,1389.0,0.0,0.0,0.0,17.916472867168917,False,False
PanTS_00007319,0.1916038751345533,801.740047338157,1533.1079275118364,223.68295991566134,0.27899686520376177,0.14590163934426228,17.609442357127865,False,False
PanTS_00007361,0.0,0.0,3026.3672325963853,0.0,,0.0,30.333340925977268,False,False
PanTS_00007426,0.4562206125301817,24726.24327410171,10143.077214053552,7954.051375808705,0.3216845878136201,0.7841852337265182,47.028108747743886,True,True
PanTS_00007435,0.3548788067122436,2940.6825602522345,3496.811643075446,1142.2651305469562,0.38843537414965984,0.3266590389016018,24.874833714691416,True,True
PanTS_00007468,0.0,5558.625,2679.75,0.0,0.0,0.0,23.382685902179844,False,False
PanTS_00007485,0.6744060280491762,5779.845108820791,9071.06399570559,5007.771311051492,0.8664196387216304,0.5520599693070476,40.25424625152082,True,True
PanTS_00007536,0.6169447773577947,17343.29163339705,27469.16295151429,13823.404908372206,0.7970462124821343,0.503233568957738,58.767821225913295,False,True
PanTS_00007641,0.4814594958249238,24343.83121175025,8646.85155612045,7941.838746169514,0.32623619006757476,0.918465951985505,36.69002258066007,True,True
PanTS_00007846,0.6064457557875624,5478.727840772748,2597.309250710935,2448.8392088566047,0.44697223151555704,0.9428369795342272,23.946450425394374,True,True
PanTS_00007863,0.4410595534420626,5836.5675736942985,8653.645429545826,3195.5234382447293,0.5475004611695259,0.36926905132192844,39.86786199208377,False,False
PanTS_00007868,0.0,3766.025446743152,786.5258906263989,0.0,0.0,0.0,20.024297056587876,False,False
PanTS_00007905,0.6665448899442872,17962.1597024166,10627.415320371503,9528.117568559119,0.5304550079953482,0.8965601965601965,34.82229949949223,True,True
PanTS_00008059,0.4651570971778118,10384.384867252877,34226.219298570155,10375.469568561319,0.9991414706980216,0.3031438990690616,57.62747438832108,False,True
PanTS_00008091,0.0,20111.0,954.0,0.0,0.0,0.0,19.72308292331602,True,True
PanTS_00008234,0.0,1371.6753570393198,1269.4013172600723,0.0,0.0,0.0,22.27517435203749,False,False
PanTS_00008238,0.3298066750024045,26689.031562732373,87853.26039370982,18888.406228654432,0.7077216790072496,0.21499949055967896,85.48883023760317,True,True
PanTS_00008292,0.8288371294047833,55139.27959006716,59887.8033585172,47669.358617455284,0.8645263226479021,0.7959777441173383,92.56814434988932,True,True
PanTS_00008301,0.741717050980028,90104.1425736993,147229.31515878555,88017.1361841159,0.9768378419685159,0.5978234435797665,112.91787280545624,False,False
PanTS_00008354,0.5535964113610624,18359.460473372463,47968.50010077294,18359.460473372463,1.0,0.3827399321388544,60.89629223423548,True,True
PanTS_00008385,0.0,48223.03839055531,2501.0639324677422,0.0,0.0,0.0,34.52241466769444,True,True
PanTS_00008473,0.7329382527241445,7093.123517327217,10105.947458787745,6302.928514856123,0.8885970333745365,0.6236850666955861,36.96577273248318,False,False
PanTS_00008476,0.5280390738060782,10563.001044866673,4422.824638701392,3956.55075708531,0.3745669190298987,0.8945755439779346,32.17988087342666,True,True
PanTS_00008480,0.0,33227.20527648926,2432.7635765075684,0.0,0.0,0.0,22.74536706050894,False,True
PanTS_00008540,0.0,2253.6547200291707,2966.100405715812,0.0,0.0,0.0,28.69155143664846,False,True
PanTS_00008546,0.6972970423133167,23828.521728515625,15311.477661132812,13646.102905273438,0.5726793739346041,0.8912335704811286,43.41817522021308,True,True
PanTS_00008581,0.6808038808038808,1937.9882482462565,1144.5922656639596,1049.316388380248,0.5414462081128747,0.9167599850690556,18.01294666612714,True,True
PanTS_00008633,0.6840005148667783,3711.3046650790097,6987.443365718328,3658.9745807476547,0.9858998144712431,0.5236499802916832,29.02178880955819,False,False
PanTS_00008650,0.6043595538383029,7077.413677383669,8492.896412860402,4705.032829631966,0.664795509222133,0.553996257685111,36.733742371186445,True,True
PanTS_00008711,0.1347219568125358,37213.092351714,11108.523597794529,3254.9913285308144,0.08746898263027292,0.29301745635910215,37.17543666935188,True,True
PanTS_00008726,0.0,5479.464004748848,2497.265720164288,0.0,0.0,0.0,22.542601953523345,True,True
PanTS_00008727,0.8339199535541928,18404.3851429892,22188.36797070743,16925.553395605355,0.9196478591436577,0.7628120021242698,46.607874857618334,True,True
PanTS_00008789,0.5120678408349641,4590.897664894712,1596.2198034864691,1584.1119415131204,0.34505494505494505,0.9924146649810367,18.29314533937063,False,False
PanTS_00008811,0.107635597682991,13456.334063356358,959.5400121901408,775.8306111220913,0.05765542141487078,0.808544303797468,15.174606622646536,True,True
PanTS_00008922,0.0,3864.0,4626.0,0.0,0.0,0.0,36.40054944640259,False,False
PanTS_00008942,0.7917598950698248,14398.083931304222,16503.31792887694,12233.245347163764,0.8496439807915218,0.7412597515169026,40.60478848185652,True,True
PanTS_00008999,0.1914117316867808,7681.843215976146,39454.33481821962,4511.208731310905,0.587256027554535,0.11434000223538615,75.902799647612,True,True
PanTS_00009008,0.1074144486692015,6409.125,691.875,381.3749999999999,0.0595050026329647,0.5512195121951218,14.150971698084906,False,False
PanTS_00009056,0.0,4237.604452708155,2752.3748530455805,0.0,0.0,0.0,18.563576421251444,True,True
PanTS_00009061,0.0,11903.207366705064,3706.426320784122,0.0,0.0,0.0,25.334021562536936,True,True
PanTS_00009067,0.1459054209919262,8193.182050861185,3364.253520579364,843.1462513190482,0.10290827740492171,0.25061911837543344,21.499195183183723,True,True
PanTS_00009127,0.0,26.11973762512207,333.52895736694336,0.0,0.0,0.0,12.817750924773474,False,False
PanTS_00009151,0.1032978537777002,15846.011661869454,2083.6019282932,926.0453014636441,0.058440276406712725,0.44444444444444425,27.566048981677284,True,True
PanTS_00009157,0.0,1707.5083742246154,861.6989290109906,0.0,0.0,0.0,18.559461115090343,True,True
PanTS_00009168,0.845608181620367,60365.235900878906,51227.08206176758,47181.688537597656,0.7816036470903728,0.9210301785432138,60.94666447513376,False,False
PanTS_00009191,0.0,2898.9388712684167,2405.202323850438,0.0,0.0,0.0,19.10426339311522,False,False
PanTS_00009265,0.7462537462537463,12269.851901878625,16254.52608251581,10643.211965206116,0.8674279078769113,0.6547845142439738,44.80648279199709,True,True
PanTS_00009281,0.758384832303354,5185.764312744141,3518.277359008789,3300.506591796875,0.6364551863041289,0.9381030132106278,27.04834741984307,True,True
PanTS_00009325,0.0,443.2673539175091,6339.912000666903,0.0,0.0,0.0,31.463278626031,False,False
PanTS_00009338,0.6767838902670363,21388.997497558597,23408.92421722412,15159.255867004395,0.7087408312958434,0.6475844736107232,45.06914125303624,False,True
PanTS_00009347,0.594290007513148,5166.448332906031,2203.908292064952,2190.064647014293,0.4239013933547695,0.9937185929648241,19.41321459761842,False,True
PanTS_00009371,0.121039603960396,25841.72780963646,1733.702816600016,1668.8596010185188,0.06458003169572105,0.9625984251968501,26.08018672121408,True,True
PanTS_00009386,0.3587007688686647,6370.331062876096,10573.792419473388,3038.935060462178,0.4770450751252087,0.287402564747297,41.94520210887773,True,True
PanTS_00009423,0.6144434497165026,6446.706987731719,4508.118121745457,3365.5602656540595,0.5220588235294118,0.7465554749818709,24.605002256786165,True,True
PanTS_00009510,0.5185970294958511,26961.85718536377,52450.751953125,20591.571601867676,0.763729718628055,0.39258868243243245,65.06621629579945,True,True
PanTS_00009523,0.0,4728.375,162.0,0.0,0.0,0.0,8.215838362577491,False,False
PanTS_00009545,0.5748888446479528,39606.83449181912,21210.956200311342,17481.73471251995,0.4413817700106995,0.8241841879935307,54.77947036015152,False,False
PanTS_00009584,0.0,3907.6805114746094,150.20370483398438,0.0,0.0,0.0,9.764765587184172,False,False
PanTS_00009641,0.3508030050834495,29252.2322990259,6383.646024810716,6250.586602395023,0.21367896092508357,0.979156202913109,29.660014890556955,True,True
PanTS_00009666,0.4758842443729904,3344.0199696366494,1372.4889217783077,1122.2561349347488,0.33560090702947853,0.8176795580110497,20.02007044632461,False,False
PanTS_00009781,0.6898677891741269,22382.18017578125,12249.5263671875,11945.6494140625,0.5337125034400514,0.9751927589674824,36.1911429513493,True,True
PanTS_00009784,0.8570358346859783,8973.513412475586,7756.71272277832,7169.20166015625,0.7989291741837863,0.9242577257119774,30.14614518607774,True,True
PanTS_00009821,0.1617866004962779,4455.331166693377,9899.46944233629,1161.207195668405,0.26063319475535657,0.11729994242947611,45.41741140532659,False,False
PanTS_00009826,0.3930275990869475,4766.472939262633,2223.6771198690253,1373.6609474989998,0.28819233110164333,0.6177429876060012,24.241181609471717,True,True
PanTS_00009838,0.152415573468205,8069.428448070753,42841.5974362008,3879.8166030029383,0.4808043875685556,0.09056190327124743,63.4976201527953,False,True
PanTS_00009862,0.7117205354227881,11420.172742899967,10486.819028825475,7795.827956637523,0.6826366056051355,0.7433930093776641,32.30974376614494,True,True
PanTS_00009896,0.0364238410596026,1672.760009765625,1672.760009765625,60.928344726562415,0.0364238410596026,0.0364238410596026,17.89198957678058,False,False
PanTS_00009897,0.0,0.0,3911.9677734375,0.0,,0.0,29.408840215358715,False,False
PanTS_00009901,0.5107926092212053,26739.864349365234,9171.674251556396,9171.674251556396,0.3429962894248609,1.0,33.992996223734764,False,False
PanTS_00000029,0.8398291510945008,3849.187709898206,2910.8015827781555,2838.6180345381517,0.737458977965307,0.9752014879107254,20.924124970072658,False,False
PanTS_00000074,0.0,3.948688507080078,1263.580322265625,0.0,0.0,0.0,15.045199640634966,False,False
PanTS_00000100,0.0,18529.753165030044,2564.12353803614,0.0,0.0,0.0,18.29487314370529,False,False
PanTS_00000162,0.4313725490196078,13702.790149070366,3768.2672909943503,3768.2672909943503,0.27499999999999997,1.0,28.68791558377873,True,True
PanTS_00000164,0.0,0.0,4502.772080573455,0.0,,0.0,25.08517320351447,True,True
PanTS_00000199,0.1202475685234305,497.5813241675621,1101.18139638219,96.12366489600625,0.19318181818181804,0.0872913992297817,18.34292944390093,True,True
PanTS_00000251,0.0,2853.238856979,1577.2386111786304,0.0,0.0,0.0,24.509951767742656,False,False
PanTS_00000270,0.2296692500818687,2785.8884369034645,16137.634032552272,2173.0756072336453,0.7800296589223921,0.134658872722618,41.243526179678,False,False
PanTS_00000363,0.6548198929580853,10749.012453905088,12150.907870992443,7497.661687949042,0.697520978797002,0.6170453901513007,42.809101120789045,False,True
PanTS_00000368,0.0245593759029182,3043.808028754711,2131.6376050060626,63.55285739232377,0.020879390813068013,0.02981410031567867,33.90589763039872,False,False
PanTS_00000371,0.0,0.0,426.3796181185171,0.0,,0.0,15.77454856163154,False,True
PanTS_00000750,0.0,4642.675345838516,1637.3721085769764,0.0,0.0,0.0,20.619315131485514,True,True
PanTS_00000806,0.5042405551272167,6666.176961736481,2610.680891667184,2338.8839769182714,0.35085836909871243,0.895890410958904,24.41127117221939,False,False
PanTS_00000839,0.0,9445.220947265623,944.27490234375,0.0,0.0,0.0,18.57634426915721,True,True
PanTS_00000860,0.7801350965655028,17298.790401670507,19598.041155139294,14392.256624766454,0.8319805194805195,0.7343722013254523,48.01998658693054,True,True
PanTS_00000911,0.0,0.0,2700.0350315496744,0.0,,0.0,36.17606719792818,False,False
PanTS_00000927,0.4739190305700909,4612.1429443359375,7604.585266113281,2894.8699951171875,0.6276626787277502,0.38067427661268916,29.797520230953157,True,True
PanTS_00001030,0.4543869843114468,17087.21108602871,6737.702046155856,5412.865214807766,0.31677874098679415,0.8033696322169716,35.035345475743355,False,True
PanTS_00001048,0.0,15715.71763335045,1969.1531640832904,0.0,0.0,0.0,19.083008860810853,False,True
PanTS_00001091,0.0025828669823504,3465.9823620713623,3204.669690200199,8.614703468280075,0.002485501242750613,0.0026881720430107434,28.66890202262316,True,True
PanTS_00001154,0.2469879518072289,9933.215678151748,4962.121291795769,1839.4843848429161,0.18518518518518517,0.3707052441229656,29.440946093172297,True,True
PanTS_00001168,0.0,2394.6298599243164,1320.7241821289062,0.0,0.0,0.0,17.82637206544352,False,False
PanTS_00001183,0.1315133257419606,12204.772348284378,146210.66099258096,10416.870243755533,0.8535079513564078,0.07124562718640678,83.15098719996593,False,False
PanTS_00001215,0.0,105.99522699347696,507.02871469044646,0.0,0.0,0.0,13.121417997728118,False,False
PanTS_00001254,0.2472660996354799,11502.374243117112,2344.2186414543894,1711.896507904192,0.14882983910287662,0.7302631578947367,27.046475540279182,False,False
PanTS_00001321,0.0,614.25,6662.25,0.0,0.0,0.0,35.04996433664377,False,False
PanTS_00001327,0.0,1943.1953414558664,1679.7781500306446,0.0,0.0,0.0,27.44010814461932,False,False
PanTS_00001331,0.6295977835100793,12212.223510742188,5733.212890625,5649.2034912109375,0.4625859890495578,0.9853468899521531,26.55516902512814,True,True
PanTS_00001347,0.4363224252727015,7277.541282961742,4597.669978348229,2590.7104890802316,0.3559870550161812,0.5634833516282474,38.62573957160202,True,True
PanTS_00001450,0.5626959247648903,1196.3104669193144,1022.4281316112744,624.237583755863,0.5218023255813953,0.6105442176870748,22.494307143315005,True,True
PanTS_00001582,0.736894720399875,11174.187275386435,15494.895239161717,9826.153051439578,0.87936176558306,0.6341542101301215,37.62301513748056,True,True
PanTS_00001649,0.0,5351.0,2154.0,0.0,0.0,0.0,21.118712081942878,False,False
PanTS_00001650,0.7314743854271061,21186.85913085937,20744.384765625,15335.8154296875,0.7238361918095906,0.7392755004766445,42.99473646019068,True,True
PanTS_00001670,0.0,290.69824651924137,592.866219771895,0.0,0.0,0.0,19.17729315791289,False,False
PanTS_00001672,0.5974447891951086,10413.7182593762,12476.742441547414,6837.893234021113,0.6566236058733852,0.5480511652826145,50.3716643620052,False,True
PanTS_00001751,0.072002380243975,5727.374999999964,5615.9999999999645,408.3749999999973,0.07130229817324689,0.07271634615384613,38.50649581952084,True,True
PanTS_00001802,0.0,690.9546001397757,2034.11868265448,0.0,0.0,0.0,18.838447471539958,False,False
PanTS_00001823,0.0,367.875,519.75,0.0,0.0,0.0,11.521718621802911,False,False
PanTS_00001826,0.0,3158.846802894612,24077.112709476045,0.0,0.0,0.0,63.2024401661629,True,True
PanTS_00001873,0.1678183613030602,5464.35546875,11275.741577148438,1404.6478271484373,0.2570564516129032,0.1245725451880801,53.457398753075445,False,True
PanTS_00001878,0.5609715826744207,96516.8517894562,93508.32606908125,53299.36238564602,0.5522285631727226,0.5699958990418671,135.09450305467257,False,False
PanTS_00001964,0.6778446546288335,6733.480939973536,3860.93394145495,3590.6837481482326,0.5332581736189402,0.9300039323633502,27.64695493545436,True,True
PanTS_00001973,0.0,0.0,30100.12679664729,0.0,,0.0,45.497426372474834,False,False
PanTS_00002071,0.8161911938852406,13570.705685351058,18409.17282477781,13050.847610743514,0.9616926277335226,0.7089317773788151,43.12999029026931,True,True
PanTS_00002102,0.0,8642.0,2661.0,0.0,0.0,0.0,28.653097563788805,False,False
PanTS_00002126,0.0,2764.125,317.25,0.0,0.0,0.0,13.5,False,False
PanTS_00002186,0.0,730.4687064606696,326.6601367795374,0.0,0.0,0.0,12.561393945692778,False,False
PanTS_00002196,0.0,99.439697265625,2523.7109375,0.0,0.0,0.0,17.58312428909109,False,False
PanTS_00002262,0.0,1636.6191650125256,745.1541126661614,0.0,0.0,0.0,20.331361482199085,False,False
PanTS_00002269,0.7423530937864833,14410.933350887108,14703.245904311989,10806.50052157565,0.7498820692908432,0.7349738004726188,42.043177583822,True,True
PanTS_00002345,0.5847797062750334,9841.909334065876,4444.117974490987,4177.089426667494,0.42441860465116277,0.9399141630901288,25.649540547036764,False,False
PanTS_00002417,0.0,2456.9042574149275,1730.0253777648782,0.0,0.0,0.0,18.11324701274884,False,False
PanTS_00002479,0.0,2580.137147822039,993.2261866752232,0.0,0.0,0.0,20.331361482199085,False,False
PanTS_00002597,0.2249718785151856,19399.371878638376,11633.910895973871,3490.8079611487346,0.17994438082774417,0.30005455537370435,41.91455268834319,False,True
PanTS_00002609,0.7197888150175987,9695.410686722937,5755.611517048051,5560.736481431462,0.5735431598628856,0.9661417322834644,29.509277112350947,True,True
PanTS_00002729,0.7588075880758808,23229.358775298857,22266.124458857536,17261.15895062844,0.7430751368386133,0.7752206264059526,40.155841959350376,True,True
PanTS_00002741,0.3398633575013943,26962.593190732758,9088.06273095541,6126.148480836231,0.2272091722595078,0.674087389380531,33.42341880366175,True,True
PanTS_00002750,0.0779012810851544,5376.897777347817,3493.5213064632826,345.5085051955431,0.06425796425796418,0.09889978474049259,39.482752637427566,False,False
PanTS_00002829,0.7773411918795023,1063.1243012663135,1313.7290047858985,923.8129909246811,0.86896046852123,0.7031990521327015,22.521491854532627,False,False
PanTS_00002936,0.568962962962963,29997.0,61128.0,25923.375000000004,0.8641989198919893,0.4240834805653711,79.41504895169429,True,True
PanTS_00002960,0.0,0.0,1126.229507446289,0.0,,0.0,15.874248336658535,False,False
PanTS_00003130,0.0576537690766147,6271.3623046875,13525.390625,570.6787109374993,0.09099756690997556,0.042193140794223774,36.38478444435943,False,False
PanTS_00003192,0.5228127939793038,9213.704832480968,7209.130190662639,4293.034131755437,0.46594005449591275,0.5954995981784088,37.05077124509174,True,True
PanTS_00003205,0.6020159730596828,5386.075055844709,8520.19991944134,4185.899830441173,0.7771707202443896,0.49129126898651904,34.45850264065228,False,False
PanTS_00003343,0.3712135828670654,13095.382012421316,3930.421316408405,3160.104727442445,0.2413144362222501,0.8040117007939824,35.96528248961116,False,False
PanTS_00003398,0.0,920.9439956567284,1160.8795155894682,0.0,0.0,0.0,20.81303878178441,False,False
PanTS_00003405,0.0100972326103216,16618.5,1431.0,91.12499999999986,0.005483346872461405,0.06367924528301877,24.09356760631352,False,False
PanTS_00003441,0.5416015595934343,41881.125,21641.0390625,17201.8515625,0.410730408089563,0.7948717948717948,47.47783199820733,True,True
PanTS_00003457,0.0260573261174584,35240.43052658848,1346.9393188228537,476.6845139209734,0.013526637069922305,0.3539019963702358,24.97821675705151,True,True
PanTS_00003495,0.4705882352941176,4246.585922241211,2088.9672088623047,1490.7183837890623,0.35103926096997684,0.7136150234741783,21.53046937366195,False,False
PanTS_00003578,0.0493402180149168,1540.4729949777593,987.8174289829134,62.37320036162301,0.04048964218455743,0.06314243759177679,15.177143323926842,True,True
PanTS_00003672,0.0,9791.483917236328,370.2290344238281,0.0,0.0,0.0,12.643717270873358,True,True
PanTS_00003700,0.288135593220339,3039.2041106825527,5300.937402353289,1201.545811200079,0.39534883720930236,0.22666666666666668,31.87981057001869,False,False
PanTS_00003706,0.0,0.0,1890.136746915232,0.0,,0.0,18.934992836647908,False,False
PanTS_00003730,0.4444444444444444,7612.697796432254,4532.332762611248,2698.895679787445,0.3545255245850297,0.5954760652288269,33.713915636432084,True,True
PanTS_00003824,0.0,75562.71881503223,1889.3839208642448,0.0,0.0,0.0,14.576637948588347,True,True
PanTS_00003841,0.017386113494758,15228.0,11575.0,232.99999999999935,0.01530076175466242,0.020129589632829317,52.716221412388805,False,False
PanTS_00003921,0.0,44.188199623023294,1380.4393562232476,0.0,0.0,0.0,20.816403070250445,False,False
PanTS_00003942,0.0,366.6406304633711,579.9267664540821,0.0,0.0,0.0,12.86758594037327,False,False
PanTS_00003953,0.7503450333843112,17833.825319930147,24517.757902853744,15889.150063589108,0.8909557976791568,0.6480670103092784,86.96976102450402,False,False
PanTS_00003968,0.0,1713.3789317813353,5513.671957160113,0.0,0.0,0.0,30.29698477400064,False,False
PanTS_00004069,0.0656066466122332,3759.796142578125,12644.664402008057,538.1208229064941,0.143125,0.04255714551198662,43.65184345001334,False,False
PanTS_00004243,0.7903335960073549,14314.926754942602,15755.6609822237,11882.897870184655,0.8301053909396899,0.7541986263598535,63.18897691502407,True,True
PanTS_00004262,0.0,1193.6112060546875,4446.673095703125,0.0,0.0,0.0,30.43660564009438,False,False
PanTS_00004268,0.6421529968454258,12591.086806460333,5968.050735639872,5958.902895763048,0.4732635861668119,0.9984671980380134,28.360142129152795,True,True
PanTS_00004313,0.0,3150.20779535484,1761.6334429984304,0.0,0.0,0.0,21.090032175617445,False,False
PanTS_00004503,0.0008358292122309,4756.772531818933,6599.838965532763,4.746093820721925,0.000997755051134866,0.0007191226703421246,56.71387582110217,False,False
PanTS_00004523,0.6333677212287941,32234.643394373623,15820.899311599333,15218.414788047545,0.4721136387909858,0.9619184401793097,45.42539318900601,True,True
PanTS_00004538,0.075353218210361,1461.375,4988.25,242.9999999999998,0.16628175519630473,0.048714479025710376,45.14975082987724,False,True
PanTS_00004539,0.6995798319327731,15981.8599532862,9871.54816146055,9043.261451901963,0.5658453695836874,0.9160935350756534,40.11590020343126,False,False
PanTS_00004673,0.3173584040357716,8281.815845447707,5837.417501697504,2240.428680629325,0.2705238467552775,0.38380476982806433,34.58204580718569,False,False
PanTS_00004703,0.0,972.926436318486,948.8270553764148,0.0,0.0,0.0,18.922154883233095,True,True
PanTS_00004724,0.5601282736504543,1815.0329860304737,1039.886490104891,799.5605587893805,0.44052122740647326,0.7688921496698459,24.93791244280493,False,False
PanTS_00004857,0.2587328354613346,12977.587424221749,76093.12255915206,11522.758675276255,0.8878968253968254,0.1514296993965371,66.78774481933198,False,False
PanTS_00005085,0.0,3585.987884180238,524.6779507959565,0.0,0.0,0.0,15.417871067057492,False,True
PanTS_00005114,0.0,2835.367308036382,2418.4015274427966,0.0,0.0,0.0,27.120904567170506,False,False
PanTS_00005186,0.3934264585045193,7237.361755371094,11518.748245239258,3689.574966430664,0.5097955706984668,0.3203104094193203,35.75695007631056,True,True
PanTS_00005230,0.6704202694550573,1044.6166814290336,1080.0781066063792,712.2192261522287,0.681799591002045,0.6594145569620253,17.247413724436623,False,False
PanTS_00005257,0.0,280.650265608121,3208.4215549767905,0.0,0.0,0.0,27.470340949455903,True,True
PanTS_00005290,0.5764181007010835,7850.524299709882,3822.59229074198,3364.2978471652846,0.42854435178165273,0.880108991825613,25.44728073680918,True,True
PanTS_00005309,0.5939648141675404,16019.697192293905,15386.666672817695,9327.137538409583,0.5822293284604841,0.6061831153388821,44.15413496546724,True,True
PanTS_00005362,0.4092908674995601,13315.377486404352,3426.0584107717395,3426.0584107717395,0.25730088495575226,1.0,23.227683746993332,False,False
PanTS_00005370,0.0,8767.913818359375,1658.660888671875,0.0,0.0,0.0,17.50156940507408,True,True
PanTS_00005391,0.0,278.6472462199652,886.0253940262292,0.0,0.0,0.0,16.508367098829826,False,False
PanTS_00005437,0.0,2577.0853445807948,7728.206228600869,0.0,0.0,0.0,31.75803934499043,False,False
PanTS_00005832,0.0,2867.990078747124,373.1388147643031,0.0,0.0,0.0,15.188014060531591,False,False
PanTS_00005924,0.0,0.0,4924.1051902771,0.0,,0.0,27.9326829960516,False,False
PanTS_00005931,0.2929111191075926,7049.560546875,1431.2744140625,1242.0654296874998,0.17619047619047615,0.8678038379530916,23.76027738158795,False,True
PanTS_00005994,0.0,7078.928275949595,1432.4419570156829,0.0,0.0,0.0,22.86602036763705,False,True
PanTS_00006039,0.0,1783.7381134164452,2584.659996578763,0.0,0.0,0.0,18.454537190834014,False,False
PanTS_00006201,0.3582476453814914,20229.721715022195,5946.325848478685,4688.753702509058,0.23177549194991057,0.7885127424876378,31.1452314840291,True,True
PanTS_00006238,0.0,931.2973022460938,4580.474853515625,0.0,0.0,0.0,38.43321241330537,False,False
PanTS_00006272,0.8692361318593765,7048.03466796875,8273.3154296875,6658.935546875,0.9447932452911886,0.8048690520103283,30.791162743959507,True,True
PanTS_00006315,0.4810471204188482,15100.806066026224,5970.599242353443,5068.169423387236,0.3356224430157803,0.8488543976348856,37.066560691318216,False,False
PanTS_00006331,0.0,2429.52099609375,45463.91259765625,0.0,0.0,0.0,99.72069025259064,False,False
PanTS_00006394,0.0,0.0,1180.1111575150962,0.0,,0.0,15.531239440997105,False,False
PanTS_00006466,0.2417830441529129,12476.432060360155,4425.044506789309,2043.2452275422609,0.16376839289126693,0.4617456896551722,29.931758388768767,False,False
PanTS_00006513,0.6546039404905508,8424.126789093018,12233.34049987793,6761.229743957519,0.8026030368763556,0.5526887561108093,52.82625459407922,False,False
PanTS_00006519,0.0261110039230818,9744.197422313317,48195.58296757186,756.4329165313949,0.07762906309751412,0.01569506726457395,62.966383303718736,False,False
PanTS_00006616,0.7115384615384616,6400.67155535744,5064.040466294637,4078.7917769339124,0.6372443487621098,0.8054421768707485,26.919877817192653,True,True
PanTS_00006734,0.0,0.0,506.5647597425237,0.0,,0.0,13.325118452209749,False,False
PanTS_00006786,0.9169059793140484,41912.57962935919,39338.334560243566,37249.72452258971,0.8887480764008329,0.9469064956358203,60.48724326688067,False,True
PanTS_00006927,0.0,297.29754638671875,300.9231262207031,0.0,0.0,0.0,17.735991201822717,False,True
PanTS_00006959,0.2101534828807556,516.1596294260358,2122.7973491887674,277.29300011418826,0.5372233400402414,0.1306262230919765,23.698068855547618,False,True
PanTS_00007001,0.0,3841.987609863281,3359.344482421875,0.0,0.0,0.0,23.957894583844904,False,True
PanTS_00007054,0.2589524318546232,2363.5788536071777,11391.49435043335,1780.954828262329,0.7534992223950233,0.15634075508228462,46.7975418782043,False,False
PanTS_00007093,0.0,265.0,225.0,0.0,0.0,0.0,10.246950765959598,False,True
PanTS_00007115,0.522883295194508,8541.039823741889,11428.21038672857,5220.793676307208,0.6112597276264593,0.4568338785896038,39.749753560811016,True,True
PanTS_00007184,0.3997089497938394,5357.0,2889.0,1648.0,0.307634870263207,0.5704395984769817,23.727621035409346,False,False
PanTS_00007211,0.4700884625259669,24711.743204230155,41975.40809955118,15674.43021331555,0.6342907533383725,0.373419364408351,81.50237436096754,True,True
PanTS_00007228,0.0,0.0,4943.772515899861,0.0,,0.0,27.37140118976691,False,True
PanTS_00007248,0.0024824162184526,4006.702308305644,5821.646283549642,12.199025972513668,0.003044654939106868,0.0020954598370197673,44.087494993412434,False,False
PanTS_00007422,0.8883377971762061,23637.70979354957,27239.470285186435,22598.061038840748,0.9560173653120774,0.8296072134387352,50.6434330389096,True,True
PanTS_00007463,0.0,0.0,4883.277522731014,0.0,,0.0,32.98314837467587,True,True
PanTS_00007501,0.0,2708.57572555542,711.0786437988281,0.0,0.0,0.0,19.47206364287584,False,False
PanTS_00007532,0.0205584311438361,2950.347944354234,2177.619966531097,52.71148760186856,0.017866193613786097,0.024206008583690965,34.51376002497488,False,False
PanTS_00007539,0.0,2100.785093307495,409.2942333221436,0.0,0.0,0.0,12.51936396875372,False,False
PanTS_00007564,0.6727891156462585,7108.234680160444,4973.983450310768,4064.392425522459,0.5717864713817691,0.8171302671440375,24.72763929420904,True,True
PanTS_00007577,0.4202641130589234,4914.89660470018,12917.26818495032,3747.1094596215157,0.7623984309330344,0.29008528784648185,48.349734773672914,True,True
PanTS_00007651,0.0,494.350067619302,10410.430835747651,0.0,0.0,0.0,32.59505325673435,True,True
PanTS_00007661,0.0,0.0,27431.94938659668,0.0,,0.0,66.32719892702302,False,False
PanTS_00007668,0.1844139410777652,21793.82054276695,12687.215196938272,3179.3918466011573,0.1458850154502328,0.2505980861244019,48.441165615209336,True,True
PanTS_00007691,0.4515435086587071,13897.405404135174,19351.22507508374,7506.601632341671,0.5401441070509522,0.3879135095176493,41.57603263590038,False,True
PanTS_00007713,0.7904919307797006,9271.140868986362,12093.921297115066,8444.454621454926,0.9108323064859417,0.6982395878059254,42.5615315613798,True,True
PanTS_00007802,0.0,1423.966251011155,412.8820804367273,0.0,0.0,0.0,11.576345296005004,True,True
PanTS_00007831,0.0,0.0,3344.5129892902514,0.0,,0.0,29.67853174347607,False,False
PanTS_00007851,0.5643667757432291,11061.43357814319,8200.856732583123,5435.498338047326,0.49139185257032003,0.6627964022894522,40.38476193351347,True,True
PanTS_00007890,0.8264937924285977,22869.84375,23117.34375,19004.0625,0.8309659964336223,0.8220694689457996,42.88429199602111,True,True
PanTS_00007960,0.753363367547567,40564.07800169473,48387.42560923234,33506.4021543738,0.8260116784356328,0.6924609386117199,75.88292208593192,False,True
PanTS_00007997,0.0068174775333126,6656.5478515625,6594.951171875,45.17089843749951,0.006785934608266428,0.006849315068493077,36.37438251194101,False,True
PanTS_00008073,0.0,9165.959374071996,1684.0764097638216,0.0,0.0,0.0,17.941220823028694,False,False
PanTS_00008123,0.6268574573472757,22990.681130910187,20329.932386526096,13577.924820132066,0.5905838432023229,0.6678785035768735,45.12015887586549,True,True
PanTS_00008131,0.0,3876.731913127095,14424.26438879488,0.0,0.0,0.0,46.94134387822911,False,True
PanTS_00008180,0.8244925805901415,17240.188586126293,13292.729607638534,12587.082257262422,0.7301011931732366,0.946914789422135,34.104816285472566,True,True
PanTS_00008184,0.0,649.5256906492411,827.7372620535052,0.0,0.0,0.0,30.161202728156784,False,False
PanTS_00008298,0.8330084470435347,8893.953793711455,11328.088516200904,8422.566030314374,0.9469990766389658,0.7435116717413369,35.54461169029606,False,False
PanTS_00008384,0.2512144344205413,7317.0,2409.75,1221.75,0.1669741697416974,0.5070028011204482,23.76446927663229,False,False
PanTS_00008428,0.465362673186634,7328.471579338821,4301.665900094764,2706.1159334786375,0.3692606165121793,0.6290855673889093,36.236736097635685,True,True
PanTS_00008658,0.0879931876241839,9636.547995158253,7083.940535246438,735.6445422119574,0.07633901087625689,0.10384679805705986,58.57081422002435,False,False
PanTS_00008662,0.5753922578300115,17329.41408091498,7732.495699500613,7210.214427042688,0.41606798668302086,0.9324563125859021,32.31303456902229,True,True
PanTS_00008743,0.0,0.0,5359.92848396505,0.0,,0.0,27.98250210933832,True,True
PanTS_00008763,0.8757640271959344,11094.858333614196,12821.09017797075,10472.363691358123,0.9438934122871947,0.8168075839098131,35.25545229275799,False,True
PanTS_00008769,0.0,1618.957543655597,2025.6042782307304,0.0,0.0,0.0,20.42704933559215,False,False
PanTS_00008837,0.0,0.0,404.2089903981832,0.0,,0.0,15.108674163817398,False,False
PanTS_00008854,0.0,16649.51262997367,4068.267441704145,0.0,0.0,0.0,27.723154178236555,False,False
PanTS_00008954,0.6401826686470549,29705.69354970461,32741.60490931419,19988.839088646884,0.6728958896448877,0.6105027271574139,58.62286355343123,True,True
PanTS_00009001,0.1777279779348388,5979.112981120852,7574.945011642751,1204.4676599327074,0.20144587729581862,0.15900678593460824,33.66309993048619,False,False
PanTS_00009079,0.2982655672448109,6552.064575122589,2263.394916348775,1314.6740128736792,0.20065034429992346,0.5808416389811738,26.189997409849227,False,False
PanTS_00009143,0.7857532751091703,20375.23187231758,14567.360957156614,13728.12837828278,0.6737655043295109,0.9423895253682487,37.18454925016369,False,False
PanTS_00009158,0.8290459614136527,55650.36676025391,66520.22662353516,50642.51852416992,0.9100123049025322,0.7613100720593813,85.19519321690412,True,True
PanTS_00009174,0.5851564434904648,7676.38449110307,16767.370856092377,7151.710472257959,0.9316508937960041,0.42652545432663375,48.42989517740698,True,True
PanTS_00009199,0.0417910447761194,62.294836496011925,2918.958052955987,62.29483649601192,0.9999999999999999,0.021341463414634144,21.01155582739228,True,True
PanTS_00009304,0.7738005997001499,10931.452440287889,7021.834793130446,6946.132213904076,0.6354262850107725,0.9892189746046958,30.01839510642491,True,True
PanTS_00009308,0.0169929811599556,1749.2916107177734,7445.528564453125,78.12370300292937,0.044660194174757105,0.010492700729926965,29.247637791901248,False,False
PanTS_00009317,0.7399102050722,13273.572158813477,8244.999694824219,7960.905456542969,0.5997560687728686,0.9655434507220674,31.57011941021439,True,True
PanTS_00009329,0.0,4032.447863762752,2187.008054573857,0.0,0.0,0.0,23.081207977781126,False,False
PanTS_00009367,0.0026624712574125,2747.25,304016.625,408.3749999999905,0.1486486486486452,0.001343265355965288,129.73916139701228,True,True
PanTS_00009373,0.2537462537462537,36787.526652574044,38876.14474412821,9599.686580800384,0.2609494971342056,0.24693000409332785,71.74645896659491,True,True
PanTS_00009457,0.5996191383004047,8774.2805654177,18560.352475234697,8195.18455479688,0.9340007415647016,0.44154250657318145,47.79825379900453,False,True
PanTS_00009506,0.0059797004904403,17122.01910094052,42227.5687444923,177.44637977338215,0.01036363636363628,0.0042021453057613295,68.10430735579756,False,False
PanTS_00009518,0.2812374447569305,2852.334904158549,5402.852975435205,1160.8339726226654,0.40697674418604657,0.2148557397176182,27.71294027421764,True,True
PanTS_00009528,0.1726084497601642,21724.311284145275,65589.92650478656,7535.587613368937,0.34687348725611944,0.11488940474447722,73.75034630172259,False,True
PanTS_00009534,0.8736201382440937,10251.950234772248,11313.187270793596,9419.86920443266,0.9188368055555555,0.8326450344149458,35.86005313053534,True,True
PanTS_00009569,0.5695808383233533,3474.5970655396422,3185.84496780655,1896.8300784787118,0.5459136822773186,0.5953930896344516,23.05153573185181,True,True
PanTS_00009578,0.6450991719622569,12886.801093634123,8071.90798223246,6760.222935119686,0.5245850297525838,0.8375,40.48934145145477,True,True
PanTS_00009635,0.8374542215183609,13329.973220825195,13050.579071044922,11046.25244140625,0.8286777668952008,0.8464185674269707,34.11298871611088,True,True
PanTS_00009640,0.8518055646911794,11475.817934788343,10689.962787176742,9440.467682347164,0.8226400711472495,0.8831151118385161,42.25312644740902,True,True
PanTS_00009652,0.631151832460733,4293.625747060172,7132.114659606396,3605.688497444123,0.8397770811563917,0.5055567204864752,33.65296072004332,True,True
PanTS_00009687,0.0,2332.598665160319,2178.1451794311183,0.0,0.0,0.0,23.58685744646607,False,False
PanTS_00009731,0.8475964294488576,8829.39103822771,9989.89574267621,7975.580140134124,0.9032990050619654,0.7983647022523913,36.80971111461707,True,True
PanTS_00009752,0.442039442039442,3938.3432334308336,5666.132522935974,2122.7785522128656,0.5390029325513196,0.3746432939258051,28.636694268366217,True,True
PanTS_00009868,0.0,1364.830459922118,340.44085629518,0.0,0.0,0.0,10.50777096678114,False,False
