case_id,cbd_present,cbd_p50_mm,cbd_p95_mm,cbd_p99_mm,cbd_max_mm,cbd_n_skel,mpd_present,mpd_p50_mm,mpd_p95_mm,mpd_p99_mm,mpd_max_mm,mpd_n_skel
PanTS_00000003,True,4.091795086860657,7.322091854831263,8.559171977727742,9.001949191093445,45,True,2.8414537683159025,3.8250194886198607,4.038439967212497,4.091795086860657,20
PanTS_00000012,True,4.052734375,5.486397186733561,5.486397186733561,5.486397186733561,36,False,,,,,0
PanTS_00000020,False,,,,,0,True,,,,,0
PanTS_00000026,True,3.348644849957626,6.366746290202458,7.183254668637129,7.3261957114966725,48,True,1.1499088104914115,1.8867180347442627,1.8867180347442627,1.8867180347442627,8
PanTS_00000029,True,2.548827052116394,4.900399474373163,5.384282099841597,5.4302563990202275,31,True,2.548827052116394,2.548827052116394,2.548827052116394,2.548827052116394,8
PanTS_00000031,True,2.466797947883606,8.257210667165088,8.68102805345615,8.76692079631374,31,True,0.8222659826278687,0.8222659826278687,0.8222659826278687,0.8222659826278687,1
PanTS_00000035,True,3.993416490252569,8.095584412271569,8.80047380335297,8.854686356149273,47,True,2.25,3.359359878988843,3.4926406871192848,3.4926406871192848,24
PanTS_00000036,True,1.5,5.137383539249432,5.208203932499369,5.208203932499369,23,False,,,,,0
PanTS_00000040,False,,,,,0,True,2.34375,2.34375,2.34375,2.34375,6
PanTS_00000042,True,9.12791315865764,13.293740003337222,13.779719598824869,13.853775991231943,38,True,4.425750732111813,6.3169750077001785,6.95835131887027,7.13031193337643,68
PanTS_00000047,False,,,,,0,False,,,,,0
PanTS_00000049,True,2.848234869942151,4.412302703934716,4.621843021287109,4.691792341121648,29,True,0.8203120231628418,0.8203120231628418,0.8203120231628418,0.8203120231628418,1
PanTS_00000050,True,4.547707007458756,8.73367516178759,9.073374370323512,9.10398054697644,39,True,1.5234379768371582,1.5234379768371582,1.5234379768371582,1.5234379768371582,2
PanTS_00000056,True,4.511717081069946,6.436504101400548,6.678122612316021,6.82097559294554,54,False,,,,,0
PanTS_00000074,True,2.666015625,7.0598510137687835,7.453893275485896,7.998046875,59,True,1.6248717612490555,2.5619012386249054,2.6451927477249813,2.666015625,3
PanTS_00000084,True,2.7126062148434213,5.114988207535378,5.114988207535378,5.114988207535378,23,True,2.34375,2.7126062148434213,2.7126062148434213,2.7126062148434213,58
PanTS_00000086,True,3.2652557808585767,5.312835930248997,5.958019959049844,6.310547947883606,57,True,2.1035159826278687,2.285592662635598,2.4047701259133847,2.4345644917328313,10
PanTS_00000091,True,1.8920428348532865,1.8920428348532865,1.8920428348532865,1.8920428348532865,3,False,,,,,0
PanTS_00000099,True,,,,,0,False,,,,,0
PanTS_00000100,True,3.82999986410141,6.853565370970225,7.013841088041324,7.045697644824039,22,True,2.297999918460846,2.297999918460846,2.297999918460846,2.297999918460846,1
PanTS_00000110,True,4.15176058241958,6.2651800366021915,6.7259765625000005,6.755859375,52,True,,,,,0
PanTS_00000113,True,2.4902546642716556,3.66066626347124,4.010061606198233,4.097410441879982,18,False,,,,,0
PanTS_00000117,True,5.845090964025577,6.626558019624684,6.8637451284132425,6.8637451284132425,30,True,3.756409487765299,7.775420015188347,8.516067972167413,8.600328549599823,131
PanTS_00000128,True,4.084188263777081,5.502552652174432,5.728513121604919,5.728513121604919,28,True,3.1330278598881063,4.021590982060447,4.077754265900615,4.091795086860657,6
PanTS_00000162,True,11.58811324704834,18.14622599390584,18.665950928754118,18.7877054905905,60,True,4.041015982627869,7.618429791347568,8.48659572899583,8.630856156349182,155
PanTS_00000164,True,2.138672947883606,5.265286889014267,5.583777224348673,5.663399808182275,17,True,2.138672947883606,4.990236878395081,5.218565670778157,5.336189594127017,35
PanTS_00000167,True,5.93000231923182,11.662429338991863,11.904339854230232,11.964817483039823,20,True,4.691422452932679,7.419452269863935,7.962424202149075,8.440316352691768,209
PanTS_00000174,True,2.34375,2.779846257499337,2.779846257499337,2.779846257499337,21,True,0.78125,0.78125,0.78125,0.78125,4
PanTS_00000180,True,5.873393885278629,9.175525957060064,9.442150226327167,9.442150226327167,63,True,2.431640625,2.431640625,2.431640625,2.431640625,7
PanTS_00000187,True,3.0,4.656854249492381,5.0,5.0,56,True,1.0,3.0,3.0,3.0,20
PanTS_00000199,True,5.448810330960865,6.053104932599956,6.624682628213107,6.767577052116394,19,True,5.273714298197595,7.09179456650336,7.36252249562132,7.628659491718928,98
PanTS_00000220,True,2.7426406871192848,4.570820393249935,5.0807272246494835,5.208203932499369,19,True,1.5,1.5,1.5,1.5,2
PanTS_00000231,True,4.414636763169139,5.580290409783846,6.048862901823165,6.231085537616235,29,True,4.101562023162842,6.231085537616235,6.46022159821302,6.510271376294515,90
PanTS_00000237,True,2.4679322242736816,5.362511080399841,5.59723623788151,5.674145698547363,53,True,1.3498934631915231,1.3498934631915231,1.3498934631915231,1.3498934631915231,2
PanTS_00000246,True,4.41718543015856,5.6491191147895705,6.00118683089759,6.00118683089759,36,True,1.609375,2.671875,2.671875,2.671875,8
PanTS_00000251,True,5.370152152282593,6.506582190456336,6.7294397214774975,6.785154104232788,8,True,0.7539060115814209,0.7539060115814209,0.7539060115814209,0.7539060115814209,2
PanTS_00000252,True,6.114903030020008,7.955038324465667,8.409849533080274,8.520178018677859,32,True,2.418750047683716,2.418750047683716,2.418750047683716,2.418750047683716,4
PanTS_00000259,True,5.33203125,7.585825654412584,8.049931469194169,8.31079648234995,52,True,4.99993404294842,5.900053480140897,5.984919085233815,6.01171875,25
PanTS_00000263,True,4.5,4.5,4.5,4.5,5,True,1.5,1.5,1.5,1.5,4
PanTS_00000270,False,,,,,0,False,,,,,0
PanTS_00000290,True,4.5,7.34558441227157,7.5,7.5,27,True,1.5,1.5,1.5,1.5,2
PanTS_00000308,True,1.791800279510516,5.032340513849554,5.3089087974011075,5.378050868288995,10,False,,,,,0
PanTS_00000314,True,7.0,8.27299145477927,9.0,9.0,91,True,1.0,3.0,3.0,3.0,64
PanTS_00000350,True,4.453288963396732,4.990793487643,5.044887512772207,5.0584110190545095,7,True,2.0273430347442627,2.524219036102295,2.524219036102295,2.524219036102295,12
PanTS_00000352,True,7.166540981121878,10.307409743869506,10.882999924637371,11.249401960340284,48,True,4.365234971046448,7.984375953674314,8.898437595367431,9.12695300579071,19
PanTS_00000363,True,10.004678169272145,14.565156809002588,14.857803495598734,15.21254415711571,108,True,2.2265639305114746,2.5769775597446922,2.5769775597446922,2.5769775597446922,24
PanTS_00000368,True,3.183396459613932,3.41796875,3.502950039415508,3.5255400024246937,22,True,0.68359375,0.68359375,0.68359375,0.68359375,3
PanTS_00000371,True,3.27435064417433,8.843506404330615,11.382858531788,12.006785902128616,356,True,1.285612822087165,2.4413455933590793,2.4413455933590793,2.4413455933590793,13
PanTS_00000404,True,2.7426406871192848,4.5,5.03823498869952,5.208203932499369,25,True,1.5,1.5,1.5,1.5,9
PanTS_00000416,True,3.6915148390202432,5.066683640527629,5.5572321684126935,5.661102540027595,55,True,,,,,0
PanTS_00000423,True,3.2212186383939816,6.461084635283784,7.734693845264034,8.021242798293656,49,True,2.783202052116394,4.320322101198047,4.574296189909878,4.939771098056177,60
PanTS_00000437,True,3.6290719639598823,5.455078125,5.455078125,5.455078125,43,True,0.779296875,2.337890625,2.337890625,2.337890625,5
PanTS_00000449,True,2.34375,4.33296259998794,4.748531614327574,4.852423867912483,16,True,4.852423867912483,5.46875,5.46875,5.46875,46
PanTS_00000451,True,2.7426406871192848,5.400283521254418,5.758832086930511,5.8484692283495345,15,False,,,,,0
PanTS_00000463,True,2.5769759041012503,4.609802674516859,4.609802674516859,4.609802674516859,32,True,,,,,0
PanTS_00000464,True,1.5,3.314747728471693,3.619871483859644,3.696152422706632,9,True,1.5,1.5,1.5,1.5,6
PanTS_00000465,True,7.086101457257784,8.228452301088616,8.987262709564249,9.12890625,56,True,3.12890625,4.056556631393753,4.056556631393753,4.056556631393753,22
PanTS_00000469,True,2.3057152826169083,3.092442275053534,3.092442275053534,3.092442275053534,17,True,2.535937547683716,2.535937547683716,2.535937547683716,2.535937547683716,2
PanTS_00000482,True,2.612500011920929,2.824999988079071,2.824999988079071,2.824999988079071,6,False,,,,,0
PanTS_00000485,True,3.051681163877128,5.470031359671138,5.481087348782976,5.481087348782976,71,False,,,,,0
PanTS_00000488,True,3.6368564817986977,6.558534264564514,6.889736216832658,7.1198935056969646,42,True,1.3324224386563404,2.100802523234988,2.169102975197535,2.1861780881881714,3
PanTS_00000554,True,5.74553735002039,10.548943105429768,11.582046590091563,11.838674391228968,77,True,1.7324219942092896,2.3027340173721313,3.574498898083357,3.574498898083357,81
PanTS_00000557,False,,,,,0,True,,,,,0
PanTS_00000564,True,2.515941022534692,5.7564910624415155,6.507474213548562,6.507474213548562,123,True,2.173827052116394,3.374398581769908,3.374398581769908,3.374398581769908,14
PanTS_00000574,False,,,,,0,False,,,,,0
PanTS_00000592,True,4.89868351907405,6.494118246930582,6.840670671506687,6.9481267889504394,26,True,2.400000035762787,2.400000035762787,2.400000035762787,2.400000035762787,10
PanTS_00000605,True,5.941404104232788,7.014778148667443,7.312461384083488,7.44137503227949,33,True,1.9804680347442627,2.6832008757909254,2.99604043744689,3.074250327860881,11
PanTS_00000623,True,3.9769525233819283,3.997695305982373,3.9995391088801906,4.000000059604645,2,False,,,,,0
PanTS_00000626,True,3.1484375,5.046483545013023,5.1484375,5.1484375,29,True,1.5570199734166774,1.5570199734166774,1.5570199734166774,1.5570199734166774,2
PanTS_00000654,True,1.1048543456039805,2.34375,2.34375,2.34375,6,False,,,,,0
PanTS_00000656,True,4.96161661657834,6.818924777840597,7.592874706268025,7.822268843650818,26,True,2.607422947883606,2.607422947883606,2.607422947883606,2.607422947883606,2
PanTS_00000674,True,3.27435064417433,4.296875,4.348198731218502,4.367181481121235,28,True,3.27435064417433,3.7438279596117834,4.296875,4.296875,60
PanTS_00000675,True,3.046875,3.699788391151917,4.438564206547425,4.438564206547425,45,False,,,,,0
PanTS_00000677,True,3.506959353641669,4.210126155768227,4.279270530580075,4.2965566242830375,15,False,,,,,0
PanTS_00000686,True,4.020174957569594,5.2132368537848475,5.943338181905541,6.125863513935713,21,True,,,,,0
PanTS_00000693,True,2.9092714071521506,4.451022687720485,4.461396889413413,4.461396889413413,29,True,2.9092714071521506,4.162109017372131,4.586270056511747,5.181492771570357,61
PanTS_00000696,True,12.387944456262332,13.882018658148327,14.450225189486238,14.792028519547966,54,True,3.8085949420928955,6.201044655238915,6.696366346062415,6.738281011581421,59
PanTS_00000708,True,6.04296875,7.820820263681263,7.916559755886287,7.940494628937543,15,True,2.58984375,2.997429867401981,2.997429867401981,2.997429867401981,44
PanTS_00000715,True,5.1799602577332085,6.81106803776368,7.366898532632082,7.505856156349182,12,True,1.5248789989680027,3.883742015308137,3.883742015308137,3.883742015308137,13
PanTS_00000723,True,2.5769775597446922,3.9518209407582656,4.2433367874432975,4.680610557470849,61,True,1.3570366285095572,2.2265639305114746,2.2265639305114746,2.2265639305114746,11
PanTS_00000727,True,3.8655522886766303,4.653044824094722,5.0551686602076575,5.155699619235891,11,True,3.8655522886766303,3.8655522886766303,3.8655522886766303,3.8655522886766303,3
PanTS_00000730,True,6.714845895767212,8.055682942593002,8.176763686602095,8.20703387260437,13,True,1.3641784860346,2.414410864126463,2.5905397629971882,2.5905397629971882,31
PanTS_00000750,True,2.3085930347442627,4.230468988418579,4.230468988418579,4.230468988418579,39,True,4.4619804250057244,6.699957246984041,7.33548933383132,7.454629395448453,83
PanTS_00000761,True,3.921144383841055,4.9204985436957545,5.306585251078507,5.430654625975987,27,True,1.249901354806966,2.05078125,2.05078125,2.05078125,13
PanTS_00000766,True,5.208203932499369,7.011017305526641,7.402203461105327,7.5,20,True,1.5,1.5,1.5,1.5,2
PanTS_00000771,True,4.101562023162842,4.590322775800229,4.710262976662321,4.710262976662321,32,True,2.6953139305114746,2.6953139305114746,2.6953139305114746,2.6953139305114746,6
PanTS_00000778,True,2.729536905356722,3.973749828338623,4.120312287580784,4.159808844013093,29,True,0.78125,0.78125,0.78125,0.78125,4
PanTS_00000797,True,4.139011069265941,5.61281324052689,6.413957198185688,6.979623657074095,43,True,1.8766743994693278,2.3320319652557373,2.3320319652557373,2.3320319652557373,4
PanTS_00000803,True,2.203125,2.6698999801968606,2.763254976236233,2.786593725246076,5,True,,,,,0
PanTS_00000806,True,4.5635108829982105,6.722577973473752,7.076374719771712,7.076374719771712,28,True,1.7855724921479572,3.0910605846863337,3.330817007265934,3.390756112910835,14
PanTS_00000811,True,10.803201796054982,19.980631586399536,21.47100096573786,21.70842216129258,172,True,1.752829452371806,3.0024259050037774,3.1895476810007555,3.236328125,9
PanTS_00000814,True,3.662109375,5.221447357860443,5.523828903013861,5.599424289302216,17,True,2.197265625,2.645415183281391,3.282629369317442,3.4107819210149266,37
PanTS_00000836,False,,,,,0,True,0.62890625,0.62890625,0.62890625,0.62890625,4
PanTS_00000839,True,3.9414032405606174,6.539062499999998,7.734375,7.734375,38,True,3.27435064417433,4.367181481121235,4.367181481121235,4.367181481121235,13
PanTS_00000840,True,7.0703086890234825,8.099529190150689,8.372858031822153,8.444997002397603,22,True,1.7141504294495533,2.0625,2.0625,2.0625,12
PanTS_00000849,True,2.6132819652557373,4.125288598086066,4.307891516685485,4.3554699420928955,22,True,2.6132819652557373,4.056557741674326,4.128906011581421,4.128906011581421,49
PanTS_00000855,True,1.9160159826278687,1.9160159826278687,1.9160159826278687,1.9160159826278687,3,True,1.1677651980280066,1.8411909041678824,1.9010509669358715,1.9160159826278687,3
PanTS_00000860,True,4.162109017372131,6.795764612247311,7.721745470136036,8.186471081098023,73,True,3.9019361830619363,8.919471872001939,9.168672032356262,9.216800808906555,89
PanTS_00000862,True,5.82290864149498,8.598433885260961,9.450052104897175,9.669101717798213,44,True,6.3511898685566255,8.724236841434895,9.0625,9.0625,91
PanTS_00000871,True,3.9508750228753398,4.773690335306487,4.897196011168295,4.9280724301337475,8,False,,,,,0
PanTS_00000878,True,4.15625,5.273899388478205,6.12914353234531,6.271649233352968,40,True,3.929220773009196,4.259496425600684,5.188714256006827,5.188714256006827,39
PanTS_00000881,True,5.0,6.483314773547883,6.793325909419154,7.0,41,True,3.0,3.0,3.0,3.0,9
PanTS_00000892,False,,,,,0,False,,,,,0
PanTS_00000911,True,1.7462905320362339,6.5449219942092896,6.608010312771761,6.650069191813408,41,False,,,,,0
PanTS_00000927,True,3.1796875,5.212726691989844,5.362504362343808,5.3999487799322985,18,True,3.3579948071669827,4.313770171311825,4.367799286213748,4.367799286213748,29
PanTS_00000930,True,2.990647937954012,4.011078983973268,4.011078983973268,4.011078983973268,17,True,2.5839840173721313,2.5839840173721313,2.5839840173721313,2.5839840173721313,2
PanTS_00000932,True,4.120224560586031,5.774565768246531,6.109600653649306,6.193359375,13,True,2.654296875,3.072026538310175,3.072026538310175,3.072026538310175,9
PanTS_00000941,False,,,,,0,True,0.625,0.625,0.625,0.625,4
PanTS_00000945,True,8.58883704750397,12.920782159509633,13.243484543126174,13.522802250840579,50,True,3.729120456695747,6.352517871102253,7.207029104232788,7.207029104232788,85
PanTS_00000948,True,5.625,9.0625,9.0625,9.0625,18,False,,,,,0
PanTS_00000953,True,2.61328125,2.9834284615953734,3.0163304359594063,3.0245559295504147,3,True,0.87109375,1.376240133487813,1.5494331792550635,1.5927314406968764,7
PanTS_00000966,True,5.116893349051047,6.152345895767212,6.152345895767212,6.152345895767212,24,True,0.6835939884185791,0.6835939884185791,0.6835939884185791,0.6835939884185791,2
PanTS_00001012,True,4.105468988418579,4.741456657170938,4.762979856922077,4.762979856922077,29,True,2.6835930347442627,4.105468988418579,4.105468988418579,4.105468988418579,57
PanTS_00001016,True,4.9934603915964875,8.251089166060455,8.497974086143797,8.560529723646798,22,True,2.0683590173721313,3.4472650289535522,3.4472650289535522,3.4472650289535522,21
PanTS_00001017,True,4.456755043459505,5.340875962233779,5.699742494532183,5.774170873785171,51,True,,,,,0
PanTS_00001021,True,1.285612822087165,2.109375,2.109375,2.109375,13,True,3.5571752336754123,3.5571752336754123,3.5571752336754123,3.5571752336754123,1
PanTS_00001022,True,5.928203230275509,7.0,7.0,7.0,31,True,1.0,1.8284271247461903,2.730538238691623,3.0,24
PanTS_00001030,True,9.688667871576648,13.733858483213204,14.441644700458353,14.906253545081308,42,True,,,,,0
PanTS_00001048,True,5.1239999532699585,7.804513502877633,8.59386334948302,8.642173804786479,43,True,0.7319999933242798,0.7319999933242798,0.7319999933242798,0.7319999933242798,1
PanTS_00001053,True,3.394987822087165,4.894140324056061,5.05863765595962,5.094992286024835,22,True,1.285612822087165,2.109375,2.109375,2.109375,7
PanTS_00001055,True,6.3511898685566255,8.613878508587147,9.502697777750548,9.6875,42,True,2.8125,4.365800858899107,4.3878217480537165,4.402502340823457,41
PanTS_00001070,True,4.136693568658759,5.138462200707708,5.260849747385123,5.291012062401065,23,True,1.8339840173721313,2.22502232091127,2.2950028960915323,2.312498039886598,13
PanTS_00001077,True,4.082031011581421,8.337949582218942,9.426576183366127,9.467664557657143,77,True,5.551446848731216,8.144654978425255,8.261720895767212,8.261720895767212,102
PanTS_00001079,True,4.338514603530987,5.5800296084856305,6.196354744747111,6.332967838834269,26,True,,,,,0
PanTS_00001081,True,1.8417969942092896,2.2542941916224626,2.285370322094722,2.285370322094722,23,True,1.58904262337467,2.2076799959140745,2.2698322568585922,2.285370322094722,6
PanTS_00001082,True,6.95371734227152,7.542082505896351,7.871346165061861,7.945528886855742,51,True,2.2679999470710754,2.303199970722198,2.5597982447789684,2.6249347207208746,37
PanTS_00001085,True,6.065526873206115,10.713430001316764,10.869882190358826,10.90382774285147,22,True,7.193108121270633,8.789058208465576,9.00125263461593,9.087923597409738,30
PanTS_00001086,True,4.148437976837158,8.265612404117135,8.790764692640229,9.079272361916498,39,True,4.148437976837158,9.144979696091124,9.76197824630004,10.053752837219848,122
PanTS_00001090,True,3.2925414810864093,3.2925414810864093,3.2925414810864093,3.2925414810864093,5,True,0.70703125,0.70703125,0.70703125,0.70703125,3
PanTS_00001091,True,2.4982767937321313,3.8662040044650894,4.071419953480065,4.253403908266931,48,True,5.591796040534973,7.905375084252301,8.20117199420929,8.20117199420929,79
PanTS_00001099,True,2.666015625,5.51963214975045,5.51963214975045,5.51963214975045,15,True,4.5875709675324465,4.731782560064893,4.731782560064893,4.731782560064893,4
PanTS_00001104,True,3.518300742035536,4.211950440059008,4.541653585525877,4.580078125,36,True,1.962890625,3.046965182773335,3.046965182773335,3.046965182773335,28
PanTS_00001111,True,3.638167382415922,4.92835275269786,5.070086670963897,5.105520150530406,15,False,,,,,0
PanTS_00001115,True,3.4721359549995796,6.211102550927978,6.211102550927978,6.211102550927978,70,True,1.8284271247461903,3.0,3.0,3.0,33
PanTS_00001121,True,2.7126062148434213,3.5091811227160616,3.655048095759407,3.6915148390202432,5,True,2.34375,2.34375,2.34375,2.34375,1
PanTS_00001145,True,5.625,11.856107225224513,12.684975174584226,12.721347815039138,63,True,1.875,2.11106797749979,2.1582815729997478,2.1700849718747373,5
PanTS_00001154,True,3.601787929152909,4.684185171760741,5.158318384404992,5.306375020309969,75,True,2.3203139305114746,3.867189884185791,4.123630730950992,4.226562023162842,96
PanTS_00001168,True,5.14633543854834,6.52866491208867,7.14373756064909,7.27734375,34,True,0.80859375,0.80859375,0.80859375,0.80859375,3
PanTS_00001182,True,4.882810115814209,6.662596751208738,6.818474855138118,6.835934162139893,29,True,1.5234379768371582,2.9296860694885254,2.9296860694885254,2.9296860694885254,12
PanTS_00001183,True,2.746708611763519,4.953809440361449,5.285632374165968,5.368588107617098,14,True,0.6757810115814209,0.6757810115814209,0.6757810115814209,0.6757810115814209,3
PanTS_00001186,True,4.345589817603506,5.892578959465027,5.892578959465027,5.892578959465027,22,True,2.5253909826278687,3.670802834871244,3.920125909693443,3.920125909693443,26
PanTS_00001193,True,2.9105339059327378,8.11769613861243,9.375,9.375,111,True,,,,,0
PanTS_00001194,True,6.738665231013981,9.181225525196401,9.423650978705368,9.483184388150354,25,False,,,,,0
PanTS_00001195,True,4.092937194937339,6.982268339335677,7.1938097900609215,7.1938097900609215,41,False,,,,,0
PanTS_00001197,True,4.000000059604645,5.053971788003318,5.228850665239946,5.273901161700432,22,True,1.153124988079071,1.9621358520890224,1.9621358520890224,1.9621358520890224,7
PanTS_00001208,True,5.0,7.246211251235321,7.4852813742385695,7.4852813742385695,95,True,1.8284271247461903,3.0,3.0,3.0,39
PanTS_00001215,True,5.081601806737712,5.384589349153959,5.384589349153959,5.384589349153959,15,True,,,,,0
PanTS_00001254,True,2.6023465602093987,3.982817584637679,4.233127617350154,4.295705125528273,18,False,,,,,0
PanTS_00001258,True,2.4921446569549066,2.4921446569549066,2.4921446569549066,2.4921446569549066,1,False,,,,,0
PanTS_00001261,True,5.083178129946898,6.051563761889644,6.750937752377928,6.92578125,16,True,1.4070318108398414,2.30859375,2.30859375,2.30859375,11
PanTS_00001264,True,3.390756112910835,6.594049747891239,6.922289248359669,7.076374719771712,45,True,0.9765620231628418,2.9296860694885254,2.9296860694885254,2.9296860694885254,16
PanTS_00001268,True,8.658395783531782,10.186275503054413,10.603880100238419,10.755714269776524,60,True,4.786045577930083,9.061337743878186,9.465209762895809,9.465209762895809,129
PanTS_00001275,True,2.349609375,4.168928661838001,4.965349308411864,5.208221665524189,37,True,0.783203125,1.432029837935981,1.432029837935981,1.432029837935981,8
PanTS_00001277,True,3.21875,3.652234879427369,3.986168558271925,4.069651977983064,16,True,3.513095846575471,5.380945732853672,5.9837795638674045,5.9837795638674045,101
PanTS_00001297,True,10.288870171267462,11.548213686020963,12.202043353307618,12.434529973144539,47,True,4.092937194937339,6.172280049657266,6.578858798196719,6.578858798196719,91
PanTS_00001311,True,5.46875,6.825053107421711,7.03125,7.03125,46,True,3.1753867986296718,3.591889324037297,3.628911770740197,3.638167382415922,2
PanTS_00001314,False,,,,,0,True,1.9453125,1.9453125,1.9453125,1.9453125,2
PanTS_00001317,False,,,,,0,False,,,,,0
PanTS_00001321,True,1.5,1.5,1.5,1.5,2,False,,,,,0
PanTS_00001322,False,,,,,0,True,1.5136942231728732,2.4413455933590793,2.4413455933590793,2.4413455933590793,10
PanTS_00001326,True,5.193346516803724,7.164997563722384,7.585363870590834,7.690455447307947,20,True,2.6941655365818504,3.125,3.125,3.125,16
PanTS_00001327,True,2.606250047683716,2.8465043263816603,2.944300865276332,2.96875,13,False,,,,,0
PanTS_00001331,True,8.845504182602566,10.309663538152154,10.397106017992392,10.418966637952453,17,True,3.856457425360877,4.693317576446847,5.2699605739060225,5.796875,85
PanTS_00001333,False,,,,,0,False,,,,,0
PanTS_00001347,True,4.140624046325684,7.74996514300145,8.402344431137948,8.746087868488667,48,True,4.691792341121648,8.014718852848837,9.02343225479126,9.02343225479126,136
PanTS_00001351,False,,,,,0,True,,,,,0
PanTS_00001352,True,0.78125,0.78125,0.78125,0.78125,4,True,2.34375,2.34375,2.34375,2.34375,1
PanTS_00001359,True,4.547707007458756,6.570950796488914,6.9752899351151525,7.076374719771712,11,False,,,,,0
PanTS_00001361,True,2.418750047683716,2.829002732365848,3.0518454184273653,3.1075560899427455,18,False,,,,,0
PanTS_00001372,True,1.5,4.5,4.5,4.5,28,True,1.5,1.5,1.5,1.5,3
PanTS_00001387,True,3.885377254317669,5.964740912007979,7.084557252825854,7.401551415655179,24,True,1.1380006503216762,1.4713133238061942,1.4713133238061942,1.4713133238061942,4
PanTS_00001423,True,3.0,6.483314773547883,6.803659613948194,7.0,39,True,3.0,3.4721359549995796,3.4721359549995796,3.4721359549995796,11
PanTS_00001436,True,4.257812023162842,4.609805636201349,4.609805636201349,4.609805636201349,13,True,1.7578120231628418,2.192857951798745,2.2198227347689286,2.2265639305114746,12
PanTS_00001437,True,2.7426406871192848,5.208203932499369,6.398845818464636,6.9852813742385695,34,True,,,,,0
PanTS_00001438,True,3.390756112910835,7.660047035047617,8.79513724819853,9.087923597409738,51,True,4.023437976837158,7.689455199228685,8.566165941657347,8.982455601519117,35
PanTS_00001442,True,2.109375,3.0815908144462094,3.4288181628892413,3.515625,13,False,,,,,0
PanTS_00001450,True,6.2398449517476156,11.223887913868703,13.115639289641349,13.701651317801407,155,True,4.166015982627869,7.503514278811096,7.6214958219027595,8.148298742757973,83
PanTS_00001453,True,4.147151217153347,5.688460659265204,6.066952465572204,6.190715704641245,40,False,,,,,0
PanTS_00001471,True,1.7446459440903148,3.3653037184541548,3.3653037184541548,3.3653037184541548,8,True,2.1679680347442627,3.3653037184541548,3.3653037184541548,3.3653037184541548,19
PanTS_00001472,False,,,,,0,False,,,,,0
PanTS_00001477,False,,,,,0,False,,,,,0
PanTS_00001488,True,6.622625846611298,8.525393843650818,8.649206961883317,8.712989477336423,35,True,2.841797947883606,3.2890362772302293,3.2890362772302293,3.2890362772302293,29
PanTS_00001500,True,3.984375,7.5593445676703706,8.610620764681482,8.610620764681482,48,True,2.7668583391402897,4.923290691006683,5.132725007589045,5.343173478025235,123
PanTS_00001502,True,4.8078744610497495,5.84608700725891,5.84608700725891,5.84608700725891,21,False,,,,,0
PanTS_00001515,True,2.771484375,3.207656849052346,3.207656849052346,3.207656849052346,7,True,1.6891524023534137,1.6891524023534137,1.6891524023534137,1.6891524023534137,5
PanTS_00001517,True,4.0234375,5.368418907577173,5.892108330277256,6.065529834890604,44,True,1.7855733640099514,1.7855733640099514,1.7855733640099514,1.7855733640099514,2
PanTS_00001519,True,3.6398327385114557,4.953464722524146,5.351152847111284,5.637293314427746,47,True,1.81640625,2.179880925195197,2.9242393326936313,3.183396459613932,33
PanTS_00001524,True,2.0356407231611353,6.1988848712390645,8.578258642843487,9.316741998337028,431,True,2.99495878923866,3.6011266546179805,3.901873670013452,3.980366580134131,82
PanTS_00001536,True,3.772208691207961,3.90625,3.90625,3.90625,8,True,2.418750047683716,2.418750047683716,2.418750047683716,2.418750047683716,1
PanTS_00001541,True,4.296875,5.8235887824808055,5.988316595426205,5.988316595426205,43,True,,,,,0
PanTS_00001542,True,2.8125,4.374976229380194,4.396997118534804,4.402502340823457,16,True,4.839635306407855,8.105320197485,8.236523970825118,8.269324914160148,18
PanTS_00001560,False,,,,,0,False,,,,,0
PanTS_00001568,True,3.820073530975572,5.095042099623618,5.095042099623618,5.095042099623618,47,True,2.4609360694885254,4.101560115814209,4.101560115814209,4.101560115814209,37
PanTS_00001582,True,3.8018838043440653,4.183593988418579,4.360295419572754,4.443449034233542,33,True,2.8346726666896545,4.294005189598035,4.336400215936221,4.346998972520768,5
PanTS_00001583,True,2.3554680347442627,2.6705633605931696,2.7150474065953683,2.726168418095918,4,True,1.714843988418579,3.7910685834772666,3.9257800579071045,3.9257800579071045,31
PanTS_00001592,True,16.62699958843975,18.866285325368803,19.388633888144145,19.624803943931546,48,True,0.921875,0.921875,0.921875,0.921875,4
PanTS_00001601,True,12.596587677095089,16.79386745280001,17.056084580151396,17.158156791121442,89,True,2.6990440115909253,3.8867199420928955,3.9699760140600002,4.139011069265941,68
PanTS_00001612,True,4.690340175763785,5.6875,5.6875,5.6875,39,True,1.4855970388562794,1.4855970388562794,1.4855970388562794,1.4855970388562794,2
PanTS_00001618,True,11.141038511304062,12.909006846553629,13.150281494826674,13.226473489018163,25,True,4.100591479060451,5.845962286231404,6.406668083733111,7.010157561792926,68
PanTS_00001645,True,0.78125,0.78125,0.78125,0.78125,4,True,1.428458691207961,1.428458691207961,1.428458691207961,1.428458691207961,2
PanTS_00001649,True,5.0,6.211102550927978,6.749359075087792,7.246211251235321,49,True,1.8284271247461903,3.0,3.0,3.0,20
PanTS_00001650,True,4.921875,5.094992286024835,5.094992286024835,5.094992286024835,6,True,2.109375,3.27435064417433,3.27435064417433,3.27435064417433,13
PanTS_00001655,True,3.417364450991065,4.654460424768174,4.922606946193386,4.922606946193386,43,True,1.5927318766278735,2.4601994519615573,2.582665462596901,2.6132819652557373,4
PanTS_00001660,True,3.9550799131393433,5.5059103538515615,5.977803040321047,6.28404605115096,42,True,,,,,0
PanTS_00001669,True,14.226276481090933,15.733687939614086,15.733687939614086,15.733687939614086,24,True,1.5,2.618376618407356,2.717787873376899,2.7426406871192848,3
PanTS_00001670,True,2.109375,3.27435064417433,3.27435064417433,3.27435064417433,27,True,2.2753602966795397,2.4247470636911252,2.4380258874254883,2.4413455933590793,2
PanTS_00001672,True,6.678909443359218,8.735292109488784,8.929275866316594,8.962232943751959,25,False,,,,,0
PanTS_00001678,True,1.5,3.0941125496954265,4.218822509939085,4.5,17,True,1.5,1.5,1.5,1.5,4
PanTS_00001683,True,3.9518209407582656,5.115647160902746,5.195315837860107,5.195315837860107,34,True,2.5769775597446922,4.257812023162842,4.4734972103502875,4.680610557470849,139
PanTS_00001684,True,3.9941400289535522,7.804812921684434,8.047890033369542,8.238879192550698,45,True,0.7988280057907104,1.97533566676226,2.3122543472501573,2.3964840173721313,10
PanTS_00001693,True,2.106000065803528,2.106000065803528,2.106000065803528,2.106000065803528,1,True,2.106000065803528,2.106000065803528,2.106000065803528,2.106000065803528,2
PanTS_00001727,True,11.527687241903461,13.179187160815344,13.617979764034029,13.715476141489432,32,True,3.4926406871192848,5.958203932499369,6.566455963557028,6.5984692283495345,106
PanTS_00001732,True,4.464404101158716,4.9693642564053695,5.0703562874547,5.095604295217033,5,True,2.2910159826278687,2.2910159826278687,2.2910159826278687,2.2910159826278687,33
PanTS_00001736,True,3.4721359549995796,6.013073026471249,6.211102550927978,6.211102550927978,35,False,,,,,0
PanTS_00001749,True,6.523437976837158,10.097571391660205,10.179476523115724,10.199952805979605,17,True,,,,,0
PanTS_00001751,True,2.7426408543381933,5.208203811512708,5.208204260833602,5.2082043731638255,18,True,4.854101932449645,5.752429559806633,5.829261385633698,5.848469342090464,4
PanTS_00001755,True,3.1299999356269836,4.412748818095359,4.536128149981216,4.536128149981216,29,False,,,,,0
PanTS_00001771,True,4.547709228019903,7.076378175034494,7.6217380646937425,7.758078037108554,21,False,,,,,0
PanTS_00001787,True,2.8758029829615603,4.457781132234193,4.676982782287919,4.73178319480135,20,False,,,,,0
PanTS_00001802,True,2.793749988079071,3.738633907308041,4.194807703199033,4.282329977857382,32,False,,,,,0
PanTS_00001816,True,2.408203125,3.405362050544099,3.6716459984547076,3.73821698543236,8,True,1.13523784010809,2.408203125,2.408203125,2.408203125,12
PanTS_00001823,True,1.5,4.057883832488647,4.5,4.5,32,False,,,,,0
PanTS_00001826,True,1.4986601596728502,4.169648760768124,4.600718014890861,4.739988866401924,66,True,2.099999964237213,3.4999999403953552,3.6973203074247714,3.6973203074247714,96
PanTS_00001829,True,4.89868351907405,6.494118246930582,6.840670671506687,6.9481267889504394,26,True,2.400000035762787,2.400000035762787,2.400000035762787,2.400000035762787,10
PanTS_00001840,True,5.972363925763957,9.447334338918024,9.787731002697303,9.787731002697303,57,True,1.403460664111822,2.302734375,2.302734375,2.302734375,22
PanTS_00001850,True,3.16022109119968,8.893661094596032,9.087923597409738,9.087923597409738,34,True,4.023437976837158,4.023437976837158,4.023437976837158,4.023437976837158,1
PanTS_00001856,True,2.6990440115909253,3.7533487989386556,4.063323731114028,4.139011069265941,31,True,4.756440076692623,6.996095895767212,8.444933664256924,8.55078387260437,104
PanTS_00001870,True,4.052734375,7.256417382474423,8.100674692241112,8.327281650897167,29,False,,,,,0
PanTS_00001873,True,5.1953125,9.2578125,9.2578125,9.2578125,21,True,2.2265625,2.506893223281,2.5629593679372005,2.5769759041012503,5
PanTS_00001874,True,7.6999998688697815,11.899999797344208,11.899999797344208,11.899999797344208,37,True,2.440625011920929,4.010937511920929,4.163833494860825,4.265764150154087,41
PanTS_00001876,True,3.9454779228206176,8.822955672777388,8.882737058668384,8.9293535159359,61,False,,,,,0
PanTS_00001878,False,,,,,0,False,,,,,0
PanTS_00001890,True,6.796875,8.359163847495317,8.74214598694921,8.776757070073446,34,True,2.109375,2.4413455933590793,2.4413455933590793,2.4413455933590793,24
PanTS_00001913,True,3.1805320286364926,5.189422943208511,5.548729737706005,5.619478049458581,28,True,1.2954422259828493,1.6369258450023318,1.6672799444707302,1.67486846933783,2
PanTS_00001921,True,2.9208435569606017,4.180168482557729,4.180168482557729,4.180168482557729,16,False,,,,,0
PanTS_00001922,True,8.038602274055819,10.562482490146792,10.562482490146792,10.562482490146792,24,True,5.78674576266214,8.16406774520874,8.320508197866177,8.686374330511166,108
PanTS_00001923,True,3.267578125,7.2341056281352785,8.49038370005794,9.291451757610252,167,True,2.5430683264157077,3.267578125,3.5526031933866604,3.8998207912622744,72
PanTS_00001941,True,7.78125351983053,10.5606589065598,10.985615305384005,10.985615305384005,64,True,1.6177301216895112,2.654297947883606,2.654297947883606,2.654297947883606,17
PanTS_00001946,True,4.048020105012278,7.449048231606415,8.027663564627995,8.20679516630058,62,True,2.2265639305114746,3.4562612338562726,3.4562612338562726,3.4562612338562726,27
PanTS_00001964,True,7.613988500833845,10.312345225787167,10.383042547755732,10.383042547755732,23,True,2.3378909826278687,4.149409956639517,4.8402935486638246,4.8402935486638246,99
PanTS_00001968,True,4.3020980927514465,5.698072883658996,5.95147525120847,6.0094447177633095,34,True,1.875,3.125,3.125,3.125,30
PanTS_00001973,True,2.2265639305114746,5.62782695907677,7.020153908801775,7.0894337770630775,171,True,1.7578120231628418,2.2265639305114746,2.2265639305114746,2.2265639305114746,7
PanTS_00001996,True,4.397369623405776,7.206441296339029,7.859707232277979,8.176140325493067,52,True,2.865234375,2.865234375,2.865234375,2.865234375,6
PanTS_00002012,True,8.55361424718032,9.867617988795857,10.143360983899111,10.225723292344401,24,True,4.306640982627869,6.575986094651089,6.902085501156382,7.392527134936078,131
PanTS_00002014,True,13.351757754623462,16.095439522787135,16.812977497045825,16.935077806975734,33,True,1.7355777457486696,4.364146624862945,4.420374479915918,4.420374479915918,22
PanTS_00002026,True,6.065529834890604,7.29954736170764,7.567350385715417,7.634301141717362,13,True,1.7855733640099514,2.243219018405969,2.792393803681193,2.9296875,13
PanTS_00002028,True,7.660047035047617,9.397896376227038,9.970401292005556,9.994642947504248,42,True,1.7855724921479572,2.9296860694885254,3.1048926859890043,3.390756112910835,63
PanTS_00002038,True,2.478515625,3.847362006904838,3.847362006904838,3.847362006904838,25,True,1.510595065952419,2.868581072196918,2.868581072196918,2.868581072196918,14
PanTS_00002071,True,9.257812023162842,10.884015126168002,10.90132485162124,10.90132485162124,103,True,2.2265639305114746,3.9518209407582656,4.257812023162842,4.257812023162842,129
PanTS_00002081,True,1.296875,2.04893149918365,2.3067794417609018,2.371241427405215,7,True,,,,,0
PanTS_00002091,False,,,,,0,False,,,,,0
PanTS_00002094,True,7.0101036633631555,12.706792645549413,12.813708689361325,12.914071559906006,106,True,1.8203120231628418,2.0390639305114746,2.0390639305114746,2.0390639305114746,24
PanTS_00002095,True,2.403124988079071,2.7807136668024524,2.781104819995353,2.781202608293578,15,False,,,,,0
PanTS_00002098,True,3.1262799043396248,4.884546887168604,5.414203374803773,5.592420729032504,34,True,1.6462992955136708,2.701172947883606,2.701172947883606,2.701172947883606,11
PanTS_00002102,True,6.211102550927978,7.38965332503727,7.4852813742385695,7.4852813742385695,29,True,2.414213562373095,3.0,3.0,3.0,4
PanTS_00002107,True,4.8078744610497495,5.689062595367432,5.814682124880615,5.84608700725891,21,False,,,,,0
PanTS_00002110,True,2.400000035762787,4.000000059604645,4.232753312215979,4.375408531558412,39,True,2.400000035762787,2.400000035762787,2.400000035762787,2.400000035762787,1
PanTS_00002123,True,1.947223084008536,2.489062488079071,2.489062488079071,2.489062488079071,10,True,2.400000035762787,2.400000035762787,2.400000035762787,2.400000035762787,2
PanTS_00002126,True,1.5,4.178460969082653,4.43569219381653,4.5,9,True,1.5,2.7426406871192848,3.181256085489465,3.696152422706632,55
PanTS_00002142,True,3.956579836029971,4.266661145874649,4.266661145874649,4.266661145874649,18,True,2.418750047683716,2.418750047683716,2.418750047683716,2.418750047683716,1
PanTS_00002162,True,3.696152422706632,4.5,4.5,4.5,20,False,,,,,0
PanTS_00002172,True,4.492252303522138,5.276302356637887,5.370726224353518,5.384491468830603,26,False,,,,,0
PanTS_00002177,True,,,,,0,True,2.450000047683716,2.450000047683716,2.450000047683716,2.450000047683716,3
PanTS_00002179,True,4.499999974073148,5.208203843827693,5.208203843827693,5.208203843827693,33,True,1.4999999617633524,1.4999999617633524,1.4999999617633524,1.4999999617633524,2
PanTS_00002186,True,2.7546914743065978,5.566249752044677,5.618749618530273,5.618749618530273,28,True,0.78125,0.78125,0.78125,0.78125,2
PanTS_00002187,True,1.544921875,1.544921875,1.544921875,1.544921875,2,True,5.364178789852866,5.364178789852866,5.364178789852866,5.364178789852866,1
PanTS_00002196,True,3.856457425360877,5.796875,7.005937500000001,7.453125,28,True,,,,,0
PanTS_00002205,True,3.0,3.4013155617496427,3.457971876349592,3.4721359549995796,4,True,1.8284271247461903,3.0,3.0,3.0,6
PanTS_00002211,False,,,,,0,True,1.3281240463256836,2.749999999999999,3.0499999999999994,3.125,7
PanTS_00002213,True,4.088166368295145,4.088166368295145,4.088166368295145,4.088166368295145,3,True,1.58904262337467,2.176603865441815,2.2636170307641406,2.285370322094722,8
PanTS_00002232,True,2.654585469715338,5.095042099623618,5.095042099623618,5.095042099623618,12,True,2.848234869942151,4.179687976837158,4.179687976837158,4.179687976837158,32
PanTS_00002235,True,5.599342232809943,8.714082199967276,8.788136485230007,8.831628684511294,38,True,1.3677494147971214,3.7402349710464478,3.7402349710464478,3.7402349710464478,11
PanTS_00002243,True,4.0558136229127655,6.85546875,6.85546875,6.85546875,32,True,1.838951736963881,2.644791059472336,2.644791059472336,2.644791059472336,26
PanTS_00002249,True,4.159808844013093,5.7885966539461435,6.639161039827915,6.639161039827915,37,False,,,,,0
PanTS_00002262,False,,,,,0,False,,,,,0
PanTS_00002269,True,10.988277966282691,12.652411990359859,12.99871368845301,13.238331982032397,49,True,3.8867199420928955,5.460547002532932,5.897133055303106,6.17543201160043,79
PanTS_00002275,True,2.612271037659422,4.231020385782524,4.671432487803456,4.826171875,27,True,1.2606147949910256,2.310546875,2.310546875,2.310546875,9
PanTS_00002276,True,4.5,5.20820393634364,5.208203936503818,5.208203936503818,25,True,,,,,0
PanTS_00002279,True,3.6199776557844157,4.828163229415166,4.828163229415166,4.828163229415166,43,True,4.222656011581421,6.284754096154108,6.996095895767212,7.202184524291446,139
PanTS_00002281,True,5.0,7.4852813742385695,7.682647304615623,7.944271909999159,58,True,1.8284271247461903,3.0,3.0,3.0,38
PanTS_00002287,True,6.173149847670065,7.69121261308613,8.356868596911303,8.523282592867597,14,False,,,,,0
PanTS_00002304,True,5.378050868288995,6.903292516359233,7.020153908801775,7.020153908801775,53,True,4.257812023162842,6.757812023162842,6.757812023162842,6.757812023162842,178
PanTS_00002323,True,3.8263401232976078,5.44812055226248,5.767359534446334,5.847169279992298,8,True,1.7212922869745961,1.7212922869745961,1.7212922869745961,1.7212922869745961,1
PanTS_00002329,True,4.31865428075762,6.693590531038318,6.799733433497502,6.804687976837158,45,False,,,,,0
PanTS_00002340,True,6.182961860074488,7.486852563155653,7.883032260410449,8.015092159495381,26,True,1.7855733640099514,2.815276086400995,2.906805217280199,2.9296875,3
PanTS_00002345,True,4.547707007458756,5.37291218749765,6.558587538123733,6.835934162139893,37,True,0.9765620231628418,1.6642209218001895,1.7613021780784035,1.7855724921479572,4
PanTS_00002353,True,4.5,4.5,4.5,4.5,10,True,1.5,2.7426406871192848,2.7426406871192848,2.7426406871192848,9
PanTS_00002362,True,5.805758346990864,6.081896098787787,6.13526672410925,6.148609380439615,8,False,,,,,0
PanTS_00002375,True,2.723500915836421,4.982164252787178,6.310506428431448,7.016666598592776,147,True,1.546875,1.546875,1.546875,1.546875,2
PanTS_00002388,True,11.829293488907004,14.560298968046387,14.941329933523248,14.994747869139438,73,True,3.5563091714518507,4.2363280057907104,4.501962526839507,4.743245071305575,85
PanTS_00002396,True,4.393364310264587,10.120954859425586,12.349948002216042,12.921204564457371,83,True,2.732949519722166,2.732949519722166,2.732949519722166,2.732949519722166,1
PanTS_00002417,True,3.8998214259987316,5.126953959465027,5.126953959465027,5.126953959465027,7,True,2.1972659826278687,2.1972659826278687,2.1972659826278687,2.1972659826278687,5
PanTS_00002435,True,3.2760680567185982,6.097245466497285,6.518775246258317,6.679691791534424,50,True,1.7578120231628418,2.2966466563581167,3.1397191111761042,3.4562612338562726,37
PanTS_00002445,True,6.343786818637629,6.844705902827253,6.972689680225652,7.004685624575251,9,True,2.415000021457672,2.779393396205793,2.779393396205793,2.779393396205793,14
PanTS_00002451,True,3.993416490252569,5.25,5.724496634774579,5.958203932499369,34,False,,,,,0
PanTS_00002453,True,4.730467081069946,9.163739039222369,9.420166656919433,9.505252325212643,48,True,2.0273430347442627,3.1470136755091995,3.1470136755091995,3.1470136755091995,28
PanTS_00002464,True,3.8018838043440653,6.90751633000169,7.555038802508885,7.726974575383693,80,True,6.147121199728305,9.877973643488545,10.722845519774337,10.787859425696663,112
PanTS_00002466,True,0.78125,0.78125,0.78125,0.78125,4,True,1.428458691207961,1.428458691207961,1.428458691207961,1.428458691207961,2
PanTS_00002468,True,3.638167382415922,5.098954320747489,5.561079219213245,5.661102540027595,53,True,,,,,0
PanTS_00002472,True,2.34375,3.0415996751951972,3.1833199350390395,3.21875,8,False,,,,,0
PanTS_00002479,False,,,,,0,False,,,,,0
PanTS_00002483,True,2.400000035762787,3.215671981295441,3.7714456884137624,3.9539056924237403,27,False,,,,,0
PanTS_00002495,True,6.25600004196167,6.959800046682358,7.022360047101975,7.038000047206879,2,True,1.4298300211420027,2.346000015735626,2.346000015735626,2.346000015735626,20
PanTS_00002497,True,5.660154104232788,5.660154104232788,5.660154104232788,5.660154104232788,13,False,,,,,0
PanTS_00002498,True,3.8989794855663558,5.0,5.497424106146222,5.6332495807108,45,True,3.0,3.0,3.0,3.0,3
PanTS_00002514,True,6.30878299557413,8.276676886801013,9.251500534865324,9.580733785560897,27,True,4.302132374566541,7.349113838686247,8.267862681560757,8.734155983772498,138
PanTS_00002541,True,3.6278789329088266,4.4773745759832995,4.697539690835461,4.752580969548501,20,True,1.6320138367395969,2.6777340173721313,2.6777340173721313,2.6777340173721313,10
PanTS_00002566,True,6.065529834890604,8.188470407004083,8.274981395649256,8.274981395649256,23,True,1.7855733640099514,2.9296875,2.9296875,2.9296875,30
PanTS_00002567,True,5.3376662547037315,6.270329674562033,6.670843690203547,6.827108672655527,32,True,4.140625,6.525813936310296,7.648970542522879,7.734375,93
PanTS_00002572,True,6.423690508787903,7.191980357069281,7.260272788027626,7.277345895767212,3,True,1.952118573293487,2.807548260184662,3.5643335719928095,3.765504351081052,22
PanTS_00002582,True,4.167171586840441,5.677731156349182,5.677731156349182,5.677731156349182,14,False,,,,,0
PanTS_00002585,True,4.1601550579071045,5.466780883553292,5.752729841566616,5.824217081069946,12,True,2.8889247909865228,3.8746471519923835,3.8746471519923835,3.8746471519923835,15
PanTS_00002592,True,6.837893843650818,8.357425808906555,9.175291079054535,9.433564322259164,25,True,0.7597659826278687,1.3262356562494009,1.3765885161268703,1.3891767310962377,3
PanTS_00002593,True,4.4556339908981455,9.214843988418579,9.473821144113927,9.696423993377712,63,True,3.6563571090474287,4.4556339908981455,5.119377788843394,5.119377788843394,78
PanTS_00002597,True,15.385344644839662,17.301537869821743,17.330030883438756,17.337154136843008,10,True,0.9199219942092896,2.436439285898369,2.695100643281968,2.7597659826278687,7
PanTS_00002609,True,6.585763953683821,6.996095895767212,6.996095895767212,6.996095895767212,4,True,5.441407918930054,9.222656011581421,9.565987211604229,10.215960122088909,121
PanTS_00002616,True,4.269531011581421,5.060675897410146,5.162278952101603,5.24210992364489,45,True,2.1914069652557373,2.53628763870032,2.53628763870032,2.53628763870032,21
PanTS_00002628,True,10.74218225479126,14.200288329508856,15.557355743754174,15.887576281026362,73,True,4.023437976837158,6.625487425110361,7.052755114343698,7.660047035047617,89
PanTS_00002643,True,4.43359375,8.050710717454882,9.280693335071811,9.293016716118766,53,True,2.66015625,2.66015625,2.66015625,2.66015625,1
PanTS_00002652,True,6.012357113050888,7.41796875,7.546918458756104,7.581196229438106,22,True,1.507023919224399,1.507023919224399,1.507023919224399,1.507023919224399,1
PanTS_00002655,True,1.5000002377765274,1.5000002377765274,1.5000002377765274,1.5000002377765274,4,False,,,,,0
PanTS_00002677,False,,,,,0,False,,,,,0
PanTS_00002686,True,4.725343767021728,6.863687396970969,8.247101340987863,8.327281650897167,42,True,0.947265625,2.841796875,2.841796875,2.841796875,11
PanTS_00002720,True,4.092937194937339,6.048337074493348,6.152342081069946,6.152342081069946,24,True,0.8789060115814209,0.8789060115814209,0.8789060115814209,0.8789060115814209,2
PanTS_00002729,True,2.726168418095918,4.214843988418579,4.214843988418579,4.214843988418579,17,True,2.5587578180768067,3.6563571090474287,4.180606618760244,4.180606618760244,50
PanTS_00002734,True,4.90255758725843,6.588301438319965,7.0488795571839615,7.297949241879767,60,True,2.2265625,2.2265625,2.2265625,2.2265625,13
PanTS_00002741,True,6.852109393035129,9.414018443864924,10.10746023081406,10.365700366435242,33,True,2.4616888982378238,3.775024621732511,4.183580702870065,4.4035724388672115,36
PanTS_00002750,False,,,,,0,False,,,,,0
PanTS_00002759,True,5.661102540027595,8.651942404115935,9.06845641909549,9.223631620988826,32,False,,,,,0
PanTS_00002765,True,2.9296875,4.87599309984281,5.842454338150306,6.065529834890604,33,True,1.7855733640099514,2.9296875,2.9296875,2.9296875,17
PanTS_00002779,False,,,,,0,False,,,,,0
PanTS_00002783,True,,,,,0,True,1.13278506211215,1.4655683837686726,1.4655683837686726,1.4655683837686726,4
PanTS_00002821,True,5.0,6.483314773547883,6.483314773547883,6.483314773547883,37,True,1.8284271247461903,3.0,3.0,3.0,59
PanTS_00002829,True,4.264192608294647,6.0004660503169,6.208451731678437,6.268530842107753,70,True,2.3671889305114746,2.3671889305114746,2.3671889305114746,2.3671889305114746,1
PanTS_00002840,False,,,,,0,False,,,,,0
PanTS_00002849,True,8.79276803471258,10.178451823765235,10.747665269153071,10.755714269776524,68,True,4.000000059604645,8.676624059601247,9.260609234970147,9.465209762895809,141
PanTS_00002855,False,,,,,0,False,,,,,0
PanTS_00002859,True,5.240617777345482,6.388903170292492,6.955056329693921,7.15625,29,True,1.542735386504598,2.53125,2.53125,2.53125,21
PanTS_00002866,True,6.668567100511375,9.927958456892373,10.449547836581017,10.634424958544836,48,True,2.109375,2.4413455933590793,2.4413455933590793,2.4413455933590793,20
PanTS_00002875,True,7.1115558193847725,7.701723371643195,7.894266798908554,7.942402655724894,12,True,3.819363026628162,6.3247172475565705,6.638100899602492,6.708984017372131,22
PanTS_00002887,True,6.182962423890521,7.1792697781505055,7.1792697781505055,7.1792697781505055,16,True,1.3810686063545519,1.7451236729202062,1.7774841232815977,1.7855742358719455,2
PanTS_00002888,True,3.764625734358935,5.6168466048045715,6.363279104232788,6.363279104232788,65,True,2.1210930347442627,2.421526320424844,2.448231501374229,2.4549077966115753,3
PanTS_00002889,True,0.7382810115814209,0.7382810115814209,0.7382810115814209,0.7382810115814209,4,False,,,,,0
PanTS_00002893,True,3.838266588448798,5.789824442972911,5.997197418388613,6.012357113050888,39,True,4.12109375,4.12109375,4.12109375,4.12109375,1
PanTS_00002898,True,,,,,0,False,,,,,0
PanTS_00002905,True,3.0109945541196392,5.386193455067346,5.837714227710566,6.070315837860107,35,True,1.5855900191028307,2.6015639305114746,2.6015639305114746,2.6015639305114746,7
PanTS_00002906,True,3.1075560899427455,4.111623672202153,4.159808844013093,4.159808844013093,25,False,,,,,0
PanTS_00002913,True,8.974301331953695,15.382410081607844,15.889223700458821,15.99190759786677,73,True,3.6199776557844157,7.51385409287849,8.399683304824427,8.46529457603099,138
PanTS_00002915,True,3.4721359549995796,4.914213562373095,5.0,5.0,46,True,1.0,3.0,3.0,3.0,15
PanTS_00002916,True,2.7261692459176383,4.180607888233158,4.602041842157637,4.876685987252046,41,False,,,,,0
PanTS_00002924,True,4.92742207810669,6.269657923885257,6.707362104226837,6.707362104226837,78,False,,,,,0
PanTS_00002927,True,3.320310115814209,4.942143134682393,5.6610771893554634,5.976558208465576,46,True,4.227715180878292,6.492899653575047,7.088217451979464,7.088217451979464,50
PanTS_00002930,True,4.183894710339457,5.25908204112234,5.978364628527821,6.231085537616235,27,False,,,,,0
PanTS_00002933,True,4.852423867912483,7.455754049425359,8.508401250883859,8.508401250883859,70,True,2.34375,2.7126062148434213,2.7126062148434213,2.7126062148434213,44
PanTS_00002935,False,,,,,0,False,,,,,0
PanTS_00002936,True,2.7426406871192848,2.7426406871192848,2.7426406871192848,2.7426406871192848,5,True,2.7426406871192848,4.098076211353316,4.419615242270663,4.5,11
PanTS_00002960,True,2.8458222159283846,5.315626398418633,6.437920986261235,7.535662808431804,356,True,2.40234375,2.40234375,2.40234375,2.40234375,6
PanTS_00002963,False,,,,,0,True,2.457812547683716,2.457812547683716,2.457812547683716,2.457812547683716,2
PanTS_00002964,True,2.418750047683716,5.037964614851033,5.599757634693681,5.6703002072210476,36,False,,,,,0
PanTS_00002976,True,4.547170096308734,6.486336099788905,6.724793613100251,6.784407991428087,11,True,2.0617383154977924,2.5119737568770804,2.5519946849996837,2.5619999170303345,2
PanTS_00002993,True,4.0625,7.688419067959652,9.702370422406545,10.3125,800,True,2.4375,4.1875,4.1875,4.1875,61
PanTS_00003012,True,3.838266588448798,8.052888861760785,9.17578125,9.17578125,60,True,1.507023919224399,1.507023919224399,1.507023919224399,1.507023919224399,5
PanTS_00003024,True,3.4721359549995796,4.948528137423857,5.0,5.0,24,True,1.0,1.0,1.0,1.0,4
PanTS_00003029,True,4.098076211353316,5.8484692283495345,6.56466088025963,6.9852813742385695,38,True,4.5,5.1373835392494325,5.194039853849382,5.208203932499369,3
PanTS_00003033,True,3.8515037780376007,5.020303436664535,6.137813791223545,6.453949555625288,76,True,1.7803980178018652,2.807812511920929,2.807812511920929,2.807812511920929,18
PanTS_00003038,True,3.646742310510925,4.747988420868008,5.188722523096097,5.29890604865312,20,True,0.9277340173721313,0.9277340173721313,0.9277340173721313,0.9277340173721313,2
PanTS_00003051,False,,,,,0,False,,,,,0
PanTS_00003054,True,8.891999781131744,10.867999732494354,11.847587387815846,12.267410668667916,31,False,,,,,0
PanTS_00003068,True,5.355706069108733,7.8265359112086035,8.428911814048568,8.57950578975856,15,True,1.4713133238061942,2.4140639305114746,2.4140639305114746,2.4140639305114746,8
PanTS_00003072,False,,,,,0,False,,,,,0
PanTS_00003079,True,4.0558136229127655,7.924744907836038,9.46957374916248,9.739118270209389,81,True,2.28515625,3.80859375,3.80859375,3.80859375,42
PanTS_00003082,True,1.399889517383802,4.076612667132831,4.386197367218059,4.463593542239366,21,True,2.4776145452732763,3.429346543134446,3.538192536440972,3.565404034767604,4
PanTS_00003084,True,2.1401429385403645,3.2660287004800606,3.293205845000187,3.3000001311302185,4,True,4.620000183582306,4.620000183582306,4.620000183582306,4.620000183582306,5
PanTS_00003113,True,,,,,0,True,4.585489602159571,7.371697272572396,7.857252181464872,7.857252181464872,141
PanTS_00003123,False,,,,,0,False,,,,,0
PanTS_00003127,True,4.159808844013093,4.852423867912483,4.852423867912483,4.852423867912483,7,True,1.428458691207961,2.34375,2.34375,2.34375,25
PanTS_00003128,True,4.90255758725843,6.172163873793808,6.580855113900318,6.580855113900318,34,True,1.357035756647563,2.2265625,2.2265625,2.2265625,10
PanTS_00003130,True,3.638167382415922,4.159808844013093,4.159808844013093,4.159808844013093,16,True,0.78125,0.78125,0.78125,0.78125,2
PanTS_00003144,True,5.1328125,6.741199122749652,6.756035463014897,6.759744548081208,15,False,,,,,0
PanTS_00003147,True,4.386718988418579,4.872071113242151,5.024305747042208,5.0895491615279465,31,True,3.8091512554690548,4.386718988418579,4.386718988418579,4.386718988418579,15
PanTS_00003148,True,2.5656781312635686,3.008818621167914,3.0878085961877795,3.1075560899427455,6,True,1.428458691207961,2.34375,2.34375,2.34375,6
PanTS_00003151,True,7.013298757422091,9.788049334575664,10.162608376912255,10.294818592656766,32,True,12.45644233471215,15.01542641306683,15.01542641306683,15.01542641306683,18
PanTS_00003153,True,2.9296875,4.938940324217779,6.5509253814294155,7.076378175034494,29,True,1.7855733640099514,1.7855733640099514,1.7855733640099514,1.7855733640099514,1
PanTS_00003157,True,3.27435064417433,4.305484257635933,4.3548420364241744,4.367181481121235,19,True,2.496875286102295,2.496875286102295,2.496875286102295,2.496875286102295,2
PanTS_00003160,True,1.5,1.5,1.5,1.5,6,True,1.5,1.5,1.5,1.5,2
PanTS_00003161,True,3.6467918453764803,9.150347269883952,10.086804478248759,10.750770066293235,134,True,,,,,0
PanTS_00003162,True,4.60698639053513,9.134765982627869,9.134765982627869,9.134765982627869,13,True,0.8652340173721313,2.6486619425589613,2.9331005014769986,3.004210141206508,6
PanTS_00003180,True,4.020351479805892,4.506990099296415,4.643691859289924,4.677867299288302,12,True,1.285612822087165,1.285612822087165,1.285612822087165,1.285612822087165,5
PanTS_00003187,False,,,,,0,False,,,,,0
PanTS_00003188,True,2.929614712030895,4.802390828034667,5.082856075593589,5.240617777345482,37,True,1.65625,2.786890204920572,2.9010698106088304,2.929614712030895,10
PanTS_00003192,True,11.345596012648993,14.127991770343076,14.946960259480324,15.038758858606641,48,True,4.257812023162842,7.773059208570399,8.084211795753921,8.43764174901729,118
PanTS_00003199,False,,,,,0,False,,,,,0
PanTS_00003202,True,4.138415952638398,6.602736855656029,6.6113280057907104,6.6113280057907104,22,True,2.6660159826278687,3.0855899832952525,3.0855899832952525,3.0855899832952525,47
PanTS_00003204,True,4.159808844013093,5.46875,5.46875,5.46875,13,True,1.1048543456039805,1.428458691207961,1.428458691207961,1.428458691207961,4
PanTS_00003205,False,,,,,0,True,1.1499092464224085,1.1499092464224085,1.1499092464224085,1.1499092464224085,2
PanTS_00003218,True,5.838881327888154,9.296874046325684,9.431321018703173,9.492710377815522,64,True,1.6974939110435825,3.515625,3.7438279596117834,3.7438279596117834,46
PanTS_00003229,True,2.246353652426328,3.079281781940095,3.182486814466873,3.208288072598567,6,True,1.7246090173721313,1.7246090173721313,1.7246090173721313,1.7246090173721313,1
PanTS_00003246,True,5.284088363118613,11.303532742730038,12.931194444708545,13.58090971737112,88,True,4.023437976837158,6.290433417555417,6.552484970057547,6.726180466562522,70
PanTS_00003258,True,4.293037511250788,5.980402856688874,6.358580571337774,6.453125,14,False,,,,,0
PanTS_00003260,False,,,,,0,False,,,,,0
PanTS_00003265,True,3.638167382415922,4.703248387462044,5.46875,5.46875,54,True,2.34375,2.779846257499337,2.779846257499337,2.779846257499337,13
PanTS_00003270,True,11.899999797344208,14.699999749660492,14.751147000967583,14.804381895185168,52,True,2.440625011920929,3.741514481248931,3.806501162718649,4.050974869199979,80
PanTS_00003276,True,9.087923597409738,11.877908808253855,12.20122202475098,12.349643048552979,35,True,2.9296860694885254,5.368418210166687,6.2250060591992575,6.474447862932122,62
PanTS_00003280,True,2.0747147801643786,4.766258859986735,5.223384775760332,5.3376662547037315,16,True,1.5713045603287572,2.4774429560328755,2.557988591206575,2.578125,3
PanTS_00003287,True,8.480611653455105,14.948048537281364,15.397245070938082,15.45574398387669,73,True,3.829172835413618,4.177734017372131,4.397112218226009,4.441239064842676,71
PanTS_00003291,True,3.0,3.4721359549995796,4.384369041759036,4.656854249492381,24,True,3.0,3.0,3.0,3.0,22
PanTS_00003292,True,4.547707007458756,6.474447862932122,7.102815424153335,7.660047035047617,48,True,1.7855724921479572,2.998846576001871,3.3123742055290415,3.390756112910835,18
PanTS_00003300,True,9.016926050362729,12.561579569192684,13.077461196211043,13.147433969209132,86,True,3.7695300579071045,5.988606418866876,7.08037465451108,7.08037465451108,61
PanTS_00003303,True,4.296875,6.121418897015177,6.647139909067975,6.827108672655527,31,False,,,,,0
PanTS_00003318,True,4.013670086860657,5.619138121604919,5.747605517042046,5.816780268431268,36,True,3.262708482015267,5.816780268431268,5.816780268431268,5.816780268431268,10
PanTS_00003339,True,3.838266588448798,6.169509257673196,6.169509257673196,6.169509257673196,17,True,1.507023919224399,1.507023919224399,1.507023919224399,1.507023919224399,3
PanTS_00003343,True,2.81432936181091,3.885853517056662,4.01935868024849,4.052734971046448,13,True,,,,,0
PanTS_00003355,True,3.285612822087165,4.921875,4.921875,4.921875,18,True,4.921875,6.328125,6.424290418342784,6.479889904968526,41
PanTS_00003356,True,4.234375,6.17791467834553,6.1947820013900765,6.1947820013900765,24,True,4.076612667132831,5.9630393731401545,6.114636686669378,6.1947820013900765,48
PanTS_00003360,True,1.6391563481611353,1.6391563481611353,1.6391563481611353,1.6391563481611353,1,True,6.447399641396846,7.266786933134404,7.730375077354417,7.8462721134094195,17
PanTS_00003370,True,1.1531240344047546,2.674479529381135,2.8940631242758146,2.948959022999484,11,True,1.1531240344047546,1.8812334564913584,1.9459542940101677,1.96213450338987,3
PanTS_00003391,True,4.173828125,5.167237795017248,5.5922538727053475,5.783203125,32,True,4.173828125,6.184128947857256,6.563334019393836,6.563334019393836,92
PanTS_00003398,True,1.4605990117601402,2.401171922683716,2.401171922683716,2.401171922683716,14,False,,,,,0
PanTS_00003405,True,3.2193965549129584,5.8484692283495345,6.701078337766311,6.9852813742385695,26,True,1.5,2.7426406871192848,2.7426406871192848,2.7426406871192848,22
PanTS_00003411,True,2.7126062148434213,6.987158866710729,7.125301134863035,7.193407129074199,43,False,,,,,0
PanTS_00003416,True,2.4609360694885254,5.742184162139893,5.742184162139893,5.742184162139893,18,False,,,,,0
PanTS_00003428,True,4.648434162139893,5.887931332232666,6.058272825473598,6.166592201507487,58,False,,,,,0
PanTS_00003431,True,3.892841319746183,4.410525973211996,5.015656046962203,5.179099580643062,23,True,2.5078139305114746,3.2491131605029953,3.892841319746183,3.892841319746183,54
PanTS_00003434,True,9.037626842233971,18.207830946468825,18.587514088777795,19.15234398841858,88,True,5.19356335403691,7.049373627874565,7.57762295674288,7.796773076154373,117
PanTS_00003437,True,4.129321089322644,4.707042225235123,5.125526633803214,5.243560697758316,23,True,2.6601569652557373,4.1261130737744,4.129321089322644,4.129321089322644,45
PanTS_00003441,True,3.2015872965260113,8.343276348879204,8.523579807936315,8.536280407186633,24,True,3.2570436482630054,6.113235254367722,6.113235254367722,6.113235254367722,72
PanTS_00003447,True,5.564453959465027,8.744141936302185,8.744141936302185,8.744141936302185,36,True,2.3847659826278687,3.4384218899243635,3.6491530713836626,3.701835866748487,5
PanTS_00003457,True,9.300781011581421,10.498855328781463,10.758968494816562,10.758968494816562,43,True,2.427783390106583,4.342920842623918,5.066688500956087,5.066688500956087,63
PanTS_00003473,True,6.598944005016448,8.857856112666884,9.164022510882036,9.240564110435825,16,True,1.285612822087165,2.109375,2.109375,2.109375,9
PanTS_00003477,False,,,,,0,True,2.2265639305114746,2.2265639305114746,2.2265639305114746,2.2265639305114746,6
PanTS_00003485,True,6.328125,7.254667011110025,7.42047181157402,7.461923011690018,8,True,1.285612822087165,2.109375,2.109375,2.109375,5
PanTS_00003493,True,3.6502322606214888,7.309234824573049,7.480752616888992,7.541015625,27,False,,,,,0
PanTS_00003495,True,3.9042359954002395,5.02225870328942,5.290670319671906,5.362020243014086,22,False,,,,,0
PanTS_00003496,True,2.99742903958026,3.7644876453618306,3.969036606903583,4.020173847289021,6,True,2.99742903958026,4.62793307871275,5.213236550255512,5.453765932928397,115
PanTS_00003513,True,5.324555320336759,7.944271909999159,8.37386354243376,9.0,76,True,1.8284271247461903,3.0,3.0,3.0,68
PanTS_00003516,True,3.90625,5.584161524016556,5.802015477695674,5.856814953455483,29,True,1.428458691207961,1.428458691207961,1.428458691207961,1.428458691207961,2
PanTS_00003521,True,3.343382902019812,4.3300780057907104,4.3300780057907104,4.3300780057907104,26,True,0.9474127699428073,1.1971544681029733,1.2193537301616548,1.224903545676325,2
PanTS_00003527,True,3.0,5.84576587892007,6.819160170741759,7.0,36,True,3.0,3.2596747752497683,3.4296437190496176,3.4721359549995796,10
PanTS_00003558,True,5.911658305369749,11.26856439222952,12.602622856833566,12.919452036475855,78,True,6.356392083963069,7.1713321262768135,7.243726630319762,7.270502679760305,28
PanTS_00003563,True,3.951436806913687,4.414782149759167,4.666290752444645,4.729167903116014,12,True,0.944531261920929,2.320078110694885,2.5352656316757205,2.589062511920929,12
PanTS_00003569,True,1.5000000420424306,3.5054501384005885,3.6580120321397582,3.6961525055745508,5,True,1.4999999579575694,1.5000000420424306,1.5000000420424306,1.5000000420424306,9
PanTS_00003570,True,5.843172583514487,7.3828125,7.488407528167305,7.545266389488162,36,True,2.4609375,2.8482365255855924,2.8482365255855924,2.8482365255855924,7
PanTS_00003578,True,3.096003097715077,3.5020931870939953,3.538190083927677,3.5472143081360974,2,True,2.2851569652557373,3.5472143081360974,3.5472143081360974,3.5472143081360974,23
PanTS_00003581,True,2.8073549094303605,4.631520731165941,4.743119535124527,4.766019000003465,37,False,,,,,0
PanTS_00003586,True,3.4562612338562726,5.195315837860107,5.741106830056701,5.9533588825776,29,True,0.7421879768371582,1.922229374810803,2.1656970193713403,2.2265639305114746,8
PanTS_00003587,False,,,,,0,True,2.34375,2.34375,2.34375,2.34375,6
PanTS_00003588,True,3.30504748908934,5.592420729032504,5.592420729032504,5.592420729032504,18,True,3.6615263016155226,4.358751921457397,4.710814892474259,4.710814892474259,66
PanTS_00003595,True,3.453387518428081,4.610052067406467,4.670679660156522,4.685836558344036,4,True,2.1671108886309867,3.5448962741896812,3.6563571090474287,3.6563571090474287,38
PanTS_00003602,True,3.710939884185791,6.302358165140279,6.910626906882436,7.16080661517612,53,True,6.582007244073121,9.253543464272203,9.75218465382701,9.794265879144591,102
PanTS_00003615,True,8.266954437554027,9.492696597824137,9.518016853426579,9.524346917327188,13,True,1.7578120231628418,2.2265639305114746,2.5501752129969137,2.5769775597446922,50
PanTS_00003624,True,4.159808844013093,6.204300271458849,7.03125,7.03125,46,True,1.428458691207961,1.428458691207961,1.428458691207961,1.428458691207961,5
PanTS_00003631,True,3.343288401527098,4.649248938693914,4.781413718250257,4.814454913139343,11,True,1.7605759908103074,2.888672947883606,3.1523499109968305,3.343288401527098,43
PanTS_00003639,False,,,,,0,True,1.798828125,2.600390672683716,2.600390672683716,2.600390672683716,13
PanTS_00003642,True,5.924750989452072,8.20679516630058,8.40436077772448,8.64582985835369,56,True,2.2265639305114746,2.5769775597446922,3.22764747858726,3.4562612338562726,27
PanTS_00003654,True,4.416168942031727,5.944849705865949,6.505869267398027,6.584799089058114,48,True,1.4298300211420027,2.7200845086959418,3.1762311414922766,3.6416600475292142,55
PanTS_00003662,True,4.029270376025633,5.8767950102063695,6.056640625,6.056640625,27,True,1.5820180005128166,2.595703125,2.595703125,2.595703125,11
PanTS_00003672,True,6.994215630575991,9.279255444989852,9.28572810129655,9.2890625,35,True,2.4684716555075137,4.308058982970054,4.394176372434298,4.41570571980036,18
PanTS_00003676,True,5.23828125,7.064813632083338,7.1136571400865325,7.1136571400865325,23,True,2.28515625,2.28515625,2.28515625,2.28515625,28
PanTS_00003679,True,5.976558208465576,11.18733978148065,11.703252331657048,11.865435170904329,70,True,4.1245573260411215,5.589841386662741,5.976558208465576,6.1080684055236265,118
PanTS_00003684,True,2.61070982880097,4.288486240639847,4.975108554135867,5.300781011581421,35,True,2.752357339201587,5.625794096925343,5.648226198502413,5.648226198502413,116
PanTS_00003700,True,2.6108830678759327,4.470464675999093,4.630458721155533,4.670457232444643,7,True,2.2558590173721313,2.699968316131838,3.501735550435038,3.501735550435038,59
PanTS_00003706,True,3.931654997960293,5.46875,5.627974663704627,5.6703002072210476,22,True,,,,,0
PanTS_00003711,True,9.883807305199875,11.863425114471639,12.50893855645798,12.74490563675568,42,True,1.3606075572720786,1.3606075572720786,1.3606075572720786,1.3606075572720786,2
PanTS_00003730,True,6.065526873206115,8.502350898987324,8.891558826783953,8.982455601519117,48,True,4.023437976837158,5.875014560668608,6.882188218971949,6.969942579702251,37
PanTS_00003736,True,3.8511811718665774,5.587131075511766,6.262432925049337,6.697919051606173,54,True,0.9765625,1.9621358520890224,1.9621358520890224,1.9621358520890224,8
PanTS_00003746,True,2.7426406871192848,5.208203932499369,5.208203932499369,5.208203932499369,25,True,1.5,1.5,1.5,1.5,3
PanTS_00003750,True,3.5150384731910638,4.6235923439695386,4.66157097230653,4.671065629390777,20,True,0.9336019220353635,1.4468059071542436,1.6812362577247943,1.7398438453674316,12
PanTS_00003768,True,7.076378175034494,8.274981395649256,8.655401412868805,8.7890625,27,True,1.7855733640099514,2.9296875,2.9296875,2.9296875,13
PanTS_00003776,True,3.87902365125158,8.107408060415105,8.134263461076507,8.134263461076507,61,True,1.7587931656657627,2.529506537074072,2.529506537074072,2.529506537074072,38
PanTS_00003777,True,3.656306072677541,4.737025499740232,5.15234375,5.15234375,34,True,1.5498776799606375,2.54296875,2.86313594448409,2.943177743105112,21
PanTS_00003782,True,4.656854249492381,8.797958971132712,8.797958971132712,8.797958971132712,45,True,3.0,3.0,3.0,3.0,9
PanTS_00003784,True,4.766512968404735,5.0853663118060055,5.0853663118060055,5.0853663118060055,4,True,0.955078125,0.955078125,0.955078125,0.955078125,2
PanTS_00003812,True,3.3653037184541548,6.777343988418579,6.958619791596118,7.0605874308834835,37,True,3.3653037184541548,5.38336876423527,5.409283583471942,5.409283583471942,64
PanTS_00003815,True,7.435547947883606,9.802352417094077,10.152206295518315,10.258088446741915,26,False,,,,,0
PanTS_00003824,True,3.701835866748487,6.608803986763553,7.154297947883606,7.154297947883606,34,True,7.154297947883606,8.701835866748487,9.104429577982266,9.20507800579071,11
PanTS_00003841,True,4.656854249492381,5.0,5.191487638998686,5.324555320336759,42,True,1.0,2.765685424949238,2.9531370849898475,3.0,5
PanTS_00003849,True,2.496991143664612,3.928906261920929,4.879789088515552,4.899999916553497,56,True,,,,,0
PanTS_00003889,True,3.0166193968004826,3.710939884185791,3.710939884185791,3.710939884185791,12,True,1.3570366285095572,2.349208700743101,2.5314237879443735,2.5769775597446922,14
PanTS_00003894,True,3.390756112910835,4.882810115814209,5.232447943747992,5.368418210166687,29,False,,,,,0
PanTS_00003900,False,,,,,0,False,,,,,0
PanTS_00003916,True,2.676908028631125,3.30078125,3.30078125,3.30078125,8,True,1.278470528631125,2.4277825622848623,2.4277825622848623,2.4277825622848623,28
PanTS_00003919,True,3.27435064417433,5.882739712030894,6.239047942406178,6.328125,13,True,2.109375,2.4413455933590793,2.4413455933590793,2.4413455933590793,11
PanTS_00003921,True,4.767505709802893,6.066693255895733,6.274113653269598,6.403242842487565,51,True,2.2324219942092896,2.2324219942092896,2.2324219942092896,2.2324219942092896,25
PanTS_00003923,True,7.9882666935983675,11.578353867311941,11.984375,11.984375,50,True,5.424732934076769,6.397093256998215,6.623499449185692,6.680100997232562,16
PanTS_00003924,False,,,,,0,True,1.232045403201368,1.942540155955055,2.005695245088716,2.0214840173721313,3
PanTS_00003928,True,2.2089840173721313,2.503045993154088,2.585117078506591,2.6056348498447166,7,True,1.0413250521443576,1.3158223938626399,1.3402221575709317,1.3463220984980047,2
PanTS_00003937,True,4.591953079469252,5.473905289815159,5.822290617293498,5.84954928483998,44,True,0.703125,0.703125,0.703125,0.703125,4
PanTS_00003942,True,2.457812547683716,2.457812547683716,2.457812547683716,2.457812547683716,10,True,2.342187523841858,2.9501028944645213,3.057955196111422,3.084918271523147,10
PanTS_00003950,True,5.589992147750956,6.618413350600021,6.713085116801363,6.736753058351698,12,True,7.149844529593041,9.100000023841858,9.100000023841858,9.100000023841858,8
PanTS_00003953,True,5.760172698293773,7.415070497824314,7.714644266741268,7.949838223205797,48,True,,,,,0
PanTS_00003968,True,3.90625,4.436504167917516,4.802796422757938,4.894369486468044,20,True,2.418750047683716,2.418750047683716,2.418750047683716,2.418750047683716,1
PanTS_00003969,True,4.101562023162842,5.094436321784333,5.25908204112234,5.25908204112234,27,True,2.6953139305114746,4.183894710339457,4.209276336150722,4.414636763169139,90
PanTS_00003974,True,13.69777519099178,15.225534825027912,15.579458774848586,15.667939762303757,18,True,1.6427283667511494,3.70873673498305,4.101562023162842,4.101562023162842,89
PanTS_00003978,True,4.611902647381804,6.75,6.772279390558378,6.898529270389178,86,True,2.25,2.25,2.25,2.25,9
PanTS_00003993,True,3.6044051380341955,5.797672058764684,6.69634583636758,6.965999901294708,34,True,2.5047165790940555,2.6691615298902933,2.683778858849959,2.6874331910898754,2
PanTS_00004029,True,13.02878065726527,15.731123336072844,16.13880023655305,16.37253124137099,56,True,2.5078139305114746,5.192096500350846,5.192096500350846,5.192096500350846,39
PanTS_00004033,True,12.059219486248866,17.089040006658625,17.73400548617458,17.73400548617458,80,True,4.755375390554233,8.402433562362368,8.918850334265661,9.234375,150
PanTS_00004046,True,4.102033723673952,5.471107911071325,5.471107911071325,5.471107911071325,18,True,0.880859375,0.880859375,0.880859375,0.880859375,1
PanTS_00004055,True,4.462890625,5.540043201790303,6.066072383369195,6.2133533899607585,23,False,,,,,0
PanTS_00004058,True,11.175074929449323,13.635729432685663,13.960400107230079,13.983453213985873,31,True,3.0780572315552974,4.429469343231672,4.429469343231672,4.429469343231672,6
PanTS_00004064,True,8.692685236483067,13.827401371721646,14.296875,14.296875,75,True,6.372977770345575,7.924648557674077,8.001826942523431,8.190780919223567,72
PanTS_00004069,True,3.5389833178107444,7.309234824573049,7.478434808884724,7.541015625,28,False,,,,,0
PanTS_00004078,False,,,,,0,True,1.357035756647563,1.357035756647563,1.357035756647563,1.357035756647563,2
PanTS_00004085,True,3.948757678272025,5.889800580381783,6.4808862739033835,6.677914838410583,26,True,1.7855724921479572,2.0814141428082396,2.498842537800036,2.6031996365479846,19
PanTS_00004089,True,4.876684506409801,6.2617439097242436,6.2617439097242436,6.2617439097242436,35,True,2.3554680347442627,2.3554680347442627,2.3554680347442627,2.3554680347442627,16
PanTS_00004099,True,2.23828125,2.7167546117755728,2.7711244416956187,2.78471689917563,8,False,,,,,0
PanTS_00004112,True,4.525388121604919,6.974146170406648,7.989206670829767,8.404292225837708,36,True,1.1820489130780922,1.7501012673568186,1.9015818951644792,1.939452052116394,6
PanTS_00004117,True,3.119498802713376,4.183894710339457,4.183894710339457,4.183894710339457,13,True,1.6427283667511494,2.6953139305114746,2.6953139305114746,2.6953139305114746,12
PanTS_00004121,True,3.394987822087165,8.730286780077238,9.240564110435825,9.240564110435825,64,False,,,,,0
PanTS_00004122,True,2.3104778233648764,4.538313105491327,5.179785753944923,5.340153916058324,18,True,0.95703125,1.7498618967297523,1.7498618967297523,1.7498618967297523,5
PanTS_00004123,True,3.696152422706632,4.5,4.5,4.5,14,True,1.5,1.5,1.5,1.5,2
PanTS_00004124,True,4.211178745146429,5.26693034575247,5.26693034575247,5.26693034575247,19,True,1.6534409350732147,2.2361382645329453,2.6175401529065896,2.712890625,10
PanTS_00004155,True,3.1489227340784582,4.37514141157174,4.635002160319909,4.747380280476297,32,True,3.958352229651962,4.151424072688123,4.168586014291337,4.172876499692141,2
PanTS_00004157,True,4.406036870306414,5.162680994630562,5.269501341593971,5.296206428334823,4,True,2.2350330739473496,2.7773430347442627,2.7773430347442627,2.7773430347442627,10
PanTS_00004190,True,5.253881116024704,7.898913014330624,8.280824589780691,8.540237584121943,54,True,1.6355847655021183,1.6355847655021183,1.6355847655021183,1.6355847655021183,1
PanTS_00004208,True,2.400000035762787,3.23293370873158,3.3369808603613937,3.362992648268847,19,True,2.400000035762787,2.400000035762787,2.400000035762787,2.400000035762787,3
PanTS_00004225,True,3.7334284375017504,7.402583647831849,7.9880563135372,8.1680287500035,27,True,2.103515625,2.103515625,2.103515625,2.103515625,3
PanTS_00004230,True,2.6953125,3.96068674749804,4.267132142538165,4.4921875,74,True,1.2705824974445776,1.6055129951446974,1.6352845949402637,1.6427274948891553,2
PanTS_00004231,True,4.609805636201349,5.896143096326543,5.896143096326543,5.896143096326543,29,True,3.4562612338562726,5.072748642541091,5.195315837860107,5.195315837860107,55
PanTS_00004243,True,4.470078348850115,6.285080337567782,6.741793348047834,6.741793348047834,64,True,3.249879067653059,4.66303014895205,5.22413564536117,5.458784970274978,46
PanTS_00004248,True,2.7426406871192848,5.208203932499369,5.208203932499369,5.208203932499369,11,False,,,,,0
PanTS_00004251,True,3.7438279596117834,6.468749999999998,6.796875,6.796875,35,True,2.109375,2.109375,2.109375,2.109375,10
PanTS_00004262,True,3.495923528226543,4.534191639974271,4.964163741992281,5.1484375,31,True,1.2042912367083387,1.5217470997458435,1.5499653986825106,1.5570199734166774,2
PanTS_00004267,True,2.793749988079071,4.282329977857382,4.282329977857382,4.282329977857382,35,True,,,,,0
PanTS_00004268,True,12.12290260699345,13.678631225468814,14.614247489998764,14.637733339307523,55,True,2.9703046330752674,6.131681129623959,7.438315951780797,7.791163242104567,135
PanTS_00004270,True,4.098076211353316,4.5,4.5,4.5,6,True,1.5,1.5,2.7426406871192848,2.7426406871192848,51
PanTS_00004287,True,3.3430481287496683,3.90625,3.90625,3.90625,8,True,2.418750047683716,2.418750047683716,2.418750047683716,2.418750047683716,1
PanTS_00004290,True,2.3057152826169083,4.852037297684718,4.980357741400759,5.01243785232977,17,True,1.7367531979712125,3.092442275053534,3.092442275053534,3.092442275053534,19
PanTS_00004301,True,3.709354895670609,5.1777491069523975,5.695020607885268,5.974611878395081,53,True,1.6464840173721313,3.9746995307102546,4.091512981640331,4.146484017372131,33
PanTS_00004312,True,3.5100001096725464,5.48872718360128,5.6980167627334595,5.6980167627334595,43,True,1.2835558816774773,1.2835558816774773,1.2835558816774773,1.2835558816774773,2
PanTS_00004313,True,5.121927371793624,6.478466696052162,6.618719280149597,6.674339636089999,34,True,0.880859375,2.184257841110229,2.356851596832275,2.400000035762787,4
PanTS_00004323,True,4.107421875,5.543894269090012,6.248046875,6.248046875,47,True,1.6320140547050954,2.677734375,2.677734375,2.677734375,6
PanTS_00004329,False,,,,,0,False,,,,,0
PanTS_00004330,False,,,,,0,False,,,,,0
PanTS_00004339,True,4.098076211353316,4.747871376374779,5.116137421274451,5.208203932499369,14,True,,,,,0
PanTS_00004360,True,5.072263121604919,6.521481156349182,6.521481156349182,6.521481156349182,11,True,2.173827052116394,2.515941022534692,2.515941022534692,2.515941022534692,8
PanTS_00004366,True,1.5,1.5,1.5,1.5,2,True,1.5,1.5,1.5,1.5,10
PanTS_00004400,True,3.374400247190768,4.317320792311058,4.443921168422174,4.475571262449954,18,True,2.173828125,2.4753904342651367,2.4753904342651367,2.4753904342651367,9
PanTS_00004408,True,4.072265982627869,6.6678828359681726,7.6492290364089754,8.021242798293656,31,True,2.783202052116394,5.569481396925649,6.320858468322032,6.494138121604919,132
PanTS_00004420,True,9.167200054531058,12.522130263342081,12.645271863405412,12.645271863405412,52,True,4.083984017372131,6.284729046447275,6.685823571430193,6.856637373269227,79
PanTS_00004424,False,,,,,0,True,1.7635075631397217,2.19140625,2.19140625,2.19140625,6
PanTS_00004426,True,5.216796875,6.67528387440628,6.928800807563549,6.997303632299978,44,True,1.432029837935981,2.257851421293598,2.3312577842587197,2.349609375,3
PanTS_00004427,True,3.12890625,4.638186861074598,4.954815819250202,5.410452612722419,60,False,,,,,0
PanTS_00004438,True,5.905827214715125,7.143256839417389,7.172066110228482,7.179268427931255,8,True,2.3576304320049757,2.9296875,2.9296875,2.9296875,4
PanTS_00004446,True,4.163802288431749,5.474000036716461,5.551014916619441,5.6665372364739115,61,True,2.1999778728799884,2.5306051753786876,2.715210335021749,2.715210335021749,31
PanTS_00004448,True,4.261718988418579,5.240651432266079,5.7244308875036225,5.865105101992046,24,True,4.475185724501849,6.644529104232788,7.222097548742099,7.276969286970797,141
PanTS_00004449,True,2.496991143664612,3.928906261920929,4.028305157919447,4.135987295251176,53,True,,,,,0
PanTS_00004454,True,2.9105977392879363,4.255419967831576,4.3518909573258,4.4847792712914805,70,True,0.964062511920929,1.244885803167664,1.4286974119837095,1.4746503141877207,10
PanTS_00004475,True,3.4942394289709977,5.624300334166585,5.968373354356364,6.023067423958828,43,True,4.59375,5.839134825805211,5.882101724132936,5.892843448714868,5
PanTS_00004483,True,3.8200757515367183,5.7421875,5.7421875,5.7421875,22,True,,,,,0
PanTS_00004486,True,1.4417955553590414,2.7126062148434213,2.7126062148434213,2.7126062148434213,12,False,,,,,0
PanTS_00004497,True,6.67067928039444,8.159964263174773,8.159964263174773,8.159964263174773,33,True,2.34375,3.2679429153869215,3.564122489010122,3.638167382415922,9
PanTS_00004503,True,2.5326370935869105,4.367181481121235,4.893486800565617,4.921875,47,True,1.0912439229645114,2.109375,2.109375,2.109375,10
PanTS_00004506,True,3.4107824761552132,7.651355000040443,8.142718214733483,8.177876131275843,30,True,2.1972659826278687,2.1972659826278687,2.1972659826278687,2.1972659826278687,3
PanTS_00004513,True,3.1796875,4.257895218978251,5.056748705355812,5.3999487799322985,53,True,3.1796875,4.365629253444105,4.43881844261592,4.49239429744563,44
PanTS_00004517,True,6.679691791534424,9.063195373819573,9.37067017659824,9.578895442955641,65,True,,,,,0
PanTS_00004521,True,7.9824757899210805,9.366896470591064,9.52734375,9.52734375,33,True,2.2010912663616327,3.1035112295478786,3.267577245909576,3.30859375,12
PanTS_00004523,True,11.757812023162842,14.283455402557548,14.56245652580915,14.834299938439901,74,True,3.4562612338562726,5.378050868288995,5.7001680789505516,5.7001680789505516,86
PanTS_00004527,True,3.4562612338562726,4.931139754831365,5.165899710983544,5.195315837860107,25,True,1.0496123026733577,2.14490691736751,2.213694375002978,2.2265639305114746,22
PanTS_00004538,True,6.9852813742385695,8.883264098729084,10.092985351622474,10.86931687685298,51,True,1.5,1.5,1.5,1.5,3
PanTS_00004539,True,3.058462265503376,5.84046954823115,6.324333624210168,6.382890522434027,28,False,,,,,0
PanTS_00004540,True,4.598303780654054,5.7421875,5.8977045286123095,5.944157667028974,24,True,2.4609375,2.4609375,2.4609375,2.4609375,2
PanTS_00004542,True,4.5612784358377345,6.439552724528679,6.609375,6.609375,26,True,2.203125,3.671875,4.265625,4.265625,93
PanTS_00004548,True,3.5839849710464478,4.35839726135406,4.433359163655473,4.452099639230826,16,True,2.1503909826278687,2.2832030057907104,2.2832030057907104,2.2832030057907104,26
PanTS_00004568,True,7.906028611976689,8.947677431321598,9.342877637813462,9.4790422175637,60,True,1.1849567914224512,1.5320226002170338,1.5320226002170338,1.5320226002170338,4
PanTS_00004571,True,4.018750071525574,4.156490648362866,4.168734255192848,4.171795156900343,3,False,,,,,0
PanTS_00004597,True,7.578622749338807,14.210867147917698,14.866693238943274,14.949105915854773,113,True,3.6836461401169807,5.918872325885727,5.920240495028118,5.920977201489405,36
PanTS_00004602,True,3.307048030990409,5.58984375,5.58984375,5.58984375,34,True,0.62109375,1.0327184776082632,1.1150434231299158,1.135624659510329,5
PanTS_00004621,True,2.1462643699419726,3.4721359549995796,3.7922686029246617,3.8989794855663558,26,True,1.0,3.0,3.0,3.0,20
PanTS_00004664,True,4.492189884185791,5.722045495399097,6.175661769367905,6.289065837860107,17,True,1.6427283667511494,2.4321675395713935,2.6426846523234584,2.6953139305114746,6
PanTS_00004665,True,3.696152422706632,4.5,4.5,4.5,18,True,,,,,0
PanTS_00004669,True,2.9296875,4.6814982545987665,5.09856793372388,5.2147439364982775,36,True,0.9765625,0.9765625,0.9765625,0.9765625,4
PanTS_00004671,False,,,,,0,True,3.720703125,5.3922001693762835,5.719457005163559,5.911655464276718,38
PanTS_00004673,True,3.885377254317669,5.632815837860107,5.632815837860107,5.632815837860107,16,True,1.1380006503216762,2.1783762788351546,2.3669264001762107,2.4140639305114746,6
PanTS_00004677,True,1.7578120231628418,3.4562612338562726,3.6141619970605734,3.710939884185791,39,True,5.868963475171117,7.020153908801775,7.302956514246413,7.324006162122439,130
PanTS_00004681,False,,,,,0,True,1.321323853436367,1.321323853436367,1.321323853436367,1.321323853436367,2
PanTS_00004699,True,5.555485839202988,6.239075170199832,6.513420829298463,6.582007244073121,11,True,1.3570366285095572,1.3570366285095572,1.3570366285095572,1.3570366285095572,1
PanTS_00004702,True,4.609805636201349,7.039047572951285,7.714622112865974,7.913136802902898,31,True,0.7421879768371582,0.7421879768371582,0.7421879768371582,0.7421879768371582,3
PanTS_00004703,True,6.351290678726043,7.6073414718761105,8.06583915186969,8.20679516630058,49,True,1.7578120231628418,3.4562612338562726,3.7302103687115884,3.9518209407582656,93
PanTS_00004707,True,5.619138121604919,7.2859217764890065,7.336089102057954,7.336089102057954,50,True,1.4677406513196845,2.787201644019034,2.787201644019034,2.787201644019034,89
PanTS_00004722,True,3.6529520915189355,5.71484375,5.946501658380307,6.0147215222368065,70,True,1.4927393323123193,2.44921875,2.7460189032737587,2.8346734945113754,24
PanTS_00004723,True,4.411277951179305,6.016282280238301,6.122456952553834,6.149000620632717,11,True,1.7320061630896526,2.841796875,2.841796875,2.841796875,8
PanTS_00004724,True,4.000000059604645,5.053971788003318,5.228850665239946,5.273901161700432,22,True,1.153124988079071,1.9621358520890224,1.9621358520890224,1.9621358520890224,6
PanTS_00004730,True,4.4383294877815,5.810546875,5.981053885373256,6.029145606247764,23,True,1.5177373594084584,1.5177373594084584,1.5177373594084584,1.5177373594084584,2
PanTS_00004735,True,5.767541493786243,6.34238544747553,6.4956771684593395,6.534000098705292,6,True,,,,,0
PanTS_00004748,True,2.8550192828552823,3.998467082049053,4.088757346921285,4.111329913139343,9,True,1.5034534263928747,2.466797947883606,2.466797947883606,2.466797947883606,17
PanTS_00004750,True,0.875,4.074747468305833,4.074747468305833,4.074747468305833,13,False,,,,,0
PanTS_00004753,True,4.089298530299861,6.380856156349182,6.380856156349182,6.380856156349182,12,True,2.126952052116394,3.3016352341215898,3.3016352341215898,3.3016352341215898,28
PanTS_00004769,True,4.299265736754299,6.701166390951939,7.634133118018696,7.857143733494128,40,True,1.6427283667511494,1.6427283667511494,1.6427283667511494,1.6427283667511494,8
PanTS_00004776,True,5.208203932499369,5.8484692283495345,5.8484692283495345,5.8484692283495345,18,True,1.5,1.5,1.5,1.5,10
PanTS_00004788,False,,,,,0,False,,,,,0
PanTS_00004793,True,4.315892219243908,5.185067892656298,5.376323543095437,5.376323543095437,30,True,1.153124988079071,1.153124988079071,1.153124988079071,1.153124988079071,2
PanTS_00004796,True,3.4721359549995796,6.442482940154897,7.0,7.0,44,True,1.4142135623730951,3.0,3.0,3.0,30
PanTS_00004800,True,1.285612822087165,2.109375,2.109375,2.109375,13,True,3.7438279596117834,3.795839707101149,3.8062420565990225,3.808842643973491,5
PanTS_00004825,True,9.21341009863416,10.843731329901795,11.033190401254304,11.10351026058197,30,True,2.220702052116394,3.4471619294182263,3.4471619294182263,3.4471619294182263,29
PanTS_00004828,True,8.28926560298689,10.09520504002029,10.325435763829086,10.432894472115798,74,True,4.190764675166087,4.190764675166087,4.190764675166087,4.190764675166087,1
PanTS_00004842,True,4.365800858899107,6.0395829079896375,6.3511898685566255,6.3511898685566255,27,True,2.8125,4.022131372890602,4.0625,4.0625,42
PanTS_00004856,False,,,,,0,False,,,,,0
PanTS_00004857,True,4.882810115814209,5.320351978055692,5.333326528969883,5.333326528969883,32,False,,,,,0
PanTS_00004859,False,,,,,0,False,,,,,0
PanTS_00004880,True,3.4721359549995796,6.211102550927978,6.382596251178518,6.483314773547883,38,True,1.0,1.0,1.0,1.0,3
PanTS_00004901,True,2.5471394432273735,3.339077631068788,3.600178436440991,3.665453637784042,8,False,,,,,0
PanTS_00004913,True,3.984375,5.578125,5.817027161713598,5.99725159949754,44,True,2.390625,2.390625,2.390625,2.390625,8
PanTS_00004937,True,2.6015639305114746,4.03836801504282,4.03836801504282,4.03836801504282,32,True,2.6015639305114746,3.0109945541196392,3.0109945541196392,3.0109945541196392,37
PanTS_00004954,True,3.271484375,7.746214352370288,8.459565168165497,8.601036486572081,59,True,2.185546875,3.271484375,3.271484375,3.271484375,92
PanTS_00004963,True,4.0396450913005095,6.607473521907007,6.836545646342431,6.965148287492765,51,True,2.2582459155897294,3.2519549131393433,3.46304276685027,3.46304276685027,58
PanTS_00004964,True,2.773639440766538,3.7200255933799937,3.7200255933799937,3.7200255933799937,16,True,3.7200255933799937,4.797426188192164,5.346293934147607,5.346293934147607,93
PanTS_00005011,True,6.0291452638163845,9.591981959806526,10.306587079662245,10.306587079662245,37,True,2.4902340173721313,3.8655522886766303,4.150390028953552,4.150390028953552,54
PanTS_00005016,False,,,,,0,False,,,,,0
PanTS_00005017,True,0.716796875,0.716796875,0.716796875,0.716796875,4,True,1.3106108491833042,1.3106108491833042,1.3106108491833042,1.3106108491833042,2
PanTS_00005027,True,4.140625,5.574951815557421,6.015625,6.015625,54,True,2.9838668363277634,4.8017672085985215,5.2910862848919935,5.3376662547037315,37
PanTS_00005034,True,2.414213562373095,3.9368732237626576,4.512858044346435,4.656854249492381,20,True,1.0,1.8284271247461903,1.8284271247461903,1.8284271247461903,9
PanTS_00005041,True,5.923148547062793,7.727376315029553,8.318647128153406,8.388000620233123,32,True,2.381250023841858,2.418750047683716,2.418750047683716,2.418750047683716,4
PanTS_00005050,True,5.3087716404736485,6.031750363103433,6.183398843511894,6.258726861694026,42,True,0.918749988079071,1.6306795484078282,1.6306795484078282,1.6306795484078282,21
PanTS_00005054,True,4.581051367075796,6.344029310306391,6.749973505976616,7.076378175034494,48,True,2.9296875,3.0234375,3.0234375,3.0234375,15
PanTS_00005056,True,6.065532796575094,6.835940837860107,7.023484655961097,7.0763816302972735,23,True,3.390759424197719,5.023437023162842,5.023437023162842,5.023437023162842,12
PanTS_00005062,True,3.892841319746183,5.385622920542674,5.407125856119544,5.407125856119544,43,True,4.164062023162842,8.606272568331269,9.111722120108382,9.302857277258587,149
PanTS_00005085,True,2.2265639305114746,8.20679516630058,9.03062651536974,9.997376765074312,233,True,2.2265639305114746,2.5769775597446922,2.5769775597446922,2.5769775597446922,16
PanTS_00005095,True,4.101562023162842,4.420760430184745,4.652362467366806,4.710262976662321,12,False,,,,,0
PanTS_00005103,True,3.1374180953643895,4.482194664160565,5.412901129494102,5.723136617938614,26,False,,,,,0
PanTS_00005114,True,1.5570191015546833,4.228589126860008,4.803375524780917,5.198440131274054,43,True,1.5570191015546833,2.5546860694885254,2.5546860694885254,2.5546860694885254,27
PanTS_00005137,True,4.014214264999721,5.462962223495238,5.857195370023967,5.988606418866876,26,True,5.817849977311911,6.785154104232788,7.00465433739597,7.224154570559152,51
PanTS_00005148,True,2.7426406871192848,3.696152422706632,4.282961154130791,4.5,28,True,1.5,2.7426406871192848,2.7426406871192848,2.7426406871192848,19
PanTS_00005162,False,,,,,0,False,,,,,0
PanTS_00005172,True,8.964376492632068,10.121476370338131,10.218780148194396,10.32246414645071,73,True,4.314030629969144,7.050781438148379,8.143469881928782,8.273846290020709,98
PanTS_00005180,True,3.9100000262260437,5.994067299762787,6.80683782306979,7.038000047206879,29,False,,,,,0
PanTS_00005186,True,7.06640625,16.84952453259501,17.978576533811935,18.418517015667984,160,True,2.7261692459176383,3.92578125,3.92578125,3.92578125,39
PanTS_00005188,True,4.296875,7.331225082614026,8.246374214227963,8.900849600393318,129,True,1.285612822087165,2.4413455933590793,2.9994589774052987,3.27435064417433,34
PanTS_00005195,True,2.1213203435596424,2.6805086527633204,2.730214280248092,2.7426406871192848,2,True,1.5,1.5,1.5,1.5,1
PanTS_00005207,True,6.699957246984041,7.7677013891250875,7.863469097750645,7.887411024907035,17,True,2.545197306438655,5.386717081069946,5.386717081069946,5.386717081069946,80
PanTS_00005210,True,7.035457573468235,9.810273980359264,10.664959909987601,11.071134032945432,46,True,4.197265982627869,6.846308990587287,7.224606156349182,7.224606156349182,104
PanTS_00005221,True,4.367181481121235,6.530813658026587,7.277240269893546,7.496651102126204,36,True,5.685952593831523,7.924648557674077,8.190780919223567,8.371489747332252,138
PanTS_00005225,True,3.6132261896884694,4.934207712811924,5.629590122474517,5.985955471041781,41,True,,,,,0
PanTS_00005226,True,2.726168418095918,5.689406325096342,6.2374928477732565,7.464476589399492,157,True,0.7851560115814209,1.981070956512906,2.168089382037444,2.214843988418579,7
PanTS_00005230,True,3.4959057226073824,6.04933702167889,6.428892859587107,6.433810279364602,69,True,1.50970870312889,3.1237499654293046,3.4999999403953552,3.4999999403953552,28
PanTS_00005242,True,4.686725365608817,6.28404605115096,7.171810101315365,7.27404460148772,67,True,2.373047947883606,3.6836461401169807,3.9550799131393433,4.211808358772627,101
PanTS_00005250,True,4.826574983860478,6.836531162076423,7.147727518203051,7.467855346575714,57,True,0.5247395634651184,1.5742186903953552,1.5742186903953552,1.5742186903953552,6
PanTS_00005257,True,5.1717661088700675,8.925594545637082,9.162967924813636,9.265970339087348,73,True,3.920323980002784,5.03568862149584,5.627706403366418,5.627706403366418,58
PanTS_00005266,False,,,,,0,False,,,,,0
PanTS_00005268,True,5.2620987762002285,8.668580638891552,8.752772184579076,8.785513341235335,29,True,4.255859017372131,6.106817858842539,6.697268843650818,6.697268843650818,37
PanTS_00005275,True,5.615000069141388,8.575733834528902,8.815000116825104,8.815000116825104,73,True,3.6556307079823815,4.6090211625713895,4.87571566537111,4.87571566537111,53
PanTS_00005284,True,3.125,3.7964510787993255,4.302372953104324,4.375,52,True,1.4742246053467154,2.343751907348633,2.343751907348633,2.343751907348633,27
PanTS_00005290,True,4.228515982627869,6.042233998966903,6.169239540428051,6.214752706531928,54,True,3.592688624714863,4.7108862420707975,5.193791864294908,5.303361806285689,56
PanTS_00005309,True,3.983794394026008,6.174899052055304,6.5273520940457335,6.796078254569114,46,True,4.144531011581421,6.668044169264082,7.521169259932408,7.699220895767212,130
PanTS_00005316,True,,,,,0,False,,,,,0
PanTS_00005362,True,2.3027340173721313,4.199525839402993,4.2324219942092896,4.2324219942092896,22,True,0.7675780057907104,0.7675780057907104,0.7675780057907104,0.7675780057907104,2
PanTS_00005370,True,4.367181481121235,6.328125,6.328125,6.328125,21,True,2.4413455933590793,3.27435064417433,3.27435064417433,3.27435064417433,5
PanTS_00005371,False,,,,,0,False,,,,,0
PanTS_00005379,True,2.995890285755998,4.391815425442796,4.577645374758945,4.6289050579071045,24,True,1.3092520623659287,1.6927231131504366,1.6927231131504366,1.6927231131504366,4
PanTS_00005390,True,,,,,0,False,,,,,0
PanTS_00005391,True,4.84522275271031,6.941223720664794,7.061526487405538,7.076266845121151,30,True,1.560591774041193,2.560547947883606,2.560547947883606,2.560547947883606,14
PanTS_00005392,True,5.212890728693086,5.696510715134531,5.739499158373771,5.750246269183581,2,True,1.076105583704247,1.076105583704247,1.076105583704247,1.076105583704247,2
PanTS_00005412,True,4.015378529434213,5.946385222240578,6.51517938555493,6.9557629183542415,48,True,1.1820489130780922,1.1820489130780922,1.1820489130780922,1.1820489130780922,1
PanTS_00005420,True,4.364704203992473,5.877117361517745,5.892337949364783,5.896143096326543,15,True,1.0496123026733577,2.1744728725008926,2.2161457189093583,2.2265639305114746,18
PanTS_00005422,True,2.109375,3.1395466997362713,3.27435064417433,3.27435064417433,27,True,2.2753602966795397,2.4247470636911252,2.4380258874254883,2.4413455933590793,2
PanTS_00005428,True,2.343000054359436,6.204476505658056,6.204476505658056,6.204476505658056,15,False,,,,,0
PanTS_00005437,True,,,,,0,True,2.343000054359436,2.6748644248281535,2.7043634799809286,2.711738243769122,3
PanTS_00005466,True,4.0032482101855535,4.556824978951246,5.23800805671757,5.543638927623984,36,True,4.0032482101855535,5.800779104232788,6.417575566500918,6.765614479034281,151
PanTS_00005473,True,2.2265639305114746,2.7853284691942872,2.7853284691942872,2.7853284691942872,11,True,0.7421879768371582,1.40701090968823,1.4336638596501887,1.4403270971406785,9
PanTS_00005489,True,5.528336580424452,7.5,7.5,7.5,42,True,1.5,2.7426406871192848,2.7426406871192848,2.7426406871192848,16
PanTS_00005504,True,3.51003489592122,5.852486916624511,6.026924255754856,6.064453125,63,True,2.021484375,2.021484375,2.021484375,2.021484375,2
PanTS_00005513,False,,,,,0,False,,,,,0
PanTS_00005514,True,6.212420675288707,8.41692619093256,8.564985284344349,8.602000057697296,15,True,0.7820000052452087,1.4298300211420027,1.4298300211420027,1.4298300211420027,7
PanTS_00005525,True,4.028989979239743,5.163973252619041,5.199366119984118,5.208214336825387,6,True,1.3141819959113241,2.376826016476366,2.471843377420031,2.4955977176559476,8
PanTS_00005538,True,8.422877508487911,11.569667160166,11.95227853182081,11.95227853182081,48,True,3.9110310463776896,6.084268401881469,7.5037943392096285,8.661906081173958,122
PanTS_00005545,True,,,,,0,True,0.78125,0.78125,0.78125,0.78125,4
PanTS_00005549,True,1.5,1.5,1.5,1.5,3,False,,,,,0
PanTS_00005558,True,1.5000003661476955,3.124045608268697,3.5817311639760145,3.696152552902845,13,True,1.500000110920263,3.256922064506328,3.6083064552235418,3.696152552902845,5
PanTS_00005571,True,7.156004300164986,13.367478741004774,13.593344569781408,13.886938431319615,100,True,2.1972659826278687,2.1972659826278687,2.1972659826278687,2.1972659826278687,24
PanTS_00005580,True,3.9518209407582656,4.609805636201349,5.003931484891919,5.164912465342996,30,False,,,,,0
PanTS_00005583,True,5.7001680789505516,6.679691791534424,7.007485379957347,7.0894337770630775,21,True,1.7578120231628418,1.7578120231628418,1.7578120231628418,1.7578120231628418,11
PanTS_00005589,True,5.0,6.483314773547883,7.0,7.0,72,True,1.0,2.6999999999999993,2.9399999999999995,3.0,4
PanTS_00005623,False,,,,,0,False,,,,,0
PanTS_00005641,True,2.7903724935834937,5.549879657450533,5.793433276963494,5.8440029530257025,29,True,2.306962523022311,2.487109422683716,2.6902956801865674,2.7903724935834937,34
PanTS_00005643,True,6.328125,7.254667011110025,7.42047181157402,7.461923011690018,8,True,1.285612822087165,2.109375,2.109375,2.109375,5
PanTS_00005661,True,3.7070970448739966,6.474447862932122,6.474447862932122,6.474447862932122,26,True,0.9765620231628418,0.9765620231628418,0.9765620231628418,0.9765620231628418,5
PanTS_00005665,False,,,,,0,True,2.109375,2.496875047683716,2.496875047683716,2.496875047683716,10
PanTS_00005676,True,5.349757472574118,7.313370906968528,8.298141361841653,8.363117783493484,70,True,1.1578119993209839,1.1578119993209839,1.1578119993209839,1.1578119993209839,5
PanTS_00005677,True,0.68359375,2.1997800619645282,2.4530810505398786,2.516406297683716,6,True,1.249901354806966,1.249901354806966,1.249901354806966,1.249901354806966,2
PanTS_00005695,True,4.033029422006546,6.554625067717541,6.759805905178432,6.832727689092607,46,True,0.78125,0.78125,0.78125,0.78125,2
PanTS_00005724,True,4.59766939358371,4.59766939358371,4.59766939358371,4.59766939358371,4,False,,,,,0
PanTS_00005731,True,7.1580002586863145,10.527279991158284,10.79450643029247,10.861313040076016,8,True,,,,,0
PanTS_00005732,True,4.547709228019903,6.883328259202984,7.22454172546448,7.309845092029853,19,True,1.7855733640099514,2.9296875,3.390757768554277,3.390757768554277,63
PanTS_00005739,True,7.525338537088327,11.781529394498385,12.231400744139329,12.314457774162292,60,True,5.043770127575246,6.630861878395081,6.790780626961179,6.856099552431838,30
PanTS_00005742,True,2.343000054359436,5.953546373935967,6.154290479313638,6.204476505658056,15,False,,,,,0
PanTS_00005757,True,10.846150783063475,12.804917106739838,13.094440513661674,13.297590523460805,58,True,3.665451972363182,5.452903082048387,5.928885987874933,6.168375232882448,93
PanTS_00005759,True,4.085937976837158,4.570310115814209,4.570310115814209,4.570310115814209,19,True,3.1737476157233617,4.577534553980653,4.687346014110605,4.714798879143093,20
PanTS_00005766,True,4.690340175763785,9.677214381481047,10.373024943861282,10.905541645257966,71,True,3.7836940777125587,6.2133361715031,6.987155943656502,7.3125,78
PanTS_00005774,True,2.9144918298127287,4.639327825097884,5.114054640161383,5.255856156349182,24,True,1.0677722177814553,2.0276719038628763,2.0276719038628763,2.0276719038628763,16
PanTS_00005780,True,2.51953125,4.911214585604142,5.216355658005919,5.216355658005919,27,True,5.216355658005919,7.55859375,7.55859375,7.55859375,40
PanTS_00005782,True,,,,,0,True,1.0,1.8284271247461903,2.671959594928932,3.0,29
PanTS_00005785,True,2.404137969017029,6.89253619385731,7.575919867473093,7.749131303490051,23,False,,,,,0
PanTS_00005793,True,3.0,6.211102550927978,6.211102550927978,6.211102550927978,83,True,1.0,3.0,3.0,3.0,32
PanTS_00005796,True,3.5749998688697815,4.671437921592127,4.7949767087055095,4.872450257466913,42,False,,,,,0
PanTS_00005803,True,6.065526873206115,8.789058208465576,8.950780248641967,9.023437976837158,32,False,,,,,0
PanTS_00005806,True,2.165733127814074,4.0350120397468725,4.192465751935489,4.242187976837158,25,True,2.631226372754677,4.153822134947783,4.576300255007011,4.706848190190619,27
PanTS_00005821,True,4.164062023162842,4.449515644590678,5.018917233350353,5.179099580643062,23,True,2.5078139305114746,3.447183363347054,3.892841319746183,3.892841319746183,50
PanTS_00005832,False,,,,,0,False,,,,,0
PanTS_00005855,True,9.413986096951954,11.846608945128718,12.526581874011491,12.731359350475723,80,True,6.988357159739129,10.56792240746066,11.150945344050458,11.330707451803029,163
PanTS_00005864,True,2.8250041627141353,4.995180564574908,5.390544428981288,5.473905289815159,23,True,0.703125,1.2078652624381034,1.2700633101573526,1.285612822087165,5
PanTS_00005869,False,,,,,0,False,,,,,0
PanTS_00005876,True,2.666015625,4.122163033999245,4.135164924798338,4.138415397498111,13,True,0.888671875,0.888671875,0.888671875,0.888671875,1
PanTS_00005881,True,4.731114752056916,5.701680956413435,5.946416221028715,6.051302763006692,31,False,,,,,0
PanTS_00005894,True,3.318279204568007,5.71484375,5.926795924130681,5.990106313806079,24,True,1.4927393323123193,2.44921875,2.44921875,2.44921875,18
PanTS_00005905,True,3.7109375,6.5956799718152705,6.711246784444747,6.72978160229325,38,True,2.2265625,3.456259013295126,3.456259013295126,3.456259013295126,40
PanTS_00005915,True,2.12109375,9.685191371538908,11.611219602231351,11.940728247733185,145,False,,,,,0
PanTS_00005921,True,2.6176641695021807,4.742964382787951,5.205770125879034,5.276640023892656,38,True,4.6825875516933015,5.989234350585782,6.155143921075328,6.155143921075328,58
PanTS_00005924,True,2.612271037659422,4.264328776255182,4.679316765876847,4.826171875,28,True,1.2606147949910256,2.310546875,2.310546875,2.310546875,9
PanTS_00005931,True,5.46875,7.946514057194313,8.842237667132832,9.100867688026186,52,True,2.34375,2.7126062148434213,3.3049653620898223,3.638167382415922,37
PanTS_00005934,True,1.5,2.7426406871192848,2.7426406871192848,2.7426406871192848,26,True,1.5,1.5,1.5,1.5,12
PanTS_00005938,True,3.390756112910835,6.835934162139893,6.835934162139893,6.835934162139893,16,True,0.9765620231628418,1.6642209218001895,1.7613021780784035,1.7855724921479572,4
PanTS_00005960,True,6.869763010032896,13.044211389733832,13.647158593517181,14.150490142870101,68,True,6.668567100511375,7.435444898681818,7.484409861437327,7.496651102126204,6
PanTS_00005985,False,,,,,0,False,,,,,0
PanTS_00005992,True,11.555330669210703,17.004623967466934,17.21590904909681,17.359515140564984,61,True,2.3964840173721313,3.7200255933799937,3.7200255933799937,3.7200255933799937,23
PanTS_00005994,True,3.6836461401169807,7.510088671178631,9.732009590336592,9.980712366314803,112,True,1.446315078744556,1.446315078744556,1.446315078744556,1.446315078744556,1
PanTS_00005995,True,,,,,0,False,,,,,0
PanTS_00006000,True,9.66641524642603,11.757812023162842,12.242056495706999,12.824151778863312,82,True,2.2265639305114746,4.354870357397192,4.540288339017308,4.609805636201349,52
PanTS_00006011,True,4.098076211353316,5.208203932499369,5.67559759846999,5.8484692283495345,28,True,1.5,1.5,1.5,1.5,3
PanTS_00006034,False,,,,,0,False,,,,,0
PanTS_00006039,True,3.6985750463202938,6.893999755382538,6.893999755382538,6.893999755382538,18,True,,,,,0
PanTS_00006054,False,,,,,0,False,,,,,0
PanTS_00006056,True,3.2578125,5.611907336621146,5.832269109302126,5.896139308202501,33,True,0.7421875,3.2578125,3.2578125,3.2578125,26
PanTS_00006064,True,15.0056289858025,17.014722170835576,17.409693397332315,17.727753048128907,66,True,2.4413455933590793,4.296875,4.897474229928831,5.033612422089319,111
PanTS_00006071,True,2.3735304379879936,3.919690828123948,4.132290939160911,4.161693304512354,37,True,1.249901354806966,2.05078125,2.05078125,2.05078125,17
PanTS_00006078,True,3.638167382415922,5.1758953367585265,5.564061099373781,5.661102540027595,13,True,2.34375,3.638167382415922,3.638167382415922,3.638167382415922,11
PanTS_00006079,True,9.413782578443369,13.950317154601912,14.379437532181838,14.379437532181838,99,True,4.097656011581421,6.305388846596087,6.538575161363262,6.685078955994494,124
PanTS_00006135,True,2.7426406871192848,5.8484692283495345,6.905448922205833,7.5,37,True,,,,,0
PanTS_00006142,True,6.474449385978978,8.471843393278268,8.723119490425203,8.7890625,24,True,1.3810679320049757,1.7451228208094538,1.7774832553698519,1.7855733640099514,2
PanTS_00006157,True,2.3496090173721313,4.263820208204989,4.51355702589085,4.864554187161142,87,True,2.166988139392668,3.6472622457316755,3.6472622457316755,3.6472622457316755,12
PanTS_00006166,False,,,,,0,False,,,,,0
PanTS_00006178,True,4.5,5.208203932499369,5.208203932499369,5.208203932499369,32,True,,,,,0
PanTS_00006183,True,2.4396911021232217,4.246093988418579,4.246093988418579,4.246093988418579,54,True,2.6176641695021807,3.5108304137507913,3.8682329481375315,4.014214264999721,30
PanTS_00006193,True,2.793749988079071,3.738633907308041,4.194807703199033,4.282329977857382,32,False,,,,,0
PanTS_00006195,True,4.5,5.208203932499369,5.67559759846999,5.8484692283495345,28,True,1.5,1.5,1.5,1.5,10
PanTS_00006201,True,14.735958406807873,20.218299264897627,20.669539249707306,20.874659390375353,83,True,3.302598480482726,5.7813379650122405,6.6363318016679,6.892393206299292,104
PanTS_00006209,True,1.5,2.618376618407356,2.717787873376899,2.7426406871192848,3,True,1.5,1.5,1.5,1.5,8
PanTS_00006218,True,4.277343988418579,5.234827773257972,5.585592444324872,5.735781473940332,47,True,3.3653037184541548,4.191439572982701,5.052784004313149,5.052784004313149,65
PanTS_00006222,True,6.678909443359218,8.735292109488784,8.929275866316594,8.962232943751959,25,False,,,,,0
PanTS_00006224,True,4.82842712474619,7.4255138434877574,7.977833954213127,8.38083151964686,46,True,1.8284271247461903,3.0,3.0,3.0,82
PanTS_00006238,True,4.296875,5.240140861844277,5.41076014095313,5.452411126122565,23,True,1.5412439110435825,1.7713118911043582,1.7917623782208716,1.796875,2
PanTS_00006256,True,4.511717081069946,7.066687351267583,7.666468059234138,8.002759921435148,69,True,2.089982482264067,2.910336530417713,2.9832568902535925,3.0014869802125625,2
PanTS_00006257,False,,,,,0,False,,,,,0
PanTS_00006263,True,11.887966470354446,15.417934253880862,16.212475371789257,16.38125669943915,56,True,3.390756112910835,4.7356518279347535,5.435993331193231,5.662223084195134,78
PanTS_00006268,True,4.736015399452148,7.388418687898165,7.8323027118863315,7.933955749750233,46,True,2.232421875,2.583757419638359,2.600541051902127,2.6047369599680685,21
PanTS_00006272,True,11.908712815154345,16.474297115348154,16.648201636163343,16.774464881485173,56,True,3.638167382415922,5.46875,5.661102540027595,5.661102540027595,81
PanTS_00006274,True,6.4666489613995815,8.651661148915872,9.08802286433749,9.253543464272203,60,True,1.7578120231628418,2.54193619682137,2.5769775597446922,2.5769775597446922,23
PanTS_00006275,False,,,,,0,False,,,,,0
PanTS_00006282,True,3.4016865025588867,3.8000611781243427,3.8715492509466616,3.8894212691522414,13,True,2.684056282043457,2.684056282043457,2.684056282043457,2.684056282043457,2
PanTS_00006287,True,2.631226372754677,3.985821654960339,4.0350120397468725,4.0350120397468725,25,False,,,,,0
PanTS_00006296,True,2.335937976837158,4.4972493241872735,4.743263896279946,4.811933703760674,43,True,1.9921860694885254,1.9921860694885254,1.9921860694885254,1.9921860694885254,5
PanTS_00006300,True,6.858139090741941,12.347525568476593,13.507448268915589,13.6383605345899,43,True,1.5784464178538,2.5898430347442627,2.5898430347442627,2.5898430347442627,13
PanTS_00006303,True,0.6210939884185791,0.6210939884185791,0.6210939884185791,0.6210939884185791,4,False,,,,,0
PanTS_00006304,True,5.150930220938282,6.5852972242626056,6.829039646054079,6.889975251501948,15,True,3.3024022705748584,4.1875,5.5210354565543085,5.979038853603062,76
PanTS_00006310,True,3.638167382415922,5.437933693395622,5.747019472143703,5.806724458868457,42,True,1.428458691207961,2.34375,2.34375,2.34375,10
PanTS_00006311,True,5.117948507888023,6.85601129314274,7.434549592366822,7.579184167172842,15,False,,,,,0
PanTS_00006315,True,3.2619085594383534,5.835038960743638,5.835038960743638,5.835038960743638,17,True,0.9394530057907104,0.9394530057907104,0.9394530057907104,0.9394530057907104,2
PanTS_00006319,True,3.4390039115530406,4.375,4.867295466643406,5.022757192951852,25,True,1.875,1.875,1.875,1.875,9
PanTS_00006321,True,1.5,2.7426406871192848,2.7426406871192848,2.7426406871192848,10,True,1.5,1.5,1.5,1.5,24
PanTS_00006331,True,3.6670142632943166,4.562659377428737,4.789213566354396,4.845852113585811,12,False,,,,,0
PanTS_00006333,True,4.876685987252046,9.510956476475128,11.331191765340686,11.737949835758288,105,True,3.92578125,8.05044327482542,8.373670522007394,8.451597885145365,98
PanTS_00006340,True,4.000000059604645,5.196253273107769,5.196253273107769,5.196253273107769,18,False,,,,,0
PanTS_00006350,True,4.5,5.208203932499369,5.208203932499369,5.208203932499369,12,True,3.696152422706632,4.5,4.5,4.5,5
PanTS_00006351,False,,,,,0,True,1.875,1.875,1.875,1.875,7
PanTS_00006353,True,0.8406240940093994,2.3999998569488525,2.3999998569488525,2.3999998569488525,11,True,0.7999999523162842,0.8406240940093994,0.8406240940093994,0.8406240940093994,5
PanTS_00006376,True,4.828161748572921,7.081990585955641,7.460668795262708,7.659268715979644,40,True,1.4213163977519212,3.0674165284630583,3.509464542095685,3.6199765455038424,13
PanTS_00006379,False,,,,,0,False,,,,,0
PanTS_00006384,True,5.359875894058648,6.765757829345496,6.947034866736064,6.947034866736064,36,True,2.9121090173721313,4.0292969942092896,4.0292969942092896,4.0292969942092896,53
PanTS_00006394,False,,,,,0,False,,,,,0
PanTS_00006400,True,3.6975424117717406,5.424741412248782,5.753491947707137,5.753491947707137,29,False,,,,,0
PanTS_00006413,True,1.0496123026733577,1.3262941959259371,1.3508881419928331,1.3570366285095572,2,True,3.4562612338562726,5.195315837860107,5.195315837860107,5.195315837860107,21
PanTS_00006422,True,3.2862598716921756,4.8822176586941275,5.1031853767098525,5.1031853767098525,54,False,,,,,0
PanTS_00006430,True,7.251421169446488,9.524346917327188,9.855034446393725,9.913217753026437,57,False,,,,,0
PanTS_00006432,True,6.8514209676473605,8.460626703197969,8.827441115537637,8.92324246820391,23,True,4.316406011581421,7.052941598990261,7.762804748484252,8.726661097192798,116
PanTS_00006434,True,3.1953912534397793,3.910467660784985,3.951818401812438,3.951818401812438,40,True,2.2265625,2.5244138934860625,2.566463501978213,2.5769759041012503,4
PanTS_00006442,True,2.5391223061525383,3.2230814141169564,3.475111838679666,3.538119444820344,8,True,2.440233826637268,2.440233826637268,2.440233826637268,2.440233826637268,2
PanTS_00006447,True,,,,,0,True,1.3671879768371582,1.3671879768371582,1.3671879768371582,1.3671879768371582,1
PanTS_00006457,True,2.4413455933590793,3.602984764980547,3.715659320685536,3.7438279596117834,7,True,2.109375,2.4413455933590793,3.0744294319786682,3.27435064417433,25
PanTS_00006459,True,2.5311870151673737,3.644999861717224,3.644999861717224,3.644999861717224,18,True,2.1869999170303345,2.414200043678284,2.4596400690078735,2.471000075340271,5
PanTS_00006466,True,1.3810672576553995,1.7855724921479572,1.7855724921479572,1.7855724921479572,4,True,1.7855724921479572,1.7855724921479572,1.7855724921479572,1.7855724921479572,1
PanTS_00006467,True,5.113282918930054,7.2330802139767245,8.03515887260437,8.03515887260437,59,True,2.1914069652557373,2.53628763870032,2.53628763870032,2.53628763870032,33
PanTS_00006475,False,,,,,0,False,,,,,0
PanTS_00006483,True,9.753935049896418,12.332576034134014,12.683625547102077,12.767799356529329,27,True,2.1652803328519665,2.1652803328519665,2.1652803328519665,2.1652803328519665,2
PanTS_00006513,True,5.208984375,7.279233165216873,7.657381647382293,7.933955749750233,45,True,2.232421875,2.5524053222228575,2.8479135030935354,2.920550652338805,24
PanTS_00006514,True,0.703125,0.703125,0.703125,0.703125,4,False,,,,,0
PanTS_00006519,True,5.3619268932010495,6.127986880281608,6.230010639335603,6.255516579099102,13,False,,,,,0
PanTS_00006523,True,4.412405993256961,5.46875,5.599757634693681,5.6703002072210476,36,True,1.1048543456039805,1.396098256647563,1.4219866042958815,1.428458691207961,2
PanTS_00006525,True,4.274739444255829,4.723497751402386,4.825807263373848,4.851384641366714,7,False,,,,,0
PanTS_00006536,True,4.15234375,5.313494682753218,5.761327797416844,5.93359375,35,True,1.5498776799606375,1.5498776799606375,1.5498776799606375,1.5498776799606375,1
PanTS_00006559,True,4.011078983973268,6.120100922007729,7.195417940543325,7.751952052116394,88,False,,,,,0
PanTS_00006574,True,2.7426406871192848,4.5,5.045317028024514,5.208203932499369,24,True,1.5,1.5,1.5,1.5,12
PanTS_00006576,True,5.923148547062793,7.727376315029553,8.318647128153406,8.388000620233123,32,True,2.381250023841858,2.418750047683716,2.418750047683716,2.418750047683716,4
PanTS_00006580,False,,,,,0,False,,,,,0
PanTS_00006601,True,4.076612667132831,8.35712284093983,8.957765543459802,9.234375,355,True,3.6196324546576726,3.966364163849578,3.9971847602221917,4.004889909315345,2
PanTS_00006605,True,5.287109375,6.4068956875280945,6.611106716574338,6.65566890557747,33,True,2.138671875,2.287109375,2.287109375,2.287109375,53
PanTS_00006612,True,4.12109375,5.11930718064767,5.11930718064767,5.11930718064767,37,False,,,,,0
PanTS_00006616,True,10.73776970727966,14.354876473733784,16.24313286467901,17.01763421312149,92,True,3.1561085388249523,4.911003862026853,5.384103316660305,5.384103316660305,57
PanTS_00006641,True,4.065652049849793,6.135242170754225,6.1548082081895,6.1548082081895,30,True,1.5963025874248964,2.363431115606224,2.567998723121245,2.619140625,6
PanTS_00006642,True,2.34375,4.92036973430066,5.03656739544166,5.0752234873269675,31,True,2.34375,2.34375,2.34375,2.34375,2
PanTS_00006650,True,,,,,0,True,,,,,0
PanTS_00006654,True,5.250670014428509,6.872503673322887,6.999893410972133,7.0503807462517445,47,True,3.6230450868606567,5.354609434575959,5.423902381340928,5.423902381340928,49
PanTS_00006656,True,3.75,5.25,5.43465843842649,5.43465843842649,41,True,2.25,2.781809710423604,3.350474491780149,3.4926406871192848,17
PanTS_00006661,True,3.307084126045368,7.972954474089074,8.328125,8.328125,60,False,,,,,0
PanTS_00006665,True,4.812872200809456,7.323625667030475,7.90963673135821,8.296875,44,False,,,,,0
PanTS_00006707,True,3.2347841529333614,4.338516268951847,4.338516268951847,4.338516268951847,5,False,,,,,0
PanTS_00006710,True,3.6199776557844157,4.4094006695815935,4.673280032864084,4.738138497567589,30,True,0.7773439884185791,1.5335936069488523,1.6848435306549072,1.722656011581421,5
PanTS_00006717,True,4.751300717795655,5.910779825340392,6.071472484813245,6.125193454845715,31,False,,,,,0
PanTS_00006734,True,4.277343988418579,6.947448633533419,7.606754954709809,7.704888868522646,40,True,2.1679680347442627,2.1679680347442627,2.1679680347442627,2.1679680347442627,5
PanTS_00006739,True,5.335589143976008,7.259817599595331,7.732491221033687,7.850659626393275,19,True,1.3463223164635032,2.5566313574899246,3.219610821822105,3.4289727579270064,25
PanTS_00006741,True,2.390625,3.0500800564174737,3.5787605953348867,3.7109307300642405,15,True,0.796875,0.796875,0.796875,0.796875,1
PanTS_00006746,True,4.455834604868796,7.310700585646375,7.481299151548521,7.592596873825135,60,True,1.875,1.879812023322367,1.8823784357609628,1.8830200388706118,9
PanTS_00006754,True,5.332032918930054,9.238281011581421,9.238281011581421,9.238281011581421,36,True,1.5234379768371582,2.2851569652557373,2.2851569652557373,2.2851569652557373,4
PanTS_00006755,True,0.7382810115814209,0.7382810115814209,0.7382810115814209,0.7382810115814209,4,False,,,,,0
PanTS_00006771,True,5.043715112128636,9.3359375,9.3359375,9.3359375,18,True,1.9921875,2.3057152826169083,2.3057152826169083,2.3057152826169083,19
PanTS_00006772,True,4.6777406999245885,6.2957064419923885,6.838969334293696,7.038000047206879,49,True,2.346000015735626,3.598564778451719,3.6416600475292142,3.6416600475292142,22
PanTS_00006783,True,4.953125953674316,5.392781672107618,5.930112353154166,6.065532796575094,32,True,1.7855742358719455,2.9296889305114746,2.9296889305114746,2.9296889305114746,30
PanTS_00006786,True,3.0245567573721357,6.641080313210102,9.28752029629675,9.28752029629675,71,True,2.6132819652557373,3.0761568065872424,4.056557741674326,4.056557741674326,40
PanTS_00006791,True,5.6332495807108,7.246211251235321,7.39240310834759,7.717797887081348,70,True,1.8284271247461903,2.7071067811865475,3.0,3.0,26
PanTS_00006795,True,2.2265639305114746,5.896143096326543,6.679691791534424,6.679691791534424,100,True,2.2265639305114746,2.2265639305114746,2.2265639305114746,2.2265639305114746,2
PanTS_00006797,False,,,,,0,False,,,,,0
PanTS_00006798,True,4.862430562762217,5.636557504609819,5.973311246506921,6.057499681981198,20,True,2.583984375,3.6029070642140795,4.011079539113554,4.011079539113554,29
PanTS_00006799,True,3.2193965549129584,4.5,4.5,4.5,10,False,,,,,0
PanTS_00006802,True,2.9296860694885254,4.547707007458756,4.547707007458756,4.547707007458756,33,True,2.9296860694885254,4.3545767419392165,4.482045438311979,4.547707007458756,43
PanTS_00006806,True,2.4277825622848623,3.25615980726225,3.25615980726225,3.25615980726225,24,True,2.500781297683716,3.7908421681780817,4.038793490856076,4.100781321525574,21
PanTS_00006816,True,5.651022048504609,6.085686958161054,6.085686958161054,6.085686958161054,6,True,2.5195319652557373,4.160156011581421,4.160156011581421,4.160156011581421,20
PanTS_00006837,True,11.063279204341445,16.828961247349472,17.49379104439048,17.505146804452966,94,True,1.7578120231628418,2.0156255722045886,2.2265639305114746,2.2265639305114746,50
PanTS_00006843,True,3.638167382415922,5.123681643003885,5.46875,5.46875,40,False,,,,,0
PanTS_00006859,True,4.5061165989118965,5.618646862424473,6.002948519918726,6.159916802557222,30,True,1.4177459049203969,3.096998854634639,3.5081060049018578,3.6108827924686624,9
PanTS_00006874,True,3.390756112910835,7.666594235517944,7.9827499141108005,8.298948563611871,54,True,0.9765620231628418,0.9765620231628418,0.9765620231628418,0.9765620231628418,3
PanTS_00006879,True,1.9335930347442627,4.0032482101855535,4.0032482101855535,4.0032482101855535,14,True,3.431841026837888,5.120329610429624,5.800779104232788,5.800779104232788,64
PanTS_00006887,True,4.367181481121235,7.152319469442833,7.340683550202224,7.386280204494334,52,True,1.285612822087165,2.109375,2.109375,2.109375,8
PanTS_00006903,True,3.4721359549995796,5.540641302598587,5.851515281388684,5.928203230275509,27,True,3.0,3.0,3.0,3.0,7
PanTS_00006917,True,3.382462132087693,4.641362825454549,4.870730509197908,4.9280724301337475,14,False,,,,,0
PanTS_00006921,True,4.6875,5.5326532544552744,5.766456543872766,5.82290864149498,25,True,3.2551274578121054,7.447754915624211,8.05090601176843,8.4375,41
PanTS_00006927,True,5.44140625,7.661333307429892,8.572774973362533,9.042347210840175,53,False,,,,,0
PanTS_00006944,True,6.531527478814365,6.983679885833169,7.023871210901507,7.033919042168591,2,True,,,,,0
PanTS_00006945,True,4.121093988418579,4.757818371912098,5.3732358299496035,5.4589753705592985,39,True,2.6367180347442627,4.092937194937339,4.092937194937339,4.092937194937339,18
PanTS_00006946,False,,,,,0,True,0.7820000052452087,0.7820000052452087,0.7820000052452087,0.7820000052452087,2
PanTS_00006959,True,6.5378707032331205,8.378903150558472,8.645612028031058,8.655049263019423,104,False,,,,,0
PanTS_00006960,True,7.090480261988947,11.49347835375423,12.366702563564752,12.974038868540598,128,True,3.9518209407582656,7.170477628220836,7.843361686147536,7.913136802902898,128
PanTS_00006971,True,1.6891524023534137,6.080466507694372,6.571478268772567,7.339141823104692,89,False,,,,,0
PanTS_00006975,True,8.042720470635727,10.574381064357445,10.868708761975391,10.930911176384681,28,True,3.8686196859863484,4.679281018215613,5.176260522823423,5.2364780966124425,41
PanTS_00006982,True,3.710939884185791,5.169472971220563,5.235573473600224,5.2592168469714045,38,True,4.4734972103502875,6.757812023162842,6.778799374013956,7.020153908801775,93
PanTS_00006987,True,3.1796875,5.690851691989844,5.7421875,5.7421875,24,True,4.232726498958943,5.1796875,5.563400760181673,5.7421875,42
PanTS_00006998,True,6.658203959465027,7.907831602622844,8.430004678831454,8.560547947883606,14,True,2.8535159826278687,4.0488280057907104,4.345728248994661,4.429469343231672,23
PanTS_00006999,True,2.53125,4.49259355153414,4.958994423530842,5.188714256006827,34,True,,,,,0
PanTS_00007001,True,8.743827959611783,12.377380330190718,12.737369175709588,12.832129892317322,22,True,1.25,2.03125,2.09375,2.109375,6
PanTS_00007002,True,2.802457353213883,3.635257451274017,3.877008813555773,4.076036049046486,52,True,1.1999053006146871,1.1999053006146871,1.1999053006146871,1.1999053006146871,2
PanTS_00007014,True,6.6026032302146245,10.114977957189232,10.576633358168072,10.692047208412781,21,True,1.2356163319638893,1.5918933482150568,1.940253097438422,2.0273430347442627,12
PanTS_00007040,True,3.390757768554277,5.333326347327265,5.333326347327265,5.333326347327265,18,True,1.7855733640099514,2.9296875,2.9296875,2.9296875,24
PanTS_00007042,True,4.074942210236647,5.236328959465027,5.236328959465027,5.236328959465027,46,True,1.0578982045032055,1.3367642937677298,1.361552390591243,1.3677494147971214,2
PanTS_00007044,True,,,,,0,False,,,,,0
PanTS_00007048,True,6.5045235144533935,9.852497246879212,10.22486645929349,10.266929700190712,106,True,1.1718759536743164,3.125,3.125,3.125,9
PanTS_00007053,True,6.4821535234397425,17.197524677147243,17.70112884139813,18.67729691235043,130,True,4.183894710339457,7.285321642531484,8.051667552133642,8.085941791534424,75
PanTS_00007054,True,6.159263038653464,7.716796875,7.770697728154887,7.802353784769661,38,True,2.572265625,2.572265625,2.572265625,2.572265625,1
PanTS_00007060,True,3.9110310463776896,4.444012152085522,4.955760662126752,5.216357138848164,36,True,0.8398439884185791,0.8398439884185791,0.8398439884185791,0.8398439884185791,2
PanTS_00007065,True,3.665451972363182,5.2184895540696505,6.507844560830231,7.083981156349182,59,True,2.732949519722166,4.19100550613382,4.2696794399886295,4.6861281273008615,89
PanTS_00007067,True,6.803999841213226,7.669622974582166,7.79716344326798,7.79716344326798,51,True,2.2679999470710754,2.3393869018010336,2.6249347207208746,2.6249347207208746,37
PanTS_00007071,True,3.6773227861457185,6.288181957055411,7.0265578175284125,7.379392388803165,35,True,1.5391644577420767,2.0050781965255724,2.421328425407409,2.5253909826278687,13
PanTS_00007093,True,7.0,9.0,9.27815970937725,9.770329614269007,87,True,3.0,3.0,3.0,3.0,30
PanTS_00007094,True,3.0,5.368882681866321,6.042658577115645,6.211102550927978,20,True,1.0,1.7455844122715711,1.8118585822512665,1.8284271247461903,3
PanTS_00007095,True,13.264037601691447,16.984314833164998,17.400003239013184,17.614281410439045,56,True,2.149609327316284,2.149609327316284,2.370906470345093,2.4370082143666854,24
PanTS_00007099,True,1.8994412097550608,2.7126062148434213,2.7126062148434213,2.7126062148434213,18,True,,,,,0
PanTS_00007100,True,5.661102540027595,7.211796003344298,7.548815209586989,7.633070011147662,15,True,2.34375,2.34375,2.34375,2.34375,3
PanTS_00007102,True,5.216357138848164,7.558595895767212,7.558595895767212,7.558595895767212,17,True,0.8398439884185791,0.8398439884185791,0.8398439884185791,0.8398439884185791,3
PanTS_00007105,True,6.010355189780071,7.437161269199161,7.894603876763762,8.321169541143584,66,True,1.7421879768371582,5.254212977976907,5.304684162139893,5.304684162139893,80
PanTS_00007110,True,1.5,3.696152422706632,3.696152422706632,3.696152422706632,15,True,1.5,1.5,1.5,1.5,16
PanTS_00007114,True,7.644728857941995,10.55775491572926,11.083106881873896,11.083106881873896,55,True,2.278589220468474,3.4942394289709977,4.076036049046486,4.076036049046486,104
PanTS_00007115,True,4.355468988418579,6.5378707032331205,6.5378707032331205,6.5378707032331205,53,True,7.510505713013284,13.181823893311911,13.55752788413754,13.712460945375092,154
PanTS_00007118,True,4.59375,4.884404423441988,4.906653606163647,4.912215901844061,6,True,,,,,0
PanTS_00007122,False,,,,,0,True,1.3570366285095572,1.3570366285095572,1.3570366285095572,1.3570366285095572,2
PanTS_00007130,True,2.7426407758850315,5.208203984207184,5.208204206070414,5.208204261535431,24,True,6.416875364960116,8.287809925462144,8.684362470807521,8.892304930189475,48
PanTS_00007132,True,2.05078125,2.05078125,2.05078125,2.05078125,3,True,2.3735304379879936,2.3735304379879936,2.3735304379879936,2.3735304379879936,7
PanTS_00007135,True,1.5,4.098076211353316,4.419615242270663,4.5,11,False,,,,,0
PanTS_00007136,True,2.901562511920929,4.459494814463658,4.557724700293248,4.582282171750646,14,False,,,,,0
PanTS_00007147,True,6.093625032156125,7.252672334766171,7.311013721151988,7.391580397589545,59,True,1.6187500953674316,2.805162331600673,3.638167382415922,3.638167382415922,39
PanTS_00007151,True,3.008678991701614,5.181640625,5.237109375,5.259765625,30,True,1.353464609919543,2.220703125,2.220703125,2.220703125,9
PanTS_00007152,True,5.0,6.483314773547883,6.803659613948194,7.0,39,True,3.0,3.0,3.0,3.0,12
PanTS_00007157,True,3.7109375,5.896139308202501,6.306968791621192,6.580855113900318,41,True,2.2265625,3.456259013295126,3.456259013295126,3.456259013295126,42
PanTS_00007166,True,5.507300179193961,5.804829327363824,5.8312763627567,5.837888121604919,2,True,3.883742015308137,4.578580624714056,5.036873289899426,5.176712236783002,30
PanTS_00007167,True,12.124019880778372,14.802252785290625,15.769656814261797,16.059230750996807,104,True,3.4562612338562726,6.606428380938446,6.757812023162842,6.757812023162842,76
PanTS_00007169,True,6.591797947883606,9.094050209398283,9.482073659179974,9.625589181701969,28,True,0.7324219942092896,1.8310549855232239,2.12402378320694,2.1972659826278687,6
PanTS_00007178,True,3.5253900289535522,5.270552242719014,5.530134086802571,5.601331395761365,23,False,,,,,0
PanTS_00007182,True,4.120224560586031,6.193359375,6.193359375,6.193359375,25,True,0.884765625,0.884765625,0.884765625,0.884765625,2
PanTS_00007184,True,4.656854249492381,7.4852813742385695,7.997282985178163,8.16515138991168,77,False,,,,,0
PanTS_00007190,True,3.710939884185791,5.356737027994395,5.917912811466877,5.9533588825776,43,True,1.5574243258361995,2.0156255722045895,2.1843762588500977,2.2265639305114746,10
PanTS_00007194,True,4.547709228019903,5.0234375,5.1876785890834505,5.333326347327265,48,True,2.9296875,2.9296875,2.9296875,2.9296875,2
PanTS_00007201,True,6.214859750459984,6.917633671682488,7.629636365906211,7.766845179276842,44,True,,,,,0
PanTS_00007211,True,5.123797016452883,7.709396052402932,8.776777878000715,9.191870810177633,29,True,2.3671860694885254,3.7828521477330437,4.322685811407731,4.454074014133096,53
PanTS_00007217,True,4.355050421451454,6.051460479475378,6.310546875,6.310546875,28,False,,,,,0
PanTS_00007227,True,2.404137969017029,6.89253619385731,7.575919867473093,7.749131303490051,23,False,,,,,0
PanTS_00007228,True,9.352999985218048,9.352999985218048,9.352999985218048,9.352999985218048,20,True,1.9410000443458557,2.2006512187301017,2.2373078551137597,2.2464720142096746,4
PanTS_00007242,True,1.3570366285095572,2.1396112003112826,2.2091733844714363,2.2265639305114746,3,True,4.144219269266291,7.281057974936619,7.802851192932989,7.913136802902898,33
PanTS_00007248,True,3.9206192007458833,5.154296040534973,5.154296040534973,5.154296040534973,20,False,,,,,0
PanTS_00007260,True,2.9105339059327378,6.062556430934496,8.213834764831844,8.475137361600648,112,True,,,,,0
PanTS_00007262,True,2.7426406871192848,7.5,7.723943171032364,7.986832980505138,55,True,4.5,6.9852813742385695,7.5,7.5,75
PanTS_00007273,False,,,,,0,False,,,,,0
PanTS_00007278,True,4.197265982627869,4.93225705421829,5.098049076712721,5.139497082336329,7,True,2.408202052116394,3.7382153200115003,3.8897154417785353,4.013670086860657,46
PanTS_00007284,True,5.208203932499369,6.7579189450607595,6.9852813742385695,6.9852813742385695,25,True,1.5,2.7426406871192848,2.7426406871192848,2.7426406871192848,17
PanTS_00007291,True,2.196684533990343,7.166603699104084,7.5482870261355215,8.144587185151883,146,True,1.93359375,2.1110939025878905,2.1465939331054686,2.1554689407348633,5
PanTS_00007298,True,4.656854249492381,5.928203230275509,6.10925879549309,6.211102550927978,37,False,,,,,0
PanTS_00007299,True,5.886565423053481,9.366997331902583,10.34420772122647,10.459884091536939,54,True,5.112804573392727,6.878165172645082,7.192539833794427,7.613988500833845,111
PanTS_00007308,True,12.527339058691231,17.065005904984794,17.403381057231684,17.553252157785717,99,True,3.710939884185791,7.503067502257147,8.171556162692857,8.20679516630058,113
PanTS_00007309,True,2.387093469062211,4.433151133312375,4.498117128172885,4.498117128172885,28,True,4.270133003762985,8.247158639254216,9.035218241315029,9.035218241315029,79
PanTS_00007315,True,4.43019514940103,5.824217081069946,6.354325022489622,6.609880593554466,45,True,2.8889247909865228,5.16782993848455,5.16782993848455,5.16782993848455,60
PanTS_00007319,True,3.5449200868606567,4.993444670356063,5.03927949348278,5.03927949348278,33,True,1.2963256083747292,2.126952052116394,2.126952052116394,2.126952052116394,24
PanTS_00007322,True,5.0,6.211102550927978,6.211102550927978,6.211102550927978,18,True,1.0,1.0,1.0,1.0,3
PanTS_00007329,True,0.716796875,0.716796875,0.716796875,0.716796875,4,True,1.3106108491833042,1.3106108491833042,1.3106108491833042,1.3106108491833042,2
PanTS_00007334,True,13.018618820185932,19.79687188228131,20.064857619187805,20.263588219840194,45,True,5.742184162139893,7.382808208465576,8.014718852848837,8.014718852848837,51
PanTS_00007347,True,2.53125,3.929220773009196,4.111624186013404,4.21875,38,True,1.542735386504598,2.15625,2.445,2.53125,24
PanTS_00007361,False,,,,,0,False,,,,,0
PanTS_00007364,True,2.56640625,3.9837932837454346,3.9837932837454346,3.9837932837454346,24,True,1.5641622668727173,2.56640625,2.56640625,2.56640625,14
PanTS_00007395,True,2.607422947883606,4.479944224630859,5.135207601720892,5.398323774316005,36,True,1.6100099826187417,2.607422947883606,2.607422947883606,2.607422947883606,6
PanTS_00007401,True,5.337557689530684,6.046875,6.7374523100756125,6.791119644410513,45,True,1.2284744744388465,2.015625,2.015625,2.015625,9
PanTS_00007405,True,2.7426406871192848,4.5,4.5,4.5,25,True,,,,,0
PanTS_00007414,True,4.011987001018846,4.573300783056836,4.6044279721711066,4.605143363010177,39,True,2.9293477535247803,2.9293477535247803,2.9293477535247803,2.9293477535247803,1
PanTS_00007422,True,8.036599354259788,9.869435900837953,10.24977616395506,10.341719542423066,26,True,4.140624046325684,5.975535515259636,6.332289190095984,6.516781763047144,50
PanTS_00007426,True,8.472654104232788,11.010921937233768,11.41998366838454,11.577367803495871,35,True,4.383990585530613,4.383990585530613,4.383990585530613,4.383990585530613,1
PanTS_00007435,True,7.266942997162696,13.88476153375952,15.111935413972406,15.131585274451592,82,True,4.105468988418579,4.752218257046507,5.345681895730125,5.5088832818730955,65
PanTS_00007437,True,3.390757768554277,5.0234375,6.277802844434063,6.4445887805039215,45,True,1.7855733640099514,2.815276086400995,2.906805217280199,2.9296875,3
PanTS_00007451,True,3.186095704950981,5.45959959197654,5.5356733516228465,5.554691791534424,18,False,,,,,0
PanTS_00007463,True,12.347525568476593,14.675777196884155,14.715940064869546,14.771403073039847,59,True,2.5898430347442627,4.020173847289021,4.091266383378051,4.136718988418579,40
PanTS_00007468,True,4.5,4.5,4.5,4.5,4,True,1.5,2.618376618407356,2.717787873376899,2.7426406871192848,3
PanTS_00007472,True,4.852423867912483,5.46875,5.5977421326214705,5.6703002072210476,37,True,1.1048543456039805,1.396098256647563,1.4219866042958815,1.428458691207961,2
PanTS_00007485,True,7.483153049517915,9.453666994458256,9.785465263965277,9.785465263965277,67,True,3.137294437741465,4.476425017292698,4.755737351816497,4.825565435447445,12
PanTS_00007494,True,5.378471248519896,6.467282378665004,7.115329111356986,7.1875,73,True,2.4375,2.949346801234152,3.1875,3.1875,34
PanTS_00007501,True,4.273739093054786,5.5309196527471824,6.05150037834772,6.3011222764078205,48,True,1.1739077422042292,1.5177373594084584,1.5177373594084584,1.5177373594084584,4
PanTS_00007508,False,,,,,0,False,,,,,0
PanTS_00007514,True,4.576821969325586,6.293995597360498,6.459857618578846,6.6636898685566255,58,True,2.1700849718747373,2.534508540102818,2.5669017461675363,2.575000047683716,3
PanTS_00007516,True,12.57983971705817,14.548789101372755,14.726103472948243,14.782495794440708,32,True,1.3570366285095572,1.3570366285095572,1.3570366285095572,1.3570366285095572,5
PanTS_00007525,True,6.8637451284132425,9.217214676905693,9.974610274891575,10.088148284682395,48,True,1.4748842525687151,2.419922947883606,2.419922947883606,2.419922947883606,41
PanTS_00007532,True,3.183396459613932,3.41796875,3.502950039415508,3.5255400024246937,22,True,0.68359375,0.68359375,0.68359375,0.68359375,3
PanTS_00007533,True,4.6875,8.4375,8.4375,8.4375,19,False,,,,,0
PanTS_00007536,True,6.903292516359233,8.508292604542131,9.1079081394387,9.257812023162842,21,True,1.7578120231628418,1.7578120231628418,2.2265639305114746,2.2265639305114746,50
PanTS_00007539,True,1.76171875,2.642578125,2.642578125,2.642578125,4,True,1.6105871743369762,1.6105871743369762,1.6105871743369762,1.6105871743369762,6
PanTS_00007555,True,4.207403654109669,5.389429981635457,5.956637262226409,6.065529834890604,28,False,,,,,0
PanTS_00007558,True,2.742640746444775,7.986833295475573,8.449874646902506,8.449874646902506,76,True,1.4999999680370644,4.499999868049221,4.499999868049221,4.499999868049221,19
PanTS_00007564,True,4.59766939358371,5.9782951517244305,6.507355991878284,6.662106156349182,29,True,4.259765982627869,5.256342339975259,5.576747916235147,5.781597383024257,40
PanTS_00007569,True,5.208203932499369,5.9621504429384355,6.780655187978543,6.9852813742385695,19,True,,,,,0
PanTS_00007575,True,4.809230971874481,7.660047035047617,8.063227675485662,8.502350898987324,60,True,1.7855724921479572,3.390756112910835,3.390756112910835,3.390756112910835,33
PanTS_00007577,True,11.628050868288994,13.76310625408758,13.98563727288206,13.991995201907335,60,True,3.4562612338562726,5.170993139846418,5.348813263420374,5.868963475171117,117
PanTS_00007578,True,4.174795405901411,6.275388121604919,6.275388121604919,6.275388121604919,18,True,0.8964840173721313,0.8964840173721313,0.8964840173721313,0.8964840173721313,2
PanTS_00007583,True,15.263062026135202,19.92793084858568,20.488840244061368,20.563062356775326,87,True,4.232606133519779,7.294680129515408,8.168790375791772,8.59603630022304,115
PanTS_00007588,True,6.6070780141348076,9.632550906795341,9.908451949396799,10.04044018210394,64,True,3.4835458238035324,4.2519530057907104,4.2519530057907104,4.2519530057907104,64
PanTS_00007594,True,5.895933577061093,9.32617199420929,9.743758045100412,9.851701921896737,65,True,3.1379188121934463,4.185214845653395,4.3261719942092896,4.3261719942092896,76
PanTS_00007602,True,2.5656781312635686,3.008818621167914,3.0878085961877795,3.1075560899427455,6,True,1.428458691207961,2.34375,2.34375,2.34375,6
PanTS_00007608,True,3.004211382939089,5.374059433713075,5.906472762916877,6.056640625,23,True,0.865234375,0.865234375,0.865234375,0.865234375,2
PanTS_00007615,True,4.656854249492381,5.432598311467673,5.830868525919155,5.928203230275509,34,True,1.8284271247461903,3.0,3.0,3.0,33
PanTS_00007617,True,1.5625,2.418750047683716,2.418750047683716,2.418750047683716,6,True,1.428458691207961,2.34375,2.34375,2.34375,9
PanTS_00007622,True,6.269987368069119,8.789058208465576,9.308127714628405,9.54133285507837,32,True,4.149052139827607,5.246481603132779,5.344030888759905,5.368418210166687,2
PanTS_00007627,True,4.978507970042758,6.34938207661403,6.822147082121767,6.9622421003548896,24,True,1.285612822087165,2.0269987822087163,2.092899756441743,2.109375,3
PanTS_00007630,True,7.459027241625806,11.103799052636711,11.85325038565226,12.51523876084066,81,True,1.9101569652557373,2.210774892919109,2.210774892919109,2.210774892919109,11
PanTS_00007636,True,3.0855895693843918,4.3366289828743385,4.4220132965748675,4.443359375,8,False,,,,,0
PanTS_00007641,True,8.18307798128945,13.15665666238099,14.374604683681442,14.564309613916018,96,True,2.1679680347442627,3.6132800579071045,3.805826376502437,4.488490596976802,79
PanTS_00007643,True,1.482026110093758,2.3366794953744576,2.4126486851771864,2.4316409826278687,3,True,1.482026110093758,2.194237264494341,2.3841602390011634,2.4316409826278687,6
PanTS_00007651,True,3.431841026837888,4.59106247448066,4.654538789209232,4.670407867891375,11,True,1.9335930347442627,4.614866092503875,4.659299512813875,4.670407867891375,8
PanTS_00007660,True,3.2760680567185982,4.310611065118618,4.549966721984802,4.609805636201349,18,True,1.7578120231628418,1.7578120231628418,1.7578120231628418,1.7578120231628418,18
PanTS_00007661,True,2.73046875,4.08984375,4.08984375,4.08984375,18,False,,,,,0
PanTS_00007666,True,4.5,5.400283521254418,5.758832086930511,5.8484692283495345,15,True,1.5,1.5,1.5,1.5,2
PanTS_00007668,True,8.587850980527302,11.577830799897944,11.577830799897944,11.577830799897944,20,True,3.391147873204539,4.280741891988253,4.3405243320719675,4.3554699420928955,6
PanTS_00007679,True,4.412181960960913,5.336071189798932,5.399212951146287,5.414998391483127,4,False,,,,,0
PanTS_00007690,True,3.1379188121934463,4.692974095163283,5.17279002405289,5.353072898573892,53,True,4.3261719942092896,6.678642844802625,8.15986024076452,8.640140464670871,140
PanTS_00007691,True,3.390756112910835,8.789058208465576,9.838493037559482,10.071976038080354,45,True,0.9765620231628418,0.9765620231628418,0.9765620231628418,0.9765620231628418,2
PanTS_00007702,True,6.869763010032896,9.91215065045704,10.105009693705261,10.280038606743732,65,True,,,,,0
PanTS_00007713,True,4.677438717674971,5.543638927623984,5.800779104232788,5.800779104232788,43,True,4.981011059920908,6.297280429768717,6.5378707032331205,6.65263112808161,101
PanTS_00007716,True,4.656854249492381,5.324555320336759,5.706987993101977,5.928203230275509,76,True,1.0,1.8284271247461903,1.8284271247461903,1.8284271247461903,9
PanTS_00007724,True,4.3470002419936815,5.401799010375075,5.401799010375075,5.401799010375075,15,True,2.44921875,2.4877642244511367,2.7652916404993277,2.8346734945113754,19
PanTS_00007728,True,3.1470147857897723,5.353081141779396,5.9063990241241955,6.049360916166558,22,True,2.3464043758395596,3.324218511581421,3.324218511581421,3.324218511581421,35
PanTS_00007735,False,,,,,0,True,1.5,1.5,1.5,1.5,2
PanTS_00007742,True,2.22849106656587,4.464404101158716,4.985411592327303,5.291400118886628,38,True,1.3963185886212806,2.2910159826278687,2.2910159826278687,2.2910159826278687,11
PanTS_00007757,True,5.208203932499369,5.8484692283495345,5.8484692283495345,5.8484692283495345,23,True,2.7426406871192848,4.535410196624969,5.073645185324488,5.208203932499369,20
PanTS_00007760,False,,,,,0,False,,,,,0
PanTS_00007765,True,11.15021704152749,14.77856418475168,15.573934813144934,15.649083275920152,48,True,2.7465150342615456,4.134789825082642,4.211808358772627,4.211808358772627,27
PanTS_00007768,True,4.302132929706827,4.702978443781644,5.368017916569912,5.562246812188154,24,True,1.6891524023534137,1.6891524023534137,1.6891524023534137,1.6891524023534137,2
PanTS_00007779,True,6.211102550927978,7.246211251235321,7.944271909999159,7.944271909999159,63,True,1.8284271247461903,3.0,3.0,3.0,56
PanTS_00007786,True,3.153404310844617,4.549617561327832,5.054134745696749,5.272195298172918,40,True,3.153404310844617,4.0917969942092896,4.293117852170626,4.41150852763938,66
PanTS_00007792,True,4.5,5.208203932499369,5.208203932499369,5.208203932499369,10,True,1.5,1.5,1.5,1.5,10
PanTS_00007802,True,6.644529104232788,10.794037051282238,10.93255006969435,11.02489208196909,41,True,4.585539074335052,8.178326258348584,8.664875948971819,9.218023718607853,199
PanTS_00007831,False,,,,,0,False,,,,,0
PanTS_00007846,True,4.238282918930054,5.449220895767212,5.449220895767212,5.449220895767212,26,True,2.819580831652913,4.238282918930054,4.387356196152776,4.387356196152776,76
PanTS_00007851,True,5.761124285232199,8.056641936302185,8.107261110470589,8.135734395940315,37,True,2.1972659826278687,3.6621099710464478,3.742931865730225,3.8998214259987316,67
PanTS_00007858,True,3.0652433671296246,4.4194891782824195,4.703780334464184,4.706003284746962,42,True,1.614157449203002,2.6484360694885254,2.6484360694885254,2.6484360694885254,20
PanTS_00007862,True,2.2265625,3.951818401812438,4.132152228889395,4.217015206337375,33,False,,,,,0
PanTS_00007863,False,,,,,0,False,,,,,0
PanTS_00007868,True,4.01196833457469,5.128026112046685,5.505605289166539,5.600000083446503,20,True,0.996874988079071,0.996874988079071,0.996874988079071,0.996874988079071,2
PanTS_00007869,True,5.167967081069946,6.5721145499442315,6.5721145499442315,6.5721145499442315,9,True,2.3891275399747878,2.54598359468226,2.559926355100702,2.5634120452053124,2
PanTS_00007890,True,10.879703349613008,14.489642495733666,15.003441322207243,15.195218719101975,91,True,2.25,3.5441125496954267,3.9057865537616445,3.993416490252569,37
PanTS_00007904,True,4.656854249492381,5.0,5.220697617828996,5.324555320336759,33,True,1.8284271247461903,1.8284271247461903,1.8284271247461903,1.8284271247461903,2
PanTS_00007905,True,3.8478219112391967,9.277343988418579,9.381250502450618,9.381250502450618,46,True,2.1679680347442627,3.7891864479061734,4.200189688394878,4.488490596976802,46
PanTS_00007921,True,4.083333194255829,5.249999821186066,5.702134480853703,6.016329752826133,42,False,,,,,0
PanTS_00007931,True,3.6328125,5.2734375,5.4529236214591545,5.772010059608764,65,True,2.1796875,3.2734375,3.2734375,3.2734375,41
PanTS_00007938,True,7.363357786465336,12.042510854664615,12.766479230976167,12.84088956328383,64,True,4.092145597477586,7.396964693761218,7.888000811640677,8.099608063697815,86
PanTS_00007946,True,2.9724870753956565,3.9854662262564915,4.114923902486129,4.147288321543537,6,True,1.069531261920929,2.099999964237213,2.099999964237213,2.099999964237213,16
PanTS_00007960,True,11.757812023162842,17.339337510648882,17.811575882599083,17.856989413034313,53,True,1.7578120231628418,2.2265639305114746,2.405274881420415,2.5769775597446922,50
PanTS_00007974,False,,,,,0,True,1.5,1.5,1.5,1.5,2
PanTS_00007981,True,3.390757768554277,6.0222413958968914,6.864100023604276,7.076378175034494,22,False,,,,,0
PanTS_00007989,True,5.986615936079181,8.950033388953445,9.785445365251118,10.028695950891668,24,True,1.9945553454762095,2.868581072196918,2.868581072196918,2.868581072196918,16
PanTS_00007995,True,3.046875,3.789430860250607,4.438564206547425,4.438564206547425,40,False,,,,,0
PanTS_00007997,True,8.974055606465644,10.24061978587158,10.500565650539976,10.557006518110375,26,False,,,,,0
PanTS_00008001,True,2.51953125,4.112762105829135,4.951900061924379,5.216355658005919,27,True,5.216355658005919,6.671947111913356,7.257133893050538,7.55859375,35
PanTS_00008010,True,4.5511747692072575,6.2685232658596695,6.743353183145037,7.101558208465576,44,True,1.4427424062580463,1.9511864210348089,2.2839861397977823,2.3671860694885254,10
PanTS_00008020,True,3.0234375,3.474807768313455,3.6579084129827817,3.8269243926775474,49,True,0.9765625,0.9765625,0.9765625,0.9765625,1
PanTS_00008024,True,4.296875,6.287202381892873,6.827108672655527,6.827108672655527,39,True,0.859375,2.3264198900821893,2.527783978016438,2.578125,6
PanTS_00008045,True,3.30078125,4.646305900301751,5.016761671560535,5.066686773324697,30,True,2.09765625,2.09765625,2.09765625,2.09765625,2
PanTS_00008048,False,,,,,0,False,,,,,0
PanTS_00008055,True,2.455859065055847,5.464530000807934,5.635386628238351,5.655859112739563,36,True,,,,,0
PanTS_00008059,True,14.24851525067956,17.26559547329173,17.507856704774273,17.892849841851657,99,True,1.0523737641877915,1.404747540296512,1.404747540296512,1.404747540296512,4
PanTS_00008060,True,4.876684506409801,10.207028150558472,10.482757433746592,10.646888077502481,51,True,2.3554680347442627,3.526268201617112,3.6303393275613653,3.6563571090474287,3
PanTS_00008063,True,4.949472345270733,5.957415516782083,6.8701146487740905,7.171875,26,True,1.4570278650321202,2.2972652865032117,2.3719530573006424,2.390625,3
PanTS_00008072,True,5.208203932499369,5.8484692283495345,5.8484692283495345,5.8484692283495345,13,True,1.5,1.5,1.5,1.5,2
PanTS_00008073,True,1.3927476598587591,5.001527927149827,5.265931920574009,5.332032918930054,12,True,0.7617189884185791,2.2851569652557373,2.2851569652557373,2.2851569652557373,13
PanTS_00008086,True,12.119407578000143,13.934066324500797,15.012163081178306,15.378811079264398,29,True,2.203125,2.549849841952816,3.193670190116246,3.4198773394709665,27
PanTS_00008090,True,2.4609375,5.577042479990357,5.7421875,5.7421875,56,True,2.4609375,2.8482365255855924,2.9775024056072117,3.1796875,62
PanTS_00008091,True,3.4721359549995796,6.211102550927978,7.246211251235321,7.944271909999159,196,True,3.0,3.6428733672262896,3.8989794855663558,3.8989794855663558,33
PanTS_00008101,True,3.3090705491728984,7.449438684727367,8.085579063573935,8.801253883756647,99,True,0.8222659826278687,2.1777945914363857,2.4089972765941616,2.466797947883606,7
PanTS_00008123,True,7.314994807374934,11.260273616290252,11.67299244378134,11.862822315102969,40,True,2.9296860694885254,4.023437976837158,4.023437976837158,4.023437976837158,20
PanTS_00008131,True,5.482421040534973,8.543730938793797,9.007640962609996,9.123618468564047,16,False,,,,,0
PanTS_00008132,True,4.233739824753641,6.134765625,6.134765625,6.134765625,26,True,0.681640625,0.681640625,0.681640625,0.681640625,2
PanTS_00008162,True,4.524721283969319,5.985375106777692,6.881977876340853,7.19416732079262,50,True,1.777653057935068,2.2089840173721313,2.2089840173721313,2.2089840173721313,4
PanTS_00008180,True,3.0148535504084837,4.338516268951847,5.352072369230766,5.621498674368201,22,True,2.794922947883606,4.338516268951847,4.338516268951847,4.338516268951847,11
PanTS_00008184,False,,,,,0,False,,,,,0
PanTS_00008188,True,5.740977747460329,8.365882690146336,8.734363128240998,8.972794746190495,44,True,4.168157629265579,5.05859375,5.174245714691591,5.236519849525525,36
PanTS_00008205,True,2.956250011920929,4.784375011920929,4.899999916553497,4.899999916553497,46,True,1.128125011920929,1.128125011920929,1.128125011920929,1.128125011920929,5
PanTS_00008217,True,2.671875,2.671875,2.671875,2.671875,5,True,0.890625,1.2595339539885377,1.5546611171793683,1.6284429079770755,11
PanTS_00008231,True,4.852423867912483,7.03125,7.428451207357455,7.633070011147662,35,True,5.46875,6.71875,6.96875,7.03125,5
PanTS_00008234,True,0.9343759417533875,2.400000035762787,2.400000035762787,2.400000035762787,16,True,2.400000035762787,2.400000035762787,2.400000035762787,2.400000035762787,12
PanTS_00008238,True,3.710939884185791,5.330517259761959,5.368544146583588,5.378050868288995,9,True,1.7578120231628418,3.4562612338562726,3.4562612338562726,3.4562612338562726,15
PanTS_00008239,True,3.3203125,4.785937499999998,5.3203125,5.3203125,40,True,2.0390625,3.165205622701852,3.270678299264593,3.3203125,33
PanTS_00008242,True,0.62890625,1.0962646046482432,1.1391803180675755,1.1499092464224085,7,True,0.62890625,1.9252133138173178,2.1319610651226273,2.1836480029489542,6
PanTS_00008252,True,4.697265625,6.951953124999998,8.154453125,8.455078125,17,False,,,,,0
PanTS_00008266,True,3.3925927495237076,7.040933232602587,7.934857091186136,8.013675808906555,33,True,,,,,0
PanTS_00008273,True,1.6320138367395969,2.9305849188775013,3.065438733013699,3.0991521865477485,9,True,0.8925780057907104,0.8925780057907104,0.8925780057907104,0.8925780057907104,2
PanTS_00008292,True,5.4269287778211766,9.258337652603881,9.552450770928543,9.5613978753256,52,True,4.152343988418579,5.080240068633762,5.237778692356562,5.2648784158428,39
PanTS_00008298,True,2.4316409826278687,4.052734971046448,4.052734971046448,4.052734971046448,15,True,2.4316409826278687,2.469909820546172,2.745445453557963,2.81432936181091,19
PanTS_00008301,True,5.164912465342996,6.640617972549903,6.671877027737519,6.679691791534424,9,True,2.2265639305114746,2.2265639305114746,2.2265639305114746,2.2265639305114746,1
PanTS_00008302,True,12.648905741992358,15.340186909135081,16.139699001471,16.18230186303836,105,True,2.5769775597446922,4.364704203992473,4.4734972103502875,4.609805636201349,145
PanTS_00008303,True,6.065526873206115,7.18541005781321,7.284955229778285,7.309841522769554,3,True,2.3576292808182413,3.390756112910835,3.801999324462944,4.023437976837158,36
PanTS_00008314,True,,,,,0,False,,,,,0
PanTS_00008317,True,3.2769337228762807,5.2740002274513245,5.398412601009383,5.488504319792806,43,False,,,,,0
PanTS_00008326,False,,,,,0,False,,,,,0
PanTS_00008330,True,4.371416292296973,5.213236550255512,5.213236550255512,5.213236550255512,8,True,2.0841447262990314,2.5898430347442627,2.5898430347442627,2.5898430347442627,22
PanTS_00008339,True,0.78125,2.400000035762787,2.41500004529953,2.418750047683716,6,False,,,,,0
PanTS_00008354,True,6.7324219942092896,9.23242199420929,10.008640834135617,10.15341824893729,112,True,1.7324219942092896,3.574498898083357,3.679855350431435,3.8378900289535522,61
PanTS_00008356,True,6.097657918930054,8.012356501820825,8.510875391857748,8.510875391857748,43,True,1.5927318766278735,2.3071169386673773,2.552048959938065,2.6132819652557373,7
PanTS_00008366,True,4.6485863831846315,6.589466510472547,6.89810150026041,6.89810150026041,38,True,3.0313374450875235,4.065652049849793,4.287342970460946,4.365234375,27
PanTS_00008384,True,1.5,2.5562445840513917,2.705361466505706,2.7426406871192848,4,True,1.5,1.5,1.5,1.5,2
PanTS_00008385,True,5.716649466059233,6.668999969959259,6.668999969959259,6.668999969959259,24,True,2.2229999899864197,3.2751537328769773,3.415613933239336,3.4507289833299257,5
PanTS_00008392,True,2.7426406871192848,4.5,4.5,4.5,9,True,1.5,2.1834523779156054,2.6308030252785493,2.7426406871192848,10
PanTS_00008407,True,3.8782887910203483,4.866109673315792,5.058802922472139,5.108472955822251,23,False,,,,,0
PanTS_00008408,True,5.160750634973077,7.110818554964102,7.110818554964102,7.110818554964102,31,True,2.068359375,3.210682714982051,3.390485726595692,3.447265625,25
PanTS_00008428,True,3.701835866748487,4.687341025294735,5.043569157227287,5.130482264577007,46,True,2.7600772375140417,6.414376888920864,7.154297947883606,7.154297947883606,77
PanTS_00008434,True,10.379914886206992,15.3817968707876,16.47136419991784,16.52774036380083,80,True,2.7261692459176383,3.656358219328002,3.656358219328002,3.656358219328002,9
PanTS_00008445,True,3.518836772176093,4.223041276023716,4.348058287837556,4.379312540791016,6,True,3.2834460626303694,3.7542274817218164,3.7542274817218164,3.7542274817218164,7
PanTS_00008451,False,,,,,0,True,,,,,0
PanTS_00008472,True,5.333326347327265,6.887437139189688,7.324548369129011,7.409871509197533,38,True,1.7855733640099514,1.7855733640099514,1.7855733640099514,1.7855733640099514,11
PanTS_00008473,True,4.337890982627869,5.289966272389064,5.8598181545165255,5.8598181545165255,40,True,1.986327052116394,2.220781157039512,2.283302251685677,2.2989325253472184,6
PanTS_00008475,True,4.526650429449553,8.4375,8.4375,8.4375,16,False,,,,,0
PanTS_00008476,True,4.2636719942092896,5.079819549693478,5.139400742366674,5.154296040534973,18,True,4.2636719942092896,5.154296040534973,5.450476512428343,5.771338690312831,53
PanTS_00008480,True,2.5430683264157077,8.869254620558092,9.371862220383393,9.479900800269721,29,True,1.3391800230074633,2.1114570648007462,2.180103912960149,2.197265625,3
PanTS_00008512,True,10.071817297118379,11.577437849296425,12.29874278917309,12.84260105685532,47,True,3.8062263617448933,7.798022549845285,8.327296711908366,8.327296711908366,36
PanTS_00008522,False,,,,,0,False,,,,,0
PanTS_00008538,True,4.097410441879982,6.925779104232788,7.364445574449259,7.518571631552344,27,True,,,,,0
PanTS_00008540,True,3.327248042372496,7.691769108054737,8.59506825809734,9.355468988418579,132,True,1.9335930347442627,3.0788958074056523,3.1939032078068137,3.2226550579071045,14
PanTS_00008546,True,11.09052447594646,15.401914669002043,15.677700882025771,15.730372634081117,60,True,4.140625,7.641544067959652,8.396377012262429,9.083086418708145,149
PanTS_00008569,True,4.19298790823435,5.592418507769137,6.04363339582707,6.237011204994756,31,True,0.900390625,1.5717078399554576,1.6313804812848316,1.6462986416171752,3
PanTS_00008574,False,,,,,0,True,1.1427669529663689,1.875,1.875,1.875,7
PanTS_00008577,True,3.30078125,3.9895970743619045,4.738213818710407,5.066686773324697,37,True,2.09765625,2.09765625,2.09765625,2.09765625,2
PanTS_00008581,True,3.4959057226073824,5.831159233025615,6.337466800974469,6.433810279364602,73,True,1.50970870312889,3.2528496406245027,3.4999999403953552,3.4999999403953552,28
PanTS_00008601,True,3.3182782355168596,4.040008119872648,4.073625670300213,4.0820300579071045,4,True,3.8018838043440653,4.18801762375257,4.315202702767128,4.346998972520768,13
PanTS_00008606,True,1.7855733640099514,4.547709228019903,4.547709228019903,4.547709228019903,14,False,,,,,0
PanTS_00008619,False,,,,,0,False,,,,,0
PanTS_00008628,True,3.5389833178107444,5.215876081114166,5.4461707820502046,5.4461707820502046,32,True,0.685546875,0.685546875,0.685546875,0.685546875,4
PanTS_00008633,True,3.710939884185791,5.847149341982545,6.475822381157496,6.903292516359233,46,True,1.3570366285095572,1.8787530097107075,2.1570017463513214,2.2265639305114746,9
PanTS_00008636,True,3.598458847192196,5.2461307479583175,5.435336614368873,5.498405236505724,26,True,1.2567718181245278,1.6248717612490555,1.6248717612490555,1.6248717612490555,4
PanTS_00008640,True,4.5,5.8484692283495345,5.8484692283495345,5.8484692283495345,35,True,1.5,1.5,1.5,1.5,7
PanTS_00008646,True,4.5,5.208203932499369,5.208203932499369,5.208203932499369,20,True,1.5,1.5,1.5,1.5,2
PanTS_00008647,True,5.0,6.333598051106934,6.483314773547883,6.483314773547883,52,True,1.0,2.8242640687119263,3.0,3.0,24
PanTS_00008650,True,5.980192814588744,7.220856856304412,7.6102267603633935,7.716906058567936,36,True,4.185214845653395,7.473067662671836,8.109772850067692,8.366523350756193,117
PanTS_00008653,True,4.01196833457469,5.128026112046685,5.505605289166539,5.600000083446503,20,True,0.996874988079071,0.996874988079071,0.996874988079071,0.996874988079071,2
PanTS_00008658,False,,,,,0,False,,,,,0
PanTS_00008662,True,3.8964849710464478,4.2207030057907104,4.2207030057907104,4.2207030057907104,7,True,3.8964849710464478,4.28002571287858,4.605541228133431,4.684989824897945,36
PanTS_00008673,True,9.719321371201536,14.214758006462395,14.613462516041924,14.70406198374023,84,True,3.2008753335152376,4.654254915390317,4.908574435935449,4.908574435935449,38
PanTS_00008691,True,3.310000002384186,4.852384399312797,5.158836935693085,5.259108008207567,34,True,,,,,0
PanTS_00008699,True,6.3472086622379305,9.029705854077836,9.198039027185569,9.198039027185569,38,True,,,,,0
PanTS_00008701,True,5.368588107617098,7.665922860923322,8.15573275821901,8.271522400159604,30,True,2.3464035480178387,4.197345164902053,4.45324368466264,4.730467081069946,53
PanTS_00008711,True,3.33650729990085,6.473972906881811,8.25735586189283,8.408764370745532,77,True,8.209542648570924,10.582132006135485,11.65003384553491,11.753756895967609,72
PanTS_00008721,True,4.36779674726792,7.387519555772402,8.2710113486633,8.786517918839435,39,True,2.4609360694885254,2.848234869942151,2.848234869942151,2.848234869942151,28
PanTS_00008722,True,4.063905729797828,5.888672947883606,5.888672947883606,5.888672947883606,7,False,,,,,0
PanTS_00008724,True,5.361269494193939,9.349913946482385,9.412658035347134,9.4469600093108,44,True,1.8984360694885254,3.369442624704777,3.369442624704777,3.369442624704777,19
PanTS_00008726,True,4.680427492425273,5.256342339975259,5.256342339975259,5.256342339975259,13,True,3.941416975493035,4.719456363000512,5.070716198177659,5.070716198177659,39
PanTS_00008727,True,5.887888902259533,8.39307696519059,8.39307696519059,8.39307696519059,34,True,5.099858906488645,10.68020252561606,11.320461481527445,11.379380747515318,121
PanTS_00008737,True,3.27435064417433,4.955996346626149,5.201670042334426,5.263088466261495,19,True,2.109375,3.358796668713314,3.515625,3.515625,34
PanTS_00008743,True,3.601787929152909,4.684185171760741,4.958558825563366,5.106298485303242,36,True,3.601787929152909,5.82997640029027,6.316182451640587,6.717004453935923,71
PanTS_00008763,True,7.9962069132038796,10.62434587361216,11.503558137794004,11.589829622855854,111,True,1.482026110093758,2.4316409826278687,2.4316409826278687,2.4316409826278687,39
PanTS_00008769,True,3.8511811718665774,5.881547077344998,6.551453727382889,6.697919051606173,54,True,0.9765625,1.153124988079071,1.153124988079071,1.153124988079071,4
PanTS_00008773,True,3.0911876635320428,5.038304399011865,5.390471828564206,5.551218101992227,33,True,0.71875,1.3141819959113241,1.3141819959113241,1.3141819959113241,8
PanTS_00008778,True,3.3229417853614702,5.944217757350547,5.944217757350547,5.944217757350547,28,True,1.353446236190088,1.7102199383378884,1.7419331563065819,1.7498614607987553,2
PanTS_00008785,True,4.007971734408459,5.5419549625097755,5.756828492501955,5.810546875,14,False,,,,,0
PanTS_00008789,True,3.119498802713376,4.437902699474135,4.492189884185791,4.492189884185791,35,True,0.8984379768371582,2.335938739776611,2.623438892364502,2.6953139305114746,5
PanTS_00008802,True,3.0615395240689343,4.502954120456128,4.986103620020247,5.0752234547587545,41,False,,,,,0
PanTS_00008811,True,14.013355019927971,19.0684999039071,19.153286798819735,19.311793135293808,88,True,3.8964849710464478,4.457993834142191,4.717957640016902,4.8402935486638246,33
PanTS_00008812,True,1.5,4.5,4.5,4.5,49,True,1.5,1.5,1.5,1.5,2
PanTS_00008818,True,6.651959926062242,10.436024779298366,10.88228910094012,11.034113938304335,29,True,,,,,0
PanTS_00008837,False,,,,,0,False,,,,,0
PanTS_00008838,True,4.5,5.208203932499369,5.8484692283495345,5.8484692283495345,45,True,1.5,1.5,1.5,1.5,2
PanTS_00008839,True,4.591953079469252,5.473905289815159,5.822290617293498,5.84954928483998,44,True,0.703125,0.703125,0.703125,0.703125,4
PanTS_00008854,True,4.901562511920929,7.036489393559713,7.533151038055224,7.650316365396707,75,True,1.9406018979144424,3.034375011920929,3.034375011920929,3.034375011920929,45
PanTS_00008859,True,4.145703077316284,4.536641371250153,4.571391441822052,4.580078959465027,3,True,,,,,0
PanTS_00008860,True,3.059873305872592,4.398383661660784,4.398383661660784,4.398383661660784,28,True,1.796875,2.5662963509813657,3.132739785535736,3.27435064417433,18
PanTS_00008861,True,3.347685927668615,4.6539704013314,5.310284460019852,5.413695689048618,46,True,,,,,0
PanTS_00008868,True,2.109375,2.283750021457672,2.4542500424385074,2.496875047683716,12,False,,,,,0
PanTS_00008885,True,1.4963104790403392,2.2633245958080677,2.4167274191616137,2.455078125,5,True,1.4963104790403392,2.359201360404034,2.435902772080807,2.455078125,3
PanTS_00008892,True,3.3823647792432094,4.59140810627238,4.662566793702774,4.699224299348735,35,True,1.5641627028037144,1.5641627028037144,1.5641627028037144,1.5641627028037144,3
PanTS_00008913,True,5.162543249001122,7.400393843650818,7.748772554124155,8.033809680875072,46,True,2.466797947883606,2.8550192828552823,3.9363925249493943,4.111329913139343,63
PanTS_00008922,True,3.0,5.413210043395879,6.051524049421559,6.211102550927978,19,True,,,,,0
PanTS_00008926,False,,,,,0,False,,,,,0
PanTS_00008931,True,4.326170086860657,6.056638121604919,6.056638121604919,6.056638121604919,21,True,2.595702052116394,4.029268710604774,4.029268710604774,4.029268710604774,41
PanTS_00008942,True,3.390756112910835,4.882810115814209,4.882810115814209,4.882810115814209,21,True,4.023437976837158,4.979931734684699,6.091953016940366,6.726180466562522,97
PanTS_00008954,True,5.681003616655373,7.93395956274416,8.271022971997171,8.308724790148327,44,True,4.255859017372131,6.697268843650818,6.697268843650818,6.697268843650818,37
PanTS_00008973,True,2.7426406871192848,5.208203932499369,5.694805557345494,5.8484692283495345,25,True,1.5,1.5,1.5,1.5,6
PanTS_00008974,True,10.00655593012112,17.71625917432938,18.45681633436714,18.865589068954556,203,True,5.838881692330726,8.692685236483067,9.601622530636623,9.97345019116032,146
PanTS_00008989,True,3.803895624776609,5.2237397559864585,5.493547379925139,5.6126728708251195,57,True,4.232726498958943,5.191903190981911,5.483776940051067,5.521994139987143,40
PanTS_00008994,True,6.592687837619833,11.96552748928724,12.36446131815767,13.000359873192478,68,True,1.9335930347442627,2.2378992994241016,2.2378992994241016,2.2378992994241016,40
PanTS_00008995,True,3.7438279596117834,5.697162508710433,6.328125,6.328125,38,True,1.285612822087165,2.4413455933590793,2.7745476136851783,3.27435064417433,61
PanTS_00008999,True,5.502400245249356,8.245264927246083,8.679407563445434,8.913176675245085,36,True,4.335937976837158,4.620611946809866,4.6702070517023495,4.677082701037862,25
PanTS_00009001,True,3.63983400798437,5.499191728466049,5.63729390111598,5.63729390111598,27,True,0.9667478895782711,1.2215864006219939,1.2442387127147692,1.249901790737963,2
PanTS_00009002,True,4.121093988418579,7.910154104232788,7.910154104232788,7.910154104232788,51,True,3.051681163877128,6.152342081069946,6.552797542730459,6.982268339335677,71
PanTS_00009005,True,4.020173847289021,5.453765932928397,6.08855973197658,6.125862809991099,46,True,4.020173847289021,4.426427526686842,4.558257236276617,4.701072754998876,53
PanTS_00009008,True,4.5,5.8484692283495345,5.8484692283495345,5.8484692283495345,34,True,1.5,1.5,1.5,1.5,3
PanTS_00009009,True,3.9487587141443123,5.425751227234254,5.796992498449708,5.889802816253571,17,True,3.9487587141443123,8.098412814399587,8.981465723012919,9.06584027601058,45
PanTS_00009020,True,6.013758934548294,6.959717705686937,7.081006041137387,7.111328125,20,True,2.353515625,2.706582254983868,2.834798494228421,2.8668525540395597,14
PanTS_00009023,True,2.34375,4.26850392628576,5.029077113982661,5.179559508783182,47,True,1.428458691207961,2.34375,2.34375,2.34375,16
PanTS_00009025,False,,,,,0,False,,,,,0
PanTS_00009037,True,3.7548948893795866,6.308783363619619,6.308783363619619,6.308783363619619,12,True,1.6891524023534137,2.771484375,2.771484375,2.771484375,23
PanTS_00009041,True,6.057892668752261,11.667904105820261,12.318353295326233,12.318353295326233,197,True,3.374398581769908,5.054744895385945,5.270902856349025,5.7564910624415155,97
PanTS_00009056,True,5.386193455067346,6.33565695876576,6.460048200539399,6.491146010982809,16,True,4.03836801504282,4.463539018405592,5.001923933673955,5.218224071227851,37
PanTS_00009059,True,3.701835866748487,5.564453959465027,6.412498693034087,6.811578567654822,33,False,,,,,0
PanTS_00009061,True,2.5913817885685244,4.97373298376805,4.97373298376805,4.97373298376805,12,True,2.780420542392786,4.311826168017545,4.706352316351984,4.97373298376805,52
PanTS_00009065,True,6.089336465401135,7.345615145926619,7.7608549980060415,7.906750081169083,27,True,2.677734375,2.7830889313646523,3.7864974625271355,4.156606234410191,36
PanTS_00009067,True,3.125550919544164,4.851215111713834,5.0707814611263,5.0707814611263,28,True,2.8346726666896545,4.183593988418579,4.520706769786092,5.0707814611263,77
PanTS_00009075,True,4.0625,6.170738861731711,6.170738861731711,6.170738861731711,19,True,3.1105970388562794,3.7836940777125587,3.7836940777125587,3.7836940777125587,4
PanTS_00009079,True,4.156459413905633,5.083736439782936,5.281926152832507,5.337204869138887,23,True,0.9140620231628418,1.7127600148499031,2.0113023844397073,2.085937976837158,19
PanTS_00009084,True,3.0625,4.730392024377317,5.032086363510755,5.0625,44,True,1.7141504294495533,1.781510626061886,1.8039640249326636,1.8039640249326636,26
PanTS_00009087,True,5.613127903632578,9.138733120608084,9.787731002697303,9.787731002697303,59,True,1.403460664111822,2.302734375,2.302734375,2.302734375,21
PanTS_00009095,True,2.466796875,5.559481519274506,6.154889567489137,6.154889567489137,33,True,1.503452772496379,2.466796875,2.466796875,2.466796875,18
PanTS_00009097,True,6.566934042317678,10.827046964008385,11.626592978270157,11.948160594264767,71,True,2.060465929087423,2.9651075269495495,2.9651075269495495,2.9651075269495495,12
PanTS_00009121,True,5.956970593359079,7.214551460684215,7.440231173837807,7.496651102126204,10,True,3.27435064417433,6.328125,6.531753882036739,6.869763010032896,85
PanTS_00009127,True,3.1127156315328257,4.297846992793362,4.680273840983417,4.773380648505024,33,True,0.896484375,2.689453125,2.689453125,2.689453125,11
PanTS_00009130,True,4.232605498783322,7.17535426860373,7.294679499024866,7.294679499024866,38,True,2.384765625,2.7600768236031814,2.7600768236031814,2.7600768236031814,8
PanTS_00009135,True,6.503904104232788,7.217657837925982,7.4061423263769806,7.45326344848973,13,True,4.277343988418579,6.503904104232788,7.429513386130735,7.704888868522646,106
PanTS_00009138,True,2.8957071343453524,3.8837436807289967,4.103915797260379,4.166015625,23,False,,,,,0
PanTS_00009139,True,2.3464035480178387,4.896851969492479,4.896851969492479,4.896851969492479,17,True,0.6757810115814209,0.6757810115814209,0.6757810115814209,0.6757810115814209,5
PanTS_00009143,True,6.065526873206115,7.758074248984512,7.758074248984512,7.758074248984512,8,True,0.9765620231628418,1.7855724921479572,1.7855724921479572,1.7855724921479572,5
PanTS_00009147,True,3.101539358930433,3.101539358930433,3.101539358930433,3.101539358930433,1,False,,,,,0
PanTS_00009151,True,3.6836461401169807,4.208984017372131,4.208984017372131,4.208984017372131,23,True,6.193449405982973,7.288874321543535,7.399970634346041,7.427744712546668,10
PanTS_00009152,True,5.141770115259385,7.242191791534424,7.618947290729287,7.95897673635802,62,True,2.7939860569321655,4.5805012765297315,4.997999545634348,4.997999545634348,90
PanTS_00009157,True,3.3761279298178595,5.365396747192851,5.676126508139489,5.676126508139489,34,True,4.300781011581421,4.300781011581421,4.300781011581421,4.300781011581421,3
PanTS_00009158,True,3.9304633330091114,4.585493057422352,5.071912134251625,5.2518205599282055,28,True,2.3671875,4.694745328981217,5.200124898763703,5.3671875,32
PanTS_00009159,True,1.6070160276089562,7.193810901432425,7.913507374456094,7.926113985505211,80,True,1.6070160276089562,1.6070160276089562,1.6070160276089562,1.6070160276089562,3
PanTS_00009161,True,4.5,5.208203932499369,5.208203932499369,5.208203932499369,22,True,1.5,1.5,1.5,1.5,5
PanTS_00009163,True,2.7426406871192848,5.208203932499369,5.208203932499369,5.208203932499369,31,True,1.5,1.5,1.5,1.5,2
PanTS_00009168,True,2.4140625,4.1953125,4.1953125,4.1953125,35,True,2.4140625,2.793984401288724,2.793984401288724,2.793984401288724,25
PanTS_00009174,True,3.119498802713376,4.368871814647257,4.492189884185791,4.492189884185791,29,True,4.783782709560884,7.285321642531484,8.071814605698826,8.218454995665795,83
PanTS_00009180,True,2.0604651575486943,2.8519565639332383,2.942476446121829,2.9651064166689767,4,True,1.1641938333344883,1.1641938333344883,1.1641938333344883,1.1641938333344883,2
PanTS_00009181,True,3.9769678754787976,5.4938213310016355,5.846893291671726,5.935161281839248,12,True,0.796875,1.4570278650321202,1.4570278650321202,1.4570278650321202,5
PanTS_00009182,True,3.7382153200115003,5.085725259574462,5.209807673944283,5.352559481148311,68,True,2.408202052116394,4.013670086860657,4.197265982627869,4.197265982627869,69
PanTS_00009188,True,4.230468988418579,4.230468988418579,4.543179113021525,4.683672067553282,32,True,1.4070313749088443,2.3085930347442627,2.3085930347442627,2.3085930347442627,7
PanTS_00009191,True,3.9110310463776896,5.216357138848164,5.878907918930054,5.878907918930054,42,True,1.5355935289795553,2.5195319652557373,2.5195319652557373,2.5195319652557373,12
PanTS_00009199,True,4.716795086860657,6.835778725636235,6.835778725636235,6.835778725636235,15,True,4.3930854488463655,5.639367476681767,5.815313174729118,5.8592995992409564,4
PanTS_00009222,True,4.398998487280302,6.563334966424847,7.1041070149292755,7.435547947883606,39,True,2.4785159826278687,4.3855915614686065,5.124114575803986,5.131438980738573,102
PanTS_00009227,True,4.2480469942092896,6.148578344526261,7.11328334310857,9.336555215209218,371,True,2.2558590173721313,4.170475841330769,4.570460954221868,4.670457232444643,16
PanTS_00009237,True,2.631226372754677,4.706848190190619,5.1040600425520095,5.2825175414390095,32,True,2.2734360694885254,2.990343879805724,3.529020140382298,3.529020140382298,33
PanTS_00009254,True,4.547709228019903,6.182961860074488,6.8853965689603225,7.179268427931255,41,True,3.390757768554277,4.8828125,4.953125,5.0234375,51
PanTS_00009258,True,6.626952052116394,9.148479233458477,9.237684497180457,9.26367199420929,42,True,3.4289722027867198,5.456201724338833,7.129304033886537,7.26597685668761,135
PanTS_00009259,True,4.1640625,6.052267488217065,6.199271571302627,6.257227398777555,30,True,1.1821941497962591,1.5284507995925183,1.5284507995925183,1.5284507995925183,6
PanTS_00009262,True,4.547707007458756,6.555437245369688,7.076374719771712,7.076374719771712,65,False,,,,,0
PanTS_00009265,True,9.750733470697007,11.952914230068403,12.291476273302194,12.291476273302194,38,True,2.923827052116394,4.025390982627869,4.538612144143003,4.538612144143003,74
PanTS_00009281,True,2.5091607487301646,3.5470177029487844,3.600028540589757,3.61328125,17,True,2.5091607487301646,3.27734375,3.27734375,3.27734375,21
PanTS_00009286,True,4.296875,5.266780651267496,5.63288029806144,5.685952593831523,54,True,4.296875,5.685952593831523,5.89819719842082,6.417830540691151,72
PanTS_00009287,True,2.90625,4.890911944986435,5.283455790230406,5.357040464439997,38,False,,,,,0
PanTS_00009290,True,4.083842886761873,5.4468457917317625,5.964959262219602,6.166447834075985,29,True,1.6034448808809363,2.630859375,2.630859375,2.630859375,19
PanTS_00009292,True,2.296875,4.037165150333213,4.611562230754362,4.755375390554233,52,True,2.296875,2.658354090546553,2.658354090546553,2.658354090546553,34
PanTS_00009301,True,3.004210141206508,3.9651826064146642,4.100849307385228,4.134765982627869,4,True,1.5820173466163214,2.4943335815663867,2.5754283580063926,2.595702052116394,3
PanTS_00009304,True,2.848234869942151,5.417261041343065,5.742184162139893,5.742184162139893,79,True,2.848234869942151,4.101560115814209,4.101560115814209,4.101560115814209,42
PanTS_00009306,True,4.9737344646102954,7.20703125,7.823896761426354,7.823896761426354,41,True,1.4641701584881601,2.40234375,2.40234375,2.40234375,7
PanTS_00009308,True,3.838266588448798,6.320832699931765,6.502420830642048,6.54781786331962,13,True,2.47265625,2.86179955665981,2.86179955665981,2.86179955665981,16
PanTS_00009313,True,4.033204913139343,5.063697637515377,5.290120085744516,5.358859280700085,33,True,1.4748842525687151,2.5532184216197886,2.7512574111706884,2.800767158558414,14
PanTS_00009317,True,2.16796875,3.8283244993824885,4.078034997505281,4.212494496494478,36,True,2.16796875,3.27734375,3.27734375,3.27734375,22
PanTS_00009319,True,3.692741003432734,6.341419241972816,7.226778660270423,7.284356575280672,40,True,3.692741003432734,4.452524245432203,4.925211706773416,4.925211706773416,46
PanTS_00009321,True,3.8109803330806784,5.568635405685093,6.076410297056487,6.209744304728111,70,True,1.4963104790403392,2.802817321543635,2.841455010048484,2.841455010048484,63
PanTS_00009322,True,3.5,4.975486921840833,5.758971565316073,5.89121711804567,111,True,2.047641755746871,2.5,2.5,2.5,9
PanTS_00009325,True,2.8618003844815303,4.388599599906726,4.9731668491732774,5.119308661489915,21,True,1.1656216717869876,2.3278120737406858,2.443687986952727,2.4726569652557373,4
PanTS_00009329,True,3.7473146244495465,4.472041294594988,4.645577265690579,4.688961258464476,19,True,1.4713133238061942,2.7939860569321655,3.7473146244495465,3.7473146244495465,69
PanTS_00009331,True,5.810546875,7.470703125,7.470703125,7.470703125,34,True,2.686189239135568,4.150390625,4.336280952517099,4.419796896763911,32
PanTS_00009338,True,6.803582194849807,8.40234375,8.40234375,8.40234375,15,True,1.7070081359935134,2.80078125,3.1534077913903116,3.241564426737889,21
PanTS_00009341,True,5.676645627351865,7.734375,7.734375,7.734375,14,True,1.5713045603287572,2.578125,2.578125,2.578125,15
PanTS_00009342,True,9.218023718607853,11.691758618531132,12.468491215565512,12.468491215565512,66,True,3.438067066102473,4.145973673313887,4.533672999913446,4.585539074335052,48
PanTS_00009347,True,10.308000532981438,12.695196695410855,13.427696645618555,13.696571506621702,39,True,2.232422947883606,2.232422947883606,2.232422947883606,2.232422947883606,55
PanTS_00009366,True,10.437630570270814,16.61677880357427,17.350631897226148,17.639187019788647,118,True,3.21875,4.852423867912483,4.852423867912483,4.852423867912483,34
PanTS_00009367,True,5.208203932499369,10.518465843842648,10.86931687685298,10.86931687685298,40,True,1.5,4.049999999999999,4.409999999999999,4.5,4
PanTS_00009371,True,9.624168968769894,12.307031576047672,12.615192566013707,13.255328764526217,93,True,3.8473625620451237,5.783203959465027,6.064051121970562,6.563334966424847,65
PanTS_00009373,True,6.244000136852264,11.76255092810184,11.972607213263965,11.972607213263965,34,True,4.749503449837167,5.540303596856821,5.540303596856821,5.540303596856821,5
PanTS_00009375,True,3.105933288173997,4.4159061571198075,4.44882051957644,4.4726550579071045,43,True,2.6835930347442627,4.105468988418579,4.150642654043888,4.1657005425856575,26
PanTS_00009378,True,,,,,0,False,,,,,0
PanTS_00009380,True,3.515625,5.62570253084385,6.2261824786278614,6.328125,31,True,0.9943689110435825,1.2564884309828066,1.2797879438662934,1.285612822087165,2
PanTS_00009382,True,3.791383594773672,4.935714280679479,5.128363844988588,5.1765262360658655,8,True,2.16796875,3.0084796995555574,3.223570939911111,3.27734375,8
PanTS_00009383,True,2.8668525540395597,4.888529782592997,5.6024229980877545,5.867758771331832,204,True,2.8668525540395597,3.345062063029402,3.484940302616403,3.5199098625131535,18
PanTS_00009385,True,7.574129678941933,10.923039354763306,11.196754819910987,11.229927372056634,28,True,6.609375,8.554815626744615,8.554815626744615,8.554815626744615,75
PanTS_00009386,True,8.118657701735676,11.227161920440036,11.952640376694415,12.187182980253628,58,True,3.2686896610646023,4.48090242724356,4.7070300579071045,4.7070300579071045,35
PanTS_00009403,True,0.918749988079071,2.400000035762787,2.400000035762787,2.400000035762787,15,True,2.400000035762787,2.7836514609370715,2.8226251870325383,2.832368618556405,6
PanTS_00009407,True,7.846270124077533,9.368425107426178,9.394719064790241,9.4199818865714,50,True,4.103515982627869,5.666705689540725,6.275388121604919,6.275388121604919,58
PanTS_00009408,True,3.46650747580032,6.714654175608181,7.385131138359778,7.686359918726437,32,True,1.190382279000884,1.190382279000884,1.190382279000884,1.190382279000884,2
PanTS_00009410,True,4.787856348108478,5.8430690347045235,5.9905028253650325,6.02736127303016,18,True,1.169921875,2.490234375,2.490234375,2.490234375,12
PanTS_00009421,True,6.392973654652584,12.182544662290477,12.80147028162016,13.101688643295248,145,True,2.79229180058336,4.763457073691621,5.396481156349182,5.858377739413675,102
PanTS_00009423,True,3.765504351081052,5.124188317724245,5.36202062944027,5.36202062944027,35,True,4.0429699420928955,4.791928865321163,4.976193920369564,5.022260184131665,9
PanTS_00009435,True,2.9296860694885254,4.547707007458756,4.95197894279806,5.199758516070538,39,True,3.390756112910835,4.7356518279347535,4.882810115814209,4.882810115814209,72
PanTS_00009442,True,3.3921638101072533,5.296375420316679,5.349422991082669,5.349422991082669,26,True,0.80078125,2.2147090316976317,2.3648168063395265,2.40234375,5
PanTS_00009445,True,5.203455678573687,9.239787590032954,10.648879253208694,11.116234780673402,98,True,3.27435064417433,4.921875,4.921875,4.921875,87
PanTS_00009448,True,2.7426406871192848,5.208203932499369,5.208203932499369,5.208203932499369,31,True,,,,,0
PanTS_00009449,True,4.3913699380616675,5.351552240757072,5.772741234729554,6.065526873206115,43,True,2.9296860694885254,4.023437976837158,4.093345049469814,4.3913699380616675,82
PanTS_00009457,True,3.756409487765299,8.327548186607252,8.683720837950172,8.683720837950172,31,True,2.419922947883606,2.4770495794848264,2.736023642743696,2.800767158558414,18
PanTS_00009459,True,3.4532316899330473,4.348801017693536,4.414750354238694,4.431237688374983,10,True,2.548827052116394,4.150390982627869,4.150390982627869,4.150390982627869,56
PanTS_00009460,True,2.5701931468315604,3.184071294642226,3.394543802463026,3.4471619294182263,7,True,2.5701931468315604,5.2077845980345385,5.246630791587115,5.256342339975259,14
PanTS_00009464,True,5.736810073767093,6.357404309824472,6.4558976112639455,6.480520936623814,16,True,1.939453125,2.353515625,2.353515625,2.353515625,9
PanTS_00009470,True,5.470709361028112,6.951738209933618,7.160671875954621,7.258993601140975,33,True,2.353515625,2.353515625,2.353515625,2.353515625,11
PanTS_00009472,False,,,,,0,True,1.1236043575249095,1.428458691207961,1.428458691207961,1.428458691207961,4
PanTS_00009473,True,4.452099639230826,5.841612238862929,6.954041933437806,7.003342899942032,45,True,0.7167969942092896,1.0730854379729973,1.2631059413136416,1.3106110671488027,9
PanTS_00009478,True,13.651112062448776,17.75705299944641,18.749422380260388,18.871930161952722,61,True,2.4492180347442627,4.0820300579071045,4.0820300579071045,4.0820300579071045,98
PanTS_00009483,True,2.4316409826278687,3.924359932595617,4.812384389223384,5.034390503380324,11,True,1.482026110093758,2.4316409826278687,2.4316409826278687,2.4316409826278687,13
PanTS_00009495,True,3.573708814093921,4.951815383957228,5.326593033346287,5.420287445693553,18,True,1.623047947883606,2.7050799131393433,2.7050799131393433,2.7050799131393433,53
PanTS_00009496,True,1.5,2.059188309203677,2.605950211536164,2.7426406871192848,12,True,1.5,1.5,1.5,1.5,21
PanTS_00009504,True,4.0820300579071045,5.0707814611263,5.566708138482907,5.714842081069946,24,True,3.8018838043440653,5.155553500332615,5.945127169538852,6.111028712306808,86
PanTS_00009506,True,2.3671860694885254,2.3671860694885254,2.3671860694885254,2.3671860694885254,5,False,,,,,0
PanTS_00009510,True,7.021142472352682,10.181724419816318,10.985638519334818,11.255859375,61,True,3.255859375,6.428006700984388,6.697265625,6.697265625,72
PanTS_00009517,True,3.8998214259987316,4.549148116589076,4.622281556344377,4.679743544723541,45,True,3.4107824761552132,5.924297257318031,6.540471710175414,6.540471710175414,98
PanTS_00009518,True,4.072265028953552,5.153238271266471,5.153238271266471,5.153238271266471,41,True,2.4433590173721313,3.792788941028312,3.9800379199382236,4.072265028953552,34
PanTS_00009520,False,,,,,0,False,,,,,0
PanTS_00009523,True,2.7426406871192848,4.995742752749558,5.208203932499369,5.208203932499369,27,True,1.5,1.5,1.5,1.5,2
PanTS_00009528,True,3.7799999117851257,8.90322360134583,10.653698509376706,10.849684006353419,125,True,,,,,0
PanTS_00009534,True,4.3930854488463655,6.690184414894002,7.2819857082621064,7.499162185099337,34,True,2.830077052116394,4.3988481596866515,4.5745833762583965,4.716795086860657,46
PanTS_00009544,True,4.093513251536718,7.147222935069191,7.5714515863415475,7.5714515863415475,45,True,2.734375,3.828125,3.9627717780193166,3.9627717780193166,98
PanTS_00009545,True,4.101562023162842,4.418514419219972,4.959994099917085,5.25908204112234,40,True,1.2705831717941538,1.6055138472554498,1.6352854628520095,1.6427283667511494,2
PanTS_00009551,True,3.8062263617448933,4.439969319982167,5.003907918930054,5.003907918930054,41,True,2.4820355144034516,4.285156011581421,4.439969319982167,4.439969319982167,100
PanTS_00009562,True,0.798828125,1.975335961542062,2.3122546923084126,2.396484375,10,False,,,,,0
PanTS_00009563,True,2.8910671465890996,3.324297844038168,3.3628072393669743,3.3724345881991757,3,True,4.313491388632356,4.313491388632356,4.313491388632356,4.313491388632356,1
PanTS_00009567,True,4.854101966249685,5.208203932499369,5.208203932499369,5.208203932499369,22,True,1.5,1.5,1.5,1.5,3
PanTS_00009569,True,3.7200255933799937,4.629203917984896,4.895122915212492,4.961602664519392,14,True,2.773639440766538,4.2011719942092896,4.226765632097534,4.253403908266931,52
PanTS_00009578,True,4.492189884185791,6.289065837860107,6.432849437842472,6.510271376294515,36,True,3.119498802713376,5.460814254750403,5.984292403787315,6.289065837860107,44
PanTS_00009584,True,2.9296875,4.958064067798538,5.286347939621446,5.368418907577173,11,True,1.7855733640099514,1.7855733640099514,1.7855733640099514,1.7855733640099514,2
PanTS_00009604,True,6.007034176029321,7.3666869639054955,7.520053997036782,7.563503846885764,37,True,2.00390625,3.0710653720518852,3.110633111965613,3.110633111965613,42
PanTS_00009608,True,4.304687976837158,5.038377805361779,5.143345227398593,5.192741661298271,33,True,3.476560115814209,4.304687976837158,4.304687976837158,4.304687976837158,57
PanTS_00009612,True,7.16080661517612,9.257812023162842,9.257812023162842,9.257812023162842,33,True,5.2592168469714045,8.374647873774283,9.312417752820675,9.471596384822105,74
PanTS_00009613,True,6.835934162139893,10.68432773626895,11.667145579838625,12.12539238505819,70,True,4.023437976837158,8.319288797149415,8.720746654752451,8.789058208465576,79
PanTS_00009620,True,1.5,3.4100989020304273,3.638941718571391,3.696152422706632,7,False,,,,,0
PanTS_00009635,True,2.792413150541759,4.982971248537327,5.1262056678197,5.236519849525525,63,True,2.5091607487301646,3.27734375,3.27734375,3.27734375,30
PanTS_00009637,True,2.109375,2.496875047683716,2.496875047683716,2.496875047683716,19,False,,,,,0
PanTS_00009640,True,5.345703959465027,8.946686738779604,9.864151775399765,10.036280919943561,70,True,4.919424683261304,7.036935639715482,7.843040403422076,8.364279116196556,120
PanTS_00009641,True,7.207029104232788,8.948898851338232,9.584053459718367,9.699695342191765,32,True,4.199218988418579,7.2564851248674955,8.81426163020776,9.168422893800702,68
PanTS_00009649,True,6.065526873206115,8.789058208465576,9.225377503500996,9.54133285507837,43,False,,,,,0
PanTS_00009652,True,5.106298485303242,6.134786434830907,6.144401593514016,6.144401593514016,23,True,2.3203139305114746,3.867189884185791,4.11821329451879,4.226562023162842,101
PanTS_00009659,True,2.739730621348414,4.203311110173348,4.210937976837158,4.210937976837158,37,True,1.4427424062580463,2.3671860694885254,2.3671860694885254,2.3671860694885254,11
PanTS_00009666,True,3.701835866748487,5.188186799399254,5.489200527451872,5.564453959465027,13,True,0.7949219942092896,0.7949219942092896,0.7949219942092896,0.7949219942092896,1
PanTS_00009687,True,2.9092714071521506,6.071535065626681,7.537743059205448,7.541018843650818,121,True,1.5320226002170338,2.4155079131169486,2.4940399409302745,2.513672947883606,3
PanTS_00009688,True,,,,,0,True,0.6069999933242798,0.6069999933242798,0.6069999933242798,0.6069999933242798,3
PanTS_00009697,False,,,,,0,False,,,,,0
PanTS_00009706,True,4.37819880832378,5.432613669901386,5.612660902859142,5.612660902859142,29,True,1.503452772496379,1.677734375,1.677734375,1.677734375,8
PanTS_00009722,True,2.2265639305114746,2.799509313087696,3.311290908619394,3.4562612338562726,28,True,1.3570366285095572,1.9657057399108988,2.1743922923913592,2.2265639305114746,7
PanTS_00009726,True,1.3248947821988883,1.3248947821988883,1.3248947821988883,1.3248947821988883,6,True,2.173827052116394,2.173827052116394,2.173827052116394,2.173827052116394,3
PanTS_00009731,True,8.65480564630333,15.86343637313378,16.39100046990946,16.647805733425447,116,True,4.876684506409801,9.146369249101909,9.712336215629666,9.748817277450595,137
PanTS_00009737,True,4.450995463094009,5.342502682787902,5.8515625,5.8515625,46,True,1.1821941497962591,1.5284507995925183,1.5284507995925183,1.5284507995925183,4
PanTS_00009739,True,2.4523327641990593,4.462677174413645,4.642473185722079,4.706851151875108,30,True,1.751593633057182,2.661776001978211,3.2421875,3.2421875,40
PanTS_00009750,True,2.132812023162842,7.057163938624977,8.942691661151635,10.504812636394789,195,True,2.132812023162842,2.598076796406539,2.598076796406539,2.598076796406539,10
PanTS_00009752,True,3.1652078432629986,4.677158667118213,4.918010388815496,5.011674947253329,29,True,3.398439884185791,4.925162665086788,5.0876557533130775,5.0876557533130775,42
PanTS_00009760,True,9.485613464011049,16.21877882525361,17.185719647092956,17.617935366681436,86,True,2.3027340173721313,2.3027340173721313,2.5564148397326,2.665135192172801,31
PanTS_00009765,True,,,,,0,True,2.0976569652557373,3.2561609175428234,3.2561609175428234,3.2561609175428234,73
PanTS_00009766,True,5.895694999513667,7.527386952654881,7.921259542691785,8.142812874587543,37,True,4.05078125,4.74609375,4.967907026742653,5.054167745475907,29
PanTS_00009768,True,4.658985905294664,6.167190385784751,6.524949241026411,6.583216945088149,25,True,2.625,4.375,5.434714732061981,6.125,106
PanTS_00009769,True,4.246093988418579,5.928841664322638,5.988606418866876,5.988606418866876,48,True,1.820090117914474,2.2617180347442627,2.2617180347442627,2.2617180347442627,28
PanTS_00009776,True,2.8132369463260547,4.656892259811532,5.125,5.125,68,True,1.5,2.5,2.5,2.5,17
PanTS_00009781,True,4.220274163602469,7.322178236911348,8.065153932136433,8.266144044086854,56,True,4.621873261957193,7.900707476904268,8.15625,8.15625,42
PanTS_00009784,True,3.365304828734728,3.61328125,3.61328125,3.61328125,7,True,2.5091607487301646,3.27734375,3.27734375,3.27734375,21
PanTS_00009787,True,4.338516268951847,6.646392765032436,6.784802330424609,6.796113983756148,26,False,,,,,0
PanTS_00009788,True,1.7968749403953552,2.0372462324282274,2.0711810030681628,2.0796646957281464,4,False,,,,,0
PanTS_00009790,True,4.69371018399172,7.470702052116394,7.470702052116394,7.470702052116394,46,True,1.51773714144296,2.4902340173721313,2.4902340173721313,2.4902340173721313,21
PanTS_00009796,True,3.390757768554277,4.374166509100059,4.513000684235934,4.547709228019903,4,True,1.7855733640099514,1.7855733640099514,1.7855733640099514,1.7855733640099514,1
PanTS_00009797,True,4.57395996951169,8.707588429698381,8.873348773189937,8.873348773189937,30,True,2.2851569652557373,3.5472143081360974,3.5472143081360974,3.5472143081360974,33
PanTS_00009821,True,3.1539010317004905,5.2513024926945215,5.712833119769922,5.880645133257359,30,True,2.0253909826278687,2.0253909826278687,2.0253909826278687,2.0253909826278687,27
PanTS_00009826,True,2.2851569652557373,4.055814892385679,4.238281011581421,4.238281011581421,44,True,3.5472143081360974,5.758997314296538,6.512336450921784,6.666014346893481,126
PanTS_00009829,True,2.7532961358877936,3.692741003432734,3.692741003432734,3.692741003432734,8,False,,,,,0
PanTS_00009832,True,7.484944278908586,11.039886356176943,11.324239114162296,11.376079055303919,24,True,6.726180466562522,9.212387556668025,9.54133285507837,9.935516958483051,127
PanTS_00009838,True,10.292983030925717,15.622142319030107,16.43902153939375,16.578219026041072,81,True,2.543068740326568,2.543068740326568,2.543068740326568,2.543068740326568,2
PanTS_00009850,False,,,,,0,True,,,,,0
PanTS_00009854,True,5.786517683749004,8.384768843650818,8.384768843650818,8.384768843650818,17,False,,,,,0
PanTS_00009857,True,4.396038810796823,5.93359375,5.9857693764824855,6.14229625592994,76,False,,,,,0
PanTS_00009862,True,5.252748096594141,6.718494633104997,7.3372968342205835,7.611327052116394,49,True,3.9383156363249494,6.2780381927737015,6.452317181169597,6.476082497769039,113
PanTS_00009867,True,5.834074683905632,7.274846777594585,7.514273098672463,7.574129678941933,16,True,3.665048826421637,4.265625,4.265625,4.265625,6
PanTS_00009868,True,4.170207731386668,5.3376466649146455,5.60197774359171,5.675254432561968,39,True,2.3496090173721313,2.3496090173721313,2.3496090173721313,2.3496090173721313,6
PanTS_00009876,True,3.171794873467883,3.6088533327582213,3.8934177816248368,3.964558893841491,17,False,,,,,0
PanTS_00009881,True,4.60853948556768,6.42999801025959,6.6000961320584,6.920672612331239,108,True,1.3945083022117615,2.9429678331110027,3.1523203253746033,3.1523203253746033,132
PanTS_00009882,True,3.0245559295504147,4.412012372214919,4.592951963302663,4.638186861074598,17,True,0.87109375,0.87109375,0.87109375,0.87109375,2
PanTS_00009887,True,3.789060115814209,4.242187976837158,4.242187976837158,4.242187976837158,26,True,2.2734360694885254,4.0350120397468725,4.629439134619796,4.706848190190619,113
PanTS_00009888,True,5.889281832490848,6.978518843650818,6.978518843650818,6.978518843650818,14,True,1.4177459049203969,1.8719594264020014,2.2353302435872853,2.326172947883606,11
PanTS_00009889,True,2.0670000314712524,3.4450000524520874,3.6194225753631506,3.6686186715688347,23,True,1.259786308131089,2.0670000314712524,2.0670000314712524,2.0670000314712524,6
PanTS_00009891,True,2.977085320790655,3.9928887022014745,3.9928887022014745,3.9928887022014745,5,True,2.572265625,2.572265625,2.572265625,2.572265625,2
PanTS_00009892,True,3.4960949420928955,4.492662055582757,4.7882847769032875,4.894532918930054,50,True,2.427783390106583,3.7230301848646317,4.300781011581421,4.300781011581421,54
PanTS_00009894,True,5.321560623179053,9.697892472829677,10.19067746575929,10.313873713991693,19,True,3.6472622457316755,3.6472622457316755,3.6472622457316755,3.6472622457316755,3
PanTS_00009896,True,4.7001396483303735,6.840915498592778,7.488234374646221,7.734375,40,True,1.5713045603287572,2.9838668363277634,2.9838668363277634,2.9838668363277634,59
PanTS_00009897,True,4.5649614549990005,5.114894875562564,5.173950379917975,5.188714256006827,4,True,1.542735386504598,2.6507594136092676,2.929614712030895,2.929614712030895,35
PanTS_00009901,True,3.865552843816917,5.4715083773702995,5.8822612961769085,6.01492144877932,34,False,,,,,0
