case_id,cbd_n_skel,mpd_n_skel,cbd_status,mpd_status,tumor_present,cbd_p99_mm,cbd_dilated,mpd_p95_mm,mpd_dilated,double_duct_dilated,either_duct_dilated,both_proper,all_lesions_excluded
PanTS_00000003,45,20,proper,proper,1,8.559171977727742,True,3.8250194886198607,True,True,True,True,False
PanTS_00000012,36,0,proper,absent,0,5.486397186733561,False,,False,False,False,False,False
PanTS_00000020,0,0,absent,degenerate,0,,False,,False,False,False,False,False
PanTS_00000026,48,8,proper,proper,1,7.183254668637129,False,1.8867180347442627,False,False,False,True,False
PanTS_00000029,31,8,proper,proper,1,5.384282099841597,False,2.548827052116394,False,False,False,True,False
PanTS_00000031,31,1,proper,proper,1,8.68102805345615,True,0.8222659826278687,False,False,True,True,False
PanTS_00000035,47,24,proper,proper,1,8.80047380335297,True,3.359359878988843,True,True,True,True,False
PanTS_00000036,23,0,proper,absent,1,5.208203932499369,False,,False,False,False,False,False
PanTS_00000040,0,6,absent,proper,1,,False,2.34375,False,False,False,False,False
PanTS_00000042,38,68,proper,proper,1,13.779719598824869,True,6.3169750077001785,True,True,True,True,False
PanTS_00000047,0,0,absent,absent,1,,False,,False,False,False,False,False
PanTS_00000049,29,1,proper,proper,1,4.621843021287109,False,0.8203120231628418,False,False,False,True,False
PanTS_00000050,39,2,proper,proper,1,9.073374370323512,True,1.5234379768371582,False,False,True,True,False
PanTS_00000056,54,0,proper,absent,0,6.678122612316021,False,,False,False,False,False,False
PanTS_00000074,59,3,proper,proper,1,7.453893275485896,False,2.5619012386249054,False,False,False,True,False
PanTS_00000084,23,58,proper,proper,1,5.114988207535378,False,2.7126062148434213,False,False,False,True,False
PanTS_00000086,57,10,proper,proper,1,5.958019959049844,False,2.285592662635598,False,False,False,True,False
PanTS_00000091,3,0,proper,absent,1,1.8920428348532865,False,,False,False,False,False,False
PanTS_00000099,0,0,degenerate,absent,1,,False,,False,False,False,False,False
PanTS_00000100,22,1,proper,proper,1,7.013841088041324,False,2.297999918460846,False,False,False,True,False
PanTS_00000110,52,0,proper,degenerate,0,6.7259765625000005,False,,False,False,False,False,False
PanTS_00000113,18,0,proper,absent,1,4.010061606198233,False,,False,False,False,False,False
PanTS_00000117,30,131,proper,proper,1,6.8637451284132425,False,7.775420015188347,True,False,True,True,False
PanTS_00000128,28,6,proper,proper,1,5.728513121604919,False,4.021590982060447,True,False,True,True,False
PanTS_00000162,60,155,proper,proper,1,18.66595092875412,True,7.618429791347568,True,True,True,True,False
PanTS_00000164,17,35,proper,proper,1,5.583777224348673,False,4.990236878395081,True,False,True,True,False
PanTS_00000167,20,209,proper,proper,1,11.904339854230232,True,7.419452269863935,True,True,True,True,False
PanTS_00000174,21,4,proper,proper,0,2.779846257499337,False,0.78125,False,False,False,True,False
PanTS_00000180,63,7,proper,proper,1,9.442150226327168,True,2.431640625,False,False,True,True,False
PanTS_00000187,56,20,proper,proper,0,5.0,False,3.0,False,False,False,True,False
PanTS_00000199,19,98,proper,proper,1,6.624682628213107,False,7.09179456650336,True,False,True,True,False
PanTS_00000220,19,2,proper,proper,1,5.080727224649484,False,1.5,False,False,False,True,False
PanTS_00000231,29,90,proper,proper,1,6.048862901823165,False,6.231085537616235,True,False,True,True,False
PanTS_00000237,53,2,proper,proper,0,5.59723623788151,False,1.3498934631915231,False,False,False,True,False
PanTS_00000246,36,8,proper,proper,1,6.00118683089759,False,2.671875,False,False,False,True,False
PanTS_00000251,8,2,proper,proper,1,6.7294397214774975,False,0.7539060115814209,False,False,False,True,False
PanTS_00000252,32,4,proper,proper,1,8.409849533080274,True,2.418750047683716,False,False,True,True,False
PanTS_00000259,52,25,proper,proper,1,8.049931469194169,False,5.900053480140897,True,False,True,True,False
PanTS_00000263,5,4,proper,proper,0,4.5,False,1.5,False,False,False,True,False
PanTS_00000270,0,0,absent,absent,1,,False,,False,False,False,False,False
PanTS_00000290,27,2,proper,proper,1,7.5,False,1.5,False,False,False,True,False
PanTS_00000308,10,0,proper,absent,0,5.308908797401108,False,,False,False,False,False,False
PanTS_00000314,91,64,proper,proper,0,9.0,True,3.0,False,False,True,True,False
PanTS_00000350,7,12,proper,proper,0,5.044887512772207,False,2.524219036102295,False,False,False,True,False
PanTS_00000352,48,19,proper,proper,1,10.882999924637373,True,7.984375953674314,True,True,True,True,False
PanTS_00000363,108,24,proper,proper,1,14.857803495598734,True,2.576977559744692,False,False,True,True,False
PanTS_00000368,22,3,proper,proper,1,3.502950039415508,False,0.68359375,False,False,False,True,False
PanTS_00000371,356,13,proper,proper,1,11.382858531788,True,2.44134559335908,False,False,True,True,False
PanTS_00000404,25,9,proper,proper,0,5.03823498869952,False,1.5,False,False,False,True,False
PanTS_00000416,55,0,proper,degenerate,1,5.5572321684126935,False,,False,False,False,False,False
PanTS_00000423,49,60,proper,proper,1,7.734693845264034,False,4.320322101198047,True,False,True,True,False
PanTS_00000437,43,5,proper,proper,0,5.455078125,False,2.337890625,False,False,False,True,False
PanTS_00000449,16,46,proper,proper,1,4.748531614327574,False,5.46875,True,False,True,True,False
PanTS_00000451,15,0,proper,absent,1,5.758832086930511,False,,False,False,False,False,False
PanTS_00000463,32,0,proper,degenerate,1,4.609802674516859,False,,False,False,False,False,False
PanTS_00000464,9,6,proper,proper,0,3.619871483859644,False,1.5,False,False,False,True,False
PanTS_00000465,56,22,proper,proper,1,8.987262709564249,True,4.056556631393753,True,True,True,True,False
PanTS_00000469,17,2,proper,proper,0,3.092442275053534,False,2.535937547683716,False,False,False,True,False
PanTS_00000482,6,0,proper,absent,1,2.824999988079071,False,,False,False,False,False,False
PanTS_00000485,71,0,proper,absent,1,5.481087348782976,False,,False,False,False,False,False
PanTS_00000488,42,3,proper,proper,1,6.889736216832658,False,2.100802523234988,False,False,False,True,False
PanTS_00000554,77,81,proper,proper,1,11.582046590091563,True,2.302734017372132,False,False,True,True,False
PanTS_00000557,0,0,absent,degenerate,1,,False,,False,False,False,False,False
PanTS_00000564,123,14,proper,proper,1,6.507474213548562,False,3.374398581769908,True,False,True,True,False
PanTS_00000574,0,0,absent,absent,1,,False,,False,False,False,False,False
PanTS_00000592,26,10,proper,proper,1,6.840670671506687,False,2.400000035762787,False,False,False,True,False
PanTS_00000605,33,11,proper,proper,1,7.312461384083488,False,2.6832008757909254,False,False,False,True,False
PanTS_00000623,2,0,proper,absent,1,3.999539108880191,False,,False,False,False,False,False
PanTS_00000626,29,2,proper,proper,1,5.1484375,False,1.5570199734166774,False,False,False,True,False
PanTS_00000654,6,0,proper,absent,1,2.34375,False,,False,False,False,False,False
PanTS_00000656,26,2,proper,proper,1,7.592874706268025,False,2.607422947883606,False,False,False,True,False
PanTS_00000674,28,60,proper,proper,1,4.348198731218502,False,3.743827959611784,True,False,True,True,False
PanTS_00000675,45,0,proper,absent,1,4.438564206547425,False,,False,False,False,False,False
PanTS_00000677,15,0,proper,absent,0,4.279270530580075,False,,False,False,False,False,False
PanTS_00000686,21,0,proper,degenerate,0,5.943338181905541,False,,False,False,False,False,False
PanTS_00000693,29,61,proper,proper,1,4.461396889413413,False,4.162109017372131,True,False,True,True,False
PanTS_00000696,54,59,proper,proper,1,14.450225189486238,True,6.201044655238915,True,True,True,True,False
PanTS_00000708,15,44,proper,proper,0,7.916559755886287,False,2.997429867401981,False,False,False,True,False
PanTS_00000715,12,13,proper,proper,1,7.366898532632082,False,3.883742015308137,True,False,True,True,False
PanTS_00000723,61,11,proper,proper,1,4.2433367874432975,False,2.2265639305114746,False,False,False,True,False
PanTS_00000727,11,3,proper,proper,1,5.0551686602076575,False,3.8655522886766303,True,False,True,True,False
PanTS_00000730,13,31,proper,proper,1,8.176763686602095,True,2.414410864126463,False,False,True,True,False
PanTS_00000750,39,83,proper,proper,1,4.230468988418579,False,6.699957246984041,True,False,True,True,False
PanTS_00000761,27,13,proper,proper,1,5.306585251078507,False,2.05078125,False,False,False,True,False
PanTS_00000766,20,2,proper,proper,1,7.402203461105327,False,1.5,False,False,False,True,False
PanTS_00000771,32,6,proper,proper,1,4.710262976662321,False,2.6953139305114746,False,False,False,True,False
PanTS_00000778,29,4,proper,proper,0,4.120312287580784,False,0.78125,False,False,False,True,False
PanTS_00000797,43,4,proper,proper,1,6.413957198185688,False,2.3320319652557373,False,False,False,True,False
PanTS_00000803,5,0,proper,degenerate,0,2.763254976236233,False,,False,False,False,False,False
PanTS_00000806,28,14,proper,proper,1,7.076374719771712,False,3.0910605846863337,False,False,False,True,False
PanTS_00000811,172,9,proper,proper,1,21.47100096573786,True,3.0024259050037774,False,False,True,True,False
PanTS_00000814,17,37,proper,proper,1,5.523828903013861,False,2.645415183281391,False,False,False,True,False
PanTS_00000836,0,4,absent,proper,1,,False,0.62890625,False,False,False,False,False
PanTS_00000839,38,13,proper,proper,1,7.734375,False,4.367181481121235,True,False,True,True,False
PanTS_00000840,22,12,proper,proper,0,8.372858031822153,True,2.0625,False,False,True,True,False
PanTS_00000849,22,49,proper,proper,1,4.307891516685485,False,4.056557741674326,True,False,True,True,False
PanTS_00000855,3,3,proper,proper,1,1.9160159826278689,False,1.8411909041678824,False,False,False,True,False
PanTS_00000860,73,89,proper,proper,1,7.721745470136036,False,8.919471872001939,True,False,True,True,False
PanTS_00000862,44,91,proper,proper,1,9.450052104897177,True,8.724236841434895,True,True,True,True,False
PanTS_00000871,8,0,proper,absent,1,4.897196011168295,False,,False,False,False,False,False
PanTS_00000878,40,39,proper,proper,1,6.12914353234531,False,4.259496425600684,True,False,True,True,False
PanTS_00000881,41,9,proper,proper,1,6.793325909419154,False,3.0,False,False,False,True,False
PanTS_00000892,0,0,absent,absent,0,,False,,False,False,False,False,False
PanTS_00000911,41,0,proper,absent,1,6.608010312771761,False,,False,False,False,False,False
PanTS_00000927,18,29,proper,proper,1,5.362504362343808,False,4.313770171311825,True,False,True,True,False
PanTS_00000930,17,2,proper,proper,1,4.011078983973268,False,2.583984017372132,False,False,False,True,False
PanTS_00000932,13,9,proper,proper,1,6.109600653649306,False,3.072026538310175,False,False,False,True,False
PanTS_00000941,0,4,absent,proper,0,,False,0.625,False,False,False,False,False
PanTS_00000945,50,85,proper,proper,1,13.243484543126174,True,6.352517871102253,True,True,True,True,False
PanTS_00000948,18,0,proper,absent,0,9.0625,True,,False,False,True,False,False
PanTS_00000953,3,7,proper,proper,0,3.0163304359594063,False,1.376240133487813,False,False,False,True,False
PanTS_00000966,24,2,proper,proper,1,6.152345895767212,False,0.6835939884185791,False,False,False,True,False
PanTS_00001012,29,57,proper,proper,1,4.762979856922077,False,4.105468988418579,True,False,True,True,False
PanTS_00001016,22,21,proper,proper,1,8.497974086143797,True,3.447265028953552,True,True,True,True,False
PanTS_00001017,51,0,proper,degenerate,0,5.699742494532183,False,,False,False,False,False,False
PanTS_00001021,13,1,proper,proper,1,2.109375,False,3.5571752336754123,True,False,True,True,False
PanTS_00001022,31,24,proper,proper,0,7.0,False,1.8284271247461903,False,False,False,True,False
PanTS_00001030,42,0,proper,degenerate,1,14.441644700458353,True,,False,False,True,False,False
PanTS_00001048,43,1,proper,proper,1,8.59386334948302,True,0.7319999933242798,False,False,True,True,False
PanTS_00001053,22,7,proper,proper,1,5.05863765595962,False,2.109375,False,False,False,True,False
PanTS_00001055,42,41,proper,proper,1,9.502697777750548,True,4.365800858899107,True,True,True,True,False
PanTS_00001070,23,13,proper,proper,1,5.260849747385123,False,2.22502232091127,False,False,False,True,False
PanTS_00001077,77,102,proper,proper,1,9.426576183366128,True,8.144654978425255,True,True,True,True,False
PanTS_00001079,26,0,proper,degenerate,1,6.196354744747111,False,,False,False,False,False,False
PanTS_00001081,23,6,proper,proper,1,2.285370322094722,False,2.2076799959140745,False,False,False,True,False
PanTS_00001082,51,37,proper,proper,1,7.871346165061861,False,2.303199970722198,False,False,False,True,False
PanTS_00001085,22,30,proper,proper,1,10.869882190358826,True,8.789058208465576,True,True,True,True,False
PanTS_00001086,39,122,proper,proper,1,8.790764692640229,True,9.144979696091124,True,True,True,True,False
PanTS_00001090,5,3,proper,proper,0,3.2925414810864093,False,0.70703125,False,False,False,True,False
PanTS_00001091,48,79,proper,proper,1,4.071419953480065,False,7.905375084252301,True,False,True,True,False
PanTS_00001099,15,4,proper,proper,0,5.51963214975045,False,4.731782560064893,True,False,True,True,False
PanTS_00001104,36,28,proper,proper,0,4.541653585525877,False,3.046965182773335,False,False,False,True,False
PanTS_00001111,15,0,proper,absent,1,5.070086670963897,False,,False,False,False,False,False
PanTS_00001115,70,33,proper,proper,0,6.211102550927978,False,3.0,False,False,False,True,False
PanTS_00001121,5,1,proper,proper,1,3.655048095759407,False,2.34375,False,False,False,True,False
PanTS_00001145,63,5,proper,proper,1,12.684975174584226,True,2.11106797749979,False,False,True,True,False
PanTS_00001154,75,96,proper,proper,1,5.158318384404992,False,3.867189884185791,True,False,True,True,False
PanTS_00001168,34,3,proper,proper,1,7.14373756064909,False,0.80859375,False,False,False,True,False
PanTS_00001182,29,12,proper,proper,1,6.818474855138118,False,2.9296860694885254,False,False,False,True,False
PanTS_00001183,14,3,proper,proper,1,5.285632374165968,False,0.6757810115814209,False,False,False,True,False
PanTS_00001186,22,26,proper,proper,1,5.892578959465027,False,3.670802834871244,True,False,True,True,False
PanTS_00001193,111,0,proper,degenerate,1,9.375,True,,False,False,True,False,False
PanTS_00001194,25,0,proper,absent,0,9.423650978705368,True,,False,False,True,False,False
PanTS_00001195,41,0,proper,absent,0,7.1938097900609215,False,,False,False,False,False,False
PanTS_00001197,22,7,proper,proper,1,5.228850665239946,False,1.9621358520890224,False,False,False,True,False
PanTS_00001208,95,39,proper,proper,0,7.4852813742385695,False,3.0,False,False,False,True,False
PanTS_00001215,15,0,proper,degenerate,1,5.384589349153959,False,,False,False,False,False,False
PanTS_00001254,18,0,proper,absent,1,4.233127617350154,False,,False,False,False,False,False
PanTS_00001258,1,0,proper,absent,1,2.4921446569549066,False,,False,False,False,False,False
PanTS_00001261,16,11,proper,proper,1,6.750937752377928,False,2.30859375,False,False,False,True,False
PanTS_00001264,45,16,proper,proper,0,6.922289248359669,False,2.9296860694885254,False,False,False,True,False
PanTS_00001268,60,129,proper,proper,1,10.60388010023842,True,9.061337743878186,True,True,True,True,False
PanTS_00001275,37,8,proper,proper,1,4.965349308411864,False,1.432029837935981,False,False,False,True,False
PanTS_00001277,16,101,proper,proper,1,3.986168558271925,False,5.380945732853672,True,False,True,True,False
PanTS_00001297,47,91,proper,proper,1,12.202043353307618,True,6.172280049657266,True,True,True,True,False
PanTS_00001311,46,2,proper,proper,0,7.03125,False,3.591889324037297,True,False,True,True,False
PanTS_00001314,0,2,absent,proper,0,,False,1.9453125,False,False,False,False,False
PanTS_00001317,0,0,absent,absent,0,,False,,False,False,False,False,False
PanTS_00001321,2,0,proper,absent,1,1.5,False,,False,False,False,False,False
PanTS_00001322,0,10,absent,proper,0,,False,2.44134559335908,False,False,False,False,False
PanTS_00001326,20,16,proper,proper,1,7.585363870590834,False,3.125,False,False,False,True,False
PanTS_00001327,13,0,proper,absent,1,2.944300865276332,False,,False,False,False,False,False
PanTS_00001331,17,85,proper,proper,1,10.397106017992392,True,4.693317576446847,True,True,True,True,False
PanTS_00001333,0,0,absent,absent,0,,False,,False,False,False,False,False
PanTS_00001347,48,136,proper,proper,1,8.402344431137948,True,8.014718852848837,True,True,True,True,False
PanTS_00001351,0,0,absent,degenerate,1,,False,,False,False,False,False,False
PanTS_00001352,4,1,proper,proper,1,0.78125,False,2.34375,False,False,False,True,False
PanTS_00001359,11,0,proper,absent,1,6.9752899351151525,False,,False,False,False,False,False
PanTS_00001361,18,0,proper,absent,1,3.0518454184273653,False,,False,False,False,False,False
PanTS_00001372,28,3,proper,proper,0,4.5,False,1.5,False,False,False,True,False
PanTS_00001387,24,4,proper,proper,1,7.084557252825854,False,1.4713133238061942,False,False,False,True,False
PanTS_00001423,39,11,proper,proper,1,6.803659613948194,False,3.47213595499958,True,False,True,True,False
PanTS_00001436,13,12,proper,proper,1,4.609805636201349,False,2.192857951798745,False,False,False,True,False
PanTS_00001437,34,0,proper,degenerate,0,6.398845818464636,False,,False,False,False,False,False
PanTS_00001438,51,35,proper,proper,1,8.79513724819853,True,7.689455199228685,True,True,True,True,False
PanTS_00001442,13,0,proper,absent,0,3.4288181628892413,False,,False,False,False,False,False
PanTS_00001450,155,83,proper,proper,1,13.115639289641347,True,7.503514278811096,True,True,True,True,False
PanTS_00001453,40,0,proper,absent,0,6.066952465572204,False,,False,False,False,False,False
PanTS_00001471,8,19,proper,proper,1,3.3653037184541548,False,3.3653037184541548,True,False,True,True,False
PanTS_00001472,0,0,absent,absent,1,,False,,False,False,False,False,False
PanTS_00001477,0,0,absent,absent,1,,False,,False,False,False,False,False
PanTS_00001488,35,29,proper,proper,1,8.649206961883317,True,3.2890362772302293,True,True,True,True,False
PanTS_00001500,48,123,proper,proper,1,8.610620764681482,True,4.923290691006683,True,True,True,True,False
PanTS_00001502,21,0,proper,absent,1,5.84608700725891,False,,False,False,False,False,False
PanTS_00001515,7,5,proper,proper,1,3.207656849052346,False,1.6891524023534137,False,False,False,True,False
PanTS_00001517,44,2,proper,proper,1,5.892108330277256,False,1.7855733640099514,False,False,False,True,False
PanTS_00001519,47,33,proper,proper,1,5.351152847111284,False,2.179880925195197,False,False,False,True,False
PanTS_00001524,431,82,proper,proper,0,8.578258642843487,True,3.6011266546179805,True,True,True,True,False
PanTS_00001536,8,1,proper,proper,1,3.90625,False,2.418750047683716,False,False,False,True,False
PanTS_00001541,43,0,proper,degenerate,1,5.988316595426205,False,,False,False,False,False,False
PanTS_00001542,16,18,proper,proper,1,4.396997118534804,False,8.105320197485,True,False,True,True,False
PanTS_00001560,0,0,absent,absent,0,,False,,False,False,False,False,False
PanTS_00001568,47,37,proper,proper,1,5.095042099623618,False,4.101560115814209,True,False,True,True,False
PanTS_00001582,33,5,proper,proper,1,4.360295419572754,False,4.294005189598035,True,False,True,True,False
PanTS_00001583,4,31,proper,proper,1,2.7150474065953683,False,3.7910685834772666,True,False,True,True,False
PanTS_00001592,48,4,proper,proper,1,19.388633888144145,True,0.921875,False,False,True,True,False
PanTS_00001601,89,68,proper,proper,1,17.056084580151396,True,3.886719942092896,True,True,True,True,False
PanTS_00001612,39,2,proper,proper,1,5.6875,False,1.4855970388562794,False,False,False,True,False
PanTS_00001618,25,68,proper,proper,1,13.150281494826674,True,5.845962286231404,True,True,True,True,False
PanTS_00001645,4,2,proper,proper,1,0.78125,False,1.428458691207961,False,False,False,True,False
PanTS_00001649,49,20,proper,proper,1,6.749359075087792,False,3.0,False,False,False,True,False
PanTS_00001650,6,13,proper,proper,1,5.094992286024835,False,3.27435064417433,True,False,True,True,False
PanTS_00001655,43,4,proper,proper,1,4.922606946193386,False,2.4601994519615573,False,False,False,True,False
PanTS_00001660,42,0,proper,degenerate,0,5.977803040321047,False,,False,False,False,False,False
PanTS_00001669,24,3,proper,proper,1,15.733687939614086,True,2.618376618407356,False,False,True,True,False
PanTS_00001670,27,2,proper,proper,1,3.27435064417433,False,2.424747063691125,False,False,False,True,False
PanTS_00001672,25,0,proper,absent,1,8.929275866316594,True,,False,False,True,False,False
PanTS_00001678,17,4,proper,proper,1,4.218822509939085,False,1.5,False,False,False,True,False
PanTS_00001683,34,139,proper,proper,1,5.195315837860107,False,4.257812023162842,True,False,True,True,False
PanTS_00001684,45,10,proper,proper,0,8.047890033369542,False,1.97533566676226,False,False,False,True,False
PanTS_00001693,1,2,proper,proper,0,2.106000065803528,False,2.106000065803528,False,False,False,True,False
PanTS_00001727,32,106,proper,proper,1,13.617979764034027,True,5.958203932499369,True,True,True,True,False
PanTS_00001732,5,33,proper,proper,1,5.0703562874547,False,2.2910159826278687,False,False,False,True,False
PanTS_00001736,35,0,proper,absent,1,6.211102550927978,False,,False,False,False,False,False
PanTS_00001749,17,0,proper,degenerate,1,10.179476523115724,True,,False,False,True,False,False
PanTS_00001751,18,4,proper,proper,1,5.208204260833602,False,5.752429559806633,True,False,True,True,False
PanTS_00001755,29,0,proper,absent,0,4.536128149981216,False,,False,False,False,False,False
PanTS_00001771,21,0,proper,absent,1,7.6217380646937425,False,,False,False,False,False,False
PanTS_00001787,20,0,proper,absent,1,4.676982782287919,False,,False,False,False,False,False
PanTS_00001802,32,0,proper,absent,1,4.194807703199033,False,,False,False,False,False,False
PanTS_00001816,8,12,proper,proper,1,3.671645998454708,False,2.408203125,False,False,False,True,False
PanTS_00001823,32,0,proper,absent,1,4.5,False,,False,False,False,False,False
PanTS_00001826,66,96,proper,proper,1,4.600718014890861,False,3.4999999403953552,True,False,True,True,False
PanTS_00001829,26,10,proper,proper,1,6.840670671506687,False,2.400000035762787,False,False,False,True,False
PanTS_00001840,57,22,proper,proper,1,9.787731002697305,True,2.302734375,False,False,True,True,False
PanTS_00001850,34,1,proper,proper,1,9.087923597409738,True,4.023437976837158,True,True,True,True,False
PanTS_00001856,31,104,proper,proper,1,4.063323731114028,False,6.996095895767212,True,False,True,True,False
PanTS_00001870,29,0,proper,absent,1,8.100674692241112,True,,False,False,True,False,False
PanTS_00001873,21,5,proper,proper,1,9.2578125,True,2.506893223281,False,False,True,True,False
PanTS_00001874,37,41,proper,proper,1,11.899999797344208,True,4.010937511920929,True,True,True,True,False
PanTS_00001876,61,0,proper,absent,1,8.882737058668384,True,,False,False,True,False,False
PanTS_00001878,0,0,absent,absent,1,,False,,False,False,False,False,False
PanTS_00001890,34,24,proper,proper,0,8.74214598694921,True,2.44134559335908,False,False,True,True,False
PanTS_00001913,28,2,proper,proper,1,5.548729737706005,False,1.6369258450023318,False,False,False,True,False
PanTS_00001921,16,0,proper,absent,0,4.180168482557729,False,,False,False,False,False,False
PanTS_00001922,24,108,proper,proper,1,10.562482490146792,True,8.16406774520874,True,True,True,True,False
PanTS_00001923,167,72,proper,proper,1,8.49038370005794,True,3.267578125,True,True,True,True,False
PanTS_00001941,64,17,proper,proper,1,10.985615305384004,True,2.654297947883606,False,False,True,True,False
PanTS_00001946,62,27,proper,proper,1,8.027663564627995,False,3.4562612338562726,True,False,True,True,False
PanTS_00001964,23,99,proper,proper,1,10.383042547755732,True,4.149409956639517,True,True,True,True,False
PanTS_00001968,34,30,proper,proper,1,5.95147525120847,False,3.125,False,False,False,True,False
PanTS_00001973,171,7,proper,proper,1,7.020153908801775,False,2.2265639305114746,False,False,False,True,False
PanTS_00001996,52,6,proper,proper,1,7.859707232277979,False,2.865234375,False,False,False,True,False
PanTS_00002012,24,131,proper,proper,1,10.143360983899113,True,6.575986094651089,True,True,True,True,False
PanTS_00002014,33,22,proper,proper,1,16.812977497045825,True,4.364146624862945,True,True,True,True,False
PanTS_00002026,13,13,proper,proper,0,7.567350385715417,False,2.243219018405969,False,False,False,True,False
PanTS_00002028,42,63,proper,proper,1,9.970401292005556,True,2.9296860694885254,False,False,True,True,False
PanTS_00002038,25,14,proper,proper,0,3.847362006904838,False,2.868581072196918,False,False,False,True,False
PanTS_00002071,103,129,proper,proper,1,10.90132485162124,True,3.9518209407582656,True,True,True,True,False
PanTS_00002081,7,0,proper,degenerate,1,2.3067794417609018,False,,False,False,False,False,False
PanTS_00002091,0,0,absent,absent,1,,False,,False,False,False,False,False
PanTS_00002094,106,24,proper,proper,1,12.813708689361324,True,2.0390639305114746,False,False,True,True,False
PanTS_00002095,15,0,proper,absent,1,2.781104819995353,False,,False,False,False,False,False
PanTS_00002098,34,11,proper,proper,1,5.414203374803773,False,2.701172947883606,False,False,False,True,False
PanTS_00002102,29,4,proper,proper,1,7.4852813742385695,False,3.0,False,False,False,True,False
PanTS_00002107,21,0,proper,absent,1,5.814682124880615,False,,False,False,False,False,False
PanTS_00002110,39,1,proper,proper,0,4.232753312215979,False,2.400000035762787,False,False,False,True,False
PanTS_00002123,10,2,proper,proper,1,2.489062488079071,False,2.400000035762787,False,False,False,True,False
PanTS_00002126,9,55,proper,proper,1,4.43569219381653,False,2.7426406871192848,False,False,False,True,False
PanTS_00002142,18,1,proper,proper,1,4.266661145874649,False,2.418750047683716,False,False,False,True,False
PanTS_00002162,20,0,proper,absent,0,4.5,False,,False,False,False,False,False
PanTS_00002172,26,0,proper,absent,0,5.370726224353518,False,,False,False,False,False,False
PanTS_00002177,0,3,degenerate,proper,1,,False,2.450000047683716,False,False,False,False,False
PanTS_00002179,33,2,proper,proper,0,5.208203843827693,False,1.4999999617633524,False,False,False,True,False
PanTS_00002186,28,2,proper,proper,1,5.618749618530273,False,0.78125,False,False,False,True,False
PanTS_00002187,2,1,proper,proper,1,1.544921875,False,5.364178789852866,True,False,True,True,False
PanTS_00002196,28,0,proper,degenerate,1,7.005937500000001,False,,False,False,False,False,False
PanTS_00002205,4,6,proper,proper,1,3.457971876349592,False,3.0,False,False,False,True,False
PanTS_00002211,0,7,absent,proper,1,,False,2.749999999999999,False,False,False,False,False
PanTS_00002213,3,8,proper,proper,1,4.088166368295145,False,2.176603865441815,False,False,False,True,False
PanTS_00002232,12,32,proper,proper,1,5.095042099623618,False,4.179687976837158,True,False,True,True,False
PanTS_00002235,38,11,proper,proper,1,8.788136485230007,True,3.740234971046448,True,True,True,True,False
PanTS_00002243,32,26,proper,proper,1,6.85546875,False,2.644791059472336,False,False,False,True,False
PanTS_00002249,37,0,proper,absent,1,6.639161039827915,False,,False,False,False,False,False
PanTS_00002262,0,0,absent,absent,1,,False,,False,False,False,False,False
PanTS_00002269,49,79,proper,proper,1,12.99871368845301,True,5.460547002532932,True,True,True,True,False
PanTS_00002275,27,9,proper,proper,1,4.671432487803456,False,2.310546875,False,False,False,True,False
PanTS_00002276,25,0,proper,degenerate,1,5.208203936503818,False,,False,False,False,False,False
PanTS_00002279,43,139,proper,proper,1,4.828163229415166,False,6.284754096154108,True,False,True,True,False
PanTS_00002281,58,38,proper,proper,0,7.682647304615623,False,3.0,False,False,False,True,False
PanTS_00002287,14,0,proper,absent,1,8.356868596911303,True,,False,False,True,False,False
PanTS_00002304,53,178,proper,proper,1,7.020153908801775,False,6.757812023162842,True,False,True,True,False
PanTS_00002323,8,1,proper,proper,1,5.767359534446334,False,1.721292286974596,False,False,False,True,False
PanTS_00002329,45,0,proper,absent,1,6.799733433497502,False,,False,False,False,False,False
PanTS_00002340,26,3,proper,proper,1,7.883032260410449,False,2.815276086400995,False,False,False,True,False
PanTS_00002345,37,4,proper,proper,1,6.558587538123733,False,1.6642209218001895,False,False,False,True,False
PanTS_00002353,10,9,proper,proper,1,4.5,False,2.7426406871192848,False,False,False,True,False
PanTS_00002362,8,0,proper,absent,1,6.13526672410925,False,,False,False,False,False,False
PanTS_00002375,147,2,proper,proper,0,6.310506428431448,False,1.546875,False,False,False,True,False
PanTS_00002388,73,85,proper,proper,1,14.941329933523248,True,4.2363280057907104,True,True,True,True,False
PanTS_00002396,83,1,proper,proper,1,12.349948002216042,True,2.732949519722166,False,False,True,True,False
PanTS_00002417,7,5,proper,proper,1,5.126953959465027,False,2.1972659826278687,False,False,False,True,False
PanTS_00002435,50,37,proper,proper,1,6.518775246258317,False,2.2966466563581167,False,False,False,True,False
PanTS_00002445,9,14,proper,proper,1,6.972689680225652,False,2.779393396205793,False,False,False,True,False
PanTS_00002451,34,0,proper,absent,1,5.724496634774579,False,,False,False,False,False,False
PanTS_00002453,48,28,proper,proper,0,9.420166656919433,True,3.1470136755091995,False,False,True,True,False
PanTS_00002464,80,112,proper,proper,1,7.555038802508885,False,9.877973643488543,True,False,True,True,False
PanTS_00002466,4,2,proper,proper,1,0.78125,False,1.428458691207961,False,False,False,True,False
PanTS_00002468,53,0,proper,degenerate,1,5.561079219213245,False,,False,False,False,False,False
PanTS_00002472,8,0,proper,absent,0,3.1833199350390395,False,,False,False,False,False,False
PanTS_00002479,0,0,absent,absent,1,,False,,False,False,False,False,False
PanTS_00002483,27,0,proper,absent,1,3.7714456884137615,False,,False,False,False,False,False
PanTS_00002495,2,20,proper,proper,1,7.022360047101975,False,2.346000015735626,False,False,False,True,False
PanTS_00002497,13,0,proper,absent,1,5.660154104232788,False,,False,False,False,False,False
PanTS_00002498,45,3,proper,proper,1,5.497424106146222,False,3.0,False,False,False,True,False
PanTS_00002514,27,138,proper,proper,1,9.251500534865324,True,7.349113838686247,True,True,True,True,False
PanTS_00002541,20,10,proper,proper,1,4.697539690835461,False,2.677734017372132,False,False,False,True,False
PanTS_00002566,23,30,proper,proper,0,8.274981395649256,True,2.9296875,False,False,True,True,False
PanTS_00002567,32,93,proper,proper,1,6.670843690203547,False,6.525813936310296,True,False,True,True,False
PanTS_00002572,3,22,proper,proper,1,7.260272788027626,False,2.807548260184662,False,False,False,True,False
PanTS_00002582,14,0,proper,absent,0,5.677731156349182,False,,False,False,False,False,False
PanTS_00002585,12,15,proper,proper,1,5.752729841566616,False,3.874647151992384,True,False,True,True,False
PanTS_00002592,25,3,proper,proper,1,9.175291079054537,True,1.3262356562494009,False,False,True,True,False
PanTS_00002593,63,78,proper,proper,1,9.473821144113929,True,4.4556339908981455,True,True,True,True,False
PanTS_00002597,10,7,proper,proper,1,17.330030883438756,True,2.436439285898369,False,False,True,True,False
PanTS_00002609,4,121,proper,proper,1,6.996095895767212,False,9.22265601158142,True,False,True,True,False
PanTS_00002616,45,21,proper,proper,1,5.162278952101603,False,2.53628763870032,False,False,False,True,False
PanTS_00002628,73,89,proper,proper,1,15.557355743754174,True,6.625487425110361,True,True,True,True,False
PanTS_00002643,53,1,proper,proper,1,9.280693335071811,True,2.66015625,False,False,True,True,False
PanTS_00002652,22,1,proper,proper,1,7.546918458756104,False,1.507023919224399,False,False,False,True,False
PanTS_00002655,4,0,proper,absent,0,1.5000002377765274,False,,False,False,False,False,False
PanTS_00002677,0,0,absent,absent,1,,False,,False,False,False,False,False
PanTS_00002686,42,11,proper,proper,1,8.247101340987863,True,2.841796875,False,False,True,True,False
PanTS_00002720,24,2,proper,proper,1,6.152342081069946,False,0.8789060115814209,False,False,False,True,False
PanTS_00002729,17,50,proper,proper,1,4.214843988418579,False,3.6563571090474287,True,False,True,True,False
PanTS_00002734,60,13,proper,proper,1,7.0488795571839615,False,2.2265625,False,False,False,True,False
PanTS_00002741,33,36,proper,proper,1,10.10746023081406,True,3.775024621732511,True,True,True,True,False
PanTS_00002750,0,0,absent,absent,1,,False,,False,False,False,False,False
PanTS_00002759,32,0,proper,absent,1,9.06845641909549,True,,False,False,True,False,False
PanTS_00002765,33,17,proper,proper,0,5.842454338150306,False,2.9296875,False,False,False,True,False
PanTS_00002779,0,0,absent,absent,1,,False,,False,False,False,False,False
PanTS_00002783,0,4,degenerate,proper,0,,False,1.4655683837686726,False,False,False,False,False
PanTS_00002821,37,59,proper,proper,0,6.483314773547883,False,3.0,False,False,False,True,False
PanTS_00002829,70,1,proper,proper,1,6.208451731678437,False,2.3671889305114746,False,False,False,True,False
PanTS_00002840,0,0,absent,absent,0,,False,,False,False,False,False,False
PanTS_00002849,68,141,proper,proper,1,10.747665269153073,True,8.676624059601247,True,True,True,True,False
PanTS_00002855,0,0,absent,absent,1,,False,,False,False,False,False,False
PanTS_00002859,29,21,proper,proper,1,6.955056329693921,False,2.53125,False,False,False,True,False
PanTS_00002866,48,20,proper,proper,1,10.449547836581017,True,2.44134559335908,False,False,True,True,False
PanTS_00002875,12,22,proper,proper,1,7.894266798908554,False,6.3247172475565705,True,False,True,True,False
PanTS_00002887,16,2,proper,proper,0,7.1792697781505055,False,1.7451236729202062,False,False,False,True,False
PanTS_00002888,65,3,proper,proper,1,6.363279104232788,False,2.421526320424844,False,False,False,True,False
PanTS_00002889,4,0,proper,absent,1,0.7382810115814209,False,,False,False,False,False,False
PanTS_00002893,39,1,proper,proper,1,5.997197418388613,False,4.12109375,True,False,True,True,False
PanTS_00002898,0,0,degenerate,absent,1,,False,,False,False,False,False,False
PanTS_00002905,35,7,proper,proper,1,5.837714227710566,False,2.6015639305114746,False,False,False,True,False
PanTS_00002906,25,0,proper,absent,1,4.159808844013093,False,,False,False,False,False,False
PanTS_00002913,73,138,proper,proper,1,15.88922370045882,True,7.51385409287849,True,True,True,True,False
PanTS_00002915,46,15,proper,proper,1,5.0,False,3.0,False,False,False,True,False
PanTS_00002916,41,0,proper,absent,1,4.602041842157637,False,,False,False,False,False,False
PanTS_00002924,78,0,proper,absent,0,6.707362104226837,False,,False,False,False,False,False
PanTS_00002927,46,50,proper,proper,1,5.661077189355464,False,6.492899653575047,True,False,True,True,False
PanTS_00002930,27,0,proper,absent,1,5.978364628527821,False,,False,False,False,False,False
PanTS_00002933,70,44,proper,proper,0,8.508401250883859,True,2.7126062148434213,False,False,True,True,False
PanTS_00002935,0,0,absent,absent,1,,False,,False,False,False,False,False
PanTS_00002936,5,11,proper,proper,1,2.7426406871192848,False,4.098076211353316,True,False,True,True,False
PanTS_00002960,356,6,proper,proper,1,6.437920986261235,False,2.40234375,False,False,False,True,False
PanTS_00002963,0,2,absent,proper,1,,False,2.457812547683716,False,False,False,False,False
PanTS_00002964,36,0,proper,absent,0,5.599757634693681,False,,False,False,False,False,False
PanTS_00002976,11,2,proper,proper,0,6.724793613100251,False,2.5119737568770804,False,False,False,True,False
PanTS_00002993,800,61,proper,proper,1,9.702370422406544,True,4.1875,True,True,True,True,False
PanTS_00003012,60,5,proper,proper,1,9.17578125,True,1.507023919224399,False,False,True,True,False
PanTS_00003024,24,4,proper,proper,1,5.0,False,1.0,False,False,False,True,False
PanTS_00003029,38,3,proper,proper,1,6.56466088025963,False,5.1373835392494325,True,False,True,True,False
PanTS_00003033,76,18,proper,proper,1,6.137813791223545,False,2.807812511920929,False,False,False,True,False
PanTS_00003038,20,2,proper,proper,1,5.188722523096097,False,0.9277340173721312,False,False,False,True,False
PanTS_00003051,0,0,absent,absent,1,,False,,False,False,False,False,False
PanTS_00003054,31,0,proper,absent,0,11.847587387815846,True,,False,False,True,False,False
PanTS_00003068,15,8,proper,proper,0,8.428911814048568,True,2.4140639305114746,False,False,True,True,False
PanTS_00003072,0,0,absent,absent,1,,False,,False,False,False,False,False
PanTS_00003079,81,42,proper,proper,1,9.46957374916248,True,3.80859375,True,True,True,True,False
PanTS_00003082,21,4,proper,proper,1,4.386197367218059,False,3.429346543134446,True,False,True,True,False
PanTS_00003084,4,5,proper,proper,1,3.293205845000187,False,4.620000183582306,True,False,True,True,False
PanTS_00003113,0,141,degenerate,proper,1,,False,7.371697272572396,True,False,True,False,False
PanTS_00003123,0,0,absent,absent,0,,False,,False,False,False,False,False
PanTS_00003127,7,25,proper,proper,1,4.852423867912483,False,2.34375,False,False,False,True,False
PanTS_00003128,34,10,proper,proper,1,6.580855113900318,False,2.2265625,False,False,False,True,False
PanTS_00003130,16,2,proper,proper,1,4.159808844013093,False,0.78125,False,False,False,True,False
PanTS_00003144,15,0,proper,absent,0,6.756035463014897,False,,False,False,False,False,False
PanTS_00003147,31,15,proper,proper,1,5.024305747042208,False,4.386718988418579,True,False,True,True,False
PanTS_00003148,6,6,proper,proper,1,3.0878085961877795,False,2.34375,False,False,False,True,False
PanTS_00003151,32,18,proper,proper,1,10.162608376912257,True,15.01542641306683,True,True,True,True,False
PanTS_00003153,29,1,proper,proper,1,6.550925381429416,False,1.7855733640099514,False,False,False,True,False
PanTS_00003157,19,2,proper,proper,0,4.3548420364241744,False,2.496875286102295,False,False,False,True,False
PanTS_00003160,6,2,proper,proper,1,1.5,False,1.5,False,False,False,True,False
PanTS_00003161,134,0,proper,degenerate,1,10.08680447824876,True,,False,False,True,False,False
PanTS_00003162,13,6,proper,proper,1,9.134765982627869,True,2.6486619425589613,False,False,True,True,False
PanTS_00003180,12,5,proper,proper,0,4.643691859289924,False,1.285612822087165,False,False,False,True,False
PanTS_00003187,0,0,absent,absent,1,,False,,False,False,False,False,False
PanTS_00003188,37,10,proper,proper,1,5.082856075593589,False,2.786890204920572,False,False,False,True,False
PanTS_00003192,48,118,proper,proper,1,14.946960259480324,True,7.773059208570399,True,True,True,True,False
PanTS_00003199,0,0,absent,absent,0,,False,,False,False,False,False,False
PanTS_00003202,22,47,proper,proper,1,6.6113280057907104,False,3.0855899832952525,False,False,False,True,False
PanTS_00003204,13,4,proper,proper,0,5.46875,False,1.428458691207961,False,False,False,True,False
PanTS_00003205,0,2,absent,proper,1,,False,1.1499092464224083,False,False,False,False,False
PanTS_00003218,64,46,proper,proper,0,9.431321018703173,True,3.515625,True,True,True,True,False
PanTS_00003229,6,1,proper,proper,1,3.182486814466873,False,1.7246090173721311,False,False,False,True,False
PanTS_00003246,88,70,proper,proper,1,12.931194444708543,True,6.290433417555417,True,True,True,True,False
PanTS_00003258,14,0,proper,absent,1,6.358580571337774,False,,False,False,False,False,False
PanTS_00003260,0,0,absent,absent,1,,False,,False,False,False,False,False
PanTS_00003265,54,13,proper,proper,1,5.46875,False,2.779846257499337,False,False,False,True,False
PanTS_00003270,52,80,proper,proper,1,14.751147000967585,True,3.741514481248931,True,True,True,True,False
PanTS_00003276,35,62,proper,proper,1,12.20122202475098,True,5.368418210166687,True,True,True,True,False
PanTS_00003280,16,3,proper,proper,1,5.223384775760332,False,2.4774429560328755,False,False,False,True,False
PanTS_00003287,73,71,proper,proper,1,15.397245070938082,True,4.177734017372131,True,True,True,True,False
PanTS_00003291,24,22,proper,proper,0,4.384369041759036,False,3.0,False,False,False,True,False
PanTS_00003292,48,18,proper,proper,1,7.102815424153335,False,2.998846576001871,False,False,False,True,False
PanTS_00003300,86,61,proper,proper,1,13.077461196211043,True,5.988606418866876,True,True,True,True,False
PanTS_00003303,31,0,proper,absent,1,6.647139909067975,False,,False,False,False,False,False
PanTS_00003318,36,10,proper,proper,1,5.747605517042046,False,5.816780268431268,True,False,True,True,False
PanTS_00003339,17,3,proper,proper,1,6.169509257673196,False,1.507023919224399,False,False,False,True,False
PanTS_00003343,13,0,proper,degenerate,1,4.01935868024849,False,,False,False,False,False,False
PanTS_00003355,18,41,proper,proper,1,4.921875,False,6.328125,True,False,True,True,False
PanTS_00003356,24,48,proper,proper,1,6.1947820013900765,False,5.9630393731401545,True,False,True,True,False
PanTS_00003360,1,17,proper,proper,1,1.639156348161135,False,7.266786933134404,True,False,True,True,False
PanTS_00003370,11,3,proper,proper,1,2.8940631242758146,False,1.8812334564913584,False,False,False,True,False
PanTS_00003391,32,92,proper,proper,1,5.592253872705348,False,6.184128947857256,True,False,True,True,False
PanTS_00003398,14,0,proper,absent,1,2.401171922683716,False,,False,False,False,False,False
PanTS_00003405,26,22,proper,proper,1,6.701078337766311,False,2.7426406871192848,False,False,False,True,False
PanTS_00003411,43,0,proper,absent,0,7.125301134863035,False,,False,False,False,False,False
PanTS_00003416,18,0,proper,absent,1,5.742184162139893,False,,False,False,False,False,False
PanTS_00003428,58,0,proper,absent,0,6.058272825473598,False,,False,False,False,False,False
PanTS_00003431,23,54,proper,proper,1,5.015656046962203,False,3.249113160502996,True,False,True,True,False
PanTS_00003434,88,117,proper,proper,1,18.587514088777795,True,7.049373627874565,True,True,True,True,False
PanTS_00003437,23,45,proper,proper,1,5.125526633803214,False,4.1261130737744,True,False,True,True,False
PanTS_00003441,24,72,proper,proper,1,8.523579807936315,True,6.113235254367722,True,True,True,True,False
PanTS_00003447,36,5,proper,proper,0,8.744141936302185,True,3.4384218899243635,True,True,True,True,False
PanTS_00003457,43,63,proper,proper,1,10.758968494816562,True,4.342920842623918,True,True,True,True,False
PanTS_00003473,16,9,proper,proper,1,9.164022510882036,True,2.109375,False,False,True,True,False
PanTS_00003477,0,6,absent,proper,0,,False,2.2265639305114746,False,False,False,False,False
PanTS_00003485,8,5,proper,proper,1,7.42047181157402,False,2.109375,False,False,False,True,False
PanTS_00003493,27,0,proper,absent,1,7.480752616888992,False,,False,False,False,False,False
PanTS_00003495,22,0,proper,absent,1,5.290670319671906,False,,False,False,False,False,False
PanTS_00003496,6,115,proper,proper,1,3.969036606903583,False,4.62793307871275,True,False,True,True,False
PanTS_00003513,76,68,proper,proper,1,8.37386354243376,True,3.0,False,False,True,True,False
PanTS_00003516,29,2,proper,proper,0,5.802015477695674,False,1.428458691207961,False,False,False,True,False
PanTS_00003521,26,2,proper,proper,1,4.3300780057907104,False,1.197154468102973,False,False,False,True,False
PanTS_00003527,36,10,proper,proper,1,6.819160170741759,False,3.2596747752497683,True,False,True,True,False
PanTS_00003558,78,28,proper,proper,1,12.602622856833566,True,7.1713321262768135,True,True,True,True,False
PanTS_00003563,12,12,proper,proper,0,4.666290752444645,False,2.320078110694885,False,False,False,True,False
PanTS_00003569,5,9,proper,proper,0,3.6580120321397582,False,1.5000000420424306,False,False,False,True,False
PanTS_00003570,36,7,proper,proper,1,7.488407528167305,False,2.8482365255855924,False,False,False,True,False
PanTS_00003578,2,23,proper,proper,1,3.538190083927677,False,3.5472143081360974,True,False,True,True,False
PanTS_00003581,37,0,proper,absent,0,4.743119535124527,False,,False,False,False,False,False
PanTS_00003586,29,8,proper,proper,1,5.741106830056701,False,1.922229374810803,False,False,False,True,False
PanTS_00003587,0,6,absent,proper,1,,False,2.34375,False,False,False,False,False
PanTS_00003588,18,66,proper,proper,1,5.592420729032504,False,4.358751921457397,True,False,True,True,False
PanTS_00003595,4,38,proper,proper,1,4.670679660156522,False,3.544896274189681,True,False,True,True,False
PanTS_00003602,53,102,proper,proper,1,6.910626906882436,False,9.253543464272203,True,False,True,True,False
PanTS_00003615,13,50,proper,proper,1,9.51801685342658,True,2.2265639305114746,False,False,True,True,False
PanTS_00003624,46,5,proper,proper,1,7.03125,False,1.428458691207961,False,False,False,True,False
PanTS_00003631,11,43,proper,proper,1,4.781413718250257,False,2.888672947883606,False,False,False,True,False
PanTS_00003639,0,13,absent,proper,1,,False,2.600390672683716,False,False,False,False,False
PanTS_00003642,56,27,proper,proper,1,8.40436077772448,True,2.576977559744692,False,False,True,True,False
PanTS_00003654,48,55,proper,proper,1,6.505869267398027,False,2.7200845086959418,False,False,False,True,False
PanTS_00003662,27,11,proper,proper,0,6.056640625,False,2.595703125,False,False,False,True,False
PanTS_00003672,35,18,proper,proper,1,9.28572810129655,True,4.308058982970054,True,True,True,True,False
PanTS_00003676,23,28,proper,proper,0,7.1136571400865325,False,2.28515625,False,False,False,True,False
PanTS_00003679,70,118,proper,proper,1,11.703252331657048,True,5.589841386662741,True,True,True,True,False
PanTS_00003684,35,116,proper,proper,1,4.975108554135867,False,5.625794096925343,True,False,True,True,False
PanTS_00003700,7,59,proper,proper,1,4.630458721155533,False,2.699968316131838,False,False,False,True,False
PanTS_00003706,22,0,proper,degenerate,1,5.627974663704627,False,,False,False,False,False,False
PanTS_00003711,42,2,proper,proper,1,12.50893855645798,True,1.3606075572720786,False,False,True,True,False
PanTS_00003730,48,37,proper,proper,1,8.891558826783953,True,5.875014560668608,True,True,True,True,False
PanTS_00003736,54,8,proper,proper,1,6.262432925049337,False,1.9621358520890224,False,False,False,True,False
PanTS_00003746,25,3,proper,proper,1,5.208203932499369,False,1.5,False,False,False,True,False
PanTS_00003750,20,12,proper,proper,1,4.66157097230653,False,1.4468059071542436,False,False,False,True,False
PanTS_00003768,27,13,proper,proper,1,8.655401412868805,True,2.9296875,False,False,True,True,False
PanTS_00003776,61,38,proper,proper,1,8.134263461076507,True,2.529506537074072,False,False,True,True,False
PanTS_00003777,34,21,proper,proper,1,5.15234375,False,2.54296875,False,False,False,True,False
PanTS_00003782,45,9,proper,proper,1,8.797958971132712,True,3.0,False,False,True,True,False
PanTS_00003784,4,2,proper,proper,1,5.0853663118060055,False,0.955078125,False,False,False,True,False
PanTS_00003812,37,64,proper,proper,1,6.958619791596118,False,5.38336876423527,True,False,True,True,False
PanTS_00003815,26,0,proper,absent,0,10.152206295518315,True,,False,False,True,False,False
PanTS_00003824,34,11,proper,proper,1,7.154297947883606,False,8.701835866748487,True,False,True,True,False
PanTS_00003841,42,5,proper,proper,1,5.191487638998686,False,2.765685424949238,False,False,False,True,False
PanTS_00003849,56,0,proper,degenerate,1,4.879789088515552,False,,False,False,False,False,False
PanTS_00003889,12,14,proper,proper,1,3.710939884185791,False,2.349208700743101,False,False,False,True,False
PanTS_00003894,29,0,proper,absent,1,5.232447943747992,False,,False,False,False,False,False
PanTS_00003900,0,0,absent,absent,1,,False,,False,False,False,False,False
PanTS_00003916,8,28,proper,proper,1,3.30078125,False,2.4277825622848623,False,False,False,True,False
PanTS_00003919,13,11,proper,proper,1,6.239047942406178,False,2.44134559335908,False,False,False,True,False
PanTS_00003921,51,25,proper,proper,1,6.274113653269598,False,2.2324219942092896,False,False,False,True,False
PanTS_00003923,50,16,proper,proper,1,11.984375,True,6.397093256998215,True,True,True,True,False
PanTS_00003924,0,3,absent,proper,0,,False,1.942540155955055,False,False,False,False,False
PanTS_00003928,7,2,proper,proper,0,2.585117078506591,False,1.31582239386264,False,False,False,True,False
PanTS_00003937,44,4,proper,proper,1,5.822290617293498,False,0.703125,False,False,False,True,False
PanTS_00003942,10,10,proper,proper,1,2.457812547683716,False,2.9501028944645213,False,False,False,True,False
PanTS_00003950,12,8,proper,proper,1,6.713085116801363,False,9.100000023841858,True,False,True,True,False
PanTS_00003953,48,0,proper,degenerate,1,7.714644266741268,False,,False,False,False,False,False
PanTS_00003968,20,1,proper,proper,1,4.802796422757938,False,2.418750047683716,False,False,False,True,False
PanTS_00003969,27,90,proper,proper,1,5.25908204112234,False,4.183894710339457,True,False,True,True,False
PanTS_00003974,18,89,proper,proper,1,15.579458774848586,True,3.70873673498305,True,True,True,True,False
PanTS_00003978,86,9,proper,proper,1,6.772279390558378,False,2.25,False,False,False,True,False
PanTS_00003993,34,2,proper,proper,1,6.69634583636758,False,2.6691615298902933,False,False,False,True,False
PanTS_00004029,56,39,proper,proper,1,16.13880023655305,True,5.192096500350846,True,True,True,True,False
PanTS_00004033,80,150,proper,proper,1,17.73400548617458,True,8.402433562362368,True,True,True,True,False
PanTS_00004046,18,1,proper,proper,1,5.471107911071325,False,0.880859375,False,False,False,True,False
PanTS_00004055,23,0,proper,absent,1,6.066072383369195,False,,False,False,False,False,False
PanTS_00004058,31,6,proper,proper,1,13.96040010723008,True,4.429469343231672,True,True,True,True,False
PanTS_00004064,75,72,proper,proper,1,14.296875,True,7.924648557674077,True,True,True,True,False
PanTS_00004069,28,0,proper,absent,1,7.478434808884724,False,,False,False,False,False,False
PanTS_00004078,0,2,absent,proper,1,,False,1.357035756647563,False,False,False,False,False
PanTS_00004085,26,19,proper,proper,1,6.480886273903384,False,2.08141414280824,False,False,False,True,False
PanTS_00004089,35,16,proper,proper,0,6.261743909724244,False,2.3554680347442627,False,False,False,True,False
PanTS_00004099,8,0,proper,absent,0,2.7711244416956187,False,,False,False,False,False,False
PanTS_00004112,36,6,proper,proper,0,7.989206670829767,False,1.7501012673568186,False,False,False,True,False
PanTS_00004117,13,12,proper,proper,1,4.183894710339457,False,2.6953139305114746,False,False,False,True,False
PanTS_00004121,64,0,proper,absent,1,9.240564110435823,True,,False,False,True,False,False
PanTS_00004122,18,5,proper,proper,1,5.179785753944923,False,1.7498618967297523,False,False,False,True,False
PanTS_00004123,14,2,proper,proper,1,4.5,False,1.5,False,False,False,True,False
PanTS_00004124,19,10,proper,proper,1,5.26693034575247,False,2.2361382645329453,False,False,False,True,False
PanTS_00004155,32,2,proper,proper,1,4.635002160319909,False,4.151424072688123,True,False,True,True,False
PanTS_00004157,4,10,proper,proper,1,5.269501341593971,False,2.7773430347442627,False,False,False,True,False
PanTS_00004190,54,1,proper,proper,1,8.280824589780691,True,1.6355847655021185,False,False,True,True,False
PanTS_00004208,19,3,proper,proper,1,3.3369808603613937,False,2.400000035762787,False,False,False,True,False
PanTS_00004225,27,3,proper,proper,1,7.9880563135372,False,2.103515625,False,False,False,True,False
PanTS_00004230,74,2,proper,proper,0,4.267132142538165,False,1.6055129951446974,False,False,False,True,False
PanTS_00004231,29,55,proper,proper,1,5.896143096326543,False,5.072748642541091,True,False,True,True,False
PanTS_00004243,64,46,proper,proper,1,6.741793348047834,False,4.66303014895205,True,False,True,True,False
PanTS_00004248,11,0,proper,absent,0,5.208203932499369,False,,False,False,False,False,False
PanTS_00004251,35,10,proper,proper,0,6.796875,False,2.109375,False,False,False,True,False
PanTS_00004262,31,2,proper,proper,1,4.964163741992281,False,1.5217470997458435,False,False,False,True,False
PanTS_00004267,35,0,proper,degenerate,1,4.282329977857382,False,,False,False,False,False,False
PanTS_00004268,55,135,proper,proper,1,14.614247489998764,True,6.131681129623959,True,True,True,True,False
PanTS_00004270,6,51,proper,proper,0,4.5,False,1.5,False,False,False,True,False
PanTS_00004287,8,1,proper,proper,0,3.90625,False,2.418750047683716,False,False,False,True,False
PanTS_00004290,17,19,proper,proper,0,4.980357741400759,False,3.092442275053534,False,False,False,True,False
PanTS_00004301,53,33,proper,proper,1,5.695020607885268,False,3.974699530710255,True,False,True,True,False
PanTS_00004312,43,2,proper,proper,0,5.69801676273346,False,1.2835558816774773,False,False,False,True,False
PanTS_00004313,34,4,proper,proper,1,6.618719280149597,False,2.184257841110229,False,False,False,True,False
PanTS_00004323,47,6,proper,proper,1,6.248046875,False,2.677734375,False,False,False,True,False
PanTS_00004329,0,0,absent,absent,1,,False,,False,False,False,False,False
PanTS_00004330,0,0,absent,absent,0,,False,,False,False,False,False,False
PanTS_00004339,14,0,proper,degenerate,0,5.116137421274451,False,,False,False,False,False,False
PanTS_00004360,11,8,proper,proper,1,6.521481156349182,False,2.515941022534692,False,False,False,True,False
PanTS_00004366,2,10,proper,proper,1,1.5,False,1.5,False,False,False,True,False
PanTS_00004400,18,9,proper,proper,0,4.443921168422174,False,2.4753904342651367,False,False,False,True,False
PanTS_00004408,31,132,proper,proper,1,7.649229036408975,False,5.569481396925649,True,False,True,True,False
PanTS_00004420,52,79,proper,proper,1,12.645271863405412,True,6.284729046447275,True,True,True,True,False
PanTS_00004424,0,6,absent,proper,0,,False,2.19140625,False,False,False,False,False
PanTS_00004426,44,3,proper,proper,1,6.928800807563549,False,2.257851421293598,False,False,False,True,False
PanTS_00004427,60,0,proper,absent,0,4.954815819250202,False,,False,False,False,False,False
PanTS_00004438,8,4,proper,proper,1,7.172066110228482,False,2.9296875,False,False,False,True,False
PanTS_00004446,61,31,proper,proper,0,5.551014916619441,False,2.530605175378688,False,False,False,True,False
PanTS_00004448,24,141,proper,proper,1,5.724430887503623,False,6.644529104232788,True,False,True,True,False
PanTS_00004449,53,0,proper,degenerate,1,4.028305157919447,False,,False,False,False,False,False
PanTS_00004454,70,10,proper,proper,1,4.3518909573258,False,1.244885803167664,False,False,False,True,False
PanTS_00004475,43,5,proper,proper,1,5.968373354356364,False,5.839134825805211,True,False,True,True,False
PanTS_00004483,22,0,proper,degenerate,1,5.7421875,False,,False,False,False,False,False
PanTS_00004486,12,0,proper,absent,0,2.7126062148434213,False,,False,False,False,False,False
PanTS_00004497,33,9,proper,proper,1,8.159964263174773,True,3.267942915386921,True,True,True,True,False
PanTS_00004503,47,10,proper,proper,1,4.893486800565617,False,2.109375,False,False,False,True,False
PanTS_00004506,30,3,proper,proper,1,8.142718214733483,True,2.1972659826278687,False,False,True,True,False
PanTS_00004513,53,44,proper,proper,1,5.056748705355812,False,4.365629253444105,True,False,True,True,False
PanTS_00004517,65,0,proper,degenerate,1,9.37067017659824,True,,False,False,True,False,False
PanTS_00004521,33,12,proper,proper,1,9.52734375,True,3.1035112295478786,False,False,True,True,False
PanTS_00004523,74,86,proper,proper,1,14.56245652580915,True,5.378050868288995,True,True,True,True,False
PanTS_00004527,25,22,proper,proper,0,5.165899710983544,False,2.14490691736751,False,False,False,True,False
PanTS_00004538,51,3,proper,proper,1,10.092985351622474,True,1.5,False,False,True,True,False
PanTS_00004539,28,0,proper,absent,1,6.324333624210168,False,,False,False,False,False,False
PanTS_00004540,24,2,proper,proper,1,5.8977045286123095,False,2.4609375,False,False,False,True,False
PanTS_00004542,26,93,proper,proper,1,6.609375,False,3.671875,True,False,True,True,False
PanTS_00004548,16,26,proper,proper,0,4.433359163655473,False,2.2832030057907104,False,False,False,True,False
PanTS_00004568,60,4,proper,proper,0,9.342877637813462,True,1.5320226002170338,False,False,True,True,False
PanTS_00004571,3,0,proper,absent,1,4.168734255192848,False,,False,False,False,False,False
PanTS_00004597,113,36,proper,proper,1,14.866693238943274,True,5.918872325885727,True,True,True,True,False
PanTS_00004602,34,5,proper,proper,1,5.58984375,False,1.0327184776082632,False,False,False,True,False
PanTS_00004621,26,20,proper,proper,0,3.7922686029246617,False,3.0,False,False,False,True,False
PanTS_00004664,17,6,proper,proper,0,6.175661769367905,False,2.432167539571393,False,False,False,True,False
PanTS_00004665,18,0,proper,degenerate,0,4.5,False,,False,False,False,False,False
PanTS_00004669,36,4,proper,proper,1,5.09856793372388,False,0.9765625,False,False,False,True,False
PanTS_00004671,0,38,absent,proper,1,,False,5.392200169376284,True,False,True,False,False
PanTS_00004673,16,6,proper,proper,1,5.632815837860107,False,2.1783762788351546,False,False,False,True,False
PanTS_00004677,39,130,proper,proper,1,3.614161997060573,False,7.020153908801775,True,False,True,True,False
PanTS_00004681,0,2,absent,proper,1,,False,1.321323853436367,False,False,False,False,False
PanTS_00004699,11,1,proper,proper,0,6.513420829298463,False,1.3570366285095572,False,False,False,True,False
PanTS_00004702,31,3,proper,proper,0,7.714622112865974,False,0.7421879768371582,False,False,False,True,False
PanTS_00004703,49,93,proper,proper,1,8.06583915186969,True,3.4562612338562726,True,True,True,True,False
PanTS_00004707,50,89,proper,proper,1,7.336089102057954,False,2.787201644019034,False,False,False,True,False
PanTS_00004722,70,24,proper,proper,0,5.946501658380307,False,2.44921875,False,False,False,True,False
PanTS_00004723,11,8,proper,proper,0,6.122456952553834,False,2.841796875,False,False,False,True,False
PanTS_00004724,22,6,proper,proper,1,5.228850665239946,False,1.9621358520890224,False,False,False,True,False
PanTS_00004730,23,2,proper,proper,0,5.981053885373256,False,1.5177373594084584,False,False,False,True,False
PanTS_00004735,6,0,proper,degenerate,1,6.49567716845934,False,,False,False,False,False,False
PanTS_00004748,9,17,proper,proper,1,4.088757346921285,False,2.466797947883606,False,False,False,True,False
PanTS_00004750,13,0,proper,absent,0,4.074747468305833,False,,False,False,False,False,False
PanTS_00004753,12,28,proper,proper,1,6.380856156349182,False,3.3016352341215898,True,False,True,True,False
PanTS_00004769,40,8,proper,proper,1,7.634133118018696,False,1.6427283667511494,False,False,False,True,False
PanTS_00004776,18,10,proper,proper,0,5.848469228349535,False,1.5,False,False,False,True,False
PanTS_00004788,0,0,absent,absent,1,,False,,False,False,False,False,False
PanTS_00004793,30,2,proper,proper,0,5.376323543095437,False,1.153124988079071,False,False,False,True,False
PanTS_00004796,44,30,proper,proper,1,7.0,False,3.0,False,False,False,True,False
PanTS_00004800,13,5,proper,proper,1,2.109375,False,3.795839707101149,True,False,True,True,False
PanTS_00004825,30,29,proper,proper,1,11.033190401254304,True,3.4471619294182263,True,True,True,True,False
PanTS_00004828,74,1,proper,proper,1,10.325435763829086,True,4.190764675166087,True,True,True,True,False
PanTS_00004842,27,42,proper,proper,1,6.3511898685566255,False,4.022131372890602,True,False,True,True,False
PanTS_00004856,0,0,absent,absent,1,,False,,False,False,False,False,False
PanTS_00004857,32,0,proper,absent,1,5.333326528969883,False,,False,False,False,False,False
PanTS_00004859,0,0,absent,absent,0,,False,,False,False,False,False,False
PanTS_00004880,38,3,proper,proper,0,6.382596251178518,False,1.0,False,False,False,True,False
PanTS_00004901,8,0,proper,absent,0,3.600178436440991,False,,False,False,False,False,False
PanTS_00004913,44,8,proper,proper,0,5.817027161713598,False,2.390625,False,False,False,True,False
PanTS_00004937,32,37,proper,proper,1,4.03836801504282,False,3.0109945541196392,False,False,False,True,False
PanTS_00004954,59,92,proper,proper,0,8.459565168165497,True,3.271484375,True,True,True,True,False
PanTS_00004963,51,58,proper,proper,1,6.836545646342431,False,3.251954913139344,True,False,True,True,False
PanTS_00004964,16,93,proper,proper,1,3.7200255933799937,False,4.797426188192164,True,False,True,True,False
PanTS_00005011,37,54,proper,proper,1,10.306587079662243,True,3.8655522886766303,True,True,True,True,False
PanTS_00005016,0,0,absent,absent,0,,False,,False,False,False,False,False
PanTS_00005017,4,2,proper,proper,1,0.716796875,False,1.3106108491833042,False,False,False,True,False
PanTS_00005027,54,37,proper,proper,1,6.015625,False,4.8017672085985215,True,False,True,True,False
PanTS_00005034,20,9,proper,proper,0,4.512858044346435,False,1.8284271247461903,False,False,False,True,False
PanTS_00005041,32,4,proper,proper,1,8.318647128153406,True,2.418750047683716,False,False,True,True,False
PanTS_00005050,42,21,proper,proper,0,6.183398843511894,False,1.6306795484078282,False,False,False,True,False
PanTS_00005054,48,15,proper,proper,1,6.749973505976616,False,3.0234375,False,False,False,True,False
PanTS_00005056,23,12,proper,proper,1,7.023484655961097,False,5.023437023162842,True,False,True,True,False
PanTS_00005062,43,149,proper,proper,1,5.407125856119544,False,8.606272568331269,True,False,True,True,False
PanTS_00005085,233,16,proper,proper,1,9.03062651536974,True,2.576977559744692,False,False,True,True,False
PanTS_00005095,12,0,proper,absent,1,4.652362467366806,False,,False,False,False,False,False
PanTS_00005103,26,0,proper,absent,0,5.412901129494102,False,,False,False,False,False,False
PanTS_00005114,43,27,proper,proper,1,4.803375524780917,False,2.5546860694885254,False,False,False,True,False
PanTS_00005137,26,51,proper,proper,1,5.857195370023967,False,6.785154104232788,True,False,True,True,False
PanTS_00005148,28,19,proper,proper,0,4.282961154130791,False,2.7426406871192848,False,False,False,True,False
PanTS_00005162,0,0,absent,absent,1,,False,,False,False,False,False,False
PanTS_00005172,73,98,proper,proper,1,10.218780148194396,True,7.050781438148379,True,True,True,True,False
PanTS_00005180,29,0,proper,absent,1,6.80683782306979,False,,False,False,False,False,False
PanTS_00005186,160,39,proper,proper,1,17.978576533811935,True,3.92578125,True,True,True,True,False
PanTS_00005188,129,34,proper,proper,1,8.246374214227963,True,2.44134559335908,False,False,True,True,False
PanTS_00005195,2,1,proper,proper,0,2.730214280248092,False,1.5,False,False,False,True,False
PanTS_00005207,17,80,proper,proper,1,7.863469097750645,False,5.386717081069946,True,False,True,True,False
PanTS_00005210,46,104,proper,proper,1,10.6649599099876,True,6.846308990587287,True,True,True,True,False
PanTS_00005221,36,138,proper,proper,1,7.277240269893546,False,7.924648557674077,True,False,True,True,False
PanTS_00005225,41,0,proper,degenerate,0,5.629590122474517,False,,False,False,False,False,False
PanTS_00005226,157,7,proper,proper,0,6.2374928477732565,False,1.981070956512906,False,False,False,True,False
PanTS_00005230,69,28,proper,proper,1,6.428892859587107,False,3.1237499654293046,False,False,False,True,False
PanTS_00005242,67,101,proper,proper,1,7.171810101315365,False,3.6836461401169807,True,False,True,True,False
PanTS_00005250,57,6,proper,proper,1,7.147727518203051,False,1.5742186903953552,False,False,False,True,False
PanTS_00005257,73,58,proper,proper,1,9.162967924813636,True,5.03568862149584,True,True,True,True,False
PanTS_00005266,0,0,absent,absent,1,,False,,False,False,False,False,False
PanTS_00005268,29,37,proper,proper,1,8.752772184579076,True,6.106817858842539,True,True,True,True,False
PanTS_00005275,73,53,proper,proper,1,8.815000116825104,True,4.6090211625713895,True,True,True,True,False
PanTS_00005284,52,27,proper,proper,0,4.302372953104324,False,2.343751907348633,False,False,False,True,False
PanTS_00005290,54,56,proper,proper,1,6.169239540428051,False,4.7108862420707975,True,False,True,True,False
PanTS_00005309,46,130,proper,proper,1,6.5273520940457335,False,6.668044169264082,True,False,True,True,False
PanTS_00005316,0,0,degenerate,absent,1,,False,,False,False,False,False,False
PanTS_00005362,22,2,proper,proper,1,4.2324219942092896,False,0.7675780057907104,False,False,False,True,False
PanTS_00005370,21,5,proper,proper,1,6.328125,False,3.27435064417433,True,False,True,True,False
PanTS_00005371,0,0,absent,absent,0,,False,,False,False,False,False,False
PanTS_00005379,24,4,proper,proper,0,4.577645374758945,False,1.6927231131504366,False,False,False,True,False
PanTS_00005390,0,0,degenerate,absent,1,,False,,False,False,False,False,False
PanTS_00005391,30,14,proper,proper,1,7.061526487405538,False,2.560547947883606,False,False,False,True,False
PanTS_00005392,2,2,proper,proper,1,5.739499158373771,False,1.076105583704247,False,False,False,True,False
PanTS_00005412,48,1,proper,proper,0,6.51517938555493,False,1.1820489130780922,False,False,False,True,False
PanTS_00005420,15,18,proper,proper,1,5.892337949364783,False,2.1744728725008926,False,False,False,True,False
PanTS_00005422,27,2,proper,proper,1,3.27435064417433,False,2.424747063691125,False,False,False,True,False
PanTS_00005428,15,0,proper,absent,1,6.204476505658056,False,,False,False,False,False,False
PanTS_00005437,0,3,degenerate,proper,1,,False,2.674864424828153,False,False,False,False,False
PanTS_00005466,36,151,proper,proper,1,5.23800805671757,False,5.800779104232788,True,False,True,True,False
PanTS_00005473,11,9,proper,proper,0,2.7853284691942872,False,1.40701090968823,False,False,False,True,False
PanTS_00005489,42,16,proper,proper,0,7.5,False,2.7426406871192848,False,False,False,True,False
PanTS_00005504,63,2,proper,proper,0,6.026924255754856,False,2.021484375,False,False,False,True,False
PanTS_00005513,0,0,absent,absent,0,,False,,False,False,False,False,False
PanTS_00005514,15,7,proper,proper,1,8.564985284344349,True,1.4298300211420027,False,False,True,True,False
PanTS_00005525,6,8,proper,proper,1,5.199366119984118,False,2.376826016476366,False,False,False,True,False
PanTS_00005538,48,122,proper,proper,1,11.95227853182081,True,6.084268401881469,True,True,True,True,False
PanTS_00005545,0,4,degenerate,proper,0,,False,0.78125,False,False,False,False,False
PanTS_00005549,3,0,proper,absent,0,1.5,False,,False,False,False,False,False
PanTS_00005558,13,5,proper,proper,1,3.5817311639760145,False,3.256922064506328,True,False,True,True,False
PanTS_00005571,100,24,proper,proper,1,13.593344569781408,True,2.1972659826278687,False,False,True,True,False
PanTS_00005580,30,0,proper,absent,0,5.003931484891919,False,,False,False,False,False,False
PanTS_00005583,21,11,proper,proper,1,7.007485379957347,False,1.7578120231628418,False,False,False,True,False
PanTS_00005589,72,4,proper,proper,0,7.0,False,2.7,False,False,False,True,False
PanTS_00005623,0,0,absent,absent,1,,False,,False,False,False,False,False
PanTS_00005641,29,34,proper,proper,1,5.793433276963494,False,2.487109422683716,False,False,False,True,False
PanTS_00005643,8,5,proper,proper,1,7.42047181157402,False,2.109375,False,False,False,True,False
PanTS_00005661,26,5,proper,proper,1,6.474447862932122,False,0.9765620231628418,False,False,False,True,False
PanTS_00005665,0,10,absent,proper,1,,False,2.496875047683716,False,False,False,False,False
PanTS_00005676,70,5,proper,proper,0,8.298141361841653,True,1.157811999320984,False,False,True,True,False
PanTS_00005677,6,2,proper,proper,1,2.4530810505398786,False,1.249901354806966,False,False,False,True,False
PanTS_00005695,46,2,proper,proper,0,6.759805905178432,False,0.78125,False,False,False,True,False
PanTS_00005724,4,0,proper,absent,0,4.59766939358371,False,,False,False,False,False,False
PanTS_00005731,8,0,proper,degenerate,1,10.79450643029247,True,,False,False,True,False,False
PanTS_00005732,19,63,proper,proper,1,7.22454172546448,False,2.9296875,False,False,False,True,False
PanTS_00005739,60,30,proper,proper,1,12.231400744139329,True,6.630861878395081,True,True,True,True,False
PanTS_00005742,15,0,proper,absent,1,6.154290479313638,False,,False,False,False,False,False
PanTS_00005757,58,93,proper,proper,1,13.094440513661674,True,5.452903082048387,True,True,True,True,False
PanTS_00005759,19,20,proper,proper,1,4.570310115814209,False,4.577534553980653,True,False,True,True,False
PanTS_00005766,71,78,proper,proper,1,10.373024943861282,True,6.2133361715031,True,True,True,True,False
PanTS_00005774,24,16,proper,proper,1,5.114054640161383,False,2.0276719038628763,False,False,False,True,False
PanTS_00005780,27,40,proper,proper,1,5.216355658005919,False,7.55859375,True,False,True,True,False
PanTS_00005782,0,29,degenerate,proper,1,,False,1.8284271247461903,False,False,False,False,False
PanTS_00005785,23,0,proper,absent,1,7.575919867473093,False,,False,False,False,False,False
PanTS_00005793,83,32,proper,proper,0,6.211102550927978,False,3.0,False,False,False,True,False
PanTS_00005796,42,0,proper,absent,0,4.7949767087055095,False,,False,False,False,False,False
PanTS_00005803,32,0,proper,absent,1,8.950780248641967,True,,False,False,True,False,False
PanTS_00005806,25,27,proper,proper,1,4.192465751935489,False,4.153822134947783,True,False,True,True,False
PanTS_00005821,23,50,proper,proper,1,5.018917233350353,False,3.447183363347054,True,False,True,True,False
PanTS_00005832,0,0,absent,absent,1,,False,,False,False,False,False,False
PanTS_00005855,80,163,proper,proper,1,12.526581874011493,True,10.56792240746066,True,True,True,True,False
PanTS_00005864,23,5,proper,proper,1,5.390544428981288,False,1.2078652624381034,False,False,False,True,False
PanTS_00005869,0,0,absent,absent,0,,False,,False,False,False,False,False
PanTS_00005876,13,1,proper,proper,1,4.135164924798338,False,0.888671875,False,False,False,True,False
PanTS_00005881,31,0,proper,absent,1,5.946416221028715,False,,False,False,False,False,False
PanTS_00005894,24,18,proper,proper,0,5.926795924130681,False,2.44921875,False,False,False,True,False
PanTS_00005905,38,40,proper,proper,1,6.711246784444747,False,3.456259013295126,True,False,True,True,False
PanTS_00005915,145,0,proper,absent,0,11.611219602231351,True,,False,False,True,False,False
PanTS_00005921,38,58,proper,proper,1,5.205770125879034,False,5.989234350585782,True,False,True,True,False
PanTS_00005924,28,9,proper,proper,1,4.679316765876847,False,2.310546875,False,False,False,True,False
PanTS_00005931,52,37,proper,proper,1,8.842237667132832,True,2.7126062148434213,False,False,True,True,False
PanTS_00005934,26,12,proper,proper,0,2.7426406871192848,False,1.5,False,False,False,True,False
PanTS_00005938,16,4,proper,proper,0,6.835934162139893,False,1.6642209218001895,False,False,False,True,False
PanTS_00005960,68,6,proper,proper,1,13.64715859351718,True,7.435444898681818,True,True,True,True,False
PanTS_00005985,0,0,absent,absent,1,,False,,False,False,False,False,False
PanTS_00005992,61,23,proper,proper,1,17.21590904909681,True,3.7200255933799937,True,True,True,True,False
PanTS_00005994,112,1,proper,proper,1,9.732009590336592,True,1.446315078744556,False,False,True,True,False
PanTS_00005995,0,0,degenerate,absent,1,,False,,False,False,False,False,False
PanTS_00006000,82,52,proper,proper,1,12.242056495707,True,4.354870357397192,True,True,True,True,False
PanTS_00006011,28,3,proper,proper,1,5.67559759846999,False,1.5,False,False,False,True,False
PanTS_00006034,0,0,absent,absent,0,,False,,False,False,False,False,False
PanTS_00006039,18,0,proper,degenerate,1,6.893999755382538,False,,False,False,False,False,False
PanTS_00006054,0,0,absent,absent,1,,False,,False,False,False,False,False
PanTS_00006056,33,26,proper,proper,1,5.832269109302126,False,3.2578125,True,False,True,True,False
PanTS_00006064,66,111,proper,proper,1,17.409693397332315,True,4.296875,True,True,True,True,False
PanTS_00006071,37,17,proper,proper,0,4.132290939160911,False,2.05078125,False,False,False,True,False
PanTS_00006078,13,11,proper,proper,0,5.564061099373781,False,3.638167382415922,True,False,True,True,False
PanTS_00006079,99,124,proper,proper,1,14.379437532181838,True,6.305388846596087,True,True,True,True,False
PanTS_00006135,37,0,proper,degenerate,1,6.905448922205833,False,,False,False,False,False,False
PanTS_00006142,24,2,proper,proper,1,8.723119490425203,True,1.7451228208094538,False,False,True,True,False
PanTS_00006157,87,12,proper,proper,1,4.51355702589085,False,3.647262245731676,True,False,True,True,False
PanTS_00006166,0,0,absent,absent,0,,False,,False,False,False,False,False
PanTS_00006178,32,0,proper,degenerate,1,5.208203932499369,False,,False,False,False,False,False
PanTS_00006183,54,30,proper,proper,1,4.246093988418579,False,3.510830413750792,True,False,True,True,False
PanTS_00006193,32,0,proper,absent,1,4.194807703199033,False,,False,False,False,False,False
PanTS_00006195,28,10,proper,proper,0,5.67559759846999,False,1.5,False,False,False,True,False
PanTS_00006201,83,104,proper,proper,1,20.669539249707302,True,5.7813379650122405,True,True,True,True,False
PanTS_00006209,3,8,proper,proper,0,2.717787873376899,False,1.5,False,False,False,True,False
PanTS_00006218,47,65,proper,proper,1,5.585592444324872,False,4.191439572982701,True,False,True,True,False
PanTS_00006222,25,0,proper,absent,1,8.929275866316594,True,,False,False,True,False,False
PanTS_00006224,46,82,proper,proper,0,7.977833954213127,False,3.0,False,False,False,True,False
PanTS_00006238,23,2,proper,proper,1,5.41076014095313,False,1.7713118911043582,False,False,False,True,False
PanTS_00006256,69,2,proper,proper,1,7.666468059234138,False,2.910336530417713,False,False,False,True,False
PanTS_00006257,0,0,absent,absent,1,,False,,False,False,False,False,False
PanTS_00006263,56,78,proper,proper,1,16.212475371789257,True,4.7356518279347535,True,True,True,True,False
PanTS_00006268,46,21,proper,proper,1,7.8323027118863315,False,2.583757419638359,False,False,False,True,False
PanTS_00006272,56,81,proper,proper,1,16.648201636163343,True,5.46875,True,True,True,True,False
PanTS_00006274,60,23,proper,proper,0,9.08802286433749,True,2.54193619682137,False,False,True,True,False
PanTS_00006275,0,0,absent,absent,1,,False,,False,False,False,False,False
PanTS_00006282,13,2,proper,proper,1,3.8715492509466616,False,2.684056282043457,False,False,False,True,False
PanTS_00006287,25,0,proper,absent,1,4.0350120397468725,False,,False,False,False,False,False
PanTS_00006296,43,5,proper,proper,0,4.743263896279946,False,1.9921860694885247,False,False,False,True,False
PanTS_00006300,43,13,proper,proper,1,13.507448268915589,True,2.5898430347442627,False,False,True,True,False
PanTS_00006303,4,0,proper,absent,0,0.6210939884185791,False,,False,False,False,False,False
PanTS_00006304,15,76,proper,proper,1,6.829039646054079,False,4.1875,True,False,True,True,False
PanTS_00006310,42,10,proper,proper,0,5.747019472143703,False,2.34375,False,False,False,True,False
PanTS_00006311,15,0,proper,absent,1,7.434549592366822,False,,False,False,False,False,False
PanTS_00006315,17,2,proper,proper,1,5.835038960743638,False,0.9394530057907104,False,False,False,True,False
PanTS_00006319,25,9,proper,proper,1,4.867295466643406,False,1.875,False,False,False,True,False
PanTS_00006321,10,24,proper,proper,0,2.7426406871192848,False,1.5,False,False,False,True,False
PanTS_00006331,12,0,proper,absent,1,4.789213566354396,False,,False,False,False,False,False
PanTS_00006333,105,98,proper,proper,1,11.331191765340686,True,8.05044327482542,True,True,True,True,False
PanTS_00006340,18,0,proper,absent,1,5.196253273107769,False,,False,False,False,False,False
PanTS_00006350,12,5,proper,proper,1,5.208203932499369,False,4.5,True,False,True,True,False
PanTS_00006351,0,7,absent,proper,1,,False,1.875,False,False,False,False,False
PanTS_00006353,11,5,proper,proper,1,2.3999998569488525,False,0.8406240940093994,False,False,False,True,False
PanTS_00006376,40,13,proper,proper,0,7.460668795262708,False,3.0674165284630583,False,False,False,True,False
PanTS_00006379,0,0,absent,absent,0,,False,,False,False,False,False,False
PanTS_00006384,36,53,proper,proper,1,6.947034866736064,False,4.0292969942092896,True,False,True,True,False
PanTS_00006394,0,0,absent,absent,1,,False,,False,False,False,False,False
PanTS_00006400,29,0,proper,absent,0,5.753491947707137,False,,False,False,False,False,False
PanTS_00006413,2,21,proper,proper,1,1.3508881419928331,False,5.195315837860107,True,False,True,True,False
PanTS_00006422,54,0,proper,absent,1,5.1031853767098525,False,,False,False,False,False,False
PanTS_00006430,57,0,proper,absent,1,9.855034446393724,True,,False,False,True,False,False
PanTS_00006432,23,116,proper,proper,1,8.827441115537637,True,7.052941598990261,True,True,True,True,False
PanTS_00006434,40,4,proper,proper,0,3.951818401812438,False,2.5244138934860625,False,False,False,True,False
PanTS_00006442,8,2,proper,proper,0,3.475111838679666,False,2.440233826637268,False,False,False,True,False
PanTS_00006447,0,1,degenerate,proper,1,,False,1.3671879768371582,False,False,False,False,False
PanTS_00006457,7,25,proper,proper,0,3.715659320685536,False,2.44134559335908,False,False,False,True,False
PanTS_00006459,18,5,proper,proper,0,3.644999861717224,False,2.414200043678284,False,False,False,True,False
PanTS_00006466,4,1,proper,proper,1,1.7855724921479572,False,1.7855724921479572,False,False,False,True,False
PanTS_00006467,59,33,proper,proper,1,8.03515887260437,False,2.53628763870032,False,False,False,True,False
PanTS_00006475,0,0,absent,absent,0,,False,,False,False,False,False,False
PanTS_00006483,27,2,proper,proper,1,12.683625547102077,True,2.1652803328519665,False,False,True,True,False
PanTS_00006513,45,24,proper,proper,1,7.657381647382293,False,2.552405322222857,False,False,False,True,False
PanTS_00006514,4,0,proper,absent,0,0.703125,False,,False,False,False,False,False
PanTS_00006519,13,0,proper,absent,1,6.230010639335603,False,,False,False,False,False,False
PanTS_00006523,36,2,proper,proper,1,5.599757634693681,False,1.396098256647563,False,False,False,True,False
PanTS_00006525,7,0,proper,absent,1,4.825807263373848,False,,False,False,False,False,False
PanTS_00006536,35,1,proper,proper,1,5.761327797416844,False,1.5498776799606375,False,False,False,True,False
PanTS_00006559,88,0,proper,absent,1,7.195417940543325,False,,False,False,False,False,False
PanTS_00006574,24,12,proper,proper,0,5.045317028024514,False,1.5,False,False,False,True,False
PanTS_00006576,32,4,proper,proper,1,8.318647128153406,True,2.418750047683716,False,False,True,True,False
PanTS_00006580,0,0,absent,absent,0,,False,,False,False,False,False,False
PanTS_00006601,355,2,proper,proper,0,8.957765543459802,True,3.966364163849578,True,True,True,True,False
PanTS_00006605,33,53,proper,proper,0,6.611106716574338,False,2.287109375,False,False,False,True,False
PanTS_00006612,37,0,proper,absent,0,5.11930718064767,False,,False,False,False,False,False
PanTS_00006616,92,57,proper,proper,1,16.24313286467901,True,4.911003862026853,True,True,True,True,False
PanTS_00006641,30,6,proper,proper,0,6.1548082081895,False,2.363431115606224,False,False,False,True,False
PanTS_00006642,31,2,proper,proper,0,5.03656739544166,False,2.34375,False,False,False,True,False
PanTS_00006650,0,0,degenerate,degenerate,1,,False,,False,False,False,False,False
PanTS_00006654,47,49,proper,proper,1,6.999893410972133,False,5.354609434575959,True,False,True,True,False
PanTS_00006656,41,17,proper,proper,0,5.43465843842649,False,2.781809710423604,False,False,False,True,False
PanTS_00006661,60,0,proper,absent,1,8.328125,True,,False,False,True,False,False
PanTS_00006665,44,0,proper,absent,1,7.90963673135821,False,,False,False,False,False,False
PanTS_00006707,5,0,proper,absent,1,4.338516268951847,False,,False,False,False,False,False
PanTS_00006710,30,5,proper,proper,1,4.673280032864084,False,1.5335936069488525,False,False,False,True,False
PanTS_00006717,31,0,proper,absent,0,6.071472484813245,False,,False,False,False,False,False
PanTS_00006734,40,5,proper,proper,1,7.606754954709809,False,2.1679680347442627,False,False,False,True,False
PanTS_00006739,19,25,proper,proper,0,7.732491221033687,False,2.5566313574899246,False,False,False,True,False
PanTS_00006741,15,1,proper,proper,1,3.5787605953348867,False,0.796875,False,False,False,True,False
PanTS_00006746,60,9,proper,proper,1,7.481299151548521,False,1.879812023322367,False,False,False,True,False
PanTS_00006754,36,4,proper,proper,1,9.23828101158142,True,2.2851569652557373,False,False,True,True,False
PanTS_00006755,4,0,proper,absent,1,0.7382810115814209,False,,False,False,False,False,False
PanTS_00006771,18,19,proper,proper,0,9.3359375,True,2.3057152826169083,False,False,True,True,False
PanTS_00006772,49,22,proper,proper,1,6.838969334293696,False,3.598564778451719,True,False,True,True,False
PanTS_00006783,32,30,proper,proper,0,5.930112353154166,False,2.9296889305114746,False,False,False,True,False
PanTS_00006786,71,40,proper,proper,1,9.28752029629675,True,3.0761568065872424,False,False,True,True,False
PanTS_00006791,70,26,proper,proper,0,7.39240310834759,False,2.7071067811865475,False,False,False,True,False
PanTS_00006795,100,2,proper,proper,1,6.679691791534424,False,2.2265639305114746,False,False,False,True,False
PanTS_00006797,0,0,absent,absent,0,,False,,False,False,False,False,False
PanTS_00006798,20,29,proper,proper,0,5.973311246506921,False,3.60290706421408,True,False,True,True,False
PanTS_00006799,10,0,proper,absent,0,4.5,False,,False,False,False,False,False
PanTS_00006802,33,43,proper,proper,1,4.547707007458756,False,4.3545767419392165,True,False,True,True,False
PanTS_00006806,24,21,proper,proper,0,3.25615980726225,False,3.7908421681780817,True,False,True,True,False
PanTS_00006816,6,20,proper,proper,1,6.085686958161054,False,4.160156011581421,True,False,True,True,False
PanTS_00006837,94,50,proper,proper,1,17.49379104439048,True,2.0156255722045886,False,False,True,True,False
PanTS_00006843,40,0,proper,absent,0,5.46875,False,,False,False,False,False,False
PanTS_00006859,30,9,proper,proper,0,6.002948519918726,False,3.096998854634639,False,False,False,True,False
PanTS_00006874,54,3,proper,proper,0,7.9827499141108,False,0.9765620231628418,False,False,False,True,False
PanTS_00006879,14,64,proper,proper,1,4.0032482101855535,False,5.120329610429624,True,False,True,True,False
PanTS_00006887,52,8,proper,proper,0,7.340683550202224,False,2.109375,False,False,False,True,False
PanTS_00006903,27,7,proper,proper,1,5.851515281388684,False,3.0,False,False,False,True,False
PanTS_00006917,14,0,proper,absent,1,4.870730509197908,False,,False,False,False,False,False
PanTS_00006921,25,41,proper,proper,1,5.766456543872766,False,7.447754915624211,True,False,True,True,False
PanTS_00006927,53,0,proper,absent,1,8.572774973362533,True,,False,False,True,False,False
PanTS_00006944,2,0,proper,degenerate,0,7.023871210901507,False,,False,False,False,False,False
PanTS_00006945,39,18,proper,proper,1,5.373235829949604,False,4.092937194937339,True,False,True,True,False
PanTS_00006946,0,2,absent,proper,0,,False,0.7820000052452087,False,False,False,False,False
PanTS_00006959,104,0,proper,absent,1,8.645612028031058,True,,False,False,True,False,False
PanTS_00006960,128,128,proper,proper,1,12.366702563564752,True,7.170477628220836,True,True,True,True,False
PanTS_00006971,89,0,proper,absent,0,6.571478268772567,False,,False,False,False,False,False
PanTS_00006975,28,41,proper,proper,1,10.868708761975393,True,4.679281018215613,True,True,True,True,False
PanTS_00006982,38,93,proper,proper,1,5.235573473600224,False,6.757812023162842,True,False,True,True,False
PanTS_00006987,24,42,proper,proper,1,5.7421875,False,5.1796875,True,False,True,True,False
PanTS_00006998,14,23,proper,proper,1,8.430004678831454,True,4.0488280057907104,True,True,True,True,False
PanTS_00006999,34,0,proper,degenerate,0,4.958994423530842,False,,False,False,False,False,False
PanTS_00007001,22,6,proper,proper,1,12.737369175709588,True,2.03125,False,False,True,True,False
PanTS_00007002,52,2,proper,proper,1,3.877008813555773,False,1.1999053006146871,False,False,False,True,False
PanTS_00007014,21,12,proper,proper,1,10.576633358168072,True,1.5918933482150568,False,False,True,True,False
PanTS_00007040,18,24,proper,proper,0,5.333326347327265,False,2.9296875,False,False,False,True,False
PanTS_00007042,46,2,proper,proper,0,5.236328959465027,False,1.3367642937677298,False,False,False,True,False
PanTS_00007044,0,0,degenerate,absent,1,,False,,False,False,False,False,False
PanTS_00007048,106,9,proper,proper,1,10.22486645929349,True,3.125,False,False,True,True,False
PanTS_00007053,130,75,proper,proper,1,17.70112884139813,True,7.285321642531484,True,True,True,True,False
PanTS_00007054,38,1,proper,proper,1,7.770697728154887,False,2.572265625,False,False,False,True,False
PanTS_00007060,36,2,proper,proper,1,4.955760662126752,False,0.8398439884185791,False,False,False,True,False
PanTS_00007065,59,89,proper,proper,1,6.507844560830231,False,4.19100550613382,True,False,True,True,False
PanTS_00007067,51,37,proper,proper,1,7.79716344326798,False,2.3393869018010336,False,False,False,True,False
PanTS_00007071,35,13,proper,proper,1,7.0265578175284125,False,2.0050781965255724,False,False,False,True,False
PanTS_00007093,87,30,proper,proper,1,9.27815970937725,True,3.0,False,False,True,True,False
PanTS_00007094,20,3,proper,proper,1,6.042658577115645,False,1.7455844122715711,False,False,False,True,False
PanTS_00007095,56,24,proper,proper,1,17.400003239013184,True,2.149609327316284,False,False,True,True,False
PanTS_00007099,18,0,proper,degenerate,1,2.7126062148434213,False,,False,False,False,False,False
PanTS_00007100,15,3,proper,proper,1,7.548815209586989,False,2.34375,False,False,False,True,False
PanTS_00007102,17,3,proper,proper,1,7.558595895767212,False,0.8398439884185791,False,False,False,True,False
PanTS_00007105,66,80,proper,proper,1,7.894603876763762,False,5.254212977976907,True,False,True,True,False
PanTS_00007110,15,16,proper,proper,0,3.696152422706632,False,1.5,False,False,False,True,False
PanTS_00007114,55,104,proper,proper,1,11.083106881873896,True,3.4942394289709977,True,True,True,True,False
PanTS_00007115,53,154,proper,proper,1,6.5378707032331205,False,13.181823893311911,True,False,True,True,False
PanTS_00007118,6,0,proper,degenerate,0,4.906653606163647,False,,False,False,False,False,False
PanTS_00007122,0,2,absent,proper,1,,False,1.3570366285095572,False,False,False,False,False
PanTS_00007130,24,48,proper,proper,1,5.208204206070414,False,8.287809925462144,True,False,True,True,False
PanTS_00007132,3,7,proper,proper,0,2.05078125,False,2.3735304379879936,False,False,False,True,False
PanTS_00007135,11,0,proper,absent,1,4.419615242270663,False,,False,False,False,False,False
PanTS_00007136,14,0,proper,absent,0,4.557724700293248,False,,False,False,False,False,False
PanTS_00007147,59,39,proper,proper,1,7.311013721151988,False,2.805162331600673,False,False,False,True,False
PanTS_00007151,30,9,proper,proper,1,5.237109375,False,2.220703125,False,False,False,True,False
PanTS_00007152,39,12,proper,proper,1,6.803659613948194,False,3.0,False,False,False,True,False
PanTS_00007157,41,42,proper,proper,1,6.306968791621192,False,3.456259013295126,True,False,True,True,False
PanTS_00007166,2,30,proper,proper,1,5.8312763627567,False,4.578580624714056,True,False,True,True,False
PanTS_00007167,104,76,proper,proper,1,15.769656814261795,True,6.606428380938446,True,True,True,True,False
PanTS_00007169,28,6,proper,proper,0,9.482073659179974,True,1.831054985523224,False,False,True,True,False
PanTS_00007178,23,0,proper,absent,0,5.530134086802571,False,,False,False,False,False,False
PanTS_00007182,25,2,proper,proper,0,6.193359375,False,0.884765625,False,False,False,True,False
PanTS_00007184,77,0,proper,absent,1,7.997282985178163,False,,False,False,False,False,False
PanTS_00007190,43,10,proper,proper,1,5.917912811466877,False,2.015625572204589,False,False,False,True,False
PanTS_00007194,48,2,proper,proper,1,5.1876785890834505,False,2.9296875,False,False,False,True,False
PanTS_00007201,44,0,proper,degenerate,1,7.629636365906211,False,,False,False,False,False,False
PanTS_00007211,29,53,proper,proper,1,8.776777878000715,True,3.782852147733044,True,True,True,True,False
PanTS_00007217,28,0,proper,absent,1,6.310546875,False,,False,False,False,False,False
PanTS_00007227,23,0,proper,absent,1,7.575919867473093,False,,False,False,False,False,False
PanTS_00007228,20,4,proper,proper,1,9.352999985218048,True,2.2006512187301017,False,False,True,True,False
PanTS_00007242,3,33,proper,proper,1,2.2091733844714363,False,7.281057974936619,True,False,True,True,False
PanTS_00007248,20,0,proper,absent,1,5.154296040534973,False,,False,False,False,False,False
PanTS_00007260,112,0,proper,degenerate,1,8.213834764831844,True,,False,False,True,False,False
PanTS_00007262,55,75,proper,proper,0,7.723943171032364,False,6.9852813742385695,True,False,True,True,False
PanTS_00007273,0,0,absent,absent,0,,False,,False,False,False,False,False
PanTS_00007278,7,46,proper,proper,1,5.098049076712721,False,3.7382153200115,True,False,True,True,False
PanTS_00007284,25,17,proper,proper,1,6.9852813742385695,False,2.7426406871192848,False,False,False,True,False
PanTS_00007291,146,5,proper,proper,0,7.5482870261355215,False,2.1110939025878905,False,False,False,True,False
PanTS_00007298,37,0,proper,absent,1,6.10925879549309,False,,False,False,False,False,False
PanTS_00007299,54,111,proper,proper,1,10.34420772122647,True,6.878165172645082,True,True,True,True,False
PanTS_00007308,99,113,proper,proper,1,17.403381057231684,True,7.503067502257147,True,True,True,True,False
PanTS_00007309,28,79,proper,proper,1,4.498117128172885,False,8.247158639254216,True,False,True,True,False
PanTS_00007315,45,60,proper,proper,1,6.354325022489622,False,5.16782993848455,True,False,True,True,False
PanTS_00007319,33,24,proper,proper,1,5.03927949348278,False,2.126952052116394,False,False,False,True,False
PanTS_00007322,18,3,proper,proper,0,6.211102550927978,False,1.0,False,False,False,True,False
PanTS_00007329,4,2,proper,proper,1,0.716796875,False,1.3106108491833042,False,False,False,True,False
PanTS_00007334,45,51,proper,proper,1,20.064857619187805,True,7.382808208465576,True,True,True,True,False
PanTS_00007347,38,24,proper,proper,0,4.111624186013404,False,2.15625,False,False,False,True,False
PanTS_00007361,0,0,absent,absent,1,,False,,False,False,False,False,False
PanTS_00007364,24,14,proper,proper,1,3.9837932837454346,False,2.56640625,False,False,False,True,False
PanTS_00007395,36,6,proper,proper,0,5.135207601720892,False,2.607422947883606,False,False,False,True,False
PanTS_00007401,45,9,proper,proper,0,6.7374523100756125,False,2.015625,False,False,False,True,False
PanTS_00007405,25,0,proper,degenerate,0,4.5,False,,False,False,False,False,False
PanTS_00007414,39,1,proper,proper,1,4.6044279721711066,False,2.9293477535247803,False,False,False,True,False
PanTS_00007422,26,50,proper,proper,1,10.24977616395506,True,5.975535515259636,True,True,True,True,False
PanTS_00007426,35,1,proper,proper,1,11.41998366838454,True,4.383990585530613,True,True,True,True,False
PanTS_00007435,82,65,proper,proper,1,15.111935413972406,True,4.752218257046507,True,True,True,True,False
PanTS_00007437,45,3,proper,proper,1,6.277802844434063,False,2.815276086400995,False,False,False,True,False
PanTS_00007451,18,0,proper,absent,1,5.535673351622847,False,,False,False,False,False,False
PanTS_00007463,59,40,proper,proper,1,14.715940064869546,True,4.020173847289021,True,True,True,True,False
PanTS_00007468,4,3,proper,proper,1,4.5,False,2.618376618407356,False,False,False,True,False
PanTS_00007472,37,2,proper,proper,1,5.597742132621471,False,1.396098256647563,False,False,False,True,False
PanTS_00007485,67,12,proper,proper,1,9.785465263965277,True,4.476425017292698,True,True,True,True,False
PanTS_00007494,73,34,proper,proper,1,7.115329111356986,False,2.949346801234152,False,False,False,True,False
PanTS_00007501,48,4,proper,proper,1,6.05150037834772,False,1.5177373594084584,False,False,False,True,False
PanTS_00007508,0,0,absent,absent,0,,False,,False,False,False,False,False
PanTS_00007514,58,3,proper,proper,0,6.459857618578846,False,2.534508540102818,False,False,False,True,False
PanTS_00007516,32,5,proper,proper,1,14.726103472948244,True,1.3570366285095572,False,False,True,True,False
PanTS_00007525,48,41,proper,proper,1,9.974610274891576,True,2.419922947883606,False,False,True,True,False
PanTS_00007532,22,3,proper,proper,1,3.502950039415508,False,0.68359375,False,False,False,True,False
PanTS_00007533,19,0,proper,absent,1,8.4375,True,,False,False,True,False,False
PanTS_00007536,21,50,proper,proper,1,9.1079081394387,True,1.7578120231628418,False,False,True,True,False
PanTS_00007539,4,6,proper,proper,1,2.642578125,False,1.6105871743369762,False,False,False,True,False
PanTS_00007555,28,0,proper,absent,1,5.956637262226409,False,,False,False,False,False,False
PanTS_00007558,76,19,proper,proper,1,8.449874646902506,True,4.499999868049221,True,True,True,True,False
PanTS_00007564,29,40,proper,proper,1,6.507355991878284,False,5.256342339975259,True,False,True,True,False
PanTS_00007569,19,0,proper,degenerate,0,6.780655187978543,False,,False,False,False,False,False
PanTS_00007575,60,33,proper,proper,1,8.063227675485662,True,3.390756112910835,True,True,True,True,False
PanTS_00007577,60,117,proper,proper,1,13.98563727288206,True,5.170993139846418,True,True,True,True,False
PanTS_00007578,18,2,proper,proper,1,6.275388121604919,False,0.8964840173721313,False,False,False,True,False
PanTS_00007583,87,115,proper,proper,1,20.488840244061368,True,7.294680129515408,True,True,True,True,False
PanTS_00007588,64,64,proper,proper,1,9.9084519493968,True,4.2519530057907104,True,True,True,True,False
PanTS_00007594,65,76,proper,proper,1,9.743758045100412,True,4.185214845653395,True,True,True,True,False
PanTS_00007602,6,6,proper,proper,1,3.0878085961877795,False,2.34375,False,False,False,True,False
PanTS_00007608,23,2,proper,proper,0,5.906472762916877,False,0.865234375,False,False,False,True,False
PanTS_00007615,34,33,proper,proper,1,5.830868525919155,False,3.0,False,False,False,True,False
PanTS_00007617,6,9,proper,proper,0,2.418750047683716,False,2.34375,False,False,False,True,False
PanTS_00007622,32,2,proper,proper,1,9.308127714628403,True,5.246481603132779,True,True,True,True,False
PanTS_00007627,24,3,proper,proper,1,6.822147082121767,False,2.0269987822087163,False,False,False,True,False
PanTS_00007630,81,11,proper,proper,1,11.85325038565226,True,2.210774892919109,False,False,True,True,False
PanTS_00007636,8,0,proper,absent,1,4.422013296574868,False,,False,False,False,False,False
PanTS_00007641,96,79,proper,proper,1,14.374604683681442,True,3.613280057907105,True,True,True,True,False
PanTS_00007643,3,6,proper,proper,1,2.4126486851771864,False,2.194237264494341,False,False,False,True,False
PanTS_00007651,11,8,proper,proper,1,4.654538789209232,False,4.614866092503875,True,False,True,True,False
PanTS_00007660,18,18,proper,proper,1,4.549966721984802,False,1.7578120231628418,False,False,False,True,False
PanTS_00007661,18,0,proper,absent,1,4.08984375,False,,False,False,False,False,False
PanTS_00007666,15,2,proper,proper,0,5.758832086930511,False,1.5,False,False,False,True,False
PanTS_00007668,20,6,proper,proper,1,11.577830799897944,True,4.280741891988253,True,True,True,True,False
PanTS_00007679,4,0,proper,absent,0,5.399212951146287,False,,False,False,False,False,False
PanTS_00007690,53,140,proper,proper,1,5.17279002405289,False,6.678642844802625,True,False,True,True,False
PanTS_00007691,45,2,proper,proper,1,9.838493037559482,True,0.9765620231628418,False,False,True,True,False
PanTS_00007702,65,0,proper,degenerate,1,10.10500969370526,True,,False,False,True,False,False
PanTS_00007713,43,101,proper,proper,1,5.800779104232788,False,6.297280429768717,True,False,True,True,False
PanTS_00007716,76,9,proper,proper,0,5.706987993101977,False,1.8284271247461903,False,False,False,True,False
PanTS_00007724,15,19,proper,proper,0,5.401799010375075,False,2.4877642244511367,False,False,False,True,False
PanTS_00007728,22,35,proper,proper,1,5.906399024124196,False,3.324218511581421,True,False,True,True,False
PanTS_00007735,0,2,absent,proper,1,,False,1.5,False,False,False,False,False
PanTS_00007742,38,11,proper,proper,0,4.985411592327303,False,2.2910159826278687,False,False,False,True,False
PanTS_00007757,23,20,proper,proper,1,5.848469228349535,False,4.535410196624969,True,False,True,True,False
PanTS_00007760,0,0,absent,absent,0,,False,,False,False,False,False,False
PanTS_00007765,48,27,proper,proper,1,15.573934813144934,True,4.134789825082642,True,True,True,True,False
PanTS_00007768,24,2,proper,proper,0,5.368017916569912,False,1.6891524023534137,False,False,False,True,False
PanTS_00007779,63,56,proper,proper,1,7.944271909999159,False,3.0,False,False,False,True,False
PanTS_00007786,40,66,proper,proper,1,5.054134745696749,False,4.0917969942092896,True,False,True,True,False
PanTS_00007792,10,10,proper,proper,1,5.208203932499369,False,1.5,False,False,False,True,False
PanTS_00007802,41,199,proper,proper,1,10.93255006969435,True,8.178326258348584,True,True,True,True,False
PanTS_00007831,0,0,absent,absent,1,,False,,False,False,False,False,False
PanTS_00007846,26,76,proper,proper,1,5.449220895767212,False,4.238282918930054,True,False,True,True,False
PanTS_00007851,37,67,proper,proper,1,8.107261110470589,True,3.662109971046448,True,True,True,True,False
PanTS_00007858,42,20,proper,proper,1,4.703780334464184,False,2.6484360694885254,False,False,False,True,False
PanTS_00007862,33,0,proper,absent,1,4.132152228889395,False,,False,False,False,False,False
PanTS_00007863,0,0,absent,absent,1,,False,,False,False,False,False,False
PanTS_00007868,20,2,proper,proper,1,5.505605289166539,False,0.996874988079071,False,False,False,True,False
PanTS_00007869,9,2,proper,proper,0,6.572114549944232,False,2.54598359468226,False,False,False,True,False
PanTS_00007890,91,37,proper,proper,1,15.003441322207244,True,3.5441125496954267,True,True,True,True,False
PanTS_00007904,33,2,proper,proper,0,5.220697617828996,False,1.8284271247461903,False,False,False,True,False
PanTS_00007905,46,46,proper,proper,1,9.381250502450618,True,3.789186447906173,True,True,True,True,False
PanTS_00007921,42,0,proper,absent,1,5.702134480853703,False,,False,False,False,False,False
PanTS_00007931,65,41,proper,proper,0,5.4529236214591545,False,3.2734375,True,False,True,True,False
PanTS_00007938,64,86,proper,proper,1,12.766479230976168,True,7.396964693761218,True,True,True,True,False
PanTS_00007946,6,16,proper,proper,1,4.114923902486129,False,2.099999964237213,False,False,False,True,False
PanTS_00007960,53,50,proper,proper,1,17.811575882599083,True,2.2265639305114746,False,False,True,True,False
PanTS_00007974,0,2,absent,proper,0,,False,1.5,False,False,False,False,False
PanTS_00007981,22,0,proper,absent,0,6.864100023604276,False,,False,False,False,False,False
PanTS_00007989,24,16,proper,proper,1,9.785445365251118,True,2.868581072196918,False,False,True,True,False
PanTS_00007995,40,0,proper,absent,1,4.438564206547425,False,,False,False,False,False,False
PanTS_00007997,26,0,proper,absent,1,10.500565650539976,True,,False,False,True,False,False
PanTS_00008001,27,35,proper,proper,1,4.951900061924379,False,6.671947111913356,True,False,True,True,False
PanTS_00008010,44,10,proper,proper,1,6.743353183145037,False,1.9511864210348089,False,False,False,True,False
PanTS_00008020,49,1,proper,proper,0,3.6579084129827817,False,0.9765625,False,False,False,True,False
PanTS_00008024,39,6,proper,proper,0,6.827108672655527,False,2.3264198900821893,False,False,False,True,False
PanTS_00008045,30,2,proper,proper,1,5.016761671560535,False,2.09765625,False,False,False,True,False
PanTS_00008048,0,0,absent,absent,1,,False,,False,False,False,False,False
PanTS_00008055,36,0,proper,degenerate,0,5.635386628238351,False,,False,False,False,False,False
PanTS_00008059,99,4,proper,proper,1,17.507856704774273,True,1.404747540296512,False,False,True,True,False
PanTS_00008060,51,3,proper,proper,0,10.482757433746592,True,3.526268201617112,True,True,True,True,False
PanTS_00008063,26,3,proper,proper,1,6.8701146487740905,False,2.297265286503212,False,False,False,True,False
PanTS_00008072,13,2,proper,proper,1,5.848469228349535,False,1.5,False,False,False,True,False
PanTS_00008073,12,13,proper,proper,1,5.265931920574009,False,2.2851569652557373,False,False,False,True,False
PanTS_00008086,29,27,proper,proper,1,15.012163081178306,True,2.549849841952816,False,False,True,True,False
PanTS_00008090,56,62,proper,proper,0,5.7421875,False,2.8482365255855924,False,False,False,True,False
PanTS_00008091,196,33,proper,proper,1,7.246211251235321,False,3.6428733672262896,True,False,True,True,False
PanTS_00008101,99,7,proper,proper,0,8.085579063573935,True,2.1777945914363857,False,False,True,True,False
PanTS_00008123,40,20,proper,proper,1,11.67299244378134,True,4.023437976837158,True,True,True,True,False
PanTS_00008131,16,0,proper,absent,1,9.007640962609996,True,,False,False,True,False,False
PanTS_00008132,26,2,proper,proper,1,6.134765625,False,0.681640625,False,False,False,True,False
PanTS_00008162,50,4,proper,proper,0,6.881977876340853,False,2.208984017372132,False,False,False,True,False
PanTS_00008180,22,11,proper,proper,1,5.352072369230766,False,4.338516268951847,True,False,True,True,False
PanTS_00008184,0,0,absent,absent,1,,False,,False,False,False,False,False
PanTS_00008188,44,36,proper,proper,0,8.734363128240998,True,5.05859375,True,True,True,True,False
PanTS_00008205,46,5,proper,proper,1,4.899999916553497,False,1.128125011920929,False,False,False,True,False
PanTS_00008217,5,11,proper,proper,0,2.671875,False,1.2595339539885375,False,False,False,True,False
PanTS_00008231,35,5,proper,proper,1,7.428451207357455,False,6.71875,True,False,True,True,False
PanTS_00008234,16,12,proper,proper,1,2.400000035762787,False,2.400000035762787,False,False,False,True,False
PanTS_00008238,9,15,proper,proper,1,5.368544146583588,False,3.4562612338562726,True,False,True,True,False
PanTS_00008239,40,33,proper,proper,0,5.3203125,False,3.165205622701852,False,False,False,True,False
PanTS_00008242,7,6,proper,proper,1,1.1391803180675757,False,1.9252133138173173,False,False,False,True,False
PanTS_00008252,17,0,proper,absent,0,8.154453125,True,,False,False,True,False,False
PanTS_00008266,33,0,proper,degenerate,1,7.934857091186136,False,,False,False,False,False,False
PanTS_00008273,9,2,proper,proper,1,3.065438733013699,False,0.8925780057907104,False,False,False,True,False
PanTS_00008292,52,39,proper,proper,1,9.552450770928544,True,5.080240068633762,True,True,True,True,False
PanTS_00008298,15,19,proper,proper,1,4.052734971046448,False,2.469909820546172,False,False,False,True,False
PanTS_00008301,9,1,proper,proper,1,6.671877027737519,False,2.2265639305114746,False,False,False,True,False
PanTS_00008302,105,145,proper,proper,1,16.139699001471,True,4.364704203992473,True,True,True,True,False
PanTS_00008303,3,36,proper,proper,1,7.284955229778285,False,3.390756112910835,True,False,True,True,False
PanTS_00008314,0,0,degenerate,absent,0,,False,,False,False,False,False,False
PanTS_00008317,43,0,proper,absent,1,5.398412601009383,False,,False,False,False,False,False
PanTS_00008326,0,0,absent,absent,0,,False,,False,False,False,False,False
PanTS_00008330,8,22,proper,proper,1,5.213236550255512,False,2.5898430347442627,False,False,False,True,False
PanTS_00008339,6,0,proper,absent,1,2.41500004529953,False,,False,False,False,False,False
PanTS_00008354,112,61,proper,proper,1,10.008640834135615,True,3.574498898083357,True,True,True,True,False
PanTS_00008356,43,7,proper,proper,0,8.510875391857748,True,2.3071169386673773,False,False,True,True,False
PanTS_00008366,38,27,proper,proper,0,6.89810150026041,False,4.065652049849793,True,False,True,True,False
PanTS_00008384,4,2,proper,proper,1,2.705361466505706,False,1.5,False,False,False,True,False
PanTS_00008385,24,5,proper,proper,1,6.668999969959259,False,3.2751537328769773,True,False,True,True,False
PanTS_00008392,9,10,proper,proper,1,4.5,False,2.183452377915605,False,False,False,True,False
PanTS_00008407,23,0,proper,absent,1,5.058802922472139,False,,False,False,False,False,False
PanTS_00008408,31,25,proper,proper,1,7.110818554964102,False,3.210682714982051,True,False,True,True,False
PanTS_00008428,46,77,proper,proper,1,5.043569157227287,False,6.414376888920864,True,False,True,True,False
PanTS_00008434,80,9,proper,proper,1,16.47136419991784,True,3.656358219328002,True,True,True,True,False
PanTS_00008445,6,7,proper,proper,1,4.348058287837556,False,3.754227481721816,True,False,True,True,False
PanTS_00008451,0,0,absent,degenerate,1,,False,,False,False,False,False,False
PanTS_00008472,38,11,proper,proper,0,7.324548369129011,False,1.7855733640099514,False,False,False,True,False
PanTS_00008473,40,6,proper,proper,1,5.8598181545165255,False,2.220781157039512,False,False,False,True,False
PanTS_00008475,16,0,proper,absent,1,8.4375,True,,False,False,True,False,False
PanTS_00008476,18,53,proper,proper,1,5.139400742366674,False,5.154296040534973,True,False,True,True,False
PanTS_00008480,29,3,proper,proper,1,9.371862220383392,True,2.1114570648007462,False,False,True,True,False
PanTS_00008512,47,36,proper,proper,1,12.29874278917309,True,7.798022549845285,True,True,True,True,False
PanTS_00008522,0,0,absent,absent,0,,False,,False,False,False,False,False
PanTS_00008538,27,0,proper,degenerate,0,7.364445574449259,False,,False,False,False,False,False
PanTS_00008540,132,14,proper,proper,1,8.59506825809734,True,3.0788958074056523,False,False,True,True,False
PanTS_00008546,60,149,proper,proper,1,15.677700882025771,True,7.641544067959652,True,True,True,True,False
PanTS_00008569,31,3,proper,proper,0,6.04363339582707,False,1.5717078399554576,False,False,False,True,False
PanTS_00008574,0,7,absent,proper,1,,False,1.875,False,False,False,False,False
PanTS_00008577,37,2,proper,proper,1,4.738213818710407,False,2.09765625,False,False,False,True,False
PanTS_00008581,73,28,proper,proper,1,6.337466800974469,False,3.2528496406245027,True,False,True,True,False
PanTS_00008601,4,13,proper,proper,1,4.073625670300213,False,4.18801762375257,True,False,True,True,False
PanTS_00008606,14,0,proper,absent,0,4.547709228019903,False,,False,False,False,False,False
PanTS_00008619,0,0,absent,absent,0,,False,,False,False,False,False,False
PanTS_00008628,32,4,proper,proper,1,5.4461707820502046,False,0.685546875,False,False,False,True,False
PanTS_00008633,46,9,proper,proper,1,6.475822381157496,False,1.878753009710708,False,False,False,True,False
PanTS_00008636,26,4,proper,proper,1,5.435336614368873,False,1.6248717612490555,False,False,False,True,False
PanTS_00008640,35,7,proper,proper,0,5.848469228349535,False,1.5,False,False,False,True,False
PanTS_00008646,20,2,proper,proper,1,5.208203932499369,False,1.5,False,False,False,True,False
PanTS_00008647,52,24,proper,proper,0,6.483314773547883,False,2.8242640687119263,False,False,False,True,False
PanTS_00008650,36,117,proper,proper,1,7.6102267603633935,False,7.473067662671836,True,False,True,True,False
PanTS_00008653,20,2,proper,proper,0,5.505605289166539,False,0.996874988079071,False,False,False,True,False
PanTS_00008658,0,0,absent,absent,1,,False,,False,False,False,False,False
PanTS_00008662,7,36,proper,proper,1,4.2207030057907104,False,4.28002571287858,True,False,True,True,False
PanTS_00008673,84,38,proper,proper,1,14.613462516041924,True,4.654254915390317,True,True,True,True,False
PanTS_00008691,34,0,proper,degenerate,1,5.158836935693085,False,,False,False,False,False,False
PanTS_00008699,38,0,proper,degenerate,1,9.198039027185567,True,,False,False,True,False,False
PanTS_00008701,30,53,proper,proper,1,8.15573275821901,True,4.197345164902053,True,True,True,True,False
PanTS_00008711,77,72,proper,proper,1,8.25735586189283,True,10.582132006135485,True,True,True,True,False
PanTS_00008721,39,28,proper,proper,1,8.2710113486633,True,2.848234869942151,False,False,True,True,False
PanTS_00008722,7,0,proper,absent,1,5.888672947883606,False,,False,False,False,False,False
PanTS_00008724,44,19,proper,proper,1,9.412658035347134,True,3.369442624704777,True,True,True,True,False
PanTS_00008726,13,39,proper,proper,1,5.256342339975259,False,4.719456363000512,True,False,True,True,False
PanTS_00008727,34,121,proper,proper,1,8.39307696519059,True,10.68020252561606,True,True,True,True,False
PanTS_00008737,19,34,proper,proper,0,5.201670042334426,False,3.358796668713314,True,False,True,True,False
PanTS_00008743,36,71,proper,proper,1,4.958558825563366,False,5.82997640029027,True,False,True,True,False
PanTS_00008763,111,39,proper,proper,1,11.503558137794004,True,2.4316409826278687,False,False,True,True,False
PanTS_00008769,54,4,proper,proper,1,6.551453727382889,False,1.153124988079071,False,False,False,True,False
PanTS_00008773,33,8,proper,proper,0,5.390471828564206,False,1.314181995911324,False,False,False,True,False
PanTS_00008778,28,2,proper,proper,0,5.944217757350547,False,1.7102199383378884,False,False,False,True,False
PanTS_00008785,14,0,proper,absent,0,5.756828492501955,False,,False,False,False,False,False
PanTS_00008789,35,5,proper,proper,1,4.492189884185791,False,2.335938739776611,False,False,False,True,False
PanTS_00008802,41,0,proper,absent,0,4.986103620020247,False,,False,False,False,False,False
PanTS_00008811,88,33,proper,proper,1,19.15328679881973,True,4.457993834142191,True,True,True,True,False
PanTS_00008812,49,2,proper,proper,0,4.5,False,1.5,False,False,False,True,False
PanTS_00008818,29,0,proper,degenerate,1,10.88228910094012,True,,False,False,True,False,False
PanTS_00008837,0,0,absent,absent,1,,False,,False,False,False,False,False
PanTS_00008838,45,2,proper,proper,0,5.848469228349535,False,1.5,False,False,False,True,False
PanTS_00008839,44,4,proper,proper,1,5.822290617293498,False,0.703125,False,False,False,True,False
PanTS_00008854,75,45,proper,proper,1,7.533151038055224,False,3.034375011920929,False,False,False,True,False
PanTS_00008859,3,0,proper,degenerate,0,4.571391441822052,False,,False,False,False,False,False
PanTS_00008860,28,18,proper,proper,0,4.398383661660784,False,2.5662963509813657,False,False,False,True,False
PanTS_00008861,46,0,proper,degenerate,0,5.310284460019852,False,,False,False,False,False,False
PanTS_00008868,12,0,proper,absent,0,2.4542500424385074,False,,False,False,False,False,False
PanTS_00008885,5,3,proper,proper,1,2.4167274191616137,False,2.359201360404034,False,False,False,True,False
PanTS_00008892,35,3,proper,proper,1,4.662566793702774,False,1.5641627028037144,False,False,False,True,False
PanTS_00008913,46,63,proper,proper,1,7.748772554124155,False,2.8550192828552823,False,False,False,True,False
PanTS_00008922,19,0,proper,degenerate,1,6.051524049421559,False,,False,False,False,False,False
PanTS_00008926,0,0,absent,absent,0,,False,,False,False,False,False,False
PanTS_00008931,21,41,proper,proper,1,6.056638121604919,False,4.029268710604774,True,False,True,True,False
PanTS_00008942,21,97,proper,proper,1,4.882810115814209,False,4.979931734684699,True,False,True,True,False
PanTS_00008954,44,37,proper,proper,1,8.271022971997171,True,6.697268843650818,True,True,True,True,False
PanTS_00008973,25,6,proper,proper,0,5.694805557345494,False,1.5,False,False,False,True,False
PanTS_00008974,203,146,proper,proper,1,18.45681633436714,True,8.692685236483067,True,True,True,True,False
PanTS_00008989,57,40,proper,proper,1,5.493547379925139,False,5.191903190981911,True,False,True,True,False
PanTS_00008994,68,40,proper,proper,1,12.36446131815767,True,2.2378992994241016,False,False,True,True,False
PanTS_00008995,38,61,proper,proper,0,6.328125,False,2.44134559335908,False,False,False,True,False
PanTS_00008999,36,25,proper,proper,1,8.679407563445434,True,4.620611946809866,True,True,True,True,False
PanTS_00009001,27,2,proper,proper,1,5.63729390111598,False,1.221586400621994,False,False,False,True,False
PanTS_00009002,51,71,proper,proper,0,7.910154104232788,False,6.152342081069946,True,False,True,True,False
PanTS_00009005,46,53,proper,proper,1,6.08855973197658,False,4.426427526686842,True,False,True,True,False
PanTS_00009008,34,3,proper,proper,1,5.848469228349535,False,1.5,False,False,False,True,False
PanTS_00009009,17,45,proper,proper,1,5.796992498449708,False,8.098412814399587,True,False,True,True,False
PanTS_00009020,20,14,proper,proper,1,7.081006041137387,False,2.706582254983868,False,False,False,True,False
PanTS_00009023,47,16,proper,proper,0,5.029077113982661,False,2.34375,False,False,False,True,False
PanTS_00009025,0,0,absent,absent,0,,False,,False,False,False,False,False
PanTS_00009037,12,23,proper,proper,1,6.308783363619619,False,2.771484375,False,False,False,True,False
PanTS_00009041,197,97,proper,proper,1,12.318353295326231,True,5.054744895385945,True,True,True,True,False
PanTS_00009056,16,37,proper,proper,1,6.460048200539399,False,4.463539018405592,True,False,True,True,False
PanTS_00009059,33,0,proper,absent,0,6.412498693034087,False,,False,False,False,False,False
PanTS_00009061,12,52,proper,proper,1,4.97373298376805,False,4.311826168017545,True,False,True,True,False
PanTS_00009065,27,36,proper,proper,0,7.7608549980060415,False,2.7830889313646523,False,False,False,True,False
PanTS_00009067,28,77,proper,proper,1,5.0707814611263,False,4.183593988418579,True,False,True,True,False
PanTS_00009075,19,4,proper,proper,1,6.170738861731711,False,3.783694077712559,True,False,True,True,False
PanTS_00009079,23,19,proper,proper,1,5.281926152832507,False,1.7127600148499031,False,False,False,True,False
PanTS_00009084,44,26,proper,proper,1,5.032086363510755,False,1.781510626061886,False,False,False,True,False
PanTS_00009087,59,21,proper,proper,1,9.787731002697305,True,2.302734375,False,False,True,True,False
PanTS_00009095,33,18,proper,proper,0,6.154889567489137,False,2.466796875,False,False,False,True,False
PanTS_00009097,71,12,proper,proper,1,11.626592978270155,True,2.965107526949549,False,False,True,True,False
PanTS_00009121,10,85,proper,proper,1,7.440231173837807,False,6.328125,True,False,True,True,False
PanTS_00009127,33,11,proper,proper,1,4.680273840983417,False,2.689453125,False,False,False,True,False
PanTS_00009130,38,8,proper,proper,0,7.294679499024866,False,2.7600768236031814,False,False,False,True,False
PanTS_00009135,13,106,proper,proper,1,7.406142326376979,False,6.503904104232788,True,False,True,True,False
PanTS_00009138,23,0,proper,absent,0,4.103915797260379,False,,False,False,False,False,False
PanTS_00009139,17,5,proper,proper,0,4.896851969492479,False,0.6757810115814209,False,False,False,True,False
PanTS_00009143,8,5,proper,proper,1,7.758074248984512,False,1.7855724921479572,False,False,False,True,False
PanTS_00009147,1,0,proper,absent,0,3.101539358930433,False,,False,False,False,False,False
PanTS_00009151,23,10,proper,proper,1,4.208984017372131,False,7.288874321543535,True,False,True,True,False
PanTS_00009152,62,90,proper,proper,1,7.618947290729287,False,4.580501276529732,True,False,True,True,False
PanTS_00009157,34,3,proper,proper,1,5.676126508139489,False,4.300781011581421,True,False,True,True,False
PanTS_00009158,28,32,proper,proper,1,5.071912134251625,False,4.694745328981217,True,False,True,True,False
PanTS_00009159,80,3,proper,proper,0,7.913507374456094,False,1.6070160276089562,False,False,False,True,False
PanTS_00009161,22,5,proper,proper,1,5.208203932499369,False,1.5,False,False,False,True,False
PanTS_00009163,31,2,proper,proper,0,5.208203932499369,False,1.5,False,False,False,True,False
PanTS_00009168,35,25,proper,proper,1,4.1953125,False,2.793984401288724,False,False,False,True,False
PanTS_00009174,29,83,proper,proper,1,4.492189884185791,False,7.285321642531484,True,False,True,True,False
PanTS_00009180,4,2,proper,proper,1,2.942476446121829,False,1.1641938333344883,False,False,False,True,False
PanTS_00009181,12,5,proper,proper,1,5.846893291671726,False,1.4570278650321202,False,False,False,True,False
PanTS_00009182,68,69,proper,proper,1,5.209807673944283,False,4.013670086860657,True,False,True,True,False
PanTS_00009188,32,7,proper,proper,1,4.543179113021525,False,2.3085930347442627,False,False,False,True,False
PanTS_00009191,42,12,proper,proper,1,5.878907918930054,False,2.5195319652557373,False,False,False,True,False
PanTS_00009199,15,4,proper,proper,1,6.835778725636235,False,5.639367476681767,True,False,True,True,False
PanTS_00009222,39,102,proper,proper,1,7.104107014929276,False,4.385591561468607,True,False,True,True,False
PanTS_00009227,371,16,proper,proper,1,7.11328334310857,False,4.170475841330769,True,False,True,True,False
PanTS_00009237,32,33,proper,proper,1,5.1040600425520095,False,2.990343879805724,False,False,False,True,False
PanTS_00009254,41,51,proper,proper,0,6.8853965689603225,False,4.8828125,True,False,True,True,False
PanTS_00009258,42,135,proper,proper,1,9.237684497180457,True,5.456201724338833,True,True,True,True,False
PanTS_00009259,30,6,proper,proper,1,6.199271571302627,False,1.5284507995925185,False,False,False,True,False
PanTS_00009262,65,0,proper,absent,0,7.076374719771712,False,,False,False,False,False,False
PanTS_00009265,38,74,proper,proper,1,12.291476273302194,True,4.025390982627869,True,True,True,True,False
PanTS_00009281,17,21,proper,proper,1,3.600028540589757,False,3.27734375,True,False,True,True,False
PanTS_00009286,54,72,proper,proper,1,5.63288029806144,False,5.685952593831523,True,False,True,True,False
PanTS_00009287,38,0,proper,absent,1,5.283455790230406,False,,False,False,False,False,False
PanTS_00009290,29,19,proper,proper,1,5.964959262219602,False,2.630859375,False,False,False,True,False
PanTS_00009292,52,34,proper,proper,1,4.611562230754362,False,2.658354090546553,False,False,False,True,False
PanTS_00009301,4,3,proper,proper,1,4.100849307385228,False,2.4943335815663867,False,False,False,True,False
PanTS_00009304,79,42,proper,proper,1,5.742184162139893,False,4.101560115814209,True,False,True,True,False
PanTS_00009306,41,7,proper,proper,0,7.823896761426354,False,2.40234375,False,False,False,True,False
PanTS_00009308,13,16,proper,proper,1,6.502420830642048,False,2.86179955665981,False,False,False,True,False
PanTS_00009313,33,14,proper,proper,1,5.290120085744516,False,2.5532184216197886,False,False,False,True,False
PanTS_00009317,36,22,proper,proper,1,4.078034997505281,False,3.27734375,True,False,True,True,False
PanTS_00009319,40,46,proper,proper,1,7.226778660270423,False,4.452524245432203,True,False,True,True,False
PanTS_00009321,70,63,proper,proper,1,6.076410297056487,False,2.802817321543635,False,False,False,True,False
PanTS_00009322,111,9,proper,proper,0,5.758971565316073,False,2.5,False,False,False,True,False
PanTS_00009325,21,4,proper,proper,1,4.973166849173277,False,2.3278120737406858,False,False,False,True,False
PanTS_00009329,19,69,proper,proper,1,4.645577265690579,False,2.793986056932165,False,False,False,True,False
PanTS_00009331,34,32,proper,proper,0,7.470703125,False,4.150390625,True,False,True,True,False
PanTS_00009338,15,21,proper,proper,1,8.40234375,True,2.80078125,False,False,True,True,False
PanTS_00009341,14,15,proper,proper,1,7.734375,False,2.578125,False,False,False,True,False
PanTS_00009342,66,48,proper,proper,1,12.468491215565512,True,4.145973673313887,True,True,True,True,False
PanTS_00009347,39,55,proper,proper,1,13.427696645618555,True,2.232422947883606,False,False,True,True,False
PanTS_00009366,118,34,proper,proper,1,17.350631897226148,True,4.852423867912483,True,True,True,True,False
PanTS_00009367,40,4,proper,proper,1,10.86931687685298,True,4.049999999999999,True,True,True,True,False
PanTS_00009371,93,65,proper,proper,1,12.615192566013707,True,5.783203959465027,True,True,True,True,False
PanTS_00009373,34,5,proper,proper,1,11.972607213263965,True,5.540303596856821,True,True,True,True,False
PanTS_00009375,43,26,proper,proper,1,4.44882051957644,False,4.105468988418579,True,False,True,True,False
PanTS_00009378,0,0,degenerate,absent,0,,False,,False,False,False,False,False
PanTS_00009380,31,2,proper,proper,0,6.226182478627861,False,1.2564884309828066,False,False,False,True,False
PanTS_00009382,8,8,proper,proper,1,5.128363844988588,False,3.0084796995555574,False,False,False,True,False
PanTS_00009383,204,18,proper,proper,1,5.6024229980877545,False,3.345062063029402,True,False,True,True,False
PanTS_00009385,28,75,proper,proper,1,11.196754819910987,True,8.554815626744615,True,True,True,True,False
PanTS_00009386,58,35,proper,proper,1,11.952640376694417,True,4.48090242724356,True,True,True,True,False
PanTS_00009403,15,6,proper,proper,0,2.400000035762787,False,2.7836514609370715,False,False,False,True,False
PanTS_00009407,50,58,proper,proper,1,9.39471906479024,True,5.666705689540725,True,True,True,True,False
PanTS_00009408,32,2,proper,proper,1,7.385131138359778,False,1.190382279000884,False,False,False,True,False
PanTS_00009410,18,12,proper,proper,0,5.9905028253650325,False,2.490234375,False,False,False,True,False
PanTS_00009421,145,102,proper,proper,1,12.80147028162016,True,4.763457073691621,True,True,True,True,False
PanTS_00009423,35,9,proper,proper,1,5.36202062944027,False,4.791928865321163,True,False,True,True,False
PanTS_00009435,39,72,proper,proper,1,4.95197894279806,False,4.7356518279347535,True,False,True,True,False
PanTS_00009442,26,5,proper,proper,0,5.349422991082669,False,2.214709031697632,False,False,False,True,False
PanTS_00009445,98,87,proper,proper,1,10.648879253208694,True,4.921875,True,True,True,True,False
PanTS_00009448,31,0,proper,degenerate,0,5.208203932499369,False,,False,False,False,False,False
PanTS_00009449,43,82,proper,proper,1,5.772741234729554,False,4.023437976837158,True,False,True,True,False
PanTS_00009457,31,18,proper,proper,1,8.683720837950172,True,2.4770495794848264,False,False,True,True,False
PanTS_00009459,10,56,proper,proper,1,4.414750354238694,False,4.150390982627869,True,False,True,True,False
PanTS_00009460,7,14,proper,proper,1,3.394543802463026,False,5.2077845980345385,True,False,True,True,False
PanTS_00009464,16,9,proper,proper,1,6.4558976112639455,False,2.353515625,False,False,False,True,False
PanTS_00009470,33,11,proper,proper,1,7.160671875954621,False,2.353515625,False,False,False,True,False
PanTS_00009472,0,4,absent,proper,0,,False,1.428458691207961,False,False,False,False,False
PanTS_00009473,45,9,proper,proper,1,6.954041933437806,False,1.0730854379729973,False,False,False,True,False
PanTS_00009478,61,98,proper,proper,1,18.749422380260388,True,4.0820300579071045,True,True,True,True,False
PanTS_00009483,11,13,proper,proper,1,4.812384389223384,False,2.4316409826278687,False,False,False,True,False
PanTS_00009495,18,53,proper,proper,1,5.326593033346287,False,2.705079913139344,False,False,False,True,False
PanTS_00009496,12,21,proper,proper,0,2.605950211536164,False,1.5,False,False,False,True,False
PanTS_00009504,24,86,proper,proper,1,5.566708138482907,False,5.155553500332615,True,False,True,True,False
PanTS_00009506,5,0,proper,absent,1,2.3671860694885254,False,,False,False,False,False,False
PanTS_00009510,61,72,proper,proper,1,10.985638519334818,True,6.428006700984388,True,True,True,True,False
PanTS_00009517,45,98,proper,proper,1,4.622281556344377,False,5.924297257318031,True,False,True,True,False
PanTS_00009518,41,34,proper,proper,1,5.153238271266471,False,3.792788941028312,True,False,True,True,False
PanTS_00009520,0,0,absent,absent,1,,False,,False,False,False,False,False
PanTS_00009523,27,2,proper,proper,1,5.208203932499369,False,1.5,False,False,False,True,False
PanTS_00009528,125,0,proper,degenerate,1,10.653698509376706,True,,False,False,True,False,False
PanTS_00009534,34,46,proper,proper,1,7.281985708262106,False,4.398848159686652,True,False,True,True,False
PanTS_00009544,45,98,proper,proper,1,7.5714515863415475,False,3.828125,True,False,True,True,False
PanTS_00009545,40,2,proper,proper,1,4.959994099917085,False,1.6055138472554498,False,False,False,True,False
PanTS_00009551,41,100,proper,proper,1,5.003907918930054,False,4.285156011581421,True,False,True,True,False
PanTS_00009562,10,0,proper,absent,1,2.3122546923084126,False,,False,False,False,False,False
PanTS_00009563,3,1,proper,proper,0,3.3628072393669743,False,4.313491388632356,True,False,True,True,False
PanTS_00009567,22,3,proper,proper,1,5.208203932499369,False,1.5,False,False,False,True,False
PanTS_00009569,14,52,proper,proper,1,4.895122915212492,False,4.2011719942092896,True,False,True,True,False
PanTS_00009578,36,44,proper,proper,1,6.432849437842472,False,5.460814254750403,True,False,True,True,False
PanTS_00009584,11,2,proper,proper,1,5.286347939621446,False,1.7855733640099514,False,False,False,True,False
PanTS_00009604,37,42,proper,proper,0,7.520053997036782,False,3.071065372051885,False,False,False,True,False
PanTS_00009608,33,57,proper,proper,1,5.143345227398593,False,4.304687976837158,True,False,True,True,False
PanTS_00009612,33,74,proper,proper,1,9.257812023162842,True,8.374647873774283,True,True,True,True,False
PanTS_00009613,70,79,proper,proper,1,11.667145579838625,True,8.319288797149415,True,True,True,True,False
PanTS_00009620,7,0,proper,absent,1,3.638941718571391,False,,False,False,False,False,False
PanTS_00009635,63,30,proper,proper,1,5.1262056678197,False,3.27734375,True,False,True,True,False
PanTS_00009637,19,0,proper,absent,0,2.496875047683716,False,,False,False,False,False,False
PanTS_00009640,70,120,proper,proper,1,9.864151775399764,True,7.036935639715482,True,True,True,True,False
PanTS_00009641,32,68,proper,proper,1,9.584053459718367,True,7.256485124867495,True,True,True,True,False
PanTS_00009649,43,0,proper,absent,1,9.225377503500996,True,,False,False,True,False,False
PanTS_00009652,23,101,proper,proper,1,6.144401593514016,False,3.867189884185791,True,False,True,True,False
PanTS_00009659,37,11,proper,proper,1,4.210937976837158,False,2.3671860694885254,False,False,False,True,False
PanTS_00009666,13,1,proper,proper,1,5.489200527451872,False,0.7949219942092896,False,False,False,True,False
PanTS_00009687,121,3,proper,proper,1,7.537743059205448,False,2.415507913116949,False,False,False,True,False
PanTS_00009688,0,3,degenerate,proper,0,,False,0.6069999933242798,False,False,False,False,False
PanTS_00009697,0,0,absent,absent,0,,False,,False,False,False,False,False
PanTS_00009706,29,8,proper,proper,0,5.612660902859142,False,1.677734375,False,False,False,True,False
PanTS_00009722,28,7,proper,proper,0,3.311290908619394,False,1.9657057399108988,False,False,False,True,False
PanTS_00009726,6,3,proper,proper,1,1.3248947821988883,False,2.173827052116394,False,False,False,True,False
PanTS_00009731,116,137,proper,proper,1,16.39100046990946,True,9.146369249101909,True,True,True,True,False
PanTS_00009737,46,4,proper,proper,0,5.8515625,False,1.5284507995925185,False,False,False,True,False
PanTS_00009739,30,40,proper,proper,1,4.642473185722079,False,2.661776001978211,False,False,False,True,False
PanTS_00009750,195,10,proper,proper,0,8.942691661151635,True,2.598076796406539,False,False,True,True,False
PanTS_00009752,29,42,proper,proper,1,4.918010388815496,False,4.925162665086788,True,False,True,True,False
PanTS_00009760,86,31,proper,proper,1,17.185719647092956,True,2.302734017372132,False,False,True,True,False
PanTS_00009765,0,73,degenerate,proper,1,,False,3.2561609175428234,True,False,True,False,False
PanTS_00009766,37,29,proper,proper,1,7.921259542691785,False,4.74609375,True,False,True,True,False
PanTS_00009768,25,106,proper,proper,1,6.524949241026411,False,4.375,True,False,True,True,False
PanTS_00009769,48,28,proper,proper,1,5.988606418866876,False,2.2617180347442627,False,False,False,True,False
PanTS_00009776,68,17,proper,proper,0,5.125,False,2.5,False,False,False,True,False
PanTS_00009781,56,42,proper,proper,1,8.065153932136433,True,7.900707476904268,True,True,True,True,False
PanTS_00009784,7,21,proper,proper,1,3.61328125,False,3.27734375,True,False,True,True,False
PanTS_00009787,26,0,proper,absent,1,6.784802330424609,False,,False,False,False,False,False
PanTS_00009788,4,0,proper,absent,1,2.0711810030681628,False,,False,False,False,False,False
PanTS_00009790,46,21,proper,proper,1,7.470702052116394,False,2.490234017372132,False,False,False,True,False
PanTS_00009796,4,1,proper,proper,0,4.513000684235934,False,1.7855733640099514,False,False,False,True,False
PanTS_00009797,30,33,proper,proper,1,8.873348773189937,True,3.5472143081360974,True,True,True,True,False
PanTS_00009821,30,27,proper,proper,1,5.712833119769922,False,2.0253909826278687,False,False,False,True,False
PanTS_00009826,44,126,proper,proper,1,4.238281011581421,False,5.758997314296538,True,False,True,True,False
PanTS_00009829,8,0,proper,absent,0,3.692741003432734,False,,False,False,False,False,False
PanTS_00009832,24,127,proper,proper,1,11.324239114162296,True,9.212387556668023,True,True,True,True,False
PanTS_00009838,81,2,proper,proper,1,16.43902153939375,True,2.543068740326568,False,False,True,True,False
PanTS_00009850,0,0,absent,degenerate,0,,False,,False,False,False,False,False
PanTS_00009854,17,0,proper,absent,0,8.384768843650818,True,,False,False,True,False,False
PanTS_00009857,76,0,proper,absent,0,5.9857693764824855,False,,False,False,False,False,False
PanTS_00009862,49,113,proper,proper,1,7.337296834220583,False,6.2780381927737015,True,False,True,True,False
PanTS_00009867,16,6,proper,proper,0,7.514273098672463,False,4.265625,True,False,True,True,False
PanTS_00009868,39,6,proper,proper,1,5.60197774359171,False,2.349609017372132,False,False,False,True,False
PanTS_00009876,17,0,proper,absent,0,3.8934177816248368,False,,False,False,False,False,False
PanTS_00009881,108,132,proper,proper,0,6.6000961320584,False,2.9429678331110027,False,False,False,True,False
PanTS_00009882,17,2,proper,proper,1,4.592951963302663,False,0.87109375,False,False,False,True,False
PanTS_00009887,26,113,proper,proper,1,4.242187976837158,False,4.0350120397468725,True,False,True,True,False
PanTS_00009888,14,11,proper,proper,0,6.978518843650818,False,1.8719594264020007,False,False,False,True,False
PanTS_00009889,23,6,proper,proper,0,3.619422575363151,False,2.0670000314712524,False,False,False,True,False
PanTS_00009891,5,2,proper,proper,0,3.9928887022014745,False,2.572265625,False,False,False,True,False
PanTS_00009892,50,54,proper,proper,1,4.788284776903288,False,3.723030184864632,True,False,True,True,False
PanTS_00009894,19,3,proper,proper,1,10.19067746575929,True,3.647262245731676,True,True,True,True,False
PanTS_00009896,40,59,proper,proper,1,7.488234374646221,False,2.9838668363277634,False,False,False,True,False
PanTS_00009897,4,35,proper,proper,1,5.173950379917975,False,2.650759413609268,False,False,False,True,False
PanTS_00009901,34,0,proper,absent,1,5.8822612961769085,False,,False,False,False,False,False
